"Intercept","IMD","Asian","Other","retailers___other","takeaway_sandwich_shop","pub_bar_nightclub","supermarkets_hypermarkets","hotel_bed_and_breakfast_guest_house","other_catering_premises","log_pop_density","alpha","MSOA21CD"
1.47517844091498,0.011921172463645,0.00603430287248006,0.0280313441663589,0.00777615645048177,0.00798281250339974,0.0165353027671908,0.0312185256032349,0.0225750033232259,0.0112398527842227,0.156269000371116,0.0713814453196111,"E02000001"
1.23049374883942,0.0077441035010761,0.00295310102608011,0.0382182534724579,0.00504195666590602,0.00587758664093052,0.0153216013519563,0.017820934117841,0.0324819434177501,0.0118703043362739,0.130863323418438,0.0332606285987256,"E02000002"
1.25723944557097,0.00793210147452465,0.00320259432865315,0.0415710122427205,0.00524466851135824,0.00603323811284304,0.0154858379918821,0.0180478224613312,0.0322558880336494,0.0120771086728393,0.133136882644874,0.0348555530922834,"E02000003"
1.3550055872401,0.00867001245666391,0.00385018507557865,0.0489471744672708,0.00626652228214428,0.00709624305606511,0.0169082551258304,0.018671663322785,0.0347857870672313,0.0131885341516605,0.142042671207771,0.0611816721085895,"E02000004"
1.23655321202014,0.00791290532595693,0.00326228786779354,0.0423946253101413,0.00533780936275087,0.0061697189959703,0.0154448209189266,0.017829204659075,0.031247117817543,0.0118111026048558,0.130464532668716,0.0407843666353585,"E02000005"
1.27844937763441,0.00819234603811136,0.00350003135329637,0.0449807462407384,0.0057119078028121,0.00654671550708038,0.0159731658387815,0.0180992818567787,0.0324705648969851,0.0123357605673468,0.134462967492524,0.0495310897124363,"E02000007"
1.23069938433054,0.00788482973892768,0.00326377240296939,0.0428427651979079,0.00532631010489918,0.00618754899823447,0.0154719013890985,0.0178808312766421,0.030332746321289,0.011603208481048,0.129717791675879,0.0432247694109588,"E02000008"
1.17804520615566,0.00761118868546061,0.00298797766721445,0.0407333121482427,0.00494615164033935,0.00581839097704389,0.0150335552576636,0.0176360334392001,0.028599686897753,0.0107637315782132,0.12437856873396,0.0352150389913162,"E02000009"
1.28223375472601,0.0081690806020485,0.0035494152663031,0.0459485011318363,0.00576662136165742,0.0066599334854661,0.0160532058844562,0.0182153027722988,0.0316368720751543,0.0122401930204983,0.134691601069848,0.0563319147212465,"E02000010"
1.35278278009667,0.00861895247466572,0.00387872155156678,0.0495993582273462,0.00631782742656887,0.00722108348604122,0.0169023413739487,0.0187036380365474,0.034122887326172,0.0131505487588135,0.141634750561604,0.0688402396525369,"E02000011"
1.13451052458969,0.00747090507213245,0.00280189635230868,0.0404802095201956,0.00472188901915166,0.00566965758359339,0.0149765181048064,0.0172118877568908,0.0264675467539629,0.0098410913316358,0.119579679172587,0.0330312181145106,"E02000012"
1.20526237666909,0.00774145097270881,0.00314915759470558,0.0426002454438526,0.00520231727699411,0.00610595119627036,0.0154264477489364,0.0178462948220518,0.0285967049476683,0.011001812300687,0.126965257697228,0.0440308616669633,"E02000013"
1.31074519179603,0.00827395653131698,0.0036515198246887,0.0474117415294591,0.00591688687648845,0.00684840417844296,0.0164449777155901,0.0185691955737184,0.0315696650432875,0.0123999294049544,0.137614123767441,0.0630919680187215,"E02000014"
1.37859064411519,0.008693969874446,0.00397788664884198,0.0511988782095764,0.0064504347195903,0.00741985127202346,0.0171755920535075,0.0190221008544454,0.0339194335954634,0.0132998220311634,0.144240774572257,0.0773790430401219,"E02000015"
1.1502566534637,0.00751056995238045,0.00280718806222089,0.0413700597239288,0.00459621365382637,0.00575074262480779,0.0156460904626386,0.0170533683541838,0.0251825795815913,0.00950393723632066,0.121341452226227,0.0352723067812551,"E02000016"
1.13783747703991,0.00752536912240436,0.00278666747041255,0.0412027391477227,0.00465776185889834,0.00569767500892971,0.0152404817626722,0.0170792068386391,0.0256052586000184,0.0096184003052962,0.119871789330795,0.0338548857536637,"E02000017"
1.18562605121108,0.00767603526543254,0.00304182993551399,0.0423970270156494,0.00510685421711517,0.00603079122033675,0.0154679257664253,0.0177251312911721,0.0273092586872996,0.0105479663679102,0.124825730335338,0.0423186343889253,"E02000018"
1.35235968476528,0.0083793817696169,0.00375961709642372,0.0498599075056444,0.00609388729967387,0.00715041023393608,0.0169364337486463,0.0191710854850934,0.0306942832191681,0.0123261669954536,0.141900547379605,0.0742878802452047,"E02000019"
1.2714510373061,0.00804540928104591,0.00333835956560372,0.0466747410341945,0.00554982675056146,0.0066347758721859,0.0165368024788831,0.0185906872486613,0.0269742856954841,0.0109891232800153,0.133621456522346,0.0585502447458911,"E02000020"
1.48234184846059,0.00916075062585117,0.00430165424740189,0.0563955694291003,0.00688362012150849,0.00798682835009941,0.0182822822003968,0.0202132934954421,0.0343509164020052,0.0139635296712784,0.154958445967644,0.0952364515940412,"E02000021"
1.1877648839159,0.00774774054050484,0.00296962623757187,0.0430965753740087,0.00483280715400338,0.00599765595161956,0.0160767047834569,0.0173847869460193,0.0251493443289643,0.00982581110013757,0.125160756535314,0.0421256900362628,"E02000022"
1.26407693652919,0.00797084847207377,0.00334254735384894,0.0461244514837085,0.00556934735988023,0.00660637140800332,0.0162972703398774,0.0185116115059326,0.0276341512011133,0.0111006687337974,0.132862108824751,0.0585261337940148,"E02000023"
1.41318038038379,0.00905371339338077,0.00656050781737065,0.0317267212289224,0.00866816245916201,0.00900195038336608,0.0170388903118326,0.0165660268909904,0.0425697945192028,0.0132331350138876,0.149568808916816,0.0717500508878753,"E02000024"
1.3361429435354,0.0084006290337123,0.00763370210973711,0.0307119468341655,0.00846014156253032,0.00860146755296243,0.016001801470823,0.0177624858519008,0.0420859516316768,0.0125517288538894,0.140704843543852,0.0665887677330606,"E02000025"
1.32317449591012,0.00852792242627597,0.0100489646740433,0.0314335430773172,0.00874511015704822,0.0087703517553271,0.0154789552567383,0.0195764078053681,0.0452118360356427,0.0124595359925778,0.137818737694457,0.064768838894109,"E02000026"
1.45758766406317,0.00981327553334743,0.00656759898074949,0.0321988246681581,0.00875059921861867,0.00927716860110717,0.0173173666860898,0.0159832896684382,0.0408027409765476,0.013582189421013,0.154446386224789,0.0764998273883864,"E02000027"
1.36781045433421,0.00873229294005357,0.00804565548368959,0.0311312070349567,0.0085931798012505,0.0088928892545961,0.0162266428824109,0.0182746226489714,0.0412008887128717,0.0127817065288962,0.144037219996248,0.0710010182561001,"E02000028"
1.34143869953399,0.00860642885009709,0.00961799065762228,0.0314959237182757,0.00872424539674598,0.00889838537069636,0.0157346979328195,0.0197340918737838,0.043138209861397,0.0125977015536816,0.140143209174041,0.0686429227076609,"E02000029"
1.58043741547626,0.0117233025962254,0.00577376739512877,0.0344130873892972,0.00907628941555732,0.00997954959426951,0.0190033679517746,0.0141805099318864,0.0395734035524137,0.0154811067859386,0.167729435870909,0.0861686582196616,"E02000030"
1.40831879972853,0.00922525736169174,0.00878232650969933,0.0318886806067595,0.00875773707548132,0.00921813245727957,0.0163725738877663,0.01868761689358,0.0389450758263386,0.0130137017423648,0.148225995054766,0.0778832377402747,"E02000031"
1.3497823398885,0.0091858609176115,0.0135724518447764,0.033101962948937,0.00926187453932441,0.00938752461487037,0.0155836894715929,0.0216553202134097,0.0471612646387964,0.0129056237831104,0.138198197121217,0.0757734548311714,"E02000032"
1.37362208209868,0.00925463558840445,0.0128456876545205,0.0333117800748828,0.0091489058529139,0.00947876738011268,0.0158060019109653,0.0218304924277156,0.0415159299189916,0.013003376800019,0.141558177733253,0.0811034412577704,"E02000033"
1.43583328201194,0.00959836097906963,0.0103471135881104,0.0329215947819209,0.00895534577645889,0.00942939739252154,0.016359307072841,0.0195696070463629,0.035945500968272,0.0131806812314832,0.150516289809371,0.0851906439848626,"E02000034"
1.50479930005728,0.0103618254291328,0.00807244010808217,0.0326852115129183,0.00885151658018455,0.00938638909957976,0.0169953409034579,0.0164686175087887,0.0341629417804369,0.0135958831492643,0.159463745331932,0.0846942191102261,"E02000035"
1.67922189618378,0.0114898714744958,0.00517249902209606,0.0305670485223758,0.00907995248105517,0.00953698557068803,0.0195095844743425,0.0130361017071029,0.0376424086965479,0.0166305520004264,0.179943174770602,0.0862999142712188,"E02000036"
1.70930670496941,0.0115591772378506,0.0051615610266414,0.0285753843194791,0.00912063957100303,0.00921850240926113,0.0190378071626787,0.0132273196495869,0.0407032837581539,0.0168703592676344,0.183585317161522,0.0863760742189383,"E02000037"
1.4794762074852,0.00987745178466084,0.0130455435564703,0.0346343510187482,0.00931429713111111,0.00973118288148962,0.0163564984732727,0.0221071998018858,0.0352255391399378,0.0134438598825615,0.153794615719094,0.0913728178754306,"E02000038"
1.61415820945361,0.011239679955278,0.00523072157183583,0.0316335030084229,0.00900744485699509,0.00985438692199224,0.0194270318423078,0.0127679385498435,0.0343780249014396,0.0163751862070919,0.172414760931533,0.0857423777740545,"E02000039"
1.63202294526862,0.011623036558562,0.00601025566513521,0.0338881551086527,0.00907974231398245,0.0100773797241322,0.0191690691393653,0.013623189466559,0.0340817090511982,0.0162870942469378,0.173972110477121,0.087331466211785,"E02000040"
1.70703019897272,0.0112481768691679,0.0051188279281702,0.0280427555486064,0.00901490561231348,0.00936318515667268,0.0191901872818073,0.0128219643874284,0.0372046731115898,0.0163478198404312,0.183584099864527,0.0847249793426518,"E02000041"
1.57996247192808,0.0107987259807596,0.00923993340219695,0.0334801464639779,0.00906969327856515,0.00944342176120045,0.0172231121543758,0.0168081020281201,0.0310630521592069,0.0141333415962803,0.16765207315602,0.08988227272287,"E02000042"
1.59468749006247,0.0112419695204844,0.0075074217651529,0.0333637249386482,0.00904623188094776,0.00956670857806427,0.0178547510220464,0.0147675461290773,0.031708392434013,0.0147433153177669,0.169711781509792,0.0882259726190279,"E02000043"
1.62764605089756,0.0110689129801064,0.00507626352374734,0.0289066517237361,0.00894836107999854,0.00961571167258777,0.0192126928739726,0.0125434083746794,0.0341993924970862,0.0160155608027093,0.174402126081505,0.0839980158083764,"E02000044"
1.62294173940477,0.0103487315973436,0.0139161644181137,0.0358487099877578,0.00957025063458719,0.0097985027798488,0.0170309486833664,0.0227532768255471,0.0320149917233628,0.0140943917251439,0.170132238484028,0.0981257019893252,"E02000045"
1.61316653112016,0.01074535350519,0.00813425597379362,0.0317159521607165,0.00893304508022206,0.0092071701880368,0.0178419286336326,0.0141247438269393,0.0287108797301008,0.0153201695155173,0.172282487863562,0.0872065691918428,"E02000046"
1.66015315189462,0.0110237416365259,0.00512330330344892,0.0273928209354228,0.00893778955873856,0.00958533559631266,0.0190294948551773,0.0124314127389624,0.03417304471753,0.0158504706196914,0.178312042073176,0.083631490667384,"E02000047"
1.5808063982753,0.0105444748800854,0.00565642747778555,0.0294376641425354,0.00883003730355473,0.00957945770084721,0.0189102082213187,0.0124199873397995,0.0305413441834464,0.0162804937924897,0.169222558729005,0.0836419789931945,"E02000048"
1.60165796803476,0.0108717356529784,0.00510271003255878,0.0281328604631019,0.00891913396709052,0.00973645437305903,0.0191528093490839,0.0122717517581302,0.0324800682942996,0.0158692314874839,0.171546222096874,0.0831767541790914,"E02000049"
1.6379918135739,0.010407360552143,0.0104022110448904,0.0329438440161338,0.00899539359641958,0.00910184753242239,0.0174248469706045,0.0163171307396199,0.0282028976128992,0.0148042844836705,0.174457982482037,0.0901628160065408,"E02000050"
1.58337821727303,0.00999258107396363,0.00695200130839415,0.0265979378428459,0.00859866391608997,0.00886342916205527,0.0183746999982138,0.0123619497100659,0.0281036577194808,0.0157679770273969,0.170075554321798,0.0798645275668383,"E02000051"
1.65447959480703,0.00983449037423821,0.0106215824140641,0.0299084614304487,0.00876957619130536,0.00856436161457587,0.0181203300039999,0.015166470551711,0.0267545591358528,0.0151383191448272,0.177005227178735,0.0831659766098359,"E02000052"
1.55360357414271,0.0103962501213998,0.00519192077759061,0.0261474538540662,0.00878052737377929,0.00962651898226059,0.0192085831290466,0.0118581373307545,0.0302261154349508,0.0158952640042623,0.166424081246735,0.0800805978342871,"E02000054"
1.52264643436087,0.00998620600239183,0.0052877228523646,0.02405350388517,0.0085938491009177,0.00923938211553072,0.0192067464166525,0.0115778742683255,0.0286754120805362,0.0156834007125328,0.163327177998474,0.0769640940080038,"E02000055"
1.49330294096106,0.00863955744573429,0.00875146346357092,0.0218068531046935,0.00794478786694277,0.00748019330643472,0.0188536916019837,0.0116006612455464,0.0237386741220872,0.0149089741707801,0.160448134841442,0.0629492150757114,"E02000056"
1.48220074085538,0.00949441611238678,0.0054045144662268,0.0220396926534503,0.00834128203016362,0.00872913883125414,0.0191630420956126,0.0112611566388347,0.0264448677049916,0.0152437450533894,0.159179374563904,0.072962807584006,"E02000057"
1.45278377324899,0.00862292273330851,0.00688980055189131,0.0210447520695861,0.00781168524907887,0.00773059067878382,0.018612178314206,0.0109784181037879,0.0244942102219109,0.0148909831356215,0.156353870468608,0.0658120298610303,"E02000058"
1.47649341670707,0.0103916878799062,0.00511689211589994,0.0225028949231461,0.00864667552560268,0.00955125616188248,0.0179150205830116,0.0114631372175809,0.0284052929358326,0.0147057020597455,0.157795088075193,0.0805332576926807,"E02000059"
1.41948427863367,0.00870637319441102,0.00569637418483017,0.0202441934627589,0.00787830793244877,0.00795623147714219,0.0188461062578793,0.0107761022700416,0.0234305813498747,0.0146805453534213,0.152654257091171,0.0667950507851904,"E02000060"
1.31280304290945,0.00771559490695106,0.00639546548580102,0.0181832527457266,0.00718289259995857,0.00693693132594401,0.018477020738349,0.00993501772966495,0.017996994698744,0.0141263288020605,0.141088633089762,0.0545363057114303,"E02000061"
1.44576996803003,0.00944171814507172,0.00544221081683649,0.0200330325724947,0.00828693907858814,0.00861955476694313,0.0192512264682529,0.0112054971720852,0.0224641750390241,0.014500917269697,0.155095627838087,0.0729512116962627,"E02000062"
1.37789496152157,0.00862790727350789,0.00565780516296282,0.0189482417761806,0.00780299531110964,0.00786367331321511,0.0192240820179905,0.0106855075561617,0.0196986113377322,0.0141325616250172,0.147913083547757,0.0658809660400463,"E02000063"
1.3027669056128,0.00808100642541603,0.00610022363152896,0.0183022560762637,0.00742980451104584,0.00722459188542429,0.0189560147424489,0.0102032910848419,0.0170068614933233,0.0138564431284989,0.139586034759579,0.0595780924529064,"E02000064"
1.78425612864511,0.0112313138037791,0.00516238405704812,0.0724122170743628,0.00818462581693456,0.00969502613861186,0.0209671071751959,0.0238756200552056,0.0342386528400125,0.0161754191195446,0.185680631298259,0.129936454872322,"E02000065"
1.98201029616002,0.0127250466468037,0.00576355252100568,0.083924186618835,0.00913924645245483,0.0109641056137477,0.0223706059884049,0.025914366538276,0.0342416427112075,0.0178532949297357,0.205509708161807,0.149037161677799,"E02000066"
1.96002716741957,0.0126547883310071,0.00586035993805186,0.0833640195961781,0.00924063420917244,0.0107384130311132,0.0222855990393222,0.0255440436579019,0.0364973117779979,0.0185452182438233,0.202879476230219,0.15416076238582,"E02000067"
2.03987961433448,0.0134418587976355,0.00634519997878106,0.0898328706030083,0.0100432205947342,0.0112801697263236,0.0228534085027254,0.0263304614118983,0.0393153237703416,0.020503011429733,0.210022744807848,0.169513202503823,"E02000068"
2.2130508418777,0.0147488092669071,0.00699696832551014,0.100101390944008,0.0112023294399241,0.0126449204717016,0.0239390464104554,0.0281108042155356,0.0383753699903256,0.0222694817191002,0.227084087112559,0.185112836062616,"E02000069"
2.21191159627622,0.014591446044292,0.00669437378585216,0.0994537398592216,0.0106823754928139,0.0128084505932045,0.0238276026179796,0.0279026534415392,0.0351055191097122,0.0202939251424041,0.227698110834291,0.174920629664675,"E02000070"
2.34516637296644,0.0158036689537305,0.00770954578560758,0.109259511239838,0.0124438065363773,0.0139218677929045,0.0245605061722497,0.0291213196579702,0.0378587218526688,0.0235362367357934,0.239562234495059,0.19781443710139,"E02000071"
2.2999615122995,0.015674716361849,0.0080443506298326,0.108854677172446,0.0127210965599623,0.0131596323669574,0.0240203139324777,0.0285764551541286,0.0453948727491073,0.0255562384901929,0.233916381936151,0.20845461397995,"E02000072"
2.36823537768797,0.0157299589141579,0.00767922143473897,0.110463133372167,0.0119614675708294,0.0142591280871607,0.0243879662173136,0.0289581021486744,0.035003624253294,0.0213739271723522,0.242635212735743,0.189162702242064,"E02000073"
2.40098063035417,0.016312943992377,0.00846227893940768,0.113774648154244,0.013382044233345,0.0141451046084678,0.0245433909992076,0.0293901778611607,0.0410922624029644,0.0256049081514063,0.244253818802204,0.211275003043712,"E02000074"
2.46309335027526,0.0164567854491099,0.00851696514501405,0.116096732010215,0.0134215179753009,0.0150241117050996,0.0249575133664043,0.0298681129867736,0.0369218829640663,0.0238403452094351,0.251292115653313,0.203058974879994,"E02000075"
2.36874248559531,0.0156430784619946,0.00783878152249658,0.110979744174179,0.0119006751311882,0.0142594164212888,0.0240950100579501,0.0287991476486386,0.0341912789720514,0.0204406519766975,0.24280976156687,0.187529325960252,"E02000077"
2.48684257434616,0.0167953679454464,0.00903937988140924,0.11808874843932,0.0141549387175376,0.0149884592520124,0.0248654741702046,0.0299866021298187,0.0397940752416162,0.0258373290810109,0.252896575274789,0.214012977030863,"E02000078"
2.49390278922925,0.0164641180630016,0.00936680901957941,0.117792546896581,0.0141077517590329,0.0152038129527126,0.0241710554810922,0.029813271910466,0.0368668098559354,0.0233065161237052,0.25434467958255,0.20253060032644,"E02000079"
2.45735723364833,0.0159671284641404,0.00919553651081766,0.116639550467014,0.013080647181335,0.0145788592210509,0.0239973284102265,0.0296491622054492,0.0346802773794816,0.0208554280959456,0.251354924241223,0.195253562927068,"E02000080"
2.49645231649967,0.0165744805386833,0.0094211530617803,0.117804132128088,0.0144282780231736,0.0151900126099322,0.0241484447009564,0.0297634771210336,0.0386328084086536,0.0245627891586905,0.254295860298998,0.209171060927134,"E02000081"
2.39340541891367,0.0154617489769297,0.00885930838529868,0.112407272449455,0.0122321273493759,0.0138805197461769,0.0236768577683517,0.0291788947687553,0.0340186422898483,0.0198479281433306,0.245563657716593,0.191642688854672,"E02000082"
2.51067436626251,0.0167595226601968,0.00989825890714973,0.118971265880822,0.0148239868964315,0.0150933241814884,0.0241200814423049,0.029854159057885,0.0417575377383191,0.0261279513826243,0.255219666030472,0.218922307322926,"E02000083"
2.47829505446513,0.0160712121456891,0.00993199350193905,0.117078184039593,0.0140980793618091,0.01489096024057,0.0234015142227786,0.0297313260670268,0.0364142046512227,0.0221151072931159,0.252975205364464,0.195828129263903,"E02000084"
2.47633041785424,0.0157690141038206,0.0108739970694999,0.118147753376268,0.0140360676808918,0.0144006346160758,0.0229084189615233,0.0299943170029449,0.0364724473831652,0.0213905924541428,0.25270925309252,0.19232776464886,"E02000085"
2.47517983681766,0.015665647913374,0.0124210120945432,0.119577069245391,0.0140655963240287,0.0139861433119635,0.0225537006023218,0.0303932224185076,0.0377462103227033,0.0215130378379667,0.252063230629981,0.191045004940813,"E02000086"
2.53111273484522,0.0162681900492008,0.0119003811881139,0.119115159322431,0.0154303692902161,0.0152595543801837,0.0232008326478681,0.0305214135843976,0.0400772343930842,0.0240675223647037,0.257570184384635,0.201463408394224,"E02000087"
2.47935586506187,0.0157190950861404,0.0128709825608124,0.119472815399593,0.0148344758126943,0.0144565663503914,0.0223645500584354,0.030621763636122,0.0392657775374299,0.0223667941169316,0.251857568144225,0.188777409772022,"E02000088"
2.39923718838286,0.0154145388379647,0.0142638721877056,0.118070296804124,0.0138889948657484,0.013373076251144,0.0217467278294093,0.0305139604039886,0.0417522298473889,0.0217637138725714,0.243001147372322,0.181919748268896,"E02000089"
2.43643393423247,0.015709692058137,0.0168993714720267,0.12351984442619,0.014543417525766,0.0135687342997496,0.0215100928299818,0.0313088659743747,0.0455800024446652,0.0227371363739417,0.244828719877481,0.17860330280636,"E02000090"
2.4780611927582,0.0158858363111735,0.0184915896976281,0.127151063933577,0.015094709543921,0.0138373495784479,0.0214970406053913,0.0318312932779929,0.0475762163207297,0.0234582778211485,0.248029429295162,0.17780599659652,"E02000091"
2.52466194716651,0.0159240749592439,0.0180461388950508,0.126195636528331,0.015763028736718,0.0144233729907747,0.0219188923767526,0.032111261398662,0.0467915797001542,0.0241481887329068,0.253620683831528,0.183509082387402,"E02000092"
1.65075768940565,0.0109328955493037,0.00530463285006742,0.0263314179012736,0.00879546537627404,0.00951683212016455,0.0178722346504104,0.0122743672753322,0.0350087889258616,0.0153193640932704,0.17735822784506,0.0832931485903516,"E02000093"
1.5558275138225,0.0107634289118306,0.00520246057390567,0.0252993932932239,0.00876972676687498,0.00971988063464546,0.0178944190542609,0.0118886249033084,0.0321596378042638,0.0149713916621032,0.166482104184693,0.0824242974039482,"E02000094"
1.57935709054315,0.0108355976733114,0.00532623983513429,0.0253586791600544,0.00849954424414255,0.00944934030515501,0.0161123929551338,0.0119988184161203,0.0351710125824015,0.014506299419967,0.169416562921802,0.0844771581785152,"E02000095"
1.56419088477482,0.0104798416405366,0.00482893845637599,0.0246008339627469,0.00806610532821871,0.00898240658244365,0.0146079936778856,0.0117383467459688,0.0439623326621812,0.014114107188351,0.168373896597854,0.0827154924459288,"E02000096"
1.47668771377263,0.0107200194157664,0.00522936979006557,0.0237937634112629,0.00849139025737666,0.00963231460675497,0.0161120043721375,0.0115688805900316,0.0311124345000793,0.014081911113119,0.157618549941663,0.0844662363591326,"E02000097"
1.5269323899488,0.0108601184478626,0.00524824375998515,0.0247360216564429,0.00826369631620817,0.00939527016669509,0.0150723382924994,0.0117871497749571,0.0361769410177664,0.0138228158643002,0.163595451447218,0.0869347920978908,"E02000098"
1.56260697846848,0.0104933070293097,0.00475117499533454,0.024562718790696,0.00796334943863642,0.00898556716789404,0.0155059270587206,0.0114159378758051,0.0457462813352655,0.0135383709855694,0.16824097542976,0.0836829410003272,"E02000099"
1.51565576761142,0.00977334379481457,0.00405261423805079,0.0236393530970994,0.00756256583501924,0.00832776555749589,0.0149100726382818,0.0108942986316962,0.0541577987857064,0.0132683552299839,0.163525848008615,0.075533810604726,"E02000100"
1.49068353440005,0.0110788773245575,0.00540481381421498,0.0239625346599515,0.00845366839065791,0.00972903802614125,0.0160409609585966,0.0116636997363535,0.0314710844994597,0.0136821505469703,0.159091964362653,0.0898591316234306,"E02000101"
1.46450581864457,0.0107177795972367,0.005290282788904,0.0220206923860772,0.00853813547162241,0.00957939574844844,0.0169589067532744,0.0115495806610347,0.0263772272441032,0.0141318914341698,0.156356731578436,0.086055501094784,"E02000102"
1.48060440104514,0.010231033051141,0.00549419979509689,0.0206293015843308,0.0085712987396863,0.00915857486492314,0.0183027024778301,0.0116413125598128,0.0227816895444609,0.0146286720402761,0.158566245950703,0.0819267262481808,"E02000103"
1.52143274136467,0.0106475092809386,0.00494579155879777,0.0243288654358808,0.00806037317752723,0.00918495663734281,0.0153542353898185,0.0113525548281921,0.0406071925221323,0.013372716623748,0.163324331724597,0.0870437498536391,"E02000104"
1.49136210262109,0.00956168658470533,0.00387823951055959,0.0236019992154992,0.00750371615309711,0.008223275248032,0.0147953659483761,0.0105076451526731,0.0557752503198649,0.0128179239797743,0.160885109261099,0.0752195820937671,"E02000105"
1.50062505811147,0.0110342694706552,0.0056374609795767,0.0220803259928418,0.00867647388726048,0.00952772930231162,0.0161590047352633,0.0119364212582174,0.0236287704752501,0.0142953774408338,0.160406365425434,0.0934488273209717,"E02000106"
1.45707407772189,0.00964800923094205,0.00608633746190753,0.0198807569569846,0.00849623844634878,0.00855727860446038,0.0193722247785616,0.0115701127391812,0.0194981506330688,0.014866515186109,0.156036792904991,0.0793941734150361,"E02000107"
1.45154249763935,0.00913808337072606,0.00357025025935333,0.0228725509015094,0.0072050711562574,0.00779173996380027,0.0142045644595186,0.0102074375339278,0.0593137403180081,0.0124414246436342,0.156722524143221,0.0670187249102234,"E02000108"
1.51747282707823,0.0105251195133354,0.00612579804238227,0.0210100234420281,0.00884239999254348,0.00905685875954845,0.0180063830854307,0.0121478101757519,0.0204996910737307,0.015320605996052,0.162454216745492,0.0903130627391907,"E02000110"
1.51670175704772,0.00979877378427269,0.00406208969977662,0.0240925632187758,0.00785066760760676,0.008496630011553,0.0152347794626995,0.0105651084414737,0.0541199105815941,0.0130902036801114,0.163457418722035,0.0793692110012934,"E02000111"
1.57875683899911,0.0111694283155401,0.0053892254193069,0.0246780677041937,0.00870765094371896,0.00961662809096795,0.0158038875720047,0.0116898298774116,0.0360155252809713,0.0138977933204031,0.169298780976166,0.0944532181809798,"E02000112"
1.57969949887781,0.0117706501984647,0.00609999607177285,0.0237072656636405,0.00908483287844663,0.0100055141483775,0.0157522895114679,0.0124888283541687,0.0244165893017141,0.0144118702958759,0.168841466542984,0.102840271256184,"E02000113"
1.56011323802028,0.0108797664987958,0.00669840349151456,0.0217291461851032,0.0093224528886101,0.00915811706020049,0.0188057154040864,0.0126364338374136,0.0199557704661904,0.0162468154174131,0.166724018568497,0.0978657569173716,"E02000114"
1.43366475007002,0.00963482541301059,0.00670694216449022,0.0202365203800246,0.00870265343998329,0.0083614576174249,0.0202605767820853,0.0117414506155772,0.0181233787004984,0.0154138342430887,0.152910792487117,0.084237989105294,"E02000115"
1.60183284393288,0.0115692156640486,0.00682035306602071,0.0229218400422131,0.00961779461891954,0.0095039027490283,0.0173822450623782,0.0130854040171872,0.020566137098732,0.0162790625994147,0.171060646855769,0.106583328392619,"E02000116"
1.63552585681767,0.0120668301339708,0.0067233778160397,0.0239473294313125,0.00967957753593783,0.00998616747065443,0.0163102663344642,0.0132043860576799,0.0215878586073106,0.0155622620110261,0.174713703040469,0.110430525287461,"E02000117"
1.58826874111534,0.0110482480196504,0.00513364290811209,0.0250183887179191,0.00896549786436038,0.00951474984805014,0.0161832859769908,0.0115630566351677,0.0390391854271503,0.0141757569357101,0.17031603763273,0.0940353810774413,"E02000118"
1.72774504927752,0.0126535610559172,0.0070169865503426,0.0255140380141741,0.010313671258102,0.0108718220402349,0.0168266943481147,0.0136454780061075,0.0242824013220239,0.0158109118809595,0.184582938787541,0.117222428368491,"E02000119"
1.36365782975248,0.00968599590946163,0.0090135463837894,0.0210556449623977,0.00859391072525863,0.00818338491011453,0.0210446780275004,0.0117581262091828,0.0170577009702419,0.0156222098265725,0.143839877802359,0.0810865873588894,"E02000120"
1.50835681775984,0.0102044690343703,0.0041321827855399,0.024552464118087,0.00843064091425337,0.00878897668038826,0.0157397217053486,0.0108283305859527,0.0493926361236231,0.0136939557992612,0.161896076720474,0.0836751237981731,"E02000121"
1.58189826261417,0.0110763223022721,0.0074241274648024,0.0224378799116282,0.00986992067919845,0.00934063844426174,0.021041952009862,0.0130912079117429,0.0197162760878974,0.0172077142867816,0.168399790695261,0.103547293412877,"E02000122"
1.7202697453083,0.0128524703414285,0.00769994762824322,0.025312086940821,0.0106596786784553,0.0104143239915287,0.0171897272170543,0.01433695722004,0.0216321137165873,0.0170188105215262,0.183234189315595,0.124491861004596,"E02000123"
1.52116015184321,0.010858045131257,0.00865670219741706,0.0226374728997426,0.00985833040750717,0.00928264458796228,0.0218017775457344,0.0130609878631453,0.0191990686951625,0.0172593071472759,0.160894390826401,0.103058149309972,"E02000124"
1.68806923621758,0.0124043583156788,0.00808679885737152,0.0246271759850845,0.0107748370104163,0.0102079468764302,0.0198086328494652,0.014313084029446,0.0211383616878501,0.0184187214656135,0.179319107701186,0.122156769225692,"E02000125"
1.40434072118559,0.0104087444267657,0.011461896181889,0.0223661079211426,0.00909834897164358,0.00870685787029171,0.0213316799770907,0.0125182535325776,0.0176093144366128,0.0164224917157127,0.146794556926817,0.0870824048482669,"E02000126"
2.45568768579109,0.0156503263253575,0.0140276098906185,0.106088345953582,0.0147403127264849,0.0127013729425837,0.0228208712957337,0.0324972849194951,0.0702476384486529,0.0219950756758203,0.252262296856774,0.175130701961843,"E02000127"
2.3770148759689,0.0156676291055588,0.0189594520804186,0.121198455839878,0.0145477257875597,0.0128388971350921,0.0210634217583389,0.0313925056446952,0.0661013506865289,0.0234801463028223,0.237392131581993,0.164825838499929,"E02000128"
2.44345118380409,0.012197128941775,0.0103107385672238,0.0525924787032193,0.00949148906201743,0.00966783580705126,0.0221913346934065,0.0265585780328481,0.0499555572593963,0.0139875192910253,0.265136066906201,0.000235023164199662,"E02000130"
2.28681940081327,0.0116657506960875,0.00959014870606604,0.0459859522527675,0.00876564021846938,0.00884023341051075,0.0200598214746635,0.0237933169286794,0.0492416204753012,0.0125793231695071,0.248452754128058,0.000203776144762351,"E02000131"
2.38148685903963,0.0125980773006517,0.0103994217078045,0.0639477425846752,0.00983481531224377,0.01005157968207,0.0223434531812937,0.0282290351762941,0.0513410970059436,0.0155357790301024,0.256203622696672,0.000334983219136764,"E02000132"
2.40859811570293,0.0154535557359972,0.0222640513989856,0.122979733058556,0.0155166713327691,0.0124681435637874,0.020846103109585,0.0324124721226582,0.0980827999968551,0.025653197839441,0.238700875148291,0.143528538202542,"E02000133"
2.37569114305805,0.0142406876409785,0.0159355804824144,0.10218197893842,0.0133580656049918,0.011227088293029,0.0217154560480421,0.0321725344556107,0.0723898885813378,0.0218269160770142,0.244127125890044,0.110423634098797,"E02000134"
2.25533808098203,0.0116938396636276,0.00963356891829245,0.0556824854704197,0.00888740604255084,0.00916440624284388,0.0207463995904312,0.025201199513731,0.0496545821440851,0.0134622625972072,0.243623665212937,0.000222202026072385,"E02000135"
2.41540190095693,0.0155089933482928,0.0243758646446177,0.128911567832002,0.0152137338837158,0.0129435330087217,0.0204776358688813,0.0317001559475454,0.0826022290350937,0.0251846765378831,0.237293135427181,0.154752218434563,"E02000136"
2.40352328406057,0.0131972497095962,0.01212915349272,0.09374825268939,0.0111440361354359,0.0107095423449498,0.0225948025505459,0.030486024745657,0.0579246294245867,0.0187542385655641,0.252422617426465,0.0852540578183847,"E02000137"
2.28785133673137,0.012068824285077,0.0103342486690835,0.0789427874208508,0.00980069172614823,0.0101162402239441,0.0217530844928555,0.0279341265238459,0.0510858880912506,0.0163225701805873,0.243144882006654,0.00124656250146021,"E02000138"
2.36717818450669,0.0119311047165929,0.00995732203919765,0.0676846475678278,0.00931984956949636,0.00979495975401795,0.0213948779925954,0.0269031236955459,0.0498306924273026,0.0148571000064787,0.254702266312819,0.000288881449315724,"E02000139"
2.53542040580132,0.0161810558278858,0.0274232166365461,0.138782242224844,0.0158601428424223,0.0135310664727742,0.0208245479726887,0.0326982652410898,0.0799514173583805,0.0261296024658743,0.247466520495832,0.16279802714677,"E02000140"
2.23033528274041,0.0115939120669669,0.00967745476408642,0.0654661477886314,0.00892652081389776,0.00937711280708055,0.0207388878803164,0.0257045347048573,0.0495337119695779,0.0145162642481064,0.239401882461971,0.000242565841845901,"E02000141"
2.38728442707365,0.0143763470125632,0.0206556685818264,0.116895659169547,0.0142915298770658,0.0116248957830279,0.0212175031489278,0.0321431438249766,0.0779306841422418,0.0237515559841903,0.239597356259813,0.11956619375825,"E02000142"
2.3546052882392,0.0133870104245261,0.0143645570665372,0.10886881391893,0.0119706520626956,0.0109929068116612,0.0219102842436398,0.0304137034817472,0.0618202903164327,0.0200067323728946,0.24197086132781,0.10106490735896,"E02000144"
2.56889776976932,0.0158427639845957,0.0279421809826076,0.139947321034704,0.0161112852491232,0.0137635723764785,0.0208852986518631,0.0324444886510454,0.075145432394791,0.0263876393221662,0.251139933803158,0.169890799413725,"E02000145"
2.35982553840124,0.0138589009888233,0.0180020386478972,0.119782803805601,0.0129317185090705,0.0113733304062319,0.0210317534064704,0.0308171833783733,0.0673832844542429,0.0217624254469719,0.237770124365526,0.113598262166519,"E02000146"
2.34770996262645,0.0124157851706573,0.0116021871654768,0.100567777217456,0.0104839017376805,0.0105165586307466,0.021883906373609,0.0286740150375518,0.0532200053065665,0.01789514051431,0.245181547753145,0.0833257438170207,"E02000147"
2.49950278503957,0.0150126568890137,0.0263977545361194,0.132006990773486,0.0150414299820999,0.012233979267409,0.0206899831068104,0.0325376772563832,0.0845226153044791,0.0259116528349707,0.246396293759614,0.12818446924684,"E02000148"
2.51043159385232,0.0154573788539163,0.0280267233994427,0.135751161244888,0.0155165770260096,0.012961706241621,0.020230005828957,0.0319680407385101,0.0922196926014876,0.0261013406132595,0.245429799522092,0.149296201441767,"E02000149"
2.34526754409039,0.011388277824736,0.010471056555163,0.0929096552533867,0.00959334389983278,0.0102228790668906,0.0210271051086318,0.0271512638422799,0.0501687382950408,0.0168426089488445,0.247710932499261,0.00059071480837034,"E02000150"
2.57898965241014,0.0154803603664064,0.0284725513662631,0.1374880308226,0.0154444277790927,0.0125964120259974,0.0205487225190313,0.0329750726846029,0.0891454222663189,0.0268801333601104,0.253485495721103,0.131656051616772,"E02000151"
2.47917202659295,0.0143935098208955,0.0207417600001472,0.129428884295743,0.0134515189884717,0.0117615762401236,0.0208829397841307,0.0315098689617776,0.0688383897808476,0.0229413955586578,0.248461861620891,0.11900847954773,"E02000152"
2.30157582324229,0.01283501950076,0.0124714333198172,0.10960729259429,0.0108206564371842,0.0105851183880249,0.0214223661732892,0.0287665814102982,0.0539596907913423,0.0182909252658413,0.236888875289962,0.0916863329775773,"E02000153"
2.61042251816827,0.0154980199119936,0.0291271432376877,0.139764783975299,0.0153561967251752,0.0127671037751935,0.0203326787795606,0.0328212787406239,0.0884055989112232,0.0268527577474168,0.256631825926597,0.138067144577345,"E02000154"
2.60663517178478,0.0156052016664616,0.0297671626893973,0.141016027051162,0.0156383851763283,0.0130975137043014,0.020277268288079,0.0325489061864781,0.0923856385458305,0.0267644560334042,0.255162567494543,0.150297212001566,"E02000155"
2.31635897530088,0.0121251117187533,0.0110213470887328,0.101373991665737,0.0099545762460096,0.0103840196014784,0.021484467037449,0.0278541640872482,0.0511917160180453,0.0174158323162976,0.241770822437427,0.0730403372463169,"E02000156"
2.62376368599549,0.0150588437409578,0.0251328717461159,0.137295285955245,0.0142618054240096,0.0122933502295871,0.020548639664907,0.0326204108614885,0.07303486198439,0.0250407171652244,0.261890045415235,0.127834891378896,"E02000157"
2.68475044653568,0.0156996043599849,0.0303380934045195,0.143975897060962,0.0155198556566765,0.0130626873145824,0.0203586562185917,0.0332035077457594,0.0874667500495853,0.0272016817225144,0.264081093531043,0.146896724263468,"E02000158"
2.4911119608605,0.0141003749171747,0.0148430061446646,0.126836151160424,0.0117742341361086,0.0111218099221596,0.0209474269079794,0.0305435409899763,0.0563924222701072,0.0197350917521249,0.254007072979624,0.106261900279531,"E02000159"
2.36858529922743,0.0132592785840408,0.0121913359848429,0.113991441550029,0.0106093107828062,0.0106467906014709,0.0219724337958701,0.0293318593398291,0.0528714354462674,0.0181662528510113,0.243948910137775,0.0862638536021731,"E02000160"
2.7318111557346,0.0155497877701945,0.0276178332508556,0.142817657657661,0.0147603817668066,0.0126746554211007,0.0205639658697078,0.0335723926577168,0.0752438460451544,0.0261982873605148,0.272314461418304,0.133642152925392,"E02000161"
2.72601249495422,0.0152697404412736,0.0180604170513187,0.140659185108263,0.012872101282128,0.0118875318870797,0.0209653440504053,0.0326866062790933,0.0594563931838598,0.0216407383858806,0.277187051367364,0.121595801023212,"E02000162"
2.80817941311732,0.015747903354758,0.0282232528728161,0.146076509670807,0.0149064399092424,0.0129426269116487,0.0205082681977143,0.0341394302265981,0.0740105194057473,0.0265680201277717,0.280623608317507,0.144260152413528,"E02000163"
2.4754664207758,0.0147840653871057,0.0135080255097879,0.124051534297249,0.0112618871483443,0.011129690623493,0.0233424015878439,0.0312022883500255,0.0537161031679105,0.0188204691113257,0.253005154990332,0.100330484243226,"E02000165"
1.1722541969299,0.00774588973696978,0.00853928654985798,0.0173453846633903,0.0062274937343573,0.00629169834064313,0.0153777782266053,0.0119769977354881,0.0145361425064497,0.0138784900879168,0.124675101073152,0.0431954768042775,"E02000166"
1.10074862709588,0.00722622107576555,0.0078319370779754,0.0162585753544936,0.0061881877194407,0.00578444779843627,0.0156811857134275,0.00947402929444206,0.0132710859738502,0.0135785570134157,0.116922484897192,0.0374592339033871,"E02000167"
1.00569080956883,0.00782715007256676,0.00763735548061443,0.0162350991413939,0.00604674115940671,0.00620710622098477,0.013741977934699,0.0146081410062951,0.0132161402485027,0.0143506241848285,0.105208900293163,0.0325859766162212,"E02000168"
1.13412325351335,0.00743463857075026,0.00780442186939377,0.0170315807149232,0.00662424975572946,0.0061477938786536,0.0171062501386446,0.00948638577059401,0.0139331117926565,0.0135603554711448,0.120310199534659,0.0449147816090333,"E02000169"
1.28755616466566,0.00829779476834908,0.00653556739050186,0.0186438260739409,0.00757799651895555,0.00727152027014027,0.0192547032485655,0.0103846887545038,0.016300820780512,0.0139806879465766,0.137424751123065,0.0629576394122631,"E02000170"
0.980516634060553,0.00777007094362776,0.00846585902497224,0.0157773075574192,0.00588229428959675,0.00581200014251441,0.0141113740894475,0.0109895599443101,0.0123481326351063,0.0144113475177542,0.102207044811505,0.0288770374220203,"E02000171"
0.95845817276619,0.00796916421137302,0.0078984696184851,0.0156511645025076,0.00599461068919378,0.00599970194433807,0.0135002715677409,0.0134953762753207,0.0123699635847986,0.0146418959997677,0.0994820473172089,0.0276057999158486,"E02000172"
1.01655470574763,0.00773899144546479,0.00872840208796125,0.0164476396637138,0.00618605099243115,0.0059242245003952,0.0155286134453945,0.0097873801372488,0.012700745691835,0.0141780972653037,0.106132623743695,0.0355633128990355,"E02000173"
0.954989025065187,0.00786393313693898,0.00667388165536077,0.015978169320231,0.00621498842445562,0.00624565288816741,0.0133624880360231,0.0173253850888698,0.0128202398772007,0.0148032794267469,0.0991307078902261,0.0272996717435128,"E02000174"
1.18091513944424,0.00818591435660391,0.00854255672528542,0.0184034338859168,0.00717740596416663,0.00676569739532714,0.0184035429329805,0.0101664460349884,0.0146597709871137,0.0139373697863084,0.124576370514116,0.0552591398147562,"E02000175"
0.99684354144602,0.00790959874078233,0.00888952392872802,0.0163914682684401,0.00620606568243636,0.00601378620304207,0.0150921812806981,0.0101571970389133,0.0125971992544413,0.0147568046924038,0.103527609184665,0.0340818593883395,"E02000176"
0.958215397874783,0.0081353102083461,0.0083326543458748,0.0157282623690068,0.0061191587229445,0.0060192670258777,0.013774473168137,0.0125153012291659,0.0123327483955846,0.0150423793168082,0.0990641613518933,0.0280317001678605,"E02000177"
1.31279544026009,0.00892989044645268,0.0078957395867003,0.0198227568089086,0.00801760039735739,0.00761306197975967,0.0203662947618269,0.0109571074044349,0.0163267409642369,0.0147308520502401,0.139180512096905,0.0700658412214526,"E02000178"
0.993437842573073,0.00810297753755818,0.00901912274672348,0.0164269631587816,0.00630139364110329,0.00616248099698662,0.0148188600669958,0.0106740916859616,0.012673166353639,0.0152225627087257,0.102812811338965,0.0341318462966611,"E02000179"
0.942410963019602,0.00786754170354444,0.00594184368305319,0.0161293088422999,0.00631161625172919,0.0063582805412062,0.013431575554337,0.0190732889886601,0.0129682753976609,0.0145714065832417,0.0976333059917119,0.0274946261469702,"E02000180"
1.1950804551339,0.00877487436910631,0.0100204082675424,0.0191941490510933,0.00743459464500768,0.00708897655360558,0.0187433739259032,0.0106954344698162,0.0148238929216626,0.0145661957424147,0.125017624589424,0.058297520440465,"E02000181"
1.06790260158061,0.00856890821216586,0.00979886628877033,0.0177185462831557,0.00682564561151957,0.00666661976507085,0.0162250890613308,0.0108322717956362,0.0134681208582753,0.015730782849473,0.110530364725554,0.0435940798657054,"E02000182"
0.9765239529425,0.00841623224968866,0.00834751156926632,0.0160810944852398,0.00644202212769014,0.00625496257451628,0.0140614875473618,0.0135221118060084,0.0125515030094766,0.0156548398642911,0.100699095739329,0.029965243460265,"E02000183"
0.943276137839078,0.00813796767352024,0.00618496912851732,0.0159434282969399,0.00640288346440141,0.00637102017621177,0.0135854854793019,0.0182507358804885,0.0126032552292681,0.0147817439217058,0.0974768247009457,0.028126035044922,"E02000184"
1.26258247490064,0.00948902809563272,0.0111958733682983,0.0204831762445123,0.00800977516643737,0.00768973769353705,0.0197283759333108,0.0114259057027604,0.0156297338107542,0.0154267000234013,0.131525757218813,0.066360391231298,"E02000185"
1.00935721779441,0.008771881332458,0.00732291474779746,0.0166840840537528,0.00689977977063251,0.00664121641584674,0.0144551774287504,0.0176848015693774,0.0129823021336835,0.0159998075330455,0.104138410815331,0.0341690925578812,"E02000186"
0.975994636215059,0.00836304325789194,0.00555483664476929,0.0166772032701643,0.00654486417777801,0.00662245876776722,0.0140431530689766,0.0210589589590151,0.0132985845816507,0.0142206898964831,0.101117907592327,0.0319324064573406,"E02000187"
1.03542522747076,0.00899694357648265,0.00667005305716447,0.0171689088002223,0.00703150777391584,0.00681786596618237,0.0147799988057755,0.0205805484725648,0.0133784716837918,0.0157108824222119,0.107055092245203,0.0376330403124247,"E02000188"
1.1332566904087,0.00970454311211528,0.0065119008164508,0.0183128488202166,0.00739053126024297,0.007110798274688,0.0155246216799549,0.0235880391259167,0.0143695385888036,0.0154444582810791,0.117952049097328,0.0461681223304884,"E02000191"
1.21409795178173,0.0101152448865882,0.0055658508388197,0.0198254360277054,0.00699631363686868,0.00721254802512487,0.0153469624020847,0.028039853538453,0.0167422540978887,0.012196528279945,0.127749570026024,0.0511743874839105,"E02000192"
1.22381065677097,0.0103897601451339,0.00597249771067131,0.0194964443839377,0.00739996896051773,0.00725649454025232,0.0156452109260801,0.0271663930704389,0.0159393322872342,0.0132361384817857,0.128423654742507,0.0530855753448479,"E02000193"
2.2790557230644,0.0118060663558028,0.00950426648332869,0.0494306007409113,0.00851264747809153,0.00855738101756997,0.0195601222902027,0.0233633930313355,0.0510009060378457,0.0127961732753385,0.247330247801607,0.00019706156834356,"E02000194"
2.30543227659101,0.0120457206423305,0.0095815168137104,0.0505808453699894,0.00832195483425615,0.0082447882297748,0.0190181350525052,0.0229603717093413,0.0516654526047538,0.0131258856617381,0.250314917089298,0.000191085371879564,"E02000195"
2.28675608870603,0.0121586907269085,0.00971203854415494,0.056909079401968,0.00825137717178833,0.00823465917763307,0.0197875254548299,0.0236615120928052,0.0519357702463238,0.0141203202816235,0.247340038940639,0.000188710162700161,"E02000196"
2.27416029509965,0.0120802184374373,0.00979414054063568,0.0613251082329811,0.00818384103077892,0.00816271781422458,0.0200803907628147,0.0238819197703698,0.0516062513701972,0.0149654511850835,0.245330441828847,0.00019358725639865,"E02000197"
2.22594341434027,0.0120449794766804,0.00972225708031492,0.0596617112355936,0.00841080697218635,0.00853765263981826,0.0205847321172718,0.0242815782715541,0.0522430061249945,0.0140507845866283,0.239807657757208,0.000193420208280437,"E02000198"
2.20316840498794,0.0120094172776506,0.00980677100635397,0.0640488730376097,0.0085354885328538,0.00875957240768312,0.0211284937726494,0.0249295609271829,0.0521732457082094,0.0145707689879818,0.236423379521272,0.000199842356344894,"E02000199"
2.17084164768089,0.0117976957635312,0.009709938826736,0.0641118618550738,0.00863257113106414,0.008952071413295,0.020864320620541,0.0250180504353783,0.051215634027454,0.0144956360005235,0.232679456294663,0.000209697352368926,"E02000200"
2.1907003060966,0.0116569946082342,0.0098123326702676,0.0710468934047559,0.00882408316359274,0.00926725175741722,0.020941114679091,0.0255690612660234,0.0506739451463404,0.0152859604090055,0.233860805468716,0.000227667725250786,"E02000201"
2.18969654081465,0.0120320641046927,0.00987688656363051,0.0677815260930947,0.00827080815161529,0.00831638089865043,0.0208616812393759,0.0245737946451218,0.0518816458761619,0.0150021743208881,0.234447727139664,0.00020123560703067,"E02000202"
2.15457294757673,0.0119947527601249,0.00991254092010535,0.0705518672368927,0.00840588658896434,0.00855761585881533,0.0211103302004711,0.0247894405736473,0.0518179501635957,0.0151630979873483,0.22978899346363,0.000205177131875833,"E02000203"
2.16028375439935,0.0119100418371798,0.00997718118848476,0.0717787989095931,0.00818450500597428,0.00816925888880762,0.0208459461960593,0.0246177485574882,0.0512349827840441,0.015421923931193,0.230422325256718,0.000211930232270323,"E02000204"
2.0945333371443,0.0116679844887166,0.00998845559591415,0.0751319950372521,0.00846851809138656,0.00869560294043216,0.0209110725697717,0.0245632177836189,0.0508473753060829,0.0156137970933131,0.221976903915652,0.000221614817379583,"E02000206"
2.10707338479726,0.0110639509465929,0.00996727283878401,0.0774617306643838,0.00879768392332948,0.00922727050743444,0.0204716724408533,0.0249608775028549,0.0497524880502899,0.0158855034094908,0.223077440249328,0.000270655104982379,"E02000207"
2.09581134980167,0.0118358101015934,0.0100798641605333,0.076250577427434,0.0082630449755449,0.00829561954862985,0.0209930459728446,0.0244941209603944,0.0508471980549706,0.0156505042625817,0.221970965884149,0.000220526294754517,"E02000208"
2.10158750975826,0.0117636501831633,0.0101400970878097,0.0765293078109882,0.00811444024688109,0.00804915208943478,0.020795287720757,0.0245060872045837,0.0503820140422867,0.0155925891544079,0.222726428226802,0.00023034703497459,"E02000209"
2.08880787167603,0.011208463079808,0.0101249937159827,0.078728009939692,0.00865571127543087,0.00898577029513195,0.0207266313557558,0.0246684484039416,0.0500822484053527,0.0160324425865242,0.220654999372742,0.000255063078699382,"E02000210"
2.27105196844788,0.0111560573688221,0.010411578208904,0.0884269475584487,0.0093732901946705,0.00997387381386088,0.0207831730150281,0.0263592378277025,0.050182186294459,0.016672281905827,0.239996607191558,0.000388358995876548,"E02000211"
2.06009446865453,0.0115831664568241,0.0102829794707846,0.0798546363737161,0.00814565306728358,0.00810350229940956,0.0208981580818483,0.024358584203684,0.050035422418826,0.0157049740453705,0.217157449142789,0.000243468651877304,"E02000212"
2.07273490834501,0.0115040988692261,0.0102904833752214,0.0801457668687213,0.00835813208949271,0.00845800323139852,0.0210767559796676,0.0243993434798591,0.0503863983639765,0.0160056465095454,0.21848685971875,0.000240671456276887,"E02000213"
2.16735350952912,0.0111167313934151,0.01038013832155,0.0839902115610876,0.00901794061243047,0.00946101025737147,0.0208433672864944,0.0254527470399585,0.0500756850373858,0.0164581008740139,0.228745777668485,0.000311365377118783,"E02000214"
2.06970384282491,0.0111411718131134,0.0103007874038492,0.0807523288665157,0.008581562796745,0.00883348029366473,0.0207984371852849,0.0245121072501779,0.0498985508119882,0.016150949528134,0.218010757755488,0.000274654497067371,"E02000215"
2.06737277693018,0.0110337360591371,0.0104887717317788,0.083671446962236,0.00871347157588865,0.00898152564259703,0.020777231159612,0.0248123243273686,0.0494882822699178,0.0162768996192932,0.217058056407492,0.000392920051407211,"E02000216"
2.02909335681279,0.0111671005797899,0.0104234900767583,0.0814433742460815,0.00818637935776748,0.00819578205715523,0.0208403185251446,0.0241381451815504,0.0496144433151431,0.0157815275051068,0.213220677854207,0.000285804276838137,"E02000217"
2.29687737611402,0.0118131603888182,0.0108002767238367,0.0964427287574991,0.00976334620474029,0.0103589141658538,0.0212941990045466,0.0274413401835184,0.0510541608156389,0.0172211021290803,0.240806428473464,0.0662055232677393,"E02000218"
2.18137787849021,0.0115587161527971,0.0107317314668522,0.0914030300919378,0.00945786419817324,0.00996410037002653,0.0211074985104626,0.0266005044999983,0.0502645475373374,0.0169184581855682,0.228345737714818,0.00341700427376212,"E02000219"
2.02527964373858,0.0109146043417554,0.0107004732144615,0.0833412000675663,0.00824357903068923,0.00824855450260313,0.0208575640142026,0.0241248075350874,0.049298567904793,0.015842567468676,0.212377909754378,0.000476748406423163,"E02000221"
2.04102285980099,0.0110453495536315,0.0107416546139061,0.0859924340423623,0.00862092028624801,0.00878094446379335,0.0209664797678554,0.0248748261866473,0.049345913010441,0.0161904289479697,0.2133883502332,0.000887219610632945,"E02000222"
2.2877386357288,0.0127433754254882,0.0114833805379242,0.10300150038535,0.0101414370187206,0.0105512220753072,0.0219911124936109,0.0284158590346322,0.0517931814080589,0.0177272506911491,0.237420890781331,0.0744897464481525,"E02000223"
2.03538084263056,0.0110507049701679,0.0109760583195689,0.0868486520122064,0.00853889378145717,0.00857217311753668,0.0210984376200427,0.0247975785122238,0.0494184323737987,0.0160895865926294,0.21252542921304,0.0611895779687441,"E02000224"
2.30957887180806,0.0131213026369859,0.0117826939382375,0.106538576160705,0.0103184934434563,0.0106329029586451,0.0222527335679564,0.0288864086523829,0.0521300070499037,0.0179150562498297,0.23888235412392,0.078603127923776,"E02000225"
2.08919499130284,0.0116602081961799,0.011168512398441,0.0916894201889755,0.00920642305828125,0.00945434257319525,0.0214146409254728,0.0262350950908106,0.0499318704047758,0.0167598121224649,0.21719520901631,0.0649288408721295,"E02000226"
2.25166615694577,0.0127442841089954,0.0117255418075633,0.101656958085214,0.01005218415,0.0104562035815512,0.0221498539162316,0.0282133211151302,0.0514622561201402,0.0176373411121786,0.233385676296377,0.0732857050062167,"E02000227"
2.0694867868595,0.0115981999483966,0.0114721703624797,0.0923092653421357,0.00902539078434391,0.00909393000369869,0.0216480109031564,0.0260451191275895,0.0500514407348904,0.0165656912472746,0.214738447955622,0.0673972609729538,"E02000228"
2.3324903960186,0.0135421745331801,0.0121815094889886,0.110280477757516,0.0105151653415549,0.0107070798994629,0.0225319292317867,0.029414347065996,0.0524001420541918,0.0180875949024494,0.240361361230497,0.0837039783558203,"E02000229"
2.03318543402079,0.0111911129406262,0.0113206605875396,0.0862767323282982,0.00859775498413822,0.00854470698269961,0.0213513625143605,0.0248214789701614,0.0497972837419123,0.0161759611177919,0.212238846466938,0.065451895845823,"E02000230"
2.01274103003616,0.0112905881021299,0.011569601506145,0.0816503661739383,0.00854736293937347,0.0084681766421941,0.0212229741546442,0.0246194539364918,0.0500008806381038,0.0162966527549429,0.21074901255678,0.06910405408776,"E02000231"
2.1670389362981,0.0125440276274239,0.0121949838790254,0.100620885187804,0.00975234747427239,0.00990584335881503,0.022449740150279,0.0278402644286831,0.0510253168442163,0.0172566565647276,0.223535298301398,0.0757705366274561,"E02000232"
2.07154026132189,0.011725395766681,0.0120537477145114,0.0910714652018248,0.00907498796645812,0.00898320625771503,0.0221257456495601,0.0259878700527355,0.0507132774303461,0.0166384876842993,0.215080428436743,0.0742287765052333,"E02000233"
2.01207905510613,0.0115600921752606,0.0119945438528967,0.0846736935752968,0.00888336828117313,0.00875257880276299,0.0216382690291824,0.0252713295443364,0.0504769910169375,0.0165225022975934,0.209582742006158,0.0759440441864909,"E02000234"
2.08606259710788,0.0120301001361949,0.0122330356890343,0.0948936147258513,0.00933427830661914,0.00923726301929764,0.0222429792582582,0.0266979474993093,0.050765033902646,0.01678802669375,0.215601473932217,0.0776161040039283,"E02000235"
1.95945530195455,0.0116201189296737,0.0121479871579878,0.0791399699364741,0.00887214188349435,0.00873016844839073,0.0207359474862667,0.0249996097655123,0.0501538207623292,0.0166312639084239,0.204446187488367,0.0837596625218685,"E02000236"
2.04008664195663,0.0120925395801842,0.0127011366745579,0.0896334823741574,0.00939587380251126,0.0092087444299724,0.0223484395159891,0.0264642301225903,0.0512330317289605,0.016919618708284,0.211095481369817,0.0866908269765343,"E02000237"
1.2795417857632,0.00858308207805686,0.00324464016045033,0.0212080055228675,0.00654573323897293,0.0071383759324543,0.012828603102713,0.00986282234983703,0.046153952766916,0.0117388475873176,0.137682669476841,0.0531106151508541,"E02000238"
1.3896668904935,0.00886633924321491,0.00339111339848551,0.0224591475595717,0.00708832069043247,0.00757960533418336,0.0137009649160299,0.00999510812912558,0.0565326130188158,0.0121727507842694,0.14983038991628,0.0624996422975288,"E02000239"
1.0990910357914,0.0082047628617452,0.00314541645340261,0.0198263421830286,0.00623011853063366,0.00684148959091375,0.0120584672438814,0.00990119854695031,0.0305014280396749,0.0116265576721181,0.11716241006419,0.0462339883781114,"E02000240"
1.19776511673947,0.00848894789684064,0.00318260948848381,0.0203564289368825,0.00635880510175003,0.00696247069371781,0.0123289019063,0.00998322624102394,0.0337411799084173,0.0116649849231061,0.128491115818922,0.0473345453074114,"E02000241"
1.45526285108681,0.00949049145498254,0.00361232407213987,0.0237836300736987,0.00777195136997517,0.00816369948519903,0.0147768886316206,0.0103787911252963,0.0567380626970062,0.0130024412245453,0.156584909212345,0.071596554737669,"E02000242"
1.28104103164671,0.00871013593542012,0.00325318508384709,0.0213706291344592,0.00673302290634177,0.00729226221791035,0.0128407909122806,0.0101621457346493,0.0424731177783835,0.0119549958495324,0.137718640030286,0.0524875065464354,"E02000243"
1.39504450364929,0.00917930772590855,0.00341042451244878,0.0230426296190795,0.00738840291240056,0.00785697926454956,0.0139835759126329,0.0103271220651432,0.055029972363966,0.0126641987863929,0.150075418828829,0.0635827758611628,"E02000244"
1.0647757191199,0.00855436373629319,0.00330881125931947,0.0200458770321291,0.00648314461986119,0.00706329430214325,0.0123389756497688,0.0106605736985274,0.0283799376331287,0.0121619333070909,0.112656260080668,0.0477347481535374,"E02000245"
1.01360248247671,0.00866646046961504,0.00340260154546592,0.0201890640526163,0.00656685591020992,0.00715486000443691,0.0123933317330429,0.0111570707354645,0.027275555458545,0.0125263731081317,0.10634435789742,0.0485066675309772,"E02000246"
1.19908441305722,0.00886001581943361,0.00332896203522936,0.0206116955860995,0.00663753920441123,0.00721886476510043,0.0127003167578244,0.0106705091258781,0.0313886952124834,0.0122246447570165,0.128226668961978,0.0500656544184261,"E02000247"
1.60794687540106,0.0114576451377281,0.00479528566926466,0.0257349503655106,0.00962463035257218,0.00989035586251097,0.0166984955649141,0.0119714419784631,0.0389780038395838,0.0152457232415203,0.171935968127764,0.0997739918404748,"E02000248"
1.31944458255668,0.00929485352070027,0.00342024211974992,0.0216429051569592,0.00695640995714701,0.00761161957202131,0.0132440908096141,0.0110762793672204,0.036985299728884,0.0126581404088057,0.141764235664912,0.0542125284561176,"E02000249"
1.51148136076693,0.0105037343459297,0.00380956448633663,0.024786081028298,0.00835583374466004,0.00890567743130265,0.0153813252622694,0.0111950934056067,0.0551810909777882,0.0140624887665664,0.162157854301247,0.079701970101986,"E02000250"
1.26729053023126,0.00940267886126832,0.00349715685934609,0.0213195583629859,0.00696838774273392,0.00760915392061181,0.0133031331466051,0.0114304536818079,0.0331848707403325,0.0129031957715899,0.135606846839152,0.054649091447542,"E02000251"
1.83445183396558,0.0139203015380295,0.00834275156157846,0.0272429135571406,0.0116401296228126,0.0124584578675663,0.0180321671918374,0.0155477051828779,0.0242477609630899,0.0177771760587918,0.19491814300036,0.139270131735403,"E02000252"
1.39611379461454,0.00968303881969458,0.00350095022200883,0.0228661472335557,0.00732721225863005,0.00805883059189612,0.0138090469993456,0.0112153845786247,0.0450259820546756,0.013120623863238,0.150099271311032,0.0621413731938931,"E02000253"
1.21273239212122,0.00970787426298986,0.00366884067340915,0.0213202256552063,0.0071317483735467,0.00776194642169155,0.013632869143151,0.0122296014214631,0.0310912521176376,0.0135288645841915,0.128823862466854,0.0585265174414188,"E02000254"
1.45413880363307,0.0101127958369349,0.003619634582534,0.0238714625503317,0.00772209559529227,0.00850065830447043,0.0144220537452661,0.0113127674280724,0.0503821129713949,0.0136216005730453,0.156239534872106,0.0709185885408623,"E02000255"
1.56085110764217,0.0111836948937634,0.00392271377740412,0.0253041371348571,0.00840227916655281,0.00947828786577665,0.0154116936469564,0.012097582558956,0.0534005922641714,0.0146661700362356,0.16748597006327,0.084749909827427,"E02000256"
1.88321612691107,0.014218294584337,0.00749606715165467,0.0282685342441108,0.0120414799512954,0.0135468630990278,0.0187881861353696,0.0157765699822552,0.0274120020260622,0.0184398033171168,0.200111263297959,0.144441416072485,"E02000258"
1.44186260574798,0.0103289096554331,0.00368693778370253,0.0230930973471613,0.00748444437770751,0.00833263308219721,0.0140862935354228,0.0120611110478512,0.0412176199241123,0.0137020986378232,0.155014623343083,0.065895413925926,"E02000259"
1.24918105058898,0.0104121874178182,0.00392068922389655,0.0220322298666575,0.00753263349736168,0.00817176189107423,0.0143031969425555,0.01335005057584,0.0315540477942435,0.0144636488113528,0.13228622398185,0.069055746528076,"E02000260"
1.07047340599695,0.0085438277628332,0.00515936744160843,0.0156628647430182,0.00698904639536879,0.00810368936518568,0.0127093082359247,0.011316874246829,0.014272045761629,0.0125484750019094,0.112858280533889,4.51609688700478e-05,"E02000261"
1.06391105274767,0.0082343432821064,0.00420711766305159,0.0156801653844122,0.00663635179909563,0.00832772623297849,0.0119308481160894,0.0103872247272959,0.0172944178090141,0.0121640377442083,0.11271287236514,4.50176108049599e-05,"E02000262"
1.20530431859411,0.0104205541704863,0.00400394805002693,0.0221930820121187,0.00758281433569413,0.00814413498320719,0.0143957958981587,0.0139282040656807,0.0301113545848245,0.0147435207951366,0.126971814754079,0.0714550407879598,"E02000263"
1.86265567492469,0.0143651727406989,0.00573683289892794,0.0292461367677204,0.011627123077149,0.0139322645370988,0.0186967219184534,0.0159385743467842,0.0340351037091289,0.0185176530706541,0.197977858155777,0.142309426487792,"E02000264"
1.5807358810765,0.0119351615301939,0.00410149601768262,0.0254103340268903,0.0083381484724812,0.00979469541225846,0.0153040543434294,0.0133408423800117,0.0478661508105129,0.015125347188332,0.169476932330922,0.0868569237236877,"E02000265"
1.3826167419521,0.0114079089179699,0.0041104908360531,0.0232145138435267,0.0079033579614617,0.00875420525208795,0.0148534891799665,0.014031501111295,0.0345805737624643,0.015054299444194,0.147084359376194,0.0782334589352872,"E02000266"
1.53313747464781,0.0117865154756778,0.00409677613200194,0.0245380972841049,0.00810372344039823,0.00928191620714427,0.014966687500849,0.0136278039342122,0.041118235055123,0.0150268570419843,0.164319598450105,0.0831148500813612,"E02000267"
1.74592520346898,0.0137297816585254,0.00479004855705334,0.0284049921874706,0.0101094119384687,0.0124405895552741,0.0173707006290806,0.0150801538875338,0.0455532545994789,0.0173364070884764,0.186014279076496,0.122561450673147,"E02000268"
1.65982885864488,0.0129848122768518,0.00443752847738091,0.0270938648641118,0.00911465607601539,0.0110565662383215,0.0162595452069464,0.0142765354010531,0.0496530501533606,0.0162543200060592,0.177326879429109,0.104900778973611,"E02000269"
1.99870731424562,0.0161821214618761,0.007851646878409,0.0317467432798584,0.0134300517877296,0.0168064264138324,0.0203257708141328,0.0190858361842948,0.0304037324509858,0.0203056017917604,0.210649263015156,0.175899177774211,"E02000270"
1.06001650652046,0.00879537313090952,0.00515895196159251,0.0159444571500638,0.00722805569325332,0.00944314594838089,0.0130980846957155,0.0121447193489389,0.0156831458880238,0.0127278854395755,0.110920366581436,4.47582198485494e-05,"E02000271"
1.62060087999153,0.0131617867697312,0.00446840577909751,0.0262912798582188,0.00872123739322113,0.0104990167484557,0.0157408668392826,0.0150864638092959,0.0438797357722977,0.0161542698914481,0.173091463728368,0.0998430578691472,"E02000272"
1.29454312273487,0.0119649856758941,0.00437918444055554,0.0237653272839276,0.00819587099732115,0.00889806101495451,0.0153659005335246,0.0157075569265706,0.0316948634129858,0.0160214860477702,0.135894068893882,0.0879481219295637,"E02000275"
1.77906225461317,0.0148687600079096,0.00499145801867541,0.0292423859437359,0.00994997478370519,0.012868406920599,0.0171600552288162,0.0170314083067622,0.0501528514590557,0.0177794117660239,0.189246746559935,0.125720596695349,"E02000276"
1.24040920086679,0.00881175205258793,0.00615853037122892,0.0288709099125392,0.00837629935784068,0.00872436467547795,0.0153967772815236,0.0197765303580261,0.0724581997687039,0.0116537158469509,0.129647285092749,0.0544479129597803,"E02000277"
1.23939021098089,0.008829465789769,0.00675545736335555,0.0289794043410181,0.00843288938993466,0.00862964381374763,0.0152338789481345,0.0198897544689173,0.0729436135885319,0.0117278253963011,0.129330346529303,0.0543136841849118,"E02000278"
1.24237283833281,0.00878139498509839,0.00559937378972052,0.0287795289058185,0.00831321063369214,0.00889778154156594,0.015601121750628,0.0197881206658146,0.0707587240488827,0.0115715263545405,0.130052756743811,0.0543895848266609,"E02000279"
1.28303723061967,0.0086556893585605,0.011505939759796,0.0294095672175787,0.00879979245389762,0.00854891534914433,0.0144087061495463,0.0192004107895913,0.0624140019298767,0.0120833227192852,0.13275711645944,0.0537486550211953,"E02000280"
1.22035048513392,0.00870706253026439,0.00808731413144692,0.0286697957100006,0.00843333700268649,0.00840730353747081,0.0147174868419904,0.019777955816886,0.0699154783682022,0.0117472576985827,0.126854413757726,0.0540672263879871,"E02000281"
1.23177695635517,0.0088809824193957,0.00684234040764258,0.0291211754617176,0.00840483979972449,0.00861240759015005,0.0154584440251875,0.0201348155022757,0.0739603747253178,0.0117734603420614,0.128320943936292,0.0549801859892085,"E02000282"
1.2379914797755,0.00891971271093891,0.00628428501870647,0.029258861432566,0.00836155907018116,0.00874035353361193,0.0156072509394127,0.0202751463602584,0.0746859639715982,0.0117666239815088,0.129154270296708,0.0556842483371344,"E02000283"
1.23138419440621,0.00863114284958896,0.0104255147211534,0.0287314832026349,0.00864675867960686,0.0084171063011766,0.0145751149399775,0.0194397344221762,0.0667219248307497,0.0119749387913615,0.127189170431147,0.0549761973056321,"E02000284"
1.21501476555194,0.00867228890169556,0.0091372496237254,0.0286307393517045,0.00849037463858552,0.00837327510102135,0.0148491786725309,0.0196255553721649,0.0696762426930266,0.0118065596298683,0.125803146486911,0.0539114839557423,"E02000285"
1.25993973684217,0.00869088825677399,0.0113140007798759,0.0292777746391803,0.00879990002106523,0.00856145179992917,0.0144835665379151,0.0194672712446817,0.0635393471149773,0.0121712383216238,0.130013224364753,0.0566365621922645,"E02000286"
1.31109159099659,0.0084341862376897,0.00960543544719507,0.0311569901212392,0.00871234281439575,0.00856066920495716,0.0152868032863266,0.0189046363513822,0.047998215385134,0.0122896854562927,0.136737396424526,0.0589930199018959,"E02000287"
1.21785211007071,0.00892222479834444,0.00742638941318176,0.0292474792897989,0.00837885642780378,0.00854623017662751,0.0155946685737857,0.0204773749478591,0.0744748238597225,0.0118392940971883,0.126422054465352,0.0559809975903704,"E02000288"
1.29045247253569,0.00885305310059858,0.0122624176110048,0.0303597767341837,0.00898924206885499,0.00877388440232165,0.0147398996574804,0.0197480644781197,0.0594933732281741,0.0123896421081275,0.132780659319529,0.0601718988849275,"E02000289"
1.25139907456615,0.00893195706527974,0.00572970148044132,0.029369547157751,0.00824216457272841,0.00887492119742542,0.015644891225339,0.0206366911388447,0.0722927893276222,0.0117344516119296,0.130960692951795,0.0571847192759322,"E02000290"
1.19526600141553,0.00873051841660596,0.00939637134467528,0.0287750988288575,0.00843946633088409,0.00834742134033545,0.015421004379511,0.0198361541569897,0.0696633026633814,0.0119050467189364,0.123228520572764,0.0560514839750084,"E02000291"
1.20163542947092,0.00883968485639435,0.0086010502913404,0.0290352122014133,0.00839073561975492,0.00842841148544738,0.0156716464041155,0.0202012209375029,0.0728832232986037,0.0118520228426296,0.124165799247145,0.0555264136937886,"E02000292"
1.22280964641567,0.00877759931724291,0.010704751124076,0.0292577893014865,0.00870409978709098,0.00851976397908477,0.0150180888409907,0.0198435211801415,0.0646005612377397,0.0122719349398116,0.125762308123274,0.0608605897893613,"E02000293"
1.26494810169028,0.00917872227158333,0.0067264951299585,0.0301030366395931,0.00833258676181639,0.00883092326122067,0.0157671458704028,0.0215638778144687,0.078646307543459,0.0119677449675161,0.131933041255094,0.0596047862939794,"E02000294"
1.29419361139276,0.009029251538313,0.0127599049443193,0.03095995616887,0.00910477842938304,0.00900712230451385,0.0150988042540334,0.0205254396616648,0.056545087557341,0.0126838018176142,0.13261108288352,0.0689041891156299,"E02000295"
1.31938575714469,0.00898396706426932,0.0129191177834539,0.0318090333286243,0.00910968255202609,0.00904395141828511,0.0152083448795653,0.0204829007538203,0.0515715321084023,0.0126245973572631,0.135415980242667,0.0674779386625396,"E02000296"
1.19881004250223,0.0088973924728677,0.0101372107821682,0.0293618287223789,0.00858420043934442,0.00846233501605349,0.0164018631234054,0.0201262167129326,0.0693280373839483,0.0122043228645017,0.122955796951274,0.0605304955155877,"E02000297"
1.25728895764211,0.00910666832281639,0.0117019280004159,0.0305522613621471,0.00899678734741365,0.00890986675965907,0.0156450517381229,0.0206568911677912,0.0615051359304063,0.0127546054020993,0.128774256728288,0.0704563428447598,"E02000298"
1.2304869377049,0.00911586522234915,0.00817567540638538,0.0298972674369716,0.00830682596642241,0.0086188037424209,0.0157353324725876,0.021317143725999,0.0760108278913062,0.0119996802691929,0.127494729037133,0.0590335856698078,"E02000299"
1.20200203490124,0.00897401308158695,0.00920657196558911,0.0295095816040326,0.00837064528782132,0.00846914425568609,0.0160723123332416,0.0206520971687977,0.0730810240943802,0.0120377155675315,0.123792247089987,0.0587228525612591,"E02000300"
1.32120057644111,0.00933280037490162,0.00668703314136677,0.0306014118350892,0.00821932347762952,0.00894332326521885,0.015923019519448,0.0224603421126498,0.0768463955236068,0.0120581101924302,0.138634092835887,0.06260577257422,"E02000301"
1.24031848327552,0.00931150741562801,0.0108812325501197,0.0307926192647126,0.00881005436171692,0.00883711572873323,0.0173266202120134,0.0209953227624925,0.06542697651737,0.0128108174955338,0.126975607013228,0.0712834257072185,"E02000302"
1.23616843734391,0.0091734541312974,0.00974296355408876,0.0301590918028749,0.00844192344897565,0.00859284411216811,0.0167161175514135,0.0211055858052096,0.072002076619646,0.0123054621720162,0.12743417709053,0.0632472469024004,"E02000303"
1.36914923062738,0.00968409821504297,0.0145123332557653,0.0333492266081708,0.00958581334209808,0.00972866712180395,0.0164008076405996,0.0227215234065332,0.0534344547699814,0.0134036620220667,0.139488392776748,0.0870656319687834,"E02000304"
1.30313946007443,0.00954270374122572,0.0123570929448968,0.0318961502480695,0.00918689711148415,0.00929454734310452,0.0170702002685231,0.0218542335202913,0.0594204439167067,0.0132218124096152,0.133329125674976,0.0816694159630033,"E02000305"
1.36664799754105,0.00957399218648316,0.0084911270451591,0.0313765566847994,0.00831930581121843,0.00895514137117064,0.0161425290712936,0.02290719502097,0.0778792481587924,0.0122318582714207,0.143271703514378,0.0626689670789767,"E02000306"
1.27541576171279,0.00948780697493252,0.0106159885511438,0.0312437933610621,0.00874080716670358,0.00888884609365463,0.0178962406264761,0.0214381269410095,0.0690101503379843,0.0128435478932229,0.13120200827168,0.0711162387401466,"E02000307"
1.46222048699779,0.00999036793872429,0.0156190529907942,0.035095127057197,0.00966388268587033,0.0100252179652972,0.016593735776639,0.0244543654505689,0.0443313478950027,0.0136687244471138,0.149682749480118,0.0963257894315058,"E02000308"
1.42403982999271,0.00971582030371471,0.00916506835855833,0.0318739734445486,0.00828735048003845,0.00902896836233068,0.0163137883772985,0.0233183917201288,0.0749750176146414,0.0123729920664396,0.14985237005953,0.0646021893250982,"E02000309"
1.45861146068248,0.010283450247454,0.0123511560642579,0.0337774217925451,0.0093159122382243,0.0096345212376786,0.0194176766558417,0.0231537561901337,0.0655038858967377,0.013638724563715,0.151364686094691,0.087191998411045,"E02000311"
1.47547548712007,0.0102711895314452,0.0143219413404508,0.034276887950081,0.0096582228617424,0.0100040172875375,0.0186444624717594,0.0240313897881423,0.0550973842380787,0.0138820045660607,0.152106390758029,0.0977694884158331,"E02000312"
1.73510019830712,0.0108900339158759,0.00487924554915774,0.069686883809618,0.00769848400615622,0.00927428559811606,0.0205594325407311,0.0234388033351686,0.0316059708473371,0.0149904183324886,0.181019861755541,0.117416875697076,"E02000313"
1.69851105818064,0.0106759771984626,0.00472139694650734,0.0677442141931444,0.00716901333034722,0.00877849755682185,0.0205872403883807,0.0228885225777176,0.0299538065776844,0.0140626800025681,0.177611346442738,0.108328292753941,"E02000314"
1.9225667391205,0.0122975978988838,0.00549334494589363,0.0809327046244125,0.00843377534428563,0.0104262962868461,0.0218645385021273,0.0251853171016732,0.032238418357666,0.0164147164782813,0.199829850814373,0.137530835172127,"E02000315"
1.96952405312913,0.0126991327802211,0.00576487593514683,0.0779981946220524,0.00764159295639411,0.0104461510739073,0.0242079576889185,0.0240286286614446,0.0284666319066208,0.0144783831504037,0.206737511686511,0.126615267175679,"E02000317"
2.08236034889781,0.0132801272353657,0.00598804412637009,0.0892946669973012,0.00857661584143993,0.0113207810491264,0.0229300310065116,0.0257533421755082,0.0313962859101292,0.0165739516348588,0.216666551301081,0.144645180695218,"E02000318"
2.01911913225185,0.0129008101905074,0.00576937000093952,0.0850471994660536,0.0080341657193815,0.0107586798035632,0.0229300974820311,0.0249255071099238,0.0303475759312987,0.0156066207837392,0.210651462755188,0.136428373484359,"E02000319"
2.18846645968837,0.0141907896083314,0.0064597615258682,0.0970951709049131,0.00978957168526173,0.0124451985557996,0.0234316147047449,0.0271960551394208,0.0332755268790667,0.0185843880768849,0.226306004720697,0.163552440341333,"E02000320"
2.04071316238785,0.0130845459787381,0.00586477881937156,0.0857887923886499,0.00806460126741854,0.0109369271076225,0.0232471322667394,0.0249959049331231,0.0301092117151975,0.0155902104325559,0.213009225380371,0.139526267137159,"E02000321"
2.08512169518826,0.01339265588564,0.00605880303692841,0.0871903230569377,0.00821896095634984,0.0112414397525947,0.0238227393819707,0.0252980883424556,0.0299927431132599,0.0157566812870908,0.217810817130142,0.144701150528761,"E02000323"
2.10914150437915,0.0134313799292154,0.00632134344308242,0.0799699253982652,0.00845182979277988,0.011556811251112,0.0251477553225914,0.0258135125095949,0.0287408490493774,0.0152126392113857,0.222113427316729,0.14330508321206,"E02000324"
2.0568910311751,0.0130128685523136,0.00614849029553814,0.0668068065184992,0.00821079172187299,0.0111153795211059,0.0238498773959977,0.0261171551113833,0.027624571926637,0.0139511211480919,0.218717818237051,0.134555974497417,"E02000326"
2.14079597232904,0.0137517758181532,0.00639239404629944,0.0871808106854833,0.00855667340209133,0.0116893371660173,0.024644423580888,0.025874975959629,0.0297854142780478,0.0159859969822099,0.224146441108971,0.152465149140151,"E02000327"
2.08823166398421,0.0132183200040853,0.00649449373003381,0.0565374129633812,0.00822798403383614,0.0116220217549248,0.0234868754804364,0.0278441522348065,0.0269796804737047,0.0131550127592838,0.223670871207332,0.130757640266227,"E02000328"
2.31213023218252,0.0149589757421647,0.00719777240962422,0.103442335589546,0.0101494707391582,0.0132167578890982,0.0241875638129491,0.0278672046929243,0.0321596951758781,0.0181643264184002,0.239413104681524,0.177150780305724,"E02000329"
2.19722931406932,0.0137915608595336,0.00690227514363155,0.0805350634527287,0.00920264632403243,0.0122351082666938,0.0252208719552251,0.0271468468301427,0.0295159176990846,0.0159746739558596,0.231791897591142,0.159220629466117,"E02000331"
2.28410715837091,0.0147580848213504,0.00717649630745858,0.0987126426863597,0.00975726019051311,0.0128560777960855,0.0245170815155124,0.0276169025706815,0.0314628330407799,0.0176629327704554,0.237532543385507,0.17513242061718,"E02000332"
2.21137799197488,0.0137964021402048,0.00774090936281136,0.0617455922662178,0.00970237633265954,0.0128991374677386,0.0245495036386383,0.0293593637759556,0.0286871072576002,0.0147694196077299,0.236076316806798,0.153821547433862,"E02000333"
2.33982564948082,0.0145138271718018,0.00806721574069907,0.0865178049250642,0.010344989836443,0.0132215286474163,0.0259632408061882,0.0288872841118057,0.0308982428172641,0.0173187641611199,0.246437531170346,0.176696222052967,"E02000334"
2.4253292284258,0.0154716181761814,0.0089565246836485,0.106455581494811,0.0114456830158979,0.0135257502156779,0.0250233659450972,0.0293192300899817,0.0332115992042573,0.0193688382020886,0.251374154708344,0.19402521986071,"E02000335"
2.42917077609791,0.0150282633670489,0.00968694638127404,0.0938347387701488,0.0117986446026851,0.013352264385805,0.0254706688897585,0.0302018740269589,0.0336568109045616,0.018747768544913,0.254493445134579,0.190109198433611,"E02000337"
2.42277494683125,0.0153030870168427,0.0100340768174117,0.104796951719238,0.012130852755224,0.0133038578485943,0.0244685970258698,0.029679344309232,0.0345793145791559,0.0197764108424899,0.251073034457056,0.194096126646603,"E02000339"
2.41022697415831,0.0153083310613102,0.0114345903350909,0.109330745670135,0.0129799102155929,0.013205368282913,0.0232627794198414,0.0299834546946363,0.0373536133315251,0.0206317092804511,0.247802597602127,0.191680807854712,"E02000340"
2.48088872223584,0.0153128449080377,0.0115180832352444,0.0938611966424549,0.0134449178778792,0.0130886988951091,0.0245546500749611,0.0320252806707096,0.0431392547028524,0.0197231936728689,0.259404041614891,0.188810147252875,"E02000341"
2.42576328147817,0.0154580349507388,0.0125567100201236,0.115832153654171,0.0135246237940108,0.0134467307017709,0.0225636670238942,0.030237705254775,0.0385451191335426,0.0212640340070878,0.247441827996333,0.18993494044102,"E02000342"
2.43227242661474,0.0156622312234363,0.0148926571148309,0.111486245863269,0.0143401531995978,0.0128288155820442,0.0224977284412547,0.0315574764051974,0.0577269801708017,0.0221478482151419,0.248226059446786,0.179145020662352,"E02000343"
2.4287403603792,0.015792136687589,0.0165936266349849,0.118253841328674,0.0143120711048348,0.0129946926828203,0.0219320957932263,0.0313607002059478,0.0543492447768989,0.0226801944287812,0.245557994933121,0.177598999566535,"E02000344"
1.61987113566241,0.0116361312839013,0.0082127147427048,0.038343718579143,0.00810711991820823,0.0104854716270841,0.019317023918722,0.028417689477031,0.0465492601129319,0.0144201812088112,0.171353182583787,0.0879368258364408,"E02000345"
1.52488616774462,0.0113880147545199,0.00819041674283504,0.0373407378635765,0.00812510684518753,0.00980817008102836,0.0191683642022836,0.0279818505271623,0.0354007267576959,0.0153247857163609,0.160502385165663,0.0866281816704261,"E02000346"
1.5660160709353,0.0118306988088549,0.00803979073455308,0.0387353288586314,0.00815345223189438,0.0101610369873641,0.0192783455443386,0.0286049844867117,0.0377926268061596,0.0149748390838057,0.164920005717935,0.0874875559875627,"E02000347"
1.64138352514407,0.0120463305865293,0.00792838929090278,0.0398148870666897,0.00797904623203481,0.0105301964287076,0.0194594193941443,0.0289832220781355,0.0441037983169316,0.0144284489021549,0.173614519859254,0.0863714156565172,"E02000348"
1.60947897137286,0.0120867467502785,0.00738053537737564,0.040495447301515,0.00756139868564006,0.0101126378799505,0.0191055762563908,0.0289805921726632,0.0364621045391068,0.0136562709932082,0.170192913981977,0.0813705501823863,"E02000350"
1.39174309395193,0.0104961868575823,0.00696979970382336,0.0336753830286721,0.00748019456817731,0.00901396541835856,0.0178447325082872,0.0268382277649434,0.029504249819633,0.0151165944617878,0.146389203084067,0.072920898684355,"E02000351"
1.46573277602155,0.0114591498492066,0.00707235027134644,0.0381058419809634,0.00763155437447411,0.00957661921242055,0.0185286908603903,0.0283847378883366,0.0316424982070328,0.0145290538781579,0.153882293321771,0.0768903931310543,"E02000352"
1.54875541169442,0.011981612917595,0.00719256849052615,0.0403615973058355,0.0076127427650195,0.00985872178180819,0.0189410859029196,0.0291770513477437,0.0331870351038317,0.013874137008847,0.16310858513826,0.0787363386257015,"E02000353"
1.6912220568125,0.0124408932217343,0.00735640367197709,0.0434590897638143,0.00735365356666175,0.0102831162375964,0.0198476674282371,0.0299810660036202,0.0345279170988614,0.0131732692563292,0.17931693258765,0.0803895496867173,"E02000354"
1.68126388708144,0.0121406271288919,0.00695610503020151,0.0427995159048737,0.00687381153083742,0.01015813738562,0.0186296799551946,0.0292756634925041,0.0359552845153751,0.0128394633921024,0.178789870109818,0.0795204185978032,"E02000355"
1.39567504202362,0.0111190722458562,0.00664373985477856,0.0381462683153102,0.00726914177099413,0.00915771938501769,0.0181926240556369,0.0283599370314086,0.0290072579990405,0.013812614116357,0.146039687131753,0.0695714187582877,"E02000356"
1.56455294646029,0.0108970740392477,0.00553058270661024,0.0393134306133682,0.00596932584379157,0.00937751083807241,0.0163919058963802,0.0281818392722461,0.0400960282838586,0.0120632341285412,0.166925484967894,0.0706291388047366,"E02000357"
1.55530509881795,0.012146927439746,0.00709900790091309,0.0420236065106639,0.00754266465806971,0.00984839820119793,0.0194765326227557,0.0299199148908296,0.0310339334112249,0.0135189187358165,0.163565891819901,0.0752217045156238,"E02000358"
1.63576935987268,0.0114021743658874,0.00609162924676408,0.0410379883647787,0.00625067974098314,0.00974770843547784,0.0175568240061781,0.0287688319434352,0.035414375536947,0.012165390811572,0.17453289762907,0.0761276770062411,"E02000359"
1.67548814801587,0.0124268715415905,0.00727875754189866,0.0439398584139361,0.00738375489499451,0.0101788091279312,0.0202404468103819,0.0302193906335614,0.0320130201760776,0.0128823034600462,0.177408638127429,0.0791393434192622,"E02000360"
1.70896420335821,0.0122704297918381,0.00703021841909461,0.0441835388116118,0.0070256739166268,0.0102540750634474,0.0204739083803096,0.0299402303353783,0.0326310276479052,0.0125132195903467,0.181615470690359,0.0814000079212603,"E02000361"
1.56690849831175,0.0104126417491537,0.00508855230452459,0.0389590090052934,0.0056362799534605,0.00919032117236183,0.0164703999747421,0.0286041551649836,0.035705336868173,0.0114695114192286,0.167615888505167,0.0705714999210322,"E02000362"
1.70898406339086,0.0119119136697231,0.00661468288673892,0.0434025662624759,0.00663259464358172,0.0101319780305328,0.0200489707464366,0.0297771035455208,0.0341430248363912,0.0123380487795901,0.182142663117692,0.0812293734946986,"E02000363"
1.63681248811014,0.0124817243939342,0.00725539798771234,0.0443276426937986,0.00752948680698302,0.0101756906085466,0.0205468239098197,0.0313210869142025,0.0305011383584814,0.0126799288179788,0.172601617090128,0.0784468751266978,"E02000364"
1.72702072061493,0.011731396975177,0.00647171252179271,0.0444175462371897,0.00659064499148207,0.0103361041330763,0.0207489077730537,0.031040224555562,0.0355702888548905,0.0123562947474077,0.184074766484197,0.08491722534602,"E02000366"
1.67005093246085,0.012083775114267,0.00693756068268379,0.044652852223571,0.00705481340843482,0.0103357189610001,0.0208357387615338,0.0312255924375555,0.0317331748622123,0.0123297752529209,0.176925407583734,0.0839553039880791,"E02000367"
1.55709969903773,0.0121266655318503,0.00707345566599897,0.0434779674059135,0.00749279935927352,0.00974368288745732,0.0200748935823234,0.0327470095568719,0.0294054811787497,0.0122147155525667,0.163441935601072,0.0787054489963332,"E02000368"
1.4402808201789,0.0111489035886609,0.0066021456770208,0.0391561079902593,0.00734677282165154,0.00865559681553248,0.0184693954277095,0.0322794051258823,0.0269992578360912,0.0121457073560873,0.151005108264973,0.0678813098371324,"E02000369"
1.2887283631035,0.00970331919755874,0.0056102397945484,0.0269020318018071,0.00695093534533664,0.00771887060320667,0.0166076501785275,0.030206276137841,0.0226048835823791,0.0116897769020066,0.135866619363705,0.0578677397517301,"E02000370"
1.88543160847863,0.0146975647552301,0.00986588199607186,0.0288607279572333,0.0125519637908889,0.0126756178011905,0.019928064060797,0.0169024563425189,0.0239303259351951,0.020091054351637,0.199112672314288,0.15249215156871,"E02000372"
1.02018306392665,0.00835800756387527,0.00497153307909912,0.0157193808249455,0.00683714724430676,0.00657137540298358,0.0142527883197967,0.0106859951124728,0.0128514979714617,0.0122957494640649,0.107226940745714,4.41125217138188e-05,"E02000373"
1.08372503727309,0.00881432598813521,0.00524552796359396,0.0162430397997938,0.00713585853322078,0.0077686454313258,0.0140405668914884,0.0115969901982485,0.0136165526776234,0.0127475692588278,0.114046406709446,4.58479951981313e-05,"E02000374"
0.997634600431054,0.00813204801717924,0.00486823714060235,0.0159031937367203,0.00700939791796916,0.00620492417543343,0.0155402301060552,0.0104627785484005,0.0127012098409425,0.0123789151080142,0.104454978802771,4.34204282501154e-05,"E02000375"
1.0276506825366,0.00867818988806553,0.00517918255707484,0.0164605004310684,0.00707535552332406,0.00742402517909075,0.0152454616907298,0.0114731233131038,0.0132068503841309,0.0126040976471479,0.107358115888318,4.39578555479767e-05,"E02000376"
1.08102376650285,0.00906494787033295,0.00548045771639007,0.0166665675289118,0.00728451198116116,0.00876252265632618,0.0145682603273765,0.0124298877583823,0.0139669531297635,0.0129645960397388,0.113082533275757,4.55774503221228e-05,"E02000377"
1.02270817525932,0.00846798866561422,0.00531187750487263,0.0167732992148953,0.00720948836158673,0.00701524990117556,0.0164521291536394,0.0111108768498347,0.0130386534398914,0.0127324615283489,0.106686240919166,4.41963748062464e-05,"E02000378"
1.08635981723242,0.00920839014772946,0.0056876171798698,0.0167150551164843,0.0074648007888255,0.00981337041307738,0.0142344474783221,0.0131324362831871,0.0146922539293532,0.0131335488518216,0.113223043822225,4.60777078885524e-05,"E02000379"
1.05435201697347,0.00912015323778854,0.00558460056113938,0.0172068507946608,0.00733120795212076,0.00902559594356775,0.015719619129615,0.0127451070386479,0.0137104452609427,0.0130418593057007,0.109500475846425,4.51537022684499e-05,"E02000380"
1.03540144998653,0.00864523589228695,0.00644579380046921,0.0172651627351085,0.00718205427932246,0.00762807426209944,0.0168049839259173,0.0115558298728988,0.0132562450987152,0.0128660033907665,0.107595190257638,4.51607648570513e-05,"E02000381"
1.08138422895503,0.00954117702389587,0.00601599661817968,0.017500115724496,0.00762330896054164,0.0106829941805442,0.0150922864814075,0.0141762355617961,0.0146886837794612,0.0134532670324026,0.111757229845961,4.7051018597343e-05,"E02000382"
1.11740811491317,0.00883851352460499,0.0114894636227176,0.0179127627901823,0.00725522393722288,0.0076588519782634,0.0175032407311448,0.0122560675119803,0.01357456852167,0.0132784501960409,0.11504294001678,4.95288059583058e-05,"E02000383"
1.054192073236,0.00936255980393555,0.00645189641690536,0.0179005572582377,0.0073809659248721,0.00992290904836045,0.0162406237659989,0.0137361736964802,0.0138961237921945,0.0133640455008057,0.108628418816027,4.61088391085907e-05,"E02000384"
1.19310184925683,0.00963424028725652,0.0138843497604966,0.019455086627946,0.00757722264579685,0.00957779738310101,0.0179436050879091,0.0151161366327034,0.0141831334163151,0.0141284844515705,0.121447929104401,5.1368393518596e-05,"E02000385"
1.17673973058259,0.00976415820228168,0.0127090996777055,0.0191271756557138,0.00777811435315028,0.00889571863813235,0.0181851120811381,0.0172809515356462,0.0140381689159353,0.0149474940191414,0.120030730409053,5.14282164663705e-05,"E02000386"
1.2193137774273,0.0100101280418732,0.0155348515968089,0.0201050444605198,0.00770393276902709,0.0104985088090549,0.0175005862061932,0.0165639348394879,0.0145713695972256,0.0143362932075296,0.1228776609835,5.24364119212971e-05,"E02000387"
1.20956418459898,0.010519516543136,0.0133186254907311,0.0197939066466334,0.00829763504479613,0.00987485598102299,0.0180254281972696,0.0228577759470665,0.0143711482756525,0.0165553309040305,0.122227794601159,5.22588937648865e-05,"E02000388"
1.29290289666053,0.0108462868480109,0.0186725252954754,0.0218149434477114,0.00814963796642233,0.0110832420684149,0.0173891604666993,0.019303225018305,0.0156837127948259,0.0150345299203683,0.128358798120632,5.59085709420213e-05,"E02000389"
1.24296580137716,0.0107562555405401,0.0159236107329188,0.0204393632475116,0.00827814288377397,0.0105486608477378,0.0180616040972739,0.0215261695983517,0.014953161150297,0.0158716386082456,0.124299214722117,5.25198256083998e-05,"E02000390"
1.22342196458982,0.011361913489175,0.0136604500071727,0.0208243128790274,0.00876325778398474,0.0101362615417869,0.0171801142749916,0.0258753221900203,0.0147618336188665,0.0166498614209748,0.122516753598981,5.20270844028534e-05,"E02000391"
1.28316779200623,0.0116651969285349,0.0162090841803084,0.021380009779306,0.00901245927882608,0.0106227276992933,0.0183070843092262,0.0263102379655748,0.0154680301596114,0.0182013791730091,0.12747488019154,5.24273651710319e-05,"E02000392"
1.27887535633032,0.0114487551060437,0.0173398057705328,0.0213245504001047,0.00871506715095349,0.0107434355900562,0.0179868646447091,0.0240420024610354,0.0157558497795968,0.0168348995611714,0.126663531134915,5.38485419564155e-05,"E02000393"
1.24275861810112,0.0120205516770925,0.0135236931611395,0.0225675122863413,0.008998171452566,0.0100960283819295,0.0163721715186734,0.0254466175880625,0.0150692592919837,0.0146369337542907,0.124484420844809,5.27707399262421e-05,"E02000394"
1.35440837974752,0.0124816342702929,0.0167438995851389,0.0229513312274065,0.00951801893430479,0.0108085635619594,0.0180150615451163,0.0276600073517581,0.0168763921150488,0.0193950319624464,0.134921501029349,5.40924902037817e-05,"E02000395"
1.32415940100861,0.0124733291826384,0.0151242600896107,0.024255181821461,0.00942680684717849,0.0105152213582498,0.0172896913162243,0.0263104833196172,0.0162273104444389,0.0162141985652622,0.132589968667932,5.19951190881499e-05,"E02000396"
1.69304878692435,0.010873193152086,0.0151412831320979,0.0358278575520003,0.00983204386181168,0.0103281493803411,0.0202274894519678,0.0259542884226454,0.0521176963187046,0.0144025124173598,0.177330099486183,0.108054311882072,"E02000397"
1.47133079567752,0.00989023851223341,0.00969127386338666,0.0325287144116993,0.00835336952730699,0.00924767020059798,0.0166237204210826,0.0241429437633865,0.0733518444924596,0.0126444366370501,0.155074547850681,0.0681936868544412,"E02000398"
1.6290718023259,0.0102682682414602,0.0154555154981502,0.0351596827492497,0.00956564432266672,0.0099876983827881,0.0183253811125816,0.0259023806081633,0.040715771353195,0.0141822831472643,0.17006101709709,0.10580144309694,"E02000400"
1.6709351997315,0.0107876861478308,0.0128536058900724,0.0350958378432552,0.00934043961325974,0.0100033945133956,0.0202625290500994,0.0247294491348569,0.0664414884625702,0.0139993852713968,0.176162681268304,0.0912238033567516,"E02000401"
1.61231996174824,0.0105127743718221,0.0118712088313587,0.0343447577285735,0.00903577826050701,0.00973714172690138,0.0196768074445812,0.0243939122517276,0.0690106583835848,0.0136979428547506,0.169974690184565,0.0828319151034017,"E02000402"
1.74318227145012,0.0110782701380898,0.0145854364185147,0.036112490239972,0.00978712513543794,0.0103638145618367,0.0207857986507378,0.0260446364770498,0.0577584304721928,0.0145033138744567,0.183501884052196,0.106124455566469,"E02000403"
1.70754091315469,0.0108733867066738,0.0136077415080279,0.0354563546057808,0.00943679500151817,0.0101082170057736,0.0204585317386094,0.0254874611328916,0.0601703112998736,0.0143132278473356,0.180102903114848,0.0989239728579699,"E02000404"
1.76417467364442,0.0103789848873504,0.0152612424631637,0.0356309756419603,0.00965879002522191,0.00996213931450565,0.0199391971986882,0.0274349534146452,0.0372514327348701,0.0148575492357675,0.186095212821039,0.109613192167624,"E02000405"
1.71102278419977,0.0108766680130122,0.0136023170714981,0.0356361120950257,0.0093545689755993,0.0100843110292369,0.0206280866489904,0.0262940764233724,0.0567712263769404,0.0146352526844935,0.180528500132569,0.100926291715167,"E02000406"
1.62300621362664,0.0105429043184116,0.0113066057933339,0.0347898543722314,0.0089176837078571,0.00995409259107815,0.019380172358889,0.025850418828509,0.0693869626853928,0.0139617548426385,0.171360035536843,0.0847859448423228,"E02000407"
1.60021041055036,0.0104529535302645,0.0109122501179258,0.0347666692740873,0.00884771590365816,0.00991773157180915,0.0184813859520758,0.026076552795223,0.0728207005456547,0.013804717428757,0.168877883548258,0.0804771773325693,"E02000408"
1.73178020093899,0.0111612972208054,0.013266933599581,0.0364201074957436,0.00941027787498644,0.010420637095064,0.0209665368844413,0.0268473252389575,0.0665002588769934,0.0147167617489891,0.182682172899572,0.0960168428661942,"E02000409"
1.7651844280996,0.0100733845252573,0.01421456386588,0.0351911629357917,0.00954605078339983,0.00947602822926672,0.0187778271472601,0.0245857289867698,0.0304209238917933,0.0149211504074983,0.187091345999196,0.100074903027291,"E02000410"
1.54649127161407,0.0101865873884588,0.00997811323387019,0.0338335935470459,0.00844557872065787,0.00975055431675024,0.0169994760345513,0.0263563708447303,0.0721907562136585,0.0133316199514537,0.16337939389226,0.0766221634394854,"E02000411"
1.75306340201271,0.0109867390621192,0.014529945266363,0.0364336555056889,0.00961932153418326,0.0102029035718735,0.0212224575108388,0.027630913520395,0.0510465704105358,0.0152689559642375,0.18477735141677,0.10948465586694,"E02000412"
1.44460090963917,0.00762268812641888,0.00896348402647935,0.0279561407869404,0.00769554744372034,0.00722802493802698,0.0156375625810904,0.0166718589283421,0.0250196181694145,0.0132622685584374,0.1546858390144,0.000123365730934632,"E02000413"
1.67606042270281,0.0108511713204696,0.0116908124661216,0.0358411668991489,0.0090857902864595,0.0102712194782269,0.0201658821096633,0.026897822389633,0.066883406366838,0.0145480241718254,0.177062015486792,0.0919279181702422,"E02000414"
1.7205231179596,0.0112027800445023,0.0133867660308077,0.0368481786082577,0.00936771712986173,0.010339759236326,0.0211375357896683,0.0274864800943433,0.0583081392034593,0.0152336513739729,0.18130784208191,0.101638542922114,"E02000415"
1.70205901001612,0.0101767795213257,0.0132241542935164,0.0349696215329294,0.00914508322100802,0.00961838315826458,0.0203096212213032,0.0276075212074517,0.03925004748856,0.0155217463502318,0.180138323035365,0.103300143716493,"E02000416"
1.72747681266082,0.00966460619506586,0.0126785745500369,0.0317203330425111,0.00903513779216943,0.00893093225015026,0.0192039563404171,0.0233749935975893,0.0285743818533773,0.0152107203454094,0.184176007906708,0.0914015385578472,"E02000417"
1.69106717728327,0.00961918033846623,0.0126052626593482,0.0329423363159207,0.00890615006761225,0.00916628260311675,0.0194579567220307,0.02601278834644,0.0319208602820435,0.0153276655238237,0.179768157701136,0.0958310364923163,"E02000418"
1.67044970253781,0.0107026634228916,0.0125112968612858,0.0361851422430529,0.00909775877487446,0.00987850333244742,0.0206313907528089,0.0277366259803579,0.0465123367927257,0.0156802685473839,0.176277939003732,0.102088017235535,"E02000419"
1.63940613322661,0.0108385622912056,0.0104067867216131,0.0360597182617028,0.00883649895002893,0.0102759143628336,0.0198618133903647,0.0274236870251989,0.0578040881331044,0.0146996473468674,0.173327526523379,0.0936492048199472,"E02000420"
1.63286285139307,0.0107529993698191,0.00981080386888145,0.0358679302275276,0.00862865901922438,0.0103459372788404,0.0189703497290839,0.0277741905941707,0.0664420926611304,0.0144055381329676,0.172829279853449,0.0886995666432502,"E02000421"
1.64931134303117,0.0112283089136147,0.0106225716157317,0.0373263252125098,0.00891215292092739,0.0103457617977927,0.020274303113431,0.0280309992523994,0.0516555028529888,0.0153581150734336,0.174056692182346,0.0980249052324814,"E02000422"
1.65237072624391,0.0112816833826534,0.0110982700724814,0.0376051590573435,0.00895799374670558,0.010173510124463,0.0205447998369976,0.0281690508200654,0.0471772173085962,0.0158384123555815,0.174225288405541,0.100218927391938,"E02000423"
1.65012889214217,0.0100840963844221,0.011464489344797,0.0348410113958882,0.0087755007303627,0.00943511480264337,0.0199675401532126,0.0273910971047881,0.0378141872083261,0.0158859748955414,0.174950389281672,0.0962481936553401,"E02000424"
1.63606355079913,0.0112344734412235,0.00898767421646796,0.0372644554752188,0.00841067138762269,0.0105867908960606,0.0193388608384466,0.02839528173232,0.0565390313187587,0.0146437507323783,0.173148792471046,0.0898845652775155,"E02000425"
1.26806317326026,0.00692703166783137,0.00766264007789007,0.0183279485530896,0.00653677934498057,0.00598923453724322,0.015719574155943,0.0130011848551975,0.0176156502730679,0.0129995363496565,0.136382255011871,0.000111838749438597,"E02000426"
1.56942294829283,0.0109194338857846,0.00927847664997647,0.0362869139868302,0.00841442951427583,0.00963190875831968,0.0195098024162825,0.0276200324725495,0.0365436618247845,0.0158850492266409,0.16574530766124,0.0904262656063216,"E02000427"
1.59834785293617,0.0114041048900278,0.00919287769815886,0.0377336653512985,0.00852262240170021,0.010220393078966,0.019713548201976,0.028130343048124,0.0433356869045386,0.015219189955239,0.168591312219757,0.0938723049030905,"E02000428"
1.65809419558437,0.00946652045426875,0.0113546563872754,0.0286586913478381,0.00846646429010019,0.00865120743573982,0.0192202200252015,0.0239394869006324,0.028425135974402,0.0154839756962749,0.177174315329445,0.0829456066935654,"E02000429"
1.64254071597784,0.0098740894997292,0.0107796808947276,0.0325781578629084,0.00853849920430996,0.00915026033996578,0.0195653236099287,0.0266575009481734,0.0336480584237335,0.0159564420780158,0.174806392414214,0.0888400662480692,"E02000430"
1.50614491354743,0.00880894389383778,0.0102466264881272,0.0225419870829433,0.00762823559609972,0.00772947162138203,0.0178562155277649,0.0183343387656664,0.0221709109946892,0.0148793655719019,0.161284391955224,0.0666876218215009,"E02000431"
1.51349533016849,0.00998404284770908,0.00863128657672987,0.031966510765093,0.00803740954239239,0.00906793109781365,0.0186634321791927,0.0264855063648433,0.0324005780512114,0.0155198808189911,0.160563380429508,0.0826014174121925,"E02000432"
1.67963845594551,0.0111473637993649,0.00518375027670272,0.0259112789562371,0.00888017301209401,0.00903080540619912,0.0162678148493082,0.0132550802356426,0.045334780513091,0.0166800914031658,0.180729337011474,0.086058919918984,"E02000433"
1.69659017236756,0.0110912570512113,0.00509166538418915,0.0260839041610836,0.00883695012204712,0.00908476792669204,0.0178347889282124,0.0128151643962643,0.0399358056661833,0.0160313795927788,0.182761530202431,0.0830985484762262,"E02000434"
1.42019090459216,0.00904206828025584,0.00417432235116793,0.0216580572151932,0.0073079745961286,0.00785457228826058,0.0139957583417826,0.0111895387379385,0.0438941638389842,0.0142647170137967,0.153024520696578,0.000134498817510144,"E02000435"
1.44636886279404,0.00938946456504832,0.00427412237572348,0.0235934346318759,0.00775942393472748,0.00823484175721908,0.0128307888422172,0.0117016926335233,0.0487396475811095,0.01551219930454,0.15535837890862,0.0748972792187985,"E02000436"
1.32963757336587,0.00815872616681308,0.00369471997708285,0.0208706150808142,0.00683995896332119,0.00745928157583219,0.0123810219291137,0.0103676790038576,0.0458237167731516,0.0137726187126105,0.143300888270774,0.000126414205257267,"E02000437"
1.34726403706411,0.00888171198078595,0.00384978862856656,0.0225694616885125,0.00725044630406378,0.00780806491087549,0.0122596329835342,0.0110435899102939,0.0475409163651299,0.0146888887541571,0.144552947139858,0.0677924619639217,"E02000438"
1.70394199254296,0.011051004942663,0.00517072991120539,0.0266815454816001,0.0088965821094827,0.00930662307926372,0.0184661155788764,0.0126114905586073,0.0372679643748555,0.0158851378670788,0.183483852168161,0.0835231996161975,"E02000439"
1.44160662761945,0.00923021591729184,0.00430319384220166,0.0217883167466673,0.00734182408364964,0.00795028701110857,0.0146642892099689,0.011211645939423,0.0424411287881355,0.014104199065989,0.155367802372984,0.000129094055938128,"E02000440"
1.18598003910413,0.00812604314503024,0.00324359517558125,0.0207973428137499,0.00637205456247735,0.00700509644652142,0.011339902428606,0.0100168800156279,0.038788867493304,0.013536512471424,0.12702984467522,0.0558361697567379,"E02000441"
1.68305975185835,0.0109771686556338,0.00522399684707381,0.0261233490959762,0.008775482291121,0.00926642075825816,0.017679922896246,0.0125294125618049,0.038179552109638,0.0155841099331368,0.181204038928146,0.0832545974470372,"E02000442"
1.26754959903889,0.00774598013198979,0.00339312432484955,0.0202246484894501,0.00650464880870822,0.00718557711478027,0.0118659909179007,0.0098365915862657,0.0451123861362283,0.0130602035949247,0.136603668072238,0.000116005646645392,"E02000443"
1.4229325122618,0.00920083821907311,0.00439095383633433,0.0217112228110174,0.00731338807292343,0.00799759809969842,0.014848946443048,0.0110782758071866,0.0403322158731704,0.013729617021756,0.15320424327331,0.000123199080434471,"E02000444"
1.28764656605113,0.00788497903448069,0.00345142824815379,0.0202002587831926,0.00652198245077001,0.00723690778865153,0.0121968788850875,0.00983555801849979,0.0449609661137924,0.0128310856237259,0.138886638040214,0.000108637039178455,"E02000445"
1.14545331731708,0.00724578716011598,0.00302548346424199,0.0195368494986748,0.00606153046363546,0.00675438820353171,0.0109557031082418,0.00928654320140155,0.0431905433239029,0.0125432648424064,0.123016169704452,0.000126705579483973,"E02000447"
1.15674008275637,0.0080353198322281,0.00320706752706124,0.020501400388874,0.00632754678164919,0.00697788608602635,0.0116210284480084,0.00993579604971102,0.0388550883563432,0.0130388358535787,0.123710811652796,0.0547405375304119,"E02000448"
1.39776539022392,0.00916248763418124,0.00451935093035693,0.0217365482390016,0.00727796992604405,0.00807505780630826,0.014865390083156,0.0108730908085417,0.0376892130459475,0.013307920930484,0.150264195096794,0.000118544886198467,"E02000449"
1.04969463544307,0.00698045925944547,0.00279140244801046,0.0187819379641297,0.00568888726083903,0.00641749933788014,0.0107355947595288,0.00887011493699264,0.0391974505906184,0.0117732200989916,0.112357501393043,0.000131885125992076,"E02000451"
1.23892115550087,0.00756711764054297,0.0031820390920125,0.0198594165309615,0.0062502088990434,0.00698141372127891,0.0119023554156611,0.00942684000277663,0.0463620806887694,0.0123883045781307,0.133585009802686,0.000107421008803152,"E02000452"
1.09323239503714,0.00704153702159632,0.00283624275630485,0.0188869599122492,0.00579476759114221,0.00654595151065862,0.0110892032688155,0.00889351188377444,0.0423383348638675,0.0115918810382009,0.117313831022243,0.00011157829707155,"E02000453"
1.08173533618576,0.00780104830138606,0.00305701835916629,0.019789466216256,0.00605296469681769,0.00672769122521223,0.011997786740405,0.00960159779539548,0.0345769783065353,0.012266934456072,0.115331387896105,0.0495377895925835,"E02000454"
1.20801773984918,0.00742405024754566,0.00302364281190134,0.0194040558175718,0.00605304078434233,0.00682854783255416,0.0119790030233456,0.00908048038642197,0.045860694335837,0.011632996957668,0.130277090305118,9.72671644759935e-05,"E02000455"
1.05384196372973,0.00697171203334282,0.00275204194333785,0.0186038053664864,0.00564083355110232,0.00641049072043622,0.0114011317772205,0.00871345205564439,0.0412733797679593,0.0111640397539369,0.112882471859603,0.000112351987761459,"E02000456"
0.999273615528962,0.00691971368853675,0.00270768082250708,0.0183855538827967,0.00549655904601134,0.00626234452345733,0.0115274882900723,0.00864656496073362,0.0366590892739339,0.0110613434224881,0.106655339144368,0.000131645741821453,"E02000457"
1.04536595640035,0.00701708128237422,0.00268873687686433,0.018506126156756,0.0055293581985188,0.00631635066801278,0.0116766894405392,0.00854883309351065,0.0411424140914302,0.0105931660989937,0.111991695042462,0.00010940192094854,"E02000459"
1.10795196952007,0.00798407500006569,0.00310194500634441,0.0199404662783148,0.00615261233789058,0.00682327532861033,0.0122491577292707,0.00964232685458356,0.0361639989347943,0.0117553087129698,0.118264684449715,0.0499214623637566,"E02000460"
1.11411712484285,0.0071182891346577,0.00271049052755986,0.0187236877241254,0.00564949163755864,0.00644854959397887,0.0120068494051982,0.00852448506739728,0.0452472073851819,0.0105359599325457,0.11986119612879,9.41787730652654e-05,"E02000461"
1.17376264232906,0.00826459625015344,0.00316150292540239,0.0204295000857163,0.0062909358400999,0.00693754915319224,0.0124152542897908,0.00973379647893072,0.0393167712270173,0.0116829687076076,0.125723127149524,0.0508491363703352,"E02000462"
1.08377742978766,0.00798199680436189,0.00308088003470137,0.019700441582373,0.00609988254793977,0.00675081105396628,0.0120134435985813,0.00964791190828694,0.0322620437491995,0.011579020851503,0.115545713072722,0.0468174570991961,"E02000463"
1.5092952861992,0.00939812897768643,0.00387614282654695,0.0474386737096565,0.00662289681101117,0.00719452439930669,0.0175143225350033,0.0200055668904524,0.0407124059203112,0.0142257018900311,0.160165842167303,0.050294194319967,"E02000464"
1.53397227335626,0.00960185855018185,0.00413247234918033,0.0522311309291167,0.00680490992614055,0.0073886497817601,0.0179419943627451,0.0201383884397295,0.0408571573799351,0.0142312378453498,0.161897984003872,0.0559224144030889,"E02000465"
1.38350083410203,0.00861430724420247,0.00337022119233433,0.0390615182034113,0.00598754228467685,0.00664467108399522,0.0165156247694372,0.0191407992713944,0.0377602106242191,0.0135267137395678,0.147608445054292,0.0423991549319274,"E02000466"
1.45164365573083,0.00915282068732024,0.00379607194806462,0.0483056975697437,0.00639012583980862,0.0070205612698803,0.017206007051247,0.0195302274863965,0.0387347353010296,0.0137088883952456,0.153467509530025,0.0504152585177928,"E02000467"
1.27395494561634,0.00782717498954708,0.00301143821332252,0.0288464575738603,0.00548116074115719,0.00621021560811804,0.0158698094277943,0.0184687884960637,0.0357240937713948,0.0128649029747539,0.136872940819013,0.0367368532515111,"E02000468"
1.41452065935781,0.00893633900943974,0.00368353673478042,0.0470767347857763,0.00620165491779951,0.00685756369152733,0.0168925140302113,0.0192346277731538,0.0376200180975747,0.013461342162466,0.149547509404792,0.0477508460508462,"E02000469"
1.54025624657898,0.00968571152037508,0.00429119218930843,0.0539883250165311,0.00699142778630751,0.00762503063710527,0.0182643487205753,0.0201688280616114,0.040866903183026,0.014309292830097,0.162049424925173,0.062986879648827,"E02000470"
1.35691156193392,0.0085808857552762,0.00346917005101137,0.0445667227496083,0.00587042336322498,0.00656943125775114,0.0163556491158677,0.0187793079699573,0.0360025328730033,0.0130605578287361,0.143629056379218,0.043101507124866,"E02000471"
1.31833330776728,0.00833100754083926,0.00332472926980134,0.0428414513309804,0.00563174619766116,0.00636637621629718,0.0159962522717494,0.0184738322995573,0.0348817142777393,0.0127565419486441,0.139686664592109,0.0399893816636756,"E02000472"
1.49494215238835,0.00944698232972671,0.00418159215988748,0.052681028789305,0.00681842849879459,0.00748890489789277,0.017961878714568,0.019804823031103,0.0394655939028224,0.0140620542016645,0.15715877814918,0.0611866030720406,"E02000473"
1.28500439068089,0.00813610117369849,0.00324322879473716,0.0419262637503695,0.0054621404113224,0.00622949989213482,0.0157331886995077,0.018201961108687,0.0337805149415481,0.0124377697277992,0.13612530611741,0.0383516496853703,"E02000474"
1.40773140655635,0.00893052089886338,0.00381037542520416,0.0484710798647495,0.00628700699718642,0.00697134555450955,0.0170389105135938,0.0191416833458456,0.0370587314437682,0.0134151033306866,0.148343529497688,0.0510788525447116,"E02000475"
1.35700719946042,0.00861885907293954,0.0036658825758991,0.046705002348686,0.00600587553765708,0.00672100008616282,0.0165829699990886,0.0187233778484527,0.0354258586283395,0.0130692934713249,0.143020663912926,0.0467034462938768,"E02000476"
1.42302551662465,0.00905656044673166,0.00398163088435207,0.0503456407152404,0.00650906489483838,0.00723470426571087,0.0174027833441743,0.0192276198252629,0.0372798074472531,0.0136141304482874,0.149498698257897,0.0581338235368048,"E02000477"
1.51241909674694,0.00957474609080465,0.00432302577913034,0.0542493771865301,0.00704321742022703,0.00775825989162689,0.018322749834383,0.0199193740957068,0.0399508493705678,0.0143214428745781,0.158645480863073,0.0688859166770744,"E02000478"
1.38083178412137,0.0088097788549518,0.00384342079486362,0.0487358780214221,0.0062790819013869,0.00702580830389792,0.017007593542583,0.0188900358629305,0.0359818852028149,0.0133046956354653,0.145106475003658,0.0546809535600389,"E02000479"
1.29501930817776,0.0082613756518662,0.00346912187067974,0.0444586876741494,0.0056844409565678,0.00645591933916893,0.0160218366899175,0.0182320153475604,0.0334639824349615,0.0125210379159357,0.136533054710238,0.0437836272149386,"E02000480"
1.69550489489798,0.0106163007448434,0.0049680778406377,0.0619106923335183,0.00824422007339375,0.00898169648678424,0.0200624695712466,0.021417965376483,0.0465659953029253,0.0160129972339389,0.177452963977969,0.101194778719932,"E02000481"
1.59175205730406,0.0100376392200521,0.00461898718361216,0.0576900887674142,0.00757829630101417,0.00831245489527733,0.0191380974667835,0.0205497529012537,0.0426123406736593,0.0150356719790871,0.166740260925239,0.0830695839676851,"E02000482"
1.48033312940705,0.00941230956417108,0.00426286389325574,0.0536316988815718,0.00698009529154839,0.0077519814130147,0.0181421014131545,0.0196559260378826,0.0389404338576095,0.0142073150815092,0.155072388303818,0.0717833732930093,"E02000483"
1.39198479722029,0.00890281495073778,0.00394361509418031,0.0500409157685096,0.00647949302055696,0.00727976031863672,0.0172199470587564,0.0189653961574974,0.0362343268830833,0.0134454989205392,0.145958783395458,0.0633059655242866,"E02000484"
1.56083724907341,0.00987375343114768,0.00455642076335041,0.0570073453228913,0.00747475135613401,0.00824338602116017,0.0189838542430857,0.0202915377092811,0.0415683672607466,0.0149467641033519,0.163339735607224,0.0826168321506991,"E02000485"
1.46866118388162,0.00935012366843746,0.00427028003668588,0.0538255560620633,0.00700574129575631,0.00782825247807889,0.0181464885845343,0.0195631666202735,0.0384583981928669,0.0142570271402455,0.153638724885503,0.0763206951478491,"E02000486"
1.62128269604224,0.0101916548300107,0.0047830342240153,0.060470733335464,0.00802759519310002,0.0088869783879154,0.0195641123889498,0.0208472205177111,0.0437089175851364,0.01577632853317,0.169286282073942,0.103614572340626,"E02000487"
1.50986464213177,0.00958180952669085,0.00443584929851532,0.0559699236430741,0.00731636696003067,0.00817401827130713,0.0186305403227891,0.0199106605716029,0.0397072114940616,0.0147411931630453,0.157743894819967,0.0859133883562402,"E02000488"
1.46865313140418,0.00932890491629781,0.00432292260055631,0.0547670322127112,0.00708661633938225,0.00797843385975006,0.018288266587402,0.0196114279619515,0.0380355809350827,0.0144440882912097,0.153372686360334,0.0840524842144508,"E02000489"
1.50174530610873,0.00949150202683644,0.00445721660980476,0.0569735005197246,0.00732723753872903,0.00827960371669312,0.0186473452530504,0.0199633970242118,0.0385737831080152,0.0148310122529405,0.156595263296231,0.0942771893255091,"E02000490"
1.54086585569972,0.009646338747921,0.00458902100329501,0.0599690871578566,0.00742506861374471,0.00849851262743669,0.0189788583776324,0.020587945784529,0.0374676143787531,0.0150429452871186,0.16049172049773,0.105777730871574,"E02000491"
1.68541492705943,0.0106541188610332,0.0051344364769838,0.0680794133823913,0.00847477392989319,0.00946903757187451,0.0203815587491719,0.0219209079000704,0.0427171368372521,0.0170981604197526,0.174747373192471,0.128482002695311,"E02000492"
1.62104900677488,0.0102077243236242,0.00489287238365392,0.0643721548116696,0.00803179112033153,0.00908055049639529,0.0197881289775572,0.0212620837746056,0.0405699772255466,0.0161788258806737,0.168392367993037,0.118375304968019,"E02000493"
0.998132881205072,0.00785290597782523,0.00297776882366347,0.0200892753621075,0.00592626769271321,0.00651320320088461,0.0110932176518939,0.00954409765503274,0.0299339271591511,0.0128929095189116,0.105532455064352,0.0460953945607021,"E02000494"
1.05287513973557,0.00781622863996004,0.00300030800453409,0.0200970855823117,0.00597263972152029,0.00659085541751174,0.0110806243365283,0.00955022357134772,0.0321492522458309,0.0129670565557398,0.11198179578415,0.0485132828330142,"E02000495"
0.959832818424899,0.00830890518729317,0.00315391262313542,0.0207993140908927,0.00609326998252227,0.00666847024899121,0.0122259664721045,0.0100624471535766,0.0277551051719628,0.0131681539081925,0.100364245244297,0.0433463111607758,"E02000496"
1.01749701652902,0.00773585358515911,0.00298494762228487,0.0197081046860813,0.00591468990633887,0.00654830017212203,0.0116164934100945,0.00949525483764955,0.0309042386913603,0.0124377628921925,0.107925931984089,0.0460859895051344,"E02000497"
0.950764367358405,0.0080208696211843,0.00308334931202832,0.020105144725175,0.0059783272576564,0.00657718569424179,0.0122154122821368,0.00979679525252396,0.0278368747685906,0.0125975019995415,0.0996680128184904,0.0421630160833378,"E02000498"
1.02538308923634,0.00772519794319549,0.00301116217617246,0.019569548466543,0.00592843653809353,0.0065918675055754,0.0121211536442848,0.00950228094076627,0.0313725887804515,0.0120917468907142,0.108847512024429,0.0456817692837628,"E02000499"
0.95724528120899,0.00786612084342608,0.00304373873108914,0.0197528542771633,0.0059329623957461,0.0065465226319263,0.0121292524425099,0.0096583885930812,0.0281942114852982,0.0122858573401578,0.100641042903863,0.042564261890455,"E02000500"
0.979692170178284,0.00777051901547871,0.00303088667851275,0.0194408939673238,0.00594963768498049,0.0065821708969932,0.0119635354307988,0.00959689658078875,0.0288094498529959,0.0118757409507798,0.103437000861841,0.0440417263340593,"E02000501"
0.943154482971662,0.00826916472658955,0.00323401393190037,0.0201885838813693,0.00618721069136628,0.00680259410550802,0.0121630505186866,0.0103709918235873,0.0265875278579527,0.0124552363474173,0.0984161637709303,0.0423982125802575,"E02000502"
0.957499944942854,0.00792516329300739,0.0031008935144434,0.01960861460504,0.00603033592207291,0.00664778816376574,0.0119479447607303,0.00984620432707282,0.0275315823551975,0.0119685962808906,0.100609453694592,0.0428759140411067,"E02000503"
0.951843575193976,0.00852544252510386,0.00332379168167672,0.0206865304684752,0.00631810750222405,0.00692779225718714,0.0124302349018472,0.0107430506308571,0.0263818180208417,0.0128511974464151,0.0990751747132097,0.0443056671756144,"E02000504"
0.971280219420712,0.00883957543947733,0.00345476066931089,0.0212177009875342,0.00652310828232248,0.00712950465511189,0.0126714854235597,0.0113841962535039,0.0261601530967969,0.0132025668743873,0.100926985901114,0.0472534934687858,"E02000506"
0.974346156571024,0.00881096687797553,0.00347382781604975,0.0208372807340139,0.00657550096420613,0.00719123147516312,0.0124877198272049,0.0115571073567792,0.026217695070288,0.01296916372525,0.101359292100528,0.0474124706832515,"E02000507"
1.01611520726715,0.00928587969094726,0.00367136002959161,0.0218613699126729,0.00689495473313351,0.00746608450430218,0.0130046459413091,0.0126808289882087,0.0261545619463282,0.0136096327038603,0.10561393019864,0.0548101299510909,"E02000508"
1.03337763265515,0.00943802839341229,0.0037341037180267,0.0222176011762554,0.00700597362229572,0.00755149923309824,0.0131888965305084,0.013074105030336,0.0261890892661634,0.0138060945237833,0.107438705636323,0.0582500547171728,"E02000509"
1.03172809696844,0.00933759831932106,0.00371279701034527,0.0217619458407634,0.00698524945457854,0.00753716261789987,0.0130230080809274,0.012937753509247,0.0264044061482444,0.0136186116335012,0.107418626196671,0.0573714148784119,"E02000510"
1.01681834130892,0.00907596053005657,0.00360293764122462,0.0209775895691259,0.00683018000485497,0.00740807827853335,0.0127422746125091,0.0122512010419905,0.0267316181693458,0.0132182419355096,0.106075419457633,0.0533304455295219,"E02000511"
1.02610013589104,0.00923225139071796,0.00367383010130945,0.0214160323759454,0.00693257385785818,0.00749246230993498,0.01290074411814,0.0126824242917172,0.0265413503810273,0.0134569892868154,0.106921671647618,0.0560087998088773,"E02000512"
1.0577979647248,0.00909729300876116,0.00356968308342234,0.0206617729546405,0.00684208929319546,0.00741934699562396,0.0128686807415506,0.0119622957928959,0.0278316945994072,0.0130991254238689,0.111048577995813,0.0535033287751813,"E02000513"
1.06700456905385,0.00934628132766187,0.0037029043079277,0.0211372341519791,0.00702851817254568,0.00758354781493811,0.0131104904950104,0.0126966496896618,0.0276365314328174,0.0135440987918162,0.111741991435247,0.0579684172214794,"E02000514"
1.09998338988317,0.0099800989020144,0.0039865983361965,0.023358316738822,0.00740527584401948,0.00792177184010543,0.0137341870535582,0.0148411865506391,0.0268188295449988,0.0146412929529844,0.114554109456953,0.0671633762821792,"E02000515"
1.13514491747212,0.00948686616015222,0.00367623261174531,0.0210321563417675,0.00707858762511653,0.00764182393359,0.013413158073377,0.0123570850377135,0.0292597869966337,0.0135246312421853,0.119805200242012,0.0588670466442861,"E02000516"
1.08598287333458,0.00970635457517438,0.00387295860662432,0.0221456748023552,0.00724987109886399,0.00778972826327217,0.0134303434366984,0.0138358686173058,0.0272924250251671,0.0141429579763585,0.113409908215676,0.0630513636053626,"E02000517"
1.10626534764661,0.00996090885768222,0.00398288584195508,0.0229817181974284,0.00740526753252453,0.00792926662827409,0.0136990922339461,0.0146825546351625,0.0271735998622505,0.0145769137876032,0.115394673508013,0.0671250815992779,"E02000518"
1.13222234120051,0.00989514984182027,0.00389221572628451,0.0218356541087427,0.00732132360031061,0.00787475686707395,0.01379120420937,0.0136208439589573,0.0285634355582632,0.0142766979338892,0.118829804814015,0.0644632381146181,"E02000519"
1.14925158285693,0.0101973325915545,0.00403958464797759,0.0226831270022699,0.00752118813997812,0.00805148287287799,0.0140510798766152,0.0146469102026889,0.028335528147515,0.0148055928586245,0.120359069053123,0.0701642113751795,"E02000520"
1.18656251962243,0.0106921695606387,0.004255517631226,0.0242963985027859,0.00779441204973095,0.00833164597987636,0.0145585598313051,0.0164001091594409,0.0282572659343332,0.0157440815805206,0.12397572103003,0.0775560708423465,"E02000521"
1.17243578058577,0.0105790105478573,0.00423298610253151,0.0245018172206094,0.00777216662550947,0.00828795459462146,0.0143937694336226,0.0164750493897686,0.027796426187878,0.0156553067014555,0.122343031406858,0.078067084667765,"E02000522"
1.22284147374142,0.0110450684132785,0.00431038815130863,0.0241504707896546,0.00789532588176152,0.00845733279517216,0.0149744899112976,0.016354668976292,0.0291555468714501,0.0159530440285968,0.128043225281358,0.0801061815199039,"E02000523"
1.33069729026978,0.012439931225232,0.00483350300430737,0.0285450655952197,0.00855954329363281,0.00925980620472747,0.0163627650279671,0.020777026017453,0.0297340428497666,0.0187099025420373,0.138664358265689,0.101293027749659,"E02000524"
1.32073964056192,0.0124636187638703,0.00470959373319638,0.0267909121622052,0.00843181140924359,0.00912857884036209,0.0163609797455618,0.0192651573827697,0.0301589454153876,0.0177957918724543,0.137900695101104,0.0946077123713684,"E02000525"
1.07488586654155,0.00940359193683649,0.00573017575372247,0.0168393032790037,0.00773757710822653,0.0107303682744645,0.014257964702164,0.0137211459702474,0.0158445950476331,0.0132442779599802,0.111263568091617,4.70977624764903e-05,"E02000526"
1.33126445515888,0.0131331218875031,0.00469390265103833,0.0253269207108745,0.00859451410835554,0.00942641886551599,0.0160569130716393,0.0178845856363954,0.0317899799106617,0.0170896978294546,0.138889087754666,0.0987450280104083,"E02000529"
1.28974981017847,0.0121972050231137,0.00454095696801408,0.0250589660621075,0.00829713605769842,0.00894968061148257,0.0157858171680906,0.0174448969621218,0.0304823028916389,0.0168286025758579,0.134827014932219,0.0910764624251158,"E02000530"
1.7905789975126,0.0165116758571945,0.00552641577480116,0.0304318898930793,0.010412787347855,0.0134623583461492,0.0173989580538737,0.0205870743406225,0.0472052032978816,0.0190419130653438,0.189072272898005,0.144215499626456,"E02000531"
1.11582175321207,0.0099880656337245,0.00587091304052328,0.0177967650734755,0.00832085905674341,0.0114305968078059,0.014416832008306,0.0151009827787832,0.0200149012183066,0.0138326544171988,0.115106871658247,5.1153544444515e-05,"E02000532"
2.11333672803436,0.0191611937265301,0.00870173834805085,0.0372477986721268,0.015074773713229,0.0194917264187324,0.0221699450142761,0.0255518726573528,0.0368887835530662,0.0229575548480807,0.219959109041074,0.230681249579394,"E02000533"
1.53844763909128,0.014544731753598,0.00494213937385731,0.0268156878022311,0.00910937492062935,0.0108701532985118,0.0161772099688782,0.018350325353851,0.0376672283983684,0.0173284674021251,0.162092247656297,0.11285019044645,"E02000534"
1.34155388530192,0.0135103448002443,0.00483856868670497,0.0266725859205045,0.00875450550312868,0.00959738259468148,0.0163241394549068,0.0194488093529811,0.0312805985840667,0.0179066696500929,0.139482431561077,0.103643651343035,"E02000535"
1.3834131372394,0.0145736811027291,0.00507012925374812,0.0275184686448349,0.00912483000823858,0.0102850213674498,0.0165221734837052,0.0208084176271099,0.0323696094949386,0.0183399181535457,0.143270706901113,0.113156355824374,"E02000536"
1.42790257568397,0.0149576184805335,0.00513895958059151,0.0274106793180729,0.00928240400530685,0.0107820483905297,0.0164571856483527,0.0206716484400641,0.0340751124662606,0.0181233555602229,0.14822308975042,0.117446010246632,"E02000537"
1.38216506511142,0.0140366320407421,0.00504218183618697,0.0286494732325053,0.00896596900283768,0.00988688774358796,0.0168193533928963,0.0215755333918377,0.0312224287574139,0.0190541455161488,0.143442572963391,0.109460257718509,"E02000538"
1.68105958903483,0.0171297880157362,0.00578449758247434,0.0305087744894118,0.0103329094976142,0.0128267987233469,0.0167151968563875,0.0248567757230664,0.0406833077127252,0.0195878198567643,0.175648893945498,0.144157918772824,"E02000539"
1.49796855628188,0.0161566743693244,0.00556098544546758,0.029738024988385,0.00987088391554729,0.0118225488927385,0.0165271335203825,0.0246292895739753,0.0354622398323712,0.0192885464370682,0.154764818082126,0.131937189398993,"E02000540"
1.41547180821387,0.0149626537696948,0.00525900884098802,0.0296969493821358,0.00929227217233582,0.0104598837371498,0.0170656193989608,0.0231635776542704,0.0319147830345652,0.0195797402819672,0.146291325144042,0.117117638503024,"E02000541"
1.42799131356301,0.015440336664486,0.00537420353111799,0.0298636860396793,0.0095069017424304,0.0108966589323795,0.0168351566358339,0.0238689672987906,0.0325851040463331,0.0195572904420541,0.147204568457495,0.122664960627523,"E02000542"
1.45988561456104,0.0159485411948458,0.00558504881934088,0.0309315528544655,0.00984617323811766,0.0115046315842366,0.0166856497323224,0.0256609661654416,0.033545506395085,0.0199311968305571,0.150128045318117,0.131454564081206,"E02000543"
1.54838454614382,0.0168057427027488,0.00593656999310851,0.0326394827777934,0.0103575911215521,0.0124392058479997,0.0167630251278835,0.0286102964869902,0.0359211288580751,0.0205386365826294,0.159342678431906,0.142150587328091,"E02000544"
1.6842403328787,0.017460959975415,0.00611111242123179,0.0329682235194651,0.0108598741239569,0.0130507593651524,0.0166520456490297,0.0285062007087691,0.0395815834137868,0.0206501982053842,0.174943496018321,0.155936800380392,"E02000545"
1.46715664387475,0.015746758330433,0.00563427490715045,0.032634426159986,0.00978601063684214,0.0112425961088033,0.017090584487784,0.0260907448935932,0.0325774429191993,0.0208287223375952,0.150972490116873,0.132172915835076,"E02000546"
1.44902324565324,0.0149082986084852,0.00541670342106047,0.032173347766384,0.00937855846404114,0.0104946206160736,0.0173737680993325,0.0245608884299707,0.0316008970598032,0.0208653041559406,0.149890375502418,0.12361894291734,"E02000547"
1.46720443208786,0.0147169855278683,0.00552128421840695,0.0336833915950126,0.00939656633982217,0.0104561545427427,0.0173362402991883,0.0249736111837681,0.0314908045514709,0.021562258645132,0.151973862657485,0.13189087638573,"E02000548"
1.50665475164581,0.0158592941228519,0.005874779422414,0.0356241180514901,0.00996573993979952,0.0113956649029582,0.0176408725894061,0.0273669245256981,0.0325393655863392,0.0221219123467155,0.155011410048737,0.140883275906284,"E02000549"
1.50836880008063,0.0156060703369903,0.00585026888092844,0.0360104236136104,0.00983961724479123,0.0111354409427791,0.0177527641655128,0.0268949273751191,0.0322196097122895,0.0223798863390055,0.155492007859226,0.141588780808496,"E02000550"
1.56040588455745,0.016309087484653,0.00631139346769348,0.0396998560133633,0.010552107520455,0.0120742136323422,0.0181574865422327,0.0294002478713662,0.0334466286169754,0.0232403264199018,0.159954122337357,0.157850197572749,"E02000551"
1.53075129592974,0.0156832631561325,0.00601874343146389,0.0378012749060045,0.00997694439802859,0.0112423400503975,0.0179839248085473,0.0274022419646133,0.0323622721311159,0.0229951137784118,0.157738714054006,0.150269729777705,"E02000552"
1.59253325857714,0.0164134785495503,0.00655864526405339,0.0425972474011793,0.0107686397451223,0.0121578003436137,0.0186834615930527,0.0296973656245326,0.0335994234785348,0.0240858112530638,0.163142492908444,0.169253084217358,"E02000553"
1.47917594920079,0.00911411883085857,0.00897689142523414,0.0250762587475012,0.00766321725547525,0.00828634609799314,0.0177169747223963,0.023932292861511,0.0265395021871167,0.0150508815283335,0.15788546854614,0.0721761710187014,"E02000554"
1.41621708114959,0.00872550704470979,0.00923968243647217,0.0220907829786552,0.00731469488282901,0.00774004950319307,0.0170315671807118,0.0210866854601738,0.0221984859099327,0.0149291487221725,0.151184511589,0.063502840081813,"E02000555"
1.3659479861311,0.00912295962686932,0.0077106196985356,0.0239719796543863,0.00737807978636921,0.00809242169204901,0.0168141159065678,0.0240645016707218,0.0248056315531607,0.0154387763598355,0.145142912218266,0.0643503235725462,"E02000556"
1.22207712145798,0.00817531991691899,0.00843322604755607,0.0187650493252715,0.0066251135078902,0.00694562538253058,0.0153644110022323,0.0176417981320942,0.0170345874657794,0.0146625420099674,0.129709082669521,0.0489622253590827,"E02000557"
1.26355232113924,0.00916910454913237,0.00660784460210235,0.0242291903898855,0.00714867372904087,0.0079936296228709,0.016265053837823,0.0245490842316911,0.0238606248802229,0.0156683922336302,0.133328608719866,0.0584103215615297,"E02000558"
1.26332917460263,0.00958188844726926,0.00619254735142217,0.0278790971950502,0.00707787702915697,0.00829776647493718,0.0166787995882871,0.0257488625842396,0.0255896917891724,0.0150979373186725,0.13275683758443,0.0614127633837519,"E02000559"
1.15771244029642,0.00852202522591778,0.00631643399171834,0.0205290809362017,0.00679723013057234,0.00739621740019742,0.015127819961587,0.022750817873985,0.0197205073152446,0.0153117257291334,0.121896379732154,0.0489376712500357,"E02000560"
1.08375211609516,0.00800933218700699,0.00691510974911733,0.0176952653718751,0.00641279763162812,0.00675143091997558,0.0142464868654788,0.0186215848558255,0.0155895445442236,0.0146216994833403,0.114043364169883,0.0407626967139996,"E02000561"
1.23083480741406,0.00960060117770558,0.00583661570755531,0.0289827598731667,0.0068859991681576,0.00824493171743187,0.0166307636460289,0.0264313421679132,0.0252256265606868,0.0139898390007487,0.12891748439425,0.0594381495731962,"E02000562"
1.0316611514777,0.0079996428236046,0.00636594322186562,0.0175857324829735,0.00650887594700836,0.00664912408230442,0.013953937392218,0.0205794206315632,0.0151959198858734,0.015232068887876,0.107747757372002,0.0343111961678556,"E02000563"
1.07358473120431,0.00826937147245773,0.0055358631218315,0.019933883647056,0.00656781578526865,0.00717557073207754,0.0146542336483996,0.0233152899770418,0.0183723955650878,0.0145817259259216,0.112381519097999,0.0429310279738351,"E02000564"
1.35658274769639,0.0108251237710013,0.00641337730089378,0.0371981652257994,0.00710357478669571,0.00881177211644511,0.0180022620209814,0.0284526128300949,0.027455204829828,0.0130722100321403,0.14183857849262,0.0654281130299944,"E02000565"
1.10684378488031,0.00858036863175114,0.00533199489543934,0.0221724693122319,0.00660956683684455,0.00743191481381651,0.0153055097298276,0.0254570147023497,0.0202946388209436,0.0137276303199562,0.115825438884095,0.0464557515388205,"E02000566"
1.27530565710879,0.00997903687827967,0.00588258159167174,0.0316338903374453,0.00689809673002161,0.0082639649423239,0.0172365613338036,0.0280916965661229,0.0253219844121989,0.0125124536514395,0.133610185268205,0.0598967341716926,"E02000567"
0.978896299668229,0.00786545982467779,0.00531356833954646,0.0174898900995841,0.00640999849545956,0.00665701017411158,0.0138546875455463,0.021957106985788,0.0147583311592465,0.0139514417171026,0.101810418247908,0.0322997829985561,"E02000568"
1.15657889600167,0.00889674983360083,0.00532077316763923,0.0242847665254313,0.00667220944252706,0.00759690198565072,0.0159383487972775,0.0272005342639941,0.0214596970654663,0.0125852990999226,0.121223073496193,0.0494550795749962,"E02000569"
1.03245740620822,0.00814101075683274,0.00503081160908457,0.0191526307683563,0.0064896507578771,0.00696322501993267,0.0144868895390927,0.0250391468620124,0.016553309752892,0.012923101541349,0.107729448321062,0.0376419803302123,"E02000570"
1.21581883592059,0.00923945004058537,0.00543350618502526,0.0256138128696177,0.00678344675631682,0.00767282721710495,0.01631574510296,0.0288909663307743,0.0219876337082698,0.0120337866248065,0.127764339017433,0.0526662956777635,"E02000571"
1.00074047038851,0.0081853471933397,0.00507611435884847,0.0177128600571506,0.00650244433113922,0.00677914375425981,0.0141449085133898,0.0238800387499406,0.0146902696251052,0.0132290637214061,0.104115417936686,0.03375891020432,"E02000572"
1.12227782377797,0.00869454163751638,0.00512691563962798,0.0209049684694042,0.00667475443765508,0.00720681713790192,0.0151839509242242,0.0279980296302811,0.0182011976035533,0.0122094253196315,0.117646981257491,0.0437034334988579,"E02000573"
1.06178898386583,0.008616107362142,0.00508877392655375,0.0184434646375677,0.00657548661559731,0.00695867655191634,0.0145635432687577,0.0256276936814904,0.0154899490843171,0.0126292733310024,0.110981784300499,0.0393900293931327,"E02000574"
1.2268311210919,0.0097847985006531,0.00540759543364169,0.0210552812640448,0.00690679118108857,0.00728782846046098,0.0154738649110395,0.0293203325949697,0.0181775441678283,0.0118598509363345,0.129297564204157,0.0511051746759709,"E02000575"
1.35273603689723,0.0103299220819832,0.00570941021361792,0.0260369350349851,0.0072267443171415,0.00763323987965795,0.0163919860411524,0.0309621588752831,0.0217922079306372,0.0115008907862422,0.143081612967736,0.0609251761212325,"E02000576"
1.63674811560929,0.0120570772942893,0.010665595376027,0.0250027765744188,0.0111812689506108,0.0106752386420044,0.0216633938502255,0.0144794320318826,0.0211341969270255,0.0186573483853198,0.172046939624522,0.12276239072886,"E02000577"
1.72980079803097,0.0128833971254428,0.0106556260181769,0.0264509113144834,0.0118814295684657,0.0115503328730859,0.0215383561707187,0.0153227665251164,0.0223120113045741,0.019436952934554,0.181966973646225,0.134720290027098,"E02000578"
1.81693345135487,0.0135625996348729,0.0128510792067043,0.0280906887653165,0.0125320126325319,0.0126371093333469,0.0221704284427043,0.016175682155884,0.0233536199024845,0.020091099023082,0.190398618442324,0.143741095456689,"E02000579"
1.7315860666243,0.0125048379742227,0.0163640226164245,0.0265903777898736,0.0117206689947725,0.0112840910867683,0.0231378399160121,0.0150531980375261,0.0217902302669482,0.0189912768843832,0.180050679113612,0.123055304452468,"E02000580"
1.90434486607573,0.0138915146455794,0.0180463288556473,0.0293828448911426,0.0128071746382539,0.0132569087274396,0.0231276520679605,0.0166633843498328,0.0239610579539612,0.0204329632908515,0.197955798511094,0.147339892307238,"E02000581"
1.83740158612168,0.0130631555565406,0.0181805993191739,0.0277819579012297,0.0120674902480367,0.0116039620820198,0.0239081047556487,0.0158302546593479,0.0224413885148364,0.0195340192273267,0.191152816433531,0.130026641380514,"E02000582"
1.91935333620587,0.0137386482891512,0.0197257107956809,0.0292202883882174,0.0126402915501075,0.0128854530269769,0.0236210287424139,0.0165082479388514,0.0237499703819776,0.0202557303919238,0.199151951294796,0.144250590665946,"E02000583"
1.99956619727821,0.0142623663797035,0.0190167794650997,0.0295601794520458,0.012904711585366,0.0122792190481571,0.0243328716889369,0.0176171936378221,0.0237633663265441,0.0209680731876708,0.208741800153428,0.149487098146203,"E02000584"
1.03521490661488,0.0078891566570496,0.00873683511241493,0.0160892666917519,0.00714778485787868,0.00595396897696225,0.0171866629496863,0.0102117252843918,0.0128443087929235,0.0128640716975989,0.107565933356332,4.68534763288007e-05,"E02000585"
1.039649210466,0.00845738118427132,0.00880672923689179,0.0164936400540005,0.00752934074506182,0.00577743340751228,0.0171393482832822,0.0158354936936465,0.0125256401290083,0.0158971722438774,0.107023646779131,5.01979530641692e-05,"E02000586"
1.04954654782642,0.00832487489085591,0.0092013700481467,0.0166216402225679,0.00735749493709361,0.00594332453467965,0.0176836655418062,0.0120584456942027,0.0128603458609891,0.0139166019793605,0.108488390013456,4.84989895882176e-05,"E02000587"
2.31835434553617,0.0174279307772396,0.0180546130002197,0.0328594386700494,0.0139859432050654,0.0132232657490245,0.0221504293067843,0.0310603049564537,0.0252556408269268,0.0206137013089797,0.244351106166779,0.176960012828701,"E02000588"
1.07665370134888,0.00894848039273066,0.0093457848987325,0.0173016732944198,0.0076828734600279,0.00629329212188157,0.0176873805961283,0.0171744820984905,0.0130012211588992,0.0157419389789531,0.110700371500832,5.07719220708975e-05,"E02000589"
1.01460521413169,0.00852351389661372,0.00842424866666538,0.0153460279514305,0.00738137984037523,0.00579989513274031,0.014341687351033,0.0245945374172611,0.0122056701097741,0.0138357738897813,0.104095970829185,5.1266530760382e-05,"E02000590"
1.10956110097855,0.00901929309285842,0.0104126588682947,0.01779070960296,0.00756877823789964,0.00700029071082215,0.0182104349766214,0.0143532711153566,0.0134224764651833,0.0145828712534975,0.11427099545462,5.03969098455206e-05,"E02000591"
1.0489433210491,0.0089462389199196,0.00884294535480342,0.0167041728792376,0.00760696802050395,0.00611351974753518,0.0159882432915019,0.0226136963029832,0.0126432693306471,0.0154663530567818,0.107496251678004,5.08702593728145e-05,"E02000592"
1.10051959306205,0.0095322625937512,0.010122414182487,0.01803272565762,0.00780325641178723,0.00726423652926901,0.0172753551968267,0.0202577126118299,0.0134144106954034,0.0155045537667808,0.112513728872228,5.09782108006588e-05,"E02000593"
1.00626023916296,0.00865470624294131,0.00843985711493452,0.0149115665810068,0.00713669825144888,0.00623669736824997,0.0136783276528749,0.0255170203336722,0.0120828337535326,0.0123322863106241,0.1031831479513,5.11898396605727e-05,"E02000594"
1.05878665626722,0.00941883646595188,0.0089579121333713,0.0170884736412759,0.00755837016095452,0.0069451031739628,0.0151082055191463,0.0249970659943183,0.0127758223658769,0.0133954428614137,0.108248268011131,5.10785493213028e-05,"E02000595"
1.10796666547178,0.00998923290242526,0.00996776499390864,0.0185801232292747,0.00792456807510709,0.00780764093848445,0.0165640194500463,0.0242135129103354,0.0134099225279858,0.0152769799673088,0.112796036638156,5.1450929544055e-05,"E02000596"
1.13631342605119,0.0107387147777811,0.010591454703403,0.0198055139478919,0.00813416530038358,0.00912976363505164,0.0161036448529522,0.0251196543732438,0.0137728218577241,0.0142984450172143,0.114982216032805,5.21703771284895e-05,"E02000597"
2.00036037509823,0.0196391581241783,0.00945661817553149,0.0636333709478662,0.0133460115266082,0.0133831853965396,0.0206229972523355,0.0306625092088008,0.0545225183597192,0.0278564881748366,0.205179565508487,0.182310700453517,"E02000598"
1.92611662515871,0.0202853209962157,0.0156819162890916,0.0760938866622526,0.011835981166345,0.0116410795702459,0.0200262350977226,0.0276251145407822,0.0556817758202055,0.0256934262958828,0.192818428134597,0.153494562896861,"E02000599"
1.85402948431474,0.019018582289797,0.0110972374439745,0.0731628497176323,0.0119255166549175,0.0118613023158927,0.0198826123481934,0.0277840471838205,0.0547588695278597,0.0253515883291446,0.186810743162346,0.153642680972266,"E02000600"
1.91617678609892,0.0188338444548886,0.0102158274049942,0.0708756488483095,0.0125418418328942,0.0124532486928736,0.0202838405238395,0.029203155019617,0.0547299104081582,0.0263054723902368,0.194703609715364,0.163122370445506,"E02000601"
1.83414015082975,0.0182465224881758,0.0109128005477552,0.0759569590070345,0.0118072997015194,0.0112613880112984,0.0197320434215056,0.027942511971857,0.0551993916213476,0.0242894699745949,0.184471857666617,0.145606152546111,"E02000602"
1.81932352340418,0.0186301386717759,0.0129427619198613,0.0786856145740518,0.0115313390107032,0.0106779809915036,0.0195448760241942,0.0273765231601626,0.0583537798731618,0.0237315751863606,0.181410125881055,0.139270374289186,"E02000603"
1.81814888916561,0.0187991748833329,0.0163921707822718,0.0776139855235485,0.0112524134711336,0.00971701064080273,0.0194466946172261,0.0266593599946793,0.0631352157362945,0.0231463500402129,0.18034487009175,0.129068368821288,"E02000604"
1.80854654596045,0.01872005918385,0.0152543300399971,0.0795258149632296,0.0113703137725596,0.0101107277483525,0.0194257397028935,0.0271092125735435,0.0617103132271258,0.0232698558131515,0.179069081099201,0.132540576941895,"E02000605"
1.86075332602858,0.0180138387850826,0.0106423276945469,0.0756362117779089,0.0119506895292852,0.0112893696769344,0.0198412274544225,0.0286551481447577,0.0544427006150354,0.0242627189879621,0.187913051786152,0.149746949087044,"E02000606"
1.81145701873961,0.0180768260456202,0.0116367675640775,0.0779038639051817,0.0114970389339045,0.0104861869451028,0.0194357983579273,0.027696718846697,0.0571769300681073,0.0232755074184907,0.181429546736986,0.139149190349872,"E02000607"
1.85154525461837,0.0177766181355633,0.0107747994512188,0.0764686440917578,0.0117075570850688,0.010754170770668,0.0195967386433521,0.0286265264866103,0.0547263242272251,0.0234892599056213,0.186935112787298,0.147507516246395,"E02000608"
1.76218387250531,0.0173845556073017,0.0156385022409807,0.0755791062716296,0.0109582633714087,0.0094883482924549,0.0191956243029776,0.0265775873682314,0.0607116945832571,0.0225105279075695,0.175188754460758,0.124565206945818,"E02000609"
1.83575972510956,0.0177529969220503,0.0111220869039131,0.0774577849501237,0.0115310580514906,0.0103607252423662,0.0194077148017117,0.0283020730319062,0.0562840694807877,0.0230856262537393,0.184852264342752,0.142628863416123,"E02000610"
1.80552830049367,0.0179377054643161,0.013385363610007,0.0783086702067669,0.0113243310740984,0.00994526912930638,0.0193036747103064,0.0275850581292855,0.0608750883444836,0.0228908822016465,0.180215684741628,0.134052418093484,"E02000611"
1.73426880066525,0.016154059868642,0.0147940842007198,0.0710403299725956,0.0104748848928774,0.00907620565868926,0.0191598427074909,0.0257320948614988,0.0582597121939986,0.0220140124478239,0.174274223036881,0.115627458745245,"E02000612"
1.84329969614376,0.0176647994920006,0.011559453092456,0.0778641304131745,0.0114656226578292,0.0101108617383407,0.0193568752269796,0.0283624009007654,0.05820388347936,0.022930986651419,0.185669523966628,0.14155576860255,"E02000613"
1.81405664617047,0.017043685372333,0.0144432058353209,0.0767365764022917,0.0111350803885086,0.00966860563025281,0.019235754485808,0.0276297073423801,0.0602066946196826,0.022589311149003,0.181937418001943,0.131719844930255,"E02000614"
1.85194475322843,0.0172376238576131,0.0116489218743225,0.0771449145048125,0.0113355048301031,0.00992426207367381,0.0192673293423422,0.0285030051168777,0.0580603021959173,0.0227415568458025,0.187224445162966,0.143339322057682,"E02000615"
1.84648681281672,0.0164741598193069,0.0133844050679431,0.0758537042958313,0.0110816643960986,0.00966556783104733,0.0192195470810837,0.0282244794266097,0.058442438588107,0.0224235525622361,0.186918906050633,0.138106762093927,"E02000616"
1.87541776513417,0.0162154182755553,0.0119983638033085,0.0757750646427465,0.0110809641471648,0.00974712305407671,0.019227714617192,0.0288779530631391,0.0564011948005216,0.0223934636317601,0.191080335468956,0.150501360297574,"E02000617"
1.67466156953071,0.0152370351181568,0.00764524683054295,0.0310780583347439,0.0109082379153617,0.0100401476734169,0.0187062942800493,0.0340700900913543,0.0230984733702138,0.0137628268901869,0.175060261779072,0.103961998024189,"E02000619"
1.72414369994219,0.0161432214864229,0.00837048422656948,0.033178704763724,0.011384073423499,0.0107687553471637,0.0193908404651669,0.0344028417865382,0.0236957501508641,0.0150412215894492,0.179555191271887,0.113840711424864,"E02000620"
1.80700729165545,0.0181600232823301,0.0103691260519239,0.0362936733074143,0.0118840731230709,0.0118080014677355,0.0203114850893005,0.0346589518164482,0.0249900674438399,0.0171003508080986,0.186802447219604,0.129775201970758,"E02000621"
1.76996813930651,0.0177008516354962,0.00894913106089447,0.0409116201864045,0.0113408198920858,0.0113243623202609,0.0195042711092704,0.0337770673200028,0.0280022139884787,0.0155908590021619,0.183236489269769,0.121419377595086,"E02000622"
1.8558250661997,0.01975157001242,0.0122604693754115,0.0402776528100728,0.0118376489073814,0.0121612805555021,0.0205035718838269,0.0342940654750202,0.0272423764369853,0.0175251291606072,0.190688439650413,0.135953334087606,"E02000623"
1.79948265948161,0.0191943509696328,0.0101356687073103,0.0436988012790065,0.0114605128522214,0.0115567934969282,0.0197060428651001,0.0334742118844927,0.0307325173978489,0.0163696743147208,0.185080486287228,0.125951433170567,"E02000624"
1.91637713801471,0.0206745695789751,0.0152696521186378,0.0424313971050329,0.0116989198734426,0.0123339310413011,0.0205835263050699,0.0335591573885879,0.028507155818545,0.0177109353628895,0.196210837551822,0.140490587353171,"E02000625"
1.74814034845224,0.0182104553230999,0.00919405356700314,0.0432952848692032,0.0110059226477946,0.0108470048120482,0.0189124758696528,0.031707659857273,0.0347052675300173,0.0152408029990879,0.180452275928098,0.118365286298332,"E02000626"
1.86684831465997,0.0209047599120917,0.0144649333940303,0.0459232007206133,0.011274010766185,0.0116238031221908,0.0199001811077938,0.0325801681922,0.0323963186541372,0.016872217540135,0.190535780611503,0.129833786932517,"E02000627"
1.78494952296156,0.0197630329735445,0.0116221319151768,0.0448525193805767,0.0109834319867589,0.0108655675222267,0.0191341408270845,0.0315709048695734,0.0354705312489801,0.0158009830050492,0.182992390541594,0.119856304513837,"E02000628"
1.97719734569485,0.0212517238764654,0.0180618348616417,0.0456863949549961,0.0115632486231337,0.0122766177895736,0.0206050261263828,0.0325691107245445,0.0302133884022829,0.0176759449064836,0.201869756513652,0.141220745101407,"E02000629"
2.05947911044206,0.0216864515126201,0.0194231399239398,0.0472670393533814,0.0119787614344573,0.01289007826857,0.0211664249693413,0.0320261635076183,0.0299099332535766,0.0182397371271768,0.210437785189384,0.152834965614282,"E02000630"
1.73591254206084,0.0170793156660065,0.00950971984660302,0.0411580581895566,0.0106022917205455,0.0100191715650833,0.0181579083077589,0.0295318903226825,0.0392254362096389,0.014451054623491,0.180448845293611,0.107078713175579,"E02000631"
1.92796458749185,0.0215753881175696,0.017140180882723,0.048697314942918,0.0109051444336595,0.0109863770269963,0.0196824327588226,0.0310293173801444,0.0354049009636296,0.0164745186798904,0.196652280915428,0.122795724238144,"E02000632"
1.87104328737721,0.020306985759089,0.0157427744505999,0.0465610391516217,0.0104794996799617,0.0102203741901102,0.0188571028932207,0.0300666123269934,0.0378322107895843,0.0154303994459385,0.191958034545106,0.111182048341024,"E02000633"
1.95568889709892,0.0213638989041483,0.0173549728889205,0.0487537660819775,0.0109129780060908,0.0111310048757813,0.0199900597613993,0.0304988158392419,0.0336337290822189,0.0168709106163785,0.200111674621784,0.12830394195763,"E02000634"
1.88717245396918,0.0174360897066424,0.014716558580346,0.0416097262121784,0.00962631906147841,0.0091830902637074,0.017768851516048,0.0276757796286346,0.0400278943312168,0.0142082899728627,0.197529997462637,0.0944699039255222,"E02000635"
2.00942760203303,0.0214908380329049,0.0173912944666603,0.0509326261603764,0.0109606587098821,0.010993219741275,0.0200332345780663,0.0295335370386432,0.0348584586126815,0.0168639564817975,0.20644250565049,0.125714546953904,"E02000636"
1.93275745645915,0.0187400176120616,0.0145277641115669,0.0436760246665526,0.00959558255846028,0.00936305169895657,0.0182971044357519,0.0279402478901728,0.0391898961282939,0.0148170341226186,0.202112482478806,0.0967376560484121,"E02000637"
1.96307339483411,0.0184467986706822,0.0140900541030233,0.043573148393568,0.0094428189114413,0.0092751833445101,0.0182738813201582,0.0273156145051996,0.0383488456901689,0.0149046641411067,0.206246482471893,0.0945232738963232,"E02000638"
2.06485628112092,0.0182785803076696,0.0139259076485046,0.0439052973489928,0.00944280125812291,0.00925350249216671,0.0182172692704563,0.0266935021865915,0.0381905820069575,0.0148848523451988,0.218544898416452,0.090509675220051,"E02000639"
2.03733300268177,0.0181192138939532,0.0141511946101868,0.0453999621556571,0.00955626156699596,0.0093945695875079,0.0184148062427078,0.0263563133802184,0.035872355289583,0.0152477400817638,0.215090819818117,0.0952840501842085,"E02000640"
2.1771741874251,0.0150335650502833,0.012148203973707,0.0364643289599366,0.00849888713531425,0.00831313825636082,0.0166969657275357,0.0244190882143073,0.0402624765771255,0.0133550110431061,0.235081071994787,0.072741442504364,"E02000641"
2.13759402131374,0.0125528237750862,0.0109046818791625,0.0330526850474297,0.00780647300250272,0.00764868641841024,0.0156676232803866,0.0220561761480799,0.0415282211072462,0.0120990279316672,0.232423619920221,0.000665937346307498,"E02000642"
2.18448964265167,0.0135326924964718,0.0109678841033504,0.0351989114149343,0.0082649723070991,0.00801072356291129,0.0163418219780275,0.0225086145868337,0.0391945248684836,0.0128359729155077,0.237160141023667,0.0643594366349844,"E02000643"
2.22852203838447,0.0124726017468288,0.0102878279752978,0.0348894159287237,0.0081245714403623,0.00785177606759717,0.016297019025415,0.0221050334818353,0.0438521838147399,0.0126284608223789,0.242836293519863,0.000251752516831611,"E02000644"
2.27620381347113,0.0118689079242997,0.00987939911532698,0.0360158660950175,0.00811611068284161,0.00784189083921604,0.0165347286961082,0.0218221810723301,0.0470707179637668,0.0123818185663041,0.248497577283121,0.000214607832610692,"E02000645"
2.27171198592697,0.0130581046000893,0.0107317578653759,0.0385028904162474,0.00853980235632895,0.00819661097067347,0.0169812284528301,0.0226024015075745,0.0436397290336707,0.0133017666442084,0.247059077250461,0.000260617921404646,"E02000646"
2.25511756238874,0.0118935042645656,0.00972051377383158,0.0398268477586703,0.00819484167596428,0.00787012514390423,0.0171209652579383,0.0219458201703783,0.0483417116252153,0.0127661274655833,0.245758844868524,0.000203458983009032,"E02000647"
2.27736564612662,0.0116828273115452,0.00948603763936454,0.0401173679268624,0.00818678050924275,0.00793393219597408,0.0173408265948879,0.0218632549279619,0.0495051703210832,0.0124126139095449,0.248381902132821,0.000199964097856583,"E02000648"
2.31128589609026,0.0124085682337044,0.0101845383063983,0.0448417237006663,0.00850241162942483,0.00819275436953089,0.0179979836214068,0.0227840985035567,0.0495605347164597,0.0137824918302711,0.251339974268038,0.000204360382171696,"E02000649"
2.33423168572256,0.0117125358777159,0.0094884956968064,0.0420995487231342,0.00839662361915856,0.00828128073434834,0.0183306765623517,0.0223578195142,0.0497021349276441,0.0123901874318985,0.254574724058437,0.000198511463522167,"E02000650"
2.29417314397926,0.0121157737883191,0.00978129583952862,0.049910674290789,0.00827653949731709,0.00807466390234541,0.0184862253481793,0.0227157273168749,0.0512503110512794,0.0137542115159368,0.249087867898472,0.00019218858790896,"E02000651"
2.30466329204463,0.0121314602389375,0.00994117597335414,0.0549481916610309,0.00828978619708229,0.00817576734768175,0.0193601454234787,0.0232998056044205,0.0514767154297363,0.0151528746180371,0.249618177893677,0.000195470338392254,"E02000652"
2.0094090721832,0.0134993881968762,0.00704429258433777,0.0444852059863979,0.00900761697099706,0.0125693960115147,0.0217915463105162,0.0307063681927938,0.0450252182499514,0.0115503380524014,0.215137599484579,0.112132575025549,"E02000653"
2.01380286045066,0.0132918069129142,0.00710262449516881,0.0444917772379509,0.00893154282318372,0.0127346572652792,0.0227432654324868,0.0295050558063889,0.0400452668067391,0.0115591390373149,0.21573583802695,0.113292096410788,"E02000654"
1.90977037651467,0.013509298506233,0.00681552766757802,0.0425385701798799,0.00935099096419895,0.0121296085311935,0.0203456898638848,0.0295758812720241,0.0453214468563483,0.0118388452224129,0.203725858403396,0.110955852908126,"E02000655"
2.06252030797608,0.0134050043627,0.00694507718064352,0.0423728558711652,0.00960922168461665,0.0121887011411676,0.0230042241625781,0.028450944989547,0.0464389203476539,0.0122587702334545,0.221420258505212,0.111828266198785,"E02000657"
1.96098264285033,0.0133596868936834,0.00652902466142575,0.0409624038786491,0.00945154736989418,0.0118119717415407,0.0203581125644942,0.0282057696787375,0.0476962179530102,0.0124855144121691,0.210050609184332,0.108111498424446,"E02000658"
2.18268721957241,0.0137483023151819,0.00790001694862654,0.0451640996115232,0.00994552476182409,0.0124414746447097,0.0240629726063428,0.0293801281741457,0.0307124332609343,0.012841623895207,0.234666780408312,0.128856547269091,"E02000659"
2.085293490122,0.0134099774356376,0.00695038899786318,0.0412384197005849,0.00967113499852734,0.0118030981804101,0.0232712909920776,0.0280381787754,0.0458740353270062,0.0124076684918807,0.224221867936815,0.109560870522712,"E02000660"
2.20546133400529,0.0138297111355902,0.00815659156938457,0.0506757312039668,0.0100421444705932,0.0127989554144036,0.0239874024005852,0.0300580449051637,0.0291680801319843,0.0139099023116519,0.236567597080327,0.144246713982477,"E02000661"
2.04254849868136,0.0132828912531098,0.00636591873330498,0.039100434691456,0.00949609735028561,0.011293672389111,0.0209660825901166,0.0270250532758736,0.0527313049577603,0.0128433564148368,0.219854910827533,0.0988466153497407,"E02000662"
2.12886465173978,0.0134386892588303,0.00706117007019234,0.0398245515741565,0.00982266404391132,0.0114741786351482,0.0235297539367674,0.0279916717680421,0.0456566911705654,0.0126599245186982,0.229378865128735,0.107011042011134,"E02000663"
2.25766855397556,0.0138974271741671,0.00853637483594029,0.0486660553961556,0.0114740443159545,0.0125399539696015,0.0239673793613989,0.0308250809161049,0.0380162853208374,0.0149588559256901,0.242140388579194,0.143250099442611,"E02000665"
2.06371347546862,0.0128984391882723,0.00645525042130622,0.036124134126532,0.00915853265215166,0.0105739375849522,0.0220385181831538,0.0264378829270273,0.0512462288089827,0.0125042101013923,0.222944589335144,0.0827296792228944,"E02000666"
2.08989870318786,0.0130213314572781,0.00651135916602977,0.0358960107501261,0.00896451209830012,0.0102237899568694,0.0212600317794263,0.0256585087641884,0.0565862303002955,0.0127489462758625,0.226098018622921,0.000326341668040233,"E02000667"
2.35596433909131,0.0143845445713228,0.00946749043310446,0.0581136321069712,0.0125136933045012,0.0128880075337426,0.0242241146366037,0.0321986227167423,0.0467454148568386,0.016747480972965,0.251561741171537,0.154600850508137,"E02000668"
2.15794791762749,0.0131819219380002,0.00770553781354765,0.0393842945531152,0.0109322727056095,0.011337325445598,0.0230132412896932,0.0291926059856989,0.0530524352104575,0.0142882540480253,0.23230137142365,0.00072381513508488,"E02000669"
2.22333015085438,0.0137955992496623,0.00782747936835862,0.0394142289397916,0.010436833144803,0.0110836768082293,0.0233599575467513,0.0289205564308488,0.0605681769513243,0.0144252750774162,0.239880141495313,0.000281412961855545,"E02000670"
2.26461588943186,0.0141143293408776,0.00957707708960301,0.0389752740614343,0.00923089485029085,0.0102141482641934,0.0217810461827034,0.0258397371590767,0.0598159777351499,0.0136084972055381,0.244971545420595,0.000196178636778226,"E02000671"
2.28075434236468,0.0142863549036704,0.00840842456443334,0.0396301123894573,0.00981873197990172,0.0106884384745401,0.0234288903000326,0.0280666949428224,0.0627222092939232,0.0144550045102542,0.246552842696589,0.000214365676946928,"E02000672"
2.25702394550026,0.0135344592967465,0.0122628509064333,0.038358122736497,0.00889764793331594,0.0096292451871431,0.019679096080392,0.0240369384446736,0.0571977506975178,0.0128875866022533,0.243994547717552,0.000195935606709069,"E02000673"
2.31344164375782,0.0139921096678176,0.00875025624266402,0.047343317849193,0.0115744944850433,0.0115855872821136,0.0232468951562074,0.0304100255875046,0.0696241175672895,0.0159105954112844,0.248732144802666,0.000408872087745882,"E02000674"
2.44612465118223,0.0149808621141173,0.0108963642080862,0.0769445383269784,0.0136388429830007,0.0126809083010307,0.023664830351161,0.0328904833535456,0.0645213217611186,0.0189979016436983,0.258380192752726,0.162314863401089,"E02000675"
2.30779987786975,0.0136613895756768,0.0115371901116123,0.0402263635466136,0.00918912071874688,0.0100287551275831,0.0218617495596865,0.0257927415688737,0.0556060050968718,0.0138867829779092,0.249634983376576,0.00019138476081405,"E02000676"
2.38783864178546,0.0145194433446233,0.00991598430088952,0.0462398360736681,0.0106185460302761,0.0109852267526864,0.0236438095659912,0.0297453003976561,0.0676795663114474,0.015915626964498,0.257611425972165,0.00022969935905224,"E02000677"
2.38919033938838,0.0146196448787196,0.0103182375161493,0.0666647394324228,0.0126520027598214,0.0119030962426084,0.0229662743351789,0.031677269969688,0.0765519667742213,0.0181773245217582,0.254076110844349,0.130411406471463,"E02000678"
2.36068880407213,0.0130565272336574,0.0118134535063023,0.0413647523644154,0.0095151496655696,0.00988815672824271,0.0218910646824944,0.0257814438923572,0.0515313073957871,0.0138648488668965,0.255740156905365,0.000193544298899766,"E02000679"
2.2986614850157,0.0124752889741044,0.0114091309089657,0.0392182224046829,0.00895407183950464,0.00917954943455724,0.0197774554474077,0.0237009006705319,0.0503484115904071,0.0128207329850299,0.249511971995387,0.000195512277521892,"E02000680"
2.40807253287711,0.0137885457955335,0.0113881291060636,0.0442734231710765,0.0098690940217899,0.010344205606751,0.0232281723945141,0.028190174822337,0.0555645485921317,0.0153606940645781,0.26052106495412,0.000204548356423349,"E02000681"
2.41936730068957,0.0144318039931291,0.0109913590134816,0.0563629706984742,0.0112846693201986,0.0110921343395058,0.0234376213260184,0.0309777654762145,0.0681072878518441,0.0174398447078033,0.259653850175894,0.000283470179030915,"E02000682"
2.47131012481896,0.0156926214799732,0.0136673770126533,0.102345374437948,0.0148928451451787,0.0124792545178196,0.0226816804848845,0.033187089458218,0.0850139358361627,0.022118722401631,0.254851429886466,0.16266859517389,"E02000683"
2.34431946072207,0.0120425586349674,0.0104068685634924,0.041273092403113,0.00900515876960235,0.00904904967480237,0.0202477094784821,0.0237996884873748,0.0483501076190806,0.0127300052448047,0.255055384514569,0.000195200574927629,"E02000685"
2.39844833504579,0.0133452095380847,0.0110080776351481,0.0568431739551469,0.0104275083574297,0.0103790293318302,0.0230222190520611,0.0297367157807883,0.0535989070032015,0.0164574479422121,0.258174858187315,0.000282609785474022,"E02000686"
2.39639343316577,0.0123320308298097,0.0106858477537698,0.0449481309547579,0.00949559822886421,0.00956481614463583,0.0219239637638242,0.0256783528200578,0.0489537372713977,0.013575927201239,0.260279810428481,0.000208080460613723,"E02000687"
2.6299884009256,0.0195607925431029,0.0153133590142432,0.0594674702494238,0.0111988370557855,0.0101756017288819,0.0220337234143341,0.0266825279812413,0.051518379077682,0.0237405270167844,0.281488156671785,0.134468199092608,"E02000689"
2.24416532582062,0.0205864395924063,0.0168048102615269,0.0693941121165755,0.0122335608585223,0.0107296412744835,0.0208111970044382,0.0279790060844889,0.0557700195148266,0.0260781937100033,0.232494725266681,0.159771127763531,"E02000690"
2.49839057453327,0.0178529553361356,0.0135534298648053,0.0607993703697599,0.0106639932602017,0.00946876886033886,0.0215084595556319,0.0258865014933815,0.0591313046285843,0.0240312192513987,0.2674340786065,0.112632600135404,"E02000691"
2.31399460220821,0.0182430742378775,0.0139494962452125,0.0627525671889538,0.0109907168325286,0.00936286429922631,0.0206445584772226,0.0260878566733056,0.0601761085259781,0.0241775233158443,0.245001244222108,0.120771936226367,"E02000692"
2.35925685923248,0.0145720236222202,0.0113878663514613,0.0581310276858052,0.00926694376493289,0.00891403722144683,0.0206935605800504,0.0241681646557272,0.0539666373498658,0.0204144597514284,0.254007054740451,0.000494061535358875,"E02000693"
2.34272927105613,0.0151905396515436,0.0118214765774973,0.0573307956058571,0.00961668809224901,0.00891410932550655,0.0205128827235448,0.024336589377985,0.0541959289585146,0.0215861216293548,0.251732849953545,0.0870533649297691,"E02000694"
2.32749350365089,0.0125786241414232,0.010413862192199,0.056435570287159,0.00853193486642486,0.00847212863774671,0.0199430702753341,0.0236717216457593,0.0522962986996414,0.0169994804764648,0.251695410781625,0.000220000264217593,"E02000695"
2.3143964697359,0.0131851089097668,0.0107930138617415,0.0591924727434178,0.00876823895873493,0.00866185290924737,0.0204812703014655,0.0235921895612416,0.0524749117954612,0.0191058172158013,0.249465620239169,0.00030951390704999,"E02000696"
2.2400959389722,0.0149600814984251,0.0117854176765291,0.0584581652562206,0.0096768626673818,0.00879901362269456,0.0202680923632596,0.0243152132134484,0.0549450648357243,0.0218444802703454,0.239666199915445,0.00119473284787417,"E02000697"
1.98072201498156,0.0190561209669874,0.0156569868670153,0.0729044821941112,0.011332586273755,0.00965131664426276,0.0198480943694376,0.0265476660161446,0.0635075482322495,0.0238164690519954,0.201808875828545,0.130172320425854,"E02000698"
2.11383190397901,0.0161837503773082,0.0124054944189433,0.0611033053457755,0.0101070854735499,0.00887785808957131,0.0198412278237189,0.0248737350911016,0.0593158730858604,0.0223544723839196,0.223429195797926,0.00103626273337376,"E02000699"
2.26161837043559,0.0134755236288773,0.0111999825589996,0.0625563456905756,0.00898415960071093,0.00871805232869569,0.0209202372973762,0.0236236628123669,0.052161967241917,0.0207212944627621,0.24261306526386,0.000508209152568364,"E02000700"
2.30195030219333,0.0123685118929614,0.0104565547228643,0.063626197982661,0.00844221568350176,0.00846188427542809,0.0207862476906254,0.023434716385493,0.0516277077050117,0.0184615071117244,0.247873602534075,0.00025724098719149,"E02000701"
2.23322060305661,0.0117995970806906,0.0100811145984064,0.0661003475425045,0.0081450757178933,0.00813480611754352,0.0204735949699042,0.0232707586477141,0.0506881921876033,0.0168401965381764,0.239937406124502,0.000233616401859514,"E02000702"
2.10934464271413,0.0139665111706298,0.0114999771654586,0.0596222733558974,0.00925213119638493,0.00864434143548924,0.0199602086694385,0.0237041874839234,0.0530049641999143,0.0208660055902301,0.224833798500168,0.00065903970793375,"E02000703"
1.92684855935319,0.0169345632291918,0.0134082261195071,0.0665234540113787,0.0104162620618635,0.0090091390203459,0.0195185017960881,0.0252581570597894,0.062133945217912,0.0224109993444112,0.199124136912462,0.110412549265939,"E02000704"
2.28114298843349,0.0119291952872714,0.00995032316342742,0.0639742566208909,0.00816724437499396,0.00813985437550945,0.0203344384002643,0.0237024413486955,0.0511607390327493,0.0161256704072895,0.245788500033985,0.000206271532324092,"E02000705"
2.21010388914689,0.0122671304819798,0.0106110238280112,0.0640277739468407,0.00843597569570885,0.0083917007793859,0.0207442050468329,0.022938572104603,0.0506844360150429,0.0189083917229822,0.237167850929278,0.000354500203677184,"E02000706"
2.18898641319155,0.0117803865090692,0.00994393300099199,0.0691842178792875,0.00809344744352244,0.00805274591638164,0.0204599748454781,0.0239373617215972,0.0508446435260228,0.0156432791214812,0.23434984583882,0.000216496186684094,"E02000707"
1.78222874099248,0.0159492068730372,0.0133726101708067,0.0669664722404637,0.0101530055304743,0.00887625641819085,0.0192423057359729,0.0249259004564679,0.058616836456343,0.0217482818256404,0.182079406504356,0.108159722050516,"E02000708"
1.94477205312572,0.0140184299118703,0.0117054885651595,0.0619347993111462,0.00919848718353585,0.00860178417231912,0.019585019914069,0.0237114336424106,0.0543177374859344,0.020804044668544,0.204876455187314,0.000853542778259307,"E02000709"
2.12517741842423,0.0117377756835026,0.0104835178914575,0.0687090410747371,0.00815932714554818,0.00815483540377903,0.0207180920126953,0.0229620243471284,0.0497166428981367,0.0174581916935559,0.226860226954822,0.000319913700863887,"E02000710"
2.0166464411408,0.0123125384945541,0.0108930813924615,0.0609154967520944,0.00843030319718499,0.00830307224738885,0.0196392393675689,0.0226788687515158,0.0490077368627886,0.0190047017791137,0.214968430471791,0.00061961730272126,"E02000711"
1.95812503811627,0.012495546621754,0.0110911852114587,0.0619845799190107,0.00842963142899601,0.00834074851613961,0.0195857728829821,0.0230386731506999,0.049376862305093,0.0192002844153608,0.207735698457556,0.000664557874926185,"E02000712"
1.78705768024715,0.0135231353847649,0.0117879462263809,0.0629222555130017,0.00896222777549987,0.00844552726599671,0.0191809101869201,0.0235818517041147,0.052977006365382,0.0204628398901633,0.186091838485395,0.00119171188039177,"E02000713"
1.19427918581889,0.00687585091099867,0.00296634023280798,0.0325633348855882,0.00453182948582374,0.00614776175284975,0.0159714305586366,0.019725986008735,0.0259622064104954,0.00915089051815676,0.127932749900036,0.0361093027960753,"E02000714"
1.11477209616173,0.00701681727550886,0.00261114465907151,0.0384576802477614,0.00430437025888904,0.00546258215960924,0.0153879642503715,0.0170420429450142,0.0257400255408337,0.00915899557197117,0.118059603884207,0.0281127299972242,"E02000715"
1.12960596297461,0.00684545452113884,0.00260376972419428,0.0369942596894066,0.00425315783264942,0.00545424385139198,0.0154821881393801,0.0174598244368212,0.0258092529813621,0.00900649082291236,0.120129904013244,0.0267451414079112,"E02000716"
1.13717363860688,0.00694362485611785,0.00266857131775948,0.0383538213553664,0.00433085304347811,0.00558707895012149,0.0156036358188351,0.0172763820560057,0.0253182003086442,0.00901998201019328,0.120714764989553,0.0300414166947014,"E02000717"
1.12567913459166,0.00712942617947318,0.00266247055770009,0.0393284973450476,0.00436675864023664,0.00554461923852705,0.0154869087331601,0.0170009034319997,0.0254832196785532,0.00920815064223048,0.119112991555972,0.0299505172161457,"E02000718"
1.25787306398082,0.00716834527461865,0.0032447235661916,0.0329746597635763,0.0047063709572205,0.00659154166438891,0.0161480837775414,0.0215753195741981,0.0262025950108528,0.0095005499739231,0.134918033926377,0.0431372073914946,"E02000719"
1.17569836923984,0.00689721668873078,0.00285638224899089,0.0370659233746403,0.00446910435862695,0.00597079244493247,0.0160624653471191,0.0185953713576482,0.0252642824068729,0.0090610091277241,0.125247509525048,0.0335824399360469,"E02000720"
1.2153776082943,0.0070748585817481,0.00306290201584962,0.0382267354238612,0.00463028301071676,0.00637292645706966,0.0164796910958589,0.0196707820989592,0.0250416755248076,0.00930376307930414,0.129438500598786,0.0391833616297176,"E02000721"
1.26360138657426,0.0073935125400203,0.00338616803356121,0.0357315681208365,0.00479248933703413,0.00686884751654675,0.0162749643974817,0.022072995621629,0.0255300468769027,0.00968656451298422,0.135014575516399,0.0471391846212486,"E02000722"
1.18191992256099,0.00717372313213774,0.00279204531620289,0.0406502696246547,0.00444841304534822,0.0057717056504809,0.0161931947293451,0.017426755111616,0.024814611539114,0.00918396296814222,0.125410548897146,0.0332452152607408,"E02000723"
1.19150268836207,0.00709208399349272,0.00285840840029612,0.0403281972951666,0.00450495551193992,0.00595395268700845,0.0163412132752317,0.0178221142998001,0.0247723264225093,0.0091613794470193,0.126547221216907,0.0353025831408922,"E02000724"
1.33338382700254,0.00812239155663672,0.00374621631197543,0.0365530544205299,0.00493798150493573,0.00739004372297192,0.0160727093244961,0.0242029919536822,0.0261380667525552,0.0101093530758198,0.142499347663954,0.0535995863040749,"E02000725"
1.2355517556489,0.00727292179833687,0.00304151789220025,0.0422803860018564,0.00465651322590364,0.00630040360138668,0.0170098429025361,0.0186952507959192,0.0245719826578637,0.00938326201404938,0.131144005957585,0.0390497028681739,"E02000727"
1.17364148219475,0.00737067719467305,0.00281939481924031,0.0411292376918583,0.00452835333864751,0.00579316023695687,0.0161234601287027,0.0172182414967158,0.0248628301403279,0.00933350251319735,0.124228589891211,0.0353001975734999,"E02000728"
1.25665876813431,0.00755529896940707,0.00338694972882049,0.0409530078037543,0.00484842469145402,0.00694882035048589,0.0168274214409622,0.021249206340484,0.0247450268202072,0.00975484250729347,0.133369032638728,0.0479651677494838,"E02000729"
1.2396428568642,0.00736307149990603,0.00319415959504462,0.0422349248420094,0.00477093886162957,0.00663405554009435,0.017037202595414,0.0196269489336601,0.0245731979628328,0.00954766824600894,0.13142271369551,0.0439702747434248,"E02000730"
1.24444774070347,0.00755767542294734,0.00302601690251602,0.0431135737162379,0.00471344157826134,0.00617401545090318,0.017281472420389,0.0179402369878516,0.024546627300349,0.00954673753845092,0.13195205134804,0.0407679766593533,"E02000731"
1.26874894038581,0.00758553794672511,0.00314546920205159,0.0441404827987051,0.004801229981917,0.00644498510298541,0.01763404686786,0.0186212071187695,0.0244921942451407,0.00964193415838774,0.134508633335308,0.0432392542047402,"E02000732"
1.33148370094179,0.00864595239771997,0.00387664066719298,0.0431677487868163,0.00504074404409689,0.00772758699816677,0.0168817730533321,0.023654702513269,0.0247223132260296,0.0102977349878348,0.140996081410948,0.0570333467436742,"E02000733"
1.3092001829811,0.00825421783708984,0.00364684760478384,0.045802378688546,0.005023031468799,0.00737092174560921,0.017432127282013,0.0222272778990282,0.0245225857052978,0.0101226011367027,0.138259984479993,0.0524928704559665,"E02000734"
1.29099309496953,0.0078847666646476,0.00340765843515179,0.0460180202068632,0.00498386347771272,0.00697446674196532,0.0179509673858163,0.0200280249210021,0.0244618974252985,0.00993027818656324,0.136419507127412,0.0497475977276566,"E02000735"
1.12420738946897,0.00692372383126212,0.00268251619050344,0.0376922723542414,0.00420148482236811,0.00523092045899846,0.0157173556211323,0.0163253520792615,0.023122906064215,0.0087561620031706,0.119404378699232,0.00011359658522032,"E02000736"
1.14635256539097,0.00682605399503457,0.00271729824988573,0.0372179505160426,0.0041374145830868,0.00528086515797675,0.0160924236358138,0.0164621910342437,0.0226328301422985,0.00863111473900311,0.122136193268781,9.92604801976635e-05,"E02000737"
1.31477458028107,0.00804725525012631,0.00335035354890326,0.0464794955310607,0.00503427102489856,0.00677967935508613,0.0184799901489552,0.0191152429242057,0.0246255239601932,0.0100274257431719,0.13911976136844,0.0496111712039774,"E02000738"
1.32784751162649,0.00853084177017691,0.00370095371709293,0.0484055074481817,0.0051447248509529,0.00743547878098998,0.0184032420688413,0.0210748231378632,0.0244453580910946,0.0102594074307842,0.139846046282013,0.056563629065697,"E02000739"
1.409464735493,0.00970793027358344,0.00428536771305534,0.0492516307837237,0.00522104729930701,0.00823302278855681,0.0184306244600879,0.0237152359977694,0.024273731622295,0.0106348461114453,0.148494739341853,0.0649355716187382,"E02000740"
1.36993382814613,0.00873525070510855,0.00371478119716352,0.0502056447886197,0.00528597580738041,0.00739967453050512,0.0192886778599921,0.0203452327830621,0.0247540656386,0.0104422514068636,0.144373108414378,0.0577515641977202,"E02000741"
1.17005929978923,0.00695019277720682,0.00284185461672297,0.0373520692756708,0.0041734463968566,0.00539160364383132,0.0164531815069251,0.0166694639854256,0.0222719965406401,0.00871655897446222,0.124781569377364,8.93882289819692e-05,"E02000742"
1.45795188091587,0.00998014564251291,0.00435045880444264,0.0540650281991306,0.00536849447201276,0.00821709116255475,0.0196009507248692,0.0226876798967392,0.0244583117810897,0.0107489342900302,0.153235711192193,0.0660055573537357,"E02000743"
1.45165053859948,0.009819005893261,0.00420376260468993,0.0548973288771452,0.00547261320873344,0.00804159938371374,0.0199944619112566,0.0215299009233902,0.0247787691075486,0.0107895042767301,0.152443534866783,0.0653294728628759,"E02000744"
1.45391407438538,0.00954436668125344,0.00396325820291112,0.0528968567324712,0.00559482621981952,0.00767324455047725,0.0203508636065079,0.0203621302219757,0.0254016823172906,0.0109512880645741,0.153248016693306,0.0651331645625892,"E02000745"
1.16742442168693,0.00704107820019791,0.00290130915487861,0.038601110473709,0.0043649741746897,0.00531310198623634,0.0164826150037944,0.0167001193129615,0.0230411799103001,0.00912960858067566,0.124069711195052,0.000104252115206459,"E02000746"
1.59085001999867,0.0107343244765539,0.00481538407136894,0.055492633002176,0.00555477393884007,0.00859553503404378,0.0207628834976445,0.0233817150659836,0.0246013844882407,0.0109991159512712,0.168177475654982,0.0759836482801376,"E02000747"
1.24289509166286,0.00751829443385352,0.00315353343570973,0.0390938372879862,0.00434970880865974,0.00562954421028942,0.0173307315294756,0.0170869482162999,0.0226161653178269,0.00915809423377278,0.13263610242466,8.73776062793547e-05,"E02000748"
1.56022022501664,0.0106784988966994,0.00453090207835748,0.0584812053307864,0.00583754949892318,0.00843388379701129,0.0210556333990908,0.0213463345119714,0.0253613985705102,0.0112543621612853,0.164045819260721,0.074922032491367,"E02000749"
1.17861304392211,0.00694858943229936,0.00330916823292557,0.0234316665829058,0.00577009306852298,0.00684164743431489,0.0163139549383783,0.0189311517045497,0.0379897953162496,0.0107340278426718,0.126326685988555,0.0400024117497592,"E02000751"
1.2185589190708,0.00733545761070559,0.00285277448764683,0.0227878055765025,0.00518449049887325,0.00590011099460238,0.0155687972391085,0.0183189557085897,0.0348109433504412,0.0124390178883073,0.131463504237639,0.0323699019003016,"E02000752"
1.18525399990134,0.00705686135857975,0.00274979356219394,0.0202434199496346,0.00501798569625632,0.00564316833746395,0.0155885081092236,0.0185917670750073,0.0343810463179083,0.0120111322185851,0.128031096104614,0.0291928159560065,"E02000753"
1.12325351964964,0.00679955116300126,0.00298876014187111,0.0219405194026096,0.00514224301784918,0.00603027381949838,0.016391278216547,0.0183870027962255,0.0352303670742463,0.0109161753689525,0.120500526887319,0.0319127732787318,"E02000754"
1.09941294020518,0.00673824041541592,0.00278426775154489,0.0209749025163222,0.00477223157955215,0.00559586185792005,0.016169004689986,0.0181590000108753,0.0338738220627285,0.0109344139978438,0.118118841366759,0.027850502724981,"E02000755"
1.14040972775249,0.006929370441797,0.00265809689125383,0.0212829721297844,0.00468254817163298,0.00541306606541852,0.0157029169520891,0.0183971321972461,0.032913518457002,0.0114405079316902,0.122961163505714,0.000489586824680421,"E02000756"
1.12272171685057,0.00677320816991477,0.00303365655620066,0.0230344940971957,0.0048297197874187,0.00611310069067361,0.0164339229123325,0.0192072849452721,0.0345911620911026,0.0108121154791527,0.120423920265119,0.0317726749565554,"E02000757"
1.07654245719927,0.00667731512395858,0.00259022774549871,0.0207974397268821,0.00441439712672694,0.00526322304963546,0.015755140523838,0.0177820322931051,0.0319240610350153,0.0107016473465154,0.115800992586835,0.0005229672111718,"E02000758"
1.07873207441461,0.00659688902255685,0.00273423390368045,0.0218362148020464,0.00444375877838464,0.0054671232924713,0.0159847008595234,0.0181675413617788,0.0326978730005456,0.0105750040096401,0.115867079800608,0.0251339140554031,"E02000759"
1.10168998013159,0.00681433936625484,0.00258008157471335,0.0225423890672225,0.00445189402778567,0.00527132188861919,0.0155979506697818,0.0179904105573353,0.031460363773772,0.0108819651145155,0.118535158935438,0.000430325267879824,"E02000760"
1.06897208469528,0.0066953446115518,0.00248800552244732,0.0252090974784599,0.00424870714725437,0.0051582353720307,0.0154087493528554,0.0174416760415358,0.0295977852346768,0.0100778290006737,0.114650762065606,0.000738094422702382,"E02000762"
1.18483343446335,0.00734489303368905,0.00274173661094223,0.0316763117852518,0.00473036707057085,0.00557382006770642,0.0153478226993625,0.0179209472779513,0.0319263158211758,0.0115217161913414,0.126847035620371,0.0279999160749457,"E02000763"
1.10378985776255,0.00664955967559617,0.00281714651870276,0.0231187128806848,0.00439751629222465,0.00568046911707418,0.015807469029086,0.0188275419449835,0.0318410898049515,0.0102128907290448,0.118645904004977,0.0281209127147336,"E02000764"
1.08004334962743,0.00681070901231263,0.00249727106543401,0.02860030120525,0.00427169740389958,0.00518817947323181,0.0153606339661141,0.0174865112763159,0.029268721766572,0.0100356521378548,0.115493690947299,0.0225673292390184,"E02000765"
1.11863251068688,0.00709880406631169,0.00256104354104632,0.0339179826155368,0.00436665124662935,0.00526533591875469,0.0153769613743026,0.0178239117435148,0.0295897928824526,0.0103446564106206,0.119114719944902,0.0229973633608028,"E02000767"
1.07038416533398,0.00649514114373084,0.00257232131572461,0.023724900960675,0.00418653488603931,0.00530093119319237,0.015244028326152,0.0175360365301913,0.02915564656318,0.00956647321540009,0.115067497058371,0.0245972308940929,"E02000768"
1.14271835489592,0.00729757806097386,0.00265830854754014,0.0372458578503562,0.00448825678599736,0.00540209251732686,0.0151440296057636,0.0177163347018636,0.0292513206508972,0.0103824748049911,0.121297066896839,0.0253344080063527,"E02000770"
1.16629556017598,0.0074033310915011,0.00277002706892025,0.0375548888809559,0.00465214347263096,0.00554753759950411,0.0150064693562943,0.0176281958629835,0.0298294586594665,0.0107780968197038,0.123859778690088,0.0281372266019475,"E02000772"
1.10624778603308,0.00714409247021151,0.00257372161926252,0.037124582909765,0.00435442489480651,0.00532310730344105,0.0152273597908879,0.0174858877806564,0.0281902212224342,0.00982135737515859,0.117169902526965,0.0243007170026491,"E02000773"
1.15390632841427,0.00736579303880945,0.00270612571550414,0.0382251686965233,0.0045470808546771,0.00543652809968436,0.0150883325320169,0.0177701407943233,0.0290226483399985,0.0104412266632602,0.122389853160449,0.0252848042750795,"E02000774"
1.10142469292533,0.00710005104577481,0.00255119458533753,0.0375814934393855,0.00431224401358936,0.00530799330813219,0.0152610086992873,0.0173665075639234,0.0275632629981467,0.00961781071408873,0.116575731792546,0.0237906980014647,"E02000776"
1.12282222581256,0.00663466735807227,0.00264044177632752,0.0296604430355847,0.00426272737688032,0.00550878307416227,0.0153696379187524,0.0180310361633193,0.027046111065964,0.00902486869348103,0.120400641139685,0.0268747626394467,"E02000777"
1.09367798929619,0.00695900148919176,0.00252939402058664,0.0372058845722416,0.00424605590064623,0.00531191942375472,0.0152606382817504,0.0171499259802598,0.0267516393099243,0.00933050544806708,0.115831097693918,0.024637002500751,"E02000779"
1.11675459387811,0.00724429536589432,0.00266944511429044,0.0385129737908168,0.00449574762868279,0.00537817752489784,0.0148327844514064,0.0171751648063574,0.027020898690417,0.00972079915029642,0.118090163226193,0.000326385051352404,"E02000781"
1.11355660853906,0.00715755184613434,0.00261677986336516,0.0392169753878879,0.00435312443669591,0.00544558619644309,0.0152722393844661,0.0170089162055383,0.02598721761147,0.00932552608405043,0.117707471210897,0.0271793563573825,"E02000782"
1.09103690031429,0.00704986646080273,0.00257022422907031,0.0383049509786727,0.00428921546847545,0.00526348554268222,0.0148694455863275,0.0166284591752955,0.0252744352793087,0.00906989426591674,0.115335562235095,0.000194195562920019,"E02000783"
1.32535751815905,0.0112519864622653,0.0181973484532582,0.0221142294691848,0.00870591463015803,0.011827464682784,0.0167281364597009,0.0194938781887583,0.018118061203404,0.0151644916143359,0.132226303113832,6.2447574790113e-05,"E02000784"
1.93181123960856,0.0190354227492669,0.00668531468412121,0.0349113450454187,0.0127196051235152,0.0156725502208018,0.0190311483404895,0.0271229267140319,0.0478305456916288,0.0220145720036628,0.201569228727273,0.196353361884765,"E02000785"
1.3502177551488,0.0122523433231517,0.0100761316028218,0.0229906756119795,0.0098470864662355,0.0123760539718949,0.0160933248107225,0.0251574458643334,0.0237836101792874,0.0172591130558837,0.138456880974789,6.78590329182013e-05,"E02000786"
2.1162945072543,0.020612176654575,0.00854081542893018,0.0397052366732184,0.0149825862862802,0.0178743646328853,0.0210322051718971,0.0324984163951081,0.0455718966197016,0.0245703277583554,0.219565589227707,0.241421363331498,"E02000787"
2.23535609549057,0.0220053914185496,0.0137442372908251,0.0449953980307919,0.0158545680261605,0.0187721566840394,0.0225031015038702,0.0368311724689074,0.0424429323430373,0.0272465016188368,0.229989537995479,0.276747730608274,"E02000788"
2.08741547705636,0.0207536450140194,0.00866967561911602,0.0435995545865956,0.0147646007616769,0.0157010055270837,0.0196820444496476,0.0347963667609387,0.0472253183023566,0.026743587164775,0.216185663956232,0.234685233163254,"E02000789"
1.82886917214326,0.0185628974550927,0.00654888478647315,0.036151003186401,0.0117305175764677,0.0137355500876516,0.0172234954410319,0.0315973907835586,0.0432726836011022,0.0221829730890747,0.190407411940775,0.172823090521084,"E02000790"
1.95625664209227,0.0196312171789276,0.0072535545376297,0.039824536137551,0.0134307233442274,0.0145974265672246,0.0183440505041611,0.0335951431197285,0.0482347532639338,0.0243427398199773,0.203079161790116,0.206516323496484,"E02000791"
1.89594139734943,0.0188251154786582,0.0068712224730563,0.0399288125906889,0.0125545966077659,0.013829913980287,0.0178627722319646,0.0326631298277774,0.0452960776053397,0.0237923297445107,0.197226502670703,0.189925966630914,"E02000792"
1.53911531682516,0.0165407667636849,0.00606279404975215,0.035100536831064,0.0104968333303886,0.0123311720268129,0.0170947215838392,0.0294103849355061,0.0346898574065013,0.0215042316482228,0.157913557013485,0.147827501819159,"E02000793"
1.7023998552918,0.0176043774684509,0.00646118776608406,0.0377026008502365,0.0112737536172437,0.0133090724473326,0.0173462844564325,0.0316008103815014,0.0385619532772381,0.0224116212340521,0.175877942268669,0.162826314645845,"E02000794"
2.09983476230242,0.0218824303869996,0.0107030374647901,0.053982311904228,0.014261777103778,0.0153306685723246,0.0206462065282379,0.0323077566152796,0.0478600528839896,0.0300634222903235,0.215653607053502,0.22504025091764,"E02000795"
1.53953529373313,0.0163912688596948,0.00613844567917795,0.0369479321348114,0.010487416014971,0.0121856294225227,0.0175616077146405,0.0294703761305556,0.0338659632468607,0.0222660238244109,0.157807550143345,0.150069683692185,"E02000796"
1.79358010400024,0.0179042517581455,0.00668024417045608,0.0408962272903499,0.0117815824187857,0.0134557934844548,0.0178201924364716,0.0320530721520347,0.0400023962684583,0.0234332758977918,0.185950922185112,0.175240834992912,"E02000797"
1.6419926810497,0.0170547456798636,0.00666734784700087,0.0424190626991112,0.0112962204273239,0.0130198805272796,0.0182914796639971,0.0315854879027491,0.0357807802965226,0.0237299305936023,0.16816525784689,0.168783504967298,"E02000798"
1.80420901144995,0.0179407379880109,0.00695517379424073,0.0457353523852695,0.0120403245212644,0.013563963111526,0.0186458819634476,0.0325170254990664,0.0394176215942129,0.0247383773330441,0.186265294261423,0.18066095634921,"E02000799"
1.98833810417656,0.0190545159423185,0.0073474144106255,0.0500884655732381,0.0130458057731576,0.0137081515676983,0.0193739404195417,0.0326759669818947,0.0459806318886803,0.0265057218722753,0.20658624174386,0.193849182188468,"E02000800"
1.8924893813051,0.0184081432973334,0.00737520890006156,0.0516071978940545,0.0125967919816781,0.0136748869062276,0.019584224657826,0.0330045775150421,0.0408496942974569,0.0263663824419772,0.195367735876038,0.189597950008332,"E02000801"
1.77639227601072,0.0179230196393088,0.00742075176151303,0.0515779750638976,0.0122604468101884,0.0136083533658304,0.0197459377039801,0.0330311940144672,0.0377109995411467,0.0262612999010149,0.181623992393236,0.188460085030474,"E02000802"
1.6554447980566,0.0170749770554,0.00698580695736286,0.0467081660438556,0.0114860837580302,0.0129493744601178,0.0192003982148635,0.0316289463980117,0.035061773774106,0.0250114433220988,0.16891696140604,0.179894576007332,"E02000803"
2.03929220864099,0.0191061426661657,0.00857023251239024,0.0623528013850243,0.0133990100131109,0.0137120072127578,0.0211931506734386,0.0336951180489018,0.0439526155772186,0.0285285601484682,0.210314527206262,0.196551638788465,"E02000804"
2.00718067878099,0.0189454396756561,0.00934093259641608,0.0659564628398833,0.0131016429527278,0.0129696750028833,0.0207853030487693,0.0312788123661909,0.0520628276337352,0.027265036714536,0.206316164624442,0.182195900797087,"E02000805"
1.92918841943042,0.0186507800175218,0.00858369854177616,0.0625120830818427,0.013090603005093,0.0135634558047684,0.0212984703989214,0.0339167842571169,0.0404006234075787,0.0281043242654983,0.197244590028471,0.201883472810623,"E02000806"
1.9626892712295,0.0133946312174413,0.00676620713239018,0.0448725035744549,0.00814721839238199,0.0115152411684306,0.0215342653979625,0.0327011195017862,0.0417193783743815,0.0117160514031331,0.210148304176016,0.106604338493638,"E02000807"
1.56809957468118,0.0134137856306186,0.00636037861648407,0.0297824497470081,0.00884303216310312,0.00863967328866873,0.0169148057480693,0.0319388999863934,0.0231769346292913,0.0114016779581121,0.165580896676015,0.0828873260367211,"E02000808"
1.70704145701869,0.0140048011952961,0.0067011457816155,0.0418702437154122,0.0091261867007324,0.0100067610128054,0.0174644285593547,0.0316799981548212,0.0308019672850018,0.0113724542322524,0.180149576795529,0.098386308785376,"E02000810"
1.64581114194326,0.0137534193006773,0.00650571387838975,0.0381122885491692,0.00904900494902421,0.00942878847736783,0.0169858712372464,0.0315994525173822,0.0262484275802209,0.0114022592389595,0.173593670205463,0.0913275305819114,"E02000812"
1.80976664692004,0.013734124849468,0.00684010072360536,0.0433157909891377,0.00899943120357326,0.0110165624046715,0.019322316373436,0.0314959917874634,0.0389214924298189,0.0113384995172642,0.192085395266036,0.105067757895691,"E02000813"
1.98451746237857,0.0132408555384581,0.0067980971337549,0.0445520343793796,0.00819456744039923,0.01191671034467,0.0215851045320258,0.0311563396199212,0.0404173955884156,0.0115207507867037,0.212809376899363,0.109197135230025,"E02000814"
1.65483006373645,0.0144129090490649,0.00678382146037837,0.0357553994350285,0.00965581910478087,0.00967111538211148,0.0176514381627355,0.0326341950833749,0.0251916219765882,0.0119360950022047,0.174002155659876,0.0942736895758977,"E02000815"
1.70647770598217,0.0139598664783091,0.00671100348086575,0.0417159082040516,0.009219594880982,0.0105395094433961,0.0175853885795596,0.0309110715566634,0.0327195520928439,0.011460059768101,0.180035437626943,0.103495173336487,"E02000816"
1.77220206905897,0.0138290488435552,0.00681871710153551,0.0426104569220992,0.00923499834116123,0.0111471414919653,0.0186469712577958,0.0309850118454313,0.0384241422656051,0.0114141245473365,0.18760834326491,0.106713306619383,"E02000817"
1.68563772710036,0.0147628876016811,0.0069798104422886,0.0393278850235597,0.00975429050814092,0.0101608471248168,0.0178285342718472,0.0321177289701234,0.0266023099784707,0.0122941812727826,0.176968363937306,0.100919584890194,"E02000818"
1.71459907945337,0.0142800070269211,0.00677362178572661,0.0416981838840112,0.00938690045083626,0.0103990454233251,0.0174922165181828,0.0313837317518267,0.0301913899021019,0.0117613734137461,0.180719811768696,0.103050061595602,"E02000819"
1.70791251485236,0.0157109222465748,0.00761201066351293,0.037705747238786,0.0105784041946296,0.0105895909702372,0.0186570454189059,0.033296769475678,0.0259034247412959,0.0135442529095151,0.178389726638511,0.108039499668686,"E02000820"
1.7079226686892,0.0144858133987374,0.00684561949344397,0.041554584473218,0.00957459504724469,0.0105558228374998,0.0176453270004341,0.0311628775780112,0.029905018176398,0.0121401426960697,0.179683632420277,0.105447406449712,"E02000821"
1.71686205723927,0.0151577554279782,0.00714105142984814,0.041681145614622,0.00992101773764601,0.0105810111281284,0.0180722841248938,0.0318958194884687,0.0286834449700941,0.0127035865523191,0.180029081846164,0.106808893915306,"E02000822"
1.72701217155711,0.0159508922139589,0.00757776894862571,0.0417718452975804,0.0103594591612479,0.0107842463303829,0.0185304906817311,0.0323416105365089,0.0288573021322848,0.0135815258921124,0.180318778127294,0.111539064958137,"E02000823"
1.71817476894156,0.0137928865311203,0.00666860263550513,0.0412446938555814,0.00939056878182545,0.0110609669894866,0.017981810712681,0.029935244585846,0.0361074566705463,0.011953164047644,0.181403045845223,0.107452981999746,"E02000824"
1.71265817763573,0.0145181907784231,0.00684306886466888,0.0413719957610842,0.00985448417752268,0.0108945570091923,0.0179471378937259,0.0304452289955661,0.0337130148964246,0.0127727462690408,0.180036865564756,0.109831752455875,"E02000825"
1.73108776644744,0.015497657952385,0.00723307962915948,0.0421616912664245,0.0102735334279977,0.0109181753034579,0.0183502195925721,0.0312387252584657,0.0332739150336326,0.0134815992240038,0.181206615945852,0.112866099942213,"E02000826"
1.75154265293886,0.0169290921900877,0.00801901367259,0.0431041617407533,0.0107924816153411,0.0110186654135546,0.0188470557697009,0.0321986630443634,0.0326301732803838,0.0144312972919644,0.182099883483371,0.11679622592794,"E02000827"
1.70935233202128,0.0137778642924812,0.00654660881555327,0.0402284250497965,0.00963078093074273,0.0109151982739363,0.0179710540432771,0.0290228328658302,0.0387496080677907,0.0125402764514272,0.180412369964129,0.107148944255897,"E02000828"
1.80213362691383,0.0135617137856256,0.00651106261616594,0.0405032980662985,0.00954924024048969,0.0113463660900851,0.018827058053752,0.0287129710091255,0.0436599070362068,0.0125172404821151,0.191428776723615,0.107486229741751,"E02000829"
1.72283651538653,0.0153254851974254,0.00709665848162326,0.0406317542533266,0.0104138755577021,0.0105493787479666,0.0181491888299884,0.0296598958983146,0.0390163113770883,0.0137032676416469,0.180576069218239,0.109780830063633,"E02000830"
1.73026039631448,0.014120588848855,0.00652058634184534,0.0393883127204257,0.0100298609575022,0.0105960302377805,0.0180135588688261,0.0283435370919815,0.0413828423460928,0.0132251825290581,0.182658790593345,0.105746028539652,"E02000831"
1.89872789604926,0.0135284516422509,0.00626752468079799,0.0387045254315808,0.00979952223781667,0.0109359659035169,0.018840204966458,0.0273249639232555,0.0486730028105663,0.013134481979229,0.203004519085372,0.100140970658171,"E02000832"
1.72701452756534,0.0152466349811075,0.00792988385747722,0.0388705113954811,0.0102181970470183,0.00967901241793152,0.0176415670284991,0.0278585603127515,0.0405253694587814,0.0137700129772492,0.181515432048228,0.101331741056616,"E02000833"
1.85911991666975,0.0136183623845342,0.00656873460898223,0.0368893211287398,0.00961305223514861,0.00976467556425395,0.0176535920171238,0.0257611010637106,0.0460377614222748,0.013132565430772,0.198851010781753,0.0916031123700681,"E02000834"
2.05744641267355,0.0130253042638423,0.00632784227275786,0.0363328720988637,0.00919679489781681,0.0101647018564239,0.0192718351339012,0.0250641058232014,0.0562973117755206,0.0127857070948962,0.222344069073526,0.0723504600404946,"E02000835"
1.94022714949395,0.0140306611178666,0.00935321271051731,0.0366904910931288,0.00931618610063714,0.00903254619398525,0.0170377897683409,0.0249979844155093,0.0442051740613359,0.0130840169284614,0.207943302689778,0.0853621482575505,"E02000836"
2.12251560307734,0.0133684888160984,0.0129667105094747,0.0354523178946591,0.00837670771156436,0.00813394796910537,0.0162178208867455,0.0232430997586599,0.0430556278089285,0.0124222670017334,0.22921079319298,0.0734905809895374,"E02000837"
2.19273396522167,0.0131084148741496,0.011844775806624,0.0366270993289269,0.00856578072053766,0.00894349290187717,0.017498838799336,0.0228961017959533,0.0523219066241576,0.0122819835100814,0.237345507818323,0.000232081666090125,"E02000838"
2.29176265859528,0.0118167204787039,0.01022592281789,0.037128678892553,0.00833140119172669,0.00820476497395887,0.0175077216697777,0.0220784073191356,0.0487899980977816,0.0122013757128992,0.249924887869027,0.000205558252341339,"E02000839"
2.08495310135991,0.0118501800562638,0.0108071133810279,0.0712004070230577,0.00816336726181197,0.00819056365704361,0.0208891963843663,0.0236389680070126,0.0495082924593493,0.0172645245019485,0.221587902168543,0.000344256384647108,"E02000840"
1.9363791715151,0.0118132626158214,0.010763607563696,0.0638859691399757,0.00806452626185013,0.008120122673133,0.019402902576222,0.0229916158771151,0.0477577409342563,0.0174911698476553,0.205429606187612,0.000574199194516894,"E02000841"
1.79919175709582,0.0123501203649263,0.0110928027919605,0.0617174407787829,0.00828782873225394,0.00819803445454685,0.0188778444275871,0.0230452297443974,0.0488425016630861,0.0188254850453118,0.188992661791776,0.00185308264400092,"E02000842"
2.01886502187004,0.0117311179088925,0.010690235655077,0.0738655279583443,0.00807071160126198,0.00804990598004517,0.0206489215856418,0.0239993441770547,0.0493731905922559,0.016177775672443,0.213402880587379,0.000333945822333101,"E02000843"
1.94878989694257,0.0116526287461801,0.0106657860526446,0.0685090168609981,0.00798700004855323,0.00802265566044837,0.0197436466162113,0.023432265611333,0.0482955775817151,0.0163519966422771,0.206212537372266,0.000437545198226799,"E02000844"
1.66990234259627,0.0138369909588058,0.0126327725528824,0.0645156203981632,0.0092230722998491,0.00843568945546971,0.0187282861779477,0.024038911437842,0.0530867392623155,0.0206369982951934,0.170866873753927,0.000483957689882891,"E02000845"
1.83320152127127,0.0117430565052902,0.0106841981677634,0.0623887279946483,0.00796641313679144,0.00802081423120384,0.0187096877177503,0.0228346896283437,0.0472281057957909,0.017238896585134,0.193558906546624,0.000925001650215875,"E02000846"
1.70113944892229,0.0133034316133896,0.0122674136880282,0.0640419141812658,0.00890451923402432,0.00841253201658402,0.0188665305193343,0.0240159964038199,0.0521089182094861,0.0202813417108444,0.175399115824141,0.000665149475532991,"E02000847"
1.7141621127009,0.0124625013913104,0.011442492431791,0.0625629244037574,0.00835556579292662,0.00819582858401922,0.0185731574689395,0.0234227680166986,0.0490391458148767,0.0189793387352745,0.178384789190555,0.000845747955287058,"E02000848"
1.98133423130877,0.0116745608306074,0.0106712417983575,0.0764760167376323,0.00805111179229429,0.00798130030512393,0.0205890753400275,0.0240957372378904,0.0492558823837768,0.015787394275427,0.208459013451949,0.000344429932896846,"E02000849"
2.06056871945337,0.011712433202059,0.0105141590161082,0.080223211873519,0.00808821705421144,0.00800376373707419,0.0209747740416458,0.0244086753580656,0.0498152520015806,0.0157507166276827,0.217114447179066,0.000267538781185749,"E02000850"
1.79002684749462,0.0116830913109159,0.0106758177624285,0.0633348780210956,0.00790452060202143,0.00796300842748615,0.01845452575794,0.0230884790643177,0.0471223445240991,0.0167636548812725,0.188312537223563,0.00176256044718729,"E02000851"
1.83533539016585,0.0116030311862372,0.0106153311932697,0.0654266583191194,0.00789161180169583,0.00794128872143131,0.0188036528739434,0.0232541228261908,0.0473636869277782,0.0162628855752415,0.193398702982414,0.000765818369264134,"E02000852"
1.73660190374917,0.0119232366152553,0.01090799459265,0.0622017655371707,0.00802184480302364,0.00802753012140328,0.018299950903504,0.0230738200960585,0.0474118267681111,0.017653465673803,0.18184643515285,0.0011171007929413,"E02000853"
1.89092532398594,0.0116733763104946,0.0107178900968052,0.0700079209558051,0.00796436958440803,0.00797230779062797,0.0194863693993474,0.0237619743453098,0.0481737908422388,0.0159864822610777,0.199043652495192,0.000548215489348125,"E02000854"
1.6759785130452,0.0120426423766993,0.0111906184116497,0.062382843839211,0.00810763008360861,0.00801984683007374,0.0179967373437324,0.0231923820200658,0.0473345168916059,0.0179380920029421,0.174305884378744,0.000617785273106389,"E02000855"
1.95943803490547,0.0112921883254959,0.0108072287627102,0.076953060997626,0.00807965773714893,0.00802194627241356,0.0204596872330803,0.0238624484760042,0.0490864513461066,0.0157715170636993,0.205837800277536,0.000497410644086517,"E02000856"
1.74865617442433,0.0117719767788093,0.0108218324108393,0.0635219250397698,0.00793933158366505,0.00797782051421498,0.0181745883639323,0.0233100659548866,0.0470816344131745,0.0169115082407497,0.18322124117329,0.000977341733381783,"E02000857"
2.00482569878814,0.0110392107479056,0.0108183870915484,0.0809678897505814,0.0081690684083817,0.00811724236277705,0.0209147637129692,0.0239918812573015,0.0493687705796639,0.0158038895338093,0.210427427077268,0.000507531930579127,"E02000858"
1.91535513331249,0.011419506166973,0.0108854929791034,0.0737159497884978,0.0080608560155882,0.00803236071331917,0.0199399337205068,0.0238535825098676,0.0486908743095834,0.0159069066248011,0.201201105538938,0.00074584046264887,"E02000859"
1.7769123850114,0.0117127214771104,0.010777697046146,0.0650058832968148,0.0079280233357109,0.0079639724657631,0.0183157275857048,0.0234818565412146,0.047183390923998,0.0164869385711737,0.186389134287524,0.00110544694290363,"E02000860"
1.78977257196473,0.0114995364141957,0.0107266521820498,0.066158659413714,0.00792868408733369,0.00793030450605535,0.0183817781990261,0.0232740791475456,0.0472296288015364,0.0160532948076023,0.187831878440878,0.0684762360368188,"E02000861"
1.90935953674923,0.0112689428326458,0.0112126776239013,0.0738723203765132,0.00824403739478727,0.008192322170696,0.0198832489020609,0.0239195283084491,0.0489005580136723,0.0160888560513546,0.200321816912147,0.0686876872598788,"E02000863"
1.6297550042828,0.0105238973552375,0.00526475489899897,0.0418240670838596,0.00573904381284544,0.00958669171829897,0.0182790616130606,0.0294306186882622,0.033818488469618,0.0115830572437637,0.174299152567669,0.0780064819711555,"E02000864"
1.65011121879037,0.0119553076903955,0.00677785739814799,0.0444971543499342,0.00699344748098773,0.0102710211224875,0.0207298548022627,0.0327081909847031,0.0325978000631886,0.0122259770613989,0.174595563037611,0.0872652801819541,"E02000865"
1.72697555980429,0.0113800620658945,0.00608778704022395,0.0451170697509128,0.0063916391508228,0.0102477459788,0.0208790079305256,0.0321111498633627,0.0382545500984752,0.0122240500077441,0.184179188161425,0.0893967942941126,"E02000866"
1.62727806184816,0.0104375268532678,0.00511174559611714,0.0440191437995663,0.00560727751065051,0.00950272587940903,0.0191629523871406,0.0286258035516828,0.0293932904442684,0.0114670438096911,0.173862441645172,0.0800972012376415,"E02000867"
1.57668661903168,0.0121016424334758,0.00697494701940168,0.0437325630658678,0.0073383824232418,0.00992397989173134,0.0201250737046696,0.0333682267335532,0.0304355314721328,0.012037769083765,0.165770799417803,0.0836671248158933,"E02000868"
1.51171390396859,0.0117588504792492,0.00682920309727756,0.0415013899373206,0.00756729838602735,0.00900086918918778,0.0189915206376532,0.0334844301210995,0.0282752209432648,0.0118101537890067,0.158627723272178,0.076843540233289,"E02000869"
1.68534809425205,0.0118587836266255,0.00651398396891288,0.0447839319817652,0.00684916949151241,0.0102202186364952,0.0208326237754105,0.0332022967362943,0.0352038870410935,0.0122068744126944,0.178842804046902,0.0907610021556345,"E02000870"
1.56758422100788,0.0104850847208635,0.00490981418032461,0.0461513092999829,0.00546139302739071,0.00913934940196882,0.0199460692762806,0.0269078438705103,0.0255517561883344,0.0112310211290722,0.166759839891392,0.0791796307955391,"E02000871"
1.5409560823132,0.0120387253265579,0.00685198115211519,0.0420944533475652,0.00774457853444948,0.00917866630483085,0.0190219908957485,0.033869614645152,0.0286033964446155,0.0117383808617971,0.161762020619823,0.0796595782930427,"E02000872"
1.72171032862627,0.0116834205419085,0.00617489572061502,0.0448754232160236,0.00657605871350416,0.0100947253393227,0.0209497183811501,0.0328368427225443,0.037948040998505,0.0121258022272262,0.183401143478869,0.0925067946492722,"E02000873"
1.63942186388777,0.0120800668944967,0.00663752772037316,0.0442080149512395,0.00706545789575315,0.010106802231459,0.02037824031888,0.0334687351870083,0.0334296696450925,0.0120224719940935,0.173318404049742,0.0899356168861619,"E02000874"
1.67086487412682,0.0110012061246771,0.00521271566093667,0.0453365328622483,0.00574581336412355,0.00948102010707232,0.0209748582862386,0.0286863059823486,0.0278940021414407,0.0115473076468559,0.178473998795219,0.0870829410546642,"E02000875"
1.58406562072995,0.0122066517574582,0.00673790017082607,0.0431014041626592,0.00736579143345619,0.00977268215319464,0.0196578990320464,0.0332353766306732,0.0311854411551868,0.0117623266478063,0.166806537390522,0.0866568211695785,"E02000876"
1.75348970807269,0.0115302880797937,0.00561096294045459,0.0450505309828786,0.00612733537510698,0.00980704767323061,0.021252598966977,0.0307815841696614,0.0324452486893428,0.011828696766857,0.187632728661858,0.0930768551994548,"E02000877"
1.56446033232907,0.0122599734363192,0.00671334795130338,0.0413454415820879,0.0080240347303381,0.00903450354497253,0.0183146239889552,0.0334016412200595,0.027747494286044,0.0114884784013638,0.164561130042052,0.0799280915669596,"E02000878"
1.73909162629706,0.0125853724151844,0.00651479876083072,0.044818203719097,0.00729417275010727,0.0104478518850912,0.0207156082003486,0.0337261567880266,0.0368920685678302,0.0119471689514157,0.184685214097675,0.0957119433385563,"E02000879"
1.64157494931257,0.0126262378833899,0.00665712953817807,0.0434396376942107,0.00761823404654409,0.00996474502536933,0.019756438246637,0.0330951957424509,0.0327500253813688,0.0116736710881269,0.173303591852541,0.0906992910007299,"E02000880"
1.6021330540372,0.0109004611389775,0.00497762971377484,0.0468352585615163,0.00555775277632029,0.00899430756808788,0.0212111744807869,0.0260685313442559,0.0248519756692982,0.0111817330146435,0.170539990062555,0.0839195189705392,"E02000881"
1.80064708757668,0.0122274808822514,0.00611553782417136,0.0447928487551463,0.00674349102331322,0.0102404126589052,0.0212027311244898,0.032877434320187,0.0378557154460074,0.0119694783303694,0.19243651963959,0.0972269629553547,"E02000882"
1.67900766515776,0.0112671913845292,0.0051235602171647,0.0453833569536566,0.00573178239592585,0.00920616765592036,0.0215041463881038,0.0271522661188026,0.0256029295332901,0.0113335612267683,0.179465127539191,0.0898098771220005,"E02000883"
1.6205998975368,0.0128821978766664,0.00670197223867159,0.0422028601851418,0.0083132695889834,0.00950502960314687,0.0184947916289707,0.0330482000756255,0.0292475496217387,0.0114074558183739,0.1706554510686,0.0859686240482035,"E02000884"
1.73344979272489,0.0131594681450336,0.00671926717559733,0.0440736856910665,0.00802761900470548,0.0103657287533201,0.0201153975129591,0.0332638413553113,0.035177556252077,0.0116780802084094,0.18360068099907,0.0955960069037027,"E02000885"
1.81433066819219,0.0120244931753812,0.00571288108022809,0.0434181554473393,0.00638418051154359,0.00991118387168242,0.0212646569758004,0.0304283920575516,0.0318969849763246,0.0116931424058296,0.194709732898212,0.0979223162965012,"E02000886"
1.77194517389407,0.0116674833292516,0.00536830896960574,0.0440141659797625,0.00600336825619914,0.00952746422240545,0.0215955069927513,0.0287223734164202,0.0275561239402371,0.0115243242523161,0.190130732439521,0.0954015311010089,"E02000887"
1.79209209072545,0.013059129887484,0.00656764570239004,0.0439847247116907,0.00773605444217801,0.0106093944815368,0.0205188291223384,0.0328585134615816,0.0376372524492357,0.0116868598124034,0.190718272274907,0.0985663550130466,"E02000888"
1.66308227228604,0.0133493717917148,0.00665519873987747,0.0421178568302492,0.00859601732746723,0.00969733263303916,0.0182266219696063,0.0320897937718634,0.030521646664289,0.0112740248870601,0.175442008595078,0.0913510056400064,"E02000889"
1.66834336902534,0.0134663190288713,0.00664587271850418,0.0419169648320747,0.00870949730809873,0.00967353128263688,0.0179586476316244,0.0320044859358481,0.0301439634416208,0.0112536868495438,0.176008783597798,0.091824329620364,"E02000890"
2.00709467784891,0.0124426667078231,0.00616313822864422,0.0480750752148267,0.0069338579783061,0.011000843821731,0.0227175495922023,0.0284418107194491,0.0265218018839558,0.0115950536146096,0.216148895036979,0.110185640289871,"E02000893"
1.95348721956565,0.0124636465590867,0.00638369117572059,0.0449656690868044,0.00717542553927124,0.0115194414374072,0.0223894077841259,0.0285608931974945,0.0284339829840378,0.0113463126916753,0.210060520552246,0.109590612265153,"E02000894"
1.30862338371839,0.00857116995340322,0.00478798700382066,0.0285656966758363,0.0078375071762687,0.00885381580368373,0.0157565306792376,0.0210784048072886,0.0588666223032898,0.0114336944534659,0.138672341465529,0.0584089833909432,"E02000895"
1.2719563766734,0.00768851183417277,0.00394940051140363,0.026147046801994,0.0072342608331015,0.00826147445841402,0.015634688414391,0.0199631227353916,0.0470107993277091,0.0107576681650004,0.135691500307652,0.0532822830467739,"E02000896"
1.2806514390348,0.00750115167505826,0.00373724906875985,0.0256626730974632,0.00666173225327985,0.007872355530951,0.0162253684987675,0.0202372643252266,0.0430719183231358,0.0109464696442929,0.137173815957945,0.0497274454550741,"E02000897"
1.36242842004574,0.00827872579675085,0.00436263463495641,0.0279489130617689,0.00736191638685647,0.00862615294736134,0.016230813816429,0.0217591795633904,0.0504932617914999,0.0114762121958805,0.145595123911178,0.0582062139178972,"E02000898"
1.40267296777428,0.00893026183862212,0.00516323282641307,0.0297069997594105,0.0078043192447487,0.00901688220911116,0.0162424307007959,0.022733880335359,0.0597919378621949,0.0118775440416716,0.149360856053087,0.0630282758931146,"E02000899"
1.42377420189811,0.00922382941324044,0.00570391736693533,0.0304528101587082,0.00784138824103863,0.00919067052196233,0.0165105123437729,0.0239031036578327,0.0632602123135728,0.012194135468604,0.151398292339537,0.0660616555408817,"E02000900"
1.2508990019858,0.00744701327353608,0.00364808485864783,0.0253421007415329,0.00617517344739946,0.00761113289742145,0.0168471869811356,0.0211063300669116,0.0408388359847796,0.0113811435670047,0.133901403345591,0.0478336214695869,"E02000901"
1.32915336927591,0.00818983505209866,0.00428725354219197,0.0274102923938429,0.00694488225455895,0.00859456830816058,0.017328184249346,0.0235149948180127,0.0470490731212912,0.0120526279554837,0.1417725136963,0.0571937106368695,"E02000902"
1.44972198072939,0.00961490158562999,0.00680238741105165,0.0314748122778175,0.00790739058247172,0.00952839937434688,0.0171716561666573,0.026079807198437,0.0708297456015138,0.0127536682747504,0.153601323242848,0.0677675352751356,"E02000903"
1.21126113937691,0.00732696952004668,0.00347372075392289,0.0248681046543517,0.00559731128289648,0.00718570534416842,0.0171675624210893,0.0218556357516514,0.0380477878406817,0.0115537060222589,0.12961543566958,0.0434886599918877,"E02000904"
1.31805639538841,0.00835293358361323,0.00435934447560845,0.0277652728254448,0.00662544329613592,0.00864051529457242,0.0175433815956701,0.0254786153606146,0.0458382699460682,0.0122541936017047,0.140353395053169,0.0582877017303939,"E02000905"
1.39593650203024,0.00916252413511989,0.00544517342510524,0.0302610721053116,0.007148037652745,0.009331602795116,0.0178649270622635,0.027647313313354,0.0569476383110159,0.0128608277814257,0.148154734114882,0.0629867447030726,"E02000906"
1.21513031820735,0.00751061581295296,0.00349375615087895,0.0255051141610098,0.00544816724725919,0.00719128373782208,0.0172426726102618,0.0233184792523459,0.0372295708049461,0.0115695691356677,0.129904907766949,0.0441301651793248,"E02000907"
1.49183252128842,0.00993041560805186,0.00809568396215092,0.0327271692606787,0.00780008608305185,0.00964531274537456,0.0167500580143934,0.0274742110172705,0.0675376136372606,0.0130188676288278,0.158026957215392,0.0717772302238208,"E02000908"
1.17587207111319,0.00719181422489283,0.00325010319445076,0.0246699402116134,0.0050122110184777,0.00658403318533682,0.0167810527083083,0.0218718029482658,0.0350916482096499,0.0111127421390802,0.125974726791095,0.0385647216955262,"E02000909"
1.30347562924552,0.00849262570508892,0.00405755120491255,0.0289673754921549,0.00596927019745289,0.00819642362647303,0.0178789032300366,0.0263290884006986,0.0412320465615221,0.0123215526970604,0.138807244586323,0.0528687498933815,"E02000910"
1.39174533788947,0.00942688136398072,0.00515132373080253,0.0317199869330486,0.00668030823299245,0.00913226430736806,0.0177500179426272,0.0279252348667405,0.050581685461996,0.0128201639967767,0.147746039553464,0.0628347570616261,"E02000911"
1.53892698161111,0.0111022921876262,0.00734566196580016,0.0377914608748939,0.00731114113348686,0.0100051318999369,0.0172424116383408,0.0285515876646136,0.0550781889632814,0.0137476618084189,0.162842115489393,0.0747176930561178,"E02000912"
1.21069807454549,0.00731124857485015,0.0032553742859347,0.0260583363874325,0.00491620588224718,0.00651219000607198,0.0167249766347022,0.021967704188419,0.0337780737297317,0.0109356697867287,0.129958165282794,0.0393148338740007,"E02000913"
1.3028903334017,0.00835763300041501,0.00381586413495535,0.0298284507041219,0.00550156993574026,0.00756115569945499,0.017563796411507,0.0249994019543146,0.0377282115486879,0.0119646422451707,0.139207897820144,0.04852594972962,"E02000914"
1.16453482283068,0.00688725674621107,0.00300756475871434,0.0246449299679381,0.00460691029182252,0.00603721938521708,0.0160686563156992,0.0201842377412839,0.0317766953587549,0.0102778789167709,0.125265512302877,0.0341654713391914,"E02000915"
1.51640915775978,0.0110837550316208,0.00609101176735625,0.0391944526792573,0.00650171776314841,0.00958473920482465,0.0169149811737007,0.027878026670105,0.0471449399888631,0.0130553127576473,0.16082100628882,0.0702778787290124,"E02000916"
1.30563509187119,0.00789290629085035,0.00359990363965852,0.0287959190959625,0.0050975792683504,0.00700313525232586,0.0166118616661415,0.02343078070121,0.0339013392016463,0.0108263513866531,0.140307381622057,0.0481336186948111,"E02000917"
1.09874091731666,0.0060671442528175,0.00261885836288282,0.0230922138444063,0.00404683641018649,0.00531714184593608,0.0147575434319281,0.0183900613203606,0.027256924513111,0.00878218618977256,0.118646579953245,0.000112165929443005,"E02000918"
1.11528250882195,0.00610535833047397,0.00274005902928214,0.0231609321968254,0.00394125361697437,0.00538427436192735,0.0144751024443078,0.0194244525556743,0.0272354522989825,0.008960086314828,0.120504464154785,8.84312750169723e-05,"E02000919"
1.13715081638291,0.0066507698481245,0.00306016570282597,0.0251826241105175,0.00389577726717243,0.00558517784396743,0.0140380351580558,0.0203960164371668,0.0284337024344675,0.00932764991276467,0.122559920455385,7.7386776811758e-05,"E02000920"
1.1213547036092,0.00600479261016889,0.00267958755540133,0.0239057234429265,0.00386973209790842,0.00535162294506353,0.0143229171645094,0.0193339205720472,0.0255920955443107,0.00860398016831548,0.12122124422983,8.78780135405522e-05,"E02000921"
1.10897944673248,0.005966695083691,0.0026191399473743,0.0252259257381442,0.00391841965785265,0.00534605247319985,0.0144750300141663,0.0187438465419486,0.0248921299030071,0.00837714789897876,0.119686849778021,9.41463840524291e-05,"E02000922"
2.40342672135799,0.0222522663893087,0.0213924307693944,0.0397277531291726,0.014654747045527,0.016265873974856,0.0233252571282616,0.0358566031409183,0.0267747791105541,0.021179247538345,0.24863911051663,0.208913953704968,"E02000923"
2.38545938708665,0.0231173199786089,0.0230513714964996,0.04316118698341,0.0146939078926993,0.0163921820296871,0.0233501499533873,0.0350240425175471,0.0276064581308346,0.0211940138354212,0.244725085420641,0.209973228339041,"E02000925"
1.2428874645063,0.0124987546363829,0.0126952074021296,0.0241808307334569,0.00883988265815699,0.00968862546287045,0.0157067248444344,0.0245152193245484,0.0151730963436479,0.0132194618517908,0.1250160039772,5.44270047033212e-05,"E02000926"
2.17975344007002,0.0222405865683517,0.0212235816608012,0.0452949008874399,0.0130406881449407,0.0144808318842045,0.0221330384026668,0.0329827448891747,0.0282746230371866,0.0194243665650935,0.222771761652358,0.176584053447484,"E02000927"
1.58412052169645,0.0138668530769204,0.0196739702987153,0.0258987562809242,0.0105929592765336,0.0119124369385015,0.018178341899832,0.0292641584562418,0.0205301501525291,0.0209885950340779,0.159478866008489,7.95268813748546e-05,"E02000928"
1.28906793927131,0.0131112928605877,0.0136436647372391,0.0280891866459275,0.0090265984712608,0.00970846565641711,0.0159823651949772,0.0241711363490417,0.016655503787593,0.0130966826288714,0.129382666651705,5.35095389752648e-05,"E02000929"
2.27367529773991,0.0228172575890755,0.0234256781664285,0.0478279364042269,0.014009916180923,0.0156359733238722,0.0226658651233101,0.0330700848009444,0.0288641619457739,0.0205893442442652,0.231428802793276,0.200591537488978,"E02000930"
2.09322914335054,0.0215849058726418,0.0201096726030251,0.0507500377241428,0.0121995711354246,0.0128905015257716,0.0212363240478575,0.0307829382199063,0.030528579100616,0.0186462378771976,0.213928023053695,0.162245658996396,"E02000931"
1.70746440569963,0.0144931714674207,0.015940303738663,0.0328974768158555,0.0101012846922983,0.0113691727165755,0.0185022605072707,0.027495840437432,0.0203366807277075,0.018626973929657,0.17662199283206,6.08197324152199e-05,"E02000932"
1.72917857454574,0.0147180487668006,0.0173508453963786,0.0302464924459277,0.0110416230022675,0.0119522010615305,0.0179765293577859,0.0293454798870713,0.0248464410028427,0.0232405083072182,0.177828889267899,9.33808832993667e-05,"E02000933"
2.30491152497973,0.022425361303806,0.0230972301758349,0.0517146534314412,0.0139402932284814,0.0153213379641509,0.0225700097977037,0.0325982541571306,0.030131796296482,0.0213495937643016,0.235636101279684,0.21071065970683,"E02000934"
2.33629821242636,0.0239279434692793,0.0206457362336743,0.0505380587761598,0.0164052413260667,0.0181625598821601,0.0238306814624595,0.0385003717786516,0.0424347037011908,0.0304261414116833,0.237080842794914,0.290999928069466,"E02000935"
2.11138383519671,0.0164364616421455,0.0161775321174017,0.0393910290846057,0.0107238219393726,0.0120470629838081,0.0194698287308663,0.02842986475059,0.026373420924301,0.0238246428176676,0.222842628455142,0.000105052204790354,"E02000936"
2.13225301610914,0.0206940082720809,0.0191045857838747,0.0541571730072053,0.0118827418292415,0.0118248676922936,0.0208338660588177,0.0291420074426793,0.0318599432319124,0.0184755719594884,0.220070592014459,0.153886252777545,"E02000937"
2.4574825784209,0.0237869740992046,0.0213631220134006,0.050943261259019,0.0155675508174995,0.0164909416235012,0.0237693906286785,0.0362631390465572,0.0423317139375884,0.0319075008715983,0.252679146744478,0.274768725827082,"E02000938"
2.05949725079744,0.0206835751029259,0.0180209092112119,0.0528209779500795,0.0113231192751748,0.0111936088320159,0.020202105203117,0.0285668950586777,0.0331700873255127,0.017465558371472,0.212410349989636,0.135906696464401,"E02000939"
2.52736803954878,0.0219574862649101,0.0205143212966361,0.0573628629016688,0.0129386597538147,0.014294247431187,0.0227889736840426,0.0315652604258674,0.0329543203516108,0.0222986971447293,0.26459693191585,0.201165168028493,"E02000940"
2.38222258593126,0.0214072940846786,0.0202700984792534,0.05680865307777,0.0127031641301626,0.0130474873352711,0.0219893299831408,0.0304145798015566,0.0325496728576873,0.0201525115414754,0.248202348910432,0.176637292123455,"E02000941"
2.64483025741102,0.0223541831678639,0.0196588280412767,0.058008976101153,0.0131502201117893,0.0145460287505212,0.0235028550954382,0.0321406018012943,0.0361197833263747,0.02616716582853,0.278410616884281,0.219085344791454,"E02000942"
2.05013114690109,0.019722062615735,0.0161068483921474,0.0511098857045457,0.0104599187507537,0.0102260755790171,0.0193782941924169,0.0271217171661875,0.0347676350571194,0.0164708780830151,0.213703722171469,0.114803846374522,"E02000943"
2.60679900491855,0.02274359950349,0.0192771141923083,0.0576343319254793,0.0135162981528485,0.0143351063074248,0.0235733523556837,0.0325844046569458,0.0410394647355146,0.0290202034298376,0.273596510916564,0.233262224156484,"E02000944"
2.32116114325519,0.022788524892128,0.0189072630170425,0.056851147469413,0.0137268107773371,0.0139433404401066,0.0215920072952829,0.032209316743955,0.0489255856849393,0.0289900731207095,0.239480534768498,0.230264676924773,"E02000945"
2.54063901794593,0.0202414373474886,0.0172080947102832,0.055935025083536,0.0114542162725086,0.0110854426092956,0.021112752013725,0.0275744246901101,0.0359012743058582,0.0187529189919364,0.270275834899481,0.137518102282191,"E02000946"
2.67010272779013,0.0210748247676804,0.0178474917661691,0.0589147332218715,0.0120774216517073,0.0121748134061529,0.0226373081460397,0.0291411337570461,0.0389172334222758,0.0230574395257261,0.283963333826925,0.172203984724193,"E02000947"
2.26638180133052,0.0146031671377718,0.0117282122356971,0.0408423383603041,0.0088445206636283,0.00856402989035759,0.0172781898750635,0.0230274371247277,0.037361299840612,0.0138418489747693,0.24532990963666,0.0723392307794779,"E02000948"
2.43446876414432,0.0184579983293603,0.0149212138639388,0.0509028415191801,0.0103441174110025,0.00987169050013764,0.0194507392896989,0.0255689241087753,0.0351978751652446,0.0164837146014647,0.260667889204187,0.105263051625738,"E02000949"
2.58675399751391,0.0216896061320904,0.0176885488243136,0.0621546353116682,0.0125937204845986,0.0121019698678981,0.0225363904080004,0.0297476279844574,0.0489251091956995,0.027355311028465,0.273067180827162,0.196908714350851,"E02000950"
2.37213939812274,0.0164976592095366,0.0130425799627969,0.0464686764352095,0.00952265133502645,0.00918646079580143,0.0183991279372333,0.0241138950448169,0.0358383293411103,0.0152439224979224,0.255667834296201,0.0857242071411286,"E02000951"
2.30349275848024,0.0149325758947215,0.0118135058429925,0.0430317229017365,0.00900584335556245,0.00871251599187918,0.0176645216277051,0.0230331299259194,0.0381192092215618,0.0142754191669471,0.249219400216411,0.0717027809863021,"E02000952"
2.57359598022801,0.018799878355854,0.014749194325808,0.0551151933561549,0.0105818804813051,0.0100509241770426,0.0211148319734251,0.025976363759857,0.0428682359478349,0.0199178175385715,0.276229115038307,0.115990653134888,"E02000953"
2.307732928913,0.0146717883640662,0.0116983732850985,0.0444074786237322,0.00904297138038651,0.00880568649571933,0.0183587245578017,0.0232117548805944,0.0393679810011278,0.0154963222618672,0.249653563842361,0.000707835164583114,"E02000954"
2.36998156360528,0.0153324936420524,0.0119353796060546,0.0473851921855621,0.00924287745742274,0.00901643278053006,0.0190898760743919,0.0238242830279262,0.0429960610176673,0.0167256729402575,0.256142602896563,0.000580036236261929,"E02000955"
2.33327243520653,0.0152836667530748,0.0118030364144486,0.0484873254855928,0.00928263395122986,0.00888824790701245,0.0195630299124466,0.0238289159056596,0.0449853706036841,0.0183741674634173,0.251796804101174,0.00044432255799572,"E02000956"
2.38386450050786,0.0143747542843515,0.0113734882373382,0.0524862801560238,0.00912990844249796,0.00897363957193579,0.0198867372956705,0.0242748848897015,0.0518878700684014,0.0178691735703906,0.257650408776142,0.000284325178897872,"E02000957"
2.33293420194649,0.0130657425602003,0.0108051864946281,0.0478497379967776,0.00878973908298139,0.00857654219036311,0.0189088334158821,0.0235699001675941,0.0499945340996065,0.0154513298976821,0.253010691820823,0.000220672470972327,"E02000958"
2.30433244087855,0.0124895499932467,0.0103590554922621,0.0479747480169426,0.00855783698113617,0.00831738562501672,0.018712455601956,0.0231591580519636,0.0503130923300803,0.014829713176578,0.250090373729341,0.000207671200271184,"E02000959"
1.11301578362678,0.0091144660547689,0.0101434629546224,0.0183710702274771,0.00728845013249853,0.00712259356623905,0.0163109739755869,0.0123905126866024,0.0139795812956582,0.0173918742619784,0.114907336261202,0.0456080919270294,"E02000960"
1.296419442545,0.0100245725361935,0.0121988233536823,0.0212526500334532,0.00839998601415695,0.00814952767702838,0.0197363520949463,0.0121562776133741,0.0160614227645782,0.0164036620180195,0.134362754435209,0.0698591677108272,"E02000961"
1.29401247078945,0.0102230864655991,0.0120194877784665,0.0211928836606885,0.00850493123131621,0.00832054386767631,0.018679846139787,0.01310527944966,0.0160028518180814,0.018260128150614,0.13386662886644,0.0667530675340736,"E02000962"
0.879768458946469,0.00640375574545479,0.00443206436409691,0.0137592430028196,0.00594455964972523,0.00477606342069279,0.0152574225767296,0.00853365718778694,0.0108874392623585,0.0117412575974372,0.0925999352725847,4.89218493254303e-05,"E02000963"
1.51915092019985,0.0112005001357445,0.0127520966517191,0.0239027949487042,0.0100964975458161,0.00957536609575217,0.0223651950470682,0.013440254278957,0.0191292321491404,0.0174793279484894,0.158568499261211,0.100590527369666,"E02000964"
1.46555213087769,0.0110526102828236,0.0138924076142643,0.023707844481215,0.0096544121871989,0.00923006064267912,0.0218527633193767,0.0133022205684656,0.0181578546126619,0.0172061298578921,0.152023795516078,0.0900649612935819,"E02000965"
1.4441835938196,0.0110638437940858,0.0137350102333188,0.0233754968068825,0.00957053591802039,0.00921325476269398,0.0206989886509194,0.0137108567824294,0.017843742671796,0.0177417287030991,0.149609370814317,0.0859936776314602,"E02000966"
1.22582116002126,0.0100648230438171,0.0104942828894577,0.0195610243884003,0.00807413381073933,0.00769011214980361,0.0168066296144814,0.0165330003178077,0.0149994157789645,0.018493488095854,0.126889765988808,0.0535264031512738,"E02000967"
1.43985395179079,0.0111589647097152,0.0131189873300071,0.0229402103047944,0.00942125509530264,0.00906328111506745,0.0194250238152423,0.0150593981498497,0.0174413447848085,0.0199387383919383,0.14939416555348,0.0796243233861692,"E02000968"
1.58796730891866,0.011713535700317,0.0152955100133713,0.0251835017274569,0.010552700038102,0.00998775504575083,0.0228339568055663,0.0141928139343797,0.019565044608408,0.0180475010872457,0.164806753239637,0.101704471951495,"E02000969"
1.45406919172832,0.0116425061365743,0.0108585438044519,0.021827926458767,0.00910527778501019,0.00842470586131527,0.0178620453000563,0.0243891480310124,0.0168628764152185,0.0192590611579836,0.151962391916109,0.0761854672479681,"E02000970"
1.53885409679991,0.0119959675926844,0.0132026826269542,0.0234634493878452,0.0096709471516108,0.00916504762877882,0.018959230265689,0.0198159943754674,0.0180107402842689,0.0207132670087347,0.160471967967083,0.0857107681754616,"E02000971"
1.3422696136327,0.0111240951995079,0.00800619622926863,0.020499561665727,0.00847135908071448,0.00777255873103341,0.016820132621539,0.0258044118412249,0.0159928836961198,0.0170607996281138,0.140554399557002,0.0664043222265394,"E02000972"
1.67082475851953,0.0121561690622346,0.0161128165719719,0.0260420607033266,0.0110827516575382,0.010459350338989,0.0231072084467469,0.0148288311418389,0.0204976959093002,0.0185549127321961,0.173626243943798,0.110384819955113,"E02000973"
1.66759417010922,0.0125191139937242,0.014738732152398,0.025267709836825,0.0106483122990728,0.00996708197512273,0.0203828199682488,0.0179670819648718,0.0195335404835732,0.021641474680906,0.174018132453344,0.101851822548682,"E02000974"
1.71177385339045,0.0125786184195765,0.0155449115807453,0.0260708610554272,0.0111672156577895,0.0103802117619814,0.02177543215342,0.0164303137430771,0.0203330215325654,0.020286499362918,0.178502676400562,0.110233167087301,"E02000975"
1.7388279484724,0.012649078464088,0.0163051841003281,0.0266056228137468,0.011418168142472,0.0106791641656919,0.022598458510249,0.0157999511308789,0.021027694823607,0.0192984192012455,0.181142605239921,0.117404323825244,"E02000976"
1.48533558185465,0.0123796360826819,0.00773884154402411,0.0224580925986188,0.00941988997077945,0.00815298224148852,0.0171905182752723,0.0301110104633347,0.0178256132363814,0.0156418736638997,0.156087048397648,0.081993306542472,"E02000977"
2.1375395995787,0.0153936389839776,0.0170466916230142,0.0297171104511517,0.0128991490318072,0.0117047417121323,0.0214594770912241,0.026780938807813,0.0233828662139679,0.0221044280069939,0.225474212913751,0.148693042451582,"E02000978"
1.71135874833471,0.0144063852498915,0.00922820538441977,0.0263614977903763,0.0114113700675207,0.00955525669818318,0.019014017778591,0.0341524677992221,0.0205413903358689,0.0164020191713564,0.179365790883773,0.110037691617035,"E02000979"
1.78858658170777,0.0159080328452546,0.00975984644214382,0.0294596969918185,0.0120753389762938,0.010732684521983,0.0200654923673863,0.035635137831071,0.022034805494867,0.0167719921960006,0.186607655651204,0.122198863819738,"E02000980"
1.98535929435782,0.0171729742318846,0.0130751934952295,0.0312822516905819,0.0128689033593094,0.0120060075011022,0.0211592341744994,0.0363868440083769,0.0230123952121116,0.0180464175197745,0.207394847692047,0.145637839968376,"E02000981"
2.19351883158582,0.0181204186799559,0.0163105780047954,0.0329338322379431,0.0136866673447581,0.0131086369426993,0.0220486295318266,0.0371052807908956,0.0243886156547514,0.0191770408765388,0.229707558075487,0.164046515437224,"E02000982"
1.91275594948728,0.0175957666494047,0.0121764065122015,0.032231025867281,0.0126176757000314,0.012102083679939,0.0210689084928684,0.0362099265530185,0.0231464781500307,0.0178329888695739,0.198861229212199,0.140066559272118,"E02000983"
2.40834914339858,0.0151119133354748,0.0145224403238424,0.100237023473315,0.0143897496312252,0.0117165940370287,0.0217826470063184,0.0327768738680888,0.0875972910143971,0.0224699459139528,0.247909597987705,0.133890148774447,"E02006782"
2.41910747133692,0.0148985430466413,0.0116447254504148,0.0804455532817331,0.0129306705166185,0.0115161483390137,0.0225356273290206,0.0322131241739315,0.0816298884476532,0.0197113027538434,0.254885240260724,0.121407010584222,"E02006783"
2.43179179422947,0.0143406576345357,0.0129067798476763,0.0766853893804292,0.0118569878679562,0.0110210966237943,0.0232719061465667,0.0324054381607169,0.0634380008367553,0.0191467863008979,0.257504593366091,0.000382632555159252,"E02006784"
2.38667724019327,0.0155221876203564,0.00769901446630077,0.110124702870023,0.0112615038804487,0.0140469344180332,0.0243480444295832,0.0286917062192895,0.0332913168782472,0.0195419575108763,0.245742777732565,0.185314539271428,"E02006785"
2.23239181161159,0.014455554589322,0.00663760447896192,0.0997282584539001,0.00973089924279349,0.0127761272962339,0.0236360109630354,0.027178371648358,0.0324671098467436,0.0181259142123429,0.231002730480692,0.165370202727864,"E02006786"
2.28708665952312,0.0113200694542713,0.00995653179241067,0.078269816511052,0.00925307173733457,0.00987428129198774,0.020795076474622,0.0265283123814517,0.0493361720348056,0.0157768318799747,0.243900166062015,0.000350370436739591,"E02006787"
2.18753575349033,0.0111710472996009,0.0099280385571398,0.0775276153042091,0.00898802325128952,0.00952397973109225,0.0206063561304189,0.0256384037954357,0.0498224880462462,0.0158834426690011,0.232460022338699,0.00027265667840653,"E02006788"
2.50447525554776,0.0142560330025039,0.0130213784410764,0.123773553080514,0.0109005567893894,0.0107640009346483,0.0213932809774959,0.0305442381578258,0.0537063537547167,0.018524970090815,0.257386741418129,0.000343424048848576,"E02006789"
1.05028062293717,0.00867592995555137,0.00450427816025964,0.0159377171796476,0.00713186622923636,0.00969383786258879,0.0127417433647913,0.0118542441539397,0.0174490787052485,0.0125750608267975,0.110002155031214,4.46953993591055e-05,"E02006791"
1.03931125059547,0.00866133454924208,0.00395777880362651,0.0162275472570372,0.00708391386200577,0.0100305956865954,0.0124406934160721,0.0119389529004818,0.0206918440276001,0.0124443804841332,0.108715335662261,4.48902288544046e-05,"E02006792"
1.12266814254769,0.00789178348144088,0.00739120420102846,0.026644238384683,0.00718998356677201,0.00741021120196539,0.0151725342026945,0.0191081926731571,0.0627046171224617,0.0114661273241236,0.117004880399715,9.32362556201e-05,"E02006793"
1.1948879692797,0.00809469361048665,0.00729503971157497,0.0272651108678503,0.00701026510133492,0.00752170584446043,0.0150068261826405,0.0200534260062403,0.0625440469874271,0.0113648809645041,0.125651812397732,8.95301204822298e-05,"E02006794"
0.953969731916862,0.00684170288106934,0.0026373251239428,0.0179905996800581,0.00535900592721046,0.00612032924181029,0.0112677898046182,0.00851778974727589,0.0318652686734106,0.0106893373269881,0.101588989719209,0.000130901680505426,"E02006795"
0.826810336846609,0.00689720242316476,0.00267004008333959,0.017481880819643,0.00533838990007832,0.00605152533388072,0.0108361807531023,0.00879967660619772,0.02533689487784,0.0104654406223775,0.0865801516690081,9.22669657317018e-05,"E02006796"
1.98195758099131,0.0131444099539752,0.00700522579585952,0.0435036493175714,0.00913321467192444,0.012416864785474,0.0225684648202363,0.028616931533684,0.0402968926143567,0.0116028118319339,0.212189524392062,0.11224897667631,"E02006798"
1.18454194513483,0.00750730051530489,0.00297767812851229,0.0393903969390474,0.00488970885785606,0.00564317313382465,0.0149742706941117,0.0175259422549622,0.0294792410062209,0.0109943574783318,0.125435165453943,0.00026045315099656,"E02006799"
1.16049232790356,0.00740367490215175,0.00280509704725464,0.0387408189585261,0.00466549939923359,0.00549175988313553,0.0149034551253573,0.0175925243912458,0.0287431154187503,0.0105392153478131,0.122976082461266,0.000377084069502041,"E02006800"
1.55456051909007,0.0137157027970704,0.00687692180321103,0.0255387737653058,0.00979894638444318,0.00860029908958311,0.0173585340642266,0.0328608717509424,0.0208335756792914,0.0126169330517601,0.163329325703203,0.0871544537046681,"E02006801"
1.6087167079141,0.0142345506274637,0.00680707104268488,0.0296072892596795,0.00981898689882509,0.00918465655407043,0.0176150020443828,0.0328770549516945,0.0229588067519294,0.0121757776198833,0.169109683951181,0.09154901214734,"E02006802"
1.72195173439,0.0119244790860964,0.0111732398973701,0.0642360133434281,0.00805749633444293,0.00803661741167043,0.017867916023258,0.023608857789893,0.046954507474026,0.0172167041822298,0.179630688436025,0.000607321867257125,"E02006836"
1.97110740786867,0.0125252905217627,0.00623178122296743,0.0454824935173544,0.00695257349817913,0.0111261326629453,0.0226091838173275,0.029436206189987,0.0291466543755707,0.0115410064441566,0.212143229163684,0.108677028808533,"E02006853"
1.88687267173998,0.0121234884033383,0.00571614793033699,0.0447356992215761,0.00637226505918351,0.0100623723071654,0.0220841296416657,0.0292068657974233,0.028235006445923,0.0115719049031719,0.203016397223323,0.102466607073222,"E02006854"
1.35107175060881,0.00852103096466278,0.00391459926484168,0.0207400581093882,0.00680526766904524,0.00760489968889946,0.0132927114967329,0.0103065486502277,0.0438425025724186,0.0129405195832623,0.145675041806247,0.000106673222889067,"E02006882"
1.0366732580831,0.00813515728001798,0.00477431336898177,0.0296596388457618,0.00445026073441414,0.00682488869795271,0.0137618467455784,0.0220171675795284,0.0315006171529618,0.010800220229107,0.108746750320654,4.38156040735515e-05,"E02006918"
1.03835199130004,0.00832423187199988,0.00509072775655573,0.0297665014348884,0.00467258451497942,0.00709252028553155,0.0139622232669301,0.0223448960815299,0.028973038440559,0.0112958752172874,0.108560454483762,4.47199549077717e-05,"E02006921"
1.06182665489585,0.00666296934380621,0.00242202068648926,0.031172866202063,0.00412003294596071,0.00510007043495048,0.0151185871940873,0.0169875251426166,0.0274871501495,0.00930865168283257,0.113213274886164,0.000271045993732323,"E02006924"
1.0521710554937,0.00654888118347295,0.00250018575584149,0.0221441613060624,0.00420368587716189,0.00514609816658398,0.0153838850139315,0.0173132113443756,0.0300880688772519,0.0100576645745102,0.113074265029912,0.00127935536575079,"E02006925"
2.34800208623416,0.0143084846730958,0.0093265468482721,0.0701888830239576,0.0117665122058544,0.0132331463879018,0.0248868281064718,0.0312524673924444,0.0333325051437101,0.017001641381677,0.249374704984312,0.174513245117631,"E02006927"
2.02126568052089,0.0129859394060735,0.00717302645409107,0.0448791372741369,0.00821362785895691,0.0125001750880336,0.0233072449981199,0.0286662308155034,0.0298639013567457,0.0115271402537222,0.21703287508171,0.11514057538064,"E02006928"
2.0360090681022,0.0128502341795657,0.00601156125748093,0.055784332621752,0.00748898469404863,0.0108234064588088,0.0228753267727805,0.0269786443803743,0.0263432010764751,0.0124932645125341,0.218328834042568,0.118471331583617,"E02006930"
2.14258870315923,0.0133768857343273,0.00759072890536102,0.0469757328155193,0.00853454951731976,0.0126873439179736,0.0238131352178308,0.0291225858726591,0.0275854696472114,0.0121911512360669,0.230554312424223,0.124744027130959,"E02006931"
1.63800302888805,0.0133637918571078,0.00647677416950963,0.0396724473658003,0.00873379995820308,0.00925384574686739,0.0169401186672835,0.0317453891724477,0.0271059614573672,0.0111864817720253,0.172875455002519,0.087872364826387,"E02006941"
1.65090428999593,0.0135960191542387,0.00649720369573223,0.0396009989474788,0.00890754698382278,0.00941877269311717,0.0168916135064645,0.0315560171107895,0.0272576525648804,0.011260863403468,0.174206220829926,0.0908073671687278,"E02006942"
1.38795355308198,0.00928558516135809,0.00450492879107739,0.0229181329864141,0.00777923784971903,0.00872893777418548,0.0173948465131817,0.0107376033486851,0.0300064327144339,0.0142624612106039,0.14863864599674,0.000152076457194662,"E02006953"
1.56544697361675,0.0107420511478707,0.00514806875786556,0.0259763689631853,0.00888707220017712,0.00981123588905755,0.0188111517088754,0.0119528621074926,0.0315569706454244,0.0154708144618069,0.167510281675571,0.0820950994850829,"E02006954"
1.14796592388203,0.0083924354836175,0.00405283204324235,0.0189178237310642,0.00627216024200153,0.00748640794913309,0.012584197878113,0.00915055419625739,0.0309921220991248,0.0106514302198242,0.122629759788337,8.02247363565699e-05,"E02006955"
1.1153510408803,0.0083700168354125,0.0040870818761602,0.0177950124974146,0.00617684268749835,0.00739207220035208,0.0122772656282045,0.0091066279453376,0.0231515043590469,0.0105673139229628,0.119049605193867,7.54627704697241e-05,"E02006956"
0.999241019714185,0.00766795400728868,0.00271497218978498,0.0172103603041568,0.00570306729236674,0.00679451324592768,0.0105957476290633,0.0083670758365047,0.0329409922687094,0.010519458635594,0.106422792099399,5.01494933690935e-05,"E02006968"
0.998458396388144,0.00771207378224301,0.00263017708370573,0.0170877019421351,0.00554652992843816,0.00701335351072664,0.0103437056206507,0.00861906290481953,0.0370052352116918,0.0103597813135082,0.106367795952819,4.78598449748947e-05,"E02006969"
1.24757609459445,0.0112557269168415,0.00424113404483959,0.0232146814817519,0.00795002338774349,0.00854110274762585,0.0150125245757228,0.0151747348608823,0.0306239036090176,0.0156133001228945,0.131020362650561,0.0815534541057447,"E02006970"
1.2423454786715,0.0112341643502603,0.00427124665453722,0.0234807898768814,0.00793966718958408,0.00851355228965024,0.0150762598600227,0.0155541517438637,0.0301580118453662,0.015741180055682,0.130362452284659,0.0813357328942459,"E02006971"
1.01040636789718,0.00839285898597831,0.00307536320935952,0.0165517674140079,0.00610895853835176,0.00882871556710631,0.0109829500028487,0.0108342474505533,0.031297364954113,0.0113210117825427,0.106587869194753,4.38233014954518e-05,"E02006972"
1.02670188008531,0.00887853895391654,0.00304251637459728,0.0166307539547924,0.0060171209711741,0.00855845610502508,0.0107591875707223,0.0116868513106856,0.0360685819927862,0.0112126202739035,0.108384790046949,4.42619890247006e-05,"E02006973"
2.02486653932308,0.0110382336760172,0.0103691180912302,0.0810290516022036,0.00833958612049645,0.00845953836990942,0.02071032568195,0.0241674301733798,0.0495271908497006,0.0159323632552508,0.212768118042902,0.000300821080234191,"E02006987"
2.01593685306302,0.0108933183165429,0.010524479097193,0.082772887354199,0.00835255688642427,0.00844784241187417,0.0206838237605026,0.0242412066424387,0.049186819700689,0.0159107272718076,0.211350504362034,0.000417300787308702,"E02006988"
1.37627712223776,0.00828344420890958,0.00357513125267664,0.0463975127935625,0.00481662133515217,0.00618811911053477,0.0183394550436225,0.0183592179501065,0.0250474728727273,0.0106154311899609,0.146359412910722,9.49986262032916e-05,"E02006991"
1.53344832538474,0.0088997178936385,0.00384227569292714,0.0332858946569652,0.00455667517763059,0.00696570675661945,0.0175762611366508,0.0211740237789747,0.022202758593091,0.0092909593326876,0.166327366371139,8.38591637047254e-05,"E02006992"
1.50347105194282,0.00896714909920504,0.00374698504759911,0.0368350549370777,0.00479405036276269,0.00674353753536342,0.0178128014615895,0.0197632517370874,0.0228883614020934,0.00962454964483469,0.16246513898309,8.83990611776576e-05,"E02006993"
1.43050980045263,0.0085139430107439,0.00369776702256055,0.0441520305108386,0.00486722586212081,0.0064793624904701,0.0187509175089662,0.0182811875383748,0.0243451400823988,0.0103568693063266,0.153073584291044,9.09869500936862e-05,"E02006994"
1.06297026806341,0.00644217589118031,0.00298727937176361,0.0257884394897981,0.00358351162416578,0.00543601626150146,0.0132519398378461,0.0207169595737936,0.0239533365082244,0.00871776828768978,0.114092440744052,5.48280812235261e-05,"E02006995"
1.07268445382923,0.00617094347328205,0.00284463679170683,0.0259870513017176,0.00359793901822932,0.00541044235693566,0.0133816878390927,0.0200481981571349,0.0227003280184399,0.00855738078994695,0.115339990658397,6.3166200504653e-05,"E02006996"
0.981382686129967,0.00653895169819923,0.00301376856161603,0.0284266895911733,0.00351006727441296,0.00547822749392013,0.0135397542267062,0.0198744936356109,0.0211969513029003,0.00860928897225245,0.104205388275596,5.40800846358972e-05,"E02006997"
1.29080315489425,0.00775804011932942,0.00332251251299814,0.0410614404066656,0.00449584872515807,0.00577281319538448,0.017795294819908,0.0173490549757293,0.0233466110050572,0.00959381699526268,0.137715564794056,8.95142615532045e-05,"E02006998"
1.38579773705036,0.00840309961378908,0.00358753132583948,0.0406197624921311,0.00445705248390077,0.00618270283179379,0.01749479599889,0.0181547082541382,0.0227520822056852,0.00930021291581752,0.148703356069772,7.91934619971859e-05,"E02006999"
2.13750721855025,0.0135512438033768,0.00749753897621535,0.0423805139986771,0.00994719647005972,0.0119695727318124,0.0239672842959982,0.0286140199721311,0.0364360683687771,0.0125422694152457,0.22989047716997,0.118390641496601,"E02007008"
2.10953180968919,0.013254713163427,0.00734296934033777,0.0385003537966268,0.010279415866864,0.0113526650941563,0.0233349059729766,0.0284971306508796,0.0440960680626402,0.0131981664497887,0.227100206641219,0.108260392231042,"E02007009"
1.17266271664481,0.00736461326359055,0.00277516447036104,0.0367659112404154,0.00469187614026178,0.00550907004054267,0.0149364673759234,0.0174414864749417,0.0303481310323657,0.0109848457807078,0.124724445073111,0.000272396058221281,"E02007017"
1.18688807419117,0.00747198491824699,0.00288251286898471,0.0383390509295597,0.00479145073174147,0.00558261382783569,0.0149735904898916,0.0175977040372255,0.0301691166708376,0.0110920685247333,0.126000465345992,0.000301422733273409,"E02007018"
1.09854452329106,0.00707791303167009,0.00254936634259185,0.0379242807950252,0.0043083080315957,0.0052631493038212,0.0150249588039815,0.0171153862875863,0.0268283775566392,0.00942218253853768,0.116227349195511,0.000290060639722045,"E02007019"
1.09204020695326,0.00705702729857707,0.00255325996098265,0.0379342462990091,0.00430265128783197,0.00526087124332921,0.0149185496466666,0.0169048966239552,0.0262737678165807,0.00926001584304497,0.115487504889729,0.000239398307460013,"E02007020"
2.06189045581972,0.0197891283929076,0.016153470016728,0.0360974081686017,0.0129151271297648,0.0133491797239982,0.0218432378131908,0.0359248881365599,0.0249134187989342,0.0188366527958458,0.213357009863149,0.156803132878314,"E02007083"
2.11319823708105,0.0212179817557732,0.018823995716652,0.0400191183018139,0.0127785279819684,0.0137400201050939,0.0218927159016427,0.0344532918510964,0.0265130074962517,0.0190124829212009,0.217304715574158,0.163747622978478,"E02007084"
1.50212909587719,0.0119305477126359,0.0069189117354879,0.0416326748772381,0.00743332663626182,0.00945916774003811,0.0194251796920418,0.0305889335125536,0.0288859085948337,0.0127685781749012,0.157506169256519,0.071378208335378,"E02007108"
1.46210795214336,0.0115309035321968,0.00676650540654063,0.0407264213944632,0.00730352808000999,0.00906938071078753,0.0190277222044802,0.0307750343398727,0.0280981598979627,0.0123629187933775,0.153225160103827,0.0702718373472268,"E02007109"
1.38023996603273,0.0103976209692636,0.00598541722360856,0.0311784168543727,0.00721980472728093,0.00795576559505127,0.0172330835517957,0.0316646964254105,0.0243135858525992,0.0116693054760544,0.145582916370482,0.0640380467717678,"E02007110"
1.47989411754992,0.0113079498597144,0.00654958238541516,0.0382125371015026,0.00761714885727576,0.00841176158675716,0.0180696242339,0.0335649631672112,0.0263109733716019,0.0117898061288196,0.155629795095187,0.0708641475006403,"E02007111"
1.20976397814395,0.00764126397706425,0.00339180993544812,0.0320481669646371,0.0038190460937341,0.00579322954889145,0.0161116427768887,0.0197063230990485,0.0215675586428237,0.00877282616430049,0.129810315780047,6.85752076691298e-05,"E02007112"
1.17804175222344,0.0077546401633677,0.00336602541825226,0.0293140944531705,0.00384893368686628,0.00601950443789943,0.0160302834609596,0.0209878193285328,0.0213787710664687,0.00879939260825198,0.126315848990873,6.6166504924494e-05,"E02007113"
1.9459244303639,0.012206382036214,0.00583005811144056,0.0474868981317868,0.00652616285017181,0.0103167154024897,0.0225149048228149,0.0283829995790849,0.0265586794088274,0.0115213804183011,0.209466638723646,0.105623661769608,"E02007114"
1.07585989908188,0.00908178562524819,0.00541731961816685,0.0180130833247658,0.00674943576040283,0.00695736053274295,0.0147659037718005,0.0245228743269441,0.0146839441705546,0.0133630014709107,0.112300048019642,0.0405615433042507,"E02007115"
