"Intercept","IMD","Asian","Other","retailers___other","takeaway_sandwich_shop","pub_bar_nightclub","supermarkets_hypermarkets","hotel_bed_and_breakfast_guest_house","other_catering_premises","log_pop_density","alpha","MSOA21CD","MSOA21NM","x","y"
-3.01931534431479,0.034496726770423,0.0055306629823462,0.0218960013739051,0.00685541000245108,-0.00186105582559832,0.0103798473701685,-0.0139267808965256,0.0285737885741328,-0.0209566495512234,-0.115472579666035,0.152023178854814,"E02000001","City of London 001",532485.482159412,181271.782114895
-6.70126234193533,0.0112412564251033,0.0152108207643672,0.0147460457852746,0.00200265940202171,-0.00815809437650768,0.000166470057762398,-0.0256468017369388,-0.0876157318110339,-0.00720108809572387,0.409904865259338,0.00772417602399602,"E02000002","Barking and Dagenham 001",548312.757365699,189881.428040392
-6.47693643471986,0.010820932752691,0.0173142966177823,-0.0159462094081848,0.00286807723964841,-0.00751546311734014,0.00194324783870501,-0.0228387575036582,-0.0809250627338948,-0.00738333446087352,0.383985268690793,0.00778769157060159,"E02000003","Barking and Dagenham 002",548454.861131233,188400.031730149
-5.93533580022939,0.0116154828879587,0.0202284102626232,-0.0483423354632392,0.00310841497937203,-0.00601802876470821,0.000531126912403822,-0.0139939175204413,-0.0764690653803059,-0.00767618327445371,0.315575667882133,0.0383168315834234,"E02000004","Barking and Dagenham 003",551009.063352634,186311.121270225
-6.24784244659875,0.0104485330485092,0.0182107897318315,-0.034516861731917,0.00364603314277024,-0.0071450755840954,0.00159519811033939,-0.0211263155998562,-0.0713666581406845,-0.00765070984118184,0.360583779766353,0.0152471097704964,"E02000005","Barking and Dagenham 004",548667.16108568,186903.342288399
-6.09866447205358,0.0108737117995658,0.0191922588885321,-0.0421493093303925,0.00356305266679872,-0.00664631318259984,0.00125972036021479,-0.0177391608397612,-0.0723248673649829,-0.00757945205942353,0.339256117281714,0.0250594232052675,"E02000007","Barking and Dagenham 006",549648.573008712,186561.042714971
-6.09228850018496,0.00973235426929925,0.0182773207674583,-0.0448463449669428,0.00399183751714721,-0.00737060164602855,0.000472098589094068,-0.022247453785316,-0.0642005458580255,-0.00826369725890955,0.35151872390532,0.0187681775871627,"E02000008","Barking and Dagenham 007",548139.334746794,185911.229533402
-6.15386795646168,0.00866517553954684,0.0168607247675938,-0.0415425335629703,0.00422905295921791,-0.00790331544201397,-0.000318484375950005,-0.0269668725245501,-0.0591931642822109,-0.00939770051296013,0.371354224897068,0.0102474767232831,"E02000009","Barking and Dagenham 008",546965.824618885,185757.98630461
-5.88158412697915,0.010294931611851,0.0192991376853398,-0.0521439511745631,0.00386858007632583,-0.00685324397969294,-0.000831087588271717,-0.0186740160134477,-0.0639299055779248,-0.00815864836658072,0.323046589025684,0.0357496121240925,"E02000010","Barking and Dagenham 009",549065.285181043,185295.970622999
-5.76620050679557,0.0114138862323106,0.0201611621450097,-0.0526613175441976,0.00327592659374821,-0.00605364624829382,-0.00177150706678367,-0.0147533745978922,-0.0695036665242915,-0.00811126091713667,0.30138029485133,0.0531146047836778,"E02000011","Barking and Dagenham 010",550510.098585464,185162.620415733
-5.97963737610173,0.00680147122392684,0.0152957807977481,-0.0443310267276417,0.00547399396123387,-0.00765010335218992,-0.00245656858606397,-0.0299699553201426,-0.0469229187143451,-0.0126444482325058,0.367592700077358,0.00994342124305506,"E02000012","Barking and Dagenham 011",545635.991434474,184893.272213094
-5.92948813339285,0.00821742268653614,0.0175416248127943,-0.0548335026279674,0.00444789342588135,-0.00798427989224256,-0.00141070179150265,-0.0253067344954088,-0.0531753332932197,-0.00965969331394221,0.350767396190307,0.0205161079942639,"E02000013","Barking and Dagenham 012",547276.79004358,184855.720505038
-5.70028991055554,0.00991824542783718,0.0193572824998355,-0.0586156416303017,0.00387818673295458,-0.00719155882381548,-0.00254976576908382,-0.0192986334686415,-0.0589050887113765,-0.00863908461991794,0.309666217720417,0.0461290437277928,"E02000014","Barking and Dagenham 013",548785.518842575,184554.79661471
-5.58601791241223,0.0111920144593652,0.0200566069746368,-0.0562601706759283,0.00337300202841497,-0.00617965871620698,-0.00424181746122645,-0.015665256436689,-0.0626938752632833,-0.00861693251762888,0.286450920604752,0.0705247140905935,"E02000015","Barking and Dagenham 014",550075.829439684,184230.971845327
-5.59465056467688,0.00664207037588616,0.0136774770539162,-0.0248346823628951,0.00915395542921988,-0.00381948547361223,-0.00589802382390034,-0.0293534039336941,-0.0352767669414114,-0.0161031684739958,0.30516725394853,0.0215410081063749,"E02000016","Barking and Dagenham 015",544029.12812224,184317.709782175
-5.79922165978531,0.0062437515231043,0.0145295846963327,-0.0412930808128093,0.00710407685025303,-0.00621706323636872,-0.00374155788755097,-0.0300023165967845,-0.0397307636955046,-0.014601345089304,0.344636429985655,0.0137797684021946,"E02000017","Barking and Dagenham 016",544838.696322134,184459.569538096
-5.83750093810984,0.00686603538161297,0.0166867345436897,-0.0608418475480431,0.00487911361466333,-0.00832505167131243,-0.00243152745557668,-0.027802591991105,-0.0454203526258906,-0.0113411900350771,0.35482135685639,0.0187659996690614,"E02000018","Barking and Dagenham 017",546553.200750159,184299.136225403
-5.42162078935563,0.0091026512168389,0.0188109964828841,-0.0644622925550372,0.0043773930796112,-0.00771272709392033,-0.00651073121436795,-0.0214743884998787,-0.0445229355296954,-0.0101828221649991,0.290630441228445,0.0697371200671034,"E02000019","Barking and Dagenham 018",548166.974134814,183259.43802596
-5.42416081894485,0.00656559683451534,0.016852995238163,-0.0693465023891583,0.00686679067269002,-0.0071983408257829,-0.00496374341133779,-0.0272588600244385,-0.0274154049223893,-0.0131322168509427,0.305246857532606,0.0472794765611038,"E02000020","Barking and Dagenham 019",546100.176911004,182743.676315861
-5.26191492053389,0.0107893146662125,0.0197889172967024,-0.060739341872731,0.00362641536693322,-0.0063376879686286,-0.00907092426858579,-0.0174057124047244,-0.0486443276319787,-0.00977659339217921,0.258581501886786,0.111614946556049,"E02000021","Barking and Dagenham 020",549508.872913767,182827.304374099
-5.54144311220493,0.00570765111782596,0.0146388296745423,-0.039039788396229,0.00998732281502696,-0.00348483071589106,-0.00522501854208561,-0.0279245785386123,-0.0259694022061704,-0.0154643386932235,0.298172036840898,0.0316280050677976,"E02000022","Barking and Dagenham 021",544383.616418689,183516.977756292
-5.48376469974104,0.00703422516397519,0.0172359264793296,-0.0688267740075464,0.00559647135755043,-0.00809085581370099,-0.00501534056961338,-0.0265383434235847,-0.0345577491295968,-0.0122940670700878,0.314309181384876,0.044587263155684,"E02000023","Barking and Dagenham 022",546653.096514847,183107.949224584
-5.37944924199999,-0.0152353559707009,-0.00522100290088409,0.0881563812357701,0.0186581179042412,0.00282372143982512,-0.0136796215304697,0.0145052095054157,-0.0275885357911026,-0.00069346429473487,0.195045186034007,0.00221819046106551,"E02000024","Barnet 001",524413.977712282,197000.436580728
-5.00577869860765,-0.017944504558808,-0.005911355545088,0.101146391684004,0.0191474824641834,0.00617181785317195,-0.0097935854639223,0.0238716429146412,-0.0264397423496831,-0.00122819615174399,0.131626748729373,0.0105018712529103,"E02000025","Barnet 002",525971.331840814,196718.51263964
-4.6422472521686,-0.0182008861782176,0.000214565659142019,0.103439471341994,0.0192065127495325,0.0107273011530323,-0.00651945603319017,0.0305147189794385,-0.0302949635867655,-0.00291764862317497,0.0673681782644937,0.026571513230969,"E02000026","Barnet 003",527682.865006507,195951.661985406
-5.59215887850162,-0.0169008942712942,-0.00265021947604072,0.0859357854356215,0.0180137965066755,0.00137893795170537,-0.0152942276141447,0.00946344283514938,-0.0233300133463694,-0.000618580701051996,0.226141360241364,0.00621201024908784,"E02000027","Barnet 004",524409.58922393,195592.623361259
-5.10656967330285,-0.0191241028374653,-0.00333900486009801,0.0998946623150973,0.0188531216007846,0.00564059350911132,-0.0105632584070848,0.0206916362217626,-0.0237892362241444,-0.00129853106904545,0.145040801766025,0.0191589562078356,"E02000028","Barnet 005",526170.600804112,195510.353812209
-4.83996254461124,-0.0192423253797696,-0.000781487890349733,0.104312112694852,0.0191249910704901,0.0087664478645975,-0.0074762224402783,0.0283671502981525,-0.0265064441904074,-0.00198885065449752,0.095406856684937,0.0260050790601301,"E02000029","Barnet 006",527246.244546428,195339.879317234
-5.91637173971638,-0.00730305795568484,0.00111494759946542,0.0654336389869458,0.0148761384522034,-0.00380150737232628,-0.0224249066905463,-0.000459369729039449,-0.0188163891092532,-0.00256412959145777,0.283624669860195,0.023387496944756,"E02000030","Barnet 007",522736.368379066,194775.787742494
-5.21299575821972,-0.0195581276811529,0.00157559031735471,0.0940528282333382,0.0172545003694533,0.00502614092480549,-0.0113056266629604,0.0140228356114949,-0.016931280992297,-0.00238505334825186,0.164536101494426,0.037808406278247,"E02000031","Barnet 008",526484.698894305,194241.685430412
-4.48385935718177,-0.0153691518579698,0.0166274610484598,0.0873211592947467,0.0193112377754731,0.0119470459232692,-0.0038284537471171,0.0255837035178537,-0.0299483284087828,-0.00609649143331695,0.0347444785931589,0.0672324913713289,"E02000032","Barnet 009",528839.404421925,194154.61157734
-4.76753377100883,-0.0162336611198741,0.0138169264250267,0.0872025758459505,0.0175160450662849,0.00948227465777544,-0.00508800939911388,0.0211643805857998,-0.017935595325078,-0.00583429549712277,0.0823177739267223,0.07357232294934,"E02000033","Barnet 010",528235.725276371,193569.210417472
-5.23027047163674,-0.0180869734527587,0.00917161676334464,0.0837971986497175,0.0149834892926934,0.00519223277544424,-0.0104420226925652,0.00765704573667059,-0.00782118790979242,-0.00501066398800516,0.170806542158659,0.067186893946831,"E02000034","Barnet 011",527072.168712592,193128.373234449
-5.56075512336791,-0.0181866302379608,0.00638818940804085,0.0787080565492015,0.0138775275960751,0.00124878017826804,-0.0160610074802486,-0.00158890242178685,-0.00592891249112254,-0.00503928341956242,0.235417524753453,0.0465111608064814,"E02000035","Barnet 012",525825.887176229,193028.311679961
-6.0184864726425,0.00715435929042766,0.00708969768777663,0.048054038459607,0.0130475407379634,-0.00676819126367413,-0.0256467133322621,-0.00928262512201135,-0.0146262671403145,-0.00717716043395295,0.284493581539042,0.050948721238406,"E02000036","Barnet 013",520325.557782937,193009.57171678
-5.87518136014646,0.00866659761071602,0.00763717322352693,0.0466371052495955,0.0109487175425645,-0.00516429059620465,-0.02443824126566,-0.0128129854344109,-0.0242744845072515,-0.011766910396305,0.275982919631638,0.0547172923996295,"E02000037","Barnet 014",518863.642734652,193601.778004069
-5.20203951621067,-0.0149275845344456,0.0197599757198651,0.0722022879832428,0.0137850347816773,0.00607077341039519,-0.0065154898812186,0.00829119143206915,-0.00279658601240214,-0.0073287528640422,0.15532468428149,0.0940608340357871,"E02000038","Barnet 015",527828.26502017,192350.458064229
-5.94457536587398,0.00506491876055609,0.00602273993763276,0.0449241634436128,0.0140084655137442,-0.00829805463762009,-0.0246206652345047,-0.00685539654563951,-0.00333186480456231,-0.00500816896301168,0.280894083654079,0.0507584326690441,"E02000039","Barnet 016",521812.869360113,192190.579552239
-5.89767301030067,-0.00514174062876073,0.00410605252562918,0.0617878708836771,0.0138555690230651,-0.0063483599120655,-0.0237303362625364,-0.00516732063822148,-0.00411646558537974,-0.00573834191991979,0.283373081462432,0.0417455667769165,"E02000040","Barnet 017",523481.414245704,192439.313401176
-6.00385769067315,0.00894703510572721,0.00940076691503291,0.049007869916691,0.0128764685320261,-0.00775667015816606,-0.0228845629486241,-0.0099912256382813,-0.0128859960275195,-0.00712041467462318,0.270528781309544,0.0632831132695975,"E02000041","Barnet 018",519703.352287109,191930.210757931
-5.43059170062896,-0.0145528001398328,0.0146303550575407,0.0622471290381562,0.0111768188024267,0.000731347487662841,-0.0174375263565695,-0.0108683190314834,0.00403723948472261,-0.0088109209228969,0.231088832374656,0.0689732625840687,"E02000042","Barnet 019",526260.400807393,191902.020199829
-5.53183789815301,-0.0123828463456388,0.00806820994752042,0.0663649756193651,0.0117345210449717,-0.00243586921444448,-0.0210451940165006,-0.00927099139462447,0.00100225841739642,-0.0088452191004129,0.249835146600352,0.0560593194007623,"E02000043","Barnet 020",525158.883689486,192117.714663445
-5.90567298353364,0.0085173428007178,0.00813968952622975,0.0434913884852781,0.0139754759862859,-0.00917630951483725,-0.0234455851336456,-0.00832249921278316,-0.00286090682840049,-0.0054859379300402,0.265681544745371,0.0592824396076277,"E02000044","Barnet 021",521003.509091245,191593.882926682
-5.25120307380583,-0.0103880201037669,0.0305698953136769,0.0493509233320304,0.0109274838787563,0.00441677237758852,-0.00616477643966038,-0.000915502796169701,0.00745809020851543,-0.0106473526375695,0.172029109305183,0.112570674510582,"E02000045","Barnet 022",527904.938631386,191323.654652871
-4.83149788859999,-0.00337479830518089,0.0157592656075433,0.0387301764025021,0.00865892944609079,-0.00417490246634785,-0.023488226690703,-0.020136415973861,0.0126939315833417,-0.016329409553313,0.189486869749819,0.0719430567126078,"E02000046","Barnet 023",525551.480983437,190761.923176171
-5.93196464648094,0.0100530502572483,0.0103717246273571,0.0461619225916918,0.0140578094872094,-0.01049455604488,-0.0204170526311182,-0.00821205591530038,-0.00169414036167436,-0.00411522745747803,0.253582993313763,0.0693365913330973,"E02000047","Barnet 024",520442.970104498,190745.35230105
-5.24457377094969,0.00413843087129998,0.0067023782459457,0.0366557319373558,0.0115447998308579,-0.00930940194100955,-0.0261207330779899,-0.012119317119789,0.00880366287287863,-0.0121052563771797,0.229906210867814,0.0609588600873521,"E02000048","Barnet 025",523469.444271885,190795.178183684
-5.68841974657967,0.00950545977233296,0.00831248188944966,0.037032477288506,0.0140270339508594,-0.0109087333097029,-0.0227003809016051,-0.00841627928869354,0.00443772392028735,-0.00548331525732362,0.246467171188494,0.0643763676906507,"E02000049","Barnet 026",521559.147771176,190714.70899262
-4.78391815793988,-0.0058162513225486,0.0271980139443439,0.0277702009651532,0.00892862186382654,-0.00031519601533336,-0.0178751254392125,-0.0201232009894145,0.017322486284208,-0.0151206196129556,0.169175000210228,0.0850845418787079,"E02000050","Barnet 027",526728.30897367,190620.247470334
-4.38493301800215,0.00569777598011617,0.0129274644664363,0.024029761241584,0.00796285904625032,-0.00809107089186559,-0.0281632527262377,-0.0230985021003873,0.0158883849187695,-0.0218024928874368,0.155712674602888,0.0624084462502984,"E02000051","Barnet 028",524820.375290552,189902.502247323
-4.34202246881951,0.000225916584253505,0.034045735884812,0.00488547649494523,0.00864404464698995,-0.000715490396163894,-0.0179846286770541,-0.0224445483795009,0.0252025199787444,-0.0209630593851407,0.124025476416016,0.082198559375384,"E02000052","Barnet 029",526943.881091317,189657.293280387
-5.00572253161193,0.0108295894955124,0.00822491659505839,0.0232862217347956,0.0122176853907388,-0.0125902586216568,-0.025157475809959,-0.0123518069848837,0.0129936483201796,-0.00987669769587415,0.197619348828458,0.0661633761341572,"E02000054","Barnet 031",522609.186443502,189699.480899839
-4.49097496281069,0.0122739172160955,0.00887569354153276,0.0143650946704076,0.0105701812583205,-0.0124595150953787,-0.0277760822423349,-0.016932513939584,0.016308381225075,-0.0141792382344684,0.157904639003746,0.0669853388707205,"E02000055","Barnet 032",523148.557856074,189160.09362057
-4.0521038639459,0.00699445051310227,0.0271331407785359,0.000818939642622337,0.00857115704664975,-0.00166949334278233,-0.0250437016924217,-0.0281347650910483,0.0217062028750449,-0.0288993351656698,0.107869735219918,0.0553053979172747,"E02000056","Barnet 033",526352.925603114,188507.533295787
-4.09226502959143,0.0138950582681361,0.0100946437173722,0.00634366726401069,0.00973287402068603,-0.0112355517244082,-0.0293891567933878,-0.0214030811244444,0.0171122367559236,-0.0171283837852065,0.122642911412256,0.0690744476176319,"E02000057","Barnet 034",523576.306159738,188624.63509666
-3.89231929984324,0.0112844866300208,0.0170120353142574,0.00331918266469448,0.0083720935610321,-0.00632543018873412,-0.0303539233327114,-0.0288906586808813,0.0184049858935988,-0.0262318392110603,0.105291834976321,0.0533437650626789,"E02000058","Barnet 035",525158.929452155,188671.391381101
-4.68516518064926,0.0122068146034493,0.0112454621860685,0.0238576639549863,0.0136694129680202,-0.0138356279657027,-0.0132192562059011,-0.0107584672622343,0.0155297734356223,-0.00340698107602541,0.135252466112962,0.0976872620549929,"E02000059","Barnet 036",521790.814326057,188097.699722067
-3.84969541862342,0.0145175230008729,0.012483555225178,0.000401417704360571,0.00962983608001136,-0.00803735050634127,-0.0304012896078461,-0.0263362849718449,0.0159031499167225,-0.0209751179917131,0.0978687807246861,0.0663287628104949,"E02000060","Barnet 037",524289.396409165,188205.270895602
-3.91782951776663,0.0144896793615235,0.015831198280727,-0.00320698510420196,0.0114766065902737,-0.00157151081429506,-0.0282573500672293,-0.0300330046022252,0.012598342960338,-0.0247769023374611,0.0914888389912793,0.0511139432780082,"E02000061","Barnet 038",525174.143859394,187210.176297085
-3.9167100580591,0.0154295143336667,0.0123269673078627,0.00363421915714835,0.0117621366012907,-0.00912743089387835,-0.0212281059035716,-0.0231569906286937,0.0147953644229596,-0.0124800609513016,0.0818811303218075,0.0996519621320639,"E02000062","Barnet 039",523330.580942709,187125.628287436
-3.85499324159275,0.0162357266629518,0.0136260371333698,-0.00155044377061422,0.0122095637613285,-0.00468156781957683,-0.0243550415972943,-0.0280806922304558,0.0133483319462691,-0.0168704397211528,0.0761286994078892,0.0872834970168555,"E02000063","Barnet 040",524084.043501356,186769.688235706
-3.95101596951694,0.0160180968389482,0.0148159810224185,-0.00188960621136785,0.0134450976449528,0.000770223179883196,-0.0245283055022929,-0.0304851220993798,0.012169271169505,-0.0202707027778943,0.0767426646312621,0.0754633176343235,"E02000064","Barnet 041",524712.169010478,186135.346856927
-4.9201985058326,0.0119481298447968,0.0195888721526069,-0.0501245291839661,0.00681601224171008,-0.00284662986457112,-0.0146436547565463,-0.0199102621178248,-0.0122151905881988,-0.0121664754078127,0.196040518125281,0.216045411936045,"E02000065","Bexley 001",548360.50299195,180390.331120472
-4.8674921144871,0.0127061790116597,0.0206666554048983,-0.0316976891165026,0.00994974380788389,0.00266654325087819,-0.0136274880007663,-0.0188892615451939,0.00169195228305178,-0.0106917478223554,0.146386342574725,0.270989165964591,"E02000066","Bexley 002",548001.489334768,179327.599453778
-4.91225134747773,0.0141497761433331,0.0202638764216845,-0.036792866263436,0.00650755785828764,0.0013479824826137,-0.015647816449025,-0.0177892138682368,-0.00860129689251457,-0.0130454240741323,0.168756896714884,0.276835127607439,"E02000067","Bexley 003",549468.952314907,179398.431665616
-4.98581211145528,0.0156154553813508,0.0205010713772799,-0.0330564499348133,0.0046669537834841,0.00351130374649839,-0.0157676826667804,-0.0164547416757739,-0.0122193614451738,-0.014503817179053,0.171335092982815,0.300710497244017,"E02000068","Bexley 004",550748.24257366,178863.325481442
-4.91002927449862,0.0154398085974446,0.0217650543215002,-0.019149741694309,0.00661312213610154,0.00745599991402147,-0.0139444633452914,-0.0165971096072738,-0.000687618991681304,-0.0131932209522034,0.13410937895058,0.338893328682205,"E02000069","Bexley 005",550078.231506385,178180.150088348
-4.93219844578811,0.0134558858555273,0.0230277743952452,-0.00594916292429739,0.0121334647503503,0.0107598309538482,-0.0106965047314747,-0.0168206408979362,0.0118432620127915,-0.00885351831455482,0.0983728595249448,0.331793908135599,"E02000070","Bexley 006",548276.467759098,178001.147590577
-5.07243262846038,0.015270217952678,0.0241336204360993,-0.00435391442423049,0.00850775729148738,0.0135705424024283,-0.0100382440711458,-0.0157285740896639,0.00838675897482894,-0.0106163080311792,0.112284035301476,0.363545200818653,"E02000071","Bexley 007",549837.064536494,177250.672228525
-5.29989448010754,0.018433351195949,0.0223121596487287,-0.0208725761667021,0.00139118598070339,0.0112912045434163,-0.0126155845143837,-0.0154951926611549,-0.010864883924717,-0.0165272409671135,0.179161649579593,0.343880018582311,"E02000072","Bexley 008",552736.511675655,176997.895024562
-5.19899092952321,0.0125762976785975,0.0267685172241144,0.0125832224499485,0.0147456518019458,0.0189781934351094,-0.00550954408564345,-0.015695175283081,0.0218370556589543,-0.00498495610466442,0.0752862182665651,0.351563428976454,"E02000073","Bexley 009",547830.263279316,176924.955971095
-5.28577876701407,0.0171111772028027,0.0244729880751679,-0.00886656400283365,0.00470030181260484,0.0150260597958857,-0.00990779931699421,-0.0156783536503784,0.00257951633530523,-0.0127557063117678,0.144694922766836,0.366513697052672,"E02000074","Bexley 010",551324.881179298,176680.704250641
-5.17830658725653,0.0140065963793425,0.027582937680466,0.00741811179490715,0.0113721905068329,0.019393889134158,-0.00583117527647354,-0.0155669374096224,0.0172154198604397,-0.00654263079051685,0.0830956180052266,0.368834701129909,"E02000075","Bexley 011",549001.015081102,176628.158714529
-5.53826828155219,0.011495148894038,0.0283796802539133,0.0219209070282242,0.0170372419936992,0.0227243250393687,-0.00259135897820813,-0.0157917135664257,0.0282768443357634,-0.00270814961038326,0.0858448664836007,0.343255730143891,"E02000077","Bexley 013",546964.633274792,176424.001376822
-5.32249448616726,0.0161749956867649,0.0269732725532839,-0.00109919036415629,0.00669219799680437,0.0188206604074381,-0.00710004171748695,-0.0157797297203159,0.0093831248861162,-0.00968846957439281,0.121268616085439,0.373068751594218,"E02000078","Bexley 014",550652.211150874,176282.660388855
-5.65309707654242,0.0136591232953073,0.0325025442215834,0.00348867915337912,0.011756706611186,0.0255301581530357,-0.000869325593769798,-0.0154834666887945,0.0222304742076592,-0.00256645484702888,0.105219985237113,0.352009264955542,"E02000079","Bexley 015",548769.39549091,175474.362997799
-6.08392035335034,0.0109130156782751,0.0324234680601611,0.0199985242651137,0.0163986075084134,0.0265091898070048,0.000275448893754197,-0.016589890495752,0.0328965736027299,-0.00198390334478191,0.130298271862634,0.340952117392217,"E02000080","Bexley 016",546346.925549511,175493.474481018
-5.70705666636232,0.0152313794637772,0.0313590813369027,-0.0020897734301131,0.00860521621075668,0.0246440865960877,-0.00184776780523137,-0.0155724763484018,0.0166505908319233,-0.00437670220556498,0.128437765584949,0.35668828375191,"E02000081","Bexley 017",550145.98751542,175235.953536103
-6.42951856756203,0.0097044655865889,0.0297765077268412,0.037141511561852,0.0173444189033731,0.0255336939750927,-0.00089796089120827,-0.017506803282392,0.0366233669067033,-0.00415784124175806,0.168384941089604,0.337365377451721,"E02000082","Bexley 018",545268.00945712,175362.859856223
-5.86998201392896,0.0173752178287229,0.0305274862891731,-0.0114216056214046,0.00456150544989272,0.0236958713061636,-0.00321584046980743,-0.0165669210050804,0.00951126256626528,-0.00736882963385529,0.168768161833481,0.354096636352039,"E02000083","Bexley 019",551689.515490382,174881.428732592
-6.03927715996211,0.0130361100823169,0.0360217644914686,-0.000476899046494571,0.0123282000413426,0.028499134558604,0.00170512200520441,-0.0168220592124345,0.0267746737193257,-0.00110058405574225,0.132630644236704,0.329189651201914,"E02000084","Bexley 020",547931.334732379,174782.982413272
-6.45428825498931,0.0124353737864816,0.0379417470725046,-0.000577169958861533,0.0122127275136397,0.029242825567205,0.00234871941863706,-0.0189892829808661,0.0307023791859921,-0.00267023270114326,0.175555648635448,0.314707662243959,"E02000085","Bexley 021",546747.676365086,174274.144247238
-6.81377990246483,0.0122354837159679,0.0392044840191075,-0.00303726403723353,0.010425101408152,0.028773289763384,0.00114333071364572,-0.0213976872962872,0.0311009004964684,-0.00574003274697894,0.225095664169604,0.301582775147088,"E02000086","Bexley 022",545878.129846993,173783.706519369
-6.39882798361397,0.0155841913812344,0.0411014805488818,-0.0254299374551643,0.00775720008255271,0.0308652410243058,0.00350262152585072,-0.0190331002449878,0.0213239170225016,-0.000926095180827868,0.180476301520873,0.307860905887228,"E02000087","Bexley 023",549669.035864554,173548.417812207
-6.70571078996006,0.0143988004259369,0.0434323295997998,-0.0245018307857932,0.0086298961439831,0.0311417434680538,0.00385803673272505,-0.0218421239891569,0.0268070071930418,-0.00284700518973558,0.209760793333411,0.284593102375899,"E02000088","Bexley 024",547642.864469048,173205.916649521
-7.1078163591966,0.0124194815383889,0.0406721886049294,-0.00628855378170301,0.00662550750141314,0.0279024759686288,-0.00120089276706358,-0.0267522565547556,0.026170304895478,-0.0105499428924588,0.277575923351384,0.264171086312034,"E02000089","Bexley 025",545084.242585149,172914.65436051
-7.17719639135564,0.0139324242028258,0.0461291479616624,-0.0283479492886271,0.004465094406692,0.0295527988277003,0.000683860473203759,-0.0287895366165096,0.0222279521655438,-0.00975018324807507,0.287141437177908,0.239755673705468,"E02000090","Bexley 026",545880.41630046,172225.772467763
-7.22593879978818,0.0153015546414579,0.0494583135716127,-0.0438882243276144,0.0038809696136419,0.0310462449754089,0.00288928314437333,-0.0288466452958723,0.0210595252240455,-0.00786280892029516,0.288145538309261,0.227682431249272,"E02000091","Bexley 027",546866.936652437,171710.662483696
-7.19748878796619,0.017007411692127,0.0515005835946502,-0.0582297417977966,0.00436561940593267,0.0326183643998144,0.00533663269537204,-0.0267937328959934,0.0214575429323523,-0.00450673619739702,0.275509889994557,0.23390622039371,"E02000092","Bexley 028",548646.816585438,171467.279127572
-6.05412840716592,0.0105689302007856,0.0127540128555191,0.0515600743857823,0.0133535720831405,-0.0110084914736568,-0.0110000028934725,-0.00827192142003441,-0.00349927544229078,-0.00118902745291847,0.248882317618543,0.0830982845747236,"E02000093","Brent 001",519612.074402568,189690.941220268
-5.60342504509952,0.0112751862025096,0.0120556203742755,0.0415708009618762,0.0143899660317794,-0.0131086498328194,-0.0125218980622701,-0.00737358492322645,0.00716832064235865,-0.000555731090240463,0.208710719507589,0.0855633772574527,"E02000094","Brent 002",520666.03390685,189156.777321451
-6.01130714997764,0.0100436579523458,0.0123661686471114,0.0467566460997873,0.0116338729807483,-0.0105989262288797,0.00177966254717301,-0.00980650983325995,-0.00354933527452464,0.000742082131760811,0.252336205777567,0.10616122457519,"E02000095","Brent 003",519253.528451823,188678.065128168
-6.23958547827789,0.00936655986733544,0.00872054212683474,0.0346071164312412,0.00609317119872144,-0.00621333526596483,0.0162097475939746,-0.0171100711812447,-0.0295932871474555,-0.00289140967578537,0.324023360315277,0.128369059822939,"E02000096","Brent 004",517633.451297015,188209.923196932
-5.40224556190308,0.0104658135821443,0.0129263916517714,0.0397224393694248,0.0135900882541119,-0.0129500568141526,0.00279355556141622,-0.00790644532219069,0.0088273807805204,0.00343214851212444,0.181707985980769,0.11135660259521,"E02000097","Brent 005",520392.362146708,187860.813900338
-5.80959486414126,0.00889796816526713,0.0108077618581218,0.0367836273220076,0.00982385662675277,-0.00920590069674343,0.0171392800579752,-0.0119627537852652,-0.0057870894529422,0.00299818622373484,0.248290972841502,0.136055241766682,"E02000098","Brent 006",518980.044437893,187546.053840423
-5.82629095665846,0.00904974283694519,0.00852360990590829,0.0274113857158612,0.00630177282072031,-0.00568913521245863,0.0273986705646716,-0.0173153310624943,-0.0312996016108443,0.0011343075226091,0.27958237424093,0.141455052805656,"E02000099","Brent 007",517818.866103195,186969.380795865
-6.05808935361196,0.0123345383902698,0.00828815463638344,0.0241570902245915,0.0025000287680111,-0.00430652633311291,0.0276897749950415,-0.0237082239718462,-0.065758393946738,-0.00404814548462595,0.323937238535507,0.12320681174059,"E02000100","Brent 008",516664.173832605,187130.513880428
-5.2064766459017,0.00904609165534171,0.0128392695791893,0.0355112916368127,0.0125800178142725,-0.0117688009975086,0.0205152598195924,-0.00925339098147952,0.00432626851499454,0.00720307338358045,0.16316265877289,0.142770225880686,"E02000101","Brent 009",520022.325549303,186701.494315159
-4.67369142424995,0.0101690400097349,0.0135388449605634,0.0304716764748852,0.0143528721380731,-0.0132774588060401,0.00703958478928094,-0.00989105393423573,0.0122091724173443,0.00346188423049561,0.109576272872562,0.130026479599024,"E02000102","Brent 010",521307.663626501,186729.578992039
-4.07571454134186,0.0125161565358545,0.0135932026497513,0.0169359767581685,0.0138045399062451,-0.0104401244186585,-0.00679832212426494,-0.0176483378615004,0.0129159407149177,-0.00533623272677535,0.0690156627420237,0.132817090695013,"E02000103","Brent 011",522480.027967312,186448.664827282
-5.21700800535287,0.00723242923541367,0.00899153807568317,0.0240587110505424,0.00804581710265958,-0.00570702811549856,0.0304992660119336,-0.0157287564062424,-0.0236089681236675,0.00493390991101283,0.207486137322703,0.160878124826143,"E02000104","Brent 012",518492.399066939,186232.288727269
-5.53245644825608,0.0108048147027228,0.00865346644584926,0.0177488185774944,0.00276254132834101,-0.0039251329598882,0.0319885373418911,-0.0246599334498667,-0.0762565574661104,0.00051764829606412,0.272683956627937,0.133619098459154,"E02000105","Brent 013",517044.191836494,185874.806147752
-4.56190268457797,0.0081742425107098,0.0147431968540317,0.0317969854962197,0.0147784957162352,-0.0105560397231852,0.0158540495808533,-0.0122540769146985,0.0053957509867943,0.00462610183215824,0.0916377465101981,0.173665181515899,"E02000106","Brent 014",521366.887827039,185741.559181146
-3.83972766460273,0.0143868803801707,0.015293428515297,0.00941547279266638,0.0152773882928118,-0.00246539357046436,-0.0147710304837871,-0.0261927942360313,0.0105383502238606,-0.0128661275054043,0.0409937475079111,0.141589332358944,"E02000107","Brent 015",523477.125499106,185579.517386727
-5.64790253094613,0.013912603369773,0.00860070593088972,0.0132644023457468,-0.00014542242969172,-0.00343829612808684,0.0316495890882135,-0.0296852357482698,-0.110162945267573,-0.00160340928347905,0.301409765098242,0.107072791421821,"E02000108","Brent 016",516207.010924509,185582.174850666
-3.97978309227065,0.0110653771017509,0.0159033523760249,0.0216945447122048,0.0161594187159273,-0.00472026010751165,-0.00145606932319915,-0.0209605687035238,0.00677942642643241,-0.0065997074625659,0.0369633207561847,0.179286608010458,"E02000110","Brent 018",522687.006854483,185289.05313072
-4.78742752404759,0.00724704999203889,0.00883812206586963,0.0127697505185721,0.00422958438425303,-0.00318499733049974,0.032529350599319,-0.023588905749534,-0.0834780523772378,0.00494351250879629,0.196605053343631,0.152717182431092,"E02000111","Brent 019",517632.47076264,184997.961329887
-4.38881884948205,0.00299166981495416,0.00957386572090671,0.019223503202718,0.0099755619983546,-0.00390591255550478,0.0326739543266874,-0.0158950528647862,-0.0418333103482651,0.00896050992935014,0.122669538287864,0.199736555922645,"E02000112","Brent 020",518994.783283087,184864.566355042
-4.62677189893591,0.00505150542041758,0.0145869543457049,0.0325532207122375,0.014458711524565,-0.00852395025212104,0.0280251756137319,-0.0126391564000101,-0.00864644250692003,0.00873118940720146,0.100759907008766,0.218579823945605,"E02000113","Brent 021",520618.728818805,184950.515017323
-3.82654919239366,0.0103280812236485,0.0169194420028017,0.0258556269344737,0.0181182217540759,0.0006496764020594,-0.00270864483998663,-0.0232300503430994,0.00410910635180262,-0.0109114774579017,0.00479237637824561,0.215621310300293,"E02000114","Brent 022",522920.639062718,184587.818244211
-3.68779628405521,0.015019472632415,0.0167302403013343,0.0116972450343198,0.0179226531951601,0.00604039068360908,-0.0203659321615189,-0.0297588768422813,0.00938469429552568,-0.0207194399378706,0.00331406055546948,0.169192526519523,"E02000115","Brent 023",524052.767468708,184647.450664938
-4.03988724621678,0.00746473429928159,0.0174732659942533,0.0335317364901056,0.0176215077913743,-0.00128797498031674,0.0101800444568436,-0.0201140694533155,-0.00241570766861792,-0.00474661771212961,0.0196629085104437,0.251951832527328,"E02000116","Brent 024",522309.349734133,184322.697421327
-4.3803788529605,0.00501907206984733,0.0170362452527964,0.0359869745763972,0.0162855822307732,-0.00527983511719889,0.0223667930741269,-0.0161826157202632,-0.00911334431496146,0.0037375775128413,0.0608263528278241,0.260401618355783,"E02000117","Brent 025",521454.530524124,184324.837592462
-4.15430565775401,0.000993601701351073,0.00971841579305378,0.0145424393933941,0.00893812842853415,-0.00199791217776106,0.0317225968416292,-0.0191707453671237,-0.075318632893758,0.00973554690451203,0.115775878712828,0.208488135506408,"E02000118","Brent 026",518748.782252756,184135.131003194
-4.19074657497544,-0.000554850733052583,0.0141162302668697,0.0291627393612408,0.0132381352033047,-0.0018708432488282,0.0293584497302648,-0.0180390175594178,-0.0423243791419516,0.00824349518083583,0.0784273779730112,0.30694659932797,"E02000119","Brent 027",520089.551705827,183435.587430891
-3.66748460131637,0.0167716291546976,0.0239568027312431,0.00703902622234093,0.020442404508705,0.013164147774538,-0.0290415468676009,-0.0320542657685828,0.0102766562955481,-0.0306962988749473,-0.0197275310568078,0.165577138045921,"E02000120","Brent 028",524908.352109521,183897.508377329
-4.21620729521001,0.00254780650238111,0.00994778425957562,0.00833944800327776,0.00468978418773575,-0.00162086367884981,0.0294752940936136,-0.0253335586715797,-0.123915139614184,0.00843131466074725,0.150697871642588,0.181725773190403,"E02000121","Brent 029",517975.64033487,183751.433298277
-3.55400985971325,0.0112609209911867,0.0174025711844327,0.026727481960111,0.0204742681111467,0.00922795843265935,-0.0151603918909316,-0.0269962298682112,0.00652080085350505,-0.0209168136419036,-0.0385045253933531,0.238887434223506,"E02000122","Brent 030",523507.47113827,183925.688125202
-4.00494331662891,0.00324806803318797,0.0180827393786753,0.0416003771146892,0.0170852609776857,0.00171710016654483,0.018684884818666,-0.0203902908951452,-0.0166171312949555,-0.00293585679687319,0.011086704777473,0.341032073626065,"E02000123","Brent 031",521766.609938587,183392.01928723
-3.36793360115286,0.013236428626443,0.0228032655063187,0.02261193592671,0.0236020034665272,0.0167511780136213,-0.0270859548223942,-0.0303884000117444,0.0093053932227779,-0.0304875063421269,-0.0779935512482706,0.247293548585767,"E02000124","Brent 032",524171.15687388,183322.068074613
-3.49680679422076,0.00596664814149186,0.0178621961754784,0.0424956763040381,0.0213208022010952,0.0117879099965569,-0.00276013968516908,-0.0243726825653146,-0.0023220894069439,-0.0182834661655683,-0.0643899448803653,0.323023948092037,"E02000125","Brent 033",522933.3498757,183203.038330227
-3.5913417430649,0.0165005003213641,0.0330010000058621,0.0081623688886808,0.0242413635615805,0.0184167165814986,-0.0344142463950056,-0.0318139617903987,0.0101318029138623,-0.0367240710131454,-0.0588474873414943,0.195676134670067,"E02000126","Brent 034",525170.550679935,183118.72709664
-7.50292802038656,0.0175002773937601,0.0381082716720267,0.00218515224128074,-0.00191660688860248,0.0167931527003213,-0.0134070359559943,-0.0434284747563342,-0.0182648300254148,-0.0288336606599184,0.386794018364067,0.202182949540948,"E02000127","Bromley 001",541918.989077798,172435.219911611
-7.41241984274242,0.013126498341758,0.0445680767126431,-0.0195882701959023,-0.00173343804616885,0.0257335028662326,-0.00470460865197519,-0.0365704028199464,-0.00344482224999525,-0.0188111563491302,0.355536764477911,0.179863473043643,"E02000128","Bromley 002",544232.737616002,171416.312334204
-8.90970582881959,0.0358739078688072,0.0233078065638232,0.0528063052766318,0.00114021725652528,-0.00573901527251715,-0.0010631916631535,-0.0366785478834607,-0.116885904999545,-0.00577389910494668,0.532885564208134,1e-06,"E02000130","Bromley 004",535926.811348401,170683.341987428
-9.81794258372194,0.038879186864001,0.0198786884404447,0.0467179872390081,0.00175917774097061,-0.00521380694947473,-0.00145959442436242,-0.0215021864355403,-0.130130648172054,-0.00286710656478106,0.622733189721924,1e-06,"E02000131","Bromley 005",534344.413104092,170694.371414725
-7.90375378453404,0.0335121973401444,0.028106140959813,0.0473658522987211,-6.09890808105138e-05,-0.00324846787006279,0.00282329109974849,-0.0434069262060805,-0.109687427908431,-0.00533229511819265,0.422380045600819,1e-06,"E02000132","Bromley 006",537163.94716518,170312.171461568
-7.39512946735198,0.0139692078501776,0.0487071488465501,-0.0149725027662339,-0.0101439355707905,0.0214556847232403,-0.00440750808192134,-0.0410040773906698,-0.0543296946846026,-0.0272585185490682,0.391140399927412,0.0934928210711843,"E02000133","Bromley 007",543264.027192414,169902.107927647
-6.8485180621133,0.0250533350223585,0.0525217028936248,0.00771345247556872,-0.0100530754029416,0.00931676113718848,-0.000840373453611845,-0.054732749287565,-0.0841546767124307,-0.03174075563489,0.327856652518599,0.0360155007920733,"E02000134","Bromley 008",540465.844483532,170057.677257873
-8.95312931497024,0.037780610437552,0.0220812217989311,0.0485610196083933,0.00278803971385214,-0.00503783671898033,0.00399396695582494,-0.0185312480152516,-0.133458882954794,0.00562401483809598,0.516887351842433,1e-06,"E02000135","Bromley 009",534848.22543327,169849.738923939
-7.55935888016998,0.0116769782835961,0.0449184911126821,-0.0186423049780093,-0.00365634160902694,0.0280433252823062,0.000722636240065001,-0.033322952410858,-0.0134028293818001,-0.014940835003098,0.370518476809009,0.133078965174203,"E02000136","Bromley 010",545447.082248634,169710.332076654
-7.21187923098532,0.0283707268254318,0.0398933198989732,0.0135463667089464,-0.00313429353369873,0.00261892610249991,0.0077891262384531,-0.0433918433624044,-0.102785052277761,-0.0105548952777566,0.353453338335282,0.011841233418076,"E02000137","Bromley 011",539003.787116077,169491.183068226
-7.47751157745,0.029698415694477,0.0317442343998505,0.0331300915307533,0.0011425256793621,-0.000770586450896889,0.0103908118574609,-0.0321743044660071,-0.110534043721284,0.000768023854420158,0.366933105802574,1e-06,"E02000138","Bromley 012",537937.340851143,169330.04039897
-7.92065035273842,0.0345951049923005,0.0255943280047117,0.0438618601728344,0.00281779043533417,-0.00424290367095191,0.0075458347293231,-0.0247240844319127,-0.123031173282389,0.0069703466072603,0.407151088238343,1e-06,"E02000139","Bromley 013",536196.567583227,169577.255391502
-7.64288802678062,0.0122249097393773,0.0474629056617549,-0.0309165379351516,-0.00210855127061878,0.0309241922466265,0.00376595084554619,-0.030926308670104,-0.000852266157673743,-0.0102852411579856,0.362736093801819,0.143413904624534,"E02000140","Bromley 014",546774.387125603,169414.493202171
-8.43140940430322,0.03621042155015,0.0236986189649203,0.0397200745071541,0.00374265006489702,-0.00412339227009861,0.00889132841575557,-0.0135190526232825,-0.132580103034694,0.0120460591574165,0.453962186833876,1e-06,"E02000141","Bromley 015",535175.966836474,169137.335236064
-7.11292928709269,0.0199797160933193,0.0556665685695164,-0.00339980662188657,-0.00981318534795628,0.0144989963393562,0.00180268397410467,-0.0424855321612353,-0.0747496645138033,-0.0256816768349189,0.347956277652713,0.0552888728183809,"E02000142","Bromley 016",541532.770523792,169279.561120143
-7.41885202296727,0.0213337200865791,0.0448046186690238,0.00984122063987166,-0.00314755379825184,0.00862840483510808,0.0122753064001989,-0.0313297675067402,-0.0933061992112702,-0.00809679286857766,0.365748849795037,0.0409947188736407,"E02000144","Bromley 018",540226.429242414,168605.662847477
-7.73580137142615,0.0129529700345977,0.048497207877452,-0.0333566579892846,-0.000332728115343905,0.0324221335215968,0.00765130363607074,-0.0268793888546633,0.00946641372518488,-0.00611665052130153,0.35587050966467,0.146281167002186,"E02000145","Bromley 019",548661.522090254,168148.108840929
-7.63128532315817,0.0161902628765624,0.04751107634195,0.0118542378678861,-0.00393400303371596,0.0144208326099501,0.011288811795087,-0.0257470744624429,-0.0780823764978599,-0.00818968754515314,0.382661973610529,0.0593306329362458,"E02000146","Bromley 020",541542.121967582,168082.054598415
-7.70480719652095,0.0227190466684372,0.0359838305312332,0.0163834592799603,0.0020644329673761,0.00382564555555129,0.0185854478245176,-0.018890723640918,-0.102879374429686,0.00546303750303309,0.385719692846721,0.0186130793436462,"E02000147","Bromley 021",539016.619959825,168012.882374129
-7.74171534010009,0.0108184586712277,0.0460198501407948,0.00567316320258724,-0.00653506599768841,0.022560802849305,0.00601329179331557,-0.0259769332333695,-0.0498504312570147,-0.0118798988377563,0.400782468897581,0.0655581955181111,"E02000148","Bromley 022",543508.823547856,167951.221120927
-7.79811701762694,0.00866519358254216,0.0414705778271149,-0.00164997327651408,-0.00363570119891012,0.0292276381738694,0.00579515902106928,-0.0262073982111686,-0.0179044212096163,-0.00877905335266814,0.390930761800329,0.101253228235598,"E02000149","Bromley 023",546404.74588831,167821.744900437
-8.0762767043196,0.0252486821248791,0.0304895668044339,0.0134570651892702,0.00531559278512652,-0.00097002779084389,0.0216252343005499,-0.00670703403529175,-0.116993844939661,0.0153766724544901,0.422772752989918,1e-06,"E02000150","Bromley 024",537255.340938619,167439.919440205
-7.97906325486303,0.00652129680600933,0.0400350647730984,0.0145621526372653,-0.00518538037293191,0.0264129845107354,0.00725319963368689,-0.0214144395608186,-0.0374270029376467,-0.00699998118865038,0.421418429489583,0.0629236777650246,"E02000151","Bromley 025",544765.210397764,167289.086084388
-8.10446445989242,0.01062039847772,0.0433375307563703,0.0211717231702484,-0.0015937513921656,0.018820087383559,0.0148625298274764,-0.0148015791523949,-0.0632548210466659,0.000585130540053695,0.421035526568175,0.0621003594400357,"E02000152","Bromley 026",542627.353063506,166983.045726353
-8.32855167491796,0.016097067627944,0.0364712449114395,0.0201051785134746,0.00316664544275859,0.00819195620245893,0.0228736726920242,-0.00938611257970694,-0.0933654368123732,0.00916187668101168,0.447179873504406,0.0333557390181979,"E02000153","Bromley 027",540116.385673224,166903.513685984
-8.10626115638444,0.00518127965156278,0.0374299771614462,0.0171746698666483,-0.0034111675439278,0.0283122793486506,0.00914825506814113,-0.0184265545274883,-0.0295948422566647,-0.00302601905257189,0.426143978908099,0.0720684939326923,"E02000154","Bromley 028",545894.10502675,166567.519493291
-8.0016073407526,0.00642687306172868,0.0383179275350814,0.00979892349580824,-0.00256046905649456,0.0301574196952183,0.00919212023119001,-0.020599396819857,-0.0178017487877038,-0.00339253947986656,0.406144242922388,0.0914084507267084,"E02000155","Bromley 029",547212.34478439,166495.729313257
-8.56479024025312,0.0182609217569255,0.0327854074930039,0.0125302882997961,0.00571234091147962,0.00231635459620402,0.0273166538631552,-5.34949807762078e-05,-0.108600945906675,0.0159946628619164,0.476545227892013,0.00890481606502976,"E02000156","Bromley 030",538386.12283154,166045.264281134
-8.43842598326122,0.00520289806267609,0.03742576283164,0.0279740515582318,-0.000496901895810509,0.0245071419486251,0.0150210896557078,-0.00932940501165062,-0.0422738276837364,0.00553266133462095,0.451494449467032,0.0649556991522529,"E02000157","Bromley 031",544507.788359662,165828.918641204
-8.2380699489074,0.00399113258603899,0.0351692961834214,0.0218688736010605,-0.00165580576977167,0.0301701390695255,0.0117978300100274,-0.0148375075403885,-0.0203307413843373,0.00143614326091897,0.429048233498148,0.0781361678015005,"E02000158","Bromley 032",547275.2348129,165451.044470382
-9.0422271502874,0.00758079848315942,0.0351073325169066,0.0298178491423818,0.00459369915747276,0.015304819187068,0.025822088013343,0.00116776766439975,-0.0744481494936879,0.0157380504878889,0.514312330856123,0.0473610781817075,"E02000159","Bromley 033",542235.459977762,164792.987257028
-9.0281341540468,0.011832844474273,0.0339800195261008,0.0185077828663986,0.00576305937616899,0.00778499993656142,0.0297959032648286,0.0032578865937131,-0.0941215946774338,0.01706983772109,0.522356343859374,0.0248291887009978,"E02000160","Bromley 034",540101.025998087,164867.294219821
-8.61576974165883,0.00211794104148413,0.0334919073612046,0.0353689514723485,0.0003877141718818,0.0275532394752033,0.0160102744602067,-0.00610777962993218,-0.0305946567385259,0.00877799622122434,0.465634810735954,0.0620585433640218,"E02000161","Bromley 035",545833.383985006,164818.709500996
-9.35013080756392,0.00228046102441749,0.0328073137603506,0.0439750812461076,0.00517831558840413,0.0208984812414462,0.0267542726149984,0.0069617983238906,-0.0565923851293775,0.0201474554397907,0.537068177552771,0.0529383892317197,"E02000162","Bromley 036",544372.601604599,162660.211467549
-8.77963036419136,0.000650564276881118,0.0311272770982992,0.0397053458644904,0.00162886387512712,0.0293697233371235,0.0178218790986166,-0.00319607513003832,-0.0232090176209614,0.0120713869141206,0.476153644048076,0.067100699583767,"E02000163","Bromley 037",547432.6355701,163305.261625689
-9.2510935229886,0.00919597501536374,0.0371274222049818,0.00341499651155352,0.00271601491725629,0.00688350458932089,0.0323829793663155,0.00988069037937358,-0.0881211305869707,0.0186292732237628,0.564624785391402,0.0400314213387544,"E02000165","Bromley 039",540757.585685551,159154.235048642
-4.43399168426153,0.00678890359972002,0.020901397211639,0.0106376297920824,0.00999289536209196,0.00629552053241696,-0.00900857433117664,-0.0183397279675441,0.00916424723796661,-0.0376861319293305,0.122788548466181,0.0374831610260265,"E02000166","Camden 001",527912.333197297,186727.602454997
-4.35656115111882,0.0109182809405656,0.0170483398442603,0.00652595662646427,0.0119496572423986,0.00612831361617239,-0.0181794518727645,-0.02660594506736,0.00818123499603127,-0.0332745154469376,0.119359076984474,0.023431980377639,"E02000167","Camden 002",526612.699861753,186335.357626523
-4.1246407957453,0.0134410699392236,0.0118340014296056,0.00880762054693919,0.00817607159077618,0.00524899446324552,-0.00631948970642516,-0.00979324925700748,0.012632356570367,-0.0530335698728477,0.0928044040438346,0.0307671474714834,"E02000168","Camden 003",528884.687233155,185690.561419261
-4.18304853990112,0.0142691382219953,0.015835999665439,0.00239722713400902,0.0133518176685398,0.00624778618181947,-0.0220765904642238,-0.029724424333993,0.00972109934344119,-0.0283288350054735,0.094848203501392,0.0403821194573004,"E02000169","Camden 004",525825.216795552,185771.173110195
-3.94114916130772,0.0162488936668874,0.0157836791878463,0.000687806090792421,0.0148800372786887,0.00426721121160198,-0.0238665575109222,-0.0310914353997602,0.0112155308024312,-0.0217660792485415,0.0600290178692346,0.0918918185221771,"E02000170","Camden 005",524797.815730428,185450.685197707
-4.04929940884033,0.0154425516983926,0.0119823222293993,0.00613808649305255,0.011337567829982,0.00652079044323012,-0.0143812964362333,-0.02241427605209,0.0104106160795242,-0.0422976787672188,0.0820270847755979,0.0200142141812643,"E02000171","Camden 006",527754.083708761,185353.504755446
-3.88016357496439,0.0176906288200616,0.00882507999190445,0.00644811570604182,0.00978191987398779,0.00554432697535959,-0.0111410064736017,-0.0151224295551784,0.0127372922446402,-0.0502471799080312,0.0643002617689722,0.0238280165133594,"E02000172","Camden 007",528506.764222698,185068.585410893
-4.09504855824405,0.0157156147682674,0.0148324335043779,0.00437062903833861,0.0134974871857421,0.00811342174735567,-0.0180562417456884,-0.0272642658415882,0.00907494138526012,-0.0364126777253247,0.0773385185136741,0.0288884023586365,"E02000173","Camden 008",526758.078136333,185085.763236247
-3.85340370308733,0.0189102562032213,0.0067214378436324,0.00625949157521479,0.00716195153861056,0.00438313915010338,-0.00761038555050913,-0.00163221005350528,0.0147126632492631,-0.0571668939418784,0.0635446121688626,0.0271760518417363,"E02000174","Camden 009",529332.750403985,184941.023136964
-4.03701861533237,0.0161931964829827,0.018584096994254,0.0016170954093542,0.015561688983448,0.0086743893931264,-0.0236922236841006,-0.0308055261746454,0.00972572410400906,-0.0283085536297944,0.0588921530588553,0.0743316252393278,"E02000175","Camden 010",525575.756463864,184916.537477495
-3.97496149790134,0.0174542731134863,0.0135892399168324,0.00354668871698288,0.013699154490758,0.00805875790739984,-0.0174924143800121,-0.0266128961805488,0.00981213816420027,-0.0393317015793846,0.0621513691146093,0.0298579564996976,"E02000176","Camden 011",527089.827303906,184765.355685388
-3.74691716017703,0.0199895521992898,0.00846894972155328,0.0043232516137497,0.0117131650170591,0.00639782631343307,-0.0140810039098481,-0.0198841637021825,0.0127199995692347,-0.0463248404121452,0.0434604085023689,0.0251268942988608,"E02000177","Camden 012",528137.359230555,184603.192893106
-3.87634142939473,0.0166379730562264,0.0191466987444669,0.00319153281771523,0.0171264325577914,0.00884914855304296,-0.0258621456766112,-0.0316577192895566,0.0107872110274827,-0.0260927910832781,0.0306792179388134,0.11889204949911,"E02000178","Camden 013",524926.29171923,184635.257842977
-3.85565073031988,0.0191063354100212,0.0126766273182603,0.0029932077479205,0.0139012512305968,0.00801998868484737,-0.0168747955327702,-0.0258033870905238,0.0105137354765975,-0.0415029362540438,0.0459039054393424,0.0338431960091108,"E02000179","Camden 014",527373.405691406,184462.040065832
-3.69946550494149,0.0218236837934067,0.00513948338633523,0.00483618403919721,0.00620975233346028,0.00390553436232053,-0.00840065264598492,0.00479649667727146,0.0157254306875268,-0.0564902053792156,0.043751277140491,0.0312952889113745,"E02000180","Camden 015",529675.735514111,184479.328799922
-3.96599604330168,0.0168562970401194,0.02233380316071,0.0020212384111555,0.0174475422998265,0.0112370150494571,-0.0246189585814682,-0.0303962240160178,0.00925195823754582,-0.0323359645730203,0.0340710343626447,0.0893067514514884,"E02000181","Camden 016",525803.935804998,184326.47569693
-3.82846151471358,0.0195307882671612,0.0164636432272076,0.00206141409307768,0.0160071197536715,0.00990518729869668,-0.0192379399943464,-0.0280671076885949,0.009840221596225,-0.0406222155935424,0.0284091997253388,0.0552054649091815,"E02000182","Camden 017",526923.598555143,184047.22579294
-3.56450695088836,0.02280628964508,0.00740010744097297,0.00308901433867732,0.0128385231331153,0.00702042904847313,-0.014768237801242,-0.019993228246263,0.0135461031543348,-0.045571655139799,0.0154086973695245,0.031750284836737,"E02000183","Camden 018",528206.199673593,183999.288314887
-3.47244750504715,0.0247300986136109,0.00417330043144927,0.00417708306451499,0.00847867013794034,0.004607269527335,-0.0110808712050116,-0.00206173532432062,0.0156472947902485,-0.052327933903157,0.0110055178751157,0.0335810375576706,"E02000184","Camden 019",529355.931515167,183919.406282626
-3.8434218513972,0.0174854807529691,0.0269444004109215,0.0023522770407685,0.019973257608253,0.013780988154401,-0.0278212619254409,-0.0305199531464755,0.00968757464831944,-0.0356721098646352,0.000967066172391201,0.118411411009901,"E02000185","Camden 020",525770.011432866,183785.310718481
-3.2660363436262,0.0274717350391051,0.00508279988007166,0.00294155775724138,0.0126778312436693,0.00674771751351739,-0.0128371113577857,-0.0148820036616836,0.0157030817743667,-0.0464000783640823,-0.0289338308692543,0.0460346510221918,"E02000186","Camden 021",528792.591932123,183203.540572738
-3.29046508158327,0.0284213258597993,0.00313255353740495,0.00354906933707268,0.00696981944499864,0.00397001432516405,-0.0107508665023368,0.00637619617729162,0.0169426105327228,-0.0493579047868732,-0.0174689842091753,0.0447818526413082,"E02000187","Camden 022",529889.881137334,183330.725849517
-3.09255166024973,0.0305565809442371,0.00394781930058205,0.00382360559273583,0.0119776768762628,0.00628558748234655,-0.0104336702914302,-0.0110426165865698,0.0171026188353575,-0.0458994852882284,-0.0570377489731992,0.0561493087028423,"E02000188","Camden 023",529192.258098834,182753.274022548
-2.81084519073546,0.035261462708767,0.00356861104573757,0.00718592117960439,0.0124807591521263,0.0064393760459458,-0.00535132311986772,-0.013577685457592,0.0198759485765396,-0.0408969490209224,-0.111312480807795,0.0764468938493545,"E02000191","Camden 026",529550.210569088,182038.350235421
-2.87779254747636,0.0362726813183874,0.00340700781290622,0.00943013299922357,0.00558032937296611,0.00250430722020451,-0.00225568863203221,0.00337935830825946,0.0222268696750378,-0.0347882517273728,-0.103104534715852,0.0929464303161164,"E02000192","Camden 027",531012.330625154,181974.845833191
-2.70871038429597,0.0386682243065458,0.00331156653153853,0.0119815062766155,0.00962470636032079,0.00463604678785282,0.000584933740856267,-0.010450319117061,0.0228372511440814,-0.0345585398620165,-0.138463880482432,0.0946819603856392,"E02000193","Camden 028",530366.851557278,181625.606314881
-10.2922931686757,0.0405816476886961,0.0189681835113086,0.0443764469543311,0.00225331010635983,-0.00230481654167732,0.00133300804905108,-0.0100708885263511,-0.141791434770859,0.00175804849011706,0.656837429605222,1e-06,"E02000194","Croydon 001",533140.742479936,170249.5036657
-10.9351299704788,0.0411587975555601,0.0175778345822175,0.0394101429804092,0.00265882768440214,0.00132777118476531,0.00283836520993191,-0.00315115019824643,-0.14365551560451,0.00174982275783386,0.716309613319196,1e-06,"E02000195","Croydon 002",531870.270536183,170263.303604801
-10.8965247245091,0.0408475796077394,0.0181885357445359,0.030318982423388,0.0037866557683685,0.00319078395309426,0.00781109859336143,0.00304894959576478,-0.147905589492529,0.00579432705516262,0.703068330708952,1e-06,"E02000196","Croydon 003",531168.21901145,169566.30388784
-10.7883522139519,0.03961736304779,0.0184611984152833,0.0183383384812639,0.00473245718890547,0.00536111788665618,0.0105379100791156,0.00621175596583337,-0.14750502824784,0.00695508972172328,0.689556210557132,1e-06,"E02000197","Croydon 004",530505.482521278,169151.917782399
-10.3700311037637,0.0406970592838591,0.0205157481785235,0.0273976015261707,0.00387176293688432,0.000481388687527311,0.00977133893255202,-0.000378950057793812,-0.150741772699351,0.0109546225116144,0.648773941764367,1e-06,"E02000198","Croydon 005",532346.023236662,169161.52779368
-9.95702687446415,0.0399881059617956,0.021812583502509,0.0228497441248229,0.00409821494420005,-0.000599443113182725,0.0110887291270422,-0.00111243627543373,-0.1495487410643,0.0142416015836604,0.606137706367387,1e-06,"E02000199","Croydon 006",532878.712401842,168850.700157046
-9.36986815460898,0.0390176803821034,0.0224176308183866,0.0288405668612946,0.00391320050456483,-0.00220480136685239,0.0100158334878651,-0.00447945485382386,-0.145083461817743,0.014551205935293,0.546665652210136,1e-06,"E02000200","Croydon 007",533689.829085359,168871.663330375
-8.87374598100167,0.0371373320255948,0.0240469393153229,0.0208193367618245,0.00437231620478079,-0.00269114684200134,0.0121783378769201,-0.00474781568243494,-0.139724175258205,0.0172096867430582,0.496449638766913,1e-06,"E02000201","Croydon 008",534378.817954607,168516.031145851
-10.1011775190023,0.0388703227117579,0.0217417447635315,0.00171500728174494,0.00547112039973454,0.00300552520641916,0.0161071313584786,0.00426437840483573,-0.14846722886571,0.0149149852641133,0.617935190176968,1e-06,"E02000202","Croydon 009",531523.277190055,168372.515084619
-9.73695030327187,0.0388193719995176,0.0232456282218339,-0.00323024849458432,0.00521506926810747,0.00107175793605582,0.0161928103926455,0.00230105095401666,-0.146870484432162,0.0181965602328464,0.583037399142253,1e-06,"E02000203","Croydon 010",532432.170902174,168140.914274213
-9.70039265651457,0.0372097445307472,0.0225160036004257,-0.0162086434541344,0.00641361027049712,0.00476926904162772,0.0187189201636643,0.00581915824468357,-0.144245353937187,0.0159817504940672,0.576753830966369,1e-06,"E02000204","Croydon 011",530963.459350888,167850.97922738
-9.11898712734111,0.0368709344837941,0.0254052378932939,-0.0198039003988411,0.00550187589356588,0.000358667033021099,0.0184168447626088,0.00272316766754216,-0.139784747565441,0.0210667314619504,0.523273221965664,1e-06,"E02000206","Croydon 013",533048.711322964,167487.777375489
-8.59701010687538,0.0325158265493168,0.0271190895043333,-0.00782230511311832,0.00550166985097765,-0.00151331119151021,0.0195236739389683,0.000410940105845874,-0.130961765059098,0.020565092139015,0.473728205297535,1e-06,"E02000207","Croydon 014",534618.71049712,167263.809317907
-9.05968518209172,0.0368993763856533,0.0249979920232905,-0.0338226404315241,0.00623726484375238,0.00286559727988593,0.0206479461830249,0.00463784676248678,-0.139283782055776,0.0196850846716429,0.514871916272165,1e-06,"E02000208","Croydon 015",531847.923954201,167193.589983128
-8.91533989529495,0.0354295782505021,0.0243569267108236,-0.0400203484253423,0.00706726040707615,0.00606093484860815,0.0209339634018426,0.00636547463699663,-0.137326976009607,0.0179021345055204,0.496835475030771,1e-06,"E02000209","Croydon 016",530574.536008038,167010.519528343
-8.72675701249068,0.0334980797146007,0.0276512428416319,-0.0280949496791604,0.00566213773961307,-0.000431365565973246,0.0210332288101641,0.00290877025319247,-0.131753696324437,0.0218399109776165,0.488925768110497,1e-06,"E02000210","Croydon 017",533838.220073479,166841.74105808
-8.36375096976358,0.0268058874533466,0.0298209737813648,-0.00665176482108045,0.00582964367632793,-0.00180778583294201,0.0234203947047866,-6.94792832138845e-05,-0.122390235345154,0.0191107280717105,0.456939376360389,1e-06,"E02000211","Croydon 018",536015.450128301,166715.638046307
-8.42556212971093,0.0349117310947493,0.0265852044177739,-0.0541021847479216,0.00695189993011339,0.00494824999491239,0.0231343717279843,0.0056009800995606,-0.131630380615555,0.0195669792306396,0.448527502364999,1e-06,"E02000212","Croydon 019",531118.875040996,166259.635464498
-8.60550727872488,0.0351349960704253,0.0273917594258562,-0.0481995158725207,0.00625046106425649,0.00206108934780656,0.0229545837000511,0.00473220002580672,-0.132385038293443,0.0209824781904553,0.472299513920724,1e-06,"E02000213","Croydon 020",532340.985138879,166430.206835598
-8.54130914730544,0.0297813384092914,0.0295896600773436,-0.029074540623336,0.00575333948578982,-0.00122208423205572,0.0238436133790102,0.00307762967912645,-0.1255406201089,0.0212978427776823,0.476078292697189,1e-06,"E02000214","Croydon 021",534698.859182387,166276.033588355
-8.52476033344482,0.0325228548366337,0.0288282098813746,-0.0413998210367643,0.00583374875257458,0.000373757188231498,0.02352071873574,0.00444815410301491,-0.128102890273093,0.0215032310935547,0.469348104351784,1e-06,"E02000215","Croydon 022",533465.66566391,166151.878706527
-8.23564448762494,0.0290961953489554,0.0307718568762558,-0.0406448683841386,0.00566506898521045,0.000259304248723223,0.0263589898870856,0.00520445484975993,-0.121320925763993,0.0202128561371338,0.442166366385153,1e-06,"E02000216","Croydon 023",533911.777202111,165134.352346029
-8.08725703018175,0.0330383521022542,0.0287119501629273,-0.056854999910538,0.00671837805350001,0.00430623859949392,0.025073135344686,0.0054515389728786,-0.125505177782775,0.0199549821064336,0.41429050656396,1e-06,"E02000217","Croydon 024",531600.556377106,165407.563145727
-8.59157967463135,0.020285530662662,0.0323212924918392,-0.00207844345398307,0.00580077606366182,-0.000527817631405801,0.0283052246996271,0.00344784339936663,-0.115436365840506,0.018123768642076,0.486847467440682,0.000957668270557825,"E02000218","Croydon 025",537189.044567496,165416.653043647
-8.44637187305497,0.0227857575632452,0.0325962362464421,-0.0189163037171361,0.00529088859184429,-0.0013856891626641,0.0286006675106501,0.00499768896183761,-0.116684153212445,0.0185240269161195,0.474317184365278,1e-06,"E02000219","Croydon 026",536050.610125083,164718.158433601
-7.68666759830915,0.0300914084706358,0.0311902714443628,-0.0554311915484207,0.00647032988879189,0.00518110314187442,0.0271120118415211,0.00595517240143098,-0.11812972132174,0.0191771025132617,0.36955230195026,1e-06,"E02000221","Croydon 028",531517.935437902,163893.919191442
-7.9162537067791,0.0277128531398591,0.0322794214159428,-0.0442141051061953,0.00568720831579666,0.00177515157122137,0.028629470244639,0.00583039951186998,-0.116243674188757,0.0188892582593531,0.404243820076435,1e-06,"E02000222","Croydon 029",533355.295708787,163849.148371447
-8.78349678041904,0.0160535801855376,0.0346763736464695,-0.00355386261017656,0.0045978446861373,0.00121619049706256,0.0307292512863919,0.00604497614421215,-0.106957784085922,0.0173924437256731,0.513557836093812,0.0160829570759099,"E02000223","Croydon 030",537939.421064638,163527.223489044
-7.65098987473981,0.0273105293272704,0.0332449301292446,-0.0480307180631982,0.00587843671989543,0.00403095879367908,0.0292823629109618,0.00557197991908087,-0.112507005620611,0.0182245240156226,0.369098861212452,0.00304859998956348,"E02000224","Croydon 031",532458.178608089,162826.190788991
-8.90151344222812,0.0143900131267157,0.035284400326011,-0.00221394593894195,0.00422659516561793,0.00234094255745988,0.0311465339107362,0.00678677638795427,-0.103345543003703,0.0174625595588908,0.527201257637522,0.0213181018211901,"E02000225","Croydon 032",538445.091675183,162846.60797779
-8.03357600892177,0.0236799544427695,0.0344163623540206,-0.0338055082996855,0.00469861846677469,0.000299469891417738,0.0304914823060316,0.00554938872468268,-0.111180673863196,0.0170116159463073,0.425992301508694,0.0092062905303585,"E02000226","Croydon 033",534727.591050093,163051.069167167
-8.50367297288545,0.0182732553606212,0.0358520059064843,-0.0159932339543243,0.00381445498374724,-0.000421366660194636,0.031772004621827,0.00639517540728099,-0.107322222711855,0.016272060767163,0.486361096478451,0.0178009978772549,"E02000227","Croydon 034",536837.061832219,162597.373709997
-7.70492076562666,0.0243924407495892,0.0354441373248901,-0.0405652735492706,0.00487225356613134,0.0027767392818038,0.031164411288316,0.00517265784870884,-0.107548855557764,0.0164406519107503,0.381198004186478,0.014024159780533,"E02000228","Croydon 035",533510.378747411,161892.397610009
-8.97951973604391,0.0130450284464954,0.0361331418492193,-0.00266006480130042,0.00353084839645663,0.0033003499399523,0.0314465877416658,0.00760277116505056,-0.09933717228623,0.0175202940966489,0.537452986671887,0.027419729846486,"E02000229","Croydon 036",538929.437146393,161702.819873756
-7.42042966796779,0.0265871386281972,0.034596859474531,-0.0490651971847616,0.00563841830353194,0.00608453279287517,0.0290037675915789,0.00556452218549644,-0.109550039418872,0.0177597533961451,0.338952922074617,0.00897858549751089,"E02000230","Croydon 037",531591.320735826,161726.903704931
-7.15931677720762,0.0259219668958628,0.0348152961909926,-0.0491951747229339,0.0058325808692961,0.00918138950970433,0.0263605455688175,0.00769068860013842,-0.108506284533245,0.0185574039063949,0.303423973297147,0.0109040086352584,"E02000231","Croydon 038",530011.574440998,161127.994725534
-7.9234348314027,0.0206782089383028,0.0378878772374941,-0.0297476047483757,0.00345593104156686,0.00108079412735039,0.033185220944837,0.0054029458849792,-0.102773875309329,0.0144409932800565,0.414367908676447,0.0257260914403654,"E02000232","Croydon 039",535028.01263946,160753.17025982
-7.37614647001655,0.024404209965963,0.0375449524161544,-0.0477990887696684,0.00472189054305853,0.0061521968410506,0.0305507572769118,0.0046352526583153,-0.103295907464265,0.0163868681549927,0.335703399312868,0.0206842301376964,"E02000233","Croydon 040",531908.649259954,160009.895639722
-7.23317969019177,0.0239484053586541,0.0370957573584279,-0.0468550199222754,0.0051830957890408,0.00873011732650872,0.028055295194797,0.00640363410846927,-0.102750107255372,0.0176657830856615,0.31360543718162,0.0206020654234863,"E02000234","Croydon 041",530622.468396046,159645.365752633
-7.50924083945792,0.0227332440485951,0.0385153285000033,-0.0421815949056062,0.00418289541882809,0.00506087273952696,0.0318761425918004,0.00439604337532619,-0.100420947340183,0.0153275266314375,0.354508765644078,0.0261369544351458,"E02000235","Croydon 042",532901.537772026,159360.195721779
-7.1869727704553,0.0212208996347014,0.0374690543331165,-0.0419117862533081,0.00576042449494243,0.0119824708582504,0.025357835926681,0.00997550043494857,-0.0977536212939563,0.019023571498823,0.301564787683938,0.0259646726626982,"E02000236","Croydon 043",529297.850650842,158416.443019497
-7.35970300641216,0.021697612077918,0.0401205086233896,-0.0472723364375322,0.00427579098561846,0.00836272698004424,0.029813255844113,0.00549726789326883,-0.0961664361376078,0.0165023000004003,0.330844931486338,0.0317727123987811,"E02000237","Croydon 044",531288.499089923,157493.753687814
-5.63280417757725,0.0202244052004546,0.00851798269345384,0.00601553314217823,-0.00316665570272691,-0.00236313516920388,0.0304466118273596,-0.036976810809552,-0.11666509569083,-0.00500556455908376,0.311058409792357,0.0649382617704198,"E02000238","Ealing 001",514638.551559879,185127.9524247
-5.27362993967242,0.0133633268238021,0.00892371188630236,0.00676770773303385,-0.00135044955419757,-0.00326138500109286,0.0301294049533045,-0.0329268990647165,-0.134387760777497,0.000996915199937887,0.27761637713331,0.100787782875477,"E02000239","Ealing 002",516115.349185639,184605.832694592
-5.21002448522246,0.0263437789029229,0.00780383340086567,-0.00164691269831968,-0.00399752873754271,-0.000419667973736826,0.0299062835257888,-0.0413646032903079,-0.0859881685560368,-0.0078695254306134,0.26097790002283,0.0558976860923997,"E02000240","Ealing 003",512811.623175246,184719.562293428
-5.40499461672962,0.0231483746826034,0.00800086106337885,0.000612639163496926,-0.0039990822186873,-0.00105463366724182,0.0293924465951742,-0.0403194465377581,-0.0978859165544113,-0.00476116044592067,0.289571212251931,0.0588844029981368,"E02000241","Ealing 004",513513.812973368,184311.72060069
-4.47998265034362,0.00602004437808375,0.00977139491327378,0.00386413348595869,0.000668099269897495,-0.00249236580666393,0.0277196427029427,-0.0305068048428047,-0.154530484704466,0.00671436036569144,0.200738291606326,0.140491810870279,"E02000242","Ealing 005",517115.095595717,183641.481233436
-5.20359367479254,0.0163702355355944,0.00863417245528842,0.00148307312658049,-0.00391561011061274,-0.00235205936219184,0.0268687416118488,-0.0386399709191175,-0.138107817154125,0.00116251266368641,0.285414735658588,0.0805059698361574,"E02000243","Ealing 006",514849.73673278,183450.785415881
-4.63803643427957,0.00799135987220828,0.00971055793572942,0.000947608491357246,-0.00207696453888354,-0.00291434891730462,0.0248571216196927,-0.0345455445129442,-0.178773140400589,0.00617632286675834,0.234964852756938,0.117985245547219,"E02000244","Ealing 007",516404.149609188,183154.453253798
-5.10896477311326,0.0260147708981126,0.00720378872952572,-0.00188688603923928,-0.00480113067183382,0.000858661381808414,0.0277986886182674,-0.0432846880467565,-0.0801552569446615,-0.00499793196414407,0.255404847401055,0.0730704616740745,"E02000245","Ealing 008",512126.013039204,183473.254282999
-5.03460079158107,0.0279003919897213,0.00688998131219914,-0.00172962824128867,-0.00520093563793022,0.00205289846606552,0.0278669648497593,-0.0446142570044752,-0.0726811869279828,-0.00565149295337342,0.241917822560706,0.077362620558591,"E02000246","Ealing 009",511049.522133961,183260.66606636
-5.23190927941517,0.0214729778903152,0.0076479346831836,0.000540859491222443,-0.00468184917916605,-0.000119994931039776,0.0265804444858307,-0.0420317398251909,-0.0951760449667376,-0.00147201961449658,0.279118926483371,0.0811200092639001,"E02000247","Ealing 010",513269.846564138,183043.06430894
-3.99788354628755,-0.0033772236133726,0.0114977290745312,0.0128595735545375,0.00713567967363262,0.00144774598603289,0.0260096429755165,-0.024865087683305,-0.127305284143434,0.010773099808899,0.122767257094104,0.25086519174198,"E02000248","Ealing 011",518590.808178972,182583.946117733
-5.07270244656972,0.0159069859155425,0.00833395804913879,0.00152131933583433,-0.00490776163856643,-0.000924343055170952,0.0244163574726659,-0.0411444875910244,-0.125712090260023,0.00313823613647066,0.276770790136548,0.0960085400153265,"E02000249","Ealing 012",514313.833956786,182267.75141925
-4.1059974075888,-0.000211883937257437,0.0110937415631461,0.00366608506255314,0.000900890149223938,-0.000412043708611212,0.0223590799135537,-0.031411475348514,-0.19928160774419,0.0103750141378037,0.175460524126658,0.180001294047974,"E02000250","Ealing 013",517446.753620888,182241.252431449
-5.09458386338543,0.018584545471492,0.00780949292173703,0.00182039108228812,-0.00531371657000233,0.000226636005694246,0.0245825209251781,-0.0429444650042363,-0.105117407951104,0.00187198886501387,0.272752064281488,0.0996630272861497,"E02000251","Ealing 014",513649.722327166,182086.061861565
-3.67722684383748,-0.00301117048784167,0.0159827119866377,0.0398867031051015,0.0135366598680447,0.00563974976287998,0.0230157379398153,-0.022789225614491,-0.0482155636839766,0.000972574470521823,0.00945666188821713,0.426019935384707,"E02000252","Ealing 015",520555.700931461,182146.921955834
-4.72378993782267,0.00904802996807531,0.00960791269442814,0.00375980218184792,-0.00447937114111971,-0.00161082999297831,0.0212766340178045,-0.0388418745634967,-0.170437344183024,0.0063892170779528,0.250487023719398,0.125776457580891,"E02000253","Ealing 016",515509.302823324,181806.46089592
-5.07791961442465,0.0203364188371043,0.00735224876196286,0.00481682063121158,-0.00605372532168813,0.00176860407090029,0.0237706940233145,-0.0455937741328683,-0.0885788781577898,0.00144499703066502,0.264447448641025,0.115896008364168,"E02000254","Ealing 017",512942.986342606,181531.086743613
-4.45168501369851,0.00435951596898711,0.0106490669840595,0.00545290839292339,-0.00331804647374777,-0.00129977219608854,0.0203304719778002,-0.0362917709007847,-0.198827206551298,0.00786936428692778,0.221879384277872,0.158742429984984,"E02000255","Ealing 018",516337.325850018,181673.705751545
-4.22592353314029,7.42027353298683e-05,0.0114427287131429,0.00981696408118272,-0.00175486611205877,0.000698220792201643,0.0193373306497717,-0.034432180976275,-0.21210567707514,0.00898056770935446,0.191254119343584,0.207959798954195,"E02000256","Ealing 019",517059.6305505,181146.550184541
-3.48987234743451,-0.00677538426869259,0.0139369781239683,0.0383129811390886,0.0110476257431375,0.011237811869909,0.0214733143642307,-0.0258016333279052,-0.076638889030631,0.00202646135864521,0.0121463413882614,0.446089358334919,"E02000258","Ealing 021",519882.031972096,181179.14386797
-4.87509069674737,0.0103690106144003,0.00925034771031786,0.00882737592301549,-0.00549006729803426,-0.000205636774369874,0.0206592801413486,-0.0414334699889133,-0.149573534576793,0.00586846045290841,0.260790094402318,0.14121376925395,"E02000259","Ealing 022",515086.678999912,181133.665134228
-5.08757520169606,0.0189927354141236,0.00739741761699229,0.0140834089685297,-0.00702823521458117,0.00310541114477568,0.0217516855434076,-0.0486748265830179,-0.0842569561744529,0.00224796881597909,0.260139301238547,0.154860866965705,"E02000260","Ealing 023",513080.123454655,180524.628985478
-3.33555398251053,-0.00413403853953762,0.0121724190248293,0.0676376573270899,0.0248253352661332,0.0253970276823741,0.0130284358346827,-0.0197515334596121,-0.0123134291834193,0.00266971954396945,-0.116074650487129,1e-06,"E02000261","Ealing 024",521268.499949501,180601.530654219
-3.52413574199801,-0.00369947525257895,0.0105416353540034,0.053298078642682,0.0195837311261187,0.0239824283058167,0.0215006024939251,-0.0239018283336024,-0.0405195380582718,0.00907411122180024,-0.0577463425308081,1e-06,"E02000262","Ealing 025",520206.216675974,180382.461744134
-5.20616288354827,0.0206597462180625,0.00700138280531705,0.019598683912745,-0.00735657407054977,0.00422057708536533,0.0211177616620232,-0.0508300665902533,-0.0688393382463569,0.00109487895357392,0.262978816498791,0.164870589041554,"E02000263","Ealing 026",512057.274849681,180171.772095211
-3.61244083853617,-0.00717294895757035,0.0124041087096355,0.0344071266322591,0.00696176537556757,0.0134309956073564,0.0195338930706336,-0.0298268123689633,-0.120762814279823,0.00336451612030647,0.0518278229937008,0.427556849422659,"E02000264","Ealing 027",519075.076322788,180242.190332954
-4.69335375018395,0.00470711901821055,0.0105619977450811,0.0191427723612031,-0.00484395650791503,0.00133893085148414,0.018407776394103,-0.0398799159984329,-0.18091919331367,0.00573425004565418,0.234458798840889,0.218023134213644,"E02000265","Ealing 028",516301.482283995,180205.944610554
-5.11366962690158,0.0157303824010853,0.00793256918088373,0.0205940349873764,-0.00750329745957943,0.00287682785253811,0.019985485059949,-0.0492107920502838,-0.100853196941105,0.00285027425813784,0.266052791968609,0.185745109331502,"E02000266","Ealing 029",514140.359874351,179943.785172957
-5.0315052160322,0.00939310602903766,0.00954448653755201,0.0227600261051483,-0.00641611697195011,0.00195934139145092,0.0191564994571735,-0.0440514056412982,-0.141774281699151,0.00421824179204133,0.262823760809456,0.205988704856363,"E02000267","Ealing 030",515426.278374014,179966.528486074
-4.0338942393991,-0.00272334661859174,0.0116396807304272,0.0277887518694173,0.00103281873123977,0.00838419094673555,0.0186918547447031,-0.0344995827727636,-0.172756247735234,0.00460763944140822,0.1302069835247,0.349036933768191,"E02000268","Ealing 031",517989.156940831,179833.425341392
-4.39600824003268,0.0015699288345007,0.0112346622565725,0.024602816735511,-0.0028748729246409,0.00414301235577247,0.0183596106916763,-0.0378995260514961,-0.187502439844528,0.00464912884595193,0.187389995326537,0.284897626808696,"E02000269","Ealing 032",517110.34542829,179801.499638639
-3.10322535006026,-0.00981951265703602,0.0134231919013389,0.0506275322456219,0.0110545907317861,0.0219511387569035,0.0159220703690606,-0.0303745449142137,-0.0881340290354048,-0.0037485528926393,-0.0435491872315021,0.557707441501905,"E02000270","Ealing 033",519925.602769003,179634.600017146
-2.95776928490558,-0.00540320491142008,0.0097339300495891,0.0696984685033191,0.0242374519865562,0.0337506877567506,0.0110053667527069,-0.0235972064746281,-0.0197066825905553,-0.000987010129949064,-0.155797857330952,1e-06,"E02000271","Ealing 034",521011.264993981,179495.733065696
-5.03393392214066,0.00813085750154032,0.00978700335956972,0.0320269506834445,-0.00652027402488854,0.00274384942812424,0.0176420980858155,-0.0453698237959246,-0.148470508975864,0.00192917763798084,0.254445363439039,0.264330171973589,"E02000272","Ealing 035",516060.846497653,179218.386013501
-5.28683614961366,0.0193573568329015,0.00687753647466344,0.0325115602264061,-0.00878968122809849,0.00422046435410279,0.0182111656896582,-0.0564816105418369,-0.071335240186779,0.000312898037643244,0.269116570469382,0.221184325152274,"E02000275","Ealing 038",513076.7552241,178918.889118592
-4.4655392619598,0.00314069840877635,0.0102102104936698,0.0347912053065314,-0.0030688948909495,0.00645305617505255,0.0166557446351791,-0.0421573060619035,-0.173472835168327,0.000347228542480713,0.181543924153594,0.34813991278852,"E02000276","Ealing 039",517372.041909151,178870.155401065
-3.74352391668526,-0.00500038633179756,0.0244194122053101,0.0579793024012093,0.0116923069432167,0.0150021247537278,-0.00424548045974692,0.00300211402100764,-0.080206454482435,-0.00982276382486483,0.0014348745716284,0.0418910910421489,"E02000277","Enfield 001",535920.529742216,199516.449228722
-3.75997510010754,-0.00528877201021412,0.0278408805864657,0.0590233472123617,0.0127683175830089,0.0155819136030751,-0.00326461198144044,0.00442492620950042,-0.0792501972880862,-0.00965135759208521,-0.0095138728924131,0.0430210330148772,"E02000278","Enfield 002",535206.235372745,199136.886640445
-3.67411118767738,-0.00486418703591504,0.0213018678837034,0.0567458796858329,0.0100942330145237,0.0137062678621792,-0.00625899877060592,-0.000977310473061843,-0.0821631122964372,-0.0102323762889892,0.0127480127656447,0.0421764388762946,"E02000279","Enfield 003",536951.189590752,198923.581698644
-4.17613574418134,-0.00710384406018817,0.0288281402390538,0.0625938418349869,0.0181689731136551,0.0173170371382577,-0.00263306119945781,0.0212210829784004,-0.05721941599772,-0.00651539665861589,-0.00233942732107373,0.0280744282643398,"E02000280","Enfield 004",531091.167079446,199396.932743669
-3.81406214380439,-0.00558743243546617,0.0351041780874158,0.0594880200467583,0.0149816967255746,0.0163655041160751,-0.0016297578955129,0.00673068432610698,-0.075899004227912,-0.00923502841447531,-0.0277428230459182,0.044559739623967,"E02000281","Enfield 005",533925.281673189,198201.075695844
-3.62672741244341,-0.00559468405912844,0.0298556676334595,0.060020903437991,0.0125926118778495,0.0153462214947045,-0.00330268341043465,0.00130014466596423,-0.0828365611483554,-0.0103675218061997,-0.0246975104567303,0.0501148377653391,"E02000282","Enfield 006",535240.976378112,197989.038278882
-3.50021862893168,-0.00563493199206455,0.0269134193508348,0.05965186419778,0.0112671742699344,0.0144447130758727,-0.00529539130963986,-0.00268399844884178,-0.0853400720836,-0.0110858744637137,-0.0226982765001119,0.0532602826534373,"E02000283","Enfield 007",535974.793654977,197580.462348808
-3.98637578607145,-0.00642334376518228,0.0397882842571023,0.0595952756342214,0.018050944703582,0.0171314170849961,7.71919655092553e-05,0.0127585667449281,-0.0691044195604028,-0.00784968360880786,-0.0326274786201207,0.0402737127881321,"E02000284","Enfield 008",532414.776420262,197316.468070954
-3.86518254162797,-0.00604924955870295,0.0402310680328929,0.0601690619584183,0.0163085654756209,0.0168071905998139,0.000185914301529687,0.00791884782113091,-0.0747751262199089,-0.00874852465306435,-0.0373659994377445,0.0432581298174549,"E02000285","Enfield 009",533403.769927242,197303.715783089
-4.04474870401822,-0.00734898985468218,0.0347477562574233,0.0616394511217484,0.0189259696409098,0.0170312738682155,-0.00141117784429866,0.017156389842512,-0.0625936620786131,-0.00748666791029798,-0.0244892684613234,0.0407623721773532,"E02000286","Enfield 010",531456.128739894,197408.645476621
-4.51914779668317,-0.0166597161081796,-0.0010054805236387,0.100932959271546,0.0185972460877131,0.0123467139916097,-0.00646972627970879,0.0312642239210709,-0.0336777607469783,-0.00338997973637235,0.0564877406515119,0.0193643888085835,"E02000287","Enfield 011",527840.773221261,197705.488810246
-3.47039824221871,-0.00624794744848094,0.0356436938157179,0.0623196399913212,0.0129125453754345,0.0152630928735762,-0.00264961885149092,-0.00209844686284482,-0.0857185951098923,-0.011151786310238,-0.051594110031681,0.0597092306807027,"E02000288","Enfield 012",534907.534717884,196514.447840774
-4.0744002120907,-0.00963899961275212,0.0280317253754042,0.0688897650549798,0.0196269215312661,0.0163913430620196,-0.00289824383198497,0.0214516110753513,-0.0551937056093868,-0.00728650900435233,-0.018734677290924,0.0460448389881267,"E02000289","Enfield 013",530453.513227605,196695.791699881
-3.26281101349276,-0.00561906393828935,0.0243272203102762,0.0587963840478361,0.0099076106204844,0.0128634757083298,-0.00874653341242438,-0.00997773648490317,-0.0903217703561058,-0.0124610194447897,-0.029034378410026,0.0606798235203144,"E02000290","Enfield 014",536755.651901335,196474.404081777
-3.74351297170743,-0.00655229992347862,0.0454974603900441,0.061710013921014,0.0163138789402438,0.0162990967254548,0.00159006362351682,0.00422169540530123,-0.0776642138944739,-0.00950545270916166,-0.0575123836044316,0.0534839228907601,"E02000291","Enfield 015",533372.136332747,195892.92069591
-3.57427917417582,-0.00665515474875513,0.0433364895262165,0.0634988768316287,0.0144813620812437,0.015853504197473,0.000198859861350069,-0.000119994636362099,-0.0830322457069351,-0.0104858150067693,-0.0626354939591571,0.0570887117638417,"E02000292","Enfield 016",534157.414862516,195879.198526565
-3.87594068429802,-0.00722332510850092,0.0428266361006531,0.0604382727671668,0.0186936663704479,0.0161993976707472,0.000914017337445764,0.0101370910613455,-0.068289517802082,-0.00892048380828916,-0.0493079607008472,0.0584907929073429,"E02000293","Enfield 017",531996.111447058,195636.786192635
-2.9800364186321,-0.00714667812228066,0.033171779910229,0.0648600785825579,0.0105853578268441,0.0132411907212807,-0.00791376174413917,-0.0146754249736404,-0.0910246568467167,-0.0139805247377224,-0.0787190841716378,0.076371867690944,"E02000294","Enfield 018",535892.069593017,194996.58919309
-4.02122583530884,-0.0105676550683756,0.0300454275334412,0.0697414305224583,0.0200975596631342,0.0148929162019485,-0.00262182024209288,0.0186023574376118,-0.0515638537134473,-0.00831793204534042,-0.0259803958669363,0.0685492573710716,"E02000295","Enfield 019",530229.836488039,195072.219560534
-4.23596408374525,-0.0135824943222348,0.0183682654127321,0.0826666348952739,0.0198192315473918,0.0141772182782677,-0.00430384027962813,0.0254436664740758,-0.0405746848515455,-0.00668741777544335,0.00475626362944531,0.0559128312921618,"E02000296","Enfield 020",529285.905585775,195313.920144149
-3.71331369658039,-0.00738531606498977,0.0508965740519225,0.0631113401807536,0.017105029769733,0.0156288355906496,0.00380984419033551,0.00282698201227441,-0.0774560235098855,-0.00977742879844554,-0.0715906940154057,0.063086718297747,"E02000297","Enfield 021",532972.508424737,194719.315813538
-3.85291600306955,-0.00862846877443048,0.0419840921774319,0.0625078866506921,0.0196913469666732,0.0148092650046892,0.00102848733035986,0.0101309042059067,-0.0626813257451406,-0.00968322424128089,-0.0529870352105739,0.0806324216282485,"E02000298","Enfield 022",531267.457003327,194431.843533803
-3.0974374580264,-0.00794440845975683,0.0448418491436473,0.0684685051267499,0.0119797247587584,0.0139969310488092,-0.00351323338399284,-0.0122427580402926,-0.0863964605806775,-0.0133475671103992,-0.0975822757636841,0.0780786547401308,"E02000299","Enfield 023",534841.652895945,194376.142186135
-3.39494709521868,-0.00801736904206977,0.0516094468243206,0.06749456209175,0.0141692736142563,0.014692249016952,0.000914815437271891,-0.00614059802326962,-0.0813021908929788,-0.0115611935614033,-0.0902883291333382,0.069228230768382,"E02000300","Enfield 024",533987.129379648,194283.962000976
-2.62252924749267,-0.0074919158407056,0.0347567039516783,0.0664147752250063,0.00991750944043697,0.0121623852720088,-0.0104097204759848,-0.0237892690866678,-0.0960682366512987,-0.0162172860672821,-0.111179794310946,0.0913087858975519,"E02000301","Enfield 025",536029.132527759,193846.791140456
-3.6855940782677,-0.00792957395487793,0.0528057322516447,0.0616309953896636,0.0178374301403645,0.0138034634893047,0.00490769814944304,0.000790557683680955,-0.0684686584771893,-0.0110342272664545,-0.0759733195949883,0.0906754516644302,"E02000302","Enfield 026",532201.053579166,193546.795793953
-3.35553846362054,-0.00900567811948301,0.0575882087745934,0.0696161946716018,0.0140576826389285,0.0132538276551112,0.00217633376856452,-0.00984964817518365,-0.0757745083683978,-0.0123392503314236,-0.0999898429536772,0.0790955992918851,"E02000303","Enfield 027",533684.895373705,193309.855681387
-4.198364163838,-0.0116213874932848,0.0336374159831994,0.0705800727842644,0.0199282756654223,0.0117172303244554,0.000158550586442255,0.0143296750399518,-0.0406859167858248,-0.00907526729361055,-0.0087476201856595,0.108546936438505,"E02000304","Enfield 028",529978.644116481,193260.420841783
-3.85956806133999,-0.0085708864477051,0.0471282509568568,0.0604069993374163,0.0193096603896676,0.0124763635655378,0.00343303197990585,0.00499174047429562,-0.0567478344333833,-0.0110138791627216,-0.053428777900417,0.11050939877806,"E02000305","Enfield 029",531134.492657103,193207.54483112
-2.63855964275504,-0.00992679867267885,0.0495074781539018,0.0767246439865973,0.00985599749636881,0.0118383068897615,-0.00701389957506218,-0.0271688928324722,-0.085743811374301,-0.0169116351427506,-0.137003917499665,0.0936811666476973,"E02000306","Enfield 030",535237.493625547,192871.886390843
-3.53292683002209,-0.00878683527981521,0.0585612030699098,0.0655691657205054,0.0160176031072021,0.0127551384512614,0.0052516535574999,-0.00605081621438577,-0.0701373488886828,-0.0119525028491872,-0.0904416844346808,0.0930391072782581,"E02000307","Enfield 031",532799.860486453,193000.163967466
-4.71217649139186,-0.0114986945319852,0.0323704127657103,0.0678158942462474,0.0169876057594657,0.00900870175033654,0.000852126223176984,0.0129727541353176,-0.0177944771222382,-0.00913337395067462,0.0610232963252615,0.123809462579703,"E02000308","Enfield 032",529282.956433067,192382.727667438
-2.68249306340919,-0.011146382863846,0.0560557595461995,0.0814146487817859,0.00947910176478107,0.0106427916552412,-0.00549787993151753,-0.0325381765173261,-0.0797147032441795,-0.0182268756026861,-0.139262858394652,0.0974999352906429,"E02000309","Enfield 033",534978.938969275,192086.676886493
-3.80287305872376,-0.00871740153665873,0.0605596436786787,0.0619276302946636,0.0170529653675836,0.0100133063951836,0.00833265307832099,-0.0068335884788296,-0.0572032224603138,-0.0129573341016382,-0.0643443688859109,0.128840294398939,"E02000311","Enfield 035",531933.057315129,192166.2167407
-4.21298358367332,-0.00841333967021083,0.048843719206058,0.0581514012974184,0.018669173711045,0.0092387201314578,0.00637191310096397,0.00258208129873253,-0.0404580014968404,-0.0115518238312725,-0.0134665970301054,0.145887029961292,"E02000312","Enfield 036",530580.663214193,192211.498284168
-5.03961561976272,0.0107679362264587,0.0192846396466313,-0.0473571710208483,0.0105585082954879,-0.000802056195912117,-0.0118941198131631,-0.0212855459799365,-0.00156020209059249,-0.0103927164646164,0.192050078859315,0.190204772752127,"E02000313","Greenwich 001",546864.026009832,180292.376540569
-5.15356753616658,0.00942881139956225,0.0191215222799231,-0.0342207675811013,0.0147734002662645,0.003331681821306,-0.00930271631260349,-0.0219538211199557,0.00814981082057437,-0.00858979730273873,0.174348582078479,0.172648458451423,"E02000314","Greenwich 002",545741.603542685,180154.947116856
-5.01827819338857,0.0113296821370842,0.0206517131326442,-0.0234944832403928,0.0137593226201475,0.00524836585914097,-0.0110630465333525,-0.0195957180417372,0.00980159729139668,-0.00820295266929357,0.139858992488493,0.246601171330721,"E02000315","Greenwich 003",546779.198705021,179321.773227812
-6.31009643454518,0.000778578288890418,0.019064005962612,0.122253017502177,0.0260530148014728,0.019368333895694,-0.0169112868287072,-0.0224283144351658,0.0456128916919628,-0.00904650446600681,0.161538713882862,0.223660924146566,"E02000317","Greenwich 005",542504.959476933,178647.136995371
-5.23499666530831,0.00856051768313625,0.0219993099889062,0.00950736333826702,0.0193489132577348,0.0136599368714279,-0.00865674434797347,-0.0196958528234734,0.0246358598192224,-0.00457788699960446,0.105539616091146,0.256057518723651,"E02000318","Greenwich 006",545591.028447577,178670.597932614
-5.4860850822989,0.00678236704555183,0.0212342465676909,0.0297812982027116,0.0217250276992758,0.0158593785176987,-0.00925045568281688,-0.0203883077337943,0.0301441025075267,-0.00497487162417599,0.11645757289597,0.240698760885812,"E02000319","Greenwich 007",544772.526304028,178667.139702925
-4.99587300113513,0.0113011897241246,0.023199784806534,0.00271904513830608,0.0159890865957078,0.0126863708617758,-0.00913404731969241,-0.0179596255276999,0.0189832238687286,-0.0059954227984096,0.0857918748220277,0.304873527655476,"E02000320","Greenwich 008",546899.088793056,178202.501531097
-5.70422985786143,0.00571482870575942,0.0211908893384598,0.050068618852559,0.0230465279502489,0.0178007692323967,-0.00980858244525664,-0.0204100504696853,0.0346727682062486,-0.0053494876708091,0.123016276938775,0.249892426511696,"E02000321","Greenwich 009",544343.511949695,178407.045492195
-6.0133396458778,0.00428062538712078,0.0209831512291808,0.0733824566469853,0.0241533001015693,0.0192266866661592,-0.0110632969628069,-0.0202674427968869,0.039367674055784,-0.00603507838220728,0.141529427944026,0.260813738042934,"E02000323","Greenwich 011",543855.972866411,178141.533095204
-7.21726216188628,0.00468523335555579,0.0164956450997778,0.156236988916574,0.026670602186556,0.016554892180528,-0.0177493352849093,-0.023281715271569,0.0518994928359587,-0.0099112949674381,0.236553664124465,0.251463868946496,"E02000324","Greenwich 012",541762.141144956,177895.990621282
-7.41024855565486,0.0108632368250363,0.0145478926271618,0.152960309965771,0.0268262206141284,0.0111558582067123,-0.0146667846363808,-0.0293766441211804,0.0555387629562571,-0.0113719649755352,0.25455704815164,0.231663759639213,"E02000326","Greenwich 014",540859.622594691,177806.58802025
-6.72733018039568,0.00282722332886115,0.0197987909923421,0.118029521403184,0.025165410968129,0.0191637784442238,-0.0135729306595455,-0.0201922176326374,0.0463021450374483,-0.00796916886115453,0.198162593899143,0.278255285840514,"E02000327","Greenwich 015",542957.338489159,177635.638441516
-7.36415472129505,0.0187904578293922,0.0115303917327904,0.138610431275553,0.026994523585834,0.00394723623955219,-0.0130151459199752,-0.0389328063300569,0.0585803205519376,-0.0123646549192922,0.25493352536718,0.207092614056126,"E02000328","Greenwich 016",539930.356526644,177619.338521488
-6.10321220848795,0.00776852760680986,0.0246038045058328,0.0572318320776078,0.021920201965848,0.0221725695659145,-0.00484753327399419,-0.0178637490001705,0.0378795124768544,-0.00352618248106325,0.133616041471856,0.32498107816901,"E02000329","Greenwich 017",544789.061105938,176787.512110341
-7.67010425764231,0.0076014181578257,0.0157234124904588,0.146380285387469,0.0249501888093538,0.0140854187732107,-0.0159993965641362,-0.023033989943842,0.0524781798182814,-0.0110359629625024,0.291740630588221,0.279180795111577,"E02000331","Greenwich 019",541721.609753664,177052.313516507
-6.6671453265125,0.00554901420590201,0.0222541383198505,0.0884422686176696,0.0229790617332095,0.0209046970015281,-0.0074656273200095,-0.0185254706779647,0.0431949430099268,-0.00596931425215942,0.191222709243761,0.320416809387663,"E02000332","Greenwich 020",543738.20549633,176732.438099834
-8.05023539075901,0.0215620439504637,0.00992615005299327,0.12736980046853,0.0240421048835573,0.00383427182338547,-0.0156945003985403,-0.0348301152293488,0.0557653911363615,-0.0134240198196565,0.340315355534579,0.227993988987843,"E02000333","Greenwich 021",540310.324186175,176592.0085102
-8.08918932101644,0.00958434776298422,0.0151377306072001,0.134814180511932,0.0225501034682697,0.0134774243280075,-0.0154874028014107,-0.0226391216005738,0.0515504654743541,-0.0117754853341921,0.346826214082826,0.297675482463601,"E02000334","Greenwich 022",541730.195352578,176356.159830724
-7.24523530777289,0.00638707882914981,0.0234649652513974,0.0814388499748838,0.0189193620825921,0.0213187941478309,-0.00741332682608147,-0.0188338224987947,0.0433707174895431,-0.00820869062415183,0.265110873050006,0.336834441454163,"E02000335","Greenwich 023",543453.903627404,175668.48966736
-8.06166809700107,0.0104877569000632,0.0193630034242022,0.0942542188147402,0.0166769300049066,0.0158683992490873,-0.0140965454472324,-0.0242142320891087,0.0445124091157485,-0.0141811901432677,0.369858013262616,0.309000345348767,"E02000337","Greenwich 025",541978.776325458,175262.999925343
-7.51668635420274,0.00793949631576778,0.0248580240078321,0.068907392811417,0.015399094782467,0.0210349114329671,-0.00840552336433016,-0.0211385827513643,0.0411462188032205,-0.0115111419011689,0.30926858149729,0.322676140482259,"E02000339","Greenwich 027",543120.267060744,174968.409141985
-7.41501089518336,0.00976395016553988,0.0306058657137227,0.0369002424012588,0.0111072731946651,0.023551618879877,-0.00606596237455449,-0.0232821085835976,0.0349424474790926,-0.0125433268940319,0.308991426800851,0.303385249495018,"E02000340","Greenwich 028",543595.754443433,174128.40630065
-7.94384952246347,0.016741718458107,0.0256355195775667,0.046230121053921,0.0086742499628546,0.0150069322195358,-0.0152223966078753,-0.0337701161776156,0.0246850139711538,-0.0213545741599186,0.391661381381649,0.268241335090013,"E02000341","Greenwich 029",541520.829847804,173942.833364797
-7.14880016989114,0.0109406954075417,0.0359301719262717,0.0133608578621674,0.00952592997768768,0.0263639763510288,-0.00258156746119507,-0.0234008536221762,0.0317113887089465,-0.0102774600626029,0.276156548992308,0.295234266209819,"E02000342","Greenwich 030",544541.933121812,173720.505265264
-7.5527917257077,0.0135397138269414,0.0386400056907277,0.00324163614691914,0.000847837062682454,0.0211092254515302,-0.0107959080046137,-0.0361181465773784,0.00315478260629253,-0.0228603143365629,0.373523255051222,0.225884505334264,"E02000343","Greenwich 031",542808.227385503,172616.731992747
-7.47525492244745,0.0125643283818653,0.0419755678317746,-0.00868672942641951,0.0013198612646348,0.024474029386405,-0.00702969806560041,-0.0336137511611289,0.010094769662804,-0.0188712857724767,0.353856511746217,0.223502360778246,"E02000344","Greenwich 032",543712.480872236,172433.804414008
-1.33032073329194,-0.00465532083888716,0.0338409149218894,0.0291089931655149,0.0116587310972524,0.0110758633101747,0.00898218870925311,-0.0473291127598878,-0.0109678484262527,-0.0451388533271426,-0.227785241001077,0.188503611721922,"E02000345","Hackney 001",533931.454707021,187874.622167829
-2.35301610437754,0.00336325426389131,0.0301885634067011,0.000749305418482883,0.0127728832166353,0.00752733241997124,0.011132444512811,-0.0244165317552728,0.00570566376460821,-0.0455196336858219,-0.123684101546085,0.185269206525311,"E02000346","Hackney 002",532380.289556417,187512.962984593
-1.816358749237,0.000600493281160311,0.0297826588407116,0.00901348081755489,0.0125709516262743,0.00871144114724147,0.01061605692235,-0.0334137518283355,0.00277656663988432,-0.0466092974082121,-0.175266246060706,0.192722806021904,"E02000347","Hackney 003",533029.736213923,187455.738067643
-1.08882454322064,-0.00251864154926614,0.0289708890634414,0.0165895626801163,0.0120688596417797,0.0120189347145943,0.00826198654893948,-0.0455143839845138,-0.00562700856563046,-0.0470936981933428,-0.244431209726569,0.188285922546115,"E02000348","Hackney 004",534075.541700547,187456.620347661
-1.10433254810972,0.000328090237547396,0.0218005781551941,0.000671653592250923,0.0129943649416026,0.0125827093882867,0.0068080639413225,-0.0401840713417996,0.0068502114272686,-0.0447811216091135,-0.233953110966772,0.189592236140156,"E02000350","Hackney 006",534063.219516578,186769.861477505
-2.617139426431,0.0108287660363732,0.019168696991476,-0.0252755131514767,0.0114559313174502,0.00667368710315904,0.00814457090292321,-0.0131168635483556,0.0166242855281343,-0.0486765764081332,-0.0776558312169865,0.146287730608807,"E02000351","Hackney 007",531991.48695497,186778.384793867
-1.97416377596728,0.00817258823333194,0.0188705883738717,-0.0194480646587263,0.0120883374782202,0.00814017212998888,0.00779264578093286,-0.0233636184273243,0.0145138380595612,-0.0471993068839439,-0.142800258434129,0.170329202971952,"E02000352","Hackney 008",532809.630064069,186601.42443571
-1.48142110319668,0.00470590294178893,0.0189147843955694,-0.0111454971409481,0.0125834892896237,0.010181083441221,0.00702632444095814,-0.0317949244613823,0.0127959901471198,-0.0449034947042429,-0.192729666753586,0.184311836057028,"E02000353","Hackney 009",533500.111403216,186458.939758608
-1.05592945625084,0.000916726451081801,0.0166616876359004,-0.00246597421634718,0.013808266437455,0.0156386838458269,0.00648575518927933,-0.0391929191942355,0.0139415643755209,-0.0378788548104122,-0.240617025083913,0.195025585544847,"E02000354","Hackney 010",534512.29857395,185980.037440639
-0.963281059509912,-0.00228178198394517,0.0168880183501402,0.00429299005476715,0.0149470684934103,0.0204953658937227,0.00465885079109288,-0.0434525459387935,0.00888007614333626,-0.0356428405215153,-0.253495500405059,0.186543282794328,"E02000355","Hackney 011",535241.701418299,186015.340582868
-2.07079548925741,0.013358012661871,0.0121334247035274,-0.0313875346484502,0.0103424117279606,0.00786943574596873,0.00537121757943432,-0.016795628293479,0.0210545050073105,-0.0432119009444119,-0.126360312627628,0.154245562477014,"E02000356","Hackney 012",532849.990848915,185838.870517157
-1.03321834004271,-0.00577026217357885,0.0178314613886945,0.0218286296906312,0.0165711462914296,0.0252082627370339,-0.00214832955357453,-0.0451965520405933,-0.00798090366858883,-0.0320644270229744,-0.254958790016429,0.142458526897907,"E02000357","Hackney 013",536526.726204192,185998.503756365
-1.59129869134493,0.00930021940713768,0.0132764923336591,-0.01856727287952,0.0113776300834112,0.00999216422924825,0.00622518976420739,-0.0249596409894623,0.0190412027827544,-0.0389855990070659,-0.182058814275288,0.178403982592969,"E02000358","Hackney 014",533517.734333815,185684.790047818
-1.37279107841911,-0.00431378998344792,0.0160727163497025,0.0182084874520535,0.0174146454373029,0.0247875936350515,0.00416640011240658,-0.0441939183221558,0.014250513990476,-0.0293622024256058,-0.22833399061554,0.178307761915569,"E02000359","Hackney 015",535924.397322096,185525.892655344
-1.46437280011439,0.00512766917330647,0.0133201796915962,-0.00303628054833853,0.0132774872541004,0.0135609239144626,0.00645595871505573,-0.0342535799150056,0.0210820545052662,-0.0328379723627659,-0.205541877068256,0.199138381074661,"E02000360","Hackney 016",534311.074088783,185328.788766983
-1.70535588981218,0.00248694217172005,0.0133845065350828,0.0102929987795941,0.0157939195777858,0.0175394250138677,0.00786885351295543,-0.0404268409601974,0.0273519148331017,-0.0281347372051971,-0.19677575378355,0.208323639231026,"E02000361","Hackney 017",534970.471087032,184980.238075254
-1.93947309856876,-0.00721739794446309,0.0177603394982978,0.048911361288329,0.0198806113493213,0.0259618229133085,0.00416281908689725,-0.0435332669429954,0.0125022075377748,-0.0250238152809921,-0.194642433697555,0.157870005335843,"E02000362","Hackney 018",536849.800498042,184993.965587693
-1.87092658576518,-0.000703949178899991,0.0143285310266243,0.021049895340127,0.0179140687626082,0.0221160348724693,0.00894606053300576,-0.0453928558509578,0.0307270109369767,-0.0262081324716527,-0.191299914827925,0.203953268733864,"E02000363","Hackney 019",535531.155250246,184909.088965787
-2.01003996342986,0.0113998381575765,0.0101392914879932,-0.00157098411041523,0.011189827937906,0.00927918369343006,0.00571313971430322,-0.0278342533600166,0.025088213727379,-0.028765466131598,-0.156700691505074,0.195951756882494,"E02000364","Hackney 020",534145.863649472,184616.309542485
-2.72075800450623,0.000709173468171218,0.0142679535641366,0.0354487589118294,0.0197190772489956,0.0200024782725794,0.0122188408355908,-0.051992592920839,0.0449847697340095,-0.0225180916530287,-0.124572758482171,0.217563477676501,"E02000366","Hackney 022",535740.668407259,184230.276261693
-2.715425397609,0.00799881724447729,0.0115301796130267,0.0187889414845037,0.0158223361514308,0.0103340569264429,0.00942112332723769,-0.0425692032359481,0.0380286554354579,-0.0236464289669083,-0.108094415846199,0.220555975181326,"E02000367","Hackney 023",534916.356419239,183984.732225009
-2.79853437527317,0.0173890049246481,0.00794294784485125,0.00485331740703301,0.00920578206736596,0.00223473229706898,0.00631546242989372,-0.0264437114567814,0.0301050824641859,-0.0252007611714995,-0.0843643003109265,0.19361524930993,"E02000368","Hackney 024",534123.211328732,183643.895808236
-2.79401246023261,0.0242858149818251,0.00458795164090351,-0.0127829217803377,0.00395355525222365,0.00172180334446872,0.00107882634117333,-0.00637145108221069,0.027118062620188,-0.028802002274769,-0.0699120103605506,0.14982472154557,"E02000369","Hackney 025",533303.870689581,183647.451306741
-3.12114085749313,0.0276179336995454,0.00397702235684383,-0.00462130105550147,0.00144780966547707,0.000849503761164192,-0.00318201374232824,0.00475073048267349,0.0252960059038539,-0.0324323645181566,-0.0380472812905603,0.116268490241484,"E02000370","Hackney 026",532577.308705708,183227.74873348
-3.11766264270085,-0.00190060936278447,0.0187224547334829,0.0580232228678495,0.022024935227985,0.0193485518144219,0.0048462365426951,-0.024042851435785,-0.0184759798566932,-0.018031927421541,-0.117416795201881,0.466179743196899,"E02000372","Hammersmith and Fulham 001",522362.973269155,181818.984033708
-2.63568017180006,-0.00222395347364101,0.0144934359741962,0.073527739429721,0.0251555503198714,0.028761823605638,-0.0131870584644114,-0.0220857850217343,0.000115465746559879,-0.0109424616546347,-0.199016455140423,1e-06,"E02000373","Hammersmith and Fulham 002",522579.547095242,180719.7291872
-2.94080097888665,-0.00513254702705093,0.0129841656918629,0.0772589947250341,0.0266762299568235,0.0304974454605593,-0.00209559045839091,-0.0194172740149665,-0.00259110338008937,-0.0051679588783384,-0.174703410156484,1e-06,"E02000374","Hammersmith and Fulham 003",522109.386959752,180473.052919019
-2.13745124003029,0.000996158554088997,0.0219276936612142,0.0663210809508966,0.025668258866602,0.0328395523120372,-0.037152941440134,-0.0278688076900609,0.00189022282376085,-0.0212698404804503,-0.254466814630881,1e-06,"E02000375","Hammersmith and Fulham 004",523324.585040474,180258.079747882
-2.1683528563805,-0.00337553782638519,0.0187663273053149,0.0751880543542362,0.02709340833128,0.0353399466668288,-0.0285800750294555,-0.024504506662258,-0.000225430595759461,-0.0175332934203936,-0.258247671006612,1e-06,"E02000376","Hammersmith and Fulham 005",522918.761368006,179823.881881643
-2.56754839956132,-0.00624684931691268,0.0138568647562665,0.0799461910130097,0.0277687959249176,0.0359890083911093,-0.00985714341531053,-0.0215167069719983,-0.00304244611711249,-0.00994706936709384,-0.22016247601119,1e-06,"E02000377","Hammersmith and Fulham 006",522253.352931962,179767.462722065
-2.25076929847008,-0.000120484835388521,0.0332013474393874,0.0616390331122604,0.0280597988204792,0.0368986515982446,-0.0491829787037824,-0.0280951748583957,-0.000217226550633428,-0.0238869305094691,-0.256201134331271,1e-06,"E02000378","Hammersmith and Fulham 007",523603.30505311,179581.244354077
-2.66711562937154,-0.00675020205078503,0.0126521578058863,0.0784493993796587,0.027803309777217,0.0376698249873997,-0.00223372021102994,-0.022830272147994,-0.00755566424982573,-0.00776566973476321,-0.208919487703072,1e-06,"E02000379","Hammersmith and Fulham 008",521848.7087818,179375.031009056
-2.16230174755508,-0.00610824557151492,0.0227695528843537,0.0767699346499719,0.0296468421832601,0.0397446423269277,-0.0322986221944593,-0.0241271729734758,-0.00168920548208787,-0.0188366579800197,-0.269848209999197,1e-06,"E02000380","Hammersmith and Fulham 009",522925.752430196,179201.108560484
-2.71764259148438,-0.00133310469097875,0.0470551089928627,0.0545416190261124,0.0299165082088552,0.0386313794231488,-0.0529266878646158,-0.0269188017104623,-0.00365583829029055,-0.0238330377886845,-0.220970118807408,1e-06,"E02000381","Hammersmith and Fulham 010",523752.177204541,179115.846353439
-2.39006758302143,-0.00876551414079864,0.0183925672785627,0.0807159733748807,0.0304076024773805,0.0419243836225131,-0.0170093882135763,-0.0234041974760363,-0.00568920692784945,-0.0141066247028255,-0.249216853220304,1e-06,"E02000382","Hammersmith and Fulham 011",522331.755235763,178710.94300244
-3.47218291687106,0.0012512679033789,0.0637549447340336,0.0389063903069489,0.0292988756863224,0.0383319989207662,-0.0595522218004033,-0.0270726144368978,-0.00639639149502395,-0.0222536034196889,-0.150349557791159,1e-06,"E02000383","Hammersmith and Fulham 012",524293.51365244,178685.321038369
-2.50877859258961,-0.00706802568239804,0.0381058746030036,0.068256131696008,0.0321997042985682,0.0416857447091446,-0.0402221842121496,-0.0248744803534307,-0.00489136249112099,-0.0209718773162372,-0.24765135630507,1e-06,"E02000384","Hammersmith and Fulham 013",523209.764270333,178529.269975775
-3.60402630195794,-0.00120312905679153,0.0648197838136653,0.0413687874068074,0.0308560476044255,0.040304868131208,-0.0561455307126847,-0.0278291552784678,-0.00755709480346472,-0.0206081035621586,-0.143177451176099,1e-06,"E02000385","Hammersmith and Fulham 014",524236.454009646,178107.53831283
-3.4540228272659,0.00701477476753078,0.0571303678060162,0.0329196021182676,0.0252250694606129,0.0380646938440072,-0.058723993513432,-0.0369527048313345,-0.00452361672537622,-0.0217784075612522,-0.139103941719774,1e-06,"E02000386","Hammersmith and Fulham 015",524815.880146298,178017.480343296
-3.71383222446401,-0.00477751895104612,0.0658348610188332,0.0463855022321549,0.0326090323662755,0.0420853491161473,-0.0490103829826468,-0.0271010507632317,-0.00922503795165541,-0.0185023796913471,-0.140138208224703,1e-06,"E02000387","Hammersmith and Fulham 016",523987.092467243,177749.798100749
-3.43175030098578,0.0129724496719991,0.0496613906358097,0.0281601719940481,0.0208562034601535,0.0384386775021108,-0.053216720822287,-0.0477727365018824,-0.00233627994990107,-0.0188031224395747,-0.131159513404143,1e-06,"E02000388","Hammersmith and Fulham 017",525192.89271643,177560.608870598
-3.88694197375534,-0.0115868212879746,0.0652723820306888,0.0549125845197083,0.0368457222832998,0.0441399406846186,-0.0419797657838001,-0.0240294439812177,-0.0110833291172558,-0.0152001143404107,-0.133334283752537,1e-06,"E02000389","Hammersmith and Fulham 018",523602.296241024,177314.214657432
-3.65525285550367,0.000946704066740632,0.0553847320967322,0.0423407157692904,0.0281296344531478,0.0405370064393704,-0.0493223351303237,-0.0354574585243764,-0.00625476392585383,-0.0156985061578627,-0.128859522671368,1e-06,"E02000390","Hammersmith and Fulham 019",524423.533274798,177267.598675139
-3.31258605464133,0.0224954150280295,0.0383658557136818,0.0223639343248198,0.014203953751166,0.0389568212139027,-0.0425928306904147,-0.0503298030966011,0.00119621814954511,-0.00926819946266291,-0.138681996381645,1e-06,"E02000391","Hammersmith and Fulham 020",525588.165894802,176898.861632598
-3.67045878696752,0.00978057027317793,0.043610796905241,0.0333567061833321,0.0216831274540016,0.0390431170005128,-0.0473065957897528,-0.0434300607870721,-0.0026448942134218,-0.0105788274762335,-0.108217643681855,1e-06,"E02000392","Hammersmith and Fulham 021",524892.647278677,176794.624547636
-3.75083296237398,-0.00258058663845614,0.0496909872405338,0.0487455166515244,0.029942998912475,0.0408828537899478,-0.044668922558025,-0.0331516981731404,-0.00624844819523908,-0.0117077429580692,-0.120531509876424,1e-06,"E02000393","Hammersmith and Fulham 022",524205.688287211,176838.633907178
-3.01618349614834,0.0345125274835489,0.0293028996881876,0.0129196948254523,0.00890378093882058,0.0375163597090267,-0.0323758971647082,-0.0457959622045969,0.00521203353120445,-0.00150171173921117,-0.173468240176385,1e-06,"E02000394","Hammersmith and Fulham 023",526113.898386832,176454.3577707
-4.03974369092916,0.00583703692314161,0.0306058200280212,0.0397382124580233,0.0229535960174093,0.0387083789481297,-0.0408719503362999,-0.0346937870413834,-0.00237064335372453,-0.00347036637240647,-0.0644109608581796,1e-06,"E02000395","Hammersmith and Fulham 024",524485.74765122,176099.900200684
-3.68151004964563,0.0276186373265778,0.0279785020627933,0.0128032539294969,0.00940869676535794,0.0371836309124819,-0.0370464838929704,-0.0401126879202791,0.00249779215965734,0.00227511060593141,-0.09077407849265,1e-06,"E02000396","Hammersmith and Fulham 025",525519.438803029,176000.582021773
-4.5470723023842,-0.00614961849932279,0.0560177973000267,0.0496173895920635,0.016520010143469,0.00617710536589425,0.0110029444955886,-0.00391965779942402,-0.0261352797961913,-0.0134863872329822,0.0256993389153599,0.1736753833917,"E02000397","Haringey 001",530500.156870882,191314.67259528
-2.74966499006538,-0.0121783714224575,0.0603256106639179,0.0851546714590141,0.00892584844160449,0.00931208435097223,-0.00370074717294936,-0.0400174906454079,-0.0763542766894748,-0.0205328185552702,-0.133130113444931,0.103479739120656,"E02000398","Haringey 002",534834.297424736,191281.606863286
-4.7675049576618,-0.00599418117682397,0.0467115016685061,0.0455327893909307,0.014487481486944,0.00619625844741136,0.00587923505239961,0.000625703567855736,-0.00657112494379219,-0.0130619100603224,0.0708656502772922,0.16067353519058,"E02000400","Haringey 004",529599.002955803,191244.459249577
-3.90373701869686,-0.0088675143311752,0.0692587529336737,0.0634122565188528,0.0136566935841971,0.00664478691644799,0.0108733863655318,-0.0190578579733311,-0.0426765263879933,-0.0159337434344217,-0.044572901444676,0.144674526262856,"E02000401","Haringey 005",532330.716795134,191204.796874297
-3.56300459061281,-0.0107579291726288,0.0700630638160794,0.0722141746729887,0.0115483467710885,0.00693223089586509,0.0083264788522421,-0.0261402079013919,-0.0437540260876359,-0.0171190912166626,-0.0722543089114879,0.127637057635062,"E02000402","Haringey 006",533071.313326518,191122.796003545
-4.44646427580066,-0.0060637992444894,0.0640174659833185,0.0507029737844552,0.0157749969626054,0.00553696578051098,0.0134771894293904,-0.0105491563912603,-0.0318378301209272,-0.01504795042494,0.0103309757517905,0.175399026726915,"E02000403","Haringey 007",531121.888815904,191059.837899968
-4.21334322875045,-0.00645726261073333,0.06796356682361,0.0530166279667102,0.0141254473968393,0.00555512937837502,0.0133009593646369,-0.0168529189666525,-0.0313208262886928,-0.0166649475040673,-0.00996924920948461,0.166361914391366,"E02000404","Haringey 008",531705.338135244,190876.291137164
-4.70695282387717,-0.00206504840607629,0.052545186716756,0.0288843822386548,0.0120076786850423,0.0040361830625207,0.00868742190766288,-0.00472985205446754,0.00408561158076492,-0.0161719279581864,0.0735524161202239,0.172508967233675,"E02000405","Haringey 009",529571.757049949,190367.250640115
-4.26465131744018,-0.00512192906235763,0.0695367853904142,0.0475483435144656,0.0127773357071851,0.00424316832025788,0.0153788855509938,-0.0210591703625793,-0.0211594922503625,-0.0193712387338985,0.00263754564991393,0.177541694060962,"E02000406","Haringey 010",531685.566857346,190309.26636725
-3.1748812127966,-0.0114456474968061,0.0664817974553817,0.0749375437430783,0.00948309313544143,0.00621518472322803,0.00874225752532446,-0.0401683719935149,-0.0383194309819423,-0.0232624899196155,-0.0934060900321081,0.143279299196386,"E02000407","Haringey 011",533546.410531384,190231.061552198
-2.94253955551506,-0.012603723581005,0.0655080758922392,0.0819572442340458,0.00864954747049933,0.00690657598248607,0.00574936379961508,-0.0461584721377388,-0.0517021690357042,-0.0238741260708114,-0.114103365021091,0.128093255091415,"E02000408","Haringey 012",534058.044792551,190249.217180941
-3.92046248133364,-0.00847267720023085,0.072827758185983,0.0629153595256021,0.010594614401839,0.00382666068610651,0.0154601241034668,-0.0319100228910379,-0.0238804548514104,-0.0217264494283698,-0.028949152942511,0.165557733057049,"E02000409","Haringey 013",532612.728408351,190100.858201518
-4.72456571895856,-0.00179773690080762,0.0453031660849751,0.0164018401645125,0.00977416357567419,0.00396854032484948,0.000431894018464572,-0.00477741997749304,0.0160657536888283,-0.0159679419400576,0.107728756989002,0.136789699444312,"E02000410","Haringey 014",528618.399992884,190089.326090507
-2.50795936746049,-0.011963237864932,0.0591664678060298,0.0821054043729362,0.00800862359417431,0.00860395729461588,0.000103885342644661,-0.0540652880415653,-0.0728484182583162,-0.0274373236872848,-0.146329831539314,0.121662659239671,"E02000411","Haringey 015",534670.997817325,190040.3438734
-4.49412442238089,-0.00210810091238848,0.0680632882052821,0.0340854057552693,0.0127207612595843,0.00278264392246223,0.0167207154445776,-0.016861682421485,-0.0119848863031719,-0.0200277068359053,0.0308734813420092,0.19272878981675,"E02000412","Haringey 016",531006.415134054,189967.336866023
-4.76533612166089,-0.00554395930614132,0.0357697230604468,0.0103328179107407,0.0104529703924179,0.00558310463469178,-0.00687798569998032,-0.0136539943463858,0.0191111176362849,-0.0168586777660989,0.149824329054647,1e-06,"E02000413","Haringey 017",527904.044075235,189961.164778228
-3.2279529000887,-0.00986534414141348,0.0653785945593173,0.0664178447101314,0.00979920705082645,0.00549793892713473,0.0126926234096867,-0.0400065492053223,-0.0269210067585895,-0.0261872608364454,-0.084616238019356,0.165863216384972,"E02000414","Haringey 018",533161.797474589,189765.015449458
-4.03375458419609,-0.00535529958649689,0.0704525597971088,0.0485546171084409,0.0111167429466081,0.0032038205577022,0.017782842974073,-0.0284021390158051,-0.0153033677597971,-0.0240955344768783,-0.0127772894051569,0.186234197983198,"E02000415","Haringey 019",532099.509710221,189671.608337831
-4.21122289372567,0.00100368307053321,0.0592504920250868,0.0147656275388113,0.0118519983346733,0.00329747957651439,0.0132457015939439,-0.0126658759934046,0.000493904761544733,-0.0225471373587764,0.0235547793448895,0.185216440538216,"E02000416","Haringey 020",530432.547537583,189350.605941855
-4.38359274183628,0.00111793598470914,0.0454448409319713,0.000895908183909345,0.00978798579371242,0.0042947695149148,0.00138371500398455,-0.00561312184858125,0.0191475313259283,-0.0204602378132081,0.0796016668601653,0.136038482018316,"E02000417","Haringey 021",528886.828521517,189166.205020887
-4.22386287985556,0.00183582801197329,0.0506670350598452,0.00487646455670705,0.0110093685906746,0.00432444932646813,0.00803561699414684,-0.0064740514830342,0.0109153760303374,-0.0217798214241893,0.0432164512483231,0.160960000968449,"E02000418","Haringey 022",529682.341535431,189151.544912706
-3.89206754977123,-0.00114857797389439,0.0623301696061847,0.026087360846041,0.0118026387222658,0.00344685290066101,0.0164733492409348,-0.0214567382593162,-0.00779045614358657,-0.0270238186445968,-0.0132968796541523,0.195128255935344,"E02000419","Haringey 023",531406.703816775,189134.311878427
-2.66898373393132,-0.00887971578037407,0.0552439769451282,0.0577661326989655,0.0103737383477034,0.00708071339439116,0.0126497576902021,-0.0429406437625195,-0.0223177302856635,-0.032920293473876,-0.125891399141139,0.183979298737277,"E02000420","Haringey 024",533192.497445094,189162.554304292
-2.16605256267885,-0.0100877654355713,0.0518751637944221,0.0638061663296984,0.00945600687264899,0.00852665288004123,0.00892863131314472,-0.0527015865578708,-0.038982653431302,-0.0349477562085237,-0.168980124213494,0.166466979746734,"E02000421","Haringey 025",533954.095762378,189115.829339634
-2.82175775752964,-0.00604474280251298,0.0537953109549365,0.0448697612446072,0.0109642066683107,0.00623722538341687,0.0147844496121186,-0.0370272677394527,-0.0125743184638798,-0.0349662270344077,-0.108527395841101,0.197962061762094,"E02000422","Haringey 026",532714.155559715,188827.262069337
-3.2075066621869,-0.00276863019724965,0.05454656952754,0.0313568543578133,0.011528040755158,0.00501846011551161,0.0159840496561383,-0.0285300084966921,-0.00796166662959268,-0.0341161511641354,-0.0710592065898742,0.202002489910374,"E02000423","Haringey 027",532113.591848065,188694.259341371
-3.76195994511889,0.00241553670496124,0.0515104453887986,0.00519132177546472,0.0119960156507997,0.00441949864322974,0.0128559731531795,-0.0120143584861063,0.000341104622458031,-0.0290900329390421,-0.00843952613423726,0.18123713633615,"E02000424","Haringey 028",530779.864727142,188605.176471889
-1.6430686721423,-0.00746945357830504,0.0421658984527825,0.0468129034256196,0.0105090682327918,0.0100160528942549,0.00948110367656067,-0.0516940329915491,-0.0252430197569616,-0.0415954724786764,-0.207781136990177,0.181004915315829,"E02000425","Haringey 029",533970.655123792,188449.174850954
-4.79398682269584,-0.00177919319402316,0.0283148440737391,0.0127252492667229,0.0102699626524242,0.00712242187833172,-0.00808717602302312,-0.0162436136617968,0.0122435002556728,-0.029130714896398,0.162245773656809,1e-06,"E02000426","Haringey 030",527845.650342865,188264.529086458
-2.95693564171561,0.00379108457736262,0.0369983340302525,0.000522000224472332,0.0124756315513415,0.00614162721598544,0.0122174016776137,-0.0170386491894748,0.00321479652604879,-0.0409340656039365,-0.0720832021339859,0.182686333977828,"E02000427","Haringey 031",531656.606730381,187882.645843358
-2.26249952558177,-0.0037257162202827,0.0413009203212307,0.0303884443972126,0.0119782983581331,0.00789786178449734,0.0127648344984407,-0.0360330355077999,-0.00590465871230972,-0.0414314175128375,-0.14788485428412,0.199861759078711,"E02000428","Haringey 032",532825.978454767,188208.119168032
-4.18808324089904,0.00324186169126814,0.0408016832590204,-0.00499548701854851,0.00995371506174894,0.00497870328249803,0.00382931342986027,-0.000546030273071006,0.0153322076974588,-0.028882120853084,0.0641176072117599,0.133000168979434,"E02000429","Haringey 033",529471.909791157,188227.867651761
-3.75879821782566,0.00478554492544118,0.0427482724363774,-0.00730103912984354,0.0113817348824906,0.00490930381430378,0.00969669701792484,-0.00452221000407594,0.00690076744045113,-0.032629794029425,0.00814238790970213,0.159356611541563,"E02000430","Haringey 034",530449.305395009,188125.186986536
-4.3534749240439,0.00299593977841848,0.0314700118095648,0.0026687074106467,0.00903354403037758,0.00544909398841923,-0.00230039469649468,-0.00554815125483528,0.015586932552866,-0.0344647793204274,0.102396252353962,0.0908822002853551,"E02000431","Haringey 035",528824.28141061,187668.963130963
-3.22370363040918,0.00597197101038482,0.031993832111189,-0.00842612724699215,0.0120591635986668,0.00616842661949098,0.0103404190376915,-0.00886646139238275,0.00871202996510051,-0.0416777930543823,-0.0362972112934464,0.157830390862857,"E02000432","Haringey 036",531172.675803647,187645.335576483
-5.25236730731996,0.014532228479496,0.00760136105089353,0.030818869643403,0.00664115786491549,-0.00409409961421558,-0.00813082315626244,-0.0188263244423062,-0.0331415023153309,-0.0189108376072394,0.223123794331739,0.07272239454276,"E02000433","Harrow 001",516499.758090908,193256.425505975
-6.00263754463501,0.00927028366618329,0.00991838208664435,0.0478371969103146,0.0101641309796507,-0.00618268597640769,-0.015445979536473,-0.0130779526273516,-0.0213587832403496,-0.0094316681027839,0.277262796274282,0.074329799651334,"E02000434","Harrow 002",518243.318651012,191763.791432769
-5.10379253457733,0.0157616054336058,0.00908474996995232,0.0321139567360238,0.00651087783859459,-0.00411658524000806,-0.00207504415304772,-0.0206972062858667,-0.0446689025166517,-0.0150647513235543,0.195459229086904,1e-06,"E02000435","Harrow 003",516310.692053196,191677.657619681
-4.3658374211175,0.0270083556261392,0.00758910592473673,0.00657036365801686,0.000233287124347411,-0.00248839373740921,0.0116541447078299,-0.0312128613739538,-0.057510162184787,-0.0265590209019921,0.143994311900601,0.0695333786562852,"E02000436","Harrow 004",513676.356494471,192126.332074452
-4.69083970780914,0.0217323326403315,0.00879427568556888,0.0197558839701194,0.00312298595719189,-0.00351698425857917,0.007529951718367,-0.0273875627395228,-0.0580577185011835,-0.0189290982083862,0.163183762024871,1e-06,"E02000437","Harrow 005",515130.351576953,191124.474950577
-4.47917394793667,0.0284382830151726,0.00807230643072242,0.00468503419432748,-0.00109147907550254,-0.00211684195792433,0.0175483429051762,-0.033989332807409,-0.0655517725795619,-0.0250910530071906,0.157059530844303,0.0629431019622705,"E02000438","Harrow 006",513293.203954763,191016.718497511
-6.0755241535967,0.00959703801821624,0.0112087773667585,0.0512845512385998,0.0123939689962083,-0.00854302126186723,-0.0169568658506554,-0.0101137041069659,-0.0122969586239999,-0.00537424673198681,0.266892128768522,0.074829861625061,"E02000439","Harrow 007",519203.464383787,190906.699871458
-5.52276400353412,0.0126849295921273,0.00987878676941438,0.0402396779789775,0.00799431697162633,-0.0049280144317672,-0.00413720304398013,-0.0173008392510501,-0.0392805018016117,-0.0101979588567333,0.229924385092598,1e-06,"E02000440","Harrow 008",517016.402114534,190918.285019826
-4.24722818502241,0.0344730609498658,0.0083607858852645,-0.00554712048801844,-0.00242644311787686,-0.0011329742398709,0.0220578108329818,-0.0398260791953333,-0.0640535363789441,-0.0260690190613731,0.131834169875582,0.0337216603939405,"E02000441","Harrow 009",511344.08898317,190881.821110027
-6.12241956385871,0.00969702254138976,0.0115673225456137,0.0509973956482846,0.0114061208432337,-0.00840050862028984,-0.011349114985193,-0.0109260634524527,-0.014527511853656,-0.00480924079095047,0.27205292382639,0.0834468276981018,"E02000442","Harrow 010",518771.631101692,190375.774315347
-4.8542426099172,0.0219801988266521,0.00896926102993158,0.0192300433419932,0.00217472526416924,-0.00382721876764787,0.0116940616376889,-0.0290439238157336,-0.0617173804825198,-0.0168231316621017,0.18403341548803,1e-06,"E02000443","Harrow 011",515132.854626468,190273.925073765
-5.65312212460825,0.0116236033253488,0.0107058307650674,0.0443429342882601,0.00939532985336282,-0.00620307672537694,-0.00391094744113487,-0.0146157186063267,-0.0321148236285855,-0.00578414946481882,0.231552914960349,1e-06,"E02000444","Harrow 012",517696.896187454,190148.263782605
-5.19822082319531,0.0187553873876173,0.00908302274173815,0.0250473417250001,0.00317645128064107,-0.00437277496350617,0.010706630116803,-0.0264329142233642,-0.058416537872967,-0.0129602625113356,0.218186132357676,1e-06,"E02000445","Harrow 013",515776.24748196,189819.829669607
-4.51446047527854,0.0281217684778106,0.00901642109241366,0.00797694396275409,-0.000526447173100225,-0.00289002309838265,0.0190458270559689,-0.0353687925875856,-0.0711280744610739,-0.0200109358965569,0.153684393690452,1e-06,"E02000447","Harrow 015",513801.316103781,189944.843887815
-4.53773395507371,0.0322583136615341,0.00843524003906693,-0.00248186483387331,-0.00260603785452726,-0.00140737681180415,0.0251963307415309,-0.039351588358468,-0.0690134346200217,-0.0229101542728448,0.16539765302273,0.0414682181324085,"E02000448","Harrow 016",512166.476993778,189626.957710617
-5.66468892550978,0.011188812255328,0.0116126368424341,0.0466260574665995,0.0110775955253232,-0.00773790921391767,-0.00196082081258628,-0.0117491269915672,-0.0222342866759979,-0.00103836488247343,0.21796648973645,1e-06,"E02000449","Harrow 017",518379.409232902,189344.924234565
-4.55254925847676,0.0303715389503634,0.0089505880542442,0.00268387189949625,-0.00168721726587382,-0.00246424580614974,0.024063151721382,-0.0385591258643742,-0.07390241866513,-0.0189382029144547,0.161947449705731,1e-06,"E02000451","Harrow 019",513147.890089262,189164.513785204
-5.14407892998591,0.0216917948321416,0.00918979046802143,0.0193916061755659,0.00122377658238549,-0.00384132293857856,0.0178792378603613,-0.0300703910891779,-0.0721813271890247,-0.0133053000151805,0.217172356228342,1e-06,"E02000452","Harrow 020",515222.542009261,189009.557560489
-4.87918305727455,0.0261418565702324,0.00920722352310316,0.010388973210259,-0.00083326810097245,-0.00339530765621808,0.023096870256327,-0.0355584912923857,-0.0773672305890674,-0.0150941899424157,0.195840658765201,1e-06,"E02000453","Harrow 021",514334.059944707,188652.852761936
-4.7010281650178,0.0325695951166937,0.00846173600117195,-0.00414458930622865,-0.00313266122774605,-0.000904539150049286,0.0294258102260261,-0.0408560258851481,-0.0729385806707052,-0.0198968792526068,0.184324936123976,0.0362103968472592,"E02000454","Harrow 022",512000.086389909,188351.608674801
-5.39242922230744,0.0198579246581407,0.00936896180137433,0.0214878898927309,0.0014193841634892,-0.00448080241935082,0.0204195493778204,-0.0295481605139798,-0.0728002832940614,-0.00872308617456662,0.244336489133982,1e-06,"E02000455","Harrow 023",515741.546777619,188206.058334681
-4.93300163455918,0.0268652720477713,0.00925995009577943,0.00818278803906273,-0.00156226836441979,-0.00310007211675258,0.0265148536939401,-0.0369907280098359,-0.0838626578242362,-0.0137523069586121,0.203909055475713,1e-06,"E02000456","Harrow 024",514156.395703781,187994.224839139
-4.77385872213438,0.0303180938421474,0.0090136618334648,0.00123227798023134,-0.00248680373727077,-0.00207038095899931,0.0292321015669926,-0.0397973571412204,-0.0810446819794572,-0.0152632084107119,0.188482494273166,1e-06,"E02000457","Harrow 025",513147.602356324,187733.8450199
-5.13537309259854,0.0258275533101501,0.0092068545967372,0.00741468669130777,-0.00216231590176757,-0.00308126185224947,0.0289050058009831,-0.0377151908943999,-0.0949048576604853,-0.00974195756104403,0.232286796668077,1e-06,"E02000459","Harrow 027",514318.438286472,186814.071047487
-5.15167968974121,0.0277856854672019,0.0085212484852103,0.000923976892076226,-0.00327451791534777,-0.00130799926192662,0.0312233734336453,-0.0395390861408037,-0.0844998038718239,-0.0138285831185439,0.241217656758667,0.0487246926602525,"E02000460","Harrow 028",513189.84742231,186636.113941684
-5.32035492480762,0.0219140551096012,0.00947425082521799,0.0137786841607183,-0.000693602840227703,-0.00404732938446239,0.0275647872615928,-0.0341082687923776,-0.0948281643753921,-0.00581543562836893,0.247627189496326,1e-06,"E02000461","Harrow 029",515413.894562784,186767.960513704
-5.43757176778091,0.0244981866657982,0.00853798471430983,0.00406135247980588,-0.00330035188871493,-0.00169029286282972,0.0310489702692085,-0.0384473915017384,-0.095121690421821,-0.0100968655897388,0.279078038154636,0.05465116976628,"E02000462","Harrow 030",513804.980693163,185898.545007827
-5.14262394023626,0.0281210739248089,0.00815926604855707,-0.00154033902753383,-0.00365312400772157,-0.000747642098805194,0.0310502399167428,-0.0407909227912013,-0.0836730257720495,-0.011641741551117,0.245184405973873,0.0470735149563217,"E02000463","Harrow 031",512808.983403422,185803.171633452
-6.54602629213633,0.0120729219161926,0.0178486184820287,0.00087164575438573,0.000975175945166753,-0.00722846740801331,0.00403915694535814,-0.0132540301235632,-0.106043750201312,-0.00655543148058793,0.376702507676296,0.00964945846414034,"E02000464","Havering 001",553999.897637653,193423.399401109
-6.3746164838769,0.0120947892976961,0.0193952772847998,-0.0233871356986779,0.00162869720197764,-0.00642810485946786,0.00425905512485119,-0.0111676843451357,-0.101289246972482,-0.00667147769229333,0.356710646427675,0.0142056209954361,"E02000465","Havering 002",555355.562886587,192213.42875951
-6.69707437362772,0.0121564627644031,0.0161254425635562,0.02146254145247,0.000789005858414653,-0.00796760513923874,0.00248712537391953,-0.0182122784846342,-0.103576871593487,-0.00654236613404454,0.397269975139242,0.00852426448823579,"E02000466","Havering 003",551347.361174558,192721.639900596
-6.4727262399998,0.0118050769390053,0.0184899196466305,-0.0149702745552216,0.00172856239399912,-0.00680753744397122,0.00372984342081281,-0.0138010322109911,-0.0983849194556784,-0.00654318317614545,0.370942988432258,0.0132238132812262,"E02000467","Havering 004",553774.410914265,191769.223543847
-6.79147396297981,0.012370441341728,0.0145354441126736,0.0406155537638055,0.000633784902625016,-0.0085139486600892,0.000420041333009778,-0.0231999911451197,-0.101962608301016,-0.006589729061664,0.410868404796131,0.00701722262795953,"E02000468","Havering 005",549403.711597471,192432.977288573
-6.48847315622168,0.0116661695007549,0.0183056529087797,-0.0144907588340013,0.00188942237449724,-0.00688822256783863,0.00353279883852501,-0.0149508706525017,-0.095959323950637,-0.00654364618600534,0.374052570954828,0.0128485682027786,"E02000469","Havering 006",552847.253450566,191207.781806796
-6.17929232684952,0.0125600926211754,0.0204239064256061,-0.0370542624986151,0.00187910705512272,-0.00584102663884462,0.00358733717053658,-0.00950674077868716,-0.0975888959291855,-0.00720975803680496,0.332942258639402,0.0229370202812272,"E02000470","Havering 007",555880.50783144,190490.66614618
-6.55787858000662,0.0114400677609109,0.017633675215929,-0.0086011647240409,0.00198358740745516,-0.00719640203656181,0.0030366328249686,-0.0174308589648154,-0.0933011663140196,-0.00657357482340336,0.38473276598759,0.0112866310213625,"E02000471","Havering 008",551402.86528582,190702.16586498
-6.60101644433511,0.0113214258319921,0.017125629697284,-0.0042074341125507,0.00204734277747336,-0.00743054403570391,0.00256065560124595,-0.0194182185926465,-0.0912866277092696,-0.0066752822163675,0.391818478187199,0.0101536204767617,"E02000472","Havering 009",550417.498298466,190325.901079438
-6.14378721675947,0.0124473990103478,0.0204284047504973,-0.0390244331952707,0.00212192565183149,-0.00582659274482133,0.0031823114920296,-0.0103200125879542,-0.0937827906813411,-0.00727523411762604,0.330052195108682,0.0251671370035333,"E02000473","Havering 010",554656.17177908,189503.11481832
-6.57583572720732,0.0111852405401418,0.0170731613088344,-0.00677263487384282,0.00234511859511936,-0.00746066333887684,0.00229583971719134,-0.0205385828995609,-0.0874288028949264,-0.00682755735610074,0.390746795058639,0.0100734698756127,"E02000474","Havering 011",549769.283926154,189631.159816123
-6.30188347831387,0.0118672462315375,0.0193871980495527,-0.0295420301962159,0.00239434499921503,-0.00639021086733511,0.00343779198253484,-0.0135409225777975,-0.090790689807303,-0.00684731202546093,0.35132101727806,0.0178341150872015,"E02000475","Havering 012",552795.516329224,189688.571376038
-6.30946353895047,0.0115625455963598,0.0191574966600524,-0.0297462430183905,0.00269642155086439,-0.00657031666638694,0.00325439270884184,-0.0154507198775849,-0.08669782985885,-0.00689174786775966,0.354651785370576,0.0161100586151862,"E02000476","Havering 013",551317.876330426,188960.638121918
-6.11391352638297,0.0121362622543232,0.0202304209101291,-0.040323331875787,0.00251889556243234,-0.00593136271852944,0.00256440891798608,-0.0119909508118576,-0.0877172580465711,-0.00731614041505432,0.32931179704126,0.0272289392003242,"E02000477","Havering 014",552964.88511718,188355.822310347
-5.99486528042027,0.0127665745724976,0.0209325290950268,-0.0452279079490934,0.00200317541949179,-0.00548245117797489,0.0019662890555933,-0.0093259711023326,-0.0922684772848599,-0.00778562032943152,0.313318351305214,0.0358964544371523,"E02000478","Havering 015",554760.11621999,188259.723647452
-6.1317625000342,0.0118489254215941,0.0199687093433814,-0.0396743095436048,0.00277008178261484,-0.00611111889442456,0.00247703436456523,-0.0133979042096225,-0.0845233309524786,-0.00726006491193315,0.333347615380236,0.0255853293479639,"E02000479","Havering 016",551967.896539984,187998.338586426
-6.29518664073149,0.011173949296962,0.0187739176884703,-0.0308436620297771,0.00311048393757081,-0.00678501603243602,0.00261126261587468,-0.0178025929893517,-0.0803228333202795,-0.00710660392457402,0.357381851158128,0.0159809281719854,"E02000480","Havering 017",550058.937003196,188021.258376401
-5.74541596299237,0.0144938441523285,0.0216460668459484,-0.0484689434145535,0.000470549755202167,-0.00454064549100462,-0.000993205059047802,-0.00571926211273697,-0.101749480123559,-0.0100280303713877,0.283119675083313,0.0663693685451046,"E02000481","Havering 018",559066.900294497,186853.061034776
-5.85840096170337,0.0135147692143826,0.02137425927845,-0.0482356534677109,0.00137635875967282,-0.0050333708730965,0.000511008089850513,-0.0074341929261972,-0.095741643276788,-0.0086352517027109,0.296897731994048,0.0503938594132207,"E02000482","Havering 019",556493.467193229,187546.250297245
-5.9061973861877,0.012734450518893,0.0209436301151864,-0.047747444695086,0.00215089291787837,-0.00539117207459093,0.000727820653582193,-0.0098883089494852,-0.0877658409131469,-0.00801567360276783,0.305152191022086,0.0445383399949516,"E02000483","Havering 020",553900.594248606,187127.032702818
-5.98434805869674,0.0120939261976534,0.0203333818821328,-0.0450246445631289,0.00274083507856526,-0.00577412497055142,0.000932766305129483,-0.012330053360207,-0.0817458074930979,-0.00768101384884425,0.317060903443806,0.0380062728277133,"E02000484","Havering 021",552366.649847226,186982.385143528
-5.80416505589988,0.0133970966257177,0.0213691678194703,-0.0499567250618652,0.00152374993100573,-0.00501673372796771,-0.000140936475839664,-0.00812082308109968,-0.0922514041388394,-0.00865303426053401,0.292252778605789,0.0555560567352048,"E02000485","Havering 022",555221.599850388,186764.908958567
-5.80046855460858,0.0127481352234745,0.0209812642724378,-0.0502710613131134,0.00219898601832525,-0.00529475487444011,-0.000651616146854433,-0.010297118746322,-0.0839385673641023,-0.00829571631072399,0.295188055608172,0.0551526326610494,"E02000486","Havering 023",553237.478260132,186141.919137566
-5.59953340475642,0.0144655937040351,0.0212760573695526,-0.0482039333059937,0.000874472389652237,-0.00423831224565967,-0.00411517743914165,-0.00768439184903788,-0.0896885481739148,-0.0107864105207997,0.269284055775804,0.0906018249589476,"E02000487","Havering 024",556512.165251812,184739.177539714
-5.6836377547611,0.0131859952942035,0.0211233690632605,-0.0514143028658608,0.00183009929558709,-0.00497807093495173,-0.00230050991419272,-0.00968076661022758,-0.0838414919421893,-0.00894296038290224,0.282288851829622,0.070712383848695,"E02000488","Havering 025",553667.599350985,185379.261036547
-5.6349649930061,0.0126849813042823,0.0209360136924842,-0.0533985882461593,0.00222981719290883,-0.00522378945467806,-0.00294202798352923,-0.0112054953152036,-0.0779032578296916,-0.00869567955493791,0.28043074880219,0.0732814646364877,"E02000489","Havering 026",552342.617535228,184924.104629267
-5.49916148613149,0.0129447937354872,0.0208181308206637,-0.0534696997557649,0.0021165237032054,-0.00490131958598758,-0.005493978155978,-0.0114831712957198,-0.0731478680839103,-0.00945009166332407,0.266521438079661,0.095727983432356,"E02000490","Havering 027",552339.375684849,183986.403463752
-5.27573290369312,0.0124736164390844,0.020277816954632,-0.0546622191255397,0.0027718761343173,-0.00483159176671067,-0.009722952915403,-0.0141030261475043,-0.0566064314804246,-0.0102440625286625,0.247277099337043,0.13146412121151,"E02000491","Havering 028",551092.351730769,182664.617820309
-5.22235848629144,0.014947640126963,0.020459294270201,-0.0472295091319127,0.00145232756198454,-0.0024249908321859,-0.0119127059493984,-0.0116470306346834,-0.0607359844472219,-0.0130729115939532,0.22882102254041,0.1724098235797,"E02000492","Havering 029",553491.071065647,181454.099310567
-5.25377443300742,0.0140640448620573,0.0204467969595815,-0.049235163824667,0.00197012457711342,-0.00344000023684348,-0.0109395171281664,-0.0121647796420945,-0.0605203753376194,-0.0119115628680619,0.236054318350694,0.154272185596043,"E02000493","Havering 030",552723.264285669,182040.426361995
-4.39220445074023,0.0381178885089723,0.0076915797247324,-0.0138070731786874,-0.00294600018047644,0.000544537570436379,0.0261630218469514,-0.043605387577117,-0.0658090933274405,-0.0246783448566505,0.14973926928936,0.0181380822067867,"E02000494","Hillingdon 001",508285.923976125,190862.128250027
-4.31139616427713,0.0372680152583307,0.00806146939053061,-0.0115134376998142,-0.00283040251877759,-0.000113548652266215,0.0250856526882801,-0.0425716631338052,-0.0648847299205993,-0.0252067316224996,0.139554433242067,0.018430606116186,"E02000495","Hillingdon 002",509608.88618061,190710.709175648
-4.60675058870715,0.0388733271142544,0.00726353651385165,-0.0145889876383186,-0.00356990214753108,0.00251914661738216,0.0300795732826533,-0.0447562178173794,-0.0668255063450298,-0.0218914250000184,0.170562916562257,0.0228828287660194,"E02000496","Hillingdon 003",505638.714358784,189946.564452872
-4.51631027869885,0.0358874643249051,0.00808378729368186,-0.00967519752781782,-0.00318580158648316,-2.92035082750304e-05,0.0285020486810709,-0.0426621681225229,-0.0685896831507383,-0.0220028998128704,0.16302375300121,0.0246805411757113,"E02000497","Hillingdon 004",510306.286862473,189146.212453375
-4.62705668002877,0.0373242871517886,0.00749315425798406,-0.0123289349767076,-0.00365877529344558,0.0016703942893838,0.0305929129990574,-0.0441690884215283,-0.0685068744261614,-0.0202212780742376,0.174871778096333,0.0262228664529739,"E02000498","Hillingdon 005",508191.177616528,188537.3241065
-4.68049340690585,0.034047055525259,0.00828734367800585,-0.00692359675060375,-0.00345477742395571,-0.000165018486001352,0.0306873923029782,-0.0420587298454491,-0.0723610042322863,-0.0191639618529678,0.18180091451675,0.0293213840714881,"E02000499","Hillingdon 006",511296.290043071,187917.964722193
-4.64897615264883,0.0361103327242276,0.00767154112347126,-0.0106976553329095,-0.00365020704067596,0.00105869545643622,0.0307218046167191,-0.0436645415759067,-0.069834444595951,-0.0192691524884444,0.178826061795154,0.0287705698803664,"E02000500","Hillingdon 007",509455.490766194,187980.744648465
-4.76891964744361,0.0334163123929933,0.00783158789282405,-0.00749377162304336,-0.00366852209495316,0.000309318893639845,0.0309014664296518,-0.0427952667311467,-0.0730526858202062,-0.0166393674292469,0.196112831770835,0.0371494666154078,"E02000501","Hillingdon 008",510990.960805621,186976.598199035
-4.81640060487271,0.0346350054635179,0.00707380628402813,-0.00906237171400888,-0.00439495049509782,0.00219787052890076,0.0306652083956639,-0.0443330193903929,-0.069083748101786,-0.0141676821171426,0.202499752022579,0.0423837582544822,"E02000502","Hillingdon 009",509130.850781235,185879.495889204
-4.8119807887202,0.0334221956652037,0.00748077295904569,-0.00804034749775188,-0.00401535494740488,0.000982033080939156,0.030729668232404,-0.0433937600354509,-0.0724174275383522,-0.0147867944724134,0.203314430111449,0.0405508523815106,"E02000503","Hillingdon 010",510549.950438025,186205.75408633
-4.80289597192002,0.0353440654192577,0.00690876485688747,-0.00880885319310355,-0.00449540250022338,0.00305981560427644,0.0308518806477979,-0.0450380231706644,-0.0666760377284084,-0.0147407257912745,0.197834373307023,0.0462240588849305,"E02000504","Hillingdon 011",507477.512047564,186180.834954445
-4.83803076314466,0.0347257497131136,0.00677827398482548,-0.00655958423013108,-0.00484958072570673,0.00383246897330324,0.0307334430306922,-0.0457104685897499,-0.0643690680616128,-0.0133305787118968,0.200801054298028,0.0550795611069011,"E02000506","Hillingdon 013",506406.163562692,185594.989330386
-4.92700231766927,0.032101912962484,0.00670954893477291,-0.00405401880338967,-0.00521807002996347,0.00333756007813042,0.0295619744575461,-0.0455791706992111,-0.0657208896000309,-0.00942079436710171,0.218182327176837,0.0660338818857122,"E02000507","Hillingdon 014",508606.346815755,184079.730831417
-4.90276495921471,0.0316366815242653,0.00670750446888213,0.00138335969732483,-0.00564160135964544,0.00489059883955559,0.029383364081463,-0.0474028153302781,-0.0604588723644615,-0.00916550504056876,0.208247454650956,0.0831738818209942,"E02000508","Hillingdon 015",506164.095086113,183536.208909286
-4.88924132607229,0.0313256809705144,0.0067433497466267,0.0037453237304394,-0.0057661563339982,0.00542518512330168,0.0292845981863244,-0.0480942156428628,-0.0588351731817046,-0.00910891497432542,0.203877185879727,0.0901003619994266,"E02000509","Hillingdon 016",505153.206504095,183285.102544321
-4.93688106570676,0.0298083612751145,0.0067214340802985,0.00528928986974259,-0.00593820774276111,0.00500540624834526,0.0282430013180778,-0.0479856274389352,-0.0598141121817068,-0.00720424339181985,0.213767672673707,0.0977328761041472,"E02000510","Hillingdon 017",507076.663595062,182643.11587457
-4.99817146814343,0.0286881831249183,0.00670855222179771,0.00264559986374506,-0.0058030858477483,0.00378855627373429,0.0276015295314286,-0.0467060596562787,-0.064351929105195,-0.00572019252022223,0.229600902919703,0.0925029221003701,"E02000511","Hillingdon 018",509287.784075766,182667.53464598
-4.96424861428443,0.0291761862873329,0.00671401845898884,0.00484445944356367,-0.00593100585617869,0.00456806811591303,0.0278280788418554,-0.0475688813449635,-0.0613138169092832,-0.00641622615707664,0.220335752245314,0.097904965819633,"E02000512","Hillingdon 019",508105.329243321,182553.896469627
-5.08539241957094,0.0257874322227807,0.00683898804739783,0.00296369651178312,-0.00578909882412894,0.00278254541173658,0.0261244279557725,-0.0459113127079014,-0.0705138330584671,-0.00301885658477536,0.249594161126212,0.0978414109345272,"E02000513","Hillingdon 020",511068.260526064,182292.519105086
-5.07660563629887,0.0257452287035048,0.00678424248568704,0.00776264602844435,-0.00621810627860391,0.00388218823533884,0.0254793824656886,-0.0475972993434367,-0.0648096333171597,-0.00288214095061604,0.242685249074416,0.11325930567761,"E02000514","Hillingdon 021",510270.88396857,181741.319512352
-4.94107132953009,0.0284305948490403,0.0067369251329918,0.0123686355476982,-0.0064885438527595,0.00625408595992307,0.0269490025266919,-0.0511375543891873,-0.0546628154946736,-0.00576495869559366,0.209710615381186,0.119742139115636,"E02000515","Hillingdon 022",505575.15074328,181219.46956234
-5.13514389823391,0.0224468323639346,0.0070548142130181,0.00778556371437665,-0.00616834490342373,0.00282435536555761,0.0239697406828371,-0.0465780950510021,-0.0745440073171915,-0.000232593165648447,0.260357806864025,0.119630440564343,"E02000516","Hillingdon 023",511973.004265616,181527.883591136
-5.03327184168355,0.0266536510253118,0.00671220520482703,0.0120939069473431,-0.0065635981277079,0.00519734034470191,0.0255604834957945,-0.0498364770878782,-0.0583274924222984,-0.00373792434077126,0.228837646201432,0.123767404649223,"E02000517","Hillingdon 024",508525.174995592,181222.949466543
-4.98998883626633,0.0271215964316722,0.00670457788308826,0.0145201667555436,-0.00669092428714636,0.00596165545847981,0.0257243296377766,-0.0513008761459988,-0.0551768959569079,-0.0044061255302446,0.218589112684263,0.129025165386436,"E02000518","Hillingdon 025",507056.947982624,180853.832685617
-5.1528143497961,0.0236283865897881,0.00677134360165633,0.013902766615191,-0.00682239670237123,0.00433192061314735,0.0232652836465051,-0.0497044089517034,-0.063164764412062,-0.000865125333779602,0.252738219539017,0.13661306470042,"E02000519","Hillingdon 026",510669.140869914,180841.691605288
-5.12656172426871,0.0239631409818229,0.00667468987722938,0.0200214818613475,-0.00719487149060928,0.00539892426981716,0.0225456197900022,-0.0521658971605499,-0.0567627397945463,-0.00151737992126076,0.241569640295976,0.152620468574468,"E02000520","Hillingdon 027",509517.313339834,180139.069154562
-5.05076400443481,0.0245958298946796,0.00648818252991792,0.0246519237835958,-0.00743387915594272,0.00631528433534331,0.021938106536281,-0.0556137577110464,-0.0513200716684275,-0.00238155719943063,0.226353806776153,0.163393053832719,"E02000521","Hillingdon 028",507633.486246248,179263.455096402
-4.97179757744216,0.0256869331376994,0.00659049164794331,0.0230361066566925,-0.00718770812167854,0.00675530352413107,0.0233426461807662,-0.0552329142371213,-0.0506899559627499,-0.0035741727183113,0.212902077541401,0.155837789982476,"E02000522","Hillingdon 029",506090.449393625,179331.304947965
-5.17340540197436,0.0227101723179693,0.00635548553549055,0.0292569939053486,-0.00793192666195551,0.0057385343802665,0.0192864466425475,-0.0567309283480934,-0.0525697094474066,-0.000878955540687013,0.245685783931249,0.182601747453225,"E02000523","Hillingdon 030",509486.333418242,178940.061220206
-5.00402471619649,0.0233785238794795,0.00534478893888845,0.0421053008933543,-0.00806401327191638,0.00642243133273042,0.0143908939188033,-0.0668693553147102,-0.0437650217951635,-0.00179492205893721,0.21783958960379,0.214891705834513,"E02000524","Hillingdon 031",506657.815408983,176436.272468521
-5.1953681466679,0.0225739484036387,0.0053983991592004,0.0416354422920969,-0.00879767790570581,0.00536686644376525,0.0143170652999729,-0.0653472057747412,-0.0476752522907741,-0.00124211804547808,0.247228683926096,0.22005122097666,"E02000525","Hillingdon 032",509416.505644443,177394.058207476
-2.61979859370139,-0.00838876553266207,0.0112270673837972,0.078839169530309,0.0274678647577432,0.0412567395925373,-0.000893204423344018,-0.0232931226661312,-0.0144605848273008,-0.0080406753430832,-0.211080838941588,1e-06,"E02000526","Hounslow 001",521534.204611565,178509.957458122
-5.35900187808415,0.0213788526944364,0.0058545905510394,0.0424899600143971,-0.00982649550672696,0.00350007100213758,0.0152097751988215,-0.0640821528841344,-0.0632551961291154,-0.00197756433496879,0.272855102240894,0.252050442711389,"E02000529","Hounslow 004",512845.725820314,177948.217056199
-5.26957046981105,0.0215489703731194,0.00597017066913447,0.0388089921430455,-0.00902732969491603,0.00486160345778287,0.015755323801558,-0.0617667110973165,-0.0544022643907039,-0.000748240957818484,0.259286744163086,0.22472316839032,"E02000530","Hounslow 005",511214.269781108,178049.601049221
-4.73818505186227,0.0101106928356166,0.00785500015753987,0.0491392789011401,-0.00591245969151181,0.00415080968428385,0.012443087482128,-0.0564997874607729,-0.143259744868078,-0.00683296275440872,0.203731792066891,0.39934934173954,"E02000531","Hounslow 006",517132.706905277,177597.416590414
-2.46283228300153,-0.0101128525661211,0.00425492612850555,0.0778127203963595,0.0241869881094646,0.0426992071922073,0.000557464751513542,-0.0209560246563722,-0.0391127498619726,-0.00706369550060673,-0.205460295820191,1e-06,"E02000532","Hounslow 007",520906.409982565,177276.869592157
-3.05583241698565,-0.0109151139557228,0.0104204086048755,0.0640630342038254,0.00984741852204421,0.0244524769009753,0.00604092411125776,-0.0357821984296767,-0.110262705885707,-0.00932931328965766,-0.0495499209661651,0.686892860789065,"E02000533","Hounslow 008",519882.988047161,177484.264734929
-5.45273264500958,0.0163318305999773,0.00712943583856991,0.0476074656664089,-0.00962693569232297,0.00116248267940088,0.0144024047859878,-0.0606550079194915,-0.10022887087599,-0.00369585061588185,0.2895736073724,0.298191550062936,"E02000534","Hounslow 009",515222.611906535,177899.105792702
-5.28557853479004,0.0228966801245619,0.00505424994222338,0.0485444326317387,-0.0099485775243673,0.0032295807088565,0.0122432899511675,-0.0692917596756755,-0.0536720109087867,-0.00271734608213013,0.259963144192146,0.262494899053921,"E02000535","Hounslow 010",511867.402999061,177035.534135591
-5.37755058192256,0.0240143824957329,0.0043922331667231,0.0547394236360844,-0.0107653556534302,0.00065437261929913,0.0104543720434586,-0.0748107032228937,-0.0588214164972867,-0.00521015437245674,0.272981733006517,0.291382206823,"E02000536","Hounslow 011",513069.088905046,176716.393562344
-5.44714321208076,0.0222006893726675,0.00500997426652802,0.0551355954492054,-0.0108937643362584,-0.000477815695616835,0.0112209097420082,-0.0731609790179506,-0.0721788092841944,-0.00623168804468003,0.284436533910611,0.307227947369303,"E02000537","Hounslow 012",514254.965386231,176992.753726032
-5.22184347475553,0.0241693398920914,0.00403172939925363,0.0540669713901122,-0.00986858272019908,0.00285336735432396,0.00940760380261078,-0.0751049929773521,-0.047283152817294,-0.00322307191663183,0.250848958939059,0.266526405809121,"E02000538","Hounslow 013",510808.569842311,176160.304152486
-5.11450520589472,0.020084225144082,0.00395957467230027,0.0654977142017877,-0.0101143433145317,-0.00434729103899468,0.00605197014503144,-0.0824076558294187,-0.0994863861886944,-0.0123957541078102,0.254059920015261,0.379075658314406,"E02000539","Hounslow 014",516079.071866988,176209.283796793
-5.33088044066364,0.0238807719520499,0.00323376786920113,0.0669264795131056,-0.0114718923341177,-0.00492518118324146,0.00622313344812951,-0.0865813164162944,-0.0726568524248131,-0.0101671563411046,0.276204371845273,0.339554650082436,"E02000540","Hounslow 015",514759.641103255,175988.637280252
-5.29578793516574,0.0260444373522764,0.0029401385498327,0.0604470906405404,-0.0106148008399493,0.000223041402924207,0.00744476232749098,-0.0822184619799612,-0.0490007824838099,-0.00564956476732415,0.2620889706545,0.287878066841487,"E02000541","Hounslow 016",511828.236250157,175852.3889719
-5.33570827504062,0.0263294333950497,0.00258794398949163,0.064353494643414,-0.0110889874407411,-0.00210531890076337,0.00596940275043855,-0.0856762286108041,-0.0528771301711086,-0.00725377660264333,0.269946749095898,0.307321121708761,"E02000542","Hounslow 017",512848.103805083,175717.589713315
-5.27958946869501,0.0257769915150636,0.0019300436686552,0.0708784381147659,-0.0113186278997887,-0.00507475845390216,0.0029261634861631,-0.0913603125308425,-0.056522970878354,-0.0088994942586594,0.269015362621184,0.330503120181361,"E02000543","Hounslow 018",513701.579603761,175290.069234053
-5.18215754040223,0.0249471519496399,0.00096025387776206,0.0786787822446279,-0.0115921046595629,-0.00900065972942084,0.000506481495183631,-0.0985736534615041,-0.0659048622490881,-0.0119233585058334,0.266111678669831,0.351751590571764,"E02000544","Hounslow 019",514786.666531319,175037.275899062
-4.83131465368285,0.0207963874759541,0.00186941207026024,0.0773287429209849,-0.0101924176819296,-0.0083886501072524,-0.00112229005013109,-0.0920340119852374,-0.0852767481721916,-0.013038813334942,0.226447891287718,0.399021424471669,"E02000545","Hounslow 020",516050.566887169,175091.854999792
-5.20820310356931,0.0258870132793074,0.00103072854998144,0.0728363667039234,-0.0102590281806362,-0.00357238628829382,2.70991034935177e-05,-0.0909622610900641,-0.0452751495992577,-0.00685335521045399,0.257767499150315,0.321375220456747,"E02000546","Hounslow 021",512289.305084946,174517.461371054
-5.1279132354898,0.0246037865351995,0.00225652242622912,0.0643899919058445,-0.00924356824377778,0.00129751851546079,0.00320519100823062,-0.0828293842421952,-0.0409008448422788,-0.00374658037674182,0.240846247778104,0.288099202249817,"E02000547","Hounslow 022",510016.62608538,174591.817809294
-5.03937247850482,0.0218488585852254,0.00225621347222982,0.0650673988749193,-0.00758368036091677,0.00276983074319382,-7.07668390704466e-05,-0.0793368690357668,-0.0356332459345425,-0.00120499024464343,0.228650435958617,0.293379247983821,"E02000548","Hounslow 023",508291.191780513,173289.554443471
-5.1247747011168,0.0242311842703488,-1.0661213073827e-05,0.0777768498641194,-0.00874796041300767,-0.00316993340726004,-0.00443701633316378,-0.0907589121724394,-0.0380183530708624,-0.0049979153193793,0.247852456974485,0.328519191373717,"E02000549","Hounslow 024",511279.641591635,173404.728943616
-5.09089955341808,0.0230019110600649,0.000445252637777719,0.0747247975080105,-0.00783349046043713,-0.000862991999783097,-0.00431162527400091,-0.0865292745152056,-0.0349461136836189,-0.00305455277915063,0.239985335207906,0.32179004696219,"E02000550","Hounslow 025",510024.077355819,172961.48972426
-5.06200759203103,0.02058367020243,-0.00118323633241086,0.0874817078504529,-0.00724432531853043,-0.00564604725862675,-0.0107472490853675,-0.0899916264626281,-0.0342895852549476,-0.00338922289585931,0.244422726873033,0.362212349728464,"E02000551","Hounslow 026",512061.794049676,172333.619056717
-5.0826116670292,0.0211981735414125,0.000176278425582479,0.0763356152722554,-0.0066117208921708,-0.000430261816523425,-0.00689540507468914,-0.0842893685915065,-0.0311835799437044,-0.00141828174739639,0.23782183314427,0.33303931294931,"E02000552","Hounslow 027",509414.298129043,172069.409393677
-5.08068283294632,0.0176975054888631,-0.00124186932054009,0.0878173332406144,-0.0051291391793121,-0.0043455235467435,-0.0134744552272178,-0.0838760195129792,-0.0280865921898786,-0.000418720567271305,0.241654489644914,0.378042265333816,"E02000553","Hounslow 028",511424.834272172,171259.754877501
-3.89951820748393,0.00571590368597545,0.0298479775226748,-0.00539620735229268,0.00993438310923001,0.00561492741946162,0.00644564625293546,0.00111705364740225,0.0133630073597567,-0.0413014493928903,0.0438377661321755,0.119215043020283,"E02000554","Islington 001",530219.274859478,187432.968803511
-4.22766881524809,0.00527465386714852,0.0268966089720098,0.000756798778683577,0.00869776437501428,0.0057314351027386,0.00283820254247754,0.00274631758243644,0.0140412090935781,-0.0427233893710864,0.0868252974781456,0.0906985091165109,"E02000555","Islington 002",529622.526666528,187203.707984133
-3.77478614491355,0.00922497057800243,0.0215713196942894,-0.0104323047594671,0.00892145229997796,0.0050930658073919,0.00663060353913237,0.00239499990372598,0.0164939347446565,-0.0505083522626603,0.0426770346771244,0.10190764109005,"E02000556","Islington 003",530560.927845706,186921.097502358
-4.34628890783514,0.00740379514325337,0.0196226261759682,0.00751527150184637,0.00794931589812456,0.00579878285315627,-0.000292229351726179,-0.00113278972266035,0.013381924499008,-0.0489693316879279,0.109319942261008,0.0562287879546345,"E02000557","Islington 004",529277.059443033,186619.906494818
-3.59946177075488,0.0129825076492056,0.0157975466910082,-0.0175802565879118,0.00803264377419168,0.00450108576551417,0.0065441645927907,0.00212829121776904,0.0194449608186271,-0.0555597983034969,0.0322212364612278,0.0935200380081485,"E02000558","Islington 005",531010.702794244,186444.711968979
-3.08774937113102,0.0144737673785282,0.0139023000062615,-0.0267535467251247,0.00868537764163765,0.00514731544670506,0.00609946118554775,-0.00386099257342792,0.0213830803907783,-0.0520515132613384,-0.0195780106325005,0.111799364995256,"E02000559","Islington 006",531655.0923838,186233.629396086
-3.95813997846708,0.0130899714095226,0.0137775145061386,-0.00629515110215722,0.00658517965977101,0.0040363200468967,0.00443012941933212,0.00567521816204771,0.0186052644272704,-0.0587407179936424,0.0722912911716061,0.0703827814953602,"E02000560","Islington 007",530590.183610447,186133.29332172
-4.20232012976453,0.0117157291413641,0.013577910167107,0.00586917307529087,0.00665897920945104,0.00463821752240725,0.000108418739610285,0.00179632940191359,0.0152619688628216,-0.0575065693410464,0.0992009987807514,0.0484374003831942,"E02000561","Islington 008",529696.451915532,186040.21211324
-2.83521964482055,0.0165786602356972,0.0104194609976313,-0.0276139449469485,0.00767296772613231,0.00549476739145039,0.00382551958989286,-0.00467093621809965,0.0236490645297918,-0.0471748844791943,-0.0450578964093091,0.116693174800601,"E02000562","Islington 009",532085.77054044,185658.901037178
-4.0849094229831,0.0161674708888024,0.00910318513617572,0.00306887526617514,0.00519665358527217,0.00402776020810051,-0.00111887602714984,0.00849401203723349,0.0168334342854512,-0.0616350540570941,0.0892946576529218,0.0383848960556733,"E02000563","Islington 010",529990.132428352,185509.536445952
-3.82431253433898,0.0169887791126814,0.00973169384374344,-0.00585122529081206,0.00471514113941427,0.00368258705803419,0.00146978705210079,0.0095014759030845,0.0201191577082947,-0.0568077748545208,0.0588810503353265,0.0642027865113754,"E02000564","Islington 011",530893.650161988,185448.08104865
-2.20256365858038,0.0170878343229563,0.00846453023067573,-0.030229374317674,0.00838653488758327,0.00745046090801186,0.00357870237747039,-0.00998154736472406,0.0241412725978148,-0.037953420867306,-0.116510238969436,0.145094992810582,"E02000565","Islington 012",532880.179621729,185214.601962157
-3.45487286012505,0.0198487335370562,0.00764156217517975,-0.011960388060372,0.00390833046789568,0.0042437913787515,0.00015405362101507,0.0113596150057368,0.0233528184526473,-0.0489805459512461,0.0162184706716692,0.0777352488009705,"E02000566","Islington 013",531493.604696082,185063.193146934
-2.58148859306219,0.020539881455583,0.00651520054980289,-0.0220797907184583,0.00567515341733654,0.00553488319837476,0.000838125493068192,-0.0017559595720101,0.025512434265862,-0.0364666453586086,-0.0808671979592097,0.127669447892938,"E02000567","Islington 014",532641.043875473,184692.309407622
-3.75927424722577,0.0217555505431806,0.00576023761823846,0.00176646881081564,0.0032216593874709,0.00339601343262779,-0.00556148006232463,0.0156841959140225,0.0180122558724859,-0.0553208358857944,0.050067837906217,0.0433026282059723,"E02000568","Islington 015",530448.531077361,184601.44946436
-3.14638078640187,0.0232827453980865,0.0053668610853831,-0.0131646803576969,0.0026580731551709,0.00422085909529919,-0.00280847669213646,0.0127132033498275,0.0252640589592078,-0.0405054163092326,-0.0218064175733683,0.0899150626486924,"E02000569","Islington 016",531999.318108382,184443.190492744
-3.51909729561265,0.0251752062325927,0.00436090960278303,-0.00181888734606619,0.00113789364004488,0.0033877095666088,-0.0071815807682331,0.0218328275407753,0.021022940546933,-0.046710683195924,0.0181306366215678,0.0583969592609893,"E02000570","Islington 017",531157.08432179,184114.719669152
-3.08739199113008,0.0261414419176432,0.00407431869160307,-0.0104307512260374,0.00148408860850141,0.0028845702966683,-0.00445759269775499,0.0116722354753478,0.0255196728449078,-0.035909216250355,-0.0333136428973161,0.0997808517506382,"E02000571","Islington 018",532308.093126486,183833.818259048
-3.40505864210937,0.0278847560723229,0.0031230221092967,0.00166883255058397,0.00225807805411241,0.00306676829298362,-0.0101185370530404,0.0211817251459019,0.0188642905093351,-0.0476154475258471,0.00132076710350595,0.0495176330207273,"E02000572","Islington 019",530695.827779251,183608.291819044
-3.30451923553388,0.0289160543941698,0.00321187178123852,-0.00279492145461206,6.53220330241248e-05,0.00237875194408899,-0.00850739433820342,0.022074469320406,0.0227304338669533,-0.0397740735448277,-0.0130749704294636,0.073490701595635,"E02000573","Islington 020",531666.396585099,183446.531117076
-3.21911913426995,0.030499825564117,0.00305414378751747,0.00307846702048228,0.00253922661059358,0.00265827776021913,-0.00904114271395749,0.0193407781800057,0.0195201699941363,-0.042780311392567,-0.0309239914758114,0.0644186985204827,"E02000574","Islington 021",530953.301339549,183055.830477646
-3.0391638891025,0.033688699922428,0.00346466463143199,0.00522699575446252,0.0023873736960735,0.000952278710797183,-0.00454475459143389,0.011416121665783,0.0224044625315981,-0.0350474249396761,-0.0683721848434438,0.0929980745880648,"E02000575","Islington 022",531606.876658343,182382.047369711
-3.19700180419964,0.0312248993429297,0.00411913270348182,0.00505625136956439,0.00182607653297068,-0.00104017488364421,-0.000520936031656092,0.00137696634471233,0.0251901627602216,-0.0298131404665324,-0.0498321621732266,0.121621815388012,"E02000576","Islington 023",532460.634316692,182359.993167537
-3.17436643008768,0.0077738323071869,0.0293045367655161,0.0364105665081609,0.0286754350933156,0.0262796478196743,-0.0288320358039985,-0.0293792845449069,0.0059603619645814,-0.0339373209761828,-0.138074997445161,0.335437817818669,"E02000577","Kensington and Chelsea 001",523991.755515497,182186.41807209
-3.07216918227207,0.00371472335217377,0.0262983329712558,0.0467775507114314,0.0287521741145736,0.027875841180161,-0.0224055297533763,-0.0274642103140302,0.00165009862567709,-0.0318204396375367,-0.152022859398362,0.380985549676957,"E02000578","Kensington and Chelsea 002",523620.902326073,181919.684255478
-3.12350780764578,0.000714215074189146,0.0330835299321961,0.0486117932873184,0.0314766228447736,0.0329221082287112,-0.0272388172438486,-0.0271255684086134,-0.000739610163260012,-0.0329406767871736,-0.162824518393181,0.412494535329309,"E02000579","Kensington and Chelsea 003",523659.908775547,181379.551791817
-3.77898312500682,0.00664646862066262,0.0545488451582536,0.0232064696474153,0.0335700877140741,0.0330714328177707,-0.0490438582149664,-0.0288844227790348,0.00446814119006378,-0.0367176790275466,-0.107837841883625,0.324426516432566,"E02000580","Kensington and Chelsea 004",524598.903343499,181343.664105964
-3.62516001309381,-0.000741241735036335,0.0530089136321787,0.0376402170779947,0.0353154640617562,0.0369377553572011,-0.0402077571947344,-0.0266300964892346,-0.00328375206558255,-0.0333470416254954,-0.133075333208825,0.415513954068198,"E02000581","Kensington and Chelsea 005",523998.04060888,180756.796714821
-4.17907073202157,0.00710218674831098,0.0628298350303933,0.0168931548609434,0.032940806904913,0.0345524516224778,-0.0561087654953333,-0.0274568069794686,0.00174928389099023,-0.035711101690182,-0.0709890366777617,0.328712963371128,"E02000582","Kensington and Chelsea 006",525058.199613977,180708.251916202
-4.07933529047873,0.000498861296732213,0.0647969711805033,0.0274069977630405,0.0361365085501203,0.0374017785882738,-0.0488215896500794,-0.0259366199399072,-0.00318016844684963,-0.0328261206398521,-0.0943262568594742,0.387441077523559,"E02000583","Kensington and Chelsea 007",524367.92790459,180532.239887172
-4.37739945678662,0.00884235133686687,0.0585318100826321,0.0175169387076426,0.0296938732799876,0.0348434118621645,-0.0501329228099553,-0.0283184664233227,-0.000200292830627975,-0.0345388060790143,-0.0448193417783026,0.381932143350722,"E02000584","Kensington and Chelsea 008",525459.232118843,180069.051612414
-3.23387242593664,0.00584056795207709,0.0573957702444838,0.0352307341181368,0.0261544833104063,0.0343572951469613,-0.0648625319297597,-0.0285893978212685,-0.00262125958739571,-0.0248968376482119,-0.158131673490331,1e-06,"E02000585","Kensington and Chelsea 009",524511.537947175,179635.869008659
-2.87784842215993,0.0209990217715079,0.0428608141072477,0.0208131005923174,0.0158232904255671,0.0275909134147629,-0.0608636134000419,-0.0434826287126411,0.0038812870777889,-0.0339924131485444,-0.161667203465614,1e-06,"E02000586","Kensington and Chelsea 010",526050.429881814,179353.512726121
-3.09398058161565,0.0126591478690548,0.0518951052789098,0.0272339475762611,0.0215436468864686,0.0322105791034407,-0.0668724981738328,-0.0337571394102472,-0.000201220844043336,-0.0281416293521397,-0.157578790278602,1e-06,"E02000587","Kensington and Chelsea 011",525231.268292094,179214.744322038
-3.482322581377,0.0340944467873842,0.0203301508253326,0.0274711948126941,0.0198279404500171,0.0292689412598834,0.0019607920107787,-0.0577669966868364,0.0155673327898075,-0.0125671791879794,-0.150819573129228,0.469783768800314,"E02000588","Kensington and Chelsea 012",527639.843541129,179109.720000154
-2.97160127853637,0.0189802671549474,0.0455691239567673,0.0222127511006337,0.0177622241535195,0.0307053199005657,-0.0616438787518521,-0.04472964672012,0.00214440250286835,-0.0298254322437834,-0.160536865376407,1e-06,"E02000589","Kensington and Chelsea 013",525782.252572116,178843.529286003
-2.21428228260985,0.0368607985377308,0.0231139703077956,0.0214783531597051,0.0118974285436422,0.0254923781213062,-0.030371420044928,-0.067976241306193,0.0147141295398126,-0.0150386142008173,-0.245180580837186,1e-06,"E02000590","Kensington and Chelsea 014",527202.190460546,178741.950972395
-3.22374703283111,0.0106735116084747,0.0547789834302831,0.0282762827379725,0.0232989741459682,0.0346316313578033,-0.0658333487830069,-0.0352900050506969,-0.00211761987889174,-0.0264890194993414,-0.151758561911093,1e-06,"E02000591","Kensington and Chelsea 015",525091.75847442,178662.487842051
-2.65338146269458,0.0278482078893923,0.0339110263597415,0.0216423526907332,0.0133024982426665,0.028647512524787,-0.0451397238434231,-0.0582998319969942,0.00776010109727457,-0.0227697112064325,-0.192092988247927,1e-06,"E02000592","Kensington and Chelsea 016",526492.066896221,178690.135030217
-3.06845921796548,0.0194831836001086,0.0440583323660732,0.0238167379554985,0.0174258565708205,0.0339994338665595,-0.054052626850176,-0.0501340055385852,0.0014422844381822,-0.0228116077877958,-0.157119616582021,1e-06,"E02000593","Kensington and Chelsea 017",525693.872804038,178184.043473644
-1.53577856561167,0.0501840059767998,0.00932117363864143,0.0179657293996427,0.0121652342118824,0.0226472771059607,-0.014005276523787,-0.0681557618486751,0.0219518236127083,-0.0103071645378949,-0.333071639611094,1e-06,"E02000594","Kensington and Chelsea 018",527833.89435822,178089.069729427
-2.12247691925578,0.0380762303383287,0.0223583003998186,0.021004420299117,0.0117675539263369,0.0304236149417248,-0.0306246857835863,-0.0619281426830136,0.0133352294078557,-0.0114889036295361,-0.263826954252793,1e-06,"E02000595","Kensington and Chelsea 019",526961.665540226,177987.885261681
-2.75591366083716,0.0273778822513698,0.0349614160224146,0.0218347895820145,0.0137128278079757,0.0343926820678748,-0.0439054808019472,-0.0569083254749455,0.00566688722153972,-0.0166490435173244,-0.191263944568604,1e-06,"E02000596","Kensington and Chelsea 020",526190.577238766,177884.85907205
-2.57007851089286,0.0331525674563583,0.0293827421897936,0.0200241831257292,0.0115360996775469,0.0364499804067623,-0.03562215557319,-0.0551402037810623,0.00749509417375203,-0.00973434568538631,-0.21933310684516,1e-06,"E02000597","Kensington and Chelsea 021",526382.930870441,177326.876255638
-2.71508881894834,-0.00040190722524395,-0.00194463157870731,0.0438308005744363,0.00598853345245081,0.0142865284309292,-0.0220377762372957,-0.0188135109270138,0.00143890329664782,-0.00338655104450896,-0.0819092353483708,0.277577102527348,"E02000598","Kingston upon Thames 001",518227.32491332,171043.138061405
-3.05393363386336,-0.00146918615456348,0.0210605645895646,-0.0394976285668132,0.00874525021578231,0.0220002057244645,-0.0196779199731287,0.0156856644948869,0.0227521717393146,-0.00278962784635056,-0.0927573956452298,0.122628206878176,"E02000599","Kingston upon Thames 002",520915.357886725,170596.966546483
-2.60207711297187,-0.00631276556983053,0.00730167968108742,-0.0164219213927009,0.0107295902371876,0.0218295700428201,-0.0205941281956347,0.0112892901738279,0.0285144749477694,-0.00260124729548919,-0.123965805531408,0.138617216641207,"E02000600","Kingston upon Thames 003",519471.618521839,170152.988288586
-2.68862576767217,-0.0059864760168371,0.00190874848011922,0.00833091651636642,0.0100621604036475,0.0191194404212503,-0.0204343091454732,-0.000296737361398321,0.0212501635890748,-0.00361537599740734,-0.101025813098457,0.184293916399266,"E02000601","Kingston upon Thames 004",518373.448407341,170045.540879004
-2.83400514051746,-0.00910783213446367,0.0077846691692483,-0.0264857421272398,0.0132528260675107,0.0219040385569638,-0.018333560414167,0.0151941359597989,0.0317327933333453,-0.00363908030316858,-0.100523573109182,0.11496795172462,"E02000602","Kingston upon Thames 005",518868.577761464,169099.231903731
-3.20036002133558,-0.00552743177242349,0.0141711224117766,-0.0378522723385929,0.0133828699952441,0.0225288437118723,-0.0162391994739107,0.0202796141023315,0.0298854699937721,-0.00376184340600405,-0.076987063678947,0.1030204272047,"E02000603","Kingston upon Thames 006",519964.179459295,168874.32470468
-4.32377184997973,0.00133017327180743,0.0269801150460928,-0.0365309279540098,0.0108838959534442,0.0229395938510195,-0.0116554097697269,0.0203441366098775,0.00501341507985931,-0.00470580718267077,0.0190107415815222,0.0676952651930764,"E02000604","Kingston upon Thames 007",521583.509929801,168629.405713725
-3.77936472440389,-0.00275397919184152,0.0208209929648136,-0.0417020730380201,0.0133815062350915,0.0223481250411674,-0.0129673509540581,0.0209595147189643,0.0227165117738929,-0.0037162437120114,-0.0283742101270032,0.0894299797271826,"E02000605","Kingston upon Thames 008",520664.530382181,168322.791445934
-3.02577138250188,-0.0116244397877371,0.00640559876991212,-0.0204350956205596,0.0143536463415154,0.0210289114602005,-0.0172445220616423,0.0122500093928622,0.0282943346867088,-0.00403594505026521,-0.0753932402086354,0.125973362680437,"E02000606","Kingston upon Thames 009",518109.628574234,168509.674781474
-3.30633485061852,-0.00935286550466981,0.0116551626485922,-0.0366285583783267,0.0154942937354962,0.0221132755644831,-0.014897361699664,0.0204788627095801,0.0306583178497306,-0.00297063458684628,-0.0619246192085835,0.100042028437594,"E02000607","Kingston upon Thames 010",519194.90619953,168007.090986089
-3.3622002525942,-0.0142363750727868,0.0081808243757084,-0.0284061438493325,0.0165858347734505,0.0211813698721555,-0.0149100879561731,0.0159483808291207,0.0278868380709567,-0.00335346698400309,-0.0440670784395575,0.112241643576255,"E02000608","Kingston upon Thames 011",517878.630714257,167394.02491824
-4.51134841717372,-0.00252575062548995,0.0244149723028912,-0.0352334461853715,0.0149168449179575,0.0219380159186321,-0.00776585657333198,0.0220979304064918,0.00243392475949429,-7.13073101595178e-05,0.0360426339596945,0.0641040201145974,"E02000609","Kingston upon Thames 012",521112.484573428,167118.653389424
-3.5534972520066,-0.013683512157213,0.0103522290326599,-0.0363888997957478,0.0176067852277519,0.0215616684657858,-0.0133495614662763,0.0201681561442223,0.029115256080358,-0.00213952058951918,-0.0314204868440218,0.0975943250204377,"E02000610","Kingston upon Thames 013",518281.784789587,166826.136122876
-3.9098975903596,-0.00781479707066669,0.0169170925009468,-0.0403994251194814,0.0169122943617416,0.0217675397251986,-0.0107237378859066,0.022474639250197,0.0240051169908041,-0.000923198000804981,-0.0117131144826912,0.0886194824768538,"E02000611","Kingston upon Thames 014",519788.938366425,166900.945925176
-5.1654542589689,-0.000211062317329937,0.0260551566674201,-0.0205708431972494,0.0144919468254454,0.0225230897677592,-0.00463401171080639,0.0244710480795886,-0.0273976364618876,0.00358360624549518,0.092551790697702,0.0392954668585459,"E02000612","Kingston upon Thames 015",521886.187038532,166779.666037882
-3.82462493546401,-0.0136343414650337,0.0123293069576102,-0.0391113354581671,0.0187753557781152,0.0214164617567475,-0.0113886718778135,0.0218823776970986,0.0277186697914365,-0.000513494058494366,-0.00912388639643093,0.0920747013621107,"E02000613","Kingston upon Thames 016",518433.369947604,166023.465406164
-4.42166709036965,-0.0083349396277355,0.0200122061528827,-0.0412323373058341,0.0188988190921362,0.021263567489758,-0.00662242178395571,0.0237818189028045,0.0133639216504343,0.00252475298361234,0.0330084543587929,0.0757252769704565,"E02000614","Kingston upon Thames 017",519842.679730377,165512.396877125
-4.10418014542454,-0.0148726397474888,0.0131831200378633,-0.0399823094082944,0.0201746154373036,0.0211027913159094,-0.00962856018923451,0.0225690724594696,0.0241416101851438,0.0013123901882292,0.0178139747815708,0.0877547724508356,"E02000615","Kingston upon Thames 018",518166.797439034,164892.812122191
-4.5483775561073,-0.0113511014548271,0.0179159814442629,-0.0430246841530226,0.0207853960293099,0.020914090308266,-0.00574564043818272,0.0246871452173426,0.0138791368458689,0.00471806086906641,0.050222547433477,0.0763441532851326,"E02000616","Kingston upon Thames 019",518897.996013069,163921.60848954
-4.61938889916879,-0.0152024440957857,0.014580331571001,-0.0426161663975251,0.0218051348355725,0.0207231171295846,-0.00662247416746025,0.0241936752515019,0.0162566625945403,0.00541221239231673,0.0679664993680549,0.0813994427506629,"E02000617","Kingston upon Thames 020",517480.774518049,162284.733180737
-2.88363635296488,0.0487381884545095,0.004551742991594,0.0399103592119385,0.0185501594736415,0.00347375780880893,0.0384240632028347,-0.0400279659300821,0.0363738125487005,-0.00114754694098832,-0.239526936890774,0.24204816171029,"E02000619","Lambeth 002",531171.276301548,178756.165935153
-3.06490801871993,0.0506019565425397,0.00370827264318588,0.0387292781280729,0.0180919242386125,0.00475984032779209,0.0389461366502675,-0.0383165004848339,0.0333264313437578,0.00124451150543751,-0.225301422875968,0.271398973840583,"E02000620","Lambeth 003",530944.624003881,178266.638039614
-3.40141888056554,0.0530824046627326,0.0022026683386975,0.0321646565526969,0.0160101719853866,0.00810446164840604,0.035189734370973,-0.0346273694534417,0.024719747230296,0.00243921824251148,-0.185415855263661,0.317135183840811,"E02000621","Lambeth 004",530409.375628669,177531.957141324
-4.09325170471487,0.0490075239694439,0.00199406065834342,0.0427886056102825,0.0143142236408724,0.00284589897935375,0.036126108535911,-0.0309002094523049,0.0200091055309538,0.00257957193759827,-0.100211565152524,0.291423180459117,"E02000622","Lambeth 005",531361.039419251,177378.7118855
-3.96423859911155,0.0533472349652147,0.000817879699498901,0.0288649879548531,0.0132363593964297,0.00837069139466409,0.0314391392490734,-0.0301411172242796,0.0146780896629951,0.00279970085744981,-0.11287771095241,0.332319811389848,"E02000623","Lambeth 006",530284.69647588,176958.509690528
-4.65022231992701,0.0489005646196399,-0.000440589145864072,0.040405267961454,0.0115239527462478,0.00322147846910218,0.0321879334677553,-0.027382874112744,0.00746446885876054,0.00249527190442588,-0.0254296825494378,0.300165652188206,"E02000624","Lambeth 007",531167.48974511,176790.98497722
-4.54539162355313,0.0536027609509045,0.000579044402887816,0.0232209103608056,0.0105827524498952,0.00916064272391359,0.0261637103501563,-0.0261149405221166,0.00466706611386273,0.00300745239637613,-0.037996579671425,0.343911951122714,"E02000625","Lambeth 008",529950.896428494,176434.122988955
-5.49489847855217,0.0449611729996855,-0.00206681949118812,0.0458732831621441,0.0089468981282992,0.000646359733802746,0.027197071931963,-0.0261934925292312,-0.0079803871096815,0.000233341573547355,0.0896450611390288,0.269114015190057,"E02000626","Lambeth 009",531763.159043337,176281.233098433
-5.31248094927743,0.0490715051359882,-0.00230337199876426,0.032042815364353,0.00860908465912298,0.00505847640758106,0.0253499520316034,-0.0229565442384483,-0.00924326105025338,0.00305872649117257,0.063432890828253,0.305260372916104,"E02000627","Lambeth 010",530523.188447932,176035.802182997
-5.73490178282233,0.0449707556621421,-0.00441137251657795,0.041796904732899,0.00762662588160716,0.00178404160747389,0.0242795388686063,-0.0227583240194405,-0.0170272576693459,0.0013249059139665,0.124213176245174,0.271032337640429,"E02000628","Lambeth 011",531214.261153658,175868.916977146
-5.38470932541124,0.0534340451268699,0.00222284252507859,0.0162235864205957,0.00809710529615365,0.00933813270291784,0.0214204338632852,-0.0218080877219157,-0.00688381822245435,0.00366888248746705,0.0637645095529376,0.339034164953901,"E02000629","Lambeth 012",529696.327593158,175891.597584142
-6.02290177192397,0.0566248267414084,0.00913417341289117,-0.000955123070160653,0.00568744160503039,0.0132123241571857,0.0152893924087049,-0.0182954416047738,-0.00916434759722376,0.00508610093612918,0.130786122366458,0.367069107342992,"E02000630","Lambeth 013",528975.159772048,175622.448194333
-6.49659995341846,0.0415279718585145,-0.00755704407534159,0.048769903798272,0.00663542358968609,-0.00159021747379907,0.0194353048610987,-0.0263957086242569,-0.0331964110393121,-0.00379418099655813,0.230892386188602,0.208169959293354,"E02000631","Lambeth 014",532286.512186396,175556.412238001
-6.60149756717889,0.0471109587923381,-4.66274464842784e-06,0.0254162979818433,0.0065018199474814,0.00505497110934772,0.0196603623218017,-0.0186317519021299,-0.029539025868419,0.00305048112894193,0.218746757035727,0.269497817832032,"E02000632","Lambeth 015",530338.134378801,175264.244467074
-6.88879238008953,0.041389955513287,-0.00453301395286778,0.0395105469169316,0.00669273707146901,0.00221818655580567,0.0189436896043374,-0.0198999265448914,-0.0368465728690049,0.00102207817404147,0.266163803261702,0.227990561634391,"E02000633","Lambeth 016",531001.114134978,175093.294821719
-7.02805459494574,0.0517240918696515,0.00705112472610348,0.00745233934881452,0.00516755216248972,0.00825017939880321,0.0166318071863441,-0.0156662667311113,-0.0290648936779706,0.00410512768857648,0.256379339846446,0.283074739262371,"E02000634","Lambeth 017",529720.025532888,175053.327201735
-7.89068862269321,0.0360590081556907,-0.00565328975227997,0.044848790443267,0.00703265972922207,0.000722064105844999,0.01492546748016,-0.0218880689658586,-0.0544269727761125,-0.00274418872270915,0.395017838077956,0.155218880628924,"E02000635","Lambeth 018",531650.343379241,174568.646231081
-8.32340368239178,0.0546956647558363,0.0128667537187161,-0.0129950317001981,0.00292304523330954,0.010884736998714,0.0130336882588165,-0.0106300012732137,-0.0363736294986472,0.00531602479910592,0.396562207425769,0.253352873137519,"E02000636","Lambeth 019",529241.383023638,174631.667096796
-8.84559278806128,0.0383487833399412,0.00435792897161742,0.030623395657019,0.00675968312508339,0.00447395511184902,0.0162288142034618,-0.016273396363493,-0.0547017107538327,0.000690112786316432,0.479761458981886,0.164407155899289,"E02000637","Lambeth 020",530851.126047957,174284.440277013
-9.64252789378681,0.0396793891290777,0.0090754690819211,0.0210461279564503,0.00597864520789977,0.0069607184339884,0.0152669995923325,-0.0132225395515125,-0.0576616083687262,0.00167348803312078,0.559990843995709,0.151862084836739,"E02000638","Lambeth 021",530422.941264802,173988.18193087
-10.7786620294286,0.0402068572089776,0.011930952610306,0.0120421937270156,0.005318144256649,0.0094473484862643,0.0142384885055398,-0.0101851188629202,-0.0611176001556761,0.00234645131262395,0.679652461711427,0.125033428504159,"E02000639","Lambeth 022",530045.445650539,173725.025284421
-10.9420179773112,0.0449506191768486,0.0149852620427218,-0.00419733502140258,0.00328430333397482,0.0119247555023782,0.0104444700346349,-0.00706392751036265,-0.0592392027245433,0.00310781606402756,0.693247669086606,0.138699901033874,"E02000640","Lambeth 023",529423.914572849,173569.117344637
-11.0356370522848,0.0317048437094533,0.0064021939243777,0.0312258206946341,0.00779068865538244,0.00594779763782457,0.0136078663857584,-0.0168340304797885,-0.0774814482701709,-0.00233584783529896,0.730916881423163,0.0499310342053771,"E02000641","Lambeth 024",531143.852688358,173457.855037026
-10.735111454356,0.0332755995445446,0.00360896917208608,0.0337101357621513,0.00715849271695681,0.00243508773668406,0.00824603313990846,-0.0243940951845492,-0.0917687174443834,-0.00824039172954528,0.717568190875343,1e-06,"E02000642","Lambeth 025",532107.250223948,173252.441965359
-12.479236400551,0.0350180914004543,0.011269961458264,0.019140330564874,0.00625481368211232,0.010317357419707,0.0102903558052754,-0.0118511840209928,-0.0849353267384871,-0.00185151701919681,0.877415510421434,0.00455791519938165,"E02000643","Lambeth 026",530317.091533658,172827.31976054
-11.7131988945487,0.0339423358181178,0.0120025782942069,0.0318304940693101,0.00525880575670017,0.00618964223142967,0.00859563275510576,-0.0139082501064587,-0.101208695682353,-0.0047993998969336,0.808054521219356,1e-06,"E02000644","Lambeth 027",531211.8606196,172484.203772112
-11.0982670605407,0.0357744464134982,0.0133068729935077,0.0341489215468939,0.00366387131153677,0.00228629224623017,0.00426488810725411,-0.0167833837473244,-0.111887381343424,-0.0076055247761799,0.754781102271963,1e-06,"E02000645","Lambeth 028",532164.721642052,172235.301112896
-12.7677527460002,0.0363249548950709,0.0138393537848332,0.0210064839167058,0.00460079860365383,0.0111440449309236,0.007277918743613,-0.0068662946625808,-0.0995071451557703,-0.00216544550790595,0.907162099654766,1e-06,"E02000646","Lambeth 029",530008.856914929,172256.002253766
-11.4772091964963,0.0377915675744886,0.0149843388949988,0.0358877382656494,0.00337535003502796,0.00463680266149775,0.00429040579947891,-0.00774853617117658,-0.120764328386996,-0.00383831618435457,0.779332434285168,1e-06,"E02000647","Lambeth 030",531230.062905924,171571.555087097
-11.0230453149016,0.0387440099457162,0.0160324936407786,0.0369450467111224,0.00253933225085581,0.00120936649443584,0.00156518508964141,-0.0114440205119353,-0.126954824841828,-0.0050380351604691,0.740811423886442,1e-06,"E02000648","Lambeth 031",532214.325109334,171404.730331084
-12.1161212220151,0.0390804232222954,0.0148360277149648,0.031106471549199,0.00311042543176,0.00843529900371054,0.00303563303378767,-0.00166755489032399,-0.121056719294823,-0.00268461559153427,0.838117057025992,1e-06,"E02000649","Lambeth 032",530057.55068314,171353.1844454
-10.6639022179122,0.0391505556698097,0.0170561655179678,0.0405035324239033,0.00177598019400362,-0.00176421675526338,-0.00154488836699667,-0.0149104222604799,-0.129141252692728,-0.00552750946357798,0.710999424953346,1e-06,"E02000650","Lambeth 033",533018.204038562,171199.02331446
-11.4891472784926,0.0406351505743728,0.0159553685881917,0.0348031756021788,0.00312128846556425,0.00584638640512699,0.00382261055806436,0.000963653175338092,-0.136194033902436,-0.000393313958302207,0.768411742547658,1e-06,"E02000651","Lambeth 034",530410.757276602,170571.020687383
-11.6131331325054,0.0402859298280817,0.0159573363354121,0.0248422881900742,0.00363771220646456,0.00866741327325267,0.00355694033605501,0.00542601414673289,-0.139905959841734,-0.000195645015102112,0.779411941153341,1e-06,"E02000652","Lambeth 035",529580.756690382,170092.884934961
-5.77574276947312,0.0234642141831616,0.00991813960272013,0.0889709165252654,0.0228602415306995,-0.00180810962076675,0.00891614499027344,-0.0586605925142657,0.0599195116732741,-0.00912366458533485,0.10759501950155,0.222694832437446,"E02000653","Lewisham 001",536187.43493137,178519.662949528
-5.78931670828132,0.0264464941940654,0.0086709908456115,0.0875987394375607,0.0230269133296262,-0.00219139138622658,5.13224126697693e-05,-0.0578771800802704,0.0599107106577575,-0.0106360806123238,0.112423297774133,0.203261105003923,"E02000654","Lewisham 002",536704.410719618,177939.934421057
-6.35514524742409,0.0292026547332662,0.00671168477821458,0.0773836636719026,0.0185385471730589,-0.000832500140296467,0.00899205212403745,-0.0552529735697915,0.0318558088056901,-0.00901777760862196,0.181016063422379,0.202636117337365,"E02000655","Lewisham 003",535705.998368643,177554.670437935
-6.8102103678986,0.0354688399244663,0.00440361500821779,0.070083830657698,0.0184939802614631,-0.00166327547485347,-0.00741999004669232,-0.0571734060714036,0.0414769698884054,-0.0130141721278543,0.236451955307458,0.149957931179234,"E02000657","Lewisham 005",536747.30305056,176556.910581166
-7.39702108863975,0.0348035233635857,0.00331162831420982,0.0625897360491748,0.0152309188536773,-0.000168965034707873,0.00489840338848407,-0.0545156028863944,0.00463195927810679,-0.0113907175616852,0.308669824742704,0.15979388344502,"E02000658","Lewisham 006",535739.960255264,176545.681101102
-7.77466839430842,0.0358253778760002,0.0045368487789855,0.0857195561456513,0.0205004141795105,-0.00323249685780721,-0.0187940126041062,-0.0532305126074853,0.05752365952578,-0.0154815315261703,0.333102984673727,0.134750473096487,"E02000659","Lewisham 007",538619.742513435,176123.257899615
-7.37052532117213,0.0393174956476273,0.00286378739554314,0.0655612935262044,0.0174866152931074,-0.00208491673463969,-0.0119798954312832,-0.05771129969598,0.0399669558235553,-0.0145271455378014,0.299178361419046,0.117625837925924,"E02000660","Lewisham 008",537093.258244866,176047.872058877
-8.06933136195728,0.0300574847596228,0.00707945586567558,0.100003478091117,0.0213407655402373,-0.000216540676670858,-0.017566160777736,-0.0451336216645018,0.0552248434433581,-0.0153791398094691,0.358398001523077,0.177985070197527,"E02000661","Lewisham 009",539470.64832982,176060.523779581
-8.35969890634628,0.0406733692220654,0.000593940964498526,0.0516937910414806,0.0135763013108369,-0.000589444091840198,-0.00201365133422065,-0.0569557523409259,-0.00897358887370255,-0.01502751713705,0.421947161079394,0.0957647382289256,"E02000662","Lewisham 010",536121.05308666,175638.939230198
-8.03218588186177,0.0433218845788631,0.0012300387825647,0.0616664933870595,0.0165687706005098,-0.00274490347874085,-0.0169299002182397,-0.0592503429434523,0.0400397548682004,-0.0163798636038105,0.372737952947233,0.0724219282044718,"E02000663","Lewisham 011",537529.992599691,175557.394505503
-8.42718965831197,0.0358035301358766,0.00706969290951388,0.0759814572778377,0.0150264045334331,0.000938220408386954,-0.0180261589705787,-0.0504803088478413,0.0405937305831589,-0.0193573096028076,0.417432490548797,0.118465889971862,"E02000665","Lewisham 013",539311.78727164,174872.327407634
-8.97938748374007,0.0463061863842957,-0.00185161646547984,0.0501041097700099,0.0134011429355045,-0.00278379954071194,-0.014089610678269,-0.0615821861683501,0.00464148015385917,-0.0180625097743233,0.49228650662034,0.015038173638042,"E02000666","Lewisham 014",537092.452903805,174929.107628824
-9.80674482967608,0.0472369997427249,-0.00384233095876147,0.0413262779840676,0.0111762543901265,-0.0023189825586449,-0.0104345543702878,-0.0616902575201999,-0.0263533138098793,-0.0199443678680709,0.594998866312502,1e-06,"E02000667","Lewisham 015",536612.776949395,174500.080455156
-8.42759555033957,0.0322048661066232,0.0128769202304679,0.0654868675856528,0.0109553915398827,0.00411193362365744,-0.0162947030682992,-0.0498655329877577,0.0243248437911631,-0.0228369763633029,0.433987505319644,0.137722466455728,"E02000668","Lewisham 016",539747.845227288,174245.008662741
-8.79537695445739,0.0436835392274586,0.00356247606631501,0.0619933462209129,0.0106393283048989,-0.00130095097932996,-0.0176889466545198,-0.0617086088377853,0.0177059857459624,-0.0226899546091167,0.47559648965155,1e-06,"E02000669","Lewisham 017",538781.521794676,174130.473908398
-9.16502841924958,0.0466179800303825,0.00250336842396959,0.0523338684531282,0.00837114617929055,-0.00160622564414448,-0.0167467753538557,-0.0656803489540277,0.00304744855070936,-0.0240125424828431,0.52510770781895,1e-06,"E02000670","Lewisham 018",538210.194480987,173825.93070337
-10.2387144725017,0.0470401202453491,-0.00533364129621757,0.0378499708163592,0.00840292347671295,-0.00205378085314257,-0.00978463356783012,-0.0588629290091394,-0.0484069890864714,-0.0227281678859116,0.657335026693396,1e-06,"E02000671","Lewisham 019",536212.390360127,173758.272188228
-9.75990212827746,0.0476936260508916,0.000415643770711792,0.0434216374976978,0.00774192247674999,-0.00207150280253702,-0.0151217702751603,-0.0658491550598319,-0.0199268792773485,-0.0245531222433434,0.599309505808758,1e-06,"E02000672","Lewisham 020",537350.170177931,173698.177140139
-10.220479557399,0.0436746355931398,-0.00851494311022838,0.0371878578818229,0.00761943892151172,-0.00151217910259642,-0.00548353627097451,-0.0484046239542255,-0.0780818756964835,-0.0199650436949693,0.66648003970376,1e-06,"E02000673","Lewisham 021",535196.555469758,173523.421954582
-8.81028901549324,0.0412525120405493,0.0112841938609678,0.0511828438323913,0.00455198881014132,0.000475737518952112,-0.0147564109587226,-0.0655532584411613,-0.0104321131979268,-0.028893864670375,0.502145101149293,1e-06,"E02000674","Lewisham 022",538963.708562082,173249.682432072
-7.94239816776306,0.025597165532894,0.0241466384256056,0.0365111785054031,0.00317538549570903,0.00872375744115765,-0.0150501553701131,-0.0514621722250044,-0.00983935947068875,-0.0292492787513571,0.420544271586351,0.15876634636716,"E02000675","Lewisham 023",540364.288603985,173177.551992056
-10.052206247826,0.0424906606598276,0.00118579159617076,0.0437643340055436,0.00534816253114977,-0.00297485000437376,-0.0114268873553061,-0.0562663991590901,-0.0642468902339615,-0.0232719767635587,0.65581466006553,1e-06,"E02000676","Lewisham 024",536178.552549043,172982.562100827
-9.18809489791608,0.0432621195287126,0.010143911189056,0.0474622934474612,0.00207546547267396,-0.001192009054981,-0.0137941416947572,-0.069407053125479,-0.0280509530836098,-0.0287902952078265,0.556663934924469,1e-06,"E02000677","Lewisham 025",538146.337127239,172859.8116794
-7.95308189953987,0.0310131794213775,0.022846239084936,0.0398401825435452,-0.000200289024372935,0.00487926761053821,-0.0132336625364864,-0.0616424946738236,-0.0359641732606434,-0.0342744781967719,0.435349328899594,0.0524493675223842,"E02000678","Lewisham 026",539712.973610245,172626.804574213
-9.94026920206649,0.0389223770595165,0.0105633265903597,0.047655814800195,0.00250023492047943,-0.00425341368252237,-0.0110400184816565,-0.0515701285978466,-0.0814908127207909,-0.0213852343534697,0.655884711189924,1e-06,"E02000679","Lewisham 027",535906.096582866,172357.934644563
-10.2674053478172,0.0386131210646426,0.0113478175952509,0.040814178165167,0.00235559761057282,-0.00431143656416426,-0.00849977455285691,-0.0413154606597532,-0.0994197738746682,-0.0176249837960479,0.692306235567837,1e-06,"E02000680","Lewisham 028",534876.167310915,172446.957292052
-9.47144873232532,0.0396614511204783,0.0109911908006699,0.051328777630383,0.0015231526992815,-0.00285398484215643,-0.0123149195317247,-0.063475739833299,-0.0582586417128207,-0.0259764683998801,0.60243335942763,1e-06,"E02000681","Lewisham 029",537095.14079238,172393.090484919
-8.27121419343103,0.0373742831260549,0.0194436487382473,0.0510688229048479,-0.00264184648705225,0.000248728743922356,-0.0113602001882393,-0.070978618254334,-0.0453505955106303,-0.0326503396836022,0.475151414360995,1e-06,"E02000682","Lewisham 030",538635.031297404,172140.756671477
-7.35966327789504,0.0209317422216368,0.0393220375043362,0.00190404937891526,-0.0060723471017859,0.0130541391992175,-0.0134078551651692,-0.0527854046266942,-0.0488500463981089,-0.0354165869169115,0.392040612198906,0.150784041755114,"E02000683","Lewisham 031",541276.847508919,172013.867915331
-10.1906047823528,0.0378674828302253,0.0173808369070244,0.0439623095042427,0.000896892003423736,-0.0055115865267205,-0.00734623933597399,-0.0346513441129982,-0.110901556034801,-0.013561033003251,0.683763552686153,1e-06,"E02000685","Lewisham 033",534751.245747087,171754.754386477
-8.23666097029776,0.0340282748486397,0.0266245499148027,0.0545497601638203,-0.0026833523000626,-0.00232035533698332,-0.00489362505771006,-0.0614611776694477,-0.0880113430637622,-0.0198138975199749,0.474245200896085,1e-06,"E02000686","Lewisham 034",537631.752666304,171188.535356794
-9.61894421023048,0.0367155922544227,0.019915966063701,0.0498631553590516,0.000933245602350599,-0.00575325929271946,-0.00649830995697937,-0.0428325626218327,-0.104920860117281,-0.0138702454153287,0.62071678595514,1e-06,"E02000687","Lewisham 035",535744.027370426,171450.836810022
-11.3912204860821,0.030781554336367,0.0338167178674185,-0.0530235099550452,-0.000763367671960946,0.0298436107063441,-0.0139144768725109,0.0246242764997257,-0.087656978205963,0.00112366539739644,0.751869521723679,0.0962849536557014,"E02000689","Merton 001",525394.730959179,172039.747576867
-5.95644846107963,0.00833059306138721,0.0412871417145242,-0.0365202521528731,0.0019188081295058,0.0264536935036523,-0.0164400406107518,0.0192257633358332,-0.0347468589638426,-0.00507677145201628,0.184414993205808,0.0805608714776293,"E02000690","Merton 002",523069.649059791,171419.17006552
-10.9564988350684,0.0205994533259923,0.0330860527426737,0.0147354269894225,-0.00248026596895637,0.0297890018302753,-0.0176996823622914,0.0238076382097764,-0.0868422876555628,-0.005426445086972,0.70344054971109,0.0350843779649656,"E02000691","Merton 003",525332.585713905,171053.415323161
-8.9297805944861,0.011464722087048,0.0372708268541843,0.0213610578600222,-0.00113722084972935,0.0297543018465666,-0.0181473129836096,0.0232866609972058,-0.0608642041825359,-0.00780324268094925,0.486551886498553,0.023582594767235,"E02000692","Merton 004",524245.434420047,170693.326808483
-11.9992548416908,0.0305270633035652,0.0217794959908167,0.0228983675677996,-0.000322496727899004,0.0231120751245282,-0.0131903089681341,0.0174471104418636,-0.112351389117863,-0.00538064975803715,0.821113763596152,1e-06,"E02000693","Merton 005",526802.234417784,170503.247705329
-11.3156034375418,0.0239099448689491,0.026364798437909,0.0318655700233715,-0.00121164283662036,0.0266890222486816,-0.0143973439042974,0.0212640875417849,-0.101039814379964,-0.00470508034862402,0.74238484892806,0.00709853352269325,"E02000694","Merton 006",526048.882107922,170521.380885454
-12.0567735865935,0.0391275017915104,0.0158164341818185,0.0159944333888211,0.00286396013966941,0.0133104866209936,-0.00235407652009608,0.00887080962538069,-0.135347784459373,-0.0038172183219256,0.830418759493817,1e-06,"E02000695","Merton 007",528554.683548239,170257.605181657
-11.7987523545596,0.0339787094048704,0.0186429167156172,0.0169374637493513,0.00147053946150555,0.0190639621321211,-0.00864337455545378,0.0158298163626016,-0.128062524030084,-0.00449937677829559,0.80266891976156,1e-06,"E02000696","Merton 008",527464.962950383,170088.992337983
-10.1956995174479,0.0165609996652293,0.0285474705838726,0.0511974030835991,-0.000582924870606217,0.0277802385934685,-0.0153896065978891,0.0231223087227382,-0.092006778101135,-0.00356464138966723,0.617732495759731,1e-06,"E02000697","Merton 009",525391.172917752,169947.77443306
-5.40354724373953,0.0056458578086015,0.0323568085755563,-0.0171305029350012,0.00564373536426987,0.025217610264913,-0.0143602029766947,0.0203249000383278,-0.0184067139616318,-0.00802171515516486,0.125928777488124,0.0500054347994698,"E02000698","Merton 010",522660.961451526,169811.664821772
-8.56384859651073,0.00868378862028722,0.0315624653446729,0.0444715602352245,0.0017652369300843,0.0284336689232407,-0.0148235827213692,0.023611440220323,-0.0709043606191414,-0.0044788808022792,0.443601202042299,1e-06,"E02000699","Merton 011",524251.96785698,169610.628088781
-10.5522875131479,0.0242732869392753,0.0230442432804864,0.0359540703446097,0.00128523740118128,0.0231186284327335,-0.0106768921696163,0.0221332028493174,-0.116951205987052,-0.000972778263910566,0.661192358340073,1e-06,"E02000700","Merton 012",526468.899095937,169450.430901624
-11.2334285187864,0.0352534062471617,0.0176980779201558,0.00985926987107213,0.0031864002994787,0.0153791907252352,-0.0024138480134094,0.0153460234113681,-0.139065536263795,-0.00127614858603257,0.743319109616693,1e-06,"E02000701","Merton 013",528038.859252059,169471.624270075
-10.5067610837035,0.0356281066350804,0.0189415313659569,0.00031651488985294,0.00506071020177368,0.0116263941028249,0.00712337686802067,0.0126567183465419,-0.14425010798461,0.00580765963494958,0.662570381252332,1e-06,"E02000702","Merton 014",528807.23112859,168771.769995352
-9.25047728840236,0.0139937194359241,0.0277936505473429,0.049712558603692,0.00253144034249401,0.0263782177839896,-0.011312329977201,0.0246004230154307,-0.0979274770835739,0.0024535811721668,0.511722643991684,1e-06,"E02000703","Merton 015",525199.201296599,169086.45947205
-6.47774995759326,0.00521136132824921,0.0296211418319393,0.0137358061464499,0.00651193219197251,0.0259859981388658,-0.0111857683359962,0.0231810997822066,-0.0500141837340082,-0.00339449697437055,0.22825914996409,0.0160077278237616,"E02000704","Merton 016",523236.552165655,168943.453637427
-10.848539500271,0.0380742349716525,0.0179028308675676,0.0079932620531708,0.00502901558440809,0.00895466592968652,0.00847221732083752,0.00937975266351761,-0.145480334433813,0.00482527902435265,0.698145259659352,1e-06,"E02000705","Merton 017",529492.031875746,169043.945040085
-10.3505158540287,0.0293564181484222,0.0208850874297156,0.0155492262744018,0.00321263027901124,0.0185432095995864,-0.00349190153976805,0.0201086096229562,-0.134136330455933,0.0034846728987285,0.642904897453195,1e-06,"E02000706","Merton 018",527297.48222978,168989.292333451
-9.97948152802138,0.0363951628533644,0.0208242942634853,-0.0099685216806372,0.00636077089550129,0.00771953742639536,0.0154520293488184,0.00835401901260533,-0.144777252464391,0.0120667845628281,0.604777968327136,1e-06,"E02000707","Merton 019",529929.143247653,168160.335725549
-5.85871270682615,0.00346445957823166,0.02711515789531,0.00163900361511619,0.0104443139574852,0.0241100682971937,-0.00732423172984313,0.0244676735605371,-0.0471648854095396,0.00147709273129967,0.161760436910733,0.023692183251221,"E02000708","Merton 020",522861.195662569,167954.812628386
-7.73470191720323,0.00857380219775121,0.0277585804515528,0.0360073788490124,0.00712680197872621,0.0257275269606414,-0.00716892086895749,0.0265845652958842,-0.0899379924590944,0.00691447894131828,0.346568377671014,1e-06,"E02000709","Merton 021",524307.512734783,168039.855098583
-9.28339084869151,0.0287498258823934,0.0229432088465488,-0.00428721079584885,0.0054959130328832,0.01565832136712,0.00587950990498748,0.0185123419305628,-0.137076111675055,0.0122498305483683,0.526507210280248,1e-06,"E02000710","Merton 022",527715.016397053,167877.300091066
-8.78916922557025,0.0182613941951565,0.0256543744927018,0.0320750791813849,0.00515679141652258,0.0224811983045081,-0.0031152634158809,0.0247635638991337,-0.116771205283785,0.0112683702821826,0.459866505995229,1e-06,"E02000711","Merton 023",525907.365765289,168095.889411872
-8.02994085779978,0.0145160972929021,0.0266354545316294,0.0268871461880326,0.00734133268145629,0.0229666669933468,-0.00137653644351658,0.0261772458858495,-0.110516794656062,0.0141374811232844,0.374936830494215,1e-06,"E02000712","Merton 024",525395.573552891,167284.670898399
-6.87818115608117,0.00705380531298028,0.0266457611671244,0.017839417213758,0.0107080692656024,0.0242877789657388,-0.00266222131548277,0.0284613056976523,-0.0863703337436791,0.0112738772695452,0.254404093666658,1e-06,"E02000713","Merton 025",523822.593505187,166884.424844993
-3.85617323796295,0.00519485330196079,0.0112770997802033,0.0377171168947555,0.0142976071290958,0.00728959570909277,-0.0185261251106335,-0.0269871484608433,-0.0450614247539785,-0.023548325455087,0.072435310974461,0.0365640358834995,"E02000714","Newham 001",540356.267302032,185666.21700037
-5.22616193323197,0.0088041522723652,0.0114082641542187,0.00782028674629049,0.0088133124773497,-0.00269874814640309,-0.0115951203841019,-0.0323537177034558,-0.0517535284536729,-0.0176540947461728,0.259686401070301,0.0144685931844816,"E02000715","Newham 002",542949.120227284,185728.237257484
-4.74877570534229,0.00883233622947417,0.0102860499661445,0.0174517133787107,0.0103173489915963,0.000318324534670084,-0.0165184687647656,-0.0312246341586932,-0.0560667263898575,-0.0189701450760958,0.200847206855618,0.0126944081954987,"E02000716","Newham 003",541978.456688226,186009.339477769
-4.85860745175163,0.00824909726797613,0.0108256934387535,0.0172888516441421,0.0110638731205309,0.000580531731083209,-0.0143382113260612,-0.030343552303805,-0.0475456769653073,-0.0192711853956577,0.205527736832063,0.0206300733734688,"E02000717","Newham 004",542215.429924872,185425.732568559
-5.31469527086808,0.00828688683284515,0.0118995445973749,0.00168650651180553,0.0091082086019737,-0.00271187010916279,-0.00997741891237001,-0.0315178981571611,-0.0467990309340193,-0.0175380425090176,0.268501349098041,0.0171859791920667,"E02000718","Newham 005",543152.043703145,185307.484656533
-3.52026863349548,0.00169181769503975,0.0130551988085615,0.0540669032510057,0.0165892674738405,0.0113064236859672,-0.0129663651053648,-0.0275850891608794,-0.03270639847893,-0.0241301001625204,0.0106772444568891,0.0571721588497713,"E02000719","Newham 006",539710.286371341,185294.203590575
-4.44033002614822,0.00633836217374021,0.0107758968746474,0.0384148388085493,0.0137063951679834,0.00528113519933082,-0.0164361650055725,-0.0267884098780923,-0.0430186486288768,-0.0213028350739595,0.13683992703794,0.0299235126435071,"E02000720","Newham 007",541064.247915412,185311.15523072
-4.39972504886384,0.00425867620391938,0.0118574192126715,0.057898710395272,0.0158036061354114,0.00831509943333153,-0.0125284608241629,-0.0262733826154113,-0.0309807279106251,-0.021484164056972,0.105716476041548,0.0458024630482153,"E02000721","Newham 008",540630.528007901,184831.915343631
-3.83913398888711,-7.05123838760052e-05,0.0141995956994424,0.0737208999723139,0.0181815673370642,0.0131292393346142,-0.00729210293395345,-0.0292204681071809,-0.0180841456688647,-0.0224572958479908,0.0193212750085628,0.0725454582356242,"E02000722","Newham 009",539682.460656564,184714.791470361
-4.97724381262825,0.00725258721079981,0.011406428362023,0.0104458270513034,0.012259312176435,0.0017000235747785,-0.0113310505549738,-0.0294374218489736,-0.0377709611606883,-0.018787803123917,0.211819021018321,0.0254092276497282,"E02000723","Newham 010",542367.282263806,184649.076181006
-4.78929320687117,0.00663848046735746,0.0111246617138949,0.0293310020488453,0.0137322119133216,0.00411993311423431,-0.0130902298017686,-0.0277789699142263,-0.0351383939555891,-0.0199142109844694,0.174769681025634,0.0336195473550097,"E02000724","Newham 011",541764.107042836,184651.890984831
-3.47735309478093,-0.0045735767686764,0.0166398866639309,0.0884809480344795,0.0201100791205964,0.017859807390722,-0.000827720007369824,-0.0330818850805003,-0.00479546337882464,-0.0220533176053611,-0.0430203664664535,0.0945285021825799,"E02000725","Newham 012",538982.963799752,184530.744347035
-4.83834503017177,0.00517254445959313,0.0116816154109043,0.0472461593223472,0.0156114047050761,0.00690166908007405,-0.0104502900798218,-0.0265462356854041,-0.0263337368983784,-0.0196165461569098,0.156768241801467,0.0424954626765501,"E02000727","Newham 014",541355.006230572,184258.690557688
-5.23212567925689,0.00704307503606341,0.0124186433452239,-0.0041748244991698,0.0113740916520008,-0.000338820877703503,-0.00910026348145634,-0.0293046582485473,-0.0339389640520265,-0.0177405199170975,0.247130856215547,0.02741594276468,"E02000728","Newham 015",543042.020002655,184340.724572216
-4.5059750031852,0.000835325672452208,0.0143273018639208,0.0922415141587059,0.0188348224044881,0.0126060044835189,-0.00428782723746265,-0.0293055965497979,-0.00910076884802653,-0.020173440660947,0.0708768030260519,0.0748974572393421,"E02000729","Newham 016",540129.874420618,184105.282610663
-4.72019229558058,0.00349952238051978,0.0126851004364973,0.0716981365736041,0.0174020222796256,0.00969431001180266,-0.00829281106369922,-0.0268249196749056,-0.0171721626348549,-0.0198588387855602,0.116743117230079,0.0601949090295497,"E02000730","Newham 017",540804.456678257,184081.652609542
-5.03904943416569,0.00589000810468624,0.0123105131920565,0.0132696611044347,0.014652160905223,0.0041927142330489,-0.00982335714029674,-0.0276062748901885,-0.0223427210554887,-0.0181630750338952,0.197457752786548,0.0422792901305951,"E02000731","Newham 018",542361.34317988,183721.495170924
-4.97039329531551,0.0049316214383056,0.0123308692092115,0.0391057766419544,0.0163921067217756,0.00711255867824497,-0.00908482767868232,-0.0267991644054163,-0.0174176009362,-0.0185399046953281,0.165909331258569,0.0516433981757942,"E02000732","Newham 019",541739.597847549,183649.331181869
-4.56512875219093,-0.00332994905934068,0.0180849768998831,0.128302979616625,0.021588054660336,0.0176736653975951,0.00548717815573058,-0.0376269735778824,0.0151901640548844,-0.0185866457626905,0.0273351526635184,0.107581865737069,"E02000733","Newham 020",539355.861913579,183611.610469274
-4.94527560097627,-0.000866876664944872,0.0160964859890427,0.123224773552384,0.0205532835648658,0.0148198660862818,0.00190046757676229,-0.0321214607373538,0.00622343043220895,-0.0181250678599044,0.0821589866017599,0.0876048377335924,"E02000734","Newham 021",540041.243659716,183548.9362414
-5.00672115713838,0.00253997243113139,0.0138039142235374,0.0853084831847559,0.0190792682176626,0.0113303228960762,-0.00501725355673011,-0.0278109023036829,-0.00340145873249827,-0.0180005267973149,0.123119434631863,0.0752684914389668,"E02000735","Newham 022",540946.632293956,183349.34053881
-5.43190737951436,0.00477035589532726,0.0139088796700615,-0.0250566874481528,0.0130878962346694,0.00154325383910807,-0.00665285229212393,-0.0297583771738092,-0.0244115328993267,-0.0158374656960845,0.264359923245087,1e-06,"E02000736","Newham 023",543513.969289699,183257.818177297
-5.2252254788323,0.00458757562233281,0.0134184295170574,-0.00101535445120467,0.0158713056802283,0.00584072096410103,-0.00796289163890006,-0.0288383395441392,-0.0203301294462543,-0.0165860830591628,0.213033781357654,1e-06,"E02000737","Newham 024",542698.464248644,183071.756641792
-5.05635566102257,0.00392763939596552,0.0133190785413757,0.0444871735439672,0.0180805267480786,0.0088414027902611,-0.00795993090078198,-0.0264761447196293,-0.00595690237600464,-0.0172127845443121,0.156577660624843,0.0672366273428336,"E02000738","Newham 025",541821.006252824,183021.77348266
-5.1769020968566,0.000611699325134198,0.0158108914264095,0.117945203016342,0.0211267984387739,0.0141386981395864,-0.00112409568236204,-0.0311740202781715,0.0122435711471086,-0.0166230930026174,0.102734223524582,0.0996105324252832,"E02000739","Newham 026",540539.596580451,182858.668158375
-5.34161202418486,-0.00161946917294905,0.0200362772453275,0.162007878261855,0.0235635935854642,0.0185445711222489,0.010559714830299,-0.0421291136386355,0.035992909641846,-0.0155628267495125,0.0603339176023168,0.131266545930624,"E02000740","Newham 027",539362.923984097,182650.20198835
-5.21193477843958,0.00177398096101289,0.0150106088232546,0.0899754554488445,0.0208767275176712,0.0129504903347963,-0.00500133226337674,-0.0279665360096394,0.0102219285786887,-0.0158136048589149,0.124277832734944,0.0944672744405455,"E02000741","Newham 028",541233.624248445,182503.026543304
-5.23887482577534,0.00380027468459325,0.014306989881214,0.0151653994566042,0.0187830762463756,0.00953197205313504,-0.00759338088943297,-0.0271306684141828,-0.00947183896698367,-0.0154083919642881,0.181275213838531,1e-06,"E02000742","Newham 029",542411.298291283,182379.190016003
-5.70438062746764,-0.000447758848723138,0.0189864955350732,0.166505213479924,0.0237918118045523,0.0175674453808129,0.00666137458707507,-0.0377252708737793,0.0356238028500839,-0.0142262708062663,0.0974736355339925,0.12710675056944,"E02000743","Newham 030",539960.498489565,182131.304589362
-5.54269157830321,7.70630907542675e-05,0.0174063898703907,0.139306421778029,0.0232132739496213,0.0162832396916113,-1.99407831046349e-05,-0.0321673082172166,0.0276213488449739,-0.0140756112641996,0.10699247720601,0.119650851430541,"E02000744","Newham 031",540649.755265246,181964.950598108
-5.25798658438469,0.00205969923278949,0.0158244136579911,0.0683734396545219,0.0218387345023098,0.0133704408221447,-0.00709256103900421,-0.0260066731544422,0.0169281110597221,-0.013737263804881,0.127563012766141,0.104555479046627,"E02000745","Newham 032",541858.535034566,181770.500179257
-5.37845051047556,0.00437118917809885,0.0159513746978682,-0.0378162339868495,0.0152748365753366,0.00328869685963716,-0.00663561679250857,-0.0280299423778966,-0.010218433412905,-0.0130412716940489,0.238489372027462,1e-06,"E02000746","Newham 033",544107.176063904,181813.807362904
-6.0832862734845,0.00253405740575504,0.020085357547859,0.177029775877278,0.025478976636297,0.0173898874853969,0.00843616803574737,-0.0418656430101893,0.0505888515542861,-0.013004344612191,0.10553739355116,0.150792089235987,"E02000747","Newham 034",539614.60693682,181342.990609062
-5.4011534235142,0.00252564978621433,0.0162447959961116,0.0251242121666663,0.0222909058915039,0.0136125855445096,-0.00808459748890346,-0.0248209397736333,0.00907941334852493,-0.0123013479381299,0.159162572094912,1e-06,"E02000748","Newham 035",542499.150323574,181153.555467087
-5.67522254705065,0.00138491294755739,0.0178232843020383,0.132180606987152,0.0245848323869129,0.0167998512782799,-0.00463492611881297,-0.0296886995606371,0.03472704467653,-0.0121320801867516,0.108751045015004,0.137664439021296,"E02000749","Newham 036",541046.858248414,181103.016973687
-3.93663391939035,0.0073571308255032,0.0121301949168826,0.0148389420064828,0.00855920298629804,0.00263020644664279,-0.0263145838322237,-0.0313540376469051,-0.0989680850493196,-0.0140724494085819,0.118138181122121,0.0220174220417709,"E02000751","Redbridge 001",540415.761334705,192643.267114189
-6.77830562596873,0.0124062653929662,0.0135722867813013,0.0497393446562584,0.000487110836044109,-0.00850100794453676,-0.00144165586105524,-0.0289948445033219,-0.102273516910844,-0.00679571765629068,0.413969908323952,0.00380481156751916,"E02000752","Redbridge 002",547536.769062635,192330.003297724
-6.47504066227758,0.012067880560217,0.0126797196679027,0.0476343203669156,0.000545496406129341,-0.00781811411441214,-0.00495654079528134,-0.0375955646419985,-0.102871070042138,-0.00761452535158971,0.392616573451898,0.000189376521824244,"E02000753","Redbridge 003",545514.309982798,192235.045048212
-4.63377966861771,0.00898787522890959,0.0109026774389079,0.0150451203976312,0.0065715929923365,-0.00122505016530099,-0.0249683230145654,-0.0359993386712499,-0.0965438311851809,-0.0131533982673809,0.209016461327038,0.00703847829748229,"E02000754","Redbridge 004",541504.063779986,192097.290186148
-5.02067645539381,0.00982445042104745,0.0108009523520099,0.0172053925257555,0.0051706368090966,-0.0032647874594097,-0.0219203924125918,-0.0403961063021815,-0.0964380247602967,-0.0124496438175834,0.256089869533451,0.00194256065773131,"E02000755","Redbridge 005",542185.932827539,191592.871954895
-6.1568763157108,0.0118461733659598,0.0119464398825177,0.0374403015724013,0.00164439467103018,-0.00730800539351289,-0.00881655331781027,-0.0421810496941163,-0.0975944786634679,-0.00883899444366627,0.36811056487605,1e-06,"E02000756","Redbridge 006",544438.456721257,191117.717383921
-3.50686847409635,0.0102988617117818,0.0112017562370692,-0.00546443815177166,0.00876827119270274,0.0024028792160184,-0.0330954818668264,-0.0401196911096317,-0.0999314575619841,-0.0190756361981682,0.0884857995714821,0.013309708472571,"E02000757","Redbridge 007",540141.203685704,190676.862457369
-5.333753222326,0.0107249231042323,0.0108601856768324,0.0172705833748838,0.00431367476441783,-0.00484422698537605,-0.0180237552165634,-0.0437620740819423,-0.0925708426133042,-0.0122320928466836,0.291977976488275,1e-06,"E02000758","Redbridge 008",542802.809342842,190503.039035553
-4.33991973302019,0.0104947904990254,0.0100648710737158,-0.00111222778194484,0.00700265705122231,-0.000947509302745536,-0.0279392698267684,-0.0406447402446521,-0.0953296505932058,-0.0161583895871264,0.189002573412012,0.00158257934887226,"E02000759","Redbridge 009",541240.154963793,190326.416099843
-5.93314765051585,0.0116007849233558,0.0114961737036821,0.0295011794857555,0.00274441470203752,-0.00679074061640028,-0.0111848139113123,-0.0431160628451505,-0.091390975412954,-0.0101501098598889,0.348621447203335,1e-06,"E02000760","Redbridge 010",543881.281642452,190213.504934537
-5.55566104387928,0.0111719402148686,0.0109620006286984,0.0195456124169704,0.00437968195281494,-0.00571954013178936,-0.0141196365745458,-0.0421603442701003,-0.0827074853704135,-0.0127941595633008,0.31160321012962,1e-06,"E02000762","Redbridge 012",543225.816162466,189088.559657557
-6.63046433843729,0.0120345700301334,0.0133937342434474,0.0362423263959974,0.00160207617664892,-0.00845267816266166,-0.00284490182870932,-0.0329034062776348,-0.0905464851965486,-0.00775567362110885,0.405942018689707,0.00354583533480106,"E02000763","Redbridge 013",546408.532831075,190182.703941769
-3.29783705879372,0.0107094843229875,0.0105989551472062,-0.0151788181665668,0.00896913844883206,0.00236691402032474,-0.0327714295131023,-0.0408757921544559,-0.0923205022715629,-0.0240578721078357,0.0742753745908029,0.0111820283692788,"E02000764","Redbridge 014",540138.052025348,189084.566802157
-5.78230814873552,0.0113813917348756,0.0113070288619835,0.0243518696295249,0.00401868192275343,-0.0064621532356453,-0.0114639652245959,-0.0409759048773461,-0.0807214067032007,-0.0121580480559633,0.331493038629868,0.000522245447543661,"E02000765","Redbridge 015",543645.305298506,188830.22611606
-6.10413067763936,0.0117784216428135,0.011882924111097,0.027694740724204,0.00315496283979754,-0.0075029052936413,-0.00788963032297991,-0.0395829770592595,-0.0814929135934994,-0.0106257619085871,0.362207067669112,0.000517465367655948,"E02000767","Redbridge 017",544340.893353274,188791.849462822
-4.01441041465659,0.00994736470108075,0.00998314894435104,-0.00520955756551695,0.0083455491789664,0.000107190503274849,-0.0263637403450549,-0.0378171179327672,-0.0807172315022577,-0.0210088948719992,0.150950150299438,0.00571422003102184,"E02000768","Redbridge 018",541088.497644971,188307.604828552
-6.36216802932401,0.0109074856673674,0.0133291654616913,0.0163287058968087,0.00304563785931354,-0.00825370367608409,-0.00409283994596365,-0.0350442648227993,-0.0760065973506395,-0.0100791833160004,0.388176819146553,0.0032912142918521,"E02000770","Redbridge 020",545387.026180438,188109.888839176
-6.4914551785572,0.0106205619725528,0.0146070869776466,0.0066795542865922,0.00287022076934022,-0.00831775204554166,-0.00171071810541685,-0.0309932490197619,-0.0762459599313174,-0.00900084684797552,0.397970630133062,0.0051183485893152,"E02000772","Redbridge 022",546448.993814685,188125.129893736
-6.04692152249929,0.0107243263287784,0.0123267217423599,0.018457184333456,0.00413404793943323,-0.00747351155784316,-0.00728501467381121,-0.0366594490337903,-0.0713703225038859,-0.0121823665727153,0.356926771186473,0.00409110865328565,"E02000773","Redbridge 023",544402.759177245,187654.863749822
-6.38250313262638,0.0102389431444114,0.0140628437119168,0.00102574343945914,0.00320881761830163,-0.00828272181924423,-0.002687899281395,-0.0338529845401447,-0.0724126803362976,-0.00996299906311346,0.394425573408011,0.00192182810768711,"E02000774","Redbridge 024",545631.068032568,187559.503673563
-5.84755668244903,0.0103593926061078,0.0119643961549066,0.0127098099870341,0.00491580260558448,-0.00676137518654458,-0.00850008180894463,-0.0365676805829204,-0.0676879368688902,-0.013399292761182,0.338491961827788,0.00381311805064186,"E02000776","Redbridge 026",543971.767044735,187196.566227958
-3.9902977025898,0.0085475342074814,0.00996076218323177,0.0121356168822229,0.010541529491358,0.00237093650886593,-0.0242721397560372,-0.0318390911431881,-0.066363018918228,-0.0219091804219295,0.126817311939724,0.0119957933267112,"E02000777","Redbridge 027",540939.690528277,186865.617284587
-5.38641637877934,0.00998236138018266,0.0112189035270344,0.0132596335784472,0.00675842955272617,-0.00467277862145851,-0.0119504393898333,-0.0353665728591131,-0.0629205858331059,-0.0159456509469257,0.284906722535732,0.00715427493573931,"E02000779","Redbridge 029",543175.059588004,186749.070152312
-6.20936333647547,0.00795632493875996,0.0145580078615437,-0.0257834408090776,0.00463980498027841,-0.00767010338095053,-0.00244855304001505,-0.0325262091105804,-0.0578159186308373,-0.0115413660076775,0.387087168313846,1e-06,"E02000781","Redbridge 031",545484.598836042,186007.59503587
-5.60552648580931,0.00859048740641658,0.0123090434299812,-0.00540301248363787,0.00714926674166906,-0.00499536070393437,-0.00778458136512951,-0.0331536725771839,-0.0526236985451885,-0.015871567906031,0.312189065126607,0.00943836477514896,"E02000782","Redbridge 032",543691.755036167,185711.190649119
-5.8386163388496,0.00702886399574675,0.0132872768529575,-0.0227291267608981,0.00702383312555362,-0.00531602694272384,-0.00496787473646306,-0.0331331613299819,-0.0480617037469904,-0.0148852071547109,0.344480216057842,1e-06,"E02000783","Redbridge 033",544268.825735138,185218.550398657
-4.04954389925872,-0.0203885831649038,0.0636201971911407,0.0621972937701218,0.0411747897533354,0.049063372173648,-0.0259965205619882,-0.0198853106597847,-0.0207686301080574,-0.0116467627078868,-0.12421468459032,1e-06,"E02000784","Richmond upon Thames 001",522500.9255279,177097.013956487
-3.90861229283637,0.00870970208860245,0.00495501429316313,0.0627372927956937,-0.00176897896050833,0.00543667620492779,0.00379290456079636,-0.062107282808617,-0.133840938861331,-0.013664462061032,0.0936410101840458,0.538515010514823,"E02000785","Richmond upon Thames 002",518272.10949915,176339.438894494
-2.66954394505991,-0.0154132235570214,0.00759574364207725,0.077436951418668,0.0302660664383413,0.0445891297262427,-0.015423618993652,-0.0182616517690881,-0.0436149720752522,-0.00835884276731459,-0.198140521328912,1e-06,"E02000786","Richmond upon Thames 003",521653.183950323,175894.21348566
-3.16514780288938,-0.000321556040414123,0.00312229397168769,0.0710705417136604,0.00503211034670152,0.0128359283123892,-0.00209417763696474,-0.0504101579857324,-0.124294648898897,-0.0156041419922367,-0.0140832588662751,0.645960744190077,"E02000787","Richmond upon Thames 004",519377.003659195,175964.81847416
-2.80559018114094,-0.00996406040559515,0.00172287288729505,0.0741977497648851,0.012594403325605,0.0200722925720442,-0.0118701734312286,-0.0350238710637255,-0.108207033997577,-0.0161821541688477,-0.0822366745666373,0.699138667317976,"E02000788","Richmond upon Thames 005",520493.556749511,175334.395153833
-3.08088788123465,0.00517397543470908,-0.00114071641361053,0.0789624418383889,0.00102382834619571,0.00647164123109384,-0.0127175873084563,-0.0526447064205063,-0.0926093890812934,-0.0158349404213554,-0.0122425727197261,0.553162748164674,"E02000789","Richmond upon Thames 006",519043.641496211,174485.845476845
-4.52799475014451,0.0194527568594262,0.000100131705499626,0.0826928601535203,-0.00872797282094779,-0.00935085589856732,-0.00570724430136476,-0.091972755866621,-0.0858070952006645,-0.0138237471602566,0.192478071007055,0.427543730899908,"E02000790","Richmond upon Thames 007",516714.493732276,174635.375839534
-3.67274636824792,0.0123135242293539,-9.06678894968068e-05,0.0812443589918098,-0.00368275749921496,-0.00198320578305011,-0.00960895265985659,-0.0712966010678186,-0.0956276286836114,-0.014470691006411,0.075158695931432,0.504525863949316,"E02000791","Richmond upon Thames 008",518092.176395473,174525.800449788
-4.02843433655552,0.0153517714775159,-0.000504457231925364,0.085088950563182,-0.00594578687503052,-0.00607397870811828,-0.0109347980882988,-0.0798110874473605,-0.078704179839288,-0.0117222437788922,0.124414342020589,0.459872758983374,"E02000792","Richmond upon Thames 009",517253.214541573,173961.48714041
-5.05497965240799,0.0234831058056026,-7.95147416730951e-05,0.0847687227205606,-0.0104911210775789,-0.00896861761304803,-0.00480451511229804,-0.0976349159283176,-0.052710581390607,-0.009131530098956,0.250996885728451,0.358479945522945,"E02000793","Richmond upon Thames 010",514133.185075581,174056.657717985
-4.78426505710887,0.0204625618267817,-0.000647514993649718,0.0905292338217375,-0.00982972440116299,-0.0115198279999878,-0.00786980818533748,-0.0956031097713538,-0.0641028694976058,-0.0107198813156975,0.224384980229537,0.38971263304823,"E02000794","Richmond upon Thames 011",515538.53425914,173920.257948057
-2.5933847019915,-0.00197133310293972,-0.00154978072884843,0.0555446470235379,0.00404635550005897,0.0160037079688965,-0.0220008959926065,-0.022639670168169,-0.0372561289454039,-0.00870768545579289,-0.0920241188670097,0.406885732009345,"E02000795","Richmond upon Thames 012",519707.404825412,172838.135566829
-5.05231553127463,0.0228942729806388,-0.000791717799248832,0.0867216468323891,-0.0093687964236962,-0.00780958600749991,-0.00743332368954126,-0.0958399028809213,-0.0436558457484534,-0.0069238400807973,0.248366002469566,0.35505102029182,"E02000796","Richmond upon Thames 013",513241.66180837,173404.765066718
-4.47227171765642,0.0162285611866104,-0.000855734428573258,0.0923633164170159,-0.00748751193872175,-0.00924145844364333,-0.0120939486695197,-0.0861691044630117,-0.0607634105220932,-0.00816731246568504,0.182270902985469,0.416878806127111,"E02000797","Richmond upon Thames 014",515972.351354076,173286.051809056
-4.82203878559112,0.0168164033912955,-0.00131848017887998,0.0955993335386187,-0.00727188049101851,-0.0090671814207598,-0.0132529158819369,-0.0875771119430373,-0.0421645981736931,-0.00392486771851825,0.221364270177466,0.388242470662876,"E02000798","Richmond upon Thames 015",514183.091045886,172436.742775764
-4.47975755317892,0.0129690348055589,-0.00137861955919079,0.096219056320218,-0.005562796686614,-0.00803292990427982,-0.015465843897819,-0.0793668417340366,-0.0478856861308107,-0.00422511274026081,0.177581934379035,0.412708443218606,"E02000799","Richmond upon Thames 016",515551.846761419,172385.692380372
-3.86871699982318,0.0099189372205814,-0.0019368311664659,0.0884220037893931,-0.00223389886130685,-0.00229339954232912,-0.0179869360880332,-0.0645357013073228,-0.0463569151496152,-0.0048445920133605,0.0919385197520431,0.427922542425478,"E02000800","Richmond upon Thames 017",516880.941280172,172333.043712309
-4.36354958355858,0.00852627451900046,-0.00153520807626282,0.0939735801180656,-0.00234560921326178,-0.00472382385934869,-0.0181176146048919,-0.0692855433371635,-0.0386208859577105,-0.00185279887664249,0.153835870701354,0.415878811695753,"E02000801","Richmond upon Thames 018",515688.708763175,171601.093951093
-4.66349484886192,0.00870513095303524,-0.00119460497841335,0.0963322637238477,-0.00256731271664534,-0.00616443353885844,-0.0178159746390562,-0.0718567865685764,-0.0328982337852838,8.67913349332673e-05,0.190518419445731,0.408993704297528,"E02000802","Richmond upon Thames 019",514526.740535518,171080.195115254
-4.93297920418737,0.0135499195046688,-0.0013995320468636,0.0945835717159025,-0.00424619671318955,-0.00646813966229096,-0.0161082436982208,-0.0800373638891353,-0.029773927716836,0.000232328334528585,0.225593118637162,0.399170448131509,"E02000803","Richmond upon Thames 020",513074.087667022,171127.618504706
-4.14606950745258,7.57826924388686e-06,-0.000368857553365843,0.0733178746108911,0.0046525454054107,0.00253754900362336,-0.0200070832956171,-0.0472497730698793,-0.0177484273412546,0.000231957434936072,0.105101514552992,0.378181217526597,"E02000804","Richmond upon Thames 021",515823.074916133,170124.887258231
-3.34277900097585,-0.0032522172292598,-0.000450066097675888,0.0477413892000578,0.00844540318627527,0.0121219026290119,-0.0195482170428447,-0.0220417452186134,-0.000753075145787834,-0.00216944105465712,-0.013648241405799,0.293524030479624,"E02000805","Richmond upon Thames 022",517238.107942422,169979.518946315
-4.4841096193033,-0.00293883399456081,0.00149298960946056,0.0726635396879518,0.00619088635162686,0.00238921418480354,-0.0185831690415384,-0.0472302877260069,-0.0156059870628902,0.00120447723469441,0.139890740432831,0.391256168140947,"E02000806","Richmond upon Thames 023",514835.392211437,169121.895391766
-5.81420266503701,0.0171839047335658,0.0134618935866644,0.0879591587749216,0.0229410276199788,0.000570573535028677,0.0225663389266314,-0.0608965452925026,0.0733312857697142,-0.00947387810945321,0.104706212889804,0.24265127490898,"E02000807","Southwark 001",535950.816876416,180089.720210474
-2.94434785635849,0.0396811711373585,0.00636105527796434,0.0379629126279103,0.013253236767042,-0.000689097593255821,0.0254629462279786,-0.0309406061116182,0.0333580206745724,-0.011081967182571,-0.181167756417813,0.183360627828622,"E02000808","Southwark 002",532166.574632004,180073.021530194
-4.59561714057301,0.0260793801354426,0.0102197446119831,0.0779986770158098,0.0176443318095224,-0.002921746858765,0.0265580547781802,-0.0482466459544969,0.0388249253009638,-0.00560965006931687,-0.0174932238135993,0.22712038288594,"E02000810","Southwark 004",534150.854516132,179376.48145301
-3.76681307611539,0.0341258557274713,0.007737803000078,0.0586749269446169,0.0157909935345249,-0.00205681180525042,0.0299200826693591,-0.0402819970023286,0.03327559353767,-0.00589264272224101,-0.106084444042204,0.213664771826151,"E02000812","Southwark 006",532997.492079261,179403.930914107
-5.37524348076866,0.0219901378729158,0.0113870676979523,0.0872847560504541,0.0204084995091467,-0.00189289684805918,0.0211082910432446,-0.0549130799931316,0.0543057680336626,-0.00747250821174209,0.0620527376231166,0.235538845472408,"E02000813","Southwark 007",535309.065140629,179333.350935063
-5.74031113867658,0.019273274538833,0.0123535125723136,0.0918112192134022,0.0239677787526766,-6.46231222098601e-06,0.0155303386767275,-0.0598067058100815,0.0693378869422877,-0.00937831537422195,0.0960135747538664,0.237459934579634,"E02000814","Southwark 008",536246.931896039,179394.02640593
-3.32985477469369,0.040325751541172,0.00651551396102545,0.0502582217791159,0.0169722932043622,-0.00126968393972579,0.0337554596707509,-0.0383498801535104,0.0341904392271052,-0.00400250651423403,-0.167609739146099,0.215738107486997,"E02000815","Southwark 009",532313.640126106,179190.244341504
-5.17398075963914,0.0273158128374564,0.00881857110074452,0.0798241495836595,0.0177491132165077,-0.00203195353504048,0.0243103569728173,-0.0506450973155845,0.032260762355693,-0.0052232581349367,0.0447103014039884,0.232762941997935,"E02000816","Southwark 010",534424.963917561,178621.667623153
-5.51015258511856,0.0252185568660813,0.00955481664615711,0.0848370533744938,0.019264113111072,-0.00181210953464247,0.0199901746648488,-0.0539501114839294,0.0413025430072468,-0.00652485510032554,0.0792423282341995,0.230980955092079,"E02000817","Southwark 011",535059.358675264,178639.96157825
-3.88298793079658,0.039161302506073,0.00625849155022994,0.0573385501060786,0.0171513849223581,-0.00114674855653456,0.0350032952905695,-0.0396398387360858,0.0304103977313452,-0.00132550812673763,-0.112612130435778,0.235698819114426,"E02000818","Southwark 012",532548.094812838,178582.888156483
-4.84347084477229,0.0302297399228924,0.00804067086880316,0.0742366778462562,0.0171334593649329,-0.00212163407442759,0.0281267488859619,-0.0473256161499291,0.0268864492830184,-0.00359833385020963,0.00630458466049964,0.23518758981804,"E02000819","Southwark 013",533784.335583648,178543.169805166
-3.61924308420143,0.0453538939870341,0.00468259210052821,0.0484648741468663,0.0173658844651187,0.000736145352663555,0.038400728485187,-0.0365918118564687,0.0309217556381624,0.0011393939228711,-0.154992403087592,0.254736165030863,"E02000820","Southwark 014",531832.885247055,178237.807705468
-4.91628328927276,0.0335281317962044,0.00662423194655324,0.0693995402505951,0.0163319056149366,-0.00177332329322731,0.0294824646434983,-0.0444779389992328,0.020365961179612,-0.00250949537258193,0.0125735506114442,0.240051516463139,"E02000821","Southwark 015",533471.089020247,178093.000505125
-4.45712412167757,0.0380953994438341,0.0058690780460079,0.0622185564821696,0.0165756940744324,-0.00129439128806329,0.0339004211483192,-0.0400332711358716,0.0238175388760066,-0.000410790583364179,-0.0485879655371588,0.246674103840846,"E02000822","Southwark 016",532819.089341984,178067.320256245
-4.43569575512894,0.0425289527479602,0.00438700482369174,0.0555450086054901,0.0155181319984045,-0.000141956505926838,0.035587807397487,-0.0355948241210935,0.0213724628094617,0.00119856996362219,-0.056891803623697,0.260745575631931,"E02000823","Southwark 017",532328.078360841,177681.310878789
-5.90552696096003,0.0305919850815153,0.00621865024014865,0.073991941761689,0.0158450737622823,-0.00147513699097181,0.0199434067732721,-0.0500195805111838,0.0124599274985463,-0.00611435013837084,0.134357704866309,0.22308442131822,"E02000824","Southwark 018",534549.121582045,177638.658777947
-5.65577035781643,0.0364291276779734,0.0043498970331679,0.0644237817955137,0.0137097330718467,-0.00164585548141396,0.0254510972565507,-0.0425649940018235,0.00139502200551284,-0.0035273353504179,0.103822072831789,0.234713561986676,"E02000825","Southwark 019",533573.652278858,177226.72670524
-5.43197992891505,0.04038029288497,0.00321032020414136,0.0586475814525831,0.0129675510489803,-0.00137234377444398,0.0288794901984803,-0.0375570578346963,0.00239102557671362,-0.00150275382336436,0.0723915001857791,0.246918381419072,"E02000826","Southwark 020",532971.438697793,177071.086501703
-5.12241261722328,0.0440778169508868,0.00171749783092909,0.052216754257806,0.0123092951576225,-0.000245839457407587,0.0318282386119085,-0.0320469392707735,0.00638033489629306,0.000566106111374378,0.031319682403535,0.266337670704902,"E02000827","Southwark 021",532271.0986437,176953.416227305
-6.42786721290086,0.0348263040433153,0.00358383961167973,0.0643284889592225,0.0127674531140265,-0.00150205569618856,0.0178713464653518,-0.0468575066756033,-0.0109994841787775,-0.00715245587562119,0.203586826588872,0.207069751172527,"E02000828","Southwark 022",534322.025720463,176842.99546817
-7.01834470812404,0.0337245002011514,0.00365948143666378,0.0646438874375278,0.0137653609011022,-0.000660741155746677,0.0124307215843787,-0.0516148893647007,-0.00805975173023134,-0.0093860533863264,0.269533909605745,0.185732885534713,"E02000829","Southwark 023",534994.406115359,176761.546201155
-6.3876543507824,0.0414569543293578,-0.000336515196319613,0.0522015048358406,0.00937868651383611,-0.00193877531316244,0.0210370904793064,-0.0354201626474862,-0.0241772700668994,-0.0052492236817706,0.202405313722633,0.212976413670361,"E02000830","Southwark 024",533207.225213779,176207.919411428
-7.01441585612933,0.0391290966975794,0.000702491117399565,0.0534929316236972,0.010105247333243,-0.00141808298016406,0.0156876111873173,-0.0422468120701126,-0.0302113594404974,-0.00844081837410855,0.277636998641634,0.182658869097217,"E02000831","Southwark 025",534025.6360581,176108.515525185
-8.36356939393313,0.0389946495215882,0.000217094506807634,0.0489631868646981,0.0111238625087361,0.000474506573750329,0.0090434686830782,-0.0509022974229509,-0.0374164191697414,-0.0128285774632566,0.427523936624419,0.127418925311852,"E02000832","Southwark 026",534945.969080079,175819.129369525
-7.05439561740663,0.0410511026293147,-0.00585555870243874,0.0480971774773583,0.00668589048926901,-0.00218560060186602,0.015337572714623,-0.0311117460438648,-0.0432895628094077,-0.00739501020234115,0.298811440430726,0.172045376616594,"E02000833","Southwark 027",533033.340785707,175379.200482751
-8.57124920644679,0.0419093554469858,-0.00368720044032422,0.0415463730624625,0.00826551266596173,-0.000388034094130135,0.00924126798027967,-0.0419981846399699,-0.0554741281238065,-0.012817585025667,0.462599978147912,0.101831760374602,"E02000834","Southwark 028",534319.801879149,175068.848782708
-9.83623028863241,0.0453269988730821,-0.00373627772956501,0.0363241426394688,0.010208573957523,-4.39023202757633e-05,0.00121336825937739,-0.0553686289699757,-0.053127338277177,-0.0180242379891104,0.596398171871936,0.0252529708387054,"E02000835","Southwark 029",535501.815480569,174841.420126263
-8.5885435167795,0.0406475341799567,-0.0102375798770309,0.0416376328575778,0.00727711757413539,-0.00106401913920593,0.00828652971922348,-0.0349210610160487,-0.0640760989184705,-0.012264052644735,0.479702114181145,0.0804593785323007,"E02000836","Southwark 030",533643.874777118,174620.678852096
-9.43698351612853,0.0367805857134548,-0.00950400422741388,0.0388899821599935,0.00784713855675949,-0.000447547553265709,0.00651701925000404,-0.0309007386538337,-0.0794106628664349,-0.0112581714668393,0.583013355871948,0.0287686420288636,"E02000837","Southwark 031",532970.528372891,173960.449670556
-10.1727777707446,0.0431524154479537,-0.0135807915758056,0.0326873043271682,0.00862893537916197,-0.000220076224033763,0.00086151146005545,-0.0419050682016246,-0.0809342812681512,-0.017118865430952,0.657248245216328,1e-06,"E02000838","Southwark 032",534406.05988623,173921.71068905
-10.4933423840268,0.0376806130635209,0.0131761396525277,0.0351200403700022,0.00249489484120101,-0.00233553597022913,-0.00227406554451735,-0.0286378601879102,-0.112725167688341,-0.01250697668728,0.707904113420977,1e-06,"E02000839","Southwark 033",533648.481653015,172353.476081775
-8.39246029784688,0.0264608599225821,0.0254274145836529,-0.0171126119263907,0.00648466855713882,0.0157153064150609,0.00900582488829772,0.0187824682201104,-0.131175992177634,0.0157777147310926,0.429618732715387,1e-06,"E02000840","Sutton 001",527484.618597314,166913.914774194
-7.74017472717591,0.0199075909116585,0.0262783345684755,0.00523817925474721,0.00745493828190092,0.0191850377711113,0.00560409533868209,0.02306679054383,-0.118894398978375,0.0174719240940959,0.348400739447236,1e-06,"E02000841","Sutton 002",526330.564474553,166443.008371811
-7.21426945720062,0.0120177412227103,0.0266638958233088,0.0143152602648515,0.00992717759712663,0.0228067747991965,0.00174263619442389,0.0281705136754229,-0.102850273017703,0.0169799543216204,0.285935910407627,1e-06,"E02000842","Sutton 003",524755.469821751,166084.513580558
-7.8269185414641,0.028639533207046,0.026812848448596,-0.0358232732571198,0.00689365790292529,0.0128492998795042,0.0154743544212224,0.0146929839017283,-0.129521242155919,0.0180131416393554,0.371994944613824,1e-06,"E02000843","Sutton 004",528135.391053305,165926.764035297
-7.58119547251904,0.0249631743314174,0.0267612208347948,-0.0180065821883717,0.00711808199271909,0.0153358992368809,0.0122455042192538,0.0181612171557783,-0.124609042022489,0.0184650286679305,0.338597163487878,1e-06,"E02000844","Sutton 005",527360.478246642,165782.515630205
-5.95357873177932,0.00393218307371236,0.025701494519355,-0.00584221319854597,0.0137902590489275,0.0229340478971754,-0.001022883260811,0.0290721953110168,-0.0638223348016014,0.0105766125839328,0.163801048884706,1e-06,"E02000845","Sutton 006",522708.12734303,165981.650493623
-7.35425578259706,0.0178325714153025,0.0267481912766705,0.00423497679226682,0.00844622192925374,0.0198410291362851,0.006414934023264,0.0245780736847172,-0.113737083609861,0.0188970147879973,0.30421664991772,1e-06,"E02000846","Sutton 007",525892.86999623,165685.26068468
-6.32116547132354,0.0061130321823207,0.0260241295044971,-0.000389738136416469,0.0132450784889509,0.0234133365215412,0.00116797356796762,0.0302602742261685,-0.0795362577033366,0.0140912343951832,0.195763817975179,1e-06,"E02000847","Sutton 008",523223.294631632,165447.787948115
-6.70699843195244,0.0101480481165062,0.0265159905133227,0.00286935536433589,0.0117001480779226,0.0227428796958387,0.00357605268589715,0.0296446847426878,-0.093680156644362,0.0175772028625522,0.232757932370828,1e-06,"E02000848","Sutton 009",524070.296825338,165018.46523065
-7.4850505157696,0.0303194344139177,0.0283277816540572,-0.0493004604648778,0.00666773608170307,0.0107285155681101,0.0194598075104873,0.0114963867991321,-0.126162642717441,0.0189357548229021,0.338562227020752,1e-06,"E02000849","Sutton 010",528808.982381929,164945.704237518
-8.01974685308048,0.033137083294942,0.027108427720638,-0.0593837242413162,0.00707758435513982,0.00829841162509902,0.0215772113280432,0.00864662040393953,-0.130069826951944,0.0185094544876902,0.402101528832416,1e-06,"E02000850","Sutton 011",529699.029214029,165792.465449302
-7.13289324965539,0.0186222655372842,0.0274529041623329,-0.00521596550713394,0.00864131157120991,0.0189238667313054,0.00945766300333716,0.0237302544629985,-0.112516473541137,0.0200404575456896,0.281685756193263,1e-06,"E02000851","Sutton 012",526018.817894071,164633.663049773
-7.17670357057034,0.0220366639521344,0.0275346315169707,-0.0134919109592071,0.00779635325979614,0.0167054210824208,0.0120653682962381,0.0203090555732856,-0.117128869751469,0.0197542769134193,0.290736148342757,1e-06,"E02000852","Sutton 013",526793.938996798,164719.15585395
-6.97579063900259,0.0143156388058111,0.0271322072081992,0.000658063567521072,0.0101055879828925,0.0212180228605232,0.0065285846867,0.0274873678386007,-0.104297548796971,0.0196757959408066,0.261402925839857,1e-06,"E02000853","Sutton 014",524988.166104995,164604.720564785
-7.14307819518068,0.0256763868234498,0.0283206806448436,-0.0298199770748093,0.00716200693381262,0.0140333735099636,0.0160997032188983,0.0162752931905616,-0.11989028640599,0.0194726955843797,0.292976944106223,1e-06,"E02000854","Sutton 015",527657.598724089,164347.644766357
-6.63622192864157,0.0121633966398905,0.0268714089120622,-0.0055388028173821,0.0114078849205077,0.0215676091615565,0.0067215849191607,0.0292132475404729,-0.0943368418644349,0.0194456359767267,0.226332354673247,1e-06,"E02000855","Sutton 016",524136.684384647,163697.747958762
-7.27670667309533,0.0291853104447212,0.03033160861144,-0.0503794029459317,0.00649411778496656,0.0100162395117476,0.021989090308674,0.0102879973576182,-0.120241815954442,0.0194745879317349,0.315750359591143,1e-06,"E02000856","Sutton 017",529207.841842538,163695.644731568
-6.98027187736399,0.0169734213743283,0.028000114026019,-0.00845023225808978,0.00935053132541956,0.0196280397206709,0.0100471080072648,0.0252886175442275,-0.107155422974388,0.0207785923361163,0.264151045119981,1e-06,"E02000857","Sutton 018",525550.75741486,163607.283208731
-7.47410703482135,0.0299732602770176,0.0312707591880558,-0.0569813012175624,0.00642867027069191,0.00765726050592654,0.0252279246178712,0.007550245706832,-0.118953800860871,0.0193128995291076,0.341705542233562,1e-06,"E02000858","Sutton 019",530312.938307134,163572.117467899
-7.0888129372098,0.0270071307292199,0.030332425701591,-0.0423628688783824,0.00677498289878169,0.0119615852047257,0.0202750283948577,0.013085987331872,-0.11723559794874,0.0196770028446731,0.290774366714823,1e-06,"E02000859","Sutton 020",528451.424290245,163237.271777525
-6.99249201302593,0.019448809328391,0.0286548781134572,-0.0156456382380731,0.0085649990125918,0.018075466302267,0.0124660062694101,0.0228024908141534,-0.109830688102618,0.0209761128491602,0.268150983371313,1e-06,"E02000860","Sutton 021",526178.063407445,163185.038744623
-6.99768293811699,0.0214316796252891,0.0294871174229027,-0.0221134514965192,0.00784862346208527,0.0163346771920263,0.0150357286005135,0.0199000609830535,-0.110360704685067,0.0209532789173567,0.271791964028212,0.00297037082272034,"E02000861","Sutton 022",526857.097780007,162705.766105374
-7.05424203235982,0.0244974152953779,0.0327124352509741,-0.0400519584310335,0.00664434736737921,0.012292835351582,0.0219496297279329,0.0126143864433625,-0.109460973203024,0.0199093013436943,0.285384688994241,0.0074606961200453,"E02000863","Sutton 024",528593.828704074,161586.631898787
-3.11054335664632,-0.00413138498081986,0.0182483687832371,0.070227565078327,0.0220601857428333,0.0233479518402064,0.0116887681265255,-0.0527072270038238,0.0405871760771114,-0.0214316465391242,-0.10974149051137,0.190301916597014,"E02000864","Tower Hamlets 001",536801.765497257,184035.86565295
-3.5174457073355,0.0104879514133678,0.0117167477924126,0.0306906075058639,0.0168877567464651,0.00603082775335083,0.0134330756255765,-0.0494219582161798,0.0476013510530901,-0.020324068813751,-0.0446267622441842,0.22853600708949,"E02000865","Tower Hamlets 002",535070.148424527,183239.159322518
-4.05606064882125,0.00304508965637367,0.015962416506304,0.061432484820191,0.0223786273568357,0.0159044115756823,0.0176859839204492,-0.065415987389335,0.0660971652289675,-0.018739594487611,-0.0234926991835929,0.231543486806219,"E02000866","Tower Hamlets 003",536118.603077967,183271.365462734
-4.19925728476768,-0.00157107809193301,0.0203649897244118,0.104251522420576,0.0237522014833397,0.0207533425840098,0.0166291686342247,-0.0595966786514742,0.056235383849971,-0.0188844687967666,-0.0385000986883215,0.194249060701594,"E02000867","Tower Hamlets 004",537217.034709593,183273.338175106
-3.35339392509087,0.0162308069372842,0.00938406335008469,0.0210610958729182,0.0122228925602387,0.000264737523344606,0.0112098002592645,-0.0376432102297532,0.0390007548827029,-0.0213141051008012,-0.0485559364703032,0.210155130988966,"E02000868","Tower Hamlets 005",534532.091827277,183042.974347218
-3.25207228372948,0.0224744937148042,0.00688255753546103,0.0110479790984521,0.00685437440770546,-0.00257392934664922,0.00779903880064607,-0.0219751791290064,0.0319560949624962,-0.0233989396986276,-0.0476968631703937,0.179673500010931,"E02000869","Tower Hamlets 006",533882.180931196,182816.805075868
-4.21490436718777,0.00976723952976398,0.0133774586813662,0.0471634630453036,0.0197293590034812,0.00679277907763093,0.0180856416069676,-0.0601917173017478,0.0604752756897672,-0.0176641430686446,0.00183859093936283,0.2367996423231,"E02000870","Tower Hamlets 007",535460.375679255,182771.55922924
-5.10952798858889,0.00130785729305662,0.0220394515643593,0.143231497632538,0.0250213141092918,0.0193637196013881,0.0190725271088256,-0.05753000376367,0.0612079348407748,-0.0163662301507467,0.0133682430733444,0.182092134946051,"E02000871","Tower Hamlets 008",537882.235296635,182557.134884287
-3.51521258747002,0.0226539720709972,0.00776465734059426,0.0219013628590098,0.00790614064149195,-0.00442840640890445,0.0110906972769329,-0.0255385616292957,0.0347848903568027,-0.0210483835308578,-0.0350502534328255,0.184957389521135,"E02000872","Tower Hamlets 009",534035.977448441,182398.718542441
-4.78035412280789,0.00809846969326823,0.0155311705590489,0.0660836195855291,0.0224786982130009,0.00975092452487431,0.0210628774291959,-0.0693194468610676,0.0731712370293441,-0.0163374147984875,0.034985615868703,0.240388004666418,"E02000873","Tower Hamlets 010",535925.673467696,182504.803735411
-4.22237290228392,0.0133769789940935,0.012208436087069,0.0449201550566384,0.0177924573719615,0.00219398558987783,0.0182265779943623,-0.0541738510271608,0.0556143152202403,-0.0170339832923115,0.00414475910357674,0.230387745793137,"E02000874","Tower Hamlets 011",535176.497445256,182440.85939832
-5.3785818202855,0.00417770608187166,0.0211368815473653,0.126154423334108,0.0255955393491756,0.0164796005468867,0.0217884477346518,-0.0659081373194918,0.0736497231562122,-0.0158787346084673,0.0421615995375796,0.20975642285117,"E02000875","Tower Hamlets 012",537318.815984416,182238.345431267
-3.98397416765155,0.0174814251840256,0.0106182099736254,0.0402074408009732,0.0145509961268521,-0.00192525627621821,0.0167977830311295,-0.0435487289383546,0.0474177635743272,-0.017319489583216,-0.0136634949640018,0.215551134233495,"E02000876","Tower Hamlets 013",534759.814770147,182194.908538499
-5.59383637921654,0.00688410473725554,0.0192213371109752,0.105584129158361,0.0254230624151096,0.012879272681178,0.0235939959268011,-0.0727769337505963,0.0831421442899288,-0.015144520052557,0.074900093567586,0.230979795930289,"E02000877","Tower Hamlets 014",536763.568600849,181980.329555016
-3.67644994402105,0.0246650109606357,0.00815657193423057,0.0326195974276148,0.00831304807069744,-0.00571634313850296,0.0139583182418622,-0.0250925199723486,0.0353794314367723,-0.0184413152741634,-0.0365100998920864,0.180156883231888,"E02000878","Tower Hamlets 015",533895.079981502,181772.540175824
-5.09273250652819,0.0145180747517226,0.0136144851399343,0.0661257851137547,0.0202724389230704,0.00160482573422861,0.0235729086491381,-0.0608608396554862,0.0684457912109412,-0.0135892058017196,0.0604597081476317,0.237881227986802,"E02000879","Tower Hamlets 016",535526.274829227,181628.678795339
-4.49305355822768,0.0179308050394589,0.0116408287829796,0.0550259388731876,0.0165116352604808,-0.00221606426916084,0.0208129541327582,-0.0487380550414832,0.0544659335103665,-0.0143903567728323,0.0155133385786254,0.22260595298408,"E02000880","Tower Hamlets 017",534986.787514011,181619.672126119
-5.78859013004607,0.00516879623225748,0.0217420719472787,0.155393782376683,0.0262522760028209,0.0169942551478051,0.0182984476553897,-0.0550789536234029,0.065961218512619,-0.0140836599546022,0.061646291669202,0.185647414663282,"E02000881","Tower Hamlets 018",538282.093085874,181602.299897946
-5.63541636452393,0.011334951279688,0.0161704513422731,0.0838467560355728,0.0236551413381103,0.00687319121702798,0.0248397747000691,-0.0704925083830701,0.0817067358504759,-0.0135772439940779,0.0941262512783443,0.243414009504711,"E02000882","Tower Hamlets 019",536109.538874059,181579.606991823
-5.84769448274252,0.00741535136069685,0.0210507097283288,0.142145082246844,0.026789266909714,0.0148474434832869,0.0186102680583135,-0.0586568596541464,0.0717789827097614,-0.0137031830333087,0.0686503666195469,0.202472833521573,"E02000883","Tower Hamlets 020",537947.157227997,181268.107791443
-4.03345963105011,0.023267964876991,0.00982266223378698,0.0502513050034332,0.0120225979913446,-0.00586321676433461,0.0192733716263106,-0.0346957357946681,0.0413615524258967,-0.0141864877576901,-0.0258958529095705,0.197584811920985,"E02000884","Tower Hamlets 021",534263.351019503,181246.603280418
-4.94168815641566,0.0183700265009114,0.0123301687255588,0.0670370633161679,0.0180532816916345,-0.00239551419127444,0.0239106007409671,-0.0524874464023952,0.0601108676023666,-0.0118124552650072,0.0428412463608748,0.228585741848124,"E02000885","Tower Hamlets 022",535176.891869801,181091.092296544
-5.90302490359067,0.0114440407539482,0.017825782692242,0.102886402060197,0.0257305198731037,0.00896365981589444,0.0228990015575182,-0.0676210673171806,0.0820497843214762,-0.0128386217691217,0.0975160060568138,0.237508965332069,"E02000886","Tower Hamlets 023",536694.144750366,181036.290835029
-5.87040735261027,0.00970791861711304,0.0197643922027569,0.123804107871708,0.0268759816131352,0.0120360669630007,0.0196601761431514,-0.0634196764254403,0.0780211030718019,-0.013256143945256,0.078290719502225,0.221052484642687,"E02000887","Tower Hamlets 024",537423.105483326,181016.80714904
-5.37451384617821,0.0168210225906373,0.0135274674327286,0.0770683506160473,0.020788714835292,-5.01286261853609e-05,0.0250553530447787,-0.058558685708979,0.0688847068902788,-0.0111167316601463,0.0724007238300486,0.237367927482492,"E02000888","Tower Hamlets 025",535550.313322982,180886.257601441
-4.39499575274847,0.0228935357778356,0.0109140941496975,0.066826029116269,0.0153045619844109,-0.00465367046582482,0.023065640996388,-0.0433060418546723,0.0458828270805348,-0.0105004437416554,-0.0140903571580781,0.213130659986556,"E02000889","Tower Hamlets 026",534473.749855697,180589.486016871
-4.33398393421279,0.023668977869695,0.0108305378976686,0.0686801518123386,0.0155127103523567,-0.00460638088686907,0.0236704250098098,-0.043193646742227,0.0440470926143384,-0.00963668805448341,-0.0248468519253835,0.21339403860734,"E02000890","Tower Hamlets 027",534344.14713449,180399.507465472
-5.81132248211157,0.0174953587963084,0.014219981538402,0.120636575333212,0.0279961894189241,0.00380087883765559,-0.00163593135487894,-0.0519726974360614,0.064576765473753,-0.0125106392600144,0.0872253159639195,0.20260759428022,"E02000893","Tower Hamlets 030",538312.680000644,178817.782974235
-5.58138628624293,0.0203435014359197,0.0127887685606011,0.104146768162728,0.0267619646587301,0.00134792340151046,0.000760366182313416,-0.055012684415191,0.0652250647052392,-0.0117208511217189,0.0718244169744321,0.211527513850196,"E02000894","Tower Hamlets 031",537582.449927374,178670.784891026
-3.00153136223095,-0.00340652334042649,0.0200927161383239,0.0506590926447111,0.00904091229396873,0.00997665137952376,-0.0148639050621695,-0.0217481122232451,-0.102507501179995,-0.0142360279276423,-0.0301967813822129,0.0675053828344955,"E02000895","Waltham Forest 001",537872.578331195,194780.005338128
-3.43636443903785,0.000686114324596072,0.0154480542705329,0.0372204320653738,0.0087566934987722,0.00726550940853837,-0.017453525105467,-0.0226593311760922,-0.099684174800412,-0.0125123031765638,0.0357305575613281,0.0507721570801208,"E02000896","Waltham Forest 002",539198.58191395,194616.858400866
-3.36546766734519,0.00409962418518945,0.01485027680132,0.0244111207080512,0.00927970335517587,0.00586002444171487,-0.0241683575462989,-0.0306887054859846,-0.106031066007456,-0.014753003382776,0.0393901334176538,0.0439074917514696,"E02000897","Waltham Forest 003",539312.679575108,193053.749911181
-2.80507875301876,-3.73427244177374e-06,0.019551232815506,0.0385615276500624,0.00947640739201963,0.00827619610118774,-0.021640733791454,-0.0342001537531584,-0.114079052039078,-0.0169918320451128,-0.0385623875983795,0.0699506450273327,"E02000898","Waltham Forest 004",538163.342516713,192946.57964298
-2.48568283436216,-0.0033628788072358,0.0246992011757511,0.051042454343903,0.00936788350880624,0.00986692231597738,-0.0185842771016573,-0.0350189369457677,-0.117130796718003,-0.0182393231326031,-0.0894180657415722,0.0876455336225602,"E02000899","Waltham Forest 005",537340.568145645,192931.976961498
-2.18844954364339,-0.00439005113361001,0.0299021231478417,0.0555408792269195,0.00922902935283059,0.0103546487958661,-0.0185753933572502,-0.042313700571935,-0.121153439906744,-0.0209586342383273,-0.130646559646058,0.102122924274624,"E02000900","Waltham Forest 006",536827.40062487,192132.118148854
-2.98114008177644,0.00612100701010339,0.0155190432655232,0.0143335097010464,0.00972155468885019,0.00596171893902488,-0.0299461002245988,-0.0401477119583546,-0.110073458796178,-0.0189302508152111,0.00341769526326763,0.0444221864936064,"E02000901","Waltham Forest 007",538949.014869252,191749.95381188
-2.34912140774345,0.00285974823720511,0.0212147108732812,0.0274102308872468,0.00956933473302804,0.0085659437817824,-0.028904503177508,-0.0498939070699078,-0.122839917156908,-0.0233170987298044,-0.0813919593162065,0.0713806968446841,"E02000902","Waltham Forest 008",537870.821140362,191326.343200347
-1.96038225936165,-0.00519681837472813,0.038589445121255,0.0616262301124687,0.00804113341457396,0.0105880201132715,-0.0187510190346916,-0.0567621519790084,-0.125765124341054,-0.026350545706487,-0.164802665519485,0.108487817733257,"E02000903","Waltham Forest 009",536336.419213624,190955.778401361
-2.62531320412426,0.00856638430848607,0.0151540594739997,0.000648215544119541,0.00977029514681093,0.00616292225626062,-0.0344431931978907,-0.0488541438595378,-0.108897347086975,-0.023756286458512,-0.025320820287128,0.0391197328998432,"E02000904","Waltham Forest 010",538780.351907135,190593.337408585
-1.77179912021553,0.00375026311059393,0.0236481540836554,0.0221090569075001,0.00930064007690177,0.0103623209306015,-0.0287710845031769,-0.0622112033354602,-0.120135039719098,-0.029949054347246,-0.145828135837526,0.0810624045567783,"E02000905","Waltham Forest 011",537364.725666631,190196.731495067
-1.49615882432936,0.000837133081974009,0.0306817701956648,0.035196802943484,0.00811330948180933,0.0117568505394847,-0.0246688172455541,-0.0702189464993932,-0.124204186596353,-0.0339310378886371,-0.188924641739031,0.0925933532277019,"E02000906","Waltham Forest 012",536715.438773793,189820.096272403
-2.02968215372397,0.00953727788371043,0.0161849903644341,-0.00726639290003077,0.00989641470932157,0.00790734399085967,-0.0348982566430206,-0.0569801094265714,-0.106772268267803,-0.0307351893007052,-0.0892856218379388,0.0453169256479037,"E02000907","Waltham Forest 013",538315.562223892,189619.986995933
-1.78197849993137,-0.00725417376054481,0.045296910716527,0.06567521257269,0.00761680459791148,0.0112688872232966,-0.00986010279229801,-0.066556153585879,-0.0962602663222996,-0.0341226171916085,-0.192957756643878,0.117016469425293,"E02000908","Waltham Forest 014",535581.893592601,189603.655063555
-2.24374423414947,0.0106499522556955,0.0138518961163195,-0.015489514184161,0.00992205881966351,0.0063777005323956,-0.0354966747973139,-0.0517305926918711,-0.100528963816888,-0.030283181966327,-0.05505887120281,0.0333320554279033,"E02000909","Waltham Forest 015",538766.05167708,189298.264173449
-1.23498590097329,0.0077631237615179,0.0202987741126054,-0.00308128119551882,0.00970363105133474,0.0115343806968743,-0.0304386432545242,-0.0647983097582574,-0.10353443341988,-0.0390431277320199,-0.187346335468294,0.0680605841457661,"E02000910","Waltham Forest 016",537425.347887274,188906.343250677
-1.03808358934097,0.00270193133730609,0.0269064746920593,0.0186303305025638,0.00907017112955235,0.0131197905242976,-0.0222751011693795,-0.0695158230921528,-0.0947193365709849,-0.0413640512388754,-0.228476731012462,0.0948282689846266,"E02000911","Waltham Forest 017",536625.117627397,188860.188150899
-0.762171853261956,-0.00197806209780724,0.0309789779803724,0.0258486080415548,0.00963357526625573,0.0146399916173436,-0.00826624806358035,-0.0619813980375109,-0.0596760792968725,-0.0458372558126225,-0.270828067936308,0.129200820675871,"E02000912","Waltham Forest 018",535685.081707018,188174.107920574
-1.81113931659376,0.00959924462052574,0.0136075464168961,-0.0191953931783138,0.0107262236065194,0.00776193384881307,-0.0327881114195469,-0.0481850486727719,-0.0889111121704367,-0.0356636386666611,-0.100864920019051,0.0368608275726838,"E02000913","Waltham Forest 019",538611.054508763,188188.194051914
-1.07443556067249,0.00797898385701744,0.0166453953602921,-0.0155273382809958,0.0110664962654949,0.0120036370477819,-0.0291384294372925,-0.0547496100015881,-0.0874375214019947,-0.0414721725790059,-0.194103913171779,0.0577274062761191,"E02000914","Waltham Forest 020",537759.859026064,188009.935776596
-2.41641812058139,0.00971381538494763,0.0119279039807192,-0.0178651424912912,0.010360132747517,0.00537690005782997,-0.0329782823568157,-0.0424561627802967,-0.086440582484282,-0.031334773416188,-0.028731907831076,0.0259064467323746,"E02000915","Waltham Forest 021",539280.213471403,188158.263678788
-0.540091448588168,-0.000684043593452765,0.0213829492236954,0.00517538094977073,0.0123833274691389,0.0193266852870213,-0.00965514281576248,-0.0542234509551617,-0.0418755699124425,-0.0438325278167438,-0.282578401293942,0.122806974082957,"E02000916","Waltham Forest 022",536276.630224818,187235.11810211
-1.33073208404628,0.00433418871250502,0.0151319735266371,-0.00483923052417429,0.0132517277276112,0.0132371472543413,-0.0239534860101587,-0.0461428342537304,-0.0678467764822339,-0.0369736579307058,-0.176037671494692,0.0622658045110656,"E02000917","Waltham Forest 023",538090.593389153,187168.273739525
-2.75084140304631,0.00615323994298478,0.0113342163345132,0.00289325961802183,0.0120120867225086,0.00701079677396545,-0.0288674481578486,-0.0376225312496734,-0.0730283709356001,-0.0294896788592992,-0.00575418150043748,1e-06,"E02000918","Waltham Forest 024",539536.180484895,187150.673090244
-1.76642629526203,0.00180508845275598,0.0137687861798947,0.0147147248980908,0.0148987592750594,0.0134498139707375,-0.0227015271028511,-0.0382215490504031,-0.0651572940564258,-0.0340738013334676,-0.137873346962653,1e-06,"E02000919","Waltham Forest 025",538476.846585683,186696.983012213
-1.23436817067644,-0.00370829153535511,0.0160833692673642,0.0299322574632577,0.0171745754652122,0.019635393479543,-0.0143614215742192,-0.0373866835547803,-0.0493671335064231,-0.035309239499722,-0.219478645641641,1e-06,"E02000920","Waltham Forest 026",537640.142884669,186317.602689528
-2.30927829680034,0.00121467949781552,0.0133321056482317,0.0308429026035861,0.0159789180907774,0.0137964284567578,-0.0184849638261676,-0.0320725249841135,-0.0563368600764587,-0.0298318625501847,-0.0966217752274847,1e-06,"E02000921","Waltham Forest 027",538885.521099878,186164.51729863
-3.11731649650765,0.00331126128768739,0.0120485739151661,0.0334644543702719,0.0150039510558996,0.0106620819793219,-0.0195667538173458,-0.0308704311553977,-0.0550556917496959,-0.0266437641025133,-0.00558845413955355,1e-06,"E02000922","Waltham Forest 028",539591.731862418,186023.295631527
-4.48623378699221,0.0487420718770137,0.0146315285302131,0.0123185675440358,0.0116183263345969,0.0251420618443809,0.00874601583279102,-0.0339856852800681,0.00816001356793224,0.0049751327935918,-0.05535511561337,0.569221543729295,"E02000923","Wandsworth 001",527790.041433007,177060.190960286
-5.22719092509633,0.0522079790833446,0.0165562689745923,-6.33674882362075e-05,0.00757769489104426,0.0233133582919722,0.00690964689438227,-0.0253942106419359,0.00337630491194517,0.00766935846937999,0.0307693929229567,0.557008674109602,"E02000925","Wandsworth 003",527711.115492102,176525.087237255
-2.5244623848671,0.048045959066157,0.0205903761197618,0.00441414024930553,0.00660558055198244,0.0327458382093158,-0.020044522004115,-0.0418405502668879,0.008748282190503,-0.000480248086014539,-0.234319339423368,1e-06,"E02000926","Wandsworth 004",526835.063918881,176249.314266672
-5.74203269865615,0.0569077643440215,0.0133292104412651,-0.00576404735550364,0.00530676417999715,0.0179371059017942,0.0109951915091483,-0.0193947472290755,-0.00210957644691633,0.00673669407156522,0.0932327840614969,0.445519568275369,"E02000927","Wandsworth 005",528319.117945372,175940.035467841
-4.77751345166821,-0.015237569124506,0.0204736896631331,0.0634739441016388,0.0396558066978222,0.0433382627512547,-0.028547502457579,-0.0167600070188928,-0.00867395654337019,0.00109186201301092,-0.0141391688638946,1e-06,"E02000928","Wandsworth 006",523375.70379607,175759.313914999
-3.24731815561135,0.0514760642972054,0.0205804561739227,-0.0110333256757482,0.00214625494154631,0.0297095304074275,-0.0191655900260691,-0.0345765646359842,0.00579400226576428,0.00284728456593819,-0.144947392087041,1e-06,"E02000929","Wandsworth 007",526736.489764444,175664.465991091
-6.57324768147647,0.0548903907030325,0.0182894542220807,-0.0201007941304605,0.00136443786763976,0.0204864121625741,0.00201002879604562,-0.0157533442403484,-0.00541342221876745,0.0102338673835514,0.19597712379098,0.5028723246075,"E02000930","Wandsworth 008",527533.246548786,175731.818798254
-7.38090055726298,0.0576971256105993,0.0162517739741441,-0.0240410581455802,0.000786697106438417,0.0161084172211357,0.00608203475709113,-0.0121151292346259,-0.0162952113655363,0.00812459689021577,0.288926120930213,0.373342991927127,"E02000931","Wandsworth 009",528164.10124717,175099.318933061
-5.6790046176961,0.0235603036621021,0.0152923450887676,-0.010644587026011,0.0123936069967185,0.033685714474475,-0.0335410312572743,-0.022361712600459,0.00350544360118152,0.0110013871655235,0.139555415250629,1e-06,"E02000932","Wandsworth 010",524950.880920375,175114.515431044
-4.87512305905239,-0.0130015302885649,0.0168886070963386,0.0454836684380577,0.0346967753896833,0.0396316619369132,-0.0221187809162173,-0.0100436871863767,-0.0282335230545252,-0.000198608226646236,0.019836643217849,1e-06,"E02000933","Wandsworth 011",523029.475772516,175044.151097436
-7.8861499680764,0.0503708853786288,0.0183518073455081,-0.0443973928142476,-0.00234800492928718,0.0201713962268849,-0.00989522738206248,-0.00914621043165175,-0.0117008712542767,0.0122771005073665,0.37019642293199,0.489348091684094,"E02000934","Wandsworth 012",526610.344416673,175102.206727266
-3.22303072595611,-0.0152680388618637,0.0110019586227122,0.0541942210841028,0.0195707881669913,0.0217784474452109,-0.0203256205227473,-0.01918251508428,-0.0964968458126542,-0.00626942105022427,-0.0717437069054636,0.635312230410359,"E02000935","Wandsworth 013",521670.000220281,174688.302416669
-7.06109784099804,0.00739195183155945,0.0140215849136607,-0.0192936640175838,0.0224424416640285,0.032303626056732,-0.0233210630086844,-0.00277717052753421,-0.0167980885474521,0.00798065334363046,0.28654983602825,1e-06,"E02000936","Wandsworth 014",524048.773110464,174493.250100112
-9.55399466523652,0.0562517664873204,0.0201685337348239,-0.0546320986515904,-0.00277663028331932,0.0174185309077017,-0.00322319592024826,-0.0038204205392474,-0.029928971547057,0.00965765158765215,0.545117771140509,0.302927359291784,"E02000937","Wandsworth 015",527353.815318528,174216.674363071
-4.6869168949674,-0.00574023239326364,0.0175340714598045,0.00645403264391615,0.0195810608237292,0.0217434691996535,-0.0183481272934402,-0.000724222500775933,-0.0789291444590894,0.00431581081608698,0.0577997305893502,0.497178916670666,"E02000938","Wandsworth 016",522902.580256046,174116.307085059
-9.44048922033106,0.0578782333182151,0.01906960464796,-0.0427395883669511,-0.00120855841164912,0.0153889035465566,0.0036114504698018,-0.00535770435077449,-0.0359971701091592,0.00780297208908786,0.523381098214047,0.26093211414285,"E02000939","Wandsworth 017",528144.757235831,174253.137303244
-9.27607844537847,0.0426567160580646,0.0157063856038723,-0.0788605938025833,0.0022945412226571,0.020508144326024,-0.0158069003571445,0.000468901663743546,-0.022826853349789,0.0111944369376104,0.543272229797713,0.362023304694655,"E02000940","Wandsworth 018",525609.332084291,174183.022594718
-9.97388828413835,0.0518562976578181,0.0186578577956575,-0.0773366314162021,-0.00180571904656278,0.0194484334190304,-0.0117840554259805,-0.000624232332710398,-0.0267909210128717,0.011676946434167,0.607192097876853,0.319769290092204,"E02000941","Wandsworth 019",526382.98452076,174166.978322693
-8.29770614249066,0.0294437429205905,0.0175536799797748,-0.0777388660382946,0.0076074155746984,0.0224477325424594,-0.0156738153822944,0.00580262060510732,-0.0371523366576867,0.00893979106611823,0.443715249771928,0.35494336275972,"E02000942","Wandsworth 020",524781.083317253,173899.322947773
-10.6273124804839,0.054526401059018,0.0187774207425688,-0.0377807988007309,-0.000245189568396972,0.0148894500757582,0.00451437336120904,-0.00339652428254536,-0.0488184832485517,0.00576739832327862,0.655179098170812,0.190966757394079,"E02000943","Wandsworth 021",528436.055151694,173769.853610673
-7.00213916249437,0.017393766141014,0.0218759776351131,-0.0645909768398341,0.0107105817927662,0.0233101494710082,-0.0146154187618913,0.00915232010241405,-0.0572728842106999,0.00715135883680561,0.304924572245957,0.355917102042722,"E02000944","Wandsworth 022",524094.970738745,173680.686121349
-4.46152960892238,-0.00092367074545169,0.0279344436253061,-0.0183720900199656,0.0101712395356433,0.0206349899950022,-0.0157839742530491,0.00765157694872686,-0.0702600688588612,0.00476501595124383,0.0409738311760764,0.308871285679812,"E02000945","Wandsworth 023",522542.243719637,172939.249451993
-12.3597948464789,0.0505865198552025,0.0216137548041518,-0.0891166898443393,-7.95078690839793e-05,0.0212633998225114,-0.010704374921021,0.00839844237489477,-0.0551964328393287,0.00720528110669297,0.862299072945202,0.16354773643402,"E02000946","Wandsworth 024",526454.245404055,173290.855715004
-10.3845663219882,0.038668664604346,0.0246440268597107,-0.0937878227153636,0.0029026379406466,0.0249126163280592,-0.0137679024861142,0.0138556653822668,-0.0572210463274411,0.00808894800343631,0.657001870219626,0.212724650867882,"E02000947","Wandsworth 025",525315.714819325,173289.170624664
-13.7175123152309,0.040876751074644,0.0150985042991627,-0.00736447624284004,0.00407986032507097,0.0157275850696214,0.00460069077584642,-0.00344073351514534,-0.0841358979678865,-0.000322411994548736,1.00018532268671,0.0127842217433296,"E02000948","Wandsworth 026",529060.578114261,172610.378191335
-13.7792431187811,0.0503062450450782,0.0201893610574905,-0.0632201253541132,0.000712436894104232,0.0200232081497969,-0.00482169515941403,0.00532534509443269,-0.0643853070407902,0.0031835205410131,1.00581907257184,0.0913099324282956,"E02000949","Wandsworth 027",527457.815453183,172936.78491922
-7.66236878419112,0.0208109976508728,0.0331368980174176,-0.080247395133397,0.00554752689177201,0.0273470651359304,-0.0115628645202201,0.0192506389734173,-0.0727238224914246,0.00613316676330136,0.365611855606171,0.219743837360032,"E02000950","Wandsworth 028",524165.953009595,172883.157591392
-14.3133660823321,0.0461563470836282,0.0178162470022549,-0.0380691213382076,0.0022808271515057,0.0189953549599951,-0.00169094997005236,0.0024566479535964,-0.07779043609626,0.000229002244514087,1.06295210346835,0.0361910179336943,"E02000951","Wandsworth 029",528086.553170977,172616.729362014
-14.2767209821743,0.0431538221215557,0.0158968855816583,-0.018000456624657,0.00310173396464238,0.0177274816662949,9.23335131284029e-05,-0.000102104291450862,-0.0881921858419527,-0.00141362295043668,1.06077964484732,0.00119093069668249,"E02000952","Wandsworth 030",528533.869047241,172414.450908417
-13.2992178004813,0.0419304342934297,0.0265192109696163,-0.0668067720432598,-0.000170422759692032,0.0256544537764746,-0.0119736220919695,0.0175451009902938,-0.0823471966450082,0.00083840754791112,0.959657006175569,0.0775093803218656,"E02000953","Wandsworth 031",526319.843336314,172314.100480626
-14.3095429182519,0.0435934777218333,0.0176271716286299,-0.0259878700456464,0.0020236310586743,0.0198767309175086,-0.00554897787442517,0.00497851694279274,-0.0962004889542845,-0.00377819507386577,1.06742480910794,1e-06,"E02000954","Wandsworth 032",527871.978912197,171979.484119972
-14.2193055624029,0.0427181736853798,0.0188911305807923,-0.025177116378857,0.00114571562651016,0.0210178626697962,-0.00830713589905843,0.00828353187581681,-0.100873695714616,-0.00473857236708028,1.05903594481559,1e-06,"E02000955","Wandsworth 033",527530.061197079,171796.377252926
-13.1662752361805,0.0372007826318491,0.0225436096070782,-0.0169193982862986,-6.6085212463531e-05,0.024207035337001,-0.0111182013210922,0.0152161326339961,-0.104471539627623,-0.00413282603821961,0.945279575824813,1e-06,"E02000956","Wandsworth 034",526821.802225112,171480.691319022
-13.2419005774858,0.0392845943373039,0.0177179604876932,0.00400137637983033,0.000990238252455754,0.0186992542606243,-0.00876416097613523,0.00873378480572756,-0.116066182140779,-0.00613132123953644,0.956986282190214,1e-06,"E02000957","Wandsworth 035",527726.956548666,171092.754607897
-13.034383609233,0.0403203149768423,0.015315331128847,0.0136130332076519,0.00269158732859268,0.0138365123152278,-0.00210718445805544,0.00272391774314719,-0.118691051661662,-0.00402761376788709,0.933659277843824,1e-06,"E02000958","Wandsworth 036",528788.982336377,171219.399022244
-12.4723491595428,0.0402840375411165,0.0151194513244312,0.0208326310884632,0.00302210366433087,0.0112461647006427,0.000124115232382245,0.00220665282170193,-0.125015295243621,-0.00312298345165927,0.873735166958321,1e-06,"E02000959","Wandsworth 037",529258.053765356,170992.308063714
-3.62780775652897,0.0226501827181447,0.0147440493488241,0.00133439854088504,0.0168743730522284,0.0102561542318269,-0.0180233681914821,-0.0272463300209469,0.0114358048931999,-0.0451584818447909,-0.00140054381278321,0.0655932698304664,"E02000960","Westminster 001",527370.678981384,183386.743348355
-3.70678967622088,0.0188160301095485,0.0296456751713608,0.00250101770713498,0.0217802873355276,0.0158010414551843,-0.0292350625374931,-0.0301257100753442,0.0103257506857415,-0.0406262913153228,-0.0290699275531048,0.13439941611941,"E02000961","Westminster 002",526063.880018864,183245.327727674
-3.54705004591787,0.0224018715472515,0.0245573004546652,0.00188330316479453,0.0209552094348807,0.0149603926156963,-0.0245086475108459,-0.0293658094105242,0.0114908506835123,-0.0466881324424325,-0.0440728508852068,0.127631966927397,"E02000962","Westminster 003",526798.351656741,182761.796197689
-2.83328917341855,0.0150900163963601,0.0227719406233189,0.0303658435409591,0.0192454224133171,0.019824295453485,-0.0376105515807304,-0.0354837838866941,0.00818240982361615,-0.0273992956607796,-0.134669119701786,1e-06,"E02000963","Westminster 004",524308.002395089,182648.119959732
-3.53957040717673,0.0136876014523193,0.0395408046205689,0.015015653853992,0.0279828560871497,0.0238128958757614,-0.0402575784488097,-0.03115585272404,0.00998745743679695,-0.0385083438400143,-0.0926671095069717,0.244603200799012,"E02000964","Westminster 005",524873.895902588,182523.786046084
-3.66843924817498,0.0165308192013413,0.0418001887353493,0.00639320181189787,0.0267084708865056,0.0222799909935642,-0.0411348617419502,-0.0305562761910962,0.0101452575737166,-0.0411929169489838,-0.0723891787406944,0.205064501407545,"E02000965","Westminster 006",525551.155171536,182464.259583292
-3.59606122879006,0.0195872690458848,0.0369856764054168,0.00471369937664429,0.0249620209549576,0.0207736236396651,-0.035605276603315,-0.0304771921144922,0.0106992853182781,-0.0437460119617473,-0.0730772713569993,0.193103776122709,"E02000966","Westminster 007",526150.089904123,182252.240438149
-3.30674380778184,0.0272703167179672,0.0127273830946379,0.00215945253878337,0.0175423982019587,0.0109572215102285,-0.0152416698523489,-0.0267103744348507,0.0138853120935092,-0.0456047634102516,-0.052502152906112,0.0903888183465728,"E02000967","Westminster 008",527883.155683204,182546.475348918
-3.47125438858444,0.0240481896148641,0.0274073011002887,0.00338465452048988,0.0219255711976618,0.0168410255655475,-0.024695584257997,-0.0296242316394593,0.0117455962559763,-0.0496764026433271,-0.0704035703929474,0.16796541949157,"E02000968","Westminster 009",526964.219053125,182063.405542461
-3.75983101704088,0.014480050601473,0.050035318594373,0.00904414246811867,0.0293271480995712,0.0270581760329796,-0.0499946856124999,-0.029857791791069,0.00898215953965324,-0.0417140731576616,-0.0853067962899091,0.242078844754538,"E02000969","Westminster 010",525457.949846061,181815.726308678
-2.8852846157188,0.0339278046134308,0.0121577379689654,0.00866145547817241,0.0184607660501091,0.0127328239157682,-0.00629298212552335,-0.0353985583801813,0.0178924242792853,-0.0386670811625484,-0.136576177175921,0.148769100445348,"E02000970","Westminster 011",528366.269372988,181393.746487416
-3.31365007124221,0.0282544199817525,0.0214999639715068,0.00629759183401802,0.0199457630966822,0.0152851799570988,-0.0144011283099142,-0.0329294682967534,0.0130259136165195,-0.0461082635716037,-0.0911685407741777,0.182923575355945,"E02000971","Westminster 012",527625.545529365,181524.758599455
-2.52741338278956,0.0394127498531808,0.00581344603595742,0.0120476597015788,0.0169400953999841,0.0101049508312927,0.000779691787658949,-0.0341909199644729,0.0231416997262302,-0.0323957933645919,-0.181917779254787,0.12183559929296,"E02000972","Westminster 013",529180.596623707,181227.771463664
-3.89790570663114,0.0130734237450182,0.0538770678530072,0.0110662572660066,0.0299792871259895,0.029585062726133,-0.0527613814816506,-0.0295385424006226,0.00709189904412743,-0.040187047503286,-0.0807025011540993,0.269486506198201,"E02000973","Westminster 014",525452.923636288,181365.681109662
-3.63736566281124,0.0240338562875796,0.032375603016419,0.00796880293123723,0.0216045024510804,0.0198199570584442,-0.023921955889374,-0.032162003539106,0.0100221181850565,-0.0479723953674286,-0.0737801845353922,0.234316707965952,"E02000974","Westminster 015",527027.195014512,181253.574154764
-3.81281243033952,0.0194890661782282,0.0425824279860805,0.00965323684196647,0.024477823285802,0.0249026879630002,-0.0374264619453866,-0.030616686863,0.00826438167571904,-0.0451690314990377,-0.0722239036776323,0.263667227377221,"E02000975","Westminster 016",526394.63516271,181127.948103737
-4.0021245842625,0.0150424774930697,0.0505248008717473,0.0120704406020776,0.0272765817981121,0.029180981968045,-0.0464591437275607,-0.0303522737838237,0.00605615616385495,-0.039869224975157,-0.066605195296812,0.290737227646461,"E02000976","Westminster 017",525856.369317783,180960.095629965
-2.19185408320021,0.0464166527320593,0.00485429283708782,0.0215056086559308,0.0188403970349874,0.0105039924371499,0.0151132466667485,-0.0510613808346274,0.0305044682841783,-0.0205963987254625,-0.263544384389755,0.160082067710259,"E02000977","Westminster 018",529629.630166646,180418.066833469
-3.85808512349752,0.0267032536151429,0.0300511390617516,0.0201458348414886,0.019517253303113,0.0258284405380914,-0.0110929942679448,-0.0483292299805401,0.0102923575366844,-0.0285531491330887,-0.0822859376871382,0.375796997609172,"E02000978","Westminster 019",527333.13591258,179978.215315835
-2.0233814938033,0.051655346796619,0.00466352385301603,0.0285576774263647,0.0228398259467133,0.0134769100749252,0.0281876957114908,-0.0628668152793325,0.0366585095964814,-0.00866454185268577,-0.330119583729276,0.239976291506275,"E02000979","Westminster 020",529583.590122293,179418.029276444
-2.32949973863268,0.053302794704977,0.0039289405043983,0.0312699014303824,0.0218490040812088,0.0123986517642682,0.035052940989104,-0.053914630698969,0.0365578467154611,-0.00207904295497531,-0.312326380717162,0.285243686881344,"E02000980","Westminster 021",529849.364461891,178670.139069717
-2.32137730412083,0.0518869903108992,0.00391425022316283,0.0307835356357966,0.0222221874458568,0.018905314873993,0.0287750616638034,-0.0571440159428563,0.032320427763297,-0.00189796431265949,-0.312686196985031,0.355046533337244,"E02000981","Westminster 022",529122.159004529,178488.732602683
-2.3575253209944,0.0491703126512191,0.00442456570175297,0.0320742968018323,0.0224573816677003,0.0235441672828573,0.0235012175951042,-0.0605609057011702,0.0295406987770683,-0.00278423583467139,-0.305455320280415,0.409630910462672,"E02000982","Westminster 023",528658.052448281,178493.882893123
-2.5725679288193,0.0538835685156466,0.00317752246883422,0.0297374303692377,0.0203031413511086,0.0153494871459694,0.0325877337156424,-0.0487266470374139,0.0316256971191747,0.000407491780218933,-0.286954880021129,0.340949192328555,"E02000983","Westminster 024",529508.668857668,178129.434375327
-6.87906280670922,0.023705176269986,0.0472769872799748,0.00814227070521061,-0.0113023189160823,0.0111964854508575,-0.0084083687548936,-0.0593582353628218,-0.0697166201476397,-0.0401731219895973,0.345656067222185,0.0655858590192199,"E02006782","Bromley 040",540860.642418247,170949.738890624
-7.32588554551383,0.0287352659467359,0.0329899820366032,0.0324532391865648,-0.00626449103956711,0.00612159830966981,-0.010702298660281,-0.0655826861636024,-0.0583058790488363,-0.0397635208152243,0.38571255147966,0.0348942853622286,"E02006783","Lewisham 037",539891.234990542,171785.629049521
-7.46114688907699,0.0324677635644003,0.0355998637584055,0.0405500023691405,-0.00727111583900737,0.00141923224621009,-0.00574607268332629,-0.0706342579509138,-0.0775459946669267,-0.0307466190184427,0.399694694204009,1e-06,"E02006784","Lewisham 038",538860.620099159,171123.239009216
-5.73136712724212,0.00975137797134058,0.0272618007995223,0.0346338054555415,0.0196702437618,0.0229391421744549,-0.00313357361287808,-0.0168360153096438,0.0330664530756863,-0.00220097889806721,0.0977548371428015,0.337321929396816,"E02006785","Bexley 029",545903.460740443,176630.845401026
-5.31555943344187,0.00982215262938958,0.0241502684896592,0.023883626794011,0.0193695923869131,0.0177727084720639,-0.00669505889396754,-0.0178948751281774,0.0276567161819804,-0.00364849738064191,0.0833524937861901,0.305936524906309,"E02006786","Greenwich 033",546040.773081253,177716.62092686
-7.82507707695418,0.0310233095888301,0.0273201581871807,0.028121808179015,0.00438052007408971,-0.00277486838240122,0.0146585738901493,-0.0135429505919543,-0.122520490760197,0.0136516672031067,0.392213668440436,1e-06,"E02006787","Bromley 041",536417.655877345,168510.839661421
-8.44476590848361,0.0327670171967038,0.0263619487176155,0.0108741480299776,0.00519410785952735,-0.00248185091959622,0.0169635614629703,-0.00369251068233215,-0.130890610482404,0.0185534798937096,0.455582135499424,1e-06,"E02006788","Croydon 045",535195.883319228,167887.00266559
-9.63628399018642,0.00653161209338831,0.0344841529558432,0.0112793088800623,0.00557445885387218,0.0113538088713855,0.0300880546088998,0.0119741208729258,-0.0890799240591044,0.0220109112364944,0.593797447396502,1e-06,"E02006789","Bromley 042",542781.156446467,160023.581593816
-2.98715678740843,-0.00491637004451972,0.00813674237881036,0.0643293282710879,0.0209834078712717,0.0341826977252376,0.0144165961110911,-0.0260888302572289,-0.0349534082665307,0.000906563692425675,-0.134713269852485,1e-06,"E02006791","Ealing 040",520491.014330113,179151.380590675
-3.05663510449271,-0.00357724059661587,0.00716589070392952,0.0597629624062634,0.0169816320699967,0.0332208485158237,0.0159085772700132,-0.0291061128861757,-0.05922831180171,0.00212385337507583,-0.10796066711436,1e-06,"E02006792","Hounslow 029",519999.222764534,178610.920967743
-3.16117967008882,-0.0104057610644123,0.0585952961343936,0.066206614038811,0.0151655914832255,0.0123510705159648,0.0015582187158103,-0.0159023380025273,-0.0543090273399774,-0.01445171682333,-0.112493292964625,1e-06,"E02006793","Enfield 037",533308.906350851,192110.320257156
-2.87729111766684,-0.0129652766395801,0.05985936118511,0.0761270843905133,0.0122600903323544,0.0106309967922092,-0.000529328935370049,-0.0287677247691862,-0.0503467360958649,-0.0185837484147232,-0.125584376195986,1e-06,"E02006794","Haringey 037",533814.612422684,191241.588318331
-4.76826102684825,0.0312249487475965,0.00862078113317777,-0.00220970304515663,-0.00284009462540089,-0.00166146009440281,0.0299832552653391,-0.0413327808109736,-0.0793246200626208,-0.0136109156739449,0.192243644665717,1e-06,"E02006795","Harrow 032",512621.84963751,187029.667974629
-4.68769071015658,0.0316185191114466,0.00748921799851133,-0.00389396213970099,-0.00365640611365598,-0.000429347943301719,0.0285175985178382,-0.0432439248283432,-0.0769676088967325,-0.00768872005110469,0.190571154241016,1e-06,"E02006796","Hillingdon 033",511142.019838187,185045.893120289
-6.08902209536678,0.0301449572307745,0.0069990281073378,0.0817019076147307,0.0211173926457016,-0.0017932304293387,-0.00318661412877796,-0.0562011720262443,0.0527385188318879,-0.0112889114918855,0.149108753700617,0.185650033864633,"E02006798","Lewisham 039",536776.105042327,177337.332238927
-6.35231214792333,0.00938010586995192,0.01703318556775,-0.0327291742168028,0.00381372425387658,-0.00734944836415391,0.000948092651805433,-0.0265915307343733,-0.0685297670808476,-0.00793987411932525,0.383319333442627,1e-06,"E02006799","Barking and Dagenham 023",547548.505972958,186808.861360041
-6.37327433795404,0.00922133855030352,0.0155771030692472,-0.0216785681386449,0.00364307133040592,-0.0079632388376553,-0.0006280174783642,-0.0307642595965414,-0.0673082555828336,-0.00927223183657889,0.394354417974218,1e-06,"E02006800","Redbridge 034",546403.645925221,186862.129199086
-2.49633080419189,0.0475399412040889,0.00480444541126454,0.0328728130459612,0.0163241326955569,0.00432505993445745,0.0297764767021703,-0.0408036649613891,0.0358984494624673,-0.0100123067045667,-0.255369180998051,0.189651664309134,"E02006801","Lambeth 036",531003.592079835,179737.885935879
-2.89005131671533,0.0445517667733812,0.00555392256251915,0.0404631704320273,0.0166675185880702,0.0012834234183097,0.0335150807979654,-0.0376860411200093,0.0360523649915531,-0.00559724322928555,-0.217610953124546,0.207949419682139,"E02006802","Southwark 034",531662.18315369,179382.395200031
-6.77009645107285,0.0148952973203517,0.0284127267245762,-0.0142951124670137,0.0103450929795338,0.0203357844205999,0.0106405196133655,0.0274251225991046,-0.0979596585831094,0.0212374747390625,0.241505597820087,1e-06,"E02006836","Sutton 025",524693.567372607,161932.836849332
-5.64409788357184,0.0169488794301706,0.0145969157922213,0.10725020548599,0.0270465576421375,0.00351407028719701,0.00768420433550055,-0.058165271825589,0.0709074717818057,-0.0116123808367809,0.0726084360628883,0.222724822763198,"E02006853","Tower Hamlets 032",537406.603637998,179371.055705823
-5.8466940200419,0.0130091815989307,0.0175218170186691,0.115006559898391,0.0271265156532094,0.00837008658605293,0.014943940832467,-0.0605173660439237,0.0762232136587228,-0.0122481659790749,0.0817495034559756,0.225354682192162,"E02006854","Tower Hamlets 033",537416.207657147,180220.641135736
-5.57466728353129,0.0137882431354551,0.00949390942126279,0.0352099190283635,0.00627420353997186,-0.00521107694401341,0.00706292020860556,-0.0197368807671058,-0.0470312418152774,-0.00651695398040211,0.24277081710178,1e-06,"E02006882","Harrow 033",516913.262093985,189319.109105821
-1.88448913354198,-0.00280056900763476,0.0183890465384298,0.00864875086946259,0.0174935757534885,0.0167872122363547,-0.00799039181365864,-0.0412602551702466,-0.0053163973587314,-0.0467318123746649,-0.146888862462314,1e-06,"E02006918","Hackney 028",535153.915216537,186787.939436089
-1.97519158957364,-0.00259257477268204,0.0206804668695783,0.00813914482171894,0.017684056590209,0.0147066401862153,-0.00487493863589489,-0.0390230088575317,0.00251638420877244,-0.0498326742564114,-0.141121203684073,1e-06,"E02006921","Hackney 029",534582.592671579,187045.35238983
-5.21962154620832,0.010432092833042,0.0106377181871082,0.0163625407008168,0.00623058995206021,-0.00421233069286258,-0.0152465611576386,-0.0389078962343324,-0.0722142178625573,-0.0156153879546119,0.271490896782827,1e-06,"E02006924","Redbridge 035",542803.307595691,187767.642284259
-4.94326813988567,0.0106669698065979,0.0103558459698023,0.00714320941026488,0.00573044454366383,-0.0036100465175041,-0.0202437692883696,-0.0422626426334008,-0.0852499725946043,-0.01513247417391,0.25258698160418,1e-06,"E02006925","Redbridge 036",542273.797639913,189351.065128616
-8.21037564102138,0.0204582819470649,0.0143664858134102,0.0932907980549603,0.0167657855369002,0.00867367697093898,-0.0162164683870142,-0.0339872502080268,0.0441853136881684,-0.017253643478468,0.387116005531677,0.251240797425738,"E02006927","Greenwich 034",540690.76243836,175179.258560366
-5.94014115150425,0.0264690479417682,0.00899967497114585,0.0955574962950628,0.0247287486965379,-0.00230713378776541,-0.00848870656077479,-0.0554068300471915,0.0613521600906546,-0.0125658398877333,0.125605305631536,0.187766069465536,"E02006928","Greenwich 035",537702.353009456,177610.999394066
-6.94764375772281,0.0157935461882764,0.013541345186463,0.14502375086099,0.0279509420279932,0.00635817796222077,-0.0100814270365493,-0.0400487625708491,0.0593017879185792,-0.011898887414956,0.202304649667316,0.198140607642987,"E02006930","Greenwich 037",539775.383069745,178275.199173359
-6.86893852915406,0.027756645772138,0.00767603392961892,0.103415360602975,0.0249274660203804,-0.00316898308493008,-0.0146323151932126,-0.0525579205574555,0.0608001053374311,-0.0137586189395178,0.225841629229622,0.172710493748354,"E02006931","Greenwich 038",538620.662756862,177151.178319436
-3.84469039890162,0.0293012518298124,0.00917657382978383,0.0613442197323528,0.0146693061636758,-0.00353112308776165,0.0255546120888623,-0.0394284840640791,0.0359543313203766,-0.00893525421184462,-0.0820869258546352,0.203509127267782,"E02006941","Southwark 035",533491.878662998,180038.062119913
-3.98175225759733,0.03053414940411,0.00880628207364153,0.0644340442630695,0.0156842649031576,-0.0027264909449079,0.0279517166135933,-0.0420892056601589,0.0350002760208452,-0.00687495777513951,-0.0774866315111094,0.212513263539004,"E02006942","Southwark 036",533412.46427827,179616.178159746
-5.09551501622261,0.0105913970562059,0.00857981527367591,0.0286855018154114,0.0142390886630268,-0.0106495242356905,-0.0218967097856263,-0.00899741379739655,0.00682293382431093,-0.00519907616963756,0.185167877379033,1e-06,"E02006953","Barnet 042",521756.232660488,189981.546178683
-5.4051903565739,0.0113963987411963,0.0101928696031161,0.0337106168401638,0.0142134349555619,-0.0131972909229841,-0.0189952901153736,-0.00827552579510035,0.00961463073498454,-0.00360123726076896,0.207185548046758,0.0764639132645855,"E02006954","Barnet 043",521395.744853562,189532.123274409
-4.37788259861964,0.00727684392617228,0.00949993068975079,0.0251902926808163,0.0129235258394427,-0.0048509297924789,0.0286912587426615,-0.0113844502924651,-0.0213060901892834,0.0148418786458634,0.08689501533837,1e-06,"E02006955","Brent 035",519145.962026962,185786.90334406
-4.40873655490234,0.00532298170026571,0.0107114238088609,0.0304829416704662,0.0151126969599583,-0.00482419413650011,0.0284286836304105,-0.00941495285757177,-0.013102044008468,0.0170803744832761,0.0756564103606074,1e-06,"E02006956","Brent 036",519710.668886464,185402.413698468
-4.1148463625362,0.00102835097908479,0.0125514571790641,0.0184825916175869,0.00840221074600902,0.00692045142007273,0.0265381445504806,-0.0287172787753323,-0.141008765152186,0.0194887238606545,0.099166676032114,1e-06,"E02006968","Ealing 041",518535.558909046,181443.901979872
-4.05595348773374,0.00300458982539177,0.0123576489772019,0.0201841070602553,0.00387426316226613,0.00553012216211395,0.0241476305886124,-0.0320524927981774,-0.175657678902481,0.0172575439245629,0.108353057945334,1e-06,"E02006969","Ealing 042",518051.054431283,180703.212379316
-5.25532714531554,0.020147510066663,0.00684039942551029,0.0288428573517762,-0.00828023194377159,0.00469790680281996,0.0190759204228633,-0.0548830461881475,-0.065353687643828,0.000705653513267335,0.26388648481512,0.200105762574068,"E02006970","Ealing 043",512250.975175774,179233.39572816
-5.26687330914109,0.0208756391851221,0.00660448859085692,0.0300406228181822,-0.00826701857686154,0.00498548668994691,0.0186125218539897,-0.0558119299588114,-0.0598227845204966,0.000309872920695741,0.262499219700776,0.197256477573178,"E02006971","Ealing 044",511530.200619734,179087.899230229
-3.76117046882127,0.00362377982721328,0.010450516213147,0.0440535384424574,0.00575625765933098,0.0154724291604849,0.020777509383774,-0.0347589365449469,-0.138231751965011,0.00901611433945475,0.0282916769354177,1e-06,"E02006972","Hounslow 030",518701.937949885,178684.411615005
-4.00329704662786,0.0107897941278391,0.0105258469364329,0.0471377703357269,-0.00121975426635039,0.00319246302033718,0.0178268369151519,-0.0396952510974542,-0.170818232623587,0.00652026825735229,0.0794956099721979,1e-06,"E02006973","Hounslow 031",517895.856101728,177869.198762372
-8.20107603156667,0.0321869006138293,0.0292188258001474,-0.0484094397744128,0.0061849780144005,0.00220189503010596,0.0251172465850963,0.00524166966254914,-0.125153375095431,0.0204157614747123,0.430712364021786,1e-06,"E02006987","Croydon 046",532638.776551783,165512.535375282
-7.92602784231634,0.0300082601368476,0.0307147974441852,-0.048145607843881,0.00616946890393309,0.0028667991265156,0.0270177002552986,0.00562873911684405,-0.119705290262428,0.0195752953138282,0.400433551860842,1e-06,"E02006988","Croydon 047",532627.662828236,164547.835532756
-5.71243450571034,0.00433097168009438,0.018352770588835,0.0130066244793561,0.0230395482193067,0.0149823829344748,-0.0132809820722367,-0.0212911444978717,0.0210183547753879,-0.00746518268989785,0.171042124191535,1e-06,"E02006991","Greenwich 039",543966.21456617,179141.902828682
-6.88230230137254,0.0129091391928972,0.0163173993837578,0.127912661078295,0.028411355029756,0.0157171569701326,-0.000252392915204145,-0.0386028932201137,0.0597414361703573,-0.0127622291284158,0.182644658020337,1e-06,"E02006992","Greenwich 040",539425.139411225,179145.516391415
-7.03954330381701,0.00981509236131067,0.0164772314626156,0.124878154642114,0.0285292938406891,0.0190559657081123,-0.00651364292233308,-0.0295066330807529,0.0548904005720213,-0.0113131819405573,0.204981829925225,1e-06,"E02006993","Greenwich 041",540385.63859716,178953.534992912
-6.36600499197809,0.00295593196393693,0.0175184867185595,0.0774400680557277,0.0271491424038804,0.0207817961351398,-0.0145596931240426,-0.0208282251728711,0.0398518421586164,-0.00934924708419723,0.183662148087906,1e-06,"E02006994","Greenwich 042",542233.9672257,178993.525427483
-2.69523418950909,-0.00508134054445785,0.0164586737879296,0.0669344383871486,0.0214541820433277,0.0222923479778591,-0.00304034775262768,-0.0281241182359255,-0.0173493514963644,-0.0265316309764366,-0.120593634307025,1e-06,"E02006995","Newham 038",537917.070755759,184982.459535484
-3.04753631951645,-0.00401042502456284,0.0161696876399588,0.0767882139416267,0.0211530927685049,0.0208366007456266,-0.00136785348255274,-0.0280131630904997,-0.0200484486904717,-0.0248729977351219,-0.0885286003414471,1e-06,"E02006996","Newham 039",538497.973707661,184746.3503113
-4.79470357889259,-0.00052394683646578,0.0187515030967346,0.112349946807985,0.023939391684086,0.0210108036008809,0.0081046837406858,-0.038255901260478,0.020418223801403,-0.0205218436918997,0.0298920161310429,1e-06,"E02006997","Newham 040",538215.55191704,183512.20477774
-5.60380629563836,0.0025108491769946,0.0171802726106831,0.0249620222989735,0.0235587040694527,0.0149087690334928,-0.0110455744964339,-0.0232409184170265,0.0188054830675406,-0.0105183016280953,0.165480037818575,1e-06,"E02006998","Newham 041",542883.561550059,180245.653340163
-6.45756610571763,0.00468394669937877,0.0176078851456426,0.115453732459265,0.0271868041617229,0.0204589442726023,-0.00381754588022126,-0.0269728149628035,0.0421969957596816,-0.0108892367779157,0.167323273782097,1e-06,"E02006999","Newham 042",540846.50402984,180141.65157339
-7.69210352291,0.0394632536826722,0.00309713221512445,0.0725519795534912,0.0186932876085955,-0.00301222227405152,-0.0185906022787526,-0.0564418860129902,0.0536206944685011,-0.0157021035557011,0.329748704928689,0.10964357648563,"E02007008","Lewisham 040",538003.41345475,175900.487534233
-8.46435532392204,0.0448518326236414,0.00100736897878491,0.0650407846618522,0.0148046686938011,-0.00289058637822894,-0.0194670491820541,-0.0601043670656416,0.0377904235322404,-0.0185269471451195,0.423108052776096,0.0311133602575393,"E02007009","Lewisham 041",538272.481738251,174993.897194018
-6.64170190038778,0.0104971421636415,0.0148487834728406,0.00708754753551578,0.00264105699650492,-0.00797499076421372,-0.000646096790822242,-0.0295761528021863,-0.0801777187655522,-0.00785382643838472,0.411054475072402,1e-06,"E02007017","Redbridge 037",547209.621587126,188714.593423384
-6.53404232949874,0.0101150019728428,0.0159118973232026,-0.0107539806070068,0.00307872572321689,-0.00775695481545868,0.000430596658331592,-0.0282057794165636,-0.0759486115495232,-0.00788496907897991,0.400517570470915,1e-06,"E02007018","Redbridge 038",547311.57605941,187941.782332966
-5.98739345463748,0.00903812198745032,0.0126726592067667,-0.00339797938772098,0.00508172297563743,-0.00685503971308109,-0.00608067026242161,-0.0355584183419828,-0.0618871386417979,-0.0133044576819131,0.359764040316074,1e-06,"E02007019","Redbridge 039",544346.962162576,186519.978600253
-5.97338922469328,0.00828250022594546,0.0129918360107558,-0.010415680391034,0.0056231466788852,-0.00652434184659016,-0.00543024750116946,-0.034503387927174,-0.0570484591634263,-0.0137988301580213,0.358925201784155,1e-06,"E02007020","Redbridge 040",544409.317925574,186061.014857306
-3.19340793763394,0.0545788997882015,0.00228167581686201,0.024598738991693,0.0162690235256548,0.0170374457128982,0.0271465774839887,-0.0383135021743003,0.0219361763982163,0.00212722599999392,-0.209837703615688,0.395356264726514,"E02007083","Wandsworth 038",529189.209605018,177375.532542245
-4.2713664335445,0.055881591315951,0.00565730913145069,0.0134449079344221,0.0112791435826556,0.0164752684387346,0.0206331795856281,-0.0280452357721336,0.00969323616600661,0.00349448239093074,-0.0797029805420313,0.417748139865187,"E02007084","Wandsworth 039",528943.740975134,176636.763861614
-2.0634870497883,0.0164261279289198,0.00815036652339061,-0.0176098537713837,0.00854318897235337,0.00782668985698539,0.00412110685296316,-0.0147541677172534,0.0239083316922563,-0.0318721011896877,-0.142018065943157,0.167939157859415,"E02007108","Hackney 030",533489.026967412,184760.666751074
-2.35937949931565,0.019021682563691,0.00674158233498967,-0.0149260453905943,0.00729563781096828,0.0055571298107746,0.00301231247741732,-0.013591532117736,0.0253421456540674,-0.030090523250241,-0.11337385289925,0.166134046323357,"E02007109","Hackney 031",533483.858319839,184306.034956007
-3.15800028154524,0.0276005483400542,0.00431342636204339,-0.00140860867917078,0.00223229999957467,-0.000785849299307584,-0.000132135118839509,-0.00279583164421376,0.0268030754903824,-0.0291485777179838,-0.0413128910105799,0.134625383101302,"E02007110","Hackney 032",532932.42663868,182900.197208887
-3.29830525904397,0.0270961368895363,0.00509608359076278,0.00451498761753499,0.00326590193818747,-0.00298571532230371,0.00400553511025573,-0.00993102254247437,0.0293123844705273,-0.0257692927888154,-0.0365274191883026,0.152140994824135,"E02007111","Hackney 033",533316.311079251,182586.568230349
-6.76191493126904,0.00689492155509541,0.0199322991255069,0.142655519440777,0.0264080822617675,0.01982052435266,0.0142781539589716,-0.0439452697513476,0.0591907571597835,-0.0148017112185247,0.167814719500909,1e-06,"E02007112","Tower Hamlets 034",538973.160875022,180908.735208383
-6.53782648784439,0.010085566626642,0.019874125868079,0.126111821363831,0.0264125671038729,0.0179976400335362,0.0160151180110206,-0.0500102315880199,0.0654926577173041,-0.0152185144232953,0.141600469808602,1e-06,"E02007113","Tower Hamlets 035",538263.070527507,180486.974742482
-5.7564830713366,0.0145055312089908,0.0161851097718714,0.12256656076806,0.0279623348424533,0.0067653408228855,0.00508264709369954,-0.0541509411856223,0.0683992178582897,-0.0124391623456844,0.0747868970449757,0.209800192850189,"E02007114","Tower Hamlets 036",538076.976649236,179498.497462725
-3.02386090283218,0.032957477929347,0.00288808228005814,0.00568892153352826,0.00644112955207725,0.00353798613798975,-0.00747959615663556,0.00877145278109848,0.0191847495677277,-0.042914918043662,-0.0669645914525604,0.0666342889552577,"E02007115","Camden 029",530405.673682391,182562.10740517
