MSOA21CD,Intercept,IMD,Asian,Black,Other,retailers___other,takeaway_sandwich_shop,pub_bar_nightclub,supermarkets_hypermarkets,hotel_bed_and_breakfast_guest_house,other_catering_premises,log_pop_density,local_R2,y_pred
E02000001,6.427677031963968,-0.6474670032843903,0.038186727494660025,-0.03745107127590312,0.2615960137202288,0.10732824219506051,0.02427227832170578,0.1690396286934178,-0.1433009564280033,0.27679410615430167,-0.03701015357729358,-0.39603644608766136,0.2758607992844583,3.3205090225755765
E02000002,-5.8741635340212675,-0.34596886878267635,0.2593242388032313,0.13716189180090294,-0.82527004177599,-0.05822129720292555,-0.13060485657859058,-0.09386972906529426,-0.20990630702289556,-0.45926257378147517,-0.24011438447558772,1.9516952201809943,0.5046898894054452,6.428426630146102
E02000003,-6.158831642636212,-0.23285200883264162,0.28969330329259557,0.16373082932093652,-1.1524596729426815,-0.04516182212823893,-0.13632614007157048,-0.08590174472197709,-0.19244338166833921,-0.40945395345612584,-0.24731842777526183,1.8607460779532488,0.4990603477505013,9.918936120472221
E02000004,-8.321111817177268,0.03777288507130777,0.3151715753963624,0.1935826760912154,-1.451337115474685,-0.01997292636494103,-0.11944161677689902,-0.048576458243259256,-0.14863672767504288,-0.2899922222130959,-0.22324581959830161,1.7465682951584005,0.46294650499186124,3.8639527793319637
E02000005,-8.345950416774587,-0.1333335256150618,0.29803360132358914,0.1728439170941651,-1.3006058315899072,-0.02395476709128875,-0.13754054619661812,-0.07771753816544735,-0.18511733451235893,-0.31203832459653097,-0.23722344481314023,1.986500977171619,0.49823764242867763,10.18017864375425
E02000007,-8.432644773690921,-0.04154006085737749,0.30731542568545134,0.18330278503030412,-1.3876614236787896,-0.02049078753325671,-0.12916525736476642,-0.0644886247139917,-0.16849631539807822,-0.29374091246072404,-0.230069793472908,1.8762878776825769,0.4841785925130471,4.246120114832966
E02000008,-10.277831099071623,-0.10394463590234998,0.2955786601315179,0.16949222014100263,-1.331175075019574,-0.004696571557548171,-0.14416343134327533,-0.0793344167568508,-0.18881151266635973,-0.25191991968982946,-0.23385786127996794,2.164926328187913,0.5017480288686068,5.798570442020441
E02000009,-12.482892058286936,-0.23834244769225577,0.27599679413491685,0.14750894513829324,-1.206907145156094,0.008280751170425298,-0.15697255096635054,-0.08911702313950325,-0.2039290791920078,-0.22745516249261927,-0.23139415977125588,2.53507334763796,0.5178465054281577,10.512960019860301
E02000010,-10.419541860472242,0.01866770708023202,0.30354463107798746,0.17967125442685575,-1.3951096465433583,0.0022420025062928964,-0.13424455202226618,-0.06648753267307217,-0.1743877849255124,-0.21933847920247335,-0.22399618955273287,2.025533516523719,0.4874133032589407,4.535933173848221
E02000011,-9.579625962746272,0.0874768548771136,0.3109283562668732,0.19027439296652612,-1.4268819281553469,-0.003175363792556507,-0.1217433279690921,-0.051891144787629004,-0.15578162938007423,-0.2257368326345975,-0.21742108503132598,1.8236037226112285,0.46693460562862665,5.806414735459711
E02000012,-17.815225208872228,-0.4029047481992662,0.24560970182048075,0.11237040550852974,-1.0329940485662719,0.055716124342359716,-0.1622895332005121,-0.07971418798310578,-0.20376810900889925,-0.12764408716343525,-0.20174026765911074,3.1136635474011345,0.5360541989364421,18.18544308630117
E02000013,-13.879042262583928,-0.10529622442621034,0.2791228101138737,0.14885047702377358,-1.2842685987479292,0.029739311515933183,-0.1554433293604119,-0.08217775245562915,-0.19419794380072156,-0.16489809299270258,-0.21789172747263183,2.5460481636328365,0.5116158059929569,8.26954841726781
E02000014,-11.775874407190859,0.07803570089079948,0.30001047346341525,0.1764526031342377,-1.3814375298238613,0.019637642463340304,-0.1390564665378252,-0.06692537663903675,-0.1761494781750712,-0.173037160151951,-0.21778151098310272,2.107456928592203,0.486485833884606,7.26403376936884
E02000015,-10.70356037168054,0.14354518825379453,0.30602820359463384,0.18557100245908342,-1.385021075122802,0.014857180593496253,-0.12488411747900093,-0.05528247193329776,-0.16058928855258225,-0.169456707557169,-0.2096064019670132,1.8735071513462054,0.4687372924603363,9.97065534383466
E02000016,-21.720578235018213,-0.6151127119945353,0.21586262402368514,0.09069167223418781,-0.6686842511500759,0.11274039513373953,-0.1310122429904989,-0.05243547706922243,-0.20769852463747268,-0.028353038063152203,-0.1602127052872012,3.2790962440659,0.563726762577989,16.761593684042612
E02000017,-20.40519819885162,-0.5216850999705631,0.23064091463942665,0.09813191244957442,-0.8828014999091861,0.08832766105285292,-0.15396845208733778,-0.06425226359994057,-0.20280134621895346,-0.06721353786114614,-0.1781103976666562,3.291006221600967,0.5490402849525169,15.86493097220611
E02000018,-16.517067301447952,-0.16678758792551907,0.26248170389607506,0.12504571856924906,-1.2247507808565896,0.05832357778682993,-0.1635642528888154,-0.07904684657101951,-0.1940837468962774,-0.10794482446236774,-0.20054940346678043,2.8514028374795326,0.5214724210712666,8.113690810054482
E02000019,-13.613607979427597,0.14028197118380176,0.2857959799727337,0.15268019137195246,-1.286485973151689,0.060220322390777736,-0.14609779794514527,-0.06758019936427537,-0.17685883172997732,-0.07053407047013598,-0.18965623786181218,2.195376583971925,0.4960074302550438,7.247661622346609
E02000020,-16.446574240300016,-0.09620636310521913,0.2546986335880304,0.09730024639268856,-1.1532457909886806,0.11490117241580244,-0.15230992715382663,-0.05120196576996008,-0.17636064830199855,0.019145729501369946,-0.1497607923269692,2.566084239999769,0.5360513217338515,9.16849697967153
E02000021,-11.80198637977657,0.24747686037761543,0.2974235856230705,0.17237708041562352,-1.2749359303211258,0.05031212674530252,-0.12989465920071175,-0.05961059949774483,-0.1613558328936911,-0.07521858660644933,-0.18514466475270844,1.8262012900518256,0.4696811354807919,7.760395597489804
E02000022,-20.89365950683203,-0.4569892935391272,0.2260813856734136,0.09043741746273998,-0.7783626888097015,0.13373931395340993,-0.12675650470616032,-0.04866901578306851,-0.19218223547904711,0.026625580618746786,-0.1435799229263723,3.0136623591393876,0.5658520217593043,10.653817590456633
E02000023,-16.024809939438434,-0.04392960271109292,0.26156071747147913,0.11206374250439911,-1.2143846840994885,0.09220135424374243,-0.15790662024029156,-0.06301317486876827,-0.18145752961738115,-0.022823789396718447,-0.16982151434009754,2.5903098079533775,0.5232079536357515,8.271086579797494
E02000024,-5.8613008155902175,-0.10267946022696803,-0.0176756529988876,0.02665566267343686,0.5181282725693551,0.022928957753497792,-0.04626410588291677,-0.07713082913206253,0.07038557052506593,0.021065134777774063,-0.08347135030971553,0.9989840660978438,0.3369042239397644,1.8567582041768427
E02000025,-2.173678800187629,-0.14239073683875011,-0.010474066702210539,-0.057515876662447285,0.5881444543224539,0.029387769124875184,-0.004468657384870442,-0.08162802639691188,0.10285918982282292,-0.0015336097185625341,-0.07473655831529677,0.483879528498023,0.3540394448112948,3.746050375461148
E02000026,1.6277288327453299,-0.18244322630802148,0.03406327427438733,-0.10578197906656106,0.6033244601777119,0.042304726811382296,0.04406064731592223,-0.08778150743559501,0.11447967379659837,-0.03879724596290157,-0.062587315415116,-0.08964560489223194,0.3701074962015463,3.13440189194339
E02000027,-7.590846574097064,-0.07609940702312173,0.0019875259394687853,0.038116677704809726,0.5185344349144796,0.02304389987269315,-0.06192742584586983,-0.07466754049443942,0.03673829571735465,0.03831447369694963,-0.08626659380473845,1.1569703449354816,0.3368941217569429,2.697356507797217
E02000028,-2.4723915794072706,-0.1664138793300581,0.013905406735379065,-0.07469896278258825,0.5745620792353542,0.030248309501924687,-0.012817035734858095,-0.08238396442410102,0.08852406184189768,0.009066033355553484,-0.07162956594437339,0.524201542321507,0.3531037775773761,3.438536508207899
E02000029,0.10151504972033898,-0.19547717280322627,0.03551353751445794,-0.1095793331561871,0.5932847037446272,0.03961300350787572,0.02301274706320744,-0.08501504566275232,0.11281722582814424,-0.013503494900292207,-0.06012592969712952,0.1286007115922383,0.36151474579606013,5.8458793046157735
E02000030,-16.366344735672556,0.05745817711537732,0.01234390108929961,0.18447016797159846,0.4841092774748834,0.031247136073782936,-0.09341446384792387,-0.04983130407152852,-0.020195809096998286,0.07455006996318604,-0.061069610512112946,1.963801257237123,0.3238739202662217,-2.853813877108168
E02000031,-2.8509595978237767,-0.2159188851684429,0.05617254806958692,-0.10320020190628615,0.5333912593377137,0.029333678440490073,-0.020843589023278125,-0.08270675470942845,0.05926474660088697,0.022753162464707655,-0.06525634658291854,0.6041261067269915,0.3527292500936808,5.226755271219637
E02000032,4.1892341181243005,-0.25536771157278465,0.12724123915516572,-0.1322247503843623,0.5075092791486321,0.057910309666007825,0.0578448904057917,-0.0918713076424692,0.05887257720460132,-0.04931983216954891,-0.059233502418073174,-0.3992382724009236,0.37565349192865904,6.9544936900036
E02000033,1.2633734248397417,-0.2863936698673256,0.1292280590093732,-0.14320096314555733,0.482556400003077,0.050435840429668526,0.03243735845768812,-0.08425223393522327,0.05911424697808475,0.00017244685283905603,-0.05112295762982842,0.011210788346970313,0.3615882911039398,6.103020488835416
E02000034,-3.193244126952334,-0.29962059249840967,0.1141986329550442,-0.144267762507455,0.4642476223254146,0.03227530648846374,-0.01658628386341944,-0.07886059531398232,0.03297456460031341,0.03800164023930838,-0.05375742431959737,0.6812420696792914,0.35118109062666913,5.463928610544782
E02000035,-5.826873729084731,-0.22652330386274316,0.08566925918779868,-0.07998295770466797,0.475546085206513,0.016691275068906785,-0.06341920488316853,-0.08226623152031913,-0.020570254205377517,0.052021117269484225,-0.08349433271852306,1.0735000351142485,0.35659648417961415,6.0771909275660825
E02000036,-27.363500633135402,-0.01613662026280535,0.0390169131100393,0.12960260210555752,0.45227156948281777,0.050388687733860855,-0.08780126496017046,0.008929119901734806,-0.026804774695806215,0.0978786411789998,0.0006589557650069624,3.117435912377593,0.3109967458982104,5.405907562517601
E02000037,-28.959591545453762,0.06624719577299965,0.037015737857659665,0.12361049655167178,0.40441880552103726,0.04009919467549086,-0.06763961891946303,0.018130511691437375,-0.026443784854363495,0.10861670365702183,-0.012949881526789633,3.3278895741438514,0.29941652923520357,3.1253177321706325
E02000038,-2.5871207702148276,-0.4123552837747302,0.17182955536863068,-0.181094577863091,0.3914987814229385,0.03675881021262796,-0.0008954099446032288,-0.07022326420845963,0.01904117554445399,0.04099507964978122,-0.04072648966632413,0.6488124747900343,0.34464533931258173,6.234819695952215
E02000039,-25.51065465371084,-0.022587611322976542,0.0425108074856066,0.1319094434566735,0.48405205073793434,0.052865404455330764,-0.10314455682757324,-0.000578003450983587,-0.039778124946343286,0.10624389983758839,-0.012201083135063757,2.89517016178823,0.3262243832982682,3.218333935201894
E02000040,-20.4113132512134,0.1505667638582447,0.04705123001530026,0.17486693503703818,0.5466206488609399,0.04114484323700675,-0.10363526641444236,-0.04409256097060574,-0.07001299380791136,0.09234939872057664,-0.06949101912822553,2.2307031963825956,0.34786483722322636,2.281623295556088
E02000041,-31.216832475390024,-0.012492995532188578,0.049823278255779646,0.0919966094580876,0.4634791976727326,0.04943518705427937,-0.08335632007310008,0.03324088854546779,-0.027572345779440195,0.09786783491629858,0.007486362303113715,3.521726306507328,0.3086696526001761,7.916987712284165
E02000042,-6.044769052950872,-0.33606271281795624,0.14913867426620248,-0.1188858679343122,0.38339662970207644,0.018183310054903142,-0.0668500063696145,-0.0835283705803176,-0.05701143831865908,0.07372522433122074,-0.08034844903278371,1.1933735865347173,0.36549764121376155,9.100713630934147
E02000043,-9.694431909645857,-0.10442142573209773,0.0914260358625225,0.014544908145432911,0.4792417632596613,0.015512531894966246,-0.09219018791402234,-0.08091256216110806,-0.07760528080232942,0.07918665704193822,-0.10643054140423668,1.4198432509597942,0.36636441831548866,3.500190084348053
E02000044,-28.153834317334407,-0.08735478424038656,0.050785334146867145,0.09771120708768288,0.472454129393463,0.055276490563284035,-0.10039727735595479,0.021384755888014084,-0.034067605258904315,0.11083587734043332,0.0018856977033367556,3.214519872598803,0.3207233298873598,7.775602984085523
E02000045,-3.7445713884208613,-0.5877934873105869,0.21869905725563038,-0.22414640656842066,0.2850823894646194,0.02616621217211238,-0.011402366151974576,-0.055894279148565,-0.027231819807845316,0.06319948085522267,-0.03704327619655697,1.0011434059099855,0.3370534128720198,4.741899068752678
E02000046,-7.638650142982669,-0.2492289876935031,0.14669045328346492,-0.010955176194930388,0.35767044816374943,0.011683547862085156,-0.10280334993328862,-0.09170004509121368,-0.12671598479069446,0.11103539123044542,-0.12825821473619536,1.3999245595290877,0.3806029189532191,5.911292227658493
E02000047,-31.59490748517685,-0.10112253754043962,0.06156556147066159,0.0720345306470273,0.48868401671541517,0.05510442050549815,-0.10103327112745625,0.04612874812937858,-0.03203146946270452,0.11149857157707069,0.014184831747979418,3.563013708239292,0.31697834302675226,7.536301487933191
E02000048,-20.9820432907208,0.004570895096399519,0.06694438185883654,0.11749867458828808,0.4901349416038935,0.03798753363606661,-0.11485430772032654,-0.033846642718193896,-0.0964244202332159,0.11432343499819483,-0.08136801008761722,2.488306326327802,0.3547138352603825,5.397574324639393
E02000049,-28.34728881011378,-0.11978743081518373,0.058165427389473515,0.0839773038390946,0.47251885169899627,0.05503601237869703,-0.11036706220437595,0.02615225751987859,-0.0438346667168499,0.12095375029175329,-0.004971897202340161,3.266801520496267,0.32781598518082233,10.184045259481067
E02000050,-4.228285377348854,-0.5635989204194165,0.23295094190718185,-0.1706613861784002,0.189116252617111,0.021659417163271702,-0.06635961768744346,-0.08427851915003617,-0.09710019994351628,0.11815897622179608,-0.08455671949755403,1.2397539532313429,0.36950952741339876,6.180807395716922
E02000051,-9.664618143016337,-0.2246710187562545,0.12217021728547162,0.06216013048454913,0.37540780025638537,0.0035898063379475667,-0.130698212174978,-0.08951888624198284,-0.16384318803146325,0.11820171685766775,-0.1624294287937726,1.6898257773208982,0.38322152309116025,5.2604637911121355
E02000052,-1.6854388010438557,-0.7680036910618124,0.2712900533175574,-0.20847128408306054,0.050122063818966264,0.01554206858758135,-0.06678698489198598,-0.08259542790901794,-0.11860536222045666,0.15208323497084186,-0.10783649549704882,1.2342690102885188,0.37098525989048814,4.100213725523346
E02000054,-25.015803522707948,-0.13047472982899644,0.07360101677579875,0.07710063975421808,0.4464209497495851,0.042259728194680976,-0.12551550533571823,0.0042469934489612095,-0.08188046856727346,0.13236246630379445,-0.04878635173408971,3.027548151588966,0.34593705151341303,3.9412165963637094
E02000055,-19.68281836049683,-0.20998553022144184,0.08566760202235664,0.06179315393107784,0.3970982916180247,0.02481571961391612,-0.13463105769294775,-0.025359460407693206,-0.115269876552725,0.1350319051447184,-0.09377034052026151,2.6599309029029685,0.3584036870485235,7.680980289662351
E02000056,-2.219430722113941,-0.6820429807509473,0.24609247665350267,-0.12258327104889466,0.04947145380790127,0.004948444258418089,-0.09191788508373308,-0.11317270827907336,-0.162813013362799,0.17226744879965394,-0.1744819726402191,1.374237081525071,0.39731777581236233,2.679090695239505
E02000057,-13.836705037531118,-0.31707891995977017,0.09942893433127802,0.04012467596006378,0.326684509853831,0.009165297381788489,-0.1392252868144535,-0.05819116939037256,-0.14517818571584593,0.13697331957956105,-0.1330408590959825,2.259995094561614,0.36977772854527863,6.46443047029973
E02000058,-6.011792463288813,-0.43005246196457503,0.15803927806783905,0.0080567807589004,0.21846972857314045,-0.0005029697587193918,-0.12700093319098998,-0.11058328551870407,-0.1867471778977491,0.14615484884327828,-0.18598653566726997,1.599458655269789,0.3961319329640303,5.944135424602278
E02000059,-24.823819676239907,-0.2038310017416474,0.09249714694264549,0.022242924292579347,0.40963112055880596,0.045098374367202494,-0.12412817315747023,0.04056478711717294,-0.06762535435215682,0.15499424632927122,-0.018213497657547928,3.0189603993495355,0.3470422703765134,5.785638145315573
E02000060,-8.41260862554773,-0.40350727776162076,0.12152206552463704,0.018872689187019925,0.24010896879029706,0.00311159715997375,-0.13100586980054718,-0.09675244968566539,-0.1726563985857021,0.1410639708893136,-0.16731245379623866,1.846785180412817,0.3855160089566423,9.414782943807818
E02000061,-5.7578190607089486,-0.5258064074386251,0.15910180157846765,-0.03339571793600099,0.10315692898094782,0.015087454642198489,-0.09645288518534116,-0.13238254063000932,-0.18299091555536728,0.1520726617341298,-0.1773127528395909,1.694551025617084,0.4027090189457258,6.893448224303756
E02000062,-11.11527929042035,-0.37165279997000666,0.11547474181739713,-0.004472614322677912,0.23850107766686784,0.016168760430226588,-0.12288569231595003,-0.06961666598072036,-0.14298376288994544,0.14392620899011777,-0.11796524315654412,2.032034482806628,0.38056715641389366,7.09190488603322
E02000063,-7.922219966572518,-0.4463075612933336,0.12922321114980778,-0.020143765500582736,0.15798447134107513,0.019740580082462808,-0.10265777389106756,-0.10763923796350147,-0.16664032280519217,0.1419115282304616,-0.14647391619187985,1.8147972128825065,0.394670940992261,12.819389569468546
E02000064,-7.160290669645516,-0.5060078619746063,0.14146317500586292,-0.04815628603662643,0.09391276957753558,0.03416142238899723,-0.0674936212738072,-0.12104631387927044,-0.1696505548696251,0.13811844847362226,-0.15172483037259824,1.755286977130067,0.40327765454186265,6.51777965918774
E02000065,-7.124801852530956,0.28140578982889775,0.30414967985578456,0.13759437079876685,-1.0164639102832642,0.10852539743229245,-0.11443041863418256,-0.0447233096569805,-0.1362313656623362,0.07894760667746761,-0.10731709844183716,0.909963792920827,0.48793932238947363,9.089041673705829
E02000066,-3.5277718156676277,0.28583277972217264,0.32243832460740657,0.13232361918119656,-0.877028525860815,0.12663284713499035,-0.08416163557739643,-0.02611054346411477,-0.1176538973118503,0.1278286976766776,-0.0682682822192114,0.21505588079058371,0.48866144913046433,9.139073957712375
E02000067,-4.22660323536933,0.2949144445830642,0.31133130497256445,0.14305509561060736,-0.9333305151398098,0.09736576099015443,-0.08754116617644077,-0.04664622089289651,-0.12142108426492408,0.08027749745772103,-0.09133842170413947,0.46062708917472495,0.45451994568006937,4.399282396299428
E02000068,-3.3245614299604873,0.29304215490864743,0.3077970531641448,0.14827851833844824,-0.9084884326140868,0.08075282050162771,-0.07172190149778537,-0.05105059076103367,-0.11461274929605642,0.061242994550109287,-0.08869369341507394,0.36048930361720277,0.4150407997530993,4.946888075709672
E02000069,-0.9177598796332233,0.3282790029685272,0.3238900251208807,0.14541515537866734,-0.7994998679807429,0.09196076974355341,-0.05204380317707827,-0.041880497398277136,-0.1083245551396873,0.09448478941004411,-0.05957983265376575,-0.12213127742277194,0.4052290948066677,3.385839539907801
E02000070,0.24012073697276826,0.26654885449492255,0.3410775161666689,0.12968722041026715,-0.7470009440504723,0.12155284446222253,-0.040318667570486834,-0.01778317027312111,-0.10620220718875997,0.14732078058704307,-0.041580879177829655,-0.4129517962911306,0.45638210428091136,5.773060334203001
E02000071,0.9948194778323868,0.3088706033989108,0.3387758946997841,0.14040556887254318,-0.7115459926729876,0.09222538770700447,-0.01991850623111331,-0.03210884037728132,-0.10885074772987227,0.11594563511725339,-0.03596142993658756,-0.48664140292699753,0.3886668147273799,3.1838256640173466
E02000072,-0.803140185906423,0.2815318943095403,0.3024594558837366,0.1494206381762108,-0.7723359116900352,0.055220813407358516,-0.02250106537035939,-0.052109497255123566,-0.11199943081226217,0.0499605639998129,-0.054314174927353284,-0.020436905729871432,0.3254841026714632,4.569076264677975
E02000073,2.554246427341418,0.20220626486852575,0.35795840236851,0.12038319962827432,-0.6550567137447363,0.1165949994531023,0.001548854235028846,-0.003911763157750495,-0.10592804713419327,0.17508363940277816,-0.022955166064550645,-0.799374217603691,0.4242885519500668,5.060848363452307
E02000074,0.7223027980973596,0.30740788249893397,0.3255969573986742,0.14545958614161383,-0.6970251972335565,0.06891511047564691,-0.006809900193985204,-0.042006096286420935,-0.11400675629278936,0.08715403152021674,-0.033775430997564235,-0.3824725908132632,0.3383874027289583,3.4359930145234463
E02000075,2.768717255825258,0.2712073600888486,0.35664417459623565,0.13283690383518024,-0.6453080421656412,0.09702106886724975,0.00699638432834801,-0.017013626830204888,-0.11062797798255124,0.14644817040310643,-0.018528687729123257,-0.8199694401492239,0.3756178835051601,4.787814806157291
E02000077,2.8763984877756172,0.1142675810325448,0.3565108605763597,0.1068973769532473,-0.6129362168415324,0.11801470332842313,0.020460366401595993,0.005755789460426368,-0.10394588852834107,0.19927812043924997,-0.020140784029145195,-0.834987212440042,0.4219483765632628,5.127833771529605
E02000078,1.9226067724860274,0.3064174888520172,0.34040636357789117,0.14213918909863307,-0.6417912336319278,0.07340075901369646,0.010434622895544136,-0.033566704692675746,-0.1171876243851207,0.10699421688355545,-0.019804901504709687,-0.6351208335858962,0.33399873799006613,3.1374381402867755
E02000079,3.143475525502169,0.18515917923138933,0.3600841605474501,0.12080673799250281,-0.6086860950994754,0.08323940173456298,0.03872373500229618,-0.009527860327225867,-0.11460651740660323,0.1516212984931788,-0.002215029805165681,-0.849147265954735,0.34277064684972713,3.1747359493144507
E02000080,2.6790434850220506,0.04271193261024392,0.34212020607537746,0.0957360070342694,-0.5634866483615939,0.09991263952676606,0.04285221479076144,0.007966704449524891,-0.09626776513053335,0.21051276538332828,-0.0128567917087258,-0.74670920391792,0.36182727124344644,4.223900962481666
E02000081,2.2970339544583407,0.21832315206522812,0.35006701082194763,0.12834205465898288,-0.6129641352444111,0.0692781295351057,0.03793196944124155,-0.020313156145389227,-0.11981373045553825,0.12188886989330525,-0.00080581054559716,-0.7009845388777189,0.3268614883921522,2.6380132833307197
E02000082,0.9058128752486949,-0.04092555994646317,0.30794700044224554,0.07913351496684584,-0.49445281786755996,0.10225182881051709,0.043497075366054766,0.008194448068004907,-0.08473655159882021,0.22995722307143945,-0.021616138432724866,-0.449130332347296,0.3716652290697926,2.349400192525172
E02000083,1.4099252010961951,0.2303263617916606,0.3330960926434127,0.13418121261985716,-0.6105729344258501,0.05312023393353913,0.038138196490601496,-0.03027370091632735,-0.12446596475521998,0.0929633949486202,-0.002345237562442891,-0.5173104628525846,0.2986891095761755,2.61390367567438
E02000084,2.8820666941111894,0.10115642472314632,0.35359177974986816,0.10743199937680784,-0.5773642169359812,0.07736800385295786,0.05425634823707429,-0.0007104814436858578,-0.1099496806658837,0.16527517508701794,0.004781661631178,-0.7768570915132644,0.32468997954318246,2.424129071743127
E02000085,1.9647829965980952,0.02666061980177821,0.3230807849287537,0.09283352155856864,-0.506440086637445,0.07041359224421019,0.06155651816462859,0.004864736767307521,-0.09776276934829181,0.18280731043588944,0.005712483527824379,-0.5901596493780832,0.30039122527101114,1.8404163344203273
E02000086,0.5577863022642302,-0.02289775366038549,0.2845158219911197,0.07857732286680616,-0.4303410219445028,0.057808795661617667,0.06500622222662737,0.0027632743645743113,-0.08692565873013891,0.18111814992113512,0.008859875238075833,-0.3188404160131242,0.2715547413831919,2.6732945039508125
E02000087,1.732475274988243,0.1076319118055044,0.3376455806186429,0.11060659512011414,-0.5442574581175497,0.0543056171262998,0.06757405795832395,-0.005329462769158352,-0.11443544763382227,0.12994192684695544,0.024287559359740012,-0.5950543687025265,0.27373722341370804,2.9593270090605994
E02000088,1.1251469290072524,0.03122657646361568,0.3085000307521831,0.09266501099711658,-0.46839108560055037,0.05221022462015101,0.07193949888722949,0.0035596841918160635,-0.10010356201751767,0.1548491451714758,0.02479483458411106,-0.4572390107774315,0.26369706155635864,1.7277583791279492
E02000089,-1.309175612235245,-0.07170691318221481,0.24361363068442735,0.057605972355824916,-0.3324855515831243,0.03662467290284235,0.06843452591346781,-0.00530688403011784,-0.08294488111807582,0.14328003745327994,0.014799254124110053,0.04868031192492375,0.24430018850351504,0.7610303033625967
E02000090,-1.2314093965126665,-0.048188788982231195,0.24679123109968626,0.061848026576753645,-0.3361531090308634,0.03016595356075019,0.07434342670507425,-0.0023354447568273116,-0.08571485395174702,0.12196311085830801,0.029732615521900103,0.01589269275757603,0.22987787446852095,1.0117899703694146
E02000091,-1.2179054021059668,-0.0220449199843262,0.24787030434846757,0.06930850476270814,-0.34184634600786534,0.0312058132807558,0.0785681772134284,0.0024958114928828705,-0.08478594336758762,0.11666582936142461,0.0416378794485648,-0.03753708055683051,0.22572454629495825,2.468380626503515
E02000092,-0.8168412069946316,0.022608031358217248,0.26426710591047675,0.08530980861393317,-0.379656735313877,0.03670831661298779,0.08066575564782927,0.004914265952820695,-0.09092651055076634,0.12119453698971393,0.0480943917759801,-0.17116776372135645,0.22871785419051044,1.0281051991072072
E02000093,-36.43091253300045,-0.06019660548350056,0.07427390059667299,0.038974607084709706,0.5307264418732858,0.04922937053029643,-0.09419434352775716,0.08983394409625697,-0.03257796819640858,0.0991897121536088,0.02686082479639544,4.01431105968953,0.31907658384613186,6.806770461787224
E02000094,-32.36964512810073,-0.16896762888087102,0.08065779667051526,0.03489159866171672,0.49897196110859565,0.05485540380818495,-0.11252544549133035,0.07565891162356882,-0.03847906144198526,0.1274986369055169,0.02129438087790849,3.651333019921106,0.3278139269967247,4.202754007129439
E02000095,-37.43690884728661,-0.08321678932248296,0.07537713905181256,0.001998530792092987,0.5122471963030681,0.04089015673706908,-0.08632925116028982,0.14607619982697906,-0.04089183025181739,0.09513609878285414,0.028208948242995212,4.198524110170336,0.3340420158385445,6.9513650065362
E02000096,-37.392281873969885,-0.12901277195159225,0.042987910357144915,-0.05880493859246219,0.4172654958745763,0.013355061842207375,-0.049621360844415756,0.2238393059924012,-0.06852321379977339,0.01407666807707765,0.009161321597248868,4.585425997274736,0.34664820240380073,3.405328106545795
E02000097,-31.304269570364127,-0.1978917338193005,0.09080288193947794,0.0006927054357397794,0.4757342553070403,0.0480159646872672,-0.10885571998028869,0.14480439305742537,-0.04521961846128057,0.13675108779928957,0.028766814614284097,3.563084867624339,0.34808006899067917,3.9316171070019656
E02000098,-34.06515683782959,-0.18612386453800994,0.06671594125824082,-0.03894074853095601,0.43185339973643944,0.03235104661364254,-0.07791933489822876,0.24959139447119244,-0.053016060924206854,0.0967333212507002,0.02692025060121144,4.0292885792543185,0.35349970674134157,6.1745469743094965
E02000099,-31.361828243303172,-0.33553440885388114,0.04435903017600051,-0.09498329401968833,0.3484651534590335,0.014852772862203104,-0.04931958241186597,0.34070357227829,-0.07639732309202478,0.01663447782891833,0.015829135672320267,4.0763488258753435,0.36551975228259825,7.532258525258353
E02000100,-31.554662240002486,-0.4614491136253542,0.04201783387435794,-0.12773659847566693,0.3416433428966058,-0.007677536796487257,-0.031524575890237064,0.32561535825254506,-0.11144209608356048,-0.11752932927859414,-0.0016063610049880384,4.356535121771883,0.37703414506044175,4.918644677227885
E02000101,-26.151074400662985,-0.24879887760206373,0.089437210173024,-0.027191861242610985,0.41157509292236494,0.04306915159029472,-0.10110484763969171,0.27906888180681605,-0.05261025695519467,0.1390718106475176,0.038239778254476095,3.0740005350251267,0.3736647688833657,5.179810021688763
E02000102,-22.638793963947904,-0.1659487663571715,0.1085316397725063,-0.00018864637231858633,0.40663010477304495,0.04637670355149778,-0.11877489037605829,0.1456591388236962,-0.06611211726675266,0.15169395420514936,0.008877361118587765,2.661842053830711,0.3737497908474036,2.95405196154935
E02000103,-14.46226129750761,-0.23982079717298938,0.1198221716767539,-0.008913969420154419,0.3098775625248308,0.03501262086349134,-0.11707098846605452,0.006391738634261457,-0.10705852081864238,0.1400310616400342,-0.06262058934787264,2.0709267050000744,0.3831173432489269,4.063745241419703
E02000104,-24.062068978696033,-0.3594583381539155,0.05354298246048739,-0.09372241327577778,0.3028241939189632,0.02802460658388828,-0.05490298980028472,0.3739925475598122,-0.07040850577179691,0.061073071045295885,0.03540320402851383,3.2098696459823977,0.37860690718799933,4.858347697166732
E02000105,-24.628305227703173,-0.6520497981806452,0.05219248108401968,-0.1612763021715116,0.26484774225987967,-0.002857462571074665,-0.03348216482590136,0.39168222872743796,-0.1250341072396237,-0.1344758528584089,0.020985815936105948,3.7374947073899816,0.3977674227367119,5.589384491150334
E02000106,-18.06314539600511,-0.09639380375475048,0.11918594154504342,-0.01212258383470493,0.38420680924629913,0.054154006771885414,-0.10400831685468145,0.18253398296702894,-0.07306643443352624,0.11829140716520106,0.01836828010341562,2.080370286345375,0.4013900985411406,5.476066631799531
E02000107,-8.705130937002064,-0.3622792197149518,0.13219360933295715,-0.039147921819519725,0.19452249029906254,0.048858284549235916,-0.07358020977674169,-0.07685262529992189,-0.13985227922940222,0.1165367668476667,-0.10844924368015367,1.6274960912680192,0.4053776314008423,6.941927697812079
E02000108,-23.465995804668587,-0.8745950665792126,0.055917871310233326,-0.20502546395802226,0.22989250463676428,-0.02466406306768524,-0.021374250759795085,0.3953366925223667,-0.16415724701419693,-0.34158008252969174,0.01744656772565602,3.935775829788535,0.4099909014534176,9.594405218372657
E02000110,-11.418210364323677,-0.21260193380918957,0.13489521476308114,-0.029284079288148437,0.2853323331484759,0.060185302025821785,-0.0814765554853843,0.015720608440512013,-0.11007679098690412,0.09789399930581473,-0.05621332505685136,1.6073400259351844,0.40979853910426495,4.897723655706066
E02000111,-16.155596619132567,-0.6028197260028184,0.056718244452799,-0.16713347651183624,0.2002816718053973,0.011559559990128289,-0.030754588324173677,0.40898284384883776,-0.11952925944663235,-0.12215379396084759,0.05830224221056116,2.7489700502042824,0.4046601209070072,8.626266834499042
E02000112,-11.758865049697665,-0.2391264874080296,0.06152353525808163,-0.10569766836115578,0.23462335041333196,0.04915592761512794,-0.041207490432361854,0.37761728441774495,-0.07213488770859189,0.009833340835096543,0.07976599988006108,1.757342274186777,0.4071568395639052,6.901346657940721
E02000113,-14.810561861791596,-0.03714132418358629,0.10903306658484099,-0.03552156932424385,0.3529249645672795,0.06653657814317925,-0.07906811527047691,0.2788962468076272,-0.06841908798082025,0.07007906317287112,0.062364986361623714,1.6605812544554703,0.42134567116006155,3.2828059327452443
E02000114,-9.383567789169252,-0.21825541456423148,0.13894074049269495,-0.045020655203735105,0.27390555422303964,0.07953897085546825,-0.04800734594828643,-0.0031726563768097737,-0.11247883715683288,0.0642817200059888,-0.06713645247434777,1.3209166777720889,0.4222150023020717,4.0057396162825345
E02000115,-6.763387461591824,-0.43899307696208956,0.12712057505265795,-0.0720088120218982,0.15859098305348554,0.07577571409322192,-0.012640244958165965,-0.11686888591920033,-0.13870252472333372,0.08029819303417807,-0.12782421487924223,1.3943396983423668,0.41716944397037153,0.34484431218284506
E02000116,-11.00523480598394,-0.09113011006642593,0.14354428870919161,-0.03605324086893718,0.329196266945329,0.08573569221481694,-0.05619274830428281,0.09567064438187889,-0.09688284986826907,0.03395337056814428,-0.010114865226129435,1.2644418762534253,0.4319132267277419,5.179803035516398
E02000117,-12.86166422732026,0.029403291190972597,0.1355039322765093,-0.029579796578818485,0.36028138884991223,0.08504140963950121,-0.06645315383755922,0.19769266350908415,-0.08209386086916852,0.026139520275454874,0.04757472178175245,1.3209513734426357,0.4356178316000748,1.234900520340883
E02000118,-8.149600229028161,-0.17503537523406004,0.0655657359402717,-0.12769969392358876,0.19364582253099394,0.0501721388055586,-0.022600338128872206,0.36237926390783054,-0.09304095091208,-0.11455963365571407,0.1064349405678698,1.413942899978093,0.41648477864030126,7.476860710525112
E02000119,-7.681595083155093,0.14866038333069959,0.10553032479088947,-0.07321558580612623,0.2776675525284922,0.0909994107595743,-0.021894803221547344,0.26997969693367974,-0.0893610136151003,-0.11307760875383885,0.12080622666949062,0.8322408211316467,0.4390699517431001,2.532725903477467
E02000120,-6.393029507894849,-0.5285071889213708,0.14079460603584967,-0.09957595977450097,0.11278981861048384,0.0979269752609067,0.046936111196280744,-0.16458888208876113,-0.1369812958378001,0.05467326719239444,-0.15751387986057386,1.350338285577634,0.4196824624312334,4.853763037716039
E02000121,-9.169033873071891,-0.36256384075569914,0.07654043348199205,-0.16509852286276147,0.15639876635733557,0.02020146779282532,-0.02011725089916654,0.35776955691443446,-0.14225075866742792,-0.31964630898223917,0.10773172496769812,1.867635150517089,0.4164537332536346,8.036561507671362
E02000122,-7.096674259066735,-0.29647946379003937,0.12563318096353945,-0.07006774660237464,0.242156013225269,0.0958237771628924,0.008718327416673097,-0.0872687607629964,-0.1194557255154649,0.0474481562653662,-0.11836237353277512,1.1345566261804592,0.4258966928631159,-1.164073240284198
E02000123,-9.474699961757928,0.0649167559527305,0.14514738273237265,-0.04472563962496598,0.35143393801520234,0.10211666239729865,-0.02858200628394104,0.1530104950262442,-0.09586653038986592,-0.054929433563690414,0.039538888562110935,0.8888509534438535,0.44625945449952986,2.7396609350177137
E02000124,-6.569458754157158,-0.35899752068326485,0.13507262391952313,-0.08595987142057482,0.20787544684704898,0.1157619673539937,0.058383480963653575,-0.1339513337471333,-0.12251593448000374,0.027517021941219404,-0.14781080143424444,1.0647340500367162,0.4281508255571626,2.639361569627069
E02000125,-7.099502628989864,-0.11076253650295331,0.1342487311437553,-0.06303337960138461,0.319513398123726,0.11148232451204045,0.01921075138844181,-0.0003910843995854618,-0.1072187998570917,-0.018656693637098473,-0.07022898002876049,0.8111160292922497,0.4377757615897085,1.8617447782984788
E02000126,-6.850437144292241,-0.4961734456748542,0.17993037913214566,-0.10314676589614903,0.1228211390643209,0.12303790969592601,0.08222788387194228,-0.1763782101567868,-0.12885183293589558,0.01860334986874047,-0.17275907861709716,1.204330032898184,0.4284872566508303,4.323350129080409
E02000127,-5.573035442736222,-0.16828001824928304,0.1691369823759314,0.00754815124563913,-0.0627339708435469,-0.015460106240772278,0.0411630867067733,-0.04859213091900126,-0.10717081040367682,-0.06330508990861397,-0.030044879335181497,0.983444341550938,0.2151021798399478,3.8239944792501896
E02000128,-3.6318523082860823,-0.13368007797316722,0.19828363447214153,0.021994957620356755,-0.21283859237810285,0.004513775271257223,0.07138795341116883,-0.013845388534437512,-0.07598992118145026,0.01731713774738386,0.0224440585463255,0.5371175965914664,0.20911636489659527,0.7395617560729155
E02000130,-5.240373282734051,-0.6604994599028201,0.23848475479633482,-0.0765246952330684,0.25774424072243607,-0.010246528300547366,-0.00797730648723483,0.0052059907441039804,-0.1954467936501012,-0.34370079518310315,0.040853508000576536,1.3830871843842485,0.368518981484144,2.4469420095633803
E02000131,-4.7688332065633805,-0.8329652929687101,0.19738867057319665,-0.08704938672187286,0.240243882882459,0.002411418590065476,-0.004295716287903863,0.02882880066719999,-0.1705636633060587,-0.37455592987684394,0.052163284011400385,1.4256098910856867,0.38693305995185767,2.7511713949395586
E02000132,-5.918837049884789,-0.4177636572129608,0.2684554764016658,-0.025107020148640274,0.08434425104797424,-0.023445421358788465,0.0036436907974340127,0.0147441047736524,-0.16526157562218982,-0.3106419418117663,0.061424626588877464,1.2189318094548127,0.3690066030361686,2.788253655383465
E02000133,-5.434276559881657,-0.17264168758506265,0.17933135364482455,0.011907451311195805,-0.21740023419780602,-0.008425983810460225,0.07170946248953611,0.004425034523576538,-0.04260530435546409,-0.10517597642247309,0.04356705689516852,0.8270555677933156,0.22761205976450816,1.4850709723538764
E02000134,-6.190500263752423,-0.143012959561959,0.2571260339736876,0.03711072321530513,-0.18994794812328883,-0.02962988518173476,0.041156976675971305,0.005953678634573245,-0.08330431238391887,-0.1768868805984395,0.04087917991136408,0.936121370361445,0.28951842568026964,2.184098666380943
E02000135,-3.9383243560483447,-0.7946237202726251,0.2304771168724732,-0.08039119745142119,0.04400367866353938,0.0075185077132527344,0.0010240323492862694,0.0557338089860771,-0.1477618190063542,-0.37883922809276727,0.10702567120870038,1.2669265146318858,0.4341540385680205,5.401945362308901
E02000136,-4.465916556514553,-0.13184400335699342,0.1729378470457057,0.02348718087657687,-0.22387699217809415,0.013023103970113005,0.08399523185023702,0.012666029885373728,-0.036889211796614176,-0.00047687459057048354,0.06118035982085361,0.5518746593069491,0.21304466541561817,1.2794382682410843
E02000137,-7.255506139106039,-0.2256344236057522,0.2879627064842203,0.023980727049701618,-0.16988254080909948,-0.021559053706650004,0.030589533431282415,0.04546584113479587,-0.07505313024369127,-0.23857052359025596,0.0921627446353807,1.0659341682129304,0.3680673540390415,-0.11103703492326034
E02000138,-6.962605751325441,-0.3688485467056409,0.2803622760463335,-0.011213916888359328,-0.0891726737279071,-0.010657388205398775,0.02363852175382975,0.06561192161300633,-0.07483912369384108,-0.29034001708122315,0.1125712454220166,1.144079744078698,0.41081311730985637,1.9936900337336363
E02000139,-3.8419531430886567,-0.6905417792093395,0.2600776493918391,-0.07153106901745193,-0.004342003493692376,0.0016370963403922988,0.007383441412973894,0.05978234057685186,-0.12144369099533842,-0.3496596979945342,0.11679446698702502,1.1472212783459628,0.4325019647774521,1.5656940559198027
E02000140,-4.148272924140352,-0.09178209042474354,0.17467047524641266,0.03639314170953792,-0.24024136634794244,0.020732464413598536,0.08855326426215243,0.017361783504152427,-0.03679203978298126,0.025636234542840575,0.07049863994385086,0.423321502581709,0.20943308913565847,4.869237484227374
E02000141,-3.6356539903967007,-0.8047676695287904,0.24594426715316442,-0.0788944535551582,-0.10839877102377252,0.013648434617362521,0.008997802526141766,0.08467018305836521,-0.10012900958648463,-0.3713537913675773,0.14361445230761882,1.1858095085029625,0.46774864692166546,-2.0458599784923193
E02000142,-6.271003812224962,-0.16691134045961326,0.23606299544617348,0.02973843221393222,-0.22859731278063372,-0.01113277041114983,0.06213706049547143,0.030945364314512745,-0.03131730690946178,-0.11857600936987453,0.0844491757319317,0.8346804295849752,0.29855100367346227,4.004920973310844
E02000144,-7.814303747642356,-0.22307901636595875,0.26511295108230637,0.017242026970521192,-0.16548738945949507,-0.0019255481303897398,0.05730728053238901,0.07653356553178259,-0.01006171909909074,-0.1693160079411799,0.13078437653307318,0.9560827222829786,0.37945135874493624,3.067308066692128
E02000145,-4.426027139137471,-0.0716464404249063,0.1762593972007878,0.04685913609171953,-0.24133653526421547,0.029657465408698555,0.09200015076532114,0.02822139664397651,-0.02404866989559032,0.055034342165745334,0.08763476588531942,0.36387566964501916,0.22372212207246203,1.6944187182674328
E02000146,-7.7203975664828155,-0.21793164448621938,0.23697399743815262,0.012695238309343687,-0.15974435481524898,0.00987585346299892,0.07402401944108056,0.07813059527931163,0.016201830352724364,-0.1029686114987001,0.14564876810567237,0.8667093239879173,0.362929914723568,2.2063492777962592
E02000147,-8.814064030167106,-0.3430124802769399,0.26544341742863387,-0.015230093884901416,-0.08706918786036578,0.006919108561384633,0.05206985264229236,0.117416817405675,0.012183278117419004,-0.2336325970174415,0.16234166642173453,1.128787416778805,0.4455451769082148,-0.04507529552363643
E02000148,-7.250564367262388,-0.18576135781930403,0.1878235694171715,0.012828116751368704,-0.20663301884364635,0.01621177518765493,0.08851525997664667,0.06044062959164012,0.01991993415701148,-0.04491841999142143,0.1369697296536434,0.8032725944190388,0.3028506416324781,1.1181281487926693
E02000149,-5.932578431774372,-0.14628873017726046,0.16221217369679572,0.014743134162814711,-0.18248965985404686,0.02478856136298055,0.09442155035398442,0.041719719925796685,0.00272369806483092,-0.002378091230998386,0.10985560091368268,0.6189510543371971,0.2439855881843918,2.782202353712492
E02000150,-8.095517715621655,-0.5869345009214786,0.2615045358833981,-0.06553214283977582,-0.06859758874873434,0.01815448876537471,0.03871685969624396,0.14935526436842858,0.025424527646234554,-0.3082262515943509,0.18570664828795075,1.2752126344741466,0.5064045032523038,1.0781735855528058
E02000151,-7.560766961645417,-0.19122324878657343,0.16762062782496417,0.00013237572644911322,-0.15826050464575822,0.025795016638085137,0.09846299586523533,0.06590812362341195,0.03184187650301696,-0.01847931469124313,0.14736961205076504,0.793167155367213,0.292187694766405,0.6673838480787024
E02000152,-8.663372208027642,-0.23588166763943091,0.21052054703304812,-0.0020919805272732322,-0.09814120806645416,0.025692203765347893,0.0898920251844707,0.09968198598911944,0.04925200254759597,-0.05523616316125171,0.17930161661359564,0.8787662004743124,0.37468613128756106,0.8694460212196438
E02000153,-9.90604423225859,-0.33901111389960215,0.24247124774963374,-0.02789867085071825,-0.0024002060887772236,0.023409760396619315,0.07287401789712325,0.14236575707452043,0.05549081711912033,-0.17524827885877026,0.1895482618271171,1.104656516928904,0.4566418171999735,0.470168717840064
E02000154,-7.604072174216246,-0.1971109401452313,0.16379650178720262,-0.005810145766362643,-0.12272477727395263,0.03192326483124563,0.10242831535903248,0.06963343943940342,0.03710994330949835,-0.0027507397400030748,0.15301525386950643,0.7630960697572394,0.28969043071965095,2.447101302965886
E02000155,-6.8059163740346635,-0.16164616222570755,0.15983281777802183,0.006666292837241954,-0.1409074331257077,0.032547282380906865,0.1005191659665984,0.05886348560599558,0.023617875616562076,0.006837356640974179,0.137293065737923,0.6568432068457426,0.2655831770308474,4.834400123765019
E02000156,-10.310752676609034,-0.4989115886777859,0.24564291117581782,-0.06803393139690221,0.09376115850044056,0.027692482918915448,0.0625730202146727,0.18554848633174847,0.07928060565744041,-0.24752353124282528,0.2055763835112997,1.2699845648552828,0.5212575166554125,0.915105856942767
E02000157,-9.010634167760477,-0.23943423738192987,0.1840534213212046,-0.01229132674751851,-0.07238091010785565,0.0370337473346552,0.10281488777465002,0.1028178337022384,0.06320810493801296,-0.007610744381620599,0.19236804886486109,0.8654464024414814,0.35909351428311326,2.2660792715125107
E02000158,-7.759332093594489,-0.19729881985708647,0.16131541316674824,-0.008052290989508368,-0.08997307282601393,0.03814445349144604,0.10615248767045135,0.0760426424650323,0.044362189840389636,0.016205853659661748,0.162575340011399,0.7318111832949662,0.2927273879526586,2.2299128882627866
E02000159,-10.984794773876901,-0.35102617074979275,0.21135307261893366,-0.04994284337267155,0.1357468103280682,0.043362018902708355,0.09788920334598301,0.16138671043322741,0.09491413575548716,-0.0865339374791669,0.2227650531403746,1.07591182450852,0.4602092918204031,0.7424298597113754
E02000160,-11.49448091976087,-0.43625214388071926,0.22761235394824997,-0.07191088768230697,0.20219455252927399,0.038696306929374986,0.08570684718550686,0.1957455239025452,0.10331740346779383,-0.1705845845091658,0.2212605242190992,1.2240864742294972,0.5097144991861066,-0.06427440202673029
E02000161,-9.218011218253192,-0.24963626163930164,0.17246162511779656,-0.024079253699375226,-0.019136600275368648,0.043473840242651655,0.11006952411262139,0.10600505184054779,0.07192551954079182,0.018004982202151673,0.1987515433293251,0.8564283547572605,0.35190962110189666,2.976132687060815
E02000162,-11.335154192603298,-0.36973989342845853,0.1951244320474695,-0.06579551863496588,0.22508885356664388,0.053759970496568464,0.11273920518564443,0.16779401398245478,0.11351585380802101,-0.025415220706150626,0.2392450143381315,1.0433668545810884,0.45392000923910764,1.7550920436380872
E02000163,-9.329291543602343,-0.271686811725797,0.16927924428654723,-0.03641044476215976,0.041899007407321776,0.048810253910371235,0.1144911835334185,0.11026675036429055,0.079392367816346,0.035852176393679255,0.2039787519377671,0.8459589738429851,0.35190952841449064,1.0220707329245222
E02000165,-10.53894098880616,-0.5184828771578837,0.23827759738668297,-0.09090079659585085,0.3470011501969091,0.036567158144512196,0.09149686351628863,0.23580265894677396,0.14042250032308654,-0.1519989991022607,0.22701010203346422,1.0705295948705438,0.5506662712731943,1.2923046184415217
E02000166,-5.807999723310202,-0.8481982412768511,0.17974088723639786,-0.28515659563456425,0.07126574107323924,0.011012441634720906,0.010500677332417586,-0.06098591862151889,-0.113737396141137,0.12079714524988971,-0.15158322173144295,1.8550795701547458,0.37430178270458214,3.205015266600836
E02000167,-6.407709760748679,-0.6449547061313086,0.15737241452154044,-0.14284253811186878,0.07481576049509595,0.024927161362653747,-0.017906590230999102,-0.11080380547371112,-0.1495939276245524,0.13514634655773566,-0.17756334741640387,1.78411874076853,0.39339474937265334,3.557155607564763
E02000168,-6.206105654031768,-0.8130614387618151,0.1272761686305434,-0.2791666914389231,0.11932801366372937,0.02552395079967437,0.0430671479345032,-0.04470432014913059,-0.060025619180606726,0.09157190784913756,-0.17791570513994753,1.8053752042788989,0.35736110134756915,6.394199562053287
E02000169,-6.767394413819348,-0.5842814968626063,0.1362087150607864,-0.09402086756956272,0.06741701642845062,0.03926422414132309,-0.019098581046464225,-0.12860100170146116,-0.16152409532689574,0.1280588807663485,-0.17074858640789167,1.7629127788485162,0.39676603260260224,5.500782625466982
E02000170,-7.04121235586695,-0.5227991041175556,0.13362900335663896,-0.0695494834367573,0.08633339180036859,0.05141763402969288,-0.031981490669106244,-0.13051085378530874,-0.1592231283558681,0.1176505255926461,-0.14593607529081448,1.6792203021208303,0.4060542622641503,7.573940792645829
E02000171,-5.739576780370826,-0.8379376592310546,0.12719300298649455,-0.2358722601384155,0.09131529838636238,0.04207190561459222,0.028482842784370195,-0.0989314724927988,-0.1136244199955184,0.09001496463904252,-0.17870032856503423,1.810750708215276,0.3715822688913474,6.400369657579674
E02000172,-5.484243556950644,-0.8807252312192039,0.11011782661710753,-0.27485216734131973,0.12870328096392541,0.044519369583560155,0.04437084094148286,-0.07083795688886484,-0.07448771238434235,0.06955346120146982,-0.18708333211306763,1.7755414256949784,0.35933294740729194,9.955244218593506
E02000173,-5.775482354586439,-0.720584313552868,0.12482360710063398,-0.1494447642142286,0.05730817908161209,0.0564480328590297,0.02243894451995996,-0.13375619964821686,-0.13862164013968176,0.09729344936695,-0.17955719163058462,1.7052299785172629,0.38195476091010344,6.8647836262038755
E02000174,-4.505970785801656,-0.8603065387632648,0.08487120740753602,-0.2783645299579012,0.16139207700805036,0.03710859558102661,0.05686817601632093,-0.03886399572041869,-0.0003746075265262383,0.05954695548684778,-0.2024206825516947,1.624462952946791,0.34063855738775367,8.47056216927417
E02000175,-6.644582402730432,-0.5959748862836887,0.1291456214599822,-0.10067924259199365,0.06081209764717514,0.06382903601736066,0.01371084563469565,-0.14792736428938902,-0.1528534354268856,0.09612801820131756,-0.1608190994221694,1.657235353477381,0.40079585169048276,7.0360433615342135
E02000176,-5.267325985570164,-0.7738875532109628,0.12274864414961029,-0.16735886303142886,0.05729223410395451,0.06726464291541437,0.03431748557022177,-0.1353014073925859,-0.1289424892690625,0.08061729628665101,-0.18210299123789503,1.6553820350236195,0.37756741051173665,6.536817952695064
E02000177,-4.538916768219934,-0.90515795855555,0.1046406488049378,-0.24877504346604107,0.10761476155121116,0.06560702415228867,0.045952186179434765,-0.09738211577728559,-0.0876467084353281,0.059811996271511986,-0.1922214651974417,1.6663027622894462,0.360355578592927,8.392911847702331
E02000178,-6.909572574796993,-0.5409443711187787,0.12806370049827565,-0.09139618082925696,0.08831212000959127,0.07306016151942699,0.013928627638189105,-0.15159108787344472,-0.14789975269533764,0.09027988575898359,-0.14961863079860022,1.5723868600129387,0.4103463200360671,8.149605942298432
E02000179,-4.748009262309455,-0.8151271000709793,0.1220010606272188,-0.18260380761488926,0.0640698369660422,0.07731504643164211,0.044804263391720126,-0.1319433970885434,-0.11853056741930687,0.06251143216919527,-0.18426212140889142,1.5871314375715555,0.3751028789512449,7.124534467298083
E02000180,-3.1277385053727698,-0.8560084586478738,0.058828717729224496,-0.26182934795626744,0.18638845602501924,0.039077964095667245,0.06393903889779722,-0.031037700812609592,0.03425008320448805,0.044840982003160904,-0.21373856318250722,1.4497682792128743,0.32845132144403366,9.037173255187234
E02000181,-6.285122113351139,-0.6325485178754469,0.14113249561515218,-0.11340126262470691,0.0531361280648813,0.08383754729262934,0.04212929137220959,-0.16615836336943923,-0.14382330160569978,0.06965884480189345,-0.1677154917657322,1.5508490702628632,0.40355432891987963,5.546860931203151
E02000182,-4.7994770851940345,-0.7621220437964282,0.1339832303841047,-0.1481794460237234,0.04670403300687319,0.09347305933124642,0.05575579444190284,-0.15666075607201693,-0.12847625115092406,0.047945402294003375,-0.18475347997411154,1.4843244304091179,0.38734588358806993,8.406969767932644
E02000183,-3.262760132920545,-0.9322196556410676,0.09374981930912535,-0.23290106436709518,0.10122569703655573,0.0880206590766223,0.05467974751766869,-0.1085663781789327,-0.07575160198047956,0.035732528204433324,-0.20662208650832023,1.4969486483937686,0.3566341351179419,8.57275946075507
E02000184,-2.249274849615565,-0.9226143590011779,0.052848211241738094,-0.26031226351155456,0.18478762027929665,0.06123909779385467,0.062232943596833075,-0.05194315221079528,0.01762485956672949,0.021798498343393785,-0.22044614680282398,1.3858466850630127,0.33227540321212323,9.567555000079144
E02000185,-6.38988705360711,-0.6221434625755935,0.1617816000724964,-0.11557169197830769,0.06101048408850614,0.1034132699303491,0.06392902673366457,-0.18131938153666685,-0.13588741406886218,0.047681112301153517,-0.1748267437921172,1.4340394148542677,0.41244893920104675,7.616484153693229
E02000186,-1.0614567885720083,-0.9483203205543546,0.06807984393357516,-0.21396063629041756,0.1312564040735851,0.09858700610451127,0.06155081252027174,-0.08477826905667547,-0.029584106265001554,-0.005622321912128483,-0.232357835120025,1.2108882503527678,0.3538798766142188,8.13275819213176
E02000187,0.5381799772709321,-0.9324970853829018,0.024777164841785583,-0.23682271642288244,0.2237926880108353,0.055835585036618444,0.07347057345263885,-0.03697333358826166,0.06635135556278901,0.013504330965538353,-0.20221337243048018,1.039651132231076,0.3254172617419214,8.443526988265724
E02000188,0.8437297513214608,-0.9254502633543582,0.047892161260680154,-0.18354777977853876,0.17629776944724168,0.09336575909759662,0.06621828971770372,-0.04685161022747662,-0.010746902708502454,-0.016136879104598822,-0.2319787768865881,0.9284599369747858,0.3583834145607753,9.858555468871788
E02000191,4.432793024188036,-0.9239070245253727,0.03432125844569115,-0.1289322124151364,0.24571874108333275,0.09529454698603887,0.07283947510487337,0.019182455700258186,-0.03228365610312045,-0.00456853975737323,-0.20408060478209872,0.37183330624692457,0.3812826271671062,6.407115913789444
E02000192,6.894804357100081,-0.9142775063976949,0.01368090132270644,-0.1346589349317102,0.31627803593669795,0.07314913308280842,0.07966419045741939,0.06856249447527034,0.015353772525511206,0.097367179572077,-0.09077733810977202,-0.03721429564209883,0.33093762836500323,8.407496055020628
E02000193,7.3964059745819695,-0.9588961592311599,0.018619872052148663,-0.11397575002398214,0.3308088269108475,0.08546317879551511,0.07926326466422534,0.0810964830688294,-0.050128699544213284,0.05310777664031474,-0.10971493969750994,-0.09568583936673097,0.3716842022167685,7.163067792938983
E02000194,-9.432904498415832,-0.6477670939421727,0.192040234249113,-0.0335218154063477,0.07538607730355551,0.002485113002083077,0.009701376846807996,0.07247182041780603,-0.14285412507301085,-0.3864333496363964,0.07888978164868635,1.6990715304446065,0.4128839694444259,3.4591879967178514
E02000195,-15.26425929669785,-0.4931296916629704,0.17417893752061087,0.004978079194014551,0.05496361868060018,0.0022083464371151027,0.023347139258289556,0.10149738202562106,-0.11920965097284347,-0.371604051313902,0.06543312506238066,2.1306444770149944,0.4015187344939073,4.976877330918908
E02000196,-17.105121068172423,-0.4466355504870363,0.19212865569091012,0.018824399632980944,-0.09716448365122948,0.012532972267448154,0.03182985232313966,0.14296098383941713,-0.08803375864207988,-0.3655822056273361,0.0928842160715182,2.2074643217763876,0.4232752010089294,6.345442820794558
E02000197,-17.389326413052192,-0.4196909209791767,0.19637919738091875,0.026088241740008355,-0.15594080835847257,0.017908681777279598,0.04029078010800348,0.15592724993496124,-0.07032791146420125,-0.3502995429809854,0.09513910387279627,2.165011226038021,0.4288466144340385,6.543030480833728
E02000198,-13.370554978122547,-0.5191587794744897,0.21808789956807997,0.004606831513118061,-0.19963714221030288,0.013320911147267528,0.02079588269045791,0.13719920784939593,-0.1030369104105634,-0.3895318887933389,0.12908414398992538,1.9112450531200262,0.45890989035587393,5.808586236451218
E02000199,-11.390186946290306,-0.5715060464866731,0.23109976948113947,-0.006170235341266275,-0.2572741318343989,0.014674375109357067,0.016613735742271495,0.13330268483438135,-0.1006265597942489,-0.3931734304853413,0.14666729992957095,1.7578966013098283,0.47913018536993657,5.388285142970911
E02000200,-7.882795090008794,-0.6792000808235293,0.23592307389995204,-0.03292218880599933,-0.22845029750114687,0.014018734066131919,0.012205883627712853,0.11373140506971495,-0.0986492278392456,-0.3902559566735658,0.1515036611351435,1.5016817059679006,0.48408398947658576,4.281997248449398
E02000201,-5.52053541371625,-0.7787064974419116,0.24671373753524045,-0.05679735255270649,-0.2615132964356647,0.018543576777756764,0.013330899846374067,0.1172556087179381,-0.07093223231027636,-0.38065098433786126,0.16763573697602333,1.3145737495724126,0.49976218325946176,5.129589499191869
E02000202,-13.967758333740218,-0.4491398408121156,0.23010820802843007,0.02266235809546971,-0.27857525539202493,0.021241848268431104,0.0316617542225809,0.17577006601076256,-0.07084424366927417,-0.3695217372248427,0.13911692806065762,1.8045270790779901,0.4725329599864907,9.33523670954975
E02000203,-11.497496106755861,-0.5270915943870053,0.24148420359971456,0.008311301552205178,-0.3264070989437996,0.019579043336575938,0.024614963022825495,0.16505313964040907,-0.07048836438844384,-0.3770609068679075,0.1589892862970181,1.6412981184530864,0.49601620394609225,5.384673029529124
E02000204,-12.690904256718227,-0.4106819687271129,0.2358515814370989,0.03289551808886815,-0.2910785051796978,0.023561261692918924,0.04017534091589251,0.18566621418349324,-0.05716093925993254,-0.3538745164747318,0.13778996548523786,1.5650434651184746,0.4750000124853101,9.722569396469956
E02000206,-8.443361892847788,-0.5989735844074662,0.2538929064249685,-0.004496884233832842,-0.34873263598538545,0.020828084182893624,0.026170815859201065,0.17187487689482486,-0.03335789784198328,-0.3648432881116874,0.17567165598969095,1.3246976333850693,0.5190727109787874,6.681455275927633
E02000207,-6.051899710970153,-0.7101691567515318,0.25777406616188847,-0.046213361290885636,-0.26990066143623515,0.020999960914486172,0.025308372877723168,0.15926329428344949,-0.0014565885050549648,-0.3538551070366571,0.18853242133559459,1.1786782232518007,0.5294427746581589,5.668759879764274
E02000208,-9.44382891007443,-0.4861292153748746,0.2534753413686721,0.022906483956959656,-0.3352836596928553,0.02242161075066771,0.03665353853190874,0.1939010231035035,-0.035718813196482214,-0.35200190535508347,0.1600052842369831,1.2529180820045105,0.5051890810074944,4.40025294675422
E02000209,-9.85956108464675,-0.3928450269015895,0.24996298624186813,0.04191326650346619,-0.3279449079390784,0.023514576434929935,0.049576504644073316,0.18751062751888925,-0.04730681227741153,-0.3389053032574465,0.14456499926032437,1.1744137995056407,0.4845003120257339,11.053096812983007
E02000210,-6.619779536452837,-0.6504803594814152,0.26242045279327864,-0.0212510222650052,-0.3155054045472788,0.021103382195187363,0.0292504645270979,0.17905121206545582,0.006543832638338354,-0.3507973098747079,0.18829586442015148,1.1241839649420613,0.5367113494121049,5.296700142056658
E02000211,-6.851417727408879,-0.6900747220740638,0.26042593065930847,-0.06983466460647564,-0.13789584480298644,0.02272598378502854,0.033658022679619544,0.16997400575130098,0.0399086658574595,-0.3304820370749719,0.1988087961011129,1.2002213812944091,0.5388340374355668,1.3915864698759415
E02000212,-7.365781531235392,-0.454830139723776,0.2666424001334918,0.03551579284422179,-0.34320328866617106,0.022252118414866125,0.05050573999687853,0.20270149583161634,-0.01599412784749189,-0.3321816566964236,0.15903714270491937,0.8955382755550085,0.5052928340810234,10.42311303411646
E02000213,-6.995278323014319,-0.5426960652705992,0.2675921021314842,0.015415785361015087,-0.33674937831280755,0.02186257133324985,0.0393024089392412,0.20474005572991683,0.0008574242855198672,-0.3421496496226038,0.1730294448009493,0.9688423705990669,0.5260008232130124,7.539777506389421
E02000214,-6.1106695255670695,-0.6763756822670955,0.2658106140192737,-0.04007996903676715,-0.23607906492166786,0.021243474485053253,0.03249978501927943,0.18574485081600006,0.04082904956595662,-0.3384033149505732,0.19853042014966088,1.0553546955448854,0.5505234444577398,4.653587249570735
E02000215,-6.045752441147233,-0.6094417002349855,0.270034795897823,-0.006398860946362696,-0.3006804444900768,0.020022910674947596,0.036483005782764456,0.19903792171056064,0.028753052107433938,-0.3381853299675057,0.18653091863628846,0.9351507585666339,0.5419047948352188,7.38171581521476
E02000216,-5.014925441816029,-0.5988536054306066,0.2780449934887201,-0.008886385305863588,-0.220693196608409,0.017280487861421133,0.04384460210071489,0.21360758345910558,0.0662365268796479,-0.31973765097620716,0.18918244236510018,0.7273681812737457,0.5517921631401184,20.787878385083864
E02000217,-5.31574424561831,-0.5070554927387649,0.280546340389968,0.028933409863141073,-0.3242834999356021,0.019705949726253193,0.05397385859913838,0.21298001814098255,0.02100881491693627,-0.32309218546680074,0.16933465991394214,0.646979471094781,0.5214049701373851,6.076639253637476
E02000218,-9.010447324079301,-0.5856066115160132,0.25233130252314384,-0.0730569302053698,0.07421268511899867,0.025057118192179238,0.05083220758904159,0.19932539358938758,0.08864981575822503,-0.2814434295541761,0.20930960022886533,1.2058351845116424,0.5519646189013684,4.006425312175193
E02000219,-7.074359998253433,-0.5984481536565393,0.26567433961942505,-0.04915628710360097,-0.010495298518249652,0.018703737121299448,0.044886489041046876,0.21090721182852434,0.0943602543274204,-0.2971299034420334,0.20176392870324655,0.9718089825360899,0.5635978921397252,3.712323860680531
E02000221,-3.3784827877485624,-0.5288690682275982,0.30048333792985393,0.03078359278467284,-0.32312808672292725,0.016369248897561334,0.0655649143540831,0.21829687656115968,0.05313379517045423,-0.30740577688790033,0.17608241115569295,0.354013793086866,0.5288337075562167,1.2512836796041134
E02000222,-3.670548641718503,-0.5650507563532186,0.29396570197211697,0.006361031443160005,-0.19179756150620178,0.014753686719878503,0.05547198934526085,0.23255283597232843,0.0892597631185961,-0.3042580055795784,0.18315297662445867,0.42681631430155836,0.5515514128729946,2.0904040172097953
E02000223,-9.337800786069375,-0.5454206490436355,0.24925539800513857,-0.07282134760051012,0.1884012245291395,0.026337197018177737,0.06434534716481785,0.22014523587379412,0.11610449878970394,-0.23914761540117713,0.21391975776428385,1.0976083906988794,0.55927542245982,4.808378509393158
E02000224,-2.6090880453808554,-0.5522182642926768,0.3087709768540291,0.020734635407416428,-0.24749204827849458,0.013867996794093326,0.06647102295803839,0.23370342480681983,0.08956250482366707,-0.2958754103906048,0.18056386024110002,0.23112034221656727,0.5437017208151849,2.093340752269071
E02000225,-9.678561504510927,-0.5339435770567369,0.24640494130671123,-0.07614390430497409,0.22507010242158207,0.028352647881297197,0.0705900149298513,0.224138098598342,0.12195855916801569,-0.2205675356138532,0.21649640454787,1.0951525599179757,0.5575914366924576,7.24683568086167
E02000226,-4.717801207689789,-0.5532473442719336,0.29070335334152353,-0.01033530679725185,-0.07422271747421133,0.012881896154883658,0.05438320213202773,0.23751166461022227,0.11354824903092971,-0.28926424543766055,0.18789529803403107,0.5279707978456847,0.5645646084224829,5.963533123768852
E02000227,-7.352421918411931,-0.5484532783316763,0.268282059705986,-0.04783337822642152,0.12255523198459672,0.01762144757500917,0.05735765641262223,0.23369437775735738,0.12607668133294136,-0.2579307534558097,0.20259047982301928,0.8418237190699117,0.5717865885680825,2.2009945051234654
E02000228,-3.0793831904771145,-0.5434310586476012,0.3116389073891516,0.010632159458535944,-0.1523014727049939,0.011888711934315524,0.06533336463192105,0.24592192008077896,0.11697378295064367,-0.2845434065557405,0.1820454438549778,0.24433520881258436,0.5565438698666764,2.7192984122865553
E02000229,-9.69494035860454,-0.5254389375130317,0.2466111223278874,-0.07599286357014733,0.24795653696991776,0.028931591050605138,0.07588732620711958,0.22914435523261922,0.12836062303960263,-0.20339964004396782,0.21751148939297477,1.0563075415729393,0.5570700998773005,3.839957851017161
E02000230,-2.0444834994098753,-0.5484024557046272,0.3244019351899139,0.031597053896923494,-0.33953058733316055,0.013220935814365835,0.07679899558095485,0.22494121887525373,0.08308342460298122,-0.2907921376988719,0.18328523604946534,0.12976471842502857,0.5369605481181481,5.083060072797997
E02000231,-2.4074453146026826,-0.5064471696590285,0.33200469786461506,0.036645434449170504,-0.40382841182371737,0.01847605877693822,0.09144488101159687,0.1998829967254035,0.0583855006911106,-0.2836802114281523,0.1903663605507732,0.10942812917436781,0.5191965597132024,5.284819884496181
E02000232,-4.421111828836596,-0.5216623116844643,0.3068522065795011,-0.005221860730177896,-0.012265972066696107,0.010506744671439715,0.06310685246379424,0.25530362467068446,0.13901898439671656,-0.26720126153884827,0.18425905278683088,0.36446819354912974,0.5697862775486734,1.6733936021811457
E02000233,-1.8216305184481305,-0.5524949511839847,0.3407703845961669,0.030931150419910333,-0.345830437007379,0.011748789841786948,0.0816631183752992,0.23367040230514735,0.10370208323459432,-0.2801685537912356,0.18747052460289007,0.052330459487979264,0.5446748627982719,2.1447258978420667
E02000234,-2.0338203248701388,-0.5291623015596906,0.3408369702656514,0.03311290743654278,-0.40121271263681635,0.016685358347663014,0.09218853522468201,0.21202188399448693,0.08336392527470285,-0.2738624599078096,0.19478422838077308,0.052978074407109776,0.528808099158452,2.830947753692537
E02000235,-2.4204704448922856,-0.5367251619048898,0.3368533953730225,0.024113871568295604,-0.2589014462760767,0.010617100772504079,0.07782944502143521,0.2448392173784901,0.12138247906566994,-0.26992150742990934,0.18458065760514786,0.09653237385680669,0.5527888055960274,2.1923415881810464
E02000236,-2.8033707712619584,-0.4708502688214315,0.3329801785147647,0.02414734422822904,-0.3502525701994302,0.02659298457440548,0.10687681286445352,0.19160201086219528,0.07371623544266456,-0.24501610979698096,0.20485062143304983,0.048699368462894854,0.5103888399610591,1.4481888308592024
E02000237,-2.268078256032567,-0.5301258773605031,0.3528168187886003,0.030679979409158363,-0.3980316176921018,0.015579500334859823,0.09387553887692428,0.2247366624947082,0.10652732750259782,-0.259652535973184,0.198177382946001,0.03845989406546724,0.5381722680016006,1.6448017639690886
E02000238,-17.98219058274661,-1.2431193241801306,0.0706585652625651,-0.2539198404143374,0.1356261354577698,-0.05523522179280338,0.0031303109959877305,0.38116572498017837,-0.2330010199075912,-0.645717425090242,0.00900534481783595,3.8132591298163856,0.4248049625040816,9.435900222776018
E02000239,-17.428135685085458,-1.0274092140968984,0.06944791237189979,-0.23206898823039684,0.14526198448547906,-0.03517432531488028,-0.02085805386992741,0.3994142354531817,-0.2015293350429263,-0.5460664289835637,0.03945673840538675,3.5161508294004715,0.4186823437781775,13.165263704087764
E02000240,-11.01899782908202,-1.508080790571205,0.07760731162360579,-0.26548278944216525,0.027576931067145094,-0.06604789949282663,0.021324582896606097,0.35159763477049266,-0.27477521565983604,-0.5549613472555138,-0.0001588387214470459,3.344720940444502,0.41700457899949706,9.46788453081102
E02000241,-13.864313788215199,-1.4247458840045624,0.08110814722800985,-0.2585139417378922,0.04116364151924076,-0.06832079179190488,0.013229480847364396,0.36507456504699914,-0.27912031598373227,-0.6175759614205758,0.016634309288268548,3.6119058930546313,0.4198781419746336,8.937409950140152
E02000242,-11.359920873606614,-0.6619234477238112,0.08254772842511515,-0.2020285939600035,0.11687639334967145,-0.015282516328992496,-0.025371967474946397,0.3661231446252555,-0.19154692068373302,-0.5668595228623525,0.09315418718326207,2.547042077513635,0.41451099816608655,10.236643566275985
E02000243,-13.053140634468736,-1.2386663952406582,0.08921175660443492,-0.23878224608182894,0.03141221112619674,-0.06620952753378244,-0.009805363465799521,0.3673917508249474,-0.28260374826774226,-0.8308326390045365,0.05136510353865531,3.4304687670987186,0.4164954087349159,9.755562153103599
E02000244,-11.454633706404945,-0.8050524941046897,0.09357542150699352,-0.21267212560519286,0.06292307581549367,-0.04411933622226989,-0.028302964385343563,0.34579815819826315,-0.244563295458131,-0.9832367069493971,0.0869158396904698,2.8849919481527757,0.4112406938011701,12.798839645187389
E02000245,-11.480373665398238,-1.4064145752496149,0.08817533248289156,-0.20872791001242158,-0.012384767509109024,-0.07713370328500153,0.018968498095109275,0.33535709574139083,-0.320282632597913,-0.5482168762550467,0.025329663789450018,3.3785268678194917,0.405848662183046,10.817024029315592
E02000246,-10.726663201229314,-1.3616039226244012,0.09205481508515334,-0.17201993740597932,-0.022226516500334442,-0.07910343375522189,0.025019323435299015,0.32471554433382954,-0.33548105329548905,-0.5074971681963767,0.0230342279215106,3.229480601877667,0.4000594146559552,4.599043368111001
E02000247,-14.423649923801191,-1.2579251169588739,0.09466268437403019,-0.19469819382405773,0.009685725293145375,-0.07823081707264427,0.004484068911299835,0.3438748535758601,-0.3244714887719341,-0.614802308469826,0.04806332694529793,3.6046056354095297,0.40794795960680585,10.42862014407594
E02000248,-8.542065400255787,0.16880790742988505,0.10475172908910757,-0.12095016692020197,0.17991091696395556,0.04989616577921182,0.0025136129075146174,0.26857683704553664,-0.15306528036056463,-0.5127032104249598,0.16685590384890314,1.3224589342275885,0.42063860598333225,12.19859001175649
E02000249,-15.359969643564316,-0.9646062278516749,0.11086240696880578,-0.15208989363765224,0.019740909190358036,-0.08079358690508658,-0.014001975955639179,0.3405993181370708,-0.3421034340236103,-0.7382758311450381,0.08585491920229416,3.504178256488767,0.4026816429600614,11.699861602785782
E02000250,-12.226168613292653,-0.046007486561104316,0.11791594165023933,-0.1378912659584755,0.11130057242742236,-0.008385685468862557,-0.021878621247968813,0.26945967542601135,-0.2268532187136409,-1.0279812461589326,0.15013667492998486,2.2711225898495573,0.4061714259712925,9.382593636500564
E02000251,-16.475821700069258,-0.9515801206671541,0.11324454614240687,-0.11722822363672525,0.014900931143507934,-0.08572551662740871,-0.008111962280132917,0.3366326193929296,-0.36312424438839475,-0.6459289245356028,0.08427950767090701,3.594663466674252,0.40099268889337564,13.726498386462906
E02000252,-6.245474147282938,0.29485924615387965,0.13241147950388357,-0.0707602961199793,0.31836530051287387,0.10837504889600699,0.019828867795440953,0.1866034203712075,-0.1143135062402548,-0.24005999238253006,0.11979671511091472,0.46650441033667217,0.4447681290557915,8.901519780491158
E02000253,-14.651847546328769,-0.5853644885762161,0.12377921409163174,-0.13074289674401632,0.06727908503539926,-0.0719773878674323,-0.03206206606227502,0.2935087263526361,-0.32536853533655097,-0.9505292403366628,0.11207649317308807,3.136903060011379,0.40096015410777247,9.78112988960915
E02000254,-18.740313343311485,-0.7542277110365317,0.12446571423489178,-0.026267544511616753,0.02771977106028034,-0.0912866963108456,-0.007647492150042304,0.32304569749481377,-0.399922307193315,-0.5579909089473275,0.09083197147272584,3.6253168193982517,0.3993359448085575,14.859667170835248
E02000255,-14.313219029984705,-0.28713822779650916,0.13126119241214362,-0.12010205914842371,0.10457798578078048,-0.05651943455512363,-0.03902003156193763,0.2601367862666604,-0.2964645855158509,-1.1223368006730423,0.12568781588276742,2.8333137470928653,0.40411458582596177,21.609357141936467
E02000256,-16.173141123791748,0.14063158973720769,0.14477591021555739,-0.08276519913612074,0.17112583982228302,-0.03840520315410957,-0.03304355851474472,0.21496079836914578,-0.27979895035431446,-1.1701655745628736,0.1566649782877608,2.604983439860187,0.40375553924452884,13.56502738603446
E02000258,-7.2025586261799734,0.4404136618394784,0.13235679858737642,-0.086608637085782,0.31528042267633016,0.09860956830984359,0.06117504235413718,0.1726510796900816,-0.14175908229777617,-0.43779918958090536,0.15898350125147231,0.5553966449727773,0.43659649276523943,11.852891721561248
E02000259,-19.196708509442352,-0.3396256831945712,0.13927257874792698,-0.04460799091167238,0.12169301149625633,-0.08471940695172347,-0.034743225298790925,0.27690194691651127,-0.3712852923291834,-0.8153544849009002,0.1226588511821631,3.383242794680115,0.3993183061789941,10.108903862572207
E02000260,-22.46837546311122,-0.33325841889728175,0.14578480644212832,0.10426093891346816,0.10145386412831076,-0.09683787373769825,-0.021971906014752282,0.2941049297630509,-0.446539405005638,-0.5179929723590919,0.10364657480102446,3.597359702128418,0.4054801221903364,19.555090797381734
E02000261,-5.101096545859697,0.4250812006077761,0.1474037962948564,-0.0751617217608111,0.3973293340137336,0.1299035103614244,0.10811662943845608,0.09058108232715445,-0.13552443931970742,-0.2934493967446864,0.06726813778151258,0.068878938713966,0.4471246449998436,11.035874935807907
E02000262,-6.881231358668723,0.49064476019331027,0.13567589364621901,-0.09012453177776306,0.37367013372709135,0.10717383741919345,0.10744926996534584,0.13182665117119347,-0.1494694351616123,-0.4383104132204456,0.14002141805234453,0.36266909893587584,0.4378823467224947,7.997216011465872
E02000263,-23.19495647206787,-0.26644981081569974,0.1495592378282158,0.17178164625358489,0.10604204219143662,-0.09686994003324521,-0.020524981679838003,0.2811293958783295,-0.4626994163349458,-0.4342375734394555,0.08938588400695796,3.5517854730894864,0.4105287996077665,19.462914702253165
E02000264,-9.62641964366883,0.4119616706493545,0.13389550208715534,-0.09935160127067476,0.3248181173186938,0.05274143650284718,0.0748644953673789,0.15383723806943123,-0.18909878406950933,-0.665229075930637,0.1777167354670004,1.0315996522749884,0.42426013363971243,9.86830171572463
E02000265,-21.071081109742718,0.19819295381531976,0.1610392622362148,0.006560767088952216,0.26165436506708295,-0.07735494359432046,-0.04896841597475149,0.19833416830706743,-0.35742563179691283,-0.9664789457060592,0.13621865303912858,3.0656884160509685,0.40660025688740786,9.75014617435393
E02000266,-25.0895421773051,-0.015232758735607019,0.1597846639545958,0.14382775076614268,0.19721635959730138,-0.10301980245819008,-0.04161673836605159,0.2572473163848993,-0.46443575414308247,-0.5903042649684812,0.11113093507402505,3.6237828062592987,0.4102686906365615,13.459902104716685
E02000267,-23.671848314244908,0.1190880004082781,0.1629272333372408,0.06786306086944952,0.26872104901277105,-0.0940160169229648,-0.05044595726161247,0.2185318431143272,-0.40847716510861165,-0.7687587163828583,0.12123478258849019,3.3736605268616495,0.4111940442705329,11.894482550115924
E02000268,-15.050173790427124,0.37396362997002897,0.14755357075804545,-0.06136073393060959,0.3350126339808402,-0.013992880895992856,0.020141354533307176,0.15306553701716702,-0.26232189722132904,-0.8757084877054523,0.17181311314605377,1.9377268394004097,0.4159214929368871,8.347310906624664
E02000269,-19.130129024165385,0.34251001580509544,0.1608682040423672,-0.00928819742284637,0.32539094054251777,-0.05630914497359482,-0.02981196475633266,0.16629394891924953,-0.3206683638650677,-0.9707362926981247,0.1477610003892747,2.5938826193016284,0.41400280295977493,10.096832965242289
E02000270,-6.965760525699382,0.4507409725223075,0.12449285843472904,-0.10806076015389618,0.39897519395824316,0.0878334669755389,0.14011214688830848,0.1118082596847163,-0.1698768739784084,-0.49022888271017284,0.14709732770431766,0.44449863572834014,0.43121752197224833,9.360687853645226
E02000271,-5.94896210123229,0.4696127618173538,0.14417838180529385,-0.09302243007517128,0.4225439198009738,0.12297282321112096,0.1582344118103218,0.062461975627682985,-0.15953070204813943,-0.35982258933767075,0.08184671767812732,0.12526773552162462,0.44081878116403056,8.265990487138346
E02000272,-23.74029034757895,0.32449500725827396,0.17128549143726443,0.09970578161274159,0.36710203489828164,-0.09615325947898974,-0.06443837793321558,0.1697048127530184,-0.4176062299845627,-0.8020097938335742,0.10900762049637032,3.157563864227001,0.42142860527917797,2.1307347494996662
E02000275,-25.51695910209365,0.11840670509193121,0.1681636561185088,0.2839829527666221,0.20700561313808918,-0.10815742521596514,-0.04901773208590833,0.23555468490838438,-0.5223846016497573,-0.4519104901367995,0.0863262653708595,3.4600796343448956,0.4264385060181179,19.547376741102404
E02000276,-18.471882309352104,0.36580105456419654,0.15454570715366475,0.020278159693860254,0.41249230791099256,-0.06250095716752789,-0.025229101854166075,0.12509435782800807,-0.356179429295792,-0.878595847865614,0.12515482112954296,2.43818974052226,0.4161444026364517,8.376612440118889
E02000277,17.135323843071127,-0.5316108479667023,0.2301908345217148,-0.08013740051390554,0.38105514812838914,-0.027216220785722042,0.15995122711216372,-0.09719833367902715,-0.11272574626908313,-0.5361665946440592,-0.09051629943482933,-1.3965787185733887,0.411758008502877,8.01709066744343
E02000278,16.309848577407692,-0.5157723928624861,0.2545840488976143,-0.08193554035841916,0.382299717038289,-0.014532213110358242,0.15458113782564262,-0.09634332115803129,-0.10114538424590494,-0.5112119598524545,-0.08929081097329147,-1.394348179151606,0.41768242792944943,9.539667852069773
E02000279,19.157214313348153,-0.5914509838102944,0.2115136888044549,-0.08673211236962246,0.37485026210044853,-0.043558031830533736,0.1660042386798016,-0.09903908278630671,-0.14330890409984526,-0.5636046699274883,-0.09448662767967936,-1.4701095507731883,0.4071248717730112,8.460348859142275
E02000280,8.754518781005924,-0.27574969444210784,0.18868641738126107,-0.06851901242709321,0.43376799807246635,0.04150605655350981,0.11869058105547042,-0.10557161464854202,0.020001222567175098,-0.31485462448601464,-0.07703964507501601,-0.8918119444702419,0.4079018786674501,4.600166840956074
E02000281,14.519396556291664,-0.49233406742384167,0.3028269961580972,-0.0846175392721851,0.36942429152929,0.013912635376284017,0.14049795331926693,-0.0937652921137226,-0.08451802905427953,-0.43838184776822603,-0.08703666071014339,-1.3562317619103528,0.4276275807422305,9.271616873444302
E02000282,17.677897180401384,-0.5568580101802719,0.28036579726330324,-0.09035114344605699,0.3784068573540065,-0.013612873244606367,0.15367626148382685,-0.091967597986662,-0.1219046182856798,-0.5131071165131398,-0.09421306807670234,-1.5374840444621163,0.4254306869454391,10.455336627855132
E02000283,19.90569002909977,-0.6091515994253635,0.2641405433102147,-0.09626893597181102,0.3763322106422689,-0.02833456023695953,0.15887620213729872,-0.09540423365551735,-0.15126411276664467,-0.5391034796091702,-0.09944643658107383,-1.6553944205795812,0.4255370381134011,11.913287401401952
E02000284,11.507861972019082,-0.38347664187437047,0.3088636163484569,-0.0793380297500902,0.37682388160107855,0.0438939406612488,0.12587905692167484,-0.09316620813562329,-0.048036240489016946,-0.3603516180601562,-0.0843843303365266,-1.2155507846983706,0.42599836785053385,2.3282738393819056
E02000285,13.443050533179159,-0.46525595739583225,0.3401560295961853,-0.08633722850393488,0.3692387785603416,0.02914699710090223,0.13523446447904408,-0.08607001920352739,-0.07848558965499693,-0.4091718813832453,-0.08747996992397013,-1.3554179263751882,0.4309135082130517,5.981983457602816
E02000286,10.137114634102852,-0.3057133599814419,0.2449220433864743,-0.07636367617493194,0.4063655508120023,0.049919749741356975,0.11721376398737413,-0.10242087399313411,-0.014420828815027167,-0.3195955172125727,-0.08239649256933797,-1.0811089389650346,0.41769664723232375,3.429449639547558
E02000287,2.428060772026271,-0.1585322197651679,0.011865351795888122,-0.08837730068552882,0.6147001373671465,0.03681894406604029,0.06222746125465936,-0.08906023384341605,0.1153494178672164,-0.07615638450033141,-0.068051723595454,-0.17621459414476082,0.3769806974345263,6.319454563282243
E02000288,18.60042764803533,-0.5955151511190326,0.338651853594646,-0.10249943106288278,0.37309516991485797,-0.002884105155383959,0.14733801341162098,-0.08384035080494819,-0.14215341852224528,-0.48793328392106006,-0.09952523669175184,-1.7017298880779603,0.43877011719281916,10.325572444728436
E02000289,8.757404744751433,-0.24259069109276182,0.1812061981875415,-0.08521559099354963,0.4586382362337642,0.05527816527674223,0.10460765952585827,-0.10531478881345435,0.018710485223888226,-0.2428017580623567,-0.08000457078273764,-0.9514114125905917,0.40803283180943933,5.295674987346704
E02000290,23.963333651179838,-0.7296163364847466,0.2495164632280137,-0.10953959052888233,0.35451218590971406,-0.041725152416354355,0.15989917051825014,-0.10214166420391553,-0.20408942264692986,-0.5592993910186542,-0.10807626600956763,-1.8968218393184073,0.4344085368552497,9.001123706683806
E02000291,13.93248283421054,-0.4934595372785073,0.3994587026309013,-0.09296758771311942,0.35428303671628414,0.03635808015080256,0.12863401472704875,-0.06939308529888666,-0.10423734319864728,-0.38539608371060247,-0.09275328323099528,-1.4656918382873059,0.44167115968316106,4.869274464220631
E02000292,16.418475868937108,-0.5576599891424487,0.3991604438552519,-0.10277060074833588,0.36897779613438675,0.01856105393782773,0.13833929298036973,-0.07032861651934312,-0.1299220095863173,-0.436958546749893,-0.09772453903324707,-1.6393962667639999,0.4439233890395922,7.010906521288874
E02000293,11.609170643322704,-0.3747200618098726,0.33814376836635757,-0.08234570656137935,0.35172070917896564,0.05552503897134992,0.11180348426745731,-0.08589376190260059,-0.06735921764347925,-0.3138229504291402,-0.08898721088289867,-1.2645077570227223,0.4329050664517012,1.710004952861917
E02000294,25.284869193487694,-0.761171892688141,0.33727485767810383,-0.12733339551241346,0.36402399179393535,-0.02399059061087606,0.14903729745560199,-0.09644836625490483,-0.22380158638943692,-0.5115448662518061,-0.1159900934730444,-2.179664903691501,0.4563369181305786,12.065186739161348
E02000295,8.865588224479497,-0.2585823114658822,0.20307800509059862,-0.09592632406965947,0.43075791270161273,0.06354394712936035,0.0890650028330828,-0.10268535149557109,-0.002402131665266413,-0.18433483460756112,-0.08028343476983554,-0.957207427838032,0.4081075777009321,5.05043678597489
E02000296,6.169618395299921,-0.2224838676176683,0.12806185338949114,-0.10842846191131067,0.5116740669770763,0.058721369582440244,0.07839178939813708,-0.0998872031915943,0.054078674144023675,-0.11004650988919756,-0.07045056166941516,-0.6619217423778908,0.3912875485475135,7.167409816725121
E02000297,12.9965625052061,-0.46693896107347005,0.44963750903908434,-0.09389391032178213,0.3387148828298544,0.05033316271969769,0.11686608941484351,-0.049436685929521586,-0.1149367943031469,-0.34412667178140377,-0.09593984336265671,-1.469372444129287,0.4485818947106696,8.64982865527507
E02000298,11.047271076975775,-0.33160657342263866,0.3172461260135593,-0.08772077931131894,0.3432728666817314,0.0663723116782572,0.09373262875575092,-0.08593881267036436,-0.06728510290064815,-0.2594959998076901,-0.08931018318432264,-1.2103932777254722,0.42835707398030065,2.808647733620411
E02000299,21.100279455363886,-0.6702029150437323,0.438781453647202,-0.12628276881019898,0.3718244344718727,0.0037727715642048992,0.1342979697331207,-0.07499889662429209,-0.20155267241147776,-0.42552800866707774,-0.1129152759345241,-2.0183853065245665,0.4640533278769488,9.866729893658398
E02000300,16.405732627059574,-0.5686660862602542,0.4902105840128991,-0.11397410505645462,0.3617536957955447,0.02901742993670982,0.12447153818856008,-0.0512473588627198,-0.16621760576632968,-0.3664385906561964,-0.10525745010648638,-1.7418228186054243,0.461196924901235,6.2880903686763645
E02000301,29.16306565568686,-0.8866484717293917,0.3557320506940966,-0.14076813991033915,0.3282869374300992,-0.021441120818775132,0.14014365684158012,-0.09700910485126718,-0.2721225664537954,-0.5183136733044418,-0.12434297453433041,-2.490786555402228,0.47546795786124824,7.421422962189531
E02000302,12.349686993508593,-0.44345452925995776,0.45292912602445956,-0.09310327851612128,0.28339010130179426,0.06432342787920468,0.09284016733060771,-0.04394992480818033,-0.12643719457867963,-0.26723987827977436,-0.09633726519649491,-1.3845860493735642,0.4500029242127639,5.398305037628374
E02000303,14.703988416621687,-0.5383875849840114,0.5539010002781483,-0.11606781397894664,0.34374014398548475,0.04140164626089628,0.10751462330712308,-0.029978623991069486,-0.18435546588129306,-0.29060035252501554,-0.10808429230991402,-1.6570769581325915,0.47151193781881434,10.625530742819844
E02000304,7.92373864760564,-0.31850933541120896,0.23135983205458094,-0.1222283759988261,0.3786193191980567,0.06918775487052439,0.06341026930831224,-0.08600048616777628,-0.03309558188788657,-0.11473299331199063,-0.07122596151221156,-0.7911730870505147,0.3944764496686345,2.0025721751522063
E02000305,10.892594265522687,-0.38044503133246976,0.3674537616389378,-0.09462807274547408,0.2738608869216806,0.074100103270915,0.07330786804087791,-0.06609508824620118,-0.09944592432307532,-0.21547109451281155,-0.08872586380958888,-1.162526451759899,0.42975272815936044,3.7999951485328847
E02000306,25.098509619451974,-0.770147447402427,0.4985061168370988,-0.14824483547815942,0.37917323694098337,-0.0010686787670101915,0.12063502888333072,-0.07631466465916503,-0.2794687457836205,-0.41697357384922223,-0.12947579099725937,-2.387681306886913,0.48961459085596776,8.7929251560642
E02000307,12.67232008172541,-0.4774481307603583,0.5355768257179081,-0.10282779811733771,0.2888857503905094,0.05852496162443397,0.0921030489162348,-0.02027592416899827,-0.16341396135281724,-0.25842158063814513,-0.10264888417990564,-1.4691390909057669,0.46455939354255754,9.701213624745755
E02000308,3.9935214688060015,-0.40886001416635814,0.21976292518127621,-0.15631442517301958,0.3501345795149299,0.056436629165121516,0.03849515654369377,-0.06935132103247858,-0.02601172031764324,-0.017653384628317767,-0.05222104155294212,-0.20766494721629547,0.36374765920826047,6.882423674008883
E02000309,21.519744484722636,-0.6939589834784281,0.5660762288850886,-0.14581814428790704,0.38283552247087665,0.014099386979368848,0.10195002686782083,-0.05584553512312981,-0.2962770530618197,-0.35148066812315276,-0.13226418539412543,-2.1611509141185317,0.5007440174537761,8.97195728503129
E02000311,10.901688790100696,-0.4579872477894887,0.5218912385209851,-0.10087338759754341,0.20989522591886958,0.07441160269554081,0.06139524000822857,-0.011737674916159022,-0.16655738772049028,-0.2058773730240058,-0.09712243800072937,-1.22521215324779,0.4536783730536674,9.293746489417508
E02000312,9.16886111649599,-0.4459352841019721,0.3663144419727133,-0.11374495090757888,0.21740713507137346,0.07699793407156913,0.04571787597331326,-0.046172807765316966,-0.10982958969350358,-0.1403239357457945,-0.07670646610027554,-0.8718114935350041,0.4091713648972845,4.597126110250622
E02000313,-7.449638916846718,0.18306737644851248,0.30323240799072515,0.11594916103015494,-0.9532270189859167,0.1448701500734516,-0.10392727184375582,-0.01668314138236409,-0.13105165442775954,0.13393105695604146,-0.08056022548183547,0.8212554182521823,0.5294703088307035,5.439541944365132
E02000314,-7.403305041901923,0.08449897486583155,0.2986138053049128,0.09726025406459209,-0.825598946820244,0.17751822688538926,-0.07686003825882831,0.009754163067798177,-0.12954330540872414,0.1870198177218837,-0.05983643418876654,0.6388102309264261,0.5627701173463098,2.78946684655317
E02000315,-3.7940700649271655,0.20745651990251568,0.3227319031877554,0.11674749283034214,-0.8103993661508665,0.15474910260051805,-0.07147356382821178,-0.00132391438835585,-0.11747712654973404,0.1726490081532765,-0.053002555978491975,0.12625578235006996,0.5268909212356998,6.065243585588791
E02000317,-8.219155408464696,-0.12360894352844515,0.22964931498919372,0.0030249031498275738,0.24969832333615677,0.22997366193546726,0.045672828098902635,-0.01779881768530607,-0.09370874821104395,0.3814456751674964,-0.04737063354898239,0.1760965820568805,0.62095603911579,8.178195231532326
E02000318,-1.3776408643212035,0.11865153724980475,0.33145528838041705,0.0949699373254193,-0.6428283035912359,0.17901974065300363,-0.026774881661691854,0.026167895304330134,-0.11098014488853311,0.24369260139523238,-0.030787811245930653,-0.3850915409054064,0.5454179639720029,8.248107643239589
E02000319,-2.8297027298745725,0.03306743897146357,0.3127889926055576,0.07744248384355783,-0.5275021332530999,0.19530898031816177,-0.00955094389140368,0.03020869693357369,-0.10975819076076684,0.2785050193792789,-0.03433767376164323,-0.2530935883274209,0.5728096291712631,6.09291345900299
E02000320,0.4310155649160059,0.20439603959676603,0.344950267587538,0.1152713652215402,-0.6975726055558809,0.14730796402252194,-0.03332068592488549,0.004887134483358195,-0.10845618566843752,0.192815768737396,-0.03283130728566332,-0.5343714754184934,0.4955194624249664,4.37424842175584
E02000321,-3.29597069411623,-0.007331039043218048,0.30253051696710426,0.06789758352591709,-0.43040045112708925,0.1975144207762783,0.003403898566159344,0.02719548943891204,-0.10542125363678202,0.29797018257797603,-0.03719915313936545,-0.22005419301709428,0.5777176045411415,6.764022040737948
E02000323,-4.175616898965897,-0.057505737465200726,0.28677493528087494,0.053544244282044996,-0.3146159293069616,0.198021078162383,0.01513958028023562,0.02038584094047817,-0.09717990290260516,0.3186289522146409,-0.040267143038426496,-0.11503091492431983,0.5782176983420002,5.64720661153466
E02000324,-10.146344895855142,-0.34894031393089153,0.16247210463416914,-0.04665825476840948,0.5127039133716553,0.21376097769333624,0.04585300749050747,-0.040859090360670404,-0.06647776603514788,0.40317034921211925,-0.04171109450511489,0.6478535585943306,0.5830753276999835,5.152323193695079
E02000326,-10.87805564832089,-0.43106303419643827,0.12214349207705776,-0.05988054051387301,0.7522529430973863,0.21583680995145965,0.040992611182796915,-0.05192292756864446,-0.07589487704498157,0.4281152261921126,-0.04399112373516101,0.7627652631980584,0.574483020569556,8.83835278429595
E02000327,-6.723418008117667,-0.15829143835259007,0.24101861390849033,0.02189385983762224,-0.039170171097371254,0.19272583043684666,0.028670220938154314,0.0013415291735099574,-0.07680070963027455,0.34869849854978724,-0.044764851840332805,0.23438071498552704,0.5672918966902537,5.938325160606153
E02000328,-9.60920738449566,-0.5360028920201364,0.08431199733128514,-0.05399712621960147,0.7319789211460168,0.2018422116248485,0.017710302750248496,-0.054476653143048795,-0.10064293389956286,0.4471067480040688,-0.04863634797458925,0.8371799219029497,0.5245916517215452,4.017833161071264
E02000329,0.08656538622579468,-0.043870758126564456,0.31394240866016043,0.07360024895560469,-0.4888280979098301,0.148300655723912,0.02246112375929696,0.016868471700919412,-0.08955986086357612,0.2665713951221813,-0.03298929484081474,-0.4654296519286836,0.482109665939617,1.492555599089823
E02000331,-10.063003703646611,-0.374872205255962,0.1489011455685295,-0.03574839677936854,0.3524042697542295,0.17727782432004663,0.03349973677017835,-0.031088757150533282,-0.05539570598674781,0.37855671925131923,-0.041959567765862966,0.8553068635890629,0.5201675818110136,1.6737332067547026
E02000332,-3.273617463739015,-0.12965590756827985,0.2687441098584135,0.047662026664293894,-0.3131542209964989,0.1543688393638144,0.026437569591860294,0.010964419810430726,-0.07489593532461061,0.30108720056551397,-0.0390296966441263,-0.018910205048359385,0.49324053650280136,1.143589309365594
E02000333,-9.69306034617011,-0.6204414083915604,0.06874544560653362,-0.05713616935932818,0.4986221688583531,0.14889736988214475,0.007783363888626085,-0.05666910600969935,-0.07866651481786671,0.3822504093969016,-0.04424682062989934,1.207442466602959,0.4337399409790894,1.1082099468449655
E02000334,-9.992892727656658,-0.39140749194380886,0.13060300673664316,-0.03390735204592832,0.2361081138212504,0.14022400829439358,0.030113457252844464,-0.03231502513308859,-0.0481151165311751,0.3477983361879048,-0.03640876568302555,1.0550373620002582,0.4400725898521606,4.217516412824485
E02000335,-4.117719736726674,-0.1726460476605171,0.226046637323845,0.03388694283083785,-0.2540703207822184,0.1115604643242695,0.03659762701394115,-0.0023399864514388573,-0.05862299498718949,0.2804738504940755,-0.029668330167098654,0.2838444789516932,0.38246795388343846,1.8726400109262267
E02000337,-8.152652173989967,-0.28679894941428874,0.1388659349869656,-0.011929738514622399,0.06414149046018111,0.08885582057658441,0.03486025130630872,-0.032228393724577434,-0.055555470024182374,0.2663757245479036,-0.030168507873613706,0.9745469935719265,0.3375646923859059,0.8820318286902458
E02000339,-5.081473673230497,-0.183318823235565,0.19547053230853392,0.024046402865024477,-0.17372970902045667,0.08460880421203984,0.04278293285612921,-0.011205170043665332,-0.05773451062475428,0.2487727719413704,-0.02369911948250379,0.5067350748664374,0.32543184615301296,1.7958146494677774
E02000340,-3.7508714932527116,-0.1434303249778011,0.20938970733713091,0.03529050775465408,-0.24093373822503628,0.05753570509722476,0.05301019269923625,-0.01119652457315452,-0.06678881030446548,0.1960547661757186,-0.011543181030510132,0.38944374016343497,0.278890260712493,1.6732365387886592
E02000341,-7.126918394233985,-0.24243778342757344,0.13378547374431787,-0.004220191653143322,0.03965263415519207,0.03065911765423111,0.033215972910065575,-0.04873898172784858,-0.08506871801056652,0.10653388163835488,-0.03374909530242594,1.066595473056,0.2518088953980129,2.0168129993316652
E02000342,-1.7333325851551225,-0.09084071870266364,0.24067115115541043,0.054567092983517425,-0.33333904719746876,0.050393988495616125,0.06100287739191913,-0.005079649142995701,-0.07551680753990032,0.1781995962070473,0.000993303993467018,0.08892685148104246,0.26376716979724657,2.38556190086292
E02000343,-4.8992915988982,-0.16675622988133512,0.1828798070880724,0.006477848651671898,-0.10733533102750244,0.0027082096390670385,0.05510514443621945,-0.03481600217354433,-0.08816858469979508,0.023888171525903792,-0.010194687293254862,0.7836786161283256,0.21818501212840932,2.5714548900663328
E02000344,-3.658160587130516,-0.13998629148835187,0.2064433097636821,0.02037192777826749,-0.2006120394196952,0.01040000445204086,0.06425274563075306,-0.022473425329380844,-0.08346568492092976,0.05783069893205661,0.006473447046348543,0.541659366021271,0.21813012398952322,3.712727891276222
E02000345,22.109049036855684,-0.1257124832052766,0.3049796787332235,-0.049160525699655816,0.06163309336304984,0.11635152048809863,0.09118322148392236,0.09172659350687985,-0.2986415913420102,-0.02148118035098784,-0.27245113165168877,-2.3138584349136644,0.4702480802299263,8.322784570438873
E02000346,19.226582195741628,-0.46014464595000204,0.2586746379174423,-0.06299321420756748,-0.102418111693619,0.09897589776979682,0.05143227393730415,0.05651760646661981,-0.21140866285515708,0.08103729391926713,-0.23334058095500332,-1.595024002214622,0.4095035562263622,4.255581810879612
E02000347,21.277922139083543,-0.30354238346310736,0.2581591762463134,-0.049281214717428766,-0.04352604958035966,0.10809038517933271,0.06753868804889859,0.07639881614335357,-0.24666002913421073,0.06368445663579202,-0.25948861120629374,-1.9765309044324895,0.4299566334239937,5.498064124314563
E02000348,23.709408495660043,-0.10322426177422162,0.2615568429339565,-0.04356567385828392,0.023163779659479772,0.12157782881048809,0.10310229700586795,0.09848175056541272,-0.2868517020626584,0.005146741653977244,-0.28805700360542663,-2.443015746728697,0.4623391079079058,3.8840855290682867
E02000350,24.440732157813724,-0.14010015837487438,0.19278622014056115,-0.03501057104462242,-0.0402991477073551,0.12301067567213897,0.11201961708946136,0.09887310417954497,-0.26291941666512386,0.07385565198554236,-0.27854772137275857,-2.409200970920292,0.4403161880891484,7.244598090925884
E02000351,18.712137856928916,-0.6196212081376405,0.16484427441253735,-0.06411115386048609,-0.19497642184281966,0.08276432358548966,0.04793273660837068,0.04011708823177295,-0.16193898196404236,0.14560063995944839,-0.23717151284149096,-1.2409564209563961,0.37070511520397353,5.589060917287872
E02000352,21.997135300192774,-0.48314823100461257,0.16180541512652166,-0.04415140123662499,-0.14999271262877495,0.09639063212308822,0.06667022824644929,0.06936022689726701,-0.2053025547813207,0.13210661039834806,-0.2591045490302722,-1.7616111970046753,0.3899960214354276,6.517651303292057
E02000353,23.718766340216675,-0.3118655665854868,0.16468136497133334,-0.03584013754108925,-0.09183561091621634,0.10970284576046856,0.09010431205916097,0.09193813390311555,-0.2356178316244422,0.11748584809176511,-0.2676320149036237,-2.13768502149301,0.4082131099012305,3.5890504225547986
E02000354,23.900376222694554,-0.07613562264182239,0.14546937642146873,-0.03364673146205576,-0.026183155574971584,0.13302503541854707,0.15213473461798818,0.12090819377141668,-0.24662454275526952,0.11394061721579021,-0.23645456318630068,-2.443382701668938,0.4221239362963933,7.708400582934914
E02000355,21.27190404731597,0.03249501179112663,0.14683047340065594,-0.03439685686001098,-0.034555927378670026,0.14779248875209422,0.20302216013706498,0.08001029526700143,-0.2517012324212709,0.003333771300441643,-0.22222790174225615,-2.272261707247521,0.4627144675162992,7.582223223420492
E02000356,22.071660800907775,-0.5991452432586453,0.10682554989458319,-0.04711307352334622,-0.1717705853337062,0.08387027923609482,0.07271851627276112,0.07632845473068045,-0.1811646844873844,0.16854677290579695,-0.2391426686264921,-1.6270751931553418,0.35316983856233475,5.58557411860253
E02000357,13.703599166024699,0.20429504410560403,0.18394345250043187,-0.008866776477244202,0.062375009079620014,0.17045704912713966,0.2647617577694008,-0.002148865149703888,-0.28678762947128345,-0.22834354314296573,-0.19383883964623283,-1.7959080813826658,0.5462164006382666,14.909032119299667
E02000358,23.786338497002376,-0.42916132447844163,0.11605904187444445,-0.040194375511416844,-0.08759490420944926,0.09875494783326617,0.09784447527983131,0.1084104536690288,-0.21170579803895073,0.15592153249051427,-0.2302171021046118,-2.0507464754149387,0.36362289092335287,3.9377188075620673
E02000359,12.79477080428134,0.24304170631173405,0.1507555540591155,-0.006013907433796532,0.06512355766167188,0.1745782740494371,0.2564698097957991,0.06285524253704473,-0.26751762718543265,0.0013208007252285547,-0.1717631021709776,-1.7460160080023002,0.5045565750276205,6.0195183082924935
E02000360,22.34976718501906,-0.21481212872858402,0.11163818404260309,-0.030215810123258795,-0.009322378358531558,0.12392882319394885,0.13995856968486142,0.1270934215140344,-0.24037024280327368,0.20623204962218677,-0.19619914645161257,-2.1972418824795916,0.37864027868935807,3.8967475756334444
E02000361,16.83037960280593,-0.03418785914221084,0.11193539290195714,-0.013460732995231327,0.061777362014450055,0.15305219587393215,0.1854231002914793,0.14712588901242107,-0.2638140228119341,0.2645184604467352,-0.15997963242582988,-1.9355592416491705,0.4045289903640964,6.1714642680905385
E02000362,0.0738930043821533,0.5602287554937797,0.1996869548492402,0.059938641645385426,0.33591925769930614,0.20427244330099986,0.2681427443356983,0.05295634438754532,-0.31149105130593496,-0.021012040486665315,-0.13560018308233485,-1.031359792460639,0.5738374358780546,5.587798227316977
E02000363,10.992929409696345,0.1619310635681012,0.12711216073088566,0.0025268865178342675,0.12748495481253558,0.17783559152938963,0.2330630840815609,0.15365074600376868,-0.28327726273817855,0.23504489135846324,-0.1432629538936713,-1.6282904167059054,0.4516558694056366,5.675425982517666
E02000364,19.13491589016101,-0.41031016582116475,0.07933378738691053,-0.033608614920689305,0.012134482716835482,0.10617257466869978,0.11299411921216158,0.12389491706628042,-0.2255849211340082,0.2632497017553681,-0.15866113703453122,-1.7011090332643226,0.319718295851354,7.182657838293263
E02000366,2.3668701115595034,0.19647353113721844,0.12919172455503716,0.03229685350917456,0.23086005611264154,0.19343886434578225,0.21446181028738914,0.19377788117985117,-0.3419418688324556,0.3860241845393221,-0.1120906097697209,-0.943143129187463,0.4523941059788524,7.085799231754292
E02000367,9.518599190184153,-0.1694509417759543,0.08882647433245594,0.0005248139517433014,0.10271079510596404,0.1500822887510147,0.12968642542922004,0.15620380123840624,-0.30444183911205686,0.41870044664881556,-0.12025533328038336,-1.1062320151735536,0.3581091397304593,5.060047371765644
E02000368,11.955039593602173,-0.4982422521781016,0.05336178415955074,-0.03532346893194988,0.041084227296336095,0.0979480913898053,0.06501671638707528,0.11998685591619247,-0.22776978320535804,0.34297859028122246,-0.1205391498020588,-0.8476219075823881,0.2624424969429362,3.8338407698314487
E02000369,13.51461024573958,-0.7409940311841634,0.02953742602087142,-0.06887549592574757,-0.02141812240147767,0.06348155786367551,0.06412746035634759,0.08709995270748085,-0.13983774307919314,0.2679717208053618,-0.13170846888911406,-0.669694377125134,0.22940211960461748,3.600518492403216
E02000370,8.782472535678446,-0.7797056132580411,0.019179875853817613,-0.10306331268086528,0.07079371899761341,0.05203116791052008,0.06852916567332658,0.058035125561275075,-0.07470489359149403,0.22860589965174627,-0.1268216652678912,-0.11605346756734325,0.23178725579235765,4.511721725461159
E02000372,-5.3392524439782765,0.1622243582398455,0.14122175880472407,-0.06524909417130739,0.37706719059897437,0.13165268446281236,0.06849667540601466,0.04840318491953588,-0.11247270127868182,-0.137343878526882,-0.017924012616697023,0.28214648995094793,0.44776599016759266,6.1409368590563345
E02000373,-4.941480614400205,0.2827039112300037,0.1512188927763051,-0.073766153239442,0.39385037570838527,0.14820957213146002,0.13636017767152592,-0.0008894621306653125,-0.12642936545761008,-0.1867226748561557,-0.03771163281750762,0.07630152994605682,0.4429789593792209,5.581324427592749
E02000374,-4.428235542000521,0.3726417859561202,0.15226858343637073,-0.07507966543405875,0.4056514006748643,0.14203412281241845,0.14095070507404886,0.023468997937425358,-0.13639765663138403,-0.23712108005764698,-0.002631516205510394,-0.028873704993267413,0.44410547682500184,3.5456199543913907
E02000375,-7.591135272191795,0.28131077970284224,0.20019360957219529,-0.06499048487898572,0.35098673011434817,0.16218681635247312,0.1616481484815801,-0.06779563935657268,-0.12729415171271113,-0.1759679102991793,-0.08901039773914837,0.3000740131270918,0.4304636696581827,3.909944837923259
E02000376,-7.097592952144445,0.37798266324337304,0.20226208455197675,-0.06459922561283547,0.37324921569203795,0.15492962525391415,0.16593851627612247,-0.048563803427653374,-0.1372221832161616,-0.21963146831532496,-0.058677394170025,0.1795322966297072,0.43102567146667187,6.091897069627313
E02000377,-5.6940118210060735,0.4374412712185366,0.17892051729079617,-0.07283063826443016,0.4022382222667279,0.14377095131216902,0.16501456746283405,-0.008254889621323425,-0.14839094326691826,-0.2635819064753104,-0.010114848357295557,0.02698295555730612,0.4381139392856432,5.07899151717086
E02000378,-10.868774715162676,0.38188317258874543,0.273065915348833,-0.04224932883446757,0.3148032763354782,0.16376967253373362,0.1611021733563759,-0.08171291218092683,-0.12803129134543045,-0.2029901090022637,-0.0941310746213492,0.5063783966478959,0.4182336773696416,3.612129218455734
E02000379,-6.077422084284576,0.4746113068747262,0.17894008965278654,-0.07963039175983612,0.4108009791563277,0.13687628881368752,0.1685338583613301,0.00850205898677845,-0.1587849070671894,-0.30302111205049115,0.023017785685927283,0.056705784724708996,0.4390173586841788,5.030716576222844
E02000380,-8.684700535298143,0.4540820229493251,0.24925924944893363,-0.05730599017455085,0.35293176230953394,0.15445659596389263,0.17129223195828483,-0.059188496608083244,-0.14338264496328904,-0.24516163013855302,-0.053625614098697774,0.2562931603514511,0.42151141128543707,1.535163012943558
E02000381,-12.430065910266876,0.4442123223790176,0.2943692881128467,-0.02061367678412685,0.3060168882037544,0.15799174377828473,0.14966566250226626,-0.07772135970208244,-0.12910189267798272,-0.20912444689207332,-0.08929663979823314,0.6068019923550754,0.4105171633433519,-0.08090161900665205
E02000382,-8.10983580562335,0.4942318102594392,0.24009178091412797,-0.06973994542714175,0.37511503368688526,0.14199027281339824,0.17233520922791967,-0.03443630159098256,-0.15736382917027877,-0.28664725358460785,-0.008243337551452748,0.19703119064917507,0.4256703401525172,3.30034617451611
E02000383,-13.553601928370535,0.5066801967314754,0.24363807239313495,0.038949661855287795,0.32586638031621673,0.14190790403614204,0.11623685673444409,-0.07298294190256006,-0.12969326294681022,-0.17929215069907697,-0.10471453091217685,0.7212071765627356,0.4025125914930869,6.690918574220005
E02000384,-10.741792098773693,0.49032173586910105,0.28487105464569873,-0.03622106847888201,0.32344084924105254,0.15007687064372066,0.158441305027898,-0.06709147820617663,-0.14341262571574787,-0.23977164379491747,-0.057791513992655946,0.42164672433280714,0.40561411305997297,3.0345549937217564
E02000385,-12.873524463219447,0.5652711807282689,0.1788308134288869,0.06019924195308287,0.3558008774441272,0.13289526592200931,0.09796011184599256,-0.06881373817494772,-0.13496564388839652,-0.17008051195606397,-0.08661058225440157,0.6597029821029947,0.38416040078857133,3.6217551357361284
E02000386,-14.112128757269515,0.5807890220765672,0.14326583396999615,0.11933947044824626,0.35822867186129176,0.1101536264761444,0.061965886852374474,-0.06399421738455782,-0.14112495363709332,-0.14630194468596244,-0.11896962773679128,0.8462328232867246,0.38476484484309087,4.857082055724577
E02000387,-11.488387751517127,0.5617795082934491,0.1523354592815924,0.05266400756486753,0.3649131392933826,0.12907565126853815,0.0984274618536073,-0.06567797519388265,-0.13752704115620562,-0.17535826250452616,-0.06742693587005197,0.5449053476999265,0.3750673913966001,5.671098847408147
E02000388,-14.495386879580304,0.5860591955267307,0.07755811282166994,0.17283658311344116,0.3580374185178924,0.07842872573552823,0.022881157825990928,-0.057546036295147276,-0.14624917364044535,-0.12645396604019737,-0.12563978703208845,0.997713549805838,0.3704470286377498,3.3694168428304483
E02000389,-9.900727457904562,0.5426077220179698,0.12528567741102944,0.029258218384273643,0.36125417587026487,0.12957833465536872,0.1033459921575996,-0.06680581741049016,-0.13904524386690756,-0.18428894662513765,-0.03931573798526371,0.4272733626893365,0.358671544108194,3.7944257058931603
E02000390,-11.845710497777763,0.5868435860642061,0.06550137942277129,0.11599134038130827,0.37418244075538215,0.10303277786410647,0.0541745546314103,-0.06205878973770927,-0.13510066515647196,-0.1431278171221306,-0.07884959604007208,0.6756874332688999,0.3534009364304726,1.607697686356845
E02000391,-14.661504552394579,0.5093316425161218,0.028762490052268434,0.20805666046354077,0.31774013891656516,0.029211979866654025,-0.006159346289748749,-0.045447944228625,-0.13392454670475518,-0.12018957451924579,-0.11349514197673363,1.2187906628464296,0.3538807720464315,0.5328283015767532
E02000392,-12.590141983304699,0.5534323056563611,0.008993567773643019,0.16881559894414006,0.3385136348562956,0.06568773554987191,0.014228154615464596,-0.05690638841991148,-0.12790792296227657,-0.12106910738613513,-0.0903177147711521,0.9137008315271518,0.32784243959850057,2.1288891829625953
E02000393,-10.251612599463034,0.5453118632149057,0.029551145898447314,0.10696332224150869,0.35956158461087534,0.09756198946783906,0.051813508444731475,-0.06241719061922725,-0.12820232264634282,-0.14205737417046216,-0.059544466199479514,0.5911377759530454,0.33232889275567745,3.72539474326771
E02000394,-14.749953269106792,0.3855125710032319,0.02542599946302125,0.22331809232165278,0.2478192999204259,-0.015566623707271979,-0.016411035452902487,-0.02801689326347817,-0.11887529028151034,-0.120046326877101,-0.1002127833460156,1.4194203159652194,0.35756106785904823,2.7897353894544423
E02000395,-9.460690492324684,0.43726747718809966,-0.024749746189078478,0.14233123091825167,0.2821382599180696,0.054148413015869104,0.01838756485592835,-0.05482324782539354,-0.11138978103732666,-0.1236903985575518,-0.05841638801154209,0.7532956785680192,0.2898688350582277,1.7459735192148926
E02000396,-12.930153679947223,0.3762176412505823,0.0015822945364212075,0.20108537043698638,0.21009889989361719,-0.0027267646822386367,-0.01051322759375711,-0.03505057211161297,-0.10755918142298503,-0.11627140378635606,-0.08117463213923226,1.2600521756300689,0.3105036478721672,2.946604093629997
E02000397,8.219191663189076,-0.5846076945436594,0.42088477303038163,-0.1295804572510889,0.11623645860118374,0.07518828698384536,0.021638468775465478,-0.008378569401650042,-0.1420289774126612,-0.10022533869502082,-0.07033423572104201,-0.6351851808736189,0.3969123637750468,4.972159194722408
E02000398,16.794212692484138,-0.5824896473024035,0.6155300161630495,-0.13625159175409185,0.3803338161495034,0.03218728585895776,0.08324367186014132,-0.029273830854563854,-0.3172298179541244,-0.3047556560990007,-0.13700817606589247,-1.817846531257777,0.5110845976690451,4.305088535065792
E02000400,5.098110352237876,-0.6148063351188733,0.3205210578566616,-0.16561502566211278,0.1667424865644326,0.055272452889485436,0.018334131622601266,-0.033406270211745664,-0.0990380350720928,0.011492798360325435,-0.05449110274136482,-0.12550733577271123,0.3605052403596085,2.9451246862176426
E02000401,8.898114139747822,-0.5009944342239211,0.6271561599927613,-0.1132333324272189,0.17386008042082535,0.07084862404156278,0.04140443210636578,0.0341839520709038,-0.22042245235498376,-0.14655788989855667,-0.1036640557923507,-1.0184911999099688,0.468880317340299,6.766810478139959
E02000402,8.94880158272929,-0.46829091198485806,0.6746660875960278,-0.12092323209960315,0.25363279011947737,0.05965720401787043,0.05150028871836118,0.04842779605895847,-0.2473659285167895,-0.12741754525814153,-0.11449180647532801,-1.1224678002425497,0.4878272634814806,4.906716878672684
E02000403,8.743106267878936,-0.5916479018391272,0.5151421850795895,-0.11885035546698386,0.07911639399652262,0.08109546814728338,0.01996970785972206,0.01902209385765631,-0.18002144594642833,-0.14726042873699613,-0.08184735627709669,-0.77542180344027,0.42265127823637416,7.803480810619857
E02000404,8.888082875348822,-0.5892495557723575,0.5851977639015419,-0.11770171920621986,0.08563657771791539,0.0784742802379226,0.02499580725036997,0.0360186777405434,-0.20997387871029494,-0.1319392937546359,-0.09345218345949083,-0.858307023606145,0.44736710207811997,7.1344237716135055
E02000405,5.840157495317293,-0.8131798745921107,0.3515381716226904,-0.19764289481705213,0.06449216240929558,0.04453384641722255,0.004425317650766758,0.0008202270424785829,-0.1212473451762983,0.04194672302455006,-0.052238259022251356,0.019758828787474148,0.34154618323354013,1.679184496615914
E02000406,8.54168205089572,-0.6380609845149992,0.6021204043797316,-0.1267123723731371,0.0414604481433251,0.07944330568191904,0.014115961933907087,0.05725310277388371,-0.2244283686858536,-0.10446490907414786,-0.09654401237907381,-0.7565739503780082,0.4423155146544023,9.102372846485675
E02000407,10.3631715558062,-0.43605690000319675,0.6538091404043861,-0.121923076798897,0.2564151923194064,0.06613015468735786,0.048776869244377956,0.0790217770441842,-0.29228558559624174,-0.08738438517796687,-0.13574099798061984,-1.268676031683563,0.4979569616442969,4.073928257023876
E02000408,11.397494136989698,-0.4320410182962405,0.6583058921897763,-0.12408079985290804,0.3030333514802653,0.06094360108254199,0.056748328327816656,0.06269676407773965,-0.315123773108185,-0.1183437379287466,-0.1399847157790551,-1.405975747004243,0.5087475290649882,3.4324605617735777
E02000409,8.250728683608033,-0.525480150009516,0.6757013335227446,-0.12842803993983484,0.14377720403835936,0.07242825380432899,0.024568354688159447,0.0893780215033715,-0.2628437616516668,-0.07429016024559182,-0.11711085101796319,-0.9276026487659514,0.47396242491467006,3.4194266034656415
E02000410,1.0202779216585975,-0.8587067575106342,0.2789221788298623,-0.25361853150028013,0.09462105268187065,0.020985092229085185,-0.0002180308877410067,-0.019629370303674364,-0.08374654598417804,0.09530440531086896,-0.04410112934815839,0.7570927172366185,0.3219099093482927,1.585157727918113
E02000411,14.04278175087411,-0.4352564193190533,0.5978659746335716,-0.11377709444586896,0.3155521225636179,0.06015584905509718,0.07197233684090316,0.01459425731630976,-0.3474449089339815,-0.2683964729592202,-0.16230700416824362,-1.6150255994347622,0.5165636098123132,0.16728984631510002
E02000412,8.58020050765905,-0.7517914043152134,0.5494027466742141,-0.14444015889187312,-0.03319709239694126,0.07729087416016445,-0.0016689724059516658,0.05422294775735651,-0.19986579896465761,-0.08446885257013936,-0.08285811485256951,-0.5563094906567121,0.40277999702132294,5.590553663507643
E02000413,-1.3721131094843453,-0.842052521251863,0.26571414956636963,-0.26352778371288094,0.0819365974869145,0.01663078838425453,-0.019479250705374637,-0.04391584052380479,-0.08603243851718538,0.11951590288110223,-0.057133539092656595,1.1179422500926433,0.33580326455445964,3.238600214319193
E02000414,11.02697477519872,-0.43055896603985394,0.6244651746411548,-0.11835113208114588,0.18731639473928124,0.07639475801444046,0.040879926314872396,0.09318626890084501,-0.28620465594186306,-0.06374342470268385,-0.14354162012943347,-1.2741972102116261,0.48585565783921186,4.975780416336292
E02000415,9.197361679877526,-0.5953628592341684,0.6300657365052723,-0.1316373193412358,0.0503830871771297,0.08011116576266794,0.013684493722134108,0.08548492309228344,-0.24632577409386405,-0.06564659816939926,-0.11580363933384331,-0.8717555819323559,0.44901056254199534,7.053681847851461
E02000416,9.121235511701787,-0.8561363057949098,0.46589461654318914,-0.17059096000101115,-0.09077309230743721,0.06604940404649698,-0.0026656830964554984,0.03835168310030683,-0.1696360076055386,0.013264523517022675,-0.08136002878884388,-0.3604482400022335,0.36764138551348574,2.0661623008180747
E02000417,3.622714150845586,-0.982308177738831,0.2969784447885336,-0.2653790323506251,-0.02112538888658244,0.01979833382706902,0.0028862357296049537,-0.004824263109965265,-0.09637484753417334,0.1253906801702174,-0.06488629805387042,0.6478749704575437,0.31922492671052743,2.083703703184635
E02000418,7.3039526801333645,-0.9340758348085029,0.3721988601409605,-0.21021062808355806,-0.07744125986746123,0.04408626512704217,0.001717617958254869,0.015226558651601014,-0.12527562605183873,0.09119624279453908,-0.07232973212767006,0.05960387421070246,0.3379478125924096,1.1362561206364843
E02000419,10.56731730744593,-0.6974151857562295,0.5353139934716065,-0.13946392328377444,-0.05999083457349242,0.08280720878968179,0.006537177821256512,0.0650385142869085,-0.2107963326228471,-0.04437662992781718,-0.11371757044977827,-0.7639855940032148,0.40850324268063615,5.491318432069509
E02000420,14.382763100196781,-0.31436221112429763,0.5136216136704729,-0.09490175113026757,0.15339571950369754,0.09116482420581846,0.05233107848034951,0.09031919964324456,-0.29081112511450413,-0.06404393236353577,-0.18222070344290256,-1.5946368279234222,0.4774962942216325,6.700029869969036
E02000421,16.22838846050065,-0.2564530481738814,0.4949566990856594,-0.08765019825065275,0.20162788464547932,0.09155306920228494,0.07040664638352871,0.08711054639026469,-0.32432813214037337,-0.11870654870340862,-0.20279385473309003,-1.850215644348706,0.4955946961367418,2.2629651751228614
E02000422,14.842808527237489,-0.3768289142222182,0.48528190577226393,-0.09615998799190173,0.07052012657932413,0.09424536826321701,0.041939266436853334,0.0810598898907612,-0.2668398491493772,-0.02318541744701158,-0.18239067745196885,-1.5087194286324859,0.4558201039991319,4.008758528284023
E02000423,13.879782611412798,-0.5169048461775435,0.48075761646441556,-0.11044431306886991,-0.012382842511101902,0.0911160499391783,0.027152937391653198,0.06943906855493588,-0.23409394849167717,-0.008442493521156738,-0.16241829531260046,-1.2363055886265224,0.42896821373747746,6.245665903368353
E02000424,10.94288062823764,-0.8078411212876584,0.4300738386283219,-0.1583952914674185,-0.13051454730806492,0.07256303575430294,0.007820473434425441,0.03993482655321042,-0.16185101325307297,0.024617149730115966,-0.11256183312961432,-0.5322498237629083,0.36991861282441857,3.7186592029432184
E02000425,19.716847775194903,-0.1652375231165567,0.3896111578671849,-0.0647885028490294,0.1296123579378714,0.1077214149146076,0.08262201227011529,0.09326033948391602,-0.3162432572459771,-0.08250053226273879,-0.24587147333702863,-2.1528569422104002,0.4842562736336506,8.513146561307398
E02000426,-0.4461149775026714,-0.9889207283873462,0.24570794728778644,-0.3079982082401196,-0.00837067932387428,0.0011743815435775531,-0.017382749364871875,-0.053565193100942196,-0.11703268449105085,0.15652549385432285,-0.12204774363628607,1.3732638353245146,0.35690542566360717,1.9723601027257764
E02000427,16.046651450221653,-0.6135961080360002,0.31771336576458115,-0.09873345967719138,-0.13115988597316847,0.08816567012375379,0.031787619373910676,0.042075247952827716,-0.18063583365666241,0.05921882439908733,-0.18672958145165533,-1.151635275376457,0.3907795942855938,4.44223316830181
E02000428,18.128452359067964,-0.3079131485126147,0.3640336826686732,-0.06963070084415744,0.022243190104343946,0.1037664669473843,0.055111405372812935,0.07311000715676524,-0.2600274704548303,0.011632362645082911,-0.2235944622774391,-1.7708025215364434,0.4456339727622826,-0.5990226503914062
E02000429,4.747359296230428,-0.9751841277912987,0.3071323910098419,-0.2497009948333517,-0.09772457853808762,0.028665614538615138,0.009614314988748561,-0.0009121848667822917,-0.08009048958226321,0.12875767635787205,-0.09561766585969782,0.5438834371740592,0.32679816537310147,-0.518272457856698
E02000430,10.035471190056924,-0.866290816411126,0.355238245403817,-0.17737287142500258,-0.15823964723965467,0.05987953754977036,0.011773551636521329,0.02126044910082405,-0.12030989594848433,0.07834078066079311,-0.12012901365771161,-0.24581264825997173,0.34711326056072267,2.417955974773089
E02000431,-0.3706014380206115,-0.9605787537704977,0.23821512386016452,-0.298609808635771,-0.024845778978727806,0.010059903575069737,0.01311319397746955,-0.028914876960066865,-0.07914845714266862,0.14363769963585055,-0.11846097843894855,1.2595625673612085,0.33946398653064586,3.9295758887629484
E02000432,13.963632857489642,-0.685648463749713,0.2745726761178038,-0.11423370322897172,-0.15730225507428758,0.07732673298344223,0.029053006210781558,0.027751717633871884,-0.14077839013329413,0.08528826067082577,-0.1790507538588285,-0.7800935966470585,0.36815014646839933,5.8685816145672
E02000433,-25.412560840011725,-0.061431280645286496,0.02759599507259461,0.046838461250339025,0.28153051183819744,0.01631597030404485,-0.040660625172728004,0.06064488558593835,-0.04100323442883482,0.12595225058027704,-0.05623944743791258,3.3129707717910746,0.29457905730289846,0.46735832393100907
E02000434,-34.544484650234956,0.08760391105169374,0.04805603765751284,0.06282060894675892,0.44070661663586175,0.03410275135571278,-0.06058635920675619,0.06177606989762735,-0.033359911469151966,0.09490691947539834,-0.005002129958138805,3.9264094333430455,0.3045062824054406,5.549504613845251
E02000435,-28.976260444053786,-0.08039906992540377,0.02957705562259213,0.0021564114411521673,0.3190382707266999,0.009061499762688326,-0.03629314242918736,0.1019645930278422,-0.05636201888723038,0.07934916400005404,-0.04675363496813599,3.752084243373856,0.30870414312191186,5.794816390857889
E02000436,-10.52332936037543,-0.7301221839941865,0.025877216423923308,-0.10384312726793614,0.14075999683487078,-0.016032852991291386,-0.00474978614497204,0.13532881154700438,-0.10208837761625027,0.006706971919239713,-0.09867521985539057,2.466755233984958,0.3359324115982061,0.691377321148023
E02000437,-21.68646784583925,-0.3914073318444332,0.023415559447886237,-0.06550867641405969,0.2419885259786155,-0.007698498454464405,-0.019970156655587136,0.13964870500694698,-0.08446696476583339,0.021089190792785574,-0.0671406497411641,3.3568859247184255,0.32567872145636395,8.08915555488499
E02000438,-9.75997995001005,-0.9000811847043212,0.034956141261766736,-0.14796089111183747,0.15057527480952387,-0.024101837252490443,0.003984448804731193,0.18090667268024613,-0.12808590272065373,-0.07081520193172144,-0.09229251062678706,2.5127126850614645,0.35804579656886487,5.481166100609132
E02000439,-35.1918035216425,0.0130502083594696,0.05903361781010406,0.06021052430921481,0.4920402210199405,0.04532970840138945,-0.07944584452710207,0.06270215319886127,-0.030197092809933292,0.08913402473281584,0.014959997796455071,3.9199811092519905,0.31021563219123816,7.848305253894068
E02000440,-35.99424774206799,0.07316714777045782,0.03804872858756617,0.015591373122004037,0.40709878881340195,0.015986834989301656,-0.04366612233134905,0.10856096751681284,-0.049745206998645666,0.06918962294125638,-0.01968612770496285,4.279335534365964,0.3099834311058423,6.270405563770723
E02000441,-2.339665647969932,-1.320063899202897,0.05084894100337128,-0.21696825651588686,0.0697063785614579,-0.03461456219454698,0.021913584430680446,0.21418820832222848,-0.1689385017724945,-0.15251338183587393,-0.1014050496374628,2.064941693272625,0.383397811789396,6.2492000350592924
E02000442,-37.29290851366666,0.03864775671780818,0.06028126579405154,0.03935142102957129,0.5003980926601141,0.039823545902097586,-0.07298689630443293,0.08450289462667862,-0.033560013330849126,0.07797604372015157,0.016192065802997327,4.157041612487642,0.31310986668652785,8.703234092224392
E02000443,-23.111586335892376,-0.44814222995732844,0.028199767432493895,-0.08899310463806252,0.26315160134947596,-0.01206918965220653,-0.018608250706429706,0.1721012954619079,-0.10000963138586463,-0.020806815667121163,-0.059305896041164485,3.5582918696823302,0.34198393176060965,10.258549291809654
E02000444,-38.50495723693251,0.07177357533210599,0.04657943703752911,0.009196560425058897,0.4580668350618972,0.022918988429180512,-0.05342165742790634,0.11617284818176433,-0.04493688776615802,0.0560943111836744,0.0021751577736572256,4.451086786117953,0.3161830758197607,8.506250239472145
E02000445,-29.249619585419545,-0.2784376433220327,0.030360224971804066,-0.0703378876613831,0.32098304005602507,-0.007186562106190265,-0.02610648469032298,0.17683273071284816,-0.09253980312970629,-0.013904086808187381,-0.04138232725794753,4.040560087761165,0.34043725302031863,8.727975259115688
E02000447,-13.84789546151331,-0.8683848785415226,0.03852403530383406,-0.15595817476327306,0.19103954636743914,-0.026219466436908524,-1.901825568167287e-05,0.21499354242857466,-0.1384655530125473,-0.11292310465751622,-0.07650890024059288,2.9226865036919243,0.3691940309595889,6.941383451235932
E02000448,-5.981558773377247,-1.2868444053129666,0.052879655703824614,-0.21997875228585806,0.10354622985168307,-0.037472680172249986,0.018233767789217092,0.24999730032518921,-0.17870007216175704,-0.20607583371687854,-0.08523902176240816,2.4303301029700646,0.391425912457874,3.410000732135689
E02000449,-39.45831276846023,0.020709077965063653,0.057883770164356,0.001709712860369833,0.49624731175570247,0.0311711185093343,-0.06651595113280226,0.1317325067539908,-0.041621078352143744,0.0600887134595893,0.01945587732891767,4.477881632772788,0.3233606703070721,7.578803285419205
E02000451,-10.708848499673891,-1.1211885543807514,0.04992448176127756,-0.1987398906069273,0.15517974641043647,-0.03493955864719185,0.0090034367333314,0.25824141804924433,-0.1701506691501697,-0.19876211792404058,-0.07479925653072145,2.794828705753179,0.39024903222863067,2.751972849090695
E02000452,-26.453918498451273,-0.48373715774936327,0.03362251952392852,-0.11548406588864091,0.30423689780201674,-0.017833961136746103,-0.01427057336006635,0.22974686955309526,-0.11609203696198815,-0.10051149012298252,-0.042204657394957844,3.930463250748992,0.3579215984793168,8.643216772036112
E02000453,-18.665317924745544,-0.8484378140861741,0.04592272453620027,-0.16493077369356146,0.2325396510723897,-0.02933970258185142,-0.004608110502336338,0.2652215208035128,-0.1546109173081186,-0.1752588175004208,-0.05726011939925317,3.4112354134779954,0.38520949162897367,7.915190292070722
E02000454,-6.077273049521681,-1.4261504751599468,0.061639932739575694,-0.24589198128989787,0.0850780724654791,-0.04521470521250254,0.024930448475539546,0.2966536293000823,-0.20568289938355075,-0.31335203253810107,-0.07064847271083344,2.5629396492133107,0.4032395491957844,4.7004029118394985
E02000455,-30.66631234301335,-0.43836047092180475,0.040103325899109435,-0.11620773940961626,0.33957886171074914,-0.01646346189612082,-0.02186158457258009,0.26271162612983257,-0.12202813988488383,-0.11775070606336534,-0.02635021031739801,4.315933149312267,0.36996154015097277,9.643275882423453
E02000456,-17.7030766474842,-0.9689854130756699,0.05311826671562712,-0.1866764440142034,0.22054415800437602,-0.03514187068023353,0.0006850837918722305,0.2997388335565716,-0.17262329790797912,-0.24924286512420507,-0.051761307849953135,3.4004841305278877,0.3970238784425779,5.875330581027299
E02000457,-11.239099275549881,-1.2630573699018122,0.061033633218153346,-0.2293074431947854,0.14683421247052322,-0.044037579005769156,0.01687189062691296,0.316506985707615,-0.19822392083289353,-0.3315514273325695,-0.05671266873556526,2.9623120526027353,0.4061190653410723,6.3854483992657975
E02000459,-19.192254913837903,-1.055110675139129,0.06125950990858609,-0.21143404493533474,0.21345790438117085,-0.04208181829376761,0.0031289762069596967,0.3406554311253661,-0.19413306909706668,-0.3707299313458075,-0.03091525345674013,3.654840719553806,0.41152429248599054,10.144187627644419
E02000460,-11.970138938694161,-1.3577369395491818,0.06683051897959173,-0.2498209126738337,0.11777803810541174,-0.050377170394555505,0.01745326469542595,0.3388843493071609,-0.22175000470369283,-0.4197278919072527,-0.03859885988239806,3.1778452602242115,0.41586191688802016,9.788838716273728
E02000461,-26.33831627516819,-0.7744776570563463,0.055229760123067066,-0.1748051763100843,0.28418332712934125,-0.029483604462743587,-0.01463557241370403,0.33968696339640514,-0.16514487615589352,-0.2753268696577047,-0.016494337469188748,4.149870755439566,0.40263692700535914,5.484253770299798
E02000462,-15.546285420644889,-1.2963780383330918,0.06966581603782747,-0.2505285465308921,0.13588947510076635,-0.05345832507018593,0.01245773613256426,0.3576565478013041,-0.2285145162312603,-0.49804027825310304,-0.018345828493055008,3.542321481677317,0.4215641325588649,11.130352733194567
E02000463,-10.354330344813292,-1.4908473332019074,0.07183200049454397,-0.2698840660347299,0.06436282210109512,-0.05811266585985355,0.023388496122198475,0.3470858300289369,-0.24670496528191133,-0.49344397222453396,-0.024516301224587613,3.178780140189342,0.4182004799117108,13.120132225811158
E02000464,-4.2043236587931245,-0.15199210191286575,0.27290341681699065,0.15474773194049346,-0.8949264723509989,-0.06794184722571295,-0.1146903044751146,-0.050580874222229774,-0.1214516816575707,-0.5853675138230394,-0.22312965848774513,1.4820907468126987,0.42264609565665007,3.3930188743871437
E02000465,-5.656753266799729,-0.06140337575010443,0.2987879751315965,0.17600431976579506,-1.237795195790535,-0.05658250781160662,-0.11003738530706164,-0.03546474185797456,-0.11558947770960634,-0.5122640252961836,-0.2166029101901296,1.5541416340694687,0.4186886608380512,6.0624752374981945
E02000466,-3.563814447317741,-0.25605911847757956,0.2542985952966283,0.13934081789661068,-0.6530556612016651,-0.0735941390653742,-0.12052437459109222,-0.07445756733932721,-0.15255532185220186,-0.5829654128768395,-0.23226336268871461,1.5350953512780217,0.45398607177730016,5.860789657755174
E02000467,-5.56359961373831,-0.09757653155061857,0.29237146127775915,0.1704390952488514,-1.1595884701647594,-0.05761637079287445,-0.11404128692355611,-0.048082009993136124,-0.13219633832671096,-0.49841443007975994,-0.22049238228152426,1.6018995456429999,0.4384801718645436,5.63432567687464
E02000468,-2.9688765235613843,-0.4006713717374896,0.228763129740999,0.11822155036698263,-0.33816949654761835,-0.0794844685288223,-0.12329793967394624,-0.09441174490248216,-0.18387534339605233,-0.5848325151266849,-0.2373814683920036,1.6030909899206047,0.47851263148659934,3.280561346306925
E02000469,-5.599436303977317,-0.10866684974523344,0.29297358061697004,0.17034780963876334,-1.166375571447453,-0.05662088189430791,-0.11586500883989637,-0.05323186186496923,-0.14051498238328075,-0.48486057720278186,-0.22324712643103056,1.6268389791389815,0.4483111364931524,4.908585383421068
E02000470,-6.475631418410334,-0.0042665960089338095,0.3102773294628721,0.1889030889134956,-1.3785213130516676,-0.04750866946367143,-0.1079835806507069,-0.027576731958484688,-0.11119606938213192,-0.4484203917777218,-0.2142372738226031,1.5693330658439093,0.41684823092073015,3.235072463472017
E02000471,-5.505446765683487,-0.15024975866518175,0.2881834614883814,0.16532510739806983,-1.1104536454045777,-0.05724280902491337,-0.11987937843550567,-0.06444522028852093,-0.15672080462538768,-0.4774705873121299,-0.2288527107696452,1.6770345616163342,0.46452877222090055,3.2275631476717273
E02000472,-5.500651285833312,-0.18788219091412017,0.28382447451770576,0.1608509276386785,-1.0639113025759062,-0.05737212188947004,-0.12323609909519977,-0.07278415535130223,-0.1698871789895946,-0.47109243064384976,-0.23326527407194775,1.7278106837986345,0.47634337919341807,4.053128400487694
E02000473,-6.6421721848377135,0.0005728997350104015,0.3128600155208925,0.19119688977601224,-1.4039558589982701,-0.043942160355391224,-0.10963327967873338,-0.03159932930601468,-0.11807615468992325,-0.41918710208190835,-0.21677056713284176,1.5861963309827178,0.42753677962702186,4.4309803109219725
E02000474,-5.846131582005425,-0.1999282082664785,0.2845738559836424,0.1614811534832813,-1.0838508107185747,-0.053494324704837004,-0.1268146366701103,-0.07722599293317015,-0.17879398201369723,-0.444140328269874,-0.2359121494963951,1.7861098893297198,0.4856929757641628,4.199439841558222
E02000475,-6.2238992093906145,-0.05548248190966404,0.30608658050048954,0.1830022527226402,-1.3205743914930923,-0.047365599512534426,-0.11546260769612568,-0.04692562119321084,-0.13649562034879986,-0.428049840227735,-0.22267884779905678,1.6275006938262022,0.449127032258346,2.6604029241638045
E02000476,-6.177432268432491,-0.07731569833084506,0.30681102870137134,0.1825442008044866,-1.324190233872708,-0.04505668594912434,-0.12017021499047585,-0.05599750959341103,-0.1488784749520393,-0.4121041539239989,-0.229517808282642,1.6572707626407521,0.46361849306789704,5.462688996703454
E02000477,-6.943368661449886,-0.00021578639043307035,0.31427056652482765,0.19214121961434627,-1.4194191238698193,-0.0383792378935795,-0.11335236449071831,-0.03964299027116136,-0.1309026786786506,-0.3787115578724498,-0.22073889653859932,1.6302528369179212,0.4447334792273913,2.7380593954007377
E02000478,-7.221041744173015,0.04233810177764169,0.31710279767230026,0.19743996035351397,-1.4556436502210603,-0.03718153658934407,-0.10782687816992824,-0.02695544753842674,-0.1152028818148533,-0.37949953092797173,-0.21539406394719274,1.5914441835675293,0.4230647182338685,2.5962672908867965
E02000479,-7.007088258680344,-0.01412764668023131,0.31360624093993295,0.19078286601921235,-1.4125543136132657,-0.03643101853951589,-0.11674409566186837,-0.04621113407297843,-0.14002676002066533,-0.36610182337093417,-0.22428830166924618,1.6624723016708072,0.4556336822696202,3.2811711948165243
E02000480,-6.792809037904074,-0.09833027777486508,0.3046875023964258,0.18027810474333955,-1.3193576787077137,-0.03817542668971457,-0.1267609085542715,-0.06601626717937706,-0.16525773517756204,-0.371130811820927,-0.23402693083533782,1.7629354331686669,0.4804534029735045,6.264880474337945
E02000481,-7.730040140401531,0.10812015312517118,0.31246775191462617,0.20158287343197254,-1.426529190564884,-0.0305356609469882,-0.09985489759414336,-0.012739833291492003,-0.09436780749947454,-0.35388413250575135,-0.20587720436551982,1.5281535755401403,0.3790807685733762,1.823060271970098
E02000482,-7.6307529063230985,0.08247095668412982,0.3167945249368072,0.20103045599935804,-1.4609907823655623,-0.03317571570796988,-0.10372780150203618,-0.01890267709488,-0.10511966017236593,-0.36080503811290343,-0.2106365234926929,1.5706717745269498,0.40405173185410675,4.341918240858237
E02000483,-7.713793005858638,0.06474435017345784,0.3177993234012222,0.19896331113274693,-1.4663935873223946,-0.029768920794188188,-0.10876111693945599,-0.030122219298392164,-0.1217992207371722,-0.3347693417248882,-0.21527476382524935,1.6191993030600582,0.4303921256639237,4.780410906193779
E02000484,-7.835560822173812,0.03485395112203332,0.31508793147592773,0.19394418286728943,-1.4433834983886904,-0.0272898982804203,-0.11412587547759243,-0.04147177950106262,-0.13742018872585843,-0.3164820379484692,-0.21848179483464888,1.6861937813096015,0.45162118141287316,4.09798706253153
E02000485,-7.869752018803201,0.09595641875192382,0.3177606112498766,0.20233189986318778,-1.467361164078283,-0.028658837453186065,-0.10486519458211642,-0.022096964256831275,-0.11121002703179834,-0.33509494752846236,-0.21215941094363985,1.582921167722336,0.41122314209858785,4.177578497090845
E02000486,-8.216533025789289,0.09274801241884029,0.3172836143205159,0.1996969289501441,-1.4630418770990234,-0.02167472553951018,-0.10940584265760722,-0.03253413735991216,-0.12693877627542294,-0.2953422501130597,-0.2144496968125494,1.6383185967705969,0.43374904426549826,2.6908963858042085
E02000487,-7.982286635537485,0.13364685020986664,0.3091397582495728,0.19639999657865775,-1.38219167311386,-0.014787461397559418,-0.10078173333055068,-0.025752170844909175,-0.10960083401363893,-0.26122697727302047,-0.2003702528671924,1.5100079962412647,0.3990528702618638,1.3030861090013204
E02000488,-8.48648752660473,0.12601142168436225,0.31529404682864526,0.20014335404434552,-1.4410069506414542,-0.015846051390110874,-0.10715173594282706,-0.030812244942965916,-0.12428769046767343,-0.26924605181870565,-0.21020664681681456,1.6140827388974655,0.42487615848530036,1.9983438207153128
E02000489,-8.99911773434265,0.1404464429546338,0.3145487887396476,0.19883492792808552,-1.4340961531865113,-0.008075623573354035,-0.11122791505979078,-0.037182827532363294,-0.13492395573945756,-0.2401020648746931,-0.2114519335756935,1.6633633441566662,0.43702563100984626,6.299617134489029
E02000490,-9.308136735546537,0.17777106455792785,0.3099857274016022,0.19461659374931037,-1.3810245579932814,0.003764665735320756,-0.11017192855024711,-0.04037067995719547,-0.1362389140093031,-0.19313814786003525,-0.20266197406405412,1.6312618063743414,0.43431107528760776,5.301906554083681
E02000491,-10.029787989190744,0.24102434713072632,0.30150580445539826,0.18105282587801952,-1.2713891709455134,0.03377963015379985,-0.11487397698598575,-0.05231323546843137,-0.14571820844963157,-0.10205316368831073,-0.18399098884925175,1.5968760339620744,0.4458460681308609,6.202417508026771
E02000492,-7.6192701428353775,0.21411020542717718,0.2956187790590959,0.17456071448971505,-1.18086109267653,0.029792051478787503,-0.09766588077842603,-0.04807726016998159,-0.12263952963277566,-0.09664304021285669,-0.1655228047266487,1.2630878969699666,0.4093230173846841,0.918964495292748
E02000493,-8.462235028097497,0.21925578023012285,0.29896893510538824,0.17844631967767002,-1.2247600278736968,0.02846425837296925,-0.10411985483756103,-0.04829984419736424,-0.13037001218628966,-0.10518705414597075,-0.1746326310802969,1.3916696050397057,0.4238444512539568,5.394050501684138
E02000494,1.933689565951548,-1.6162319707557624,0.06314201406189182,-0.2592756622923065,-0.016785246072572674,-0.043907203882540616,0.041038878067009905,0.24435858935587668,-0.20966613869155698,-0.26663593840500627,-0.09869831766254014,1.8762068811122439,0.39095523054260084,9.204010119923744
E02000495,0.8419061529357315,-1.5395616180256857,0.06002820628086643,-0.25151814867128985,0.01394087362640134,-0.041332099071636166,0.035471048416621194,0.23812035116600022,-0.19612170868002643,-0.23236227336576087,-0.0998140640082454,1.9145476498716407,0.3906691884915755,6.461262736697116
E02000496,2.5906324475907994,-1.7087477803107576,0.07447503320878306,-0.265725017794299,-0.049488399993228044,-0.0512487239483653,0.06185480128743092,0.2772006359856588,-0.24246227989980595,-0.36100050794482796,-0.08465459577547244,1.8521631187512304,0.3883616239880579,12.076961361277089
E02000497,-1.3594173184564173,-1.5709116446487257,0.06393058964963477,-0.26086870786929794,0.02565446270835281,-0.046490683743832494,0.036138366243895166,0.2783449418015804,-0.21343771940214767,-0.3106743125539437,-0.08248831039985813,2.1837102316087336,0.39835659343080443,7.670946519890226
E02000498,0.7042091306684437,-1.704145339080176,0.07231270830765908,-0.27441311457451867,-0.02671103469148703,-0.053544115468105405,0.05310267881212702,0.29377455330204616,-0.24291845346748597,-0.38489765744881377,-0.07338626333053276,2.080095631543079,0.39553555078732905,9.048441855390202
E02000499,-3.850495291151974,-1.558943060069606,0.06700756696545726,-0.26717167804298053,0.04807306376879264,-0.05032275541713236,0.0352639794432673,0.3090531198233105,-0.2220769077887596,-0.36957988624233185,-0.06617078798352113,2.441191495145274,0.405221203845681,4.212849125762528
E02000500,-0.7928971105908502,-1.680710319578143,0.07066792082120062,-0.27613961082632044,-0.00913243160880911,-0.05393899895919958,0.04648666437333745,0.30246869310818203,-0.24089464106305314,-0.39407361242937944,-0.06740994203404715,2.2367981751276016,0.39999712402978116,2.1375308147118575
E02000501,-4.0237773016702985,-1.6249983238801886,0.06965741415691974,-0.27498413702933366,0.016301584318673568,-0.05532964030167982,0.03647956286735158,0.31868068056562343,-0.24344065139079082,-0.42353532684686457,-0.05207504940098344,2.5712390388193165,0.4071724367872942,8.381552766029559
E02000502,-2.618919351320633,-1.6892982843750586,0.0778186441044656,-0.27066699887681606,-0.03734474976258162,-0.06502900423902581,0.05149281199088471,0.31312462041909844,-0.27950503347154554,-0.4566272366688019,-0.03455390763906569,2.5143739728160734,0.3993707188737197,5.916157305080312
E02000503,-3.6977856421605155,-1.6748951240992422,0.07322915175230701,-0.28092280806169745,-0.010660620616304295,-0.06118167644814521,0.04171453803503421,0.32089972523558963,-0.26205595080328,-0.4586557020167398,-0.039422997020524764,2.6161868853316474,0.40610689991796983,4.39124200463257
E02000504,-2.016890147367109,-1.6433856308038002,0.08001869477029411,-0.24709581854940144,-0.0391215803610058,-0.0630676808766934,0.0570831785937482,0.30604096200768965,-0.2843299068969844,-0.4368793216496173,-0.040328236181548835,2.371539126584124,0.39324429806371564,3.642318107800425
E02000506,-3.1054614651551926,-1.5479175092630404,0.08556637816590279,-0.20836383843552475,-0.03763659151568338,-0.06486656463477766,0.057612328483067736,0.30388605805308777,-0.3009418952930724,-0.4315439004507561,-0.03477250895926406,2.3939918761688523,0.3896470227165979,6.038714383040393
E02000507,-6.658324864821395,-1.4578933856546752,0.09011105502426328,-0.17929101651307794,-0.039028029981276025,-0.0734294542855009,0.04363192735336479,0.3124855394099016,-0.32473198594538866,-0.4607525000887431,-0.0069392681039319795,2.782922783672583,0.3936957482057129,10.083180549251342
E02000508,-7.636919489238873,-1.239463950011248,0.10090789719045715,-0.08684000567112016,-0.018653153398155903,-0.07156791763592237,0.04302130046349238,0.301244421441006,-0.34692206311806084,-0.4188074252389782,-0.014515593720183392,2.611886632639146,0.38979223229870125,7.680592872892631
E02000509,-7.980070753340569,-1.1612302545766238,0.10453784323069679,-0.05417112118239925,-0.009670255488240437,-0.070623126558324,0.04205930007039747,0.2974175045542808,-0.35449024101603366,-0.40515479811448973,-0.01756455856545857,2.5494083687987827,0.38969514636546476,11.882806984607264
E02000510,-10.183237583712005,-1.0901054397157854,0.10760617905051767,-0.03519319445615021,-0.001953306287903356,-0.07551667142250856,0.03206436081854534,0.2999360667311948,-0.36687550960763105,-0.4140057050757031,-0.0003762570771939401,2.76965116556335,0.3930633675562614,8.1229686378151
E02000511,-11.46338692392945,-1.1530184370796566,0.1040460956780144,-0.0751786182214374,-0.01005027269690223,-0.08003119182364855,0.02606701125427041,0.309464675869586,-0.3631463804434303,-0.44855594929377984,0.018139428185203216,3.048117168807815,0.3952454242934792,13.905022641736627
E02000512,-11.003991890224555,-1.0929612195340739,0.10714558404757735,-0.043506527414885865,-0.0012441020497431787,-0.07773979840215631,0.0283650689190246,0.30297332376647673,-0.3678758852906264,-0.4251304305444384,0.008494003056992508,2.8932799428082316,0.3943091248313705,10.453361312389493
E02000513,-14.507000354055293,-1.0698902704536604,0.10761285805946638,-0.0737386412789452,-0.0017651283676930196,-0.08518738136734691,0.013709215726014815,0.3168064187216828,-0.37241336873606967,-0.4831719559906353,0.045027563128425575,3.3785054016632468,0.3981692302580614,12.44954526995766
E02000514,-15.681923921075587,-0.8832322978830394,0.11776661028311514,0.005560315289584172,0.018115686977793616,-0.08602574372665339,0.010216333043504514,0.30464977141770777,-0.39463439607193385,-0.4398604812933763,0.04389417573167023,3.28297948724503,0.398858843341069,13.120878889788347
E02000515,-12.59764054146445,-0.7856029153067206,0.12658047903880681,0.10350412975797924,-0.010306474463072396,-0.07827373769317436,0.021041062192771923,0.2867660997362905,-0.4118740273654987,-0.37599579739529604,0.005302704818477888,2.7171575409915594,0.39603767358000747,4.932868261925488
E02000516,-18.464712250498174,-0.7716463481121433,0.12246824285805807,-0.0014763370379441976,0.03956247656754791,-0.08999508351437657,-0.001838595799774162,0.30936945355866774,-0.4001340516928383,-0.4863620941991107,0.07321065653967515,3.5521434898729565,0.40051436684762926,15.85656318981571
E02000517,-15.322533043398685,-0.7527063222135557,0.12634805893080922,0.08452447402632401,0.014851665506695061,-0.08442066062172157,0.010996881244980966,0.2930044401065519,-0.41443773784792887,-0.3964479472625856,0.030739114480181347,3.0541304651174443,0.3995648371812829,8.875256421261504
E02000518,-14.666848690047246,-0.687940231282946,0.13078470951354687,0.1284770372240387,0.006124383050225696,-0.0825062260110185,0.011906619890700104,0.2856793261077771,-0.42451197873706026,-0.3753939355793723,0.02069400379600119,2.8823742928259164,0.39975688996591613,12.31176594285321
E02000519,-19.808347110172296,-0.5511634080760246,0.13622453521855138,0.11806852535475415,0.04291961465600802,-0.0918929246016929,-0.004621504749377683,0.29448874876481573,-0.43638866738655635,-0.41352718911446595,0.06523376155654328,3.426279080127182,0.40365974040970487,10.047001315351046
E02000520,-19.63514553673228,-0.40668762549283133,0.14417018879992835,0.1968364137915771,0.04999223070300865,-0.09130262307330919,-0.008091859329205683,0.2775519609953406,-0.4568326926501782,-0.3717841469056429,0.05577350634698568,3.219136376966085,0.40798839078757604,11.320719269036225
E02000521,-18.94069500715227,-0.272365516878484,0.15383627952293083,0.29269869664740567,0.015282687281928359,-0.08967326926002693,-0.01104034819002045,0.2642361660010697,-0.4829149887898898,-0.3365180259249135,0.04474986518154287,2.9734245805146697,0.41062296080362737,5.245598598741253
E02000522,-16.584526434562775,-0.38311579630008524,0.14796476116785426,0.2633548502543834,0.0034021266241993364,-0.08523962076146463,-0.003011460903486224,0.2648032964313232,-0.4679477017671311,-0.33729041350264577,0.028610447381384317,2.7887142892093326,0.40722180901235416,8.999929003494504
E02000523,-22.42713215191039,-0.06904538812041128,0.16259223899833947,0.33699871145980526,0.06065101561206737,-0.09576494740424249,-0.02465210013502782,0.25462883118834123,-0.5060463075037723,-0.3371819205012493,0.06375970123731192,3.2022310318100287,0.41785791840876224,14.062942420202926
E02000524,-21.927877432938196,0.2725043129464579,0.1837304109750041,0.5578771925508921,-0.02572609676114271,-0.09148265333753997,-0.0386526398933517,0.2092938932419705,-0.5632830744288093,-0.2783069297577078,0.05455501438048639,2.782099824901853,0.4272041771233697,-0.04678022101700563
E02000525,-24.663486625628927,0.29040757470291134,0.1812798729072147,0.5156617674722049,0.053870939944023116,-0.10049822403031711,-0.04615696620701849,0.21901320625547768,-0.569689657908037,-0.3061602094309005,0.060324709397167914,3.117155336698664,0.43104444936030417,6.953405607649476
E02000526,-6.56780429669419,0.44965829220314446,0.17255341386620604,-0.0969926248049381,0.41832013802723034,0.12486620044627986,0.1777562870409351,0.0029940224779069907,-0.1619866130978354,-0.3288145161652264,0.04578657245309666,0.15682178033183913,0.43109481498463326,3.7871930983654853
E02000529,-25.508980523563487,0.25823347882265824,0.1732170317367106,0.3884750277574056,0.22627676991080067,-0.11377603976799033,-0.0675342592170161,0.20228364082782346,-0.5732927967619701,-0.41611244260073,0.06277074564647647,3.329939180694435,0.4382620891028224,16.101761046132207
E02000530,-24.776262309740957,0.20340478312048654,0.17386311784650094,0.41103085271604795,0.13655734061522373,-0.10484178548140814,-0.048008620963088666,0.2233542419789891,-0.5520194810271479,-0.3535797803450674,0.06928491154349548,3.243665224587308,0.43173357419796543,5.128933834518559
E02000531,-16.50624825076468,0.25726480508919913,0.1457112931506138,0.09967150033457597,0.48106167221606844,-0.08667209089871414,-0.07425342885173686,0.07715411593824467,-0.4583711344797785,-0.7533818440193035,0.05396023087573719,2.358180200203303,0.43030787147850064,4.876360361542755
E02000532,-2.196718923203033,0.12678710591134323,0.0793870907627669,-0.15611300949823012,0.4116400208418925,0.07969984156738992,0.1676598260105072,-0.014673496576460415,-0.1454762783329522,-0.35879389779716025,0.059981012653894356,0.18004743140240587,0.4013094883480029,6.067652199631242
E02000533,-2.005196473759945,0.061388413356351035,0.06152912676304129,-0.16112282768156183,0.44819648598981204,0.0409049903741746,0.1480276564370653,0.02158128771072297,-0.18246263288645428,-0.4509425036848525,0.09526563449148366,0.3729721678850533,0.40144314597121716,8.296664987248981
E02000534,-25.02015458316936,0.359345691123674,0.172093188204431,0.2652863379782248,0.41188636536884105,-0.11985464509071059,-0.100913813491775,0.14020380416603617,-0.5478877541883753,-0.6091690992528799,0.05176164226740476,3.268363680064399,0.4408299729135034,10.23532591546298
E02000535,-23.931447140921193,0.3108412560710674,0.17466745415572307,0.465370399993029,0.18953169036222192,-0.11061687856945007,-0.07072569066590974,0.17876698594003684,-0.588981288288035,-0.36278017263398177,0.05355260284654675,3.080790739215849,0.44364196393688243,5.9428677534759835
E02000536,-23.264958256128956,0.308453637943507,0.16844246362225207,0.44553074783941105,0.27593826116716197,-0.11816363700375934,-0.09482229957129458,0.14422854405142893,-0.6128589177741296,-0.40801797964699654,0.034640575390722905,3.0667201607925625,0.4504459523835711,11.217634349414029
E02000537,-23.179519631469873,0.3015307648798864,0.1657782771919281,0.3718322627130795,0.3618287487070172,-0.12253825703325502,-0.10933781185224538,0.12891184991523194,-0.6076344580519301,-0.48639791823196754,0.02813943615221587,3.106692194007965,0.45064265062362824,12.934720294229598
E02000538,-23.739540898310285,0.4072129631961109,0.17822256258466174,0.5625652936963045,0.13769102761965082,-0.10748222165328666,-0.07377126357854179,0.16078874926913608,-0.6078022428027327,-0.32210403477190375,0.04579274984952237,2.95813900717663,0.445469526884024,7.787102380493993
E02000539,-16.309381488490402,0.1765990201015664,0.137576621080957,0.2363370710841218,0.4966729613846567,-0.11271426650256794,-0.14081666091045264,0.04816831881995432,-0.5733600980052527,-0.6123529822693287,-0.014167111919096392,2.5220767787669276,0.44424601113018397,8.655304420281862
E02000540,-19.646158258835797,0.25638474004690365,0.14975418942798788,0.36648207022593104,0.4253119513086323,-0.12143382327406939,-0.13755620346828404,0.07541627128422684,-0.6191910953435793,-0.4987576568795937,-0.005551327202483539,2.800425772829216,0.45353623906747115,11.426703714904873
E02000541,-23.21140388653452,0.39280746563762314,0.1706926045417032,0.5608043098135039,0.20186192905178635,-0.11353223826548374,-0.09356211589696722,0.13501566871551574,-0.633771319422221,-0.3459034561528882,0.02703098132430782,2.9611530719988934,0.4513143608257096,12.673478781147175
E02000542,-21.82973892302435,0.3351503244165128,0.16110454354959913,0.5039528861209107,0.28316677371594395,-0.11739380013062102,-0.10972736531765659,0.10704398959306477,-0.6352791791294461,-0.3814716089889425,0.01496005215578379,2.9045851818194697,0.4543222772814003,8.5014374521944
E02000543,-19.72452313195309,0.29333595010736235,0.1491754310428529,0.449583469815688,0.3616820032737368,-0.11699157608015498,-0.12737842571039398,0.06992512532939585,-0.6232057119924237,-0.4127319445447749,0.0010737750189212802,2.7455886398126417,0.4545559305941709,12.324775600654513
E02000544,-17.469061312671066,0.2394105048478077,0.13421539103152821,0.37996946640785434,0.45568577719313946,-0.11684483712522124,-0.15119493519864985,0.03963380231331136,-0.5999866504730157,-0.46928181209420883,-0.021731201802354903,2.584847820736976,0.4478248121516546,8.24942957780673
E02000545,-12.830065939549158,0.08471908484356613,0.11795808800584379,0.21371542298931032,0.5183003058878857,-0.10606024029658241,-0.14824618908644463,0.012062426096864668,-0.5260020026622388,-0.5446313869898217,-0.015163249508452867,2.200843154611285,0.43472670843744404,4.27153373364191
E02000546,-20.369303283864106,0.39180799947302125,0.1527464895687378,0.5407692447790313,0.2776364836343371,-0.10776261258341847,-0.1094944995244112,0.06542034128889383,-0.6122919069778049,-0.340431935195444,0.013320868960251538,2.6823885040777244,0.4525181835153273,10.330551109337632
E02000547,-22.495475424709664,0.5142133326243414,0.17341698050422358,0.634220702447991,0.12589282132845162,-0.09975310466695142,-0.08040822424192103,0.10685186960842649,-0.6091306935136035,-0.28850908912981976,0.03853981174507025,2.7304452677466866,0.44761676795089206,5.96821221591474
E02000548,-21.789888778960965,0.6264688141506372,0.17364167150438264,0.6565378845468163,0.0816301903366275,-0.08538348339446908,-0.06425684847081285,0.07073463187739748,-0.5713896611330125,-0.252468382962169,0.06047284918375816,2.5242092756671513,0.4421446165754928,6.281979358795805
E02000549,-20.20897794819561,0.5118714719714204,0.15103385150156032,0.5974362340666172,0.23497376532285477,-0.09511526682045233,-0.09765839738893686,0.036704533736632246,-0.5836433766017463,-0.2950465041336139,0.02825372498150202,2.52529507455392,0.4472399323945544,6.536086822785034
E02000550,-20.762315255722058,0.5950314752037262,0.15867293313973468,0.6377755001267802,0.1678005524594035,-0.08777601456224494,-0.08234735550555383,0.03746639905576704,-0.573059268860769,-0.2674595694306512,0.04527944027213203,2.479006140876956,0.44482950394116266,6.1441834373316055
E02000551,-18.241116813899865,0.5339756696210234,0.1338105169619593,0.5485395256407665,0.304375520031436,-0.08390920047868711,-0.10051647319160943,-0.012307625688720146,-0.5181083803491877,-0.28851011724208675,0.04051324160935608,2.2733566716163884,0.4351517813417006,4.7333682802775705
E02000552,-20.404536067646447,0.6625376989310359,0.15652261198545564,0.648543485318162,0.15224477666707067,-0.07841277446211056,-0.07416122570392414,0.013467161632997403,-0.5466812407082497,-0.24718638820961142,0.059743980064982376,2.36028734046727,0.44063150871723594,5.379583662457552
E02000553,-17.895512121134114,0.595887980759641,0.13061362922991704,0.5524865226006274,0.2752738539416523,-0.0700778221273748,-0.08535031986653471,-0.03348665919218495,-0.47746552110880724,-0.2524643875741826,0.06561020965885672,2.1345239681863397,0.4261677070981073,3.954556431811728
E02000554,6.854098482102481,-0.7952551127765062,0.25388857488684735,-0.18271516854632291,-0.11343330057210384,0.04766026696312632,0.023938860152067115,0.0026301823379240932,-0.07767659749416414,0.12991240941419974,-0.14912003717050928,0.181386458632943,0.34002986610314945,4.431000297566341
E02000555,1.3062700278976562,-0.8400645254770153,0.22918774248388019,-0.2402004233057343,-0.051415115345470636,0.028090372707796653,0.025770265217485825,-0.01307403993582603,-0.047710014592115116,0.13511074614847712,-0.1402200513180097,0.9035985824698246,0.3374879588133157,5.098785156913526
E02000556,8.101544843524893,-0.7339172054952283,0.1913932290030878,-0.15130585686953602,-0.1248989845184876,0.050331800939750294,0.03081182621337267,0.004944571044585469,-0.07123209327661897,0.14109659674011354,-0.18735834306020965,0.06147019746935389,0.33848426993421515,6.101256074868861
E02000557,-3.44158338011607,-0.8111367185590207,0.1785991509717613,-0.26955978430951205,0.035479183800500594,0.01895685237352185,0.034134867007323474,-0.023917548772923847,-0.04210009160697406,0.12306515900499282,-0.15674889982884074,1.4682223479528087,0.34621217773825735,5.95196764928586
E02000558,10.523258437049813,-0.6994091195038534,0.14065688620285155,-0.11499993198935526,-0.14708274874304594,0.05417744504036205,0.036964789647098775,0.01541281023582862,-0.07783144869674595,0.15555448667512867,-0.2202370319138593,-0.19083956376052624,0.33586706492867113,4.542977931337552
E02000559,15.69875904267406,-0.6895370657801272,0.1188499462677745,-0.07825151727572247,-0.1876071284580155,0.06410519995359792,0.04540308991825875,0.030760942384912608,-0.1180032141995054,0.17671034151145165,-0.2360187127333913,-0.771638572982583,0.3412350377193608,4.203315607477641
E02000560,4.916992238537092,-0.6763281245271373,0.12461533169904955,-0.14835480992278774,-0.05244383457060937,0.04194243336646494,0.0405966338919866,0.006953496841875038,-0.04216534071677751,0.14976244239836173,-0.21796083184080067,0.4176540822442161,0.3322076827482727,6.522967794460629
E02000561,-2.9348634466138277,-0.7221775643189522,0.13031720748292047,-0.2287816956038287,0.06606747726762378,0.02630491841603384,0.0443738792726575,-0.015323324001606062,-0.020980325164329287,0.12274360305542102,-0.19122646511276375,1.3300211299665512,0.3427786226350255,1.2892897763764672
E02000562,17.495584634725706,-0.7013183551706161,0.0869972495545357,-0.06916350380535259,-0.16592936054164353,0.06273266269816954,0.058661404643263165,0.04648413827882981,-0.12742450393139265,0.18973814259169072,-0.23091087794051632,-0.9708737895555959,0.3277030044880523,6.098254648611361
E02000563,-2.6392522787745594,-0.7441490531069033,0.09672628519424348,-0.22786990007256394,0.08942249458918208,0.02634685458978767,0.05651545367121406,-0.0083598233629684,0.02058955298244433,0.10124479113727561,-0.20323954905604752,1.3137644605318461,0.33200758828785526,6.537788579044854
E02000564,5.194625325757411,-0.6748413278610971,0.0834623688849491,-0.1392166772744784,-0.0032264240853789967,0.03823314580302943,0.05469695300984693,0.016814018802853055,-0.027129103038181113,0.1478461763666686,-0.22502206904307243,0.3783628958381188,0.318701849247256,6.232596230896338
E02000565,21.286954152796284,-0.6714290295509804,0.07530421902903395,-0.05465001587693766,-0.13784820567016792,0.07372505021884992,0.08088007692910092,0.08306579973471717,-0.15546509911776646,0.18963481718940933,-0.20584774831191044,-1.5012366729410695,0.3183769176622751,4.532900268457926
E02000566,10.152840449044223,-0.722761901051507,0.0625597321632524,-0.11182186326990858,-0.029393795346575848,0.04112689538864318,0.0676704663356023,0.03354095077323553,-0.04371874238906831,0.17237009649097876,-0.2112723915152463,-0.1619039956037489,0.3016808485740122,5.50422065937105
E02000567,18.250531430673874,-0.7320027669556456,0.0539487893200966,-0.07029008232194614,-0.08559518613851855,0.060461772050365924,0.0791772860374455,0.07198245484497887,-0.11941102233218973,0.20317297717703364,-0.18235412701317025,-1.11933601499768,0.28830466083033524,5.636068400325245
E02000568,-0.4027363186409887,-0.7671631245629892,0.04836505525688339,-0.2070926112499583,0.15376093089893844,0.025115485583623465,0.07200412092174058,-0.0014395905704659914,0.049309671925839044,0.08420549305057226,-0.2085123422710225,1.0571294526744541,0.31031864268793985,9.02229239734504
E02000569,12.453383267171892,-0.7763123707033186,0.04167597433549293,-0.10410873757095415,-0.008950234653609515,0.042389067960891084,0.0820883250970989,0.04510688178902294,-0.04887267589735442,0.18566383041186257,-0.1789431401672667,-0.42819979429773636,0.2755682964158147,5.711423600835012
E02000570,3.8855094583132237,-0.799342959059275,0.029112061456104198,-0.1713320686958912,0.13832006462457014,0.025704052732309024,0.08514269837251025,0.011340050199189461,0.03407685359453533,0.11901644842322948,-0.1825114811161696,0.5587521508300242,0.2848104337326094,5.935364611483909
E02000571,11.204106578515834,-0.8048830260572444,0.026598360440401717,-0.1064762079375064,0.025980919732765013,0.043792667187776343,0.08160630012540548,0.04794939316676031,-0.05434653729904437,0.2019493766410977,-0.1526841755686018,-0.3063000488922146,0.2513964609110542,6.306242218101784
E02000572,1.6497415744550779,-0.8777412931123345,0.016084426224723995,-0.21618973321867452,0.21968280446878183,0.029396393551495308,0.08582254451846935,-0.012009313951819416,0.08058212762059697,0.06444291111500816,-0.17833448143695552,0.8673893889254889,0.299941957508431,5.17792170921008
E02000573,5.528473631433332,-0.8569857548676421,0.013175619735732474,-0.16008140797225615,0.1489173960259355,0.03261946653126148,0.09005520278173622,0.01696482925332271,0.021730268044499762,0.14731217249694123,-0.14680998267429207,0.35879698301291396,0.2632186964127894,5.713638472176373
E02000574,3.621966460655721,-0.8870772482402678,0.010585766323250326,-0.19260664409792572,0.24865616404794053,0.04159069316480484,0.08818186255944686,0.006819453681341257,0.07820588060705069,0.0744556395985517,-0.15139894256330802,0.5562614815084395,0.2997710764614252,6.041919568369991
E02000575,6.412137823017128,-0.8677089296783055,0.012275208175990135,-0.1386969206585991,0.2560046416626748,0.061192866762259324,0.07690317560717387,0.05293538048488227,0.02236269248986103,0.14443077630687717,-0.09893922175713168,0.06474436246632326,0.29145455177409707,5.478586738605188
E02000576,5.495105585176179,-0.7545598773633908,0.016956030493688448,-0.09668408162254165,0.17396246933471626,0.06646499046461478,0.05451679975012971,0.08117420311016635,-0.061085518820723925,0.2360609692685203,-0.08877825566165953,0.07880339208222176,0.2384618759814975,5.497239634871516
E02000577,-6.6406519418657854,-0.15796065746638005,0.15534018398422,-0.08145628798867205,0.2738098653285705,0.14512528905043243,0.10538610073955329,-0.10758239174859686,-0.11668885840187397,-0.034596513962458886,-0.1400317433395447,0.7074854391014397,0.4351445832725049,8.671409301306461
E02000578,-6.207563379155288,-0.04862680060705782,0.14647611150648074,-0.07858668942742676,0.3147839083563212,0.14894830255967387,0.11134731901984184,-0.07798647540675535,-0.11351633614702095,-0.05992673022308055,-0.12118892319781269,0.5354833018310222,0.4362902673416495,6.178588199647506
E02000579,-6.96024479941282,0.04581233043390859,0.16678288243180028,-0.0764754619362578,0.32310573520616476,0.15995514758373414,0.1366111087519226,-0.0826359827579216,-0.11651157445645224,-0.09046492106091011,-0.11819673891898383,0.4752306220142346,0.43551654816602553,4.005952479764224
E02000580,-10.617279087943373,-0.05665645879101408,0.2523284750082708,-0.06513395558236118,0.23233130540346775,0.159585353924635,0.13581333670673199,-0.1360551595112752,-0.12194418532303311,-0.08197324853637417,-0.15394223636896462,0.9159591359392385,0.43834485604610496,4.755737518557129
E02000581,-9.661766841018823,0.13168039317057945,0.22961106512415985,-0.06181817000484491,0.2949495590998347,0.16618142215017523,0.15044314343129173,-0.1007749533498821,-0.12122966065363897,-0.12434597469674104,-0.12368338183671472,0.624925532897108,0.4321829986463657,6.913435251780152
E02000582,-13.70430279406899,0.08802516930449894,0.3076720793178179,-0.01584987785272923,0.21958045120405228,0.15168679437790797,0.12593055125483466,-0.12820822591313238,-0.1174780494682513,-0.12314167830282029,-0.1810918986363512,1.0836915602679267,0.4403384068788429,3.824229375968603
E02000583,-12.410950794644737,0.1649602965385636,0.28567028281933515,-0.04055949471395133,0.26059051975100794,0.16332812179391215,0.14374598117719561,-0.10846969136904502,-0.12111164308849183,-0.1376382645163976,-0.13554811919993343,0.8529898015615657,0.4318649568365482,3.47360475739889
E02000584,-14.734945966511976,0.23466934648787818,0.3015238879377794,0.05286100080979927,0.23962444107069863,0.13439982616429713,0.09910088251887238,-0.1001616933777787,-0.11266962418723427,-0.14321727685120653,-0.22175091873777258,1.0900734860587296,0.4418389257380126,3.484606091045908
E02000585,-14.197765110484688,0.3552188481816535,0.3039837229764969,0.009198252315381746,0.27494925649777463,0.15407070557708138,0.12771354316008834,-0.08666066236534584,-0.11836776567693635,-0.1724482253489873,-0.13851348297293917,0.8679220063049584,0.4221693079084419,2.0554479002839745
E02000586,-14.609135881730793,0.34551568118359444,0.26624119768395726,0.13981295287613324,0.2690954204774695,0.10266106862318876,0.06386262017048445,-0.06214655214680753,-0.12968624672058895,-0.13093444074887298,-0.26099730281154326,1.028091195731739,0.44506209360707694,4.544549090826463
E02000587,-14.880122426076424,0.4221317192736823,0.2669963038342864,0.08875040425458663,0.2870043053657691,0.12700291835272728,0.0899473364728431,-0.07425782917228912,-0.12435823123110715,-0.151137317401154,-0.1874523177640074,0.9513466997176026,0.425496772625715,5.031549013536964
E02000588,-7.629983289982055,0.028888471622574796,0.18678857045354308,0.1767708201045947,0.30234645201935245,0.05380907519553622,0.05389156020956682,0.04172694135958971,-0.2537600171100745,-0.0856090125954862,-0.19943438944016106,0.5733194216473407,0.47163018264387774,2.6605578508166716
E02000589,-15.061439538193092,0.45290957485594496,0.2310244304665291,0.1536547476301438,0.29689771900677564,0.09683216868364193,0.05437466082469517,-0.05680942016025449,-0.14507221815379473,-0.13345763426190024,-0.21731282368784266,1.0158015895712589,0.42711476245654034,4.562412480107094
E02000590,-10.467574374664963,0.19816076633994328,0.19310271229542733,0.20318013337471108,0.30126977404559596,0.04426957530882837,0.04006165150437695,0.016045867182355636,-0.22285211776756556,-0.09762887517520774,-0.19485989880010518,0.765603526865283,0.46156939752024034,5.429554256953561
E02000591,-14.819178533892075,0.5200372422588037,0.21775999506630178,0.109081968310481,0.3217609815967053,0.11958825568262348,0.07518400565211697,-0.06863763114589316,-0.13432034719946107,-0.14897343493128348,-0.16193944238127883,0.9045584896289866,0.4081626613482982,2.622815069294962
E02000592,-14.095309768543924,0.36747881574620006,0.2117810990508635,0.1979276594993986,0.29279790979608933,0.06048844387840116,0.037478395485976375,-0.025390265386571714,-0.17869468228142385,-0.11628901715094925,-0.21458823163294638,1.0269323208862993,0.44335766213614547,1.851376451036872
E02000593,-15.297434810280047,0.5163961946024813,0.16246119671495612,0.18096125518463882,0.32465362708141654,0.07445679601468976,0.03299028489307479,-0.048796449454038104,-0.15970907147308863,-0.12911704635966192,-0.16806192978838141,1.0734373567608957,0.4076996467371487,1.4741531474272698
E02000594,-6.750004310677568,0.0052564821431794195,0.12531669580035648,0.18338759268147245,0.3182694541845657,0.012710314487688973,0.0323423719247608,0.05981179549893817,-0.21341810353305096,-0.09867369598222056,-0.12457547625678404,0.5837538231922732,0.4612351195259786,1.492310049881823
E02000595,-12.35042380942578,0.2849012646327842,0.14523730933920817,0.22056337690563155,0.30424460826942346,0.015113856233555364,0.01485007318490109,0.0011693796736817197,-0.18541679241908854,-0.11046342893224513,-0.15036498700157536,1.0037422162327663,0.4410479472596924,0.9745052298183623
E02000596,-14.84537290494282,0.4586834265292607,0.1321908499742093,0.2165441520879683,0.3167349696667283,0.03884042271057457,0.009559165247129273,-0.03253387983343068,-0.16679585873672714,-0.11806332707673725,-0.16123688446987006,1.1447637676558649,0.4115767744869275,1.9116507188030898
E02000597,-14.617382055007738,0.4148268283497765,0.08137261978634322,0.22908434297381985,0.30792659431422875,0.005967897149862428,-0.007373183528580657,-0.02541369493188695,-0.15136966472757982,-0.1188597087591644,-0.13219764298059122,1.2562764264561581,0.4013686799830315,3.9699560572057155
E02000598,7.050446599658598,-0.7077052523449916,-0.038754709940398216,-0.38743049983085964,0.12623338239197113,0.0037854325747943424,0.07152922257820463,-0.05396330217464796,-0.10488524130734805,0.09962811096856468,0.07063310482460887,0.4004459330450465,0.08635146521506055,3.489925876103774
E02000599,8.847419822507899,-0.8008436924721885,0.041014684798571815,-0.35115795266849387,-0.15247315387616553,0.02226444756872574,0.11640039945963454,-0.033793184482701966,-0.03858227552199409,0.10170979453291536,0.041048413782552765,0.08975246339643034,0.1820825149902611,1.131055160228379
E02000600,8.572581746792647,-0.6924990597637594,-0.010590247222141289,-0.37008746619455946,-0.07970516254274396,0.028074280551369044,0.11930153896748012,-0.04261211926530446,-0.040016534316875234,0.18123470035631598,0.07608794462563133,0.06073557590956588,0.13078988235457226,4.097014687258012
E02000601,7.167540851802947,-0.6339478425352864,-0.03035268019358122,-0.38684110442947617,0.0005384311245106577,0.023760493396899784,0.10243902743840272,-0.049130239449106,-0.06331621581987126,0.1791580401799267,0.08509304150072254,0.22715754411834108,0.0890218005163948,3.935780595683
E02000602,7.093656428717042,-0.5282308199263916,-0.009282679699387196,-0.3391342446051539,-0.08836578494548833,0.03979861711785891,0.1256915128939421,-0.04139230795436842,-0.03220188220245574,0.2068720913620197,0.08850621827864363,0.01866840112227911,0.13733442814814098,5.027998757286201
E02000603,7.456120696335596,-0.5372320600327561,0.015777764789976542,-0.2951789479432083,-0.11563496799302153,0.043376165915032135,0.13329563412553,-0.032310231719863795,-0.020222013107104836,0.16554371720221608,0.07451244295457879,-0.09562147901207568,0.1950868059990794,4.023529656816469
E02000604,5.896128131013274,-0.4722632344977946,0.06058790003936862,-0.2083276355297401,-0.08832719658669771,0.04286057311703899,0.13073745382324958,-0.021530659652982287,-0.02185731520404554,0.03012185514127976,0.03657835634147647,-0.09792243152607229,0.2590097142801239,3.6270446900246416
E02000605,6.606406801314895,-0.4571444382009289,0.03996938356479178,-0.2363805613372587,-0.11040873496143438,0.047577377601197256,0.13485243451603082,-0.025418916917271724,-0.017341171576632085,0.11145026159122416,0.06309063733656142,-0.1596954251720648,0.23553438221925688,8.114643435024457
E02000606,5.508652652357231,-0.41386881488460875,-0.013614168706924959,-0.32850739577824833,-0.06414120423836991,0.0436263144107202,0.12176654426225166,-0.04414729248927629,-0.03921613390651724,0.2031223570987411,0.09447355175654157,0.09110246934795833,0.12198726774240853,3.4958471493587506
E02000607,6.104259504516121,-0.38441288801418005,0.010827756520709907,-0.27057644835802586,-0.10862023598616588,0.05106263468423775,0.13452673956681643,-0.03421922866539079,-0.019264700410608043,0.1905379077783555,0.08753094740840396,-0.11135505116079371,0.1862617984431517,1.8648744957734422
E02000608,4.217855223254055,-0.26356602592004047,-0.003968603030548239,-0.27967185692361757,-0.07707329005546873,0.05383248395985473,0.12766502660964607,-0.04122664596594294,-0.031248582329001857,0.19876320144600323,0.0970517067383069,0.02672660936336066,0.1437314617787428,4.761539894284723
E02000609,4.966920555174042,-0.27273111531114413,0.06464605022944596,-0.15807799389829275,-0.09331015144048391,0.05978852033844206,0.13610907535313388,-0.017120235049913994,-0.013560023723248806,0.05260368105681371,0.06421695752010934,-0.274528315208336,0.2724420770991236,5.46882507941083
E02000610,4.303014213736153,-0.20975670188404782,0.008328035192839194,-0.2411501499002025,-0.0988455230385048,0.059542170338485384,0.13436119265405272,-0.036194418205925775,-0.020373878814988422,0.19836092470780875,0.09719511760525583,-0.0993584302517086,0.17657416619723523,3.3711593549661045
E02000611,5.286309879866939,-0.2544636604712154,0.03664302181757664,-0.19556190794604777,-0.11348967644627164,0.06074568460900931,0.13900153297384985,-0.02506805181989985,-0.01198747142928909,0.14950573311864768,0.08474050406709446,-0.2581670823171939,0.23545906273582448,2.738707678783074
E02000612,3.8404122031432504,-0.20228634446163793,0.08350251467755854,-0.11625153140745562,-0.06113200781397521,0.06372684742055187,0.13456952025967478,-0.010928671966267553,-0.012799972887986157,-0.027945102842241006,0.056013418614635886,-0.2939397099016858,0.2965032826854378,0.2501078278189892
E02000613,3.935613496675918,-0.12924353626155122,0.02170587813125495,-0.20134315483917292,-0.10847166532166808,0.06556568604683047,0.13832003398468853,-0.031693363100374884,-0.015146408061283825,0.1913341753807491,0.09834467193127658,-0.19840214529727979,0.2040479414594679,5.872883410607127
E02000614,4.066720460049245,-0.11004865779957554,0.05349233951728208,-0.14270889732694406,-0.10588349808231506,0.07252823341725868,0.14194194075895075,-0.01747805191554174,-0.0075115562371669,0.1217981955823079,0.09173865660876501,-0.35804162438358517,0.26251959671812736,6.409702439684443
E02000615,2.99786916018095,-0.016519015801349127,0.030094355886770893,-0.1624879111902503,-0.1074184115905707,0.0720620793961833,0.14022462884133088,-0.02934615768924516,-0.013531300416081235,0.18453212112314468,0.10121930885023368,-0.2512657428557865,0.21789210867515438,5.109853257939783
E02000616,2.7237616848488666,0.022793117040441,0.05191912968659231,-0.12105102820701519,-0.10173986888741612,0.0795160205315202,0.1436308291108377,-0.017464357568061202,-0.006755860913678843,0.1479231596927344,0.10478113163451296,-0.36212135330570117,0.25940376317350944,6.628034017982784
E02000617,0.9687467676283337,0.14231978345858134,0.04319558944896217,-0.1114658223783562,-0.0867220019204484,0.08091107853335898,0.14223106033133348,-0.022855729915383982,-0.011874568300765165,0.1722588352244409,0.11236332557815011,-0.26008285666880937,0.2418747003761004,3.4484826801977824
E02000619,3.0321975404426222,-0.7480914223101912,0.029719042641504472,-0.016695845404906595,0.39893611769566406,0.119693087788533,0.0368271110737693,0.2906645021647507,-0.2730941352988182,0.110808601932197,0.024345362748188697,-0.18881856435066646,0.39485496442597007,7.016274326925023
E02000620,1.315776520372907,-0.761554461204375,0.019887769274290083,-0.012994564107461729,0.39303172841994183,0.08661651682816418,0.04077378556001765,0.2596799748994238,-0.24465194454899797,0.02506735393257369,0.015275949680974656,0.11672242716680126,0.40658769981325343,8.014581317430796
E02000621,-0.6718986697167875,-0.7084224246415425,-0.0011920649131165733,0.014790152510159974,0.3518742206455112,0.033695557926789965,0.040677618609444584,0.19601292378734608,-0.20189877131715478,-0.08570735725443057,-0.016884937118104428,0.5018987808339965,0.4248821968501038,4.345943866336346
E02000622,-6.144565440376013,-0.7587611567074403,-0.011112026896219531,-0.025332669045405345,0.3718347719040106,0.04496498812000086,0.033020763044202255,0.20831944685791806,-0.18340729622748586,-0.08636488197185672,0.005727322021529111,1.1330976976427998,0.39526572661891574,5.436001780410233
E02000623,-3.5645143231183294,-0.6592020734033381,-0.031736801293796316,0.025210686655520433,0.3255126368417229,0.006814040376452526,0.03353388375960831,0.16029111986684869,-0.17454316389973284,-0.14244760313393096,-0.027811748269816645,0.9218833138468858,0.4243923322852319,12.11419499607813
E02000624,-8.515343635079791,-0.7344870456261628,-0.05013077589866971,-0.01887123146653555,0.3639048057112009,0.01623338776861498,0.027591366175736244,0.17179134567291351,-0.16409259788571878,-0.16565656402700005,-0.009172767680588736,1.5303864950914687,0.39995047287794494,4.917749998824501
E02000625,-5.974993734461764,-0.5652714577284408,-0.04470944475180598,0.04964009914370203,0.2818277971762285,-0.013734197903832308,0.024758822425816653,0.12471612186880508,-0.1518693536632525,-0.17546420947437927,-0.040719182588553664,1.2169020384852427,0.42588938237211343,6.345809379331378
E02000626,-12.408256318034182,-0.7566076732984686,-0.06031059439604437,-0.03451104856167445,0.36324675669350237,0.012190165163038034,0.020005461912499106,0.1426343085746723,-0.15525518551918144,-0.2118583049862263,-0.01920279172716851,2.060058501034413,0.3812533682750298,6.611075391556204
E02000627,-10.097459256424187,-0.6001283491911368,-0.07921932114491535,0.01865351890320477,0.31413199737862224,-0.012391116543981588,0.01951807402411477,0.12277423258213109,-0.1461073818927127,-0.22656532168123605,-0.02938205461315839,1.7520344050562968,0.40949594240195164,7.702647139782075
E02000628,-12.066164333876706,-0.6690430195897665,-0.09118793177634481,-0.011764503694406861,0.35397086992775995,-0.005557553746099482,0.01630132261006899,0.12074415414387478,-0.14680948136642838,-0.24845633486426358,-0.026865643319154107,2.041644240483265,0.38972927390600226,7.960772395166108
E02000629,-9.364979445531405,-0.47073512516380633,-0.04008484260444444,0.07016886278181321,0.22880499269360097,-0.025690984817758465,0.01894179612558565,0.10029926694860024,-0.13411535467036442,-0.2025216013593154,-0.04563437039372766,1.5728390170820066,0.4227620010830369,6.79257210605779
E02000630,-11.647502890124166,-0.3062968896159796,-0.0018950324237171357,0.11696991911793245,0.1575016262593128,-0.03976681159020588,0.017069980538190137,0.07416186043720133,-0.12231128239707602,-0.18996188386746107,-0.05467346475261545,1.6997055064631557,0.42622379282501405,3.620876534401525
E02000631,-13.461832707304644,-0.8158192833059528,-0.08883252540634992,-0.04614603461191276,0.3678781909772336,0.0051733030696640946,0.011154015234046029,0.09617669002917661,-0.15965439763726438,-0.27415016794255104,-0.04149051315631211,2.3614225369044126,0.3615830465465631,3.3188214994177816
E02000632,-14.170897936906478,-0.5000626266262418,-0.048221014002199324,0.03979657706488045,0.2508545361319317,-0.01952127657391553,0.01753322490025995,0.09730165697138249,-0.13065710583151435,-0.2667097147303778,-0.03593310437603996,2.150026555887039,0.4023289231632327,5.015137201648631
E02000633,-14.56146868903948,-0.5826353233237725,-0.0654580197737801,0.009568762327036157,0.30297144089395966,-0.011942179023108348,0.015423134822482046,0.09244543176799716,-0.13923417569704014,-0.29288943471913786,-0.03645737461928275,2.283332650137224,0.38361744864628977,7.013613698600471
E02000634,-15.033145227234499,-0.3876212521900189,-0.005206316638251322,0.07855687527745119,0.17082685339856796,-0.02867167079668216,0.01937597796924754,0.08522003482570353,-0.12155770916802067,-0.2487689527212667,-0.04139762410790321,2.1376683587738348,0.40934957632833896,7.1006357325796206
E02000635,-14.4421997776942,-0.6664546985687907,-0.04274114019420243,-0.0075526025881367115,0.30834760999358535,-0.006868421658680562,0.012655515329406883,0.06799603531698789,-0.14886067906988315,-0.3241365855991466,-0.04730335138999028,2.366692888897294,0.3600666446284903,5.177142644883096
E02000636,-18.625403320331962,-0.27505189729258417,0.030187701097554934,0.10966832763185472,0.09967103514168849,-0.0371622372378692,0.022022778404438004,0.07657877835676291,-0.11279013206118435,-0.24542342333029155,-0.04188272062737876,2.4296631764593424,0.4113384118156569,-0.019802169887480403
E02000637,-18.119626869025264,-0.507614423685091,0.0068308705953019164,0.028951579504851114,0.23446914566639948,-0.01181363720074672,0.020924187837663324,0.08177475430121961,-0.1289444522634814,-0.30777412251537495,-0.04015314754457439,2.567996055687735,0.3746929409837829,5.3553180523425326
E02000638,-20.25567720188765,-0.4073743228597004,0.034410736539730535,0.052917055257057886,0.19028761321587026,-0.016410303625312903,0.025083710419918265,0.08152212522520705,-0.12196492053013026,-0.29817083846661285,-0.03954096821853277,2.6940398636924026,0.3796340305252076,5.581449114245633
E02000639,-22.409024222403747,-0.3278557220794886,0.0523948253672537,0.07207774266315499,0.15839959918759888,-0.021956162024670253,0.02805971118786383,0.08215820689132644,-0.11700949147252619,-0.2903491867160449,-0.03780096080447633,2.8502788684229805,0.3839423147941379,2.7594224186679597
E02000640,-23.00478709158456,-0.21421614593472166,0.06677993045090785,0.10363314299343279,0.10360809596039616,-0.027821615855735428,0.03013270259752461,0.07320000182718552,-0.11337523626602707,-0.2730867170788355,-0.039895727573810734,2.815572421580412,0.3917928824224095,4.158415919447407
E02000641,-18.993066722200673,-0.5133920472858728,0.04357147840923706,0.019668520439605548,0.2648300985580162,-0.012114722293292666,0.020927733156293635,0.06608688281561419,-0.13133282336643423,-0.3204852771646011,-0.0453792426971341,2.670792307810798,0.3537993138733686,1.4680410858426178
E02000642,-14.274055327015049,-0.7232934855590248,0.039944978538345145,-0.0244726727995708,0.33750599613987337,-0.008507974951274717,0.010604171571600061,0.02609022170190716,-0.15855854179108253,-0.34035705409784633,-0.05839187913882698,2.4077385290785274,0.3309394076122057,3.4168982229373785
E02000643,-22.748685053176562,-0.3426257850503751,0.0729737311850453,0.056616124871635524,0.20859570234389185,-0.017181680475058924,0.02907611499919254,0.07008832741287169,-0.12189660104805698,-0.3055705937462121,-0.041054348267251406,2.8939054858938777,0.3633763153010176,5.369647465661085
E02000644,-19.27704678402585,-0.5041874917175803,0.07110605022015445,0.012868484560831762,0.3162107236433122,-0.013450926876755013,0.020782829356020077,0.044723491479170846,-0.13417079988416378,-0.3221905993308854,-0.05110403145739455,2.6974401941746775,0.3405819390539946,3.3190252545973173
E02000645,-15.21016975468473,-0.6951317022541385,0.0743232151808354,-0.02884322570922433,0.37149558245210956,-0.011380042374308397,0.011553910539289,0.005383450916896598,-0.15506820232016164,-0.33497862031201264,-0.060429265869124456,2.4878310382315747,0.32508011929979475,4.847316445861223
E02000646,-23.29248728603624,-0.31322608535469726,0.08252279890152259,0.05969945322225622,0.21254605076651759,-0.016434890094913078,0.03151044660119186,0.06521426920820987,-0.12070477505321953,-0.30494478954742393,-0.04027650577603852,2.9181679032217223,0.36010019393206916,4.2904724185798955
E02000647,-18.96821831363813,-0.4915763695530518,0.09899546210392407,0.009155480107061121,0.2973789651147017,-0.008862568584941008,0.023794493424840094,0.0475484483192129,-0.12953563153821088,-0.3291364244279664,-0.0326961379114259,2.6152849650509267,0.34753550383423265,-0.8405600544993455
E02000648,-14.376187040528771,-0.6233117807330166,0.1217709182363708,-0.02316968196873667,0.3029451127962955,-0.007567268710012043,0.01620450852439151,0.03748283034976221,-0.14568216763518682,-0.3481668017427195,-0.011765547214966338,2.255813595319622,0.3510461313599847,5.243510670099033
E02000649,-22.23703424644547,-0.37152897054396533,0.09238934330655887,0.04031330717392221,0.2158989493550079,-0.006823505167399024,0.033813669964171345,0.056703806028153385,-0.11580977454569909,-0.3101816343047972,-0.03814992997913469,2.838978708040232,0.35502566152537446,5.533829463210765
E02000650,-9.998566985649148,-0.7289985016976699,0.1458578065237992,-0.05169115863802638,0.298040633583309,-0.004821375818966441,0.0070878582691282785,0.027274173939155266,-0.15819786749192583,-0.3626996636910707,0.00805295330631775,1.8975512056836816,0.3570376167264079,5.2526414727843225
E02000651,-19.890860514254225,-0.406296809754378,0.13579710784142435,0.027312627537104756,0.12265419793716642,0.001064819664640909,0.035460296826102744,0.09470829760799847,-0.10555035475483225,-0.3319833555409597,0.01615633421063624,2.540055435886922,0.3774919420836992,5.116948586969524
E02000652,-20.1008893451684,-0.37819771491356846,0.13925526514365932,0.032627112852494145,0.022176539738219203,0.008888271864925674,0.0460733086871746,0.09742027982741704,-0.09232476467935721,-0.3151030497002141,0.01949129552775255,2.5138488731318507,0.3874348868427709,5.701697210916468
E02000653,-13.309557006029442,-0.04059063222906269,0.08471432073247397,0.05826685006558502,0.3223266999912907,0.1493719943655321,-0.006487172224252654,0.05216505573822914,-0.2866265477051019,0.4383691603605918,-0.05788958783025869,1.1432989461775922,0.3049012755231919,3.0151293664693792
E02000654,-9.979551042642266,-0.23921710340200197,0.0645107510039798,0.023748210298325023,0.35364844158609077,0.14447437596384555,-0.007757172258024745,-0.0021193261655764253,-0.24588138325864106,0.4183969561373925,-0.06310204292860003,1.0246734229374357,0.31353673958804634,6.0614694269097
E02000655,-15.480614033782807,-0.22954346743234189,0.05230039777026501,0.023451727046863546,0.3030153385398727,0.11352208317261471,0.0021170698812401495,0.0385940048268371,-0.25566907801790933,0.27590632048241653,-0.062136300068973534,1.7219826592943903,0.2939259915372853,5.6306124802168345
E02000657,-8.930013185710878,-0.5872928604585687,0.02269296968850077,-0.0359144493649717,0.36593253393991043,0.09934464295082826,-0.010316404733482878,-0.04901928360062077,-0.20798169513052928,0.24992705596678222,-0.07569928267256708,1.4595689286255777,0.2758017110220945,4.30268708198962
E02000658,-15.273055639555789,-0.50076114318325,0.018719230472985893,-0.024141933273370383,0.31796886420854864,0.0831123263650714,0.00057628097715378,0.003812323396481118,-0.2318458330640207,0.10165971154548886,-0.07750592541415581,2.1286769159198684,0.2977609735710249,5.761634529224613
E02000659,-6.735091860228415,-0.7831557296014431,0.024729188749690295,-0.06264440549343087,0.4436662405552123,0.10564982099098219,-0.01664510561404122,-0.08250580639369576,-0.14411906680794945,0.3391389496616864,-0.06661655546344651,1.3048150228024593,0.30453913997625826,4.886766920371141
E02000660,-7.761225906978428,-0.724081008873495,0.013488902098066288,-0.056925468496232964,0.3881629848721977,0.08710530906955496,-0.01377889890605073,-0.0690042582805955,-0.19261715436903548,0.2095913696076274,-0.08009657659980227,1.5069090164791612,0.26875232674663185,3.8880528809409007
E02000661,-7.921345475426126,-0.680084946142214,0.04409294867228934,-0.05655315607787956,0.4497847323458547,0.11404321585429071,-0.005158074104674624,-0.06995966809146098,-0.11127982461932112,0.33689612290940757,-0.055117116572067824,1.2630994249507088,0.34658422711039033,2.022002677465477
E02000662,-11.85845139989518,-0.748267307619131,-0.0005379821139721852,-0.06576436265947583,0.3728430194803948,0.06076248941863552,-0.00815292154417116,-0.03987241812602661,-0.21818569783487812,0.0023821970748449436,-0.09321435861334908,2.1100014486760506,0.2881555948471765,3.0483189001244178
E02000663,-6.840285026124367,-0.8126186859082054,0.01302100218250285,-0.06789115801504908,0.3997472765977693,0.07382166657664216,-0.017415714226709993,-0.08614126147610095,-0.1803765926461733,0.1773499059877558,-0.08570203318832144,1.527391440021161,0.2603057039510441,4.9594786134753885
E02000665,-6.726836460710458,-0.5600573718642096,0.052241761599998146,-0.04362760305395062,0.36369282547613324,0.054151135479221055,-0.003807714794681289,-0.07889763810408827,-0.1331037854489429,0.15489294473289672,-0.06619468288970706,1.2905388901846888,0.2615446145708668,3.5635437001229837
E02000666,-8.027108806683,-0.8163680624336866,0.007994608603476703,-0.07736870281581179,0.41532317021458554,0.047174126475463735,-0.016247730060346466,-0.08262096808610771,-0.1979930372520701,0.01342360554434622,-0.09973953649130102,1.7958193399778302,0.2654272770468244,4.2902492506313585
E02000667,-8.677095929232166,-0.8413633069696334,0.0017449670155008576,-0.08752926557399342,0.4425065046025982,0.029920023798459424,-0.016117275153384625,-0.07769512909452914,-0.2127545126193004,-0.0946873864479921,-0.11047167486340195,1.9792506423666887,0.2751646350104923,2.1273651483502967
E02000668,-6.826839429659246,-0.41469646445990654,0.07773822993584452,-0.02714190782084703,0.28212671782267174,0.025678665201867377,0.0024243406830896028,-0.0735877367394265,-0.13908022746536636,0.04864696785571729,-0.06505794178712909,1.2799216334412489,0.24345183974441542,3.019683183786955
E02000669,-6.205152090997347,-0.5451572643653503,0.05903558894812874,-0.04367813115284457,0.3563282973680108,0.014955387834917816,-0.010610433629056767,-0.08785588366135574,-0.17451788519580627,-0.03175008736417545,-0.09025785406479075,1.4143422660641776,0.2401414941982364,4.448112491519512
E02000670,-6.094890606473584,-0.5858554820111337,0.05392720704849132,-0.051509150206037704,0.38352953770993675,0.0038009329966753602,-0.013855580843400696,-0.0930382662818416,-0.196145987884455,-0.092035033351618,-0.10426909160788887,1.5084267591049447,0.24508631077303814,6.14327111124429
E02000671,-7.283087467454284,-0.8570322202080677,0.01342052708769085,-0.0950866240590347,0.4925518244533972,0.007534873839557324,-0.018868660147273508,-0.08583252083277865,-0.22374992362355234,-0.1928972547171828,-0.12111426320162912,1.9295568371442982,0.2761914362783706,4.748932768765957
E02000672,-6.204208586587471,-0.7098582857285876,0.03928242275543739,-0.07241354933357433,0.43889468396173853,0.002770757462885194,-0.017586924747637706,-0.09798045334426245,-0.2153675469942079,-0.12618673684513596,-0.11807488146719544,1.6690149182340135,0.2559781930289759,5.3507542305711215
E02000673,-6.7723366446954305,-0.9468551202828289,0.022009145469300162,-0.10153726118042616,0.49513937551872067,0.001972482767518168,-0.016751797748351824,-0.06804613837043379,-0.21835922540765906,-0.27855346488705296,-0.10566042409494851,1.9461793857986633,0.2892109115642707,3.2475637246746034
E02000674,-6.271574965187255,-0.39884401348364334,0.09291009168393588,-0.025495806418296206,0.28302380237363084,-0.0202186557293987,-0.007714328174094907,-0.08432857349395947,-0.19632515101614226,-0.1622029858225317,-0.09829709078879721,1.4302015774703767,0.23296785756996288,5.667728531647593
E02000675,-6.8721694561240465,-0.24055634919840463,0.12170492505185677,-0.0013235006401313767,0.10930575469170595,-0.010496906143063034,0.013083980707730005,-0.06590153665085069,-0.14209345981680704,-0.08455148633919776,-0.06381404806882819,1.2622055952951217,0.22711244851896695,3.317887884028761
E02000676,-7.283484211861158,-0.7236988408225928,0.05483094359023198,-0.08008036258680531,0.49224342676936395,-0.0072993925965931065,-0.019900571852968327,-0.08990229772369028,-0.22292056195935986,-0.23360438666245606,-0.11756891055281286,1.8475163320796013,0.272295915372921,3.545677038834045
E02000677,-5.820783391934716,-0.45181616664721563,0.0868324186311995,-0.03420518195691305,0.34805467854431194,-0.027880668817385205,-0.011935574682000469,-0.09156447172635,-0.21782153699016943,-0.179742329176942,-0.10931325160021656,1.4714315172653083,0.24079394818719543,5.477113861900989
E02000678,-6.606218007076979,-0.23249989333040139,0.12660672206373735,0.00028653958721847755,0.1388715539441106,-0.03301807825646742,0.0038175454080118547,-0.071944034065867,-0.17588103191475277,-0.199149929588495,-0.08547317355951743,1.341797366759129,0.22482070082807853,5.28309160374668
E02000679,-6.989041989277132,-0.7003724367653021,0.11107982198223494,-0.08034138293156012,0.48645050439320325,-0.013298933962847974,-0.019484695179641295,-0.0772653654484024,-0.22127820101073514,-0.2725985254530987,-0.09378337131581403,1.7680249303914433,0.2799982736260321,6.238227712210339
E02000680,-6.5620315383155265,-0.918750431468558,0.10155854406117135,-0.106173746505284,0.5026322794383347,-0.008322404518440334,-0.01893400966898985,-0.06464403706884589,-0.2067258891254279,-0.3156635024850555,-0.08501057395221363,1.8860344312044162,0.29018296565584034,4.85358300562214
E02000681,-6.34033268830412,-0.4948499047874412,0.10674191533492436,-0.044435689582099286,0.41013677469707804,-0.02599748818359844,-0.015530027159582252,-0.08893652248369724,-0.22889504579358605,-0.22063852740880455,-0.10201207995927129,1.5569995183167147,0.2591164448220211,3.5900810090636623
E02000682,-5.498114254475618,-0.27162159226542104,0.13520508823744357,-0.0005123101174060937,0.22606823595596187,-0.04621899895564475,-0.005712338833384834,-0.08020440319187565,-0.21462527907199205,-0.21594969789495624,-0.09015551731943725,1.2953915635895175,0.23648526006874962,5.536507424010325
E02000683,-5.777385882818636,-0.15291919962586972,0.16876233937637636,0.01390527931791815,-0.05263940308557796,-0.035199679941611196,0.029341666448289172,-0.05606934098853571,-0.13031750475649057,-0.1661616467251239,-0.04821476449416436,1.1062350112036472,0.21397016806423252,4.387517227328007
E02000685,-5.45550168972887,-0.9034391517523122,0.1566937524100634,-0.10919410371489845,0.4570014437944694,-0.006048595837716912,-0.015622790672369342,-0.033291906581357486,-0.19595160539705342,-0.33757566719093746,-0.03672728071772125,1.6777796345992606,0.3167859508591928,4.8471228813275165
E02000686,-6.1020185136670335,-0.28133028915091135,0.23284780489682178,-0.000791270786925001,0.19874299456672073,-0.041742189333934455,-0.004429279692846878,-0.04106315009947994,-0.21967770334854014,-0.2701734369598169,-0.01261131570520297,1.243615948823235,0.2996489528109137,2.499692938517523
E02000687,-6.075362683431608,-0.7094325866976281,0.19954271956042546,-0.08690993459902804,0.39651107856313456,-0.01093027281201446,-0.014485378055355661,-0.028167247365196567,-0.21085706693687295,-0.32228031642975963,-0.018007827641939603,1.571728808494775,0.324336108676053,3.779270100735685
E02000689,-8.159604766207801,-0.10191871978831084,0.07572289245582844,0.08021647748064188,-0.01906079260894944,-0.012840221841342075,0.07055366264474705,-0.016670066238437208,-0.059496194222421965,-0.15437880161776388,-0.05964181307371387,1.1362438199975258,0.30065291299967006,1.4000596048907887
E02000690,1.932430211601341,-0.5102272892889426,0.09592826040022351,-0.1621393325298851,-0.07045155373304084,0.0010931926246204211,0.1007176318714996,-0.031419678985897495,-0.04764839688089918,-0.09350560528533017,-0.031884588483238996,0.4744211046930079,0.22110277838638162,-0.458967910162035
E02000691,-8.635256592676548,-0.1875289089156031,0.08436584742560939,0.01921001258450112,0.0825383321312521,-0.0010449111331381229,0.08731415795030259,-0.025478428143211065,-0.06040986513136781,-0.13243846273804408,-0.07644685859101552,1.218562803940459,0.3143210393096731,2.1259284196771606
E02000692,-4.160747929599476,-0.3145421259269553,0.0901054447425197,-0.055417971506347474,0.07174838197749127,0.0037555538487899325,0.1016775001488144,-0.02573573338300603,-0.050750590959751304,-0.11044581582041595,-0.07202897323923314,0.8506614469431085,0.2795016692095683,2.0678333716198893
E02000693,-15.456714992852227,-0.1967505592322212,0.08128669389902941,0.03905279965351249,0.12632822040814037,0.006996766907561751,0.07375120283763283,-0.008489171990188591,-0.07820717520269915,-0.18244533647036693,-0.08057531270332924,1.9433842103083265,0.3601509005600901,3.1661198342105106
E02000694,-12.354869956250038,-0.18300062856624133,0.08408221957066317,0.026056939914824728,0.13708171386384407,0.006153437918367701,0.08337670438404894,-0.015315827625799625,-0.06873271790087221,-0.15740021846612665,-0.08186924127075865,1.5842993523346083,0.3454781655076677,3.2941348074077617
E02000695,-19.816654091326406,-0.32192411843385604,0.10300601417482477,0.038623113124527556,0.04541070018885812,0.010707925835517853,0.05515832786569528,0.04657457117840119,-0.09006881837886628,-0.27061325947895,-0.03469035965637671,2.499331960896127,0.37345721748503574,6.040902455980774
E02000696,-17.20723405205717,-0.24333890967408822,0.08780451454090958,0.034637069371681255,0.09800386865573138,0.013073642984634258,0.06885047612569431,0.005943662224898304,-0.07948009629353603,-0.2143011455365888,-0.07066481842748847,2.1612254745995596,0.36787118961267673,5.108968023533121
E02000697,-9.873094105079623,-0.2152938172492007,0.09422174125324508,-0.008228963731786082,0.15244502932471626,0.012402414857008832,0.09465727377456135,-0.016699892779981598,-0.06065355934408492,-0.13609086511379673,-0.08146754114306282,1.3099130957316443,0.3300064056402824,1.4451568021676682
E02000698,3.4789071445498583,-0.5154668607545425,0.07345611294844194,-0.18165301980046822,-0.028498624786228707,0.02364568076816003,0.11984541337279112,-0.02332798277994957,-0.03484961264950075,-0.05901707623558366,-0.019473961476234605,0.23824633831851097,0.26170119653922613,1.8970021471753635
E02000699,-4.619206694415177,-0.28859929050490934,0.09525619504134548,-0.06238974936186756,0.10246316819430312,0.01929386414570555,0.10935953496107809,-0.016857003875854336,-0.04806280659725625,-0.11814747573483836,-0.06133000218125481,0.8041206891378456,0.30464777152581823,3.376471906964963
E02000700,-13.2300726787823,-0.1981257916826166,0.09885916011100329,0.009546071842387878,0.1450626384297426,0.019817622690271493,0.08457017915497714,-0.01166915916108216,-0.0655069146080011,-0.1720392182502685,-0.07719799687003094,1.6405769595867374,0.35672517224567624,3.8365409490349958
E02000701,-17.334188437000492,-0.2931455769361738,0.12356680981601026,0.02867944204090065,-0.007083376752363479,0.01942373198162193,0.06583166008971762,0.04570614467271905,-0.07231288194044166,-0.2512632098553415,-0.01978878946910788,2.150297471696434,0.382699899795169,7.28525323483311
E02000702,-15.882330432954737,-0.328701406044799,0.17816164299202203,0.03521055205463083,-0.16175932444657176,0.021768097030730557,0.060571297406954695,0.10869310887724132,-0.06635976832817587,-0.3020326774074258,0.060581244102587285,1.9210519555093333,0.41486814676312395,7.05431747514417
E02000703,-8.038447421489447,-0.1973222287323158,0.10886912510074398,-0.020559002184365443,0.1253515326654362,0.024505941511918903,0.10070335588165298,-0.011552759618472887,-0.05431958951165175,-0.14840134769848398,-0.05725517563888041,1.0372188636552067,0.336005833253005,2.3689685792274666
E02000704,0.788508960611758,-0.34637586839783563,0.0860240293720732,-0.11577883071031941,0.027069260592377686,0.033738705889939255,0.12108648185142415,-0.017099982583329593,-0.033515456329284064,-0.1039518874611357,-0.018150334478022945,0.26863485115485547,0.29497806097250373,3.1102029375519145
E02000705,-17.543933193193265,-0.3790123651860711,0.1812250304939172,0.03191133818231766,-0.15736849351057378,0.01994105706124579,0.0519738452588154,0.13214539974819273,-0.06716722177074042,-0.3221351861274623,0.06992376951547143,2.149065855258831,0.41661877267582026,5.0691159812929065
E02000706,-13.882696148363202,-0.22481984382247125,0.13290376400264894,0.022852935182636196,0.03271593279614061,0.022352171131530013,0.07638361197378829,0.026829479799884107,-0.06549670120315207,-0.22772229622223272,-0.01699357167518211,1.6725213014098215,0.3836900774112383,6.168485072012242
E02000707,-14.008569944346236,-0.3705238427128381,0.217454502470475,0.03887582035225032,-0.2605640200844378,0.023322825734277387,0.05048892554110015,0.162424958978192,-0.059375048389858694,-0.3393650869670004,0.11351514243321527,1.683727701952407,0.44896042341197695,4.569973221683696
E02000708,2.222908901025215,-0.26320549292573137,0.08979057550197429,-0.10568120224538186,-0.014109255520745212,0.04895513682209441,0.12569438168355918,-0.014184963749274707,-0.023755359433087472,-0.08926240405071743,0.01632350601403676,-0.022725536090165463,0.30272411363592056,3.8025880174820084
E02000709,-2.750256335072582,-0.17431414565584089,0.11631111674487365,-0.04665914947752994,0.05376794989745434,0.04215841038544723,0.11443011461784117,-0.010807857892065537,-0.038754310949034546,-0.14870709460497733,-0.013212595873552294,0.3811761469858559,0.33139522520303566,2.2549222122290216
E02000710,-11.18576049094323,-0.2202918112192544,0.19300251566014684,0.033823460958523746,-0.1141254660503248,0.02755889965696781,0.07639410173790041,0.0760469580264041,-0.05933671328588962,-0.27073638775727094,0.06326832988697356,1.235588257094253,0.4170013627065712,4.428520683728223
E02000711,-7.870598489449515,-0.14393264743604833,0.14704188213887195,0.004079704014556479,0.05049938179088227,0.03283377896107639,0.09578252105489904,0.012069178114682395,-0.052986749636368125,-0.19806974439505587,0.001630084321243369,0.8656846484983186,0.3702943841345521,4.8512827566298204
E02000712,-5.007055321502563,-0.1074616166743492,0.1606995622924784,-0.005654596707534539,0.011859687643452854,0.04448864224044738,0.10545820840305645,0.013152297578278793,-0.04311268745525545,-0.1907036736342606,0.02764975845628405,0.45205650226633587,0.368800321767359,4.401629646080479
E02000713,-0.20331093618831186,-0.11359274327159355,0.124658624718042,-0.04613245209830881,0.0016901961635646112,0.05715985237436334,0.12238950877811855,-0.0036719976821957406,-0.02605706482751636,-0.15059925291831266,0.02960419585548936,-0.02693436073480157,0.3355125957160118,3.188153819210559
E02000714,-13.457088534828937,-0.5709796742146626,0.16518253458121182,0.07062882418077081,-0.1481200916463954,0.1690541488724999,0.03597950152336942,-0.034032975542281546,-0.2459216813554385,-0.13263296029061328,-0.15177642663962598,1.8809207553628853,0.609053650926947,16.33262807594538
E02000715,-17.773682561542294,-0.8357326443145272,0.17498445608447613,0.04772909887424488,-0.4845752069105882,0.09249768785879792,-0.09822921379028574,-0.06291459926094195,-0.2384420318266012,-0.14402941180743337,-0.1778900563736553,3.1897561590780743,0.5651216554492432,17.16452084203094
E02000716,-15.061620313651508,-0.9131208408163908,0.14901838674263204,0.019846442253403082,-0.4691744112147503,0.11909245917473998,-0.050107890995086626,-0.05541522740476391,-0.2289363195513756,-0.1785504137697021,-0.1635243267837537,2.896376963725862,0.5751555570030387,11.792545747530285
E02000717,-17.99848381911429,-0.8100426520887377,0.1612658223576372,0.04312818476109795,-0.36666180523974434,0.12918080647804195,-0.057838977016842194,-0.0495087328988779,-0.23523642361928868,-0.10543634424093232,-0.15817200370469647,2.9670596393991637,0.5780606610223815,20.380385663710722
E02000718,-19.656705144231108,-0.7815525212277336,0.18509714273956823,0.062426768685950346,-0.49506382569885804,0.1003178134842761,-0.10613720937609963,-0.057878043313043775,-0.23265377615236715,-0.10382931270796195,-0.1721015062619653,3.2696359539289968,0.5664339075491467,25.620905348919436
E02000719,-14.766364479813692,-0.2533971228637365,0.19435297567568574,0.10905242608880863,0.16915675315881776,0.18847095212263765,0.07554256980746063,-0.013222464581994983,-0.2826720863895798,-0.06630740950869377,-0.14167474686239653,1.3672255690519703,0.6235277069418654,19.167312592479647
E02000720,-18.553778569739237,-0.6464787134522386,0.162151050960941,0.07076730635993914,-0.13543113863752518,0.16560464365111288,0.0014414437254347406,-0.027267475675955354,-0.24294433948946625,-0.08033908285550238,-0.13927828654281035,2.5177214453394656,0.6001332630987404,19.43533346900225
E02000721,-22.047877503715405,-0.41689233486468447,0.18571632304302577,0.114094244679292,0.19828747489013127,0.18653070043012182,0.02661151507039075,-0.0025706608227608896,-0.2684210944654418,0.0027239408900862905,-0.12332761923396333,2.282114480079902,0.6149374102536512,19.482499420240092
E02000722,-20.526990803777025,-0.04807465135236105,0.2150625634472581,0.14191998259797006,0.46073645932290797,0.20431788367783493,0.0824964943704414,0.013307029957650068,-0.3099214461484847,0.046779817682769786,-0.120150396447751,1.4834731333686602,0.6315310714053446,6.615055990225708
E02000723,-21.93953302539327,-0.7292655817770795,0.17634572596886264,0.06832822101943307,-0.3034052083878081,0.14960023018990687,-0.06074364294271394,-0.03330057273036015,-0.23447768394011803,-0.022868302944990676,-0.13961314490703342,3.0982719591051273,0.5855874462920345,21.986001682694067
E02000724,-22.299964441563727,-0.6449115800909379,0.17380537969348145,0.08131809426184924,-0.09918218979099369,0.16590855980318076,-0.028299480582060346,-0.022990357202193626,-0.24344376612624058,-0.005031809545946647,-0.13230340581441918,2.8491785511536705,0.5967205995573883,20.779626351862778
E02000725,-20.06368079250586,0.2979520756347265,0.24094233253950148,0.15474885626475215,0.6679482129348084,0.21880479087234397,0.13500672646258177,0.034137485930645826,-0.34127910598586825,0.09234006008814374,-0.11135729593316829,0.902744289874031,0.6393449607452852,10.38145053708401
E02000727,-26.018328993098013,-0.502492765215325,0.18927092037903007,0.11504119260053958,0.19061488939251742,0.18764262694385703,-0.005061107038687271,0.003997362991784159,-0.2582932165259051,0.05997907191681562,-0.11170551775347373,2.75041042999825,0.6107368520218323,18.46382055374888
E02000728,-22.302398954988828,-0.688121332205356,0.19521057897262745,0.08071592071018242,-0.4268745382939086,0.13840848050919477,-0.0917929377492501,-0.040427746802444015,-0.22177465001067576,-0.005093588596930321,-0.14440181760925508,3.1695631242364386,0.5789429002148203,28.258307669228913
E02000729,-26.735153101302647,-0.06844944748613035,0.22180519576354465,0.15602360206592214,0.7012661405168008,0.21547527436194663,0.06264261505004365,0.0370206404578774,-0.3062825949679294,0.13576492168863447,-0.09802571623542104,1.9167313503282468,0.6340106351819255,20.45300311690729
E02000730,-26.661261942493997,-0.29165168486668336,0.20427231057394424,0.14120196763350437,0.4685533507959517,0.2039798878014544,0.026502026998137918,0.0193191369919401,-0.27698056620140854,0.10525337892420404,-0.10299001004135783,2.3363555646180902,0.6231053458957136,20.83962448575494
E02000731,-24.718524384203732,-0.5621611289792285,0.19965317926366663,0.10470532750037505,-0.12712238573483375,0.1769550043022032,-0.04778386587363678,-0.017128858648789505,-0.23345904377425336,0.08020710408180641,-0.11657357814270142,2.8801010803497746,0.6017919242339738,20.686455392548012
E02000732,-26.731888104982428,-0.45220300833124966,0.20149024645918817,0.12121000244748842,0.1894049046296593,0.19578431478134167,-0.014357686950287149,0.0025446927582286616,-0.25064805050036454,0.11566543563760437,-0.10376090711310265,2.6977474816123292,0.614942509287232,25.585702499516582
E02000733,-29.007448448001185,0.33379903917384374,0.25756478508803105,0.1771415768605938,1.065089551128227,0.23758985571885466,0.11718582448775278,0.07660134718846881,-0.3518046953376253,0.2518708462898952,-0.07929842004821716,1.401637831286798,0.6496729916741939,13.83539317420776
E02000734,-31.613896267406354,0.100909845383532,0.2433466443112582,0.17357124966528648,1.0584640864083303,0.23306438878585434,0.07825360859330469,0.06855460311791073,-0.320325326866067,0.2307484030589235,-0.07625822407826299,1.9231604770659632,0.6444538019482219,20.92062239853395
E02000735,-29.396218167515357,-0.1668440335726363,0.21979399644085468,0.1513094530305228,0.6999478977871292,0.22164408864633983,0.03321806095975048,0.03220709333790872,-0.2768637546130309,0.19062651986336343,-0.08526096026812109,2.250338672745596,0.6335602218288878,23.55771264321631
E02000736,-22.049293537472884,-0.5074002621639484,0.21771753983144237,0.09257706285303735,-0.5154155650229918,0.16329095288195905,-0.09027025088126586,-0.03356035190563955,-0.20053982912573842,0.07867558583447655,-0.12080145647867814,2.839296126729927,0.586690833381754,17.12702500486987
E02000737,-23.466402131381795,-0.46374608877672596,0.2129080661905881,0.10420197539812917,-0.1719589374272814,0.18989828816797777,-0.048323877090908754,-0.01932133909727493,-0.21651810252094647,0.12747148389498908,-0.10418511432252442,2.5898035499615895,0.606862278276625,15.33349896505333
E02000738,-26.557613933674894,-0.3222767633839826,0.21410158513012617,0.12507097947438453,0.3093152290141805,0.21287431041461297,-0.0028378163804134576,0.0034336115864534444,-0.24267776456578344,0.17574076475926095,-0.09012728281241267,2.381857192524614,0.6253171759394147,18.467672098645075
E02000739,-30.453404169077352,0.09403168748699733,0.23756670797373125,0.1630465195590738,0.9963763774418991,0.23872503050967997,0.06465884792986218,0.04290620363800175,-0.2932800354181332,0.2643634224188409,-0.07315433216145177,1.8603021462764233,0.6474794231079316,17.247705048102244
E02000740,-31.929703961315475,0.4709885613748583,0.26995569372135386,0.18344591630621862,1.3098671234717614,0.2579747503861506,0.12589278086673394,0.10631645355402684,-0.3461834885180132,0.3742618764613541,-0.05828636130064478,1.3099571387751452,0.6592543963073995,-0.2670005986070123
E02000741,-27.70658832962118,-0.048183597421391014,0.22697248257510058,0.13374682580329014,0.7703712699885402,0.23672116556496486,0.0439145360906613,0.012156544909320624,-0.2551801653859889,0.25474430096498574,-0.07439225978423689,1.8788711175467152,0.6447631717558595,13.383638062705037
E02000742,-22.153630857130114,-0.2771438477437028,0.2206797003231744,0.10130255201101246,0.08144330939692854,0.21857568617068704,-0.010705355746974177,-0.014958353950262501,-0.20822451927338675,0.19715403113652105,-0.08415940967622176,1.9932880675038285,0.625853361417161,20.07720995280195
E02000743,-31.707406544337534,0.39925575239318056,0.2595630187173079,0.16983721998250217,1.3602867406212733,0.262164967851289,0.10673037500394017,0.07230585639850842,-0.31124355451595515,0.3803962430674226,-0.05559404776748111,1.3712277339474133,0.6628632354957391,11.099637636044108
E02000744,-28.184125766787677,0.23596014944383098,0.24182614367361505,0.13732613900573729,1.1798081709521266,0.25637526952631196,0.08460560051464942,0.02100398468761322,-0.266839821778729,0.33564721986558427,-0.06211875251486395,1.3628644181157312,0.6603832563978148,12.105142708542466
E02000745,-21.58165608362164,-0.057787889471831805,0.22614224424192692,0.09141700229310118,0.529245329430672,0.24333087260701888,0.04111189512739201,-0.022059155045836942,-0.207101630868016,0.2737438988187125,-0.06919918351136121,1.3910156557816775,0.6472574035040028,21.543691619545875
E02000746,-16.240329819745526,-0.21803294273050167,0.24223639401036412,0.07725025331977436,-0.6436465907614464,0.19390876347501956,-0.06957845846032623,-0.015105359210069766,-0.16522363063395193,0.1630504813436509,-0.08744909079842635,1.8620213117532083,0.5953733153092116,3.724195575785565
E02000747,-26.80086013619856,0.45373365805356847,0.25427054045494424,0.14414426777143166,1.3522482052792428,0.2762957252789161,0.11702089313349803,0.07845946830626688,-0.29470158411963737,0.45747972309506435,-0.05288081842543004,0.7751719450455443,0.6665793478864065,7.2883951579312125
E02000748,-15.84915772974507,-0.046743845771955866,0.23402454160060682,0.06421031278831957,0.19249692153492923,0.24482259587250677,0.032982102417450254,-0.027977945734822096,-0.17124141557295916,0.28405636400370404,-0.06456664742113678,0.950036129694246,0.6428231569835491,10.87162791249904
E02000749,-20.402110961335964,0.15810523880396365,0.22426262850428264,0.07181121686962666,1.0656014586868925,0.2649504660735277,0.08750818581326945,-0.034013594767776795,-0.20288085264665406,0.35731148894013937,-0.06016572781356944,0.7473652475394341,0.6665611367121801,7.467459821059805
E02000751,21.66345979854974,-1.4982389646001866,0.15798344159344474,-0.049923000281306126,-0.12432687691726174,-0.03770494349220386,0.09150827529931352,-0.0905513323161104,-0.2933607066660753,-0.602976359492309,-0.1326470484097601,-0.6168575631131707,0.5209573058196414,2.7836249368608357
E02000752,-1.4621225638683644,-0.5951670569792848,0.20685826443464975,0.08882955818362356,-0.08354969567385352,-0.08467261412760152,-0.1154158971071256,-0.10599018679647845,-0.21732930201205208,-0.6064929539899021,-0.2366009939714786,1.5771503241022256,0.4913118615628519,3.0529214640501037
E02000753,2.4892748436091807,-0.8854763809365053,0.18717029408018068,0.05032233852276273,0.09501455162474134,-0.0877618266928138,-0.09200411204415075,-0.11070016420828911,-0.275704809191373,-0.6290725066872818,-0.22357657056752311,1.3268700890670921,0.49899493987673754,6.96199889806022
E02000754,13.691409308952384,-1.4218389062408179,0.15566655483897762,-0.012312376225841484,-0.13298239214160495,-0.04296653856195008,0.036990303813891054,-0.09271446881323392,-0.29501189114245135,-0.5932033800486519,-0.15469528059528503,0.3136648482555029,0.5276670650453504,5.439057280143242
E02000755,9.39952075898741,-1.3441373326601862,0.1609793095617364,0.004775190881287167,-0.1271590539727639,-0.04440468224526514,-0.003989435595672129,-0.09633200315901413,-0.3017707569536967,-0.608575480824285,-0.1763894084822772,0.7975018979851587,0.5317652808492457,4.018577016449277
E02000756,2.4157069992736204,-1.0497793835124107,0.18454586090492295,0.040239411644683816,-0.036385739368986404,-0.07072022910940245,-0.0900099876166036,-0.10845302392848069,-0.30441758774157,-0.5886637039094815,-0.22251201183834302,1.4856006585039419,0.5207490246702422,6.752540517903423
E02000757,19.182389090113055,-1.6976294465385724,0.15564260931276058,-0.05076303660424339,-0.44516060066051855,0.011293024414925605,0.06924092827912093,-0.07821030477356206,-0.26563020990672737,-0.6284851420152161,-0.15050453634424016,-0.1310183951030761,0.5688047479677515,4.168958177704731
E02000758,3.592803414969385,-1.2594498012850044,0.16795239147873942,0.013944052352084776,-0.2006982415630984,-0.033909743493859335,-0.05055085652237092,-0.09761027660118908,-0.30064210430963406,-0.5647308688289276,-0.20122430952467393,1.4615482460766258,0.541043675739228,9.109120416396562
E02000759,10.236362593211584,-1.5099288419908599,0.15067148764187344,-0.02067403914427629,-0.4296113744218696,0.0011247214603137788,0.01516868613029617,-0.08458090273303331,-0.25665955658172707,-0.6158515099249773,-0.17626267750077435,0.8600636021583072,0.559930496179709,4.124404924569558
E02000760,0.2749914485263538,-1.1269055512502986,0.180598298151111,0.027469164366443685,-0.17234658528984717,-0.04832702288879692,-0.09020697986498044,-0.10207050140409556,-0.3024904634552557,-0.5306914341588245,-0.2187899802953202,1.7959388531792673,0.5352489761836045,11.773173825839528
E02000762,-3.518932555235203,-1.1466928047459763,0.17319811276286176,0.014736689520680097,-0.3697725332285537,-0.01163696184425967,-0.08568301958782049,-0.09301522862856824,-0.2867764759141737,-0.44651076572614035,-0.2110418847267671,2.2338645795728773,0.5482261190330888,9.439721440887316
E02000763,-3.971803877304751,-0.6296881769793793,0.22445070968596886,0.09725837430929017,-0.4448870443672282,-0.06412911686286943,-0.12693372721607,-0.10741918329239074,-0.24953641243044683,-0.505031418709711,-0.24436907457227644,1.9630292683822796,0.5189380795939889,4.568583534263816
E02000764,12.52660809889878,-1.5875172609200716,0.1437537064558573,-0.052651253545537166,-0.6956807428948646,0.06792677725566394,0.0517162977343153,-0.06825124763828215,-0.21513918476801563,-0.6137986902220567,-0.18954029860803837,0.5759252387203766,0.5901442806855828,5.363202798742601
E02000765,-5.256544438521864,-1.0746231129292962,0.18132535370464317,0.026878525638187087,-0.3836748029066931,-0.014894487342467299,-0.10228610009757466,-0.09402247340139017,-0.2852691253175904,-0.42037674366252165,-0.21691629260274742,2.3827895944769786,0.5469034035261167,13.750532661662856
E02000767,-5.730896597803451,-0.9520067158450362,0.19746290256915316,0.05297673851861255,-0.43626137574269064,-0.02891552047592498,-0.1212747628868933,-0.09964297003443955,-0.28385739812775995,-0.42810770451355523,-0.22944513435618333,2.384345912213272,0.5413299486649927,5.1317180791394925
E02000768,2.179271096419235,-1.320615545459784,0.14072060246345372,-0.02845443412841842,-0.701424153873395,0.06743111568913554,-0.0026241188409208242,-0.07571640837592158,-0.21395680709742,-0.4708376051938353,-0.1993009841918455,1.6389207190060113,0.5767557471499233,-2.029916839263562
E02000770,-8.224938205434512,-0.6957034133845652,0.2251954044858936,0.09423689467317392,-0.638534269076089,-0.029777692784957992,-0.14356074613926217,-0.1031531619989515,-0.26138060248254735,-0.3785708892518763,-0.23985894550535677,2.486773283593555,0.5362997414360698,12.288189781432385
E02000772,-7.84906203735644,-0.49945829294132804,0.24812142649720284,0.12128163510768389,-0.8136825782463136,-0.0374663483044293,-0.14579523878401882,-0.10324073311796567,-0.24030787830549333,-0.37923918106117616,-0.24460214173940986,2.31064780127928,0.5268450732285526,15.15456546807216
E02000773,-10.375141598703877,-0.8501141704652849,0.20364354361331843,0.06897751162393131,-0.528566899232999,-0.004131038767138499,-0.13504810344010063,-0.09368804922666046,-0.2670125448894072,-0.3305984159564502,-0.22391005383572646,2.7565064491754727,0.5458673697579174,15.355546193465301
E02000774,-9.611054789297901,-0.6104012169408879,0.23886841938826425,0.11041813337002354,-0.7812260600539328,-0.02305226070093786,-0.15319453425598287,-0.10169848391295172,-0.24854689047068101,-0.35116877108556815,-0.24293358720095193,2.569977328458338,0.5343881942274642,14.219982008318643
E02000776,-12.527180920447718,-0.889957134934566,0.19593610808936562,0.06119177414896978,-0.5308144126105856,0.016261710302795884,-0.13167770326417857,-0.08585766458535687,-0.2605403540711262,-0.2929251126141497,-0.21408170503867838,2.964081478738135,0.5498506571683339,14.843315404705535
E02000777,-5.676997238881455,-1.0483228290161883,0.13548118190875222,-0.010853825647763795,-0.6233726338822698,0.12253661171078065,0.00022688844177336936,-0.06329537028222369,-0.20505130317296105,-0.31210611469098276,-0.1781539016933085,2.0672283339490094,0.5865203528195719,2.0058559763736676
E02000779,-13.805169536514573,-0.936106247388003,0.17579523454076204,0.03784019832951629,-0.5047378921423672,0.051386723447453556,-0.1074821359027869,-0.07602263597461559,-0.2521052161684825,-0.2440246956034861,-0.19712919047919544,3.043140075506929,0.5570436292446342,13.608487249184343
E02000781,-15.365322153105076,-0.5233431077833866,0.24322482973462506,0.11602289228886414,-0.9186888386469405,0.020628082809377547,-0.1624305220204433,-0.08911347720889295,-0.2222843326848778,-0.21915811779292696,-0.22258290730571928,3.0158724371218275,0.5375607204796022,16.023837998255466
E02000782,-18.840540450606827,-0.7967002661743109,0.1970328508908118,0.0706200394332919,-0.5901729518659703,0.06938141757470949,-0.13198793981659512,-0.0664258916974296,-0.23526414226153314,-0.154641866547147,-0.18890181196624384,3.3641247798523755,0.557253089682813,17.617378468321505
E02000783,-20.072250371315775,-0.6900253797537994,0.2167177623280914,0.0918645093152751,-0.7022883650949874,0.0722409798999667,-0.14756325600125897,-0.06451232095509242,-0.22078346795887638,-0.11822755507256186,-0.18728565178779483,3.3819452431262156,0.5535334484286558,18.16256302614258
E02000784,-8.47335514020201,0.41482791324883705,0.2095751993770939,-0.07194924027098284,0.3100479123917513,0.13229803045955063,0.1480114729302714,-0.06349619644219169,-0.15740237426675413,-0.263750113566876,0.0024599094091503626,0.37770312753098334,0.36946444155412705,4.345673515775742
E02000785,-5.194308818096083,-0.12926315208852435,0.07963472133217908,-0.05226005867699701,0.5050396884393239,-0.049048801389330224,-0.034856536386395284,0.004261208146872683,-0.3557234283902664,-0.5967225608269,0.035762793690927476,1.3285638898555339,0.4010092675329001,4.043470144362961
E02000786,0.352712063069454,-0.05704872916935122,0.016003671755537886,-0.13561961384552482,0.27956889029632015,0.07800051404067777,0.11863369460247943,-0.06994232097575843,-0.13110845841357727,-0.268052400759874,0.01041424309743283,0.1832984753427187,0.32425251033665814,1.4533645325008044
E02000787,1.929805550082305,-0.3272917384263512,0.014153195631165898,-0.1783243169591033,0.4655560376911822,-0.00670264770555606,0.05153034506745165,-0.028909653163201682,-0.225068151322998,-0.44306707812407303,0.035059933820392526,0.5585351692832399,0.3557264531304674,2.778679485944065
E02000788,4.556368928328036,-0.37315480956958585,-0.0362856751414915,-0.20726729932188617,0.3450109318273313,0.02971933778164803,0.09715881720570671,-0.06026758546636775,-0.14350999529255506,-0.31115932265361956,0.005977427261879095,0.21868880262857338,0.3071643067478829,5.4770596191603
E02000789,4.212139583002967,-0.5662080031984986,-0.01853232776973249,-0.22754285556784776,0.4461617356429976,-0.024722653791484285,0.014969958110619838,-0.05374988207960768,-0.21665674309231314,-0.3283828800396149,0.012506207135702762,0.6432416109955249,0.2769061096657019,5.09663561557542
E02000790,-8.81451969128074,-0.08843790338591245,0.08709179547720909,0.10505707990538825,0.5482588850962532,-0.09364328667701136,-0.13600612065354045,-0.014171910498834539,-0.4549392024933214,-0.5133223795447748,-0.0065848953219440065,1.8886340598814617,0.40096735356869595,4.527660451565675
E02000791,-0.7160144987510577,-0.41443103228730344,0.030472882315932575,-0.12087441400831866,0.5232566924046685,-0.056111515510219166,-0.059770501827372216,-0.03793042134774981,-0.31361241327946315,-0.43359369549606946,0.01603024952782369,1.1542046460552222,0.3341820562620519,3.37263321265147
E02000792,-3.980968478651203,-0.2980892431399377,0.05290969995146107,-0.035012651461193436,0.5362910192984554,-0.07242964555982204,-0.09668683974862381,-0.03208526286904055,-0.36064733369052904,-0.4272192301532124,0.014862584239854804,1.4615667371747423,0.3552981835408622,5.387973667979018
E02000793,-16.867449648705602,0.302204263270594,0.1296269945407701,0.41865158769545885,0.4266459117917864,-0.10614965972648058,-0.13749714397922566,0.01738940830814121,-0.5575420320668475,-0.3998473447541784,-0.005224993347948015,2.4124323612338356,0.44300157359909254,1.2709634892253092
E02000794,-12.641916892179685,0.12980638174930498,0.10475346253554431,0.25818469764960683,0.5228571327422251,-0.10191815790133843,-0.1471868063242178,-0.009789668009063335,-0.48350412531714226,-0.4499628049408737,-0.007165260754888804,2.1109467347308155,0.4161076939310265,2.2408180231362262
E02000795,7.6987030085323465,-0.7562599849499673,-0.042092097353128424,-0.35058889668310045,0.1877297306623103,-0.006241790323314955,0.0685781462144088,-0.056456003950517766,-0.10780087639434327,-0.06770005011662011,0.020066725243432386,0.3849761003630693,0.13436015388883962,2.308335870427367
E02000796,-17.731952416209822,0.40655061086034194,0.13194778132777113,0.48983326046518116,0.371924918022465,-0.09831187900674127,-0.12260274093366876,0.007859362959236345,-0.5480493062989598,-0.3462975745658741,0.010757295852253122,2.3815172877259845,0.4408818480485006,6.42398901954048
E02000797,-9.059016430018366,-0.02070846308929912,0.08104053173060646,0.13116153458329471,0.5323647075661478,-0.08573510483770597,-0.12160228097099204,-0.029695849714591757,-0.4116218601354949,-0.4075941446106977,0.018924787710569334,1.7987701941211864,0.3862507763606691,5.054436414498259
E02000798,-14.079376188260364,0.32358300058310785,0.10720247806473024,0.3581337873701595,0.44489682873840347,-0.08441604688084747,-0.1161244289380957,-0.03201810437806995,-0.4473327020245036,-0.33786026918961753,0.03694832954217473,2.0113966406195916,0.40956313858365845,4.488014270464305
E02000799,-8.979438606452902,0.01799395621501282,0.07288030959538716,0.12757874826704435,0.5048386715251627,-0.07433917256685431,-0.10276339756646041,-0.042838281037548734,-0.3771683600389869,-0.3366836956614564,0.044526218829531256,1.7129952490496922,0.36418790625367786,3.9759347457203216
E02000800,-2.1105722112773746,-0.37335712454334263,0.02240733021198772,-0.12365193033521446,0.4688129743192498,-0.04976623084389922,-0.05250421325527119,-0.04905669280370109,-0.2844287811582612,-0.24508019315567225,0.049188385521903036,1.2555315359029466,0.28043620648655576,3.1112925099718227
E02000801,-6.770298583042994,-0.08053017782797954,0.05136175517474276,0.023089027794609876,0.4649155661678086,-0.05506686635048304,-0.06961970262993056,-0.05332597619353434,-0.3205643534080821,-0.25714622678338506,0.06600328875392603,1.5056702203947259,0.3165026442056484,2.562248391963392
E02000802,-10.498707498811985,0.19131558829403494,0.07757630740405017,0.1904585909717483,0.4316417274640254,-0.05820403803870752,-0.07972077752740772,-0.056577760414991386,-0.34886634582253917,-0.25892575814103586,0.0749211572252042,1.6586578188847874,0.3487971965182244,3.022245303854991
E02000803,-14.882619058380447,0.4519990843006,0.10824256575603787,0.4104579328428163,0.3714280037247284,-0.06596651965576783,-0.09059073265613488,-0.04978504800495122,-0.41518881731021107,-0.265959732852879,0.06998962224713011,1.9174712998854733,0.3995516695144059,-3.3260551452038314
E02000804,-2.764827837770081,-0.210762305959115,0.019906706274917238,-0.15534028079984735,0.2925590465889758,-0.01567612690628767,0.0009135018274368939,-0.061171403261895366,-0.21618552472149058,-0.07787283163942424,0.08834646081764876,1.0766044561622443,0.20229240763073464,2.334308218284252
E02000805,3.405660676060923,-0.49128956624218967,-0.022372183938162975,-0.3327917695243194,0.1488495544858534,0.011881767908147609,0.06568636075451763,-0.05512666780607299,-0.12089477776536692,0.0768484547490024,0.08434621448391887,0.5682254881870078,0.11202154832976398,3.1315323027753843
E02000806,-5.414713144721807,-0.02678050036673167,0.04088316178888454,-0.08607014821228665,0.2879865344288383,-0.010401427740859991,-0.00045671319118424647,-0.062223419122084955,-0.2246232862637693,-0.09581768614512304,0.10098124172662454,1.157062915185725,0.238351128667483,2.037405031106993
E02000807,-15.93930043347481,0.11108076113140392,0.11581529979142574,0.0892113201336883,0.32287821715463494,0.17195866669833462,0.0012508882662717324,0.17373038300535115,-0.3422705731229739,0.5352313651433112,-0.04599302082227753,1.059520589294569,0.3295659922662243,9.599275171537172
E02000808,4.619259162769739,-0.6001798594971036,0.052579767670307254,-0.0034245421352504584,0.34729468659330665,0.14074492714293557,0.016584658766065262,0.26765504817621333,-0.2454668698675761,0.29047942763314427,0.006627829361683352,-0.504773276278855,0.3286470251123597,5.0831961643851695
E02000810,-10.438741281270383,-0.1467943672770431,0.07940586619832214,0.04451509730464655,0.35157728354588247,0.1363028183189192,-0.0027818843231264025,0.1973798059976161,-0.2818932173223147,0.3902553354628071,-0.014295138029817113,0.8069210291438744,0.2813957693163962,4.588376478130565
E02000812,-4.329469570820213,-0.3859954349596866,0.05958486823709212,0.015286118216168423,0.34886728715324455,0.13259675452502728,0.008133868804025397,0.2432161782774732,-0.25825456896050947,0.3032445154443956,0.005536784494200808,0.33542269543771946,0.31490369671945523,5.382817134000357
E02000813,-14.107328942839896,0.0016233251152175596,0.09405920626846201,0.06905570175163565,0.3241032638304011,0.14451514368455176,-0.007481645411158897,0.1458932127178238,-0.3065728806764089,0.45766376477204873,-0.04039986407528064,1.0999137635998104,0.27886563807270826,4.491868926995771
E02000814,-14.323843630409923,0.0775604702238217,0.10859902179951157,0.08130303603425355,0.33679676563125616,0.1718198677268317,6.76238491787379e-05,0.11010424925827104,-0.31774615234903886,0.500743673765661,-0.05169046793499017,0.9780543136610389,0.34476219959335924,3.1873103143795696
E02000815,-0.9570527310291927,-0.5398836235235346,0.047528981966182944,-0.0031931530416996444,0.3716057433201845,0.1399222953025147,0.015234518651719361,0.27751523940457434,-0.26517626506180836,0.24757155783291207,0.023311663545036963,0.05035171940363736,0.3448269279586499,6.50579771476482
E02000816,-14.683276990797937,-0.15973741311782336,0.06633752698405333,0.0342969230913569,0.34087401121057226,0.12425417415820389,0.0052536281232860825,0.15838947706338224,-0.267159235406135,0.3049764712777854,-0.024635804055659925,1.3821321343303998,0.29876929739851243,4.827404418067154
E02000817,-15.353491089748118,-0.07567597211624555,0.07701344036540664,0.05202394715701368,0.3227983253075605,0.131532692951722,-0.00039835946599769967,0.12415768181911338,-0.28576736414925236,0.3785094111148748,-0.0393497093735098,1.3850258928220152,0.28665281057842973,3.5779008085151265
E02000818,-6.566801205417715,-0.515203498021443,0.03882939751930262,-0.011900050530473088,0.37921609260435585,0.11748907943520923,0.019908424678335507,0.24912179103071616,-0.23888443610336718,0.1667310065143511,0.019681547000270687,0.7332336600483598,0.35076180765271864,5.078358532695739
E02000819,-13.564313547980504,-0.2663178201502737,0.054698274589762556,0.013824856520934788,0.36495657156536854,0.12067047676948778,0.011421428469390309,0.1896622629337475,-0.2505967677777826,0.23611219848030146,-0.0075019796361879346,1.335253701294372,0.31760578507788195,6.250457570332758
E02000820,-4.000470851616274,-0.6796420564596533,0.02295424025734022,-0.02631330863747578,0.3924951762259329,0.10027369413794485,0.030185269385314538,0.2601829990840112,-0.22945176224563052,0.07307485616680814,0.02684221753096059,0.6164957753587927,0.37693255231352224,4.898130472243336
E02000821,-14.280796744074802,-0.3886653817986749,0.0370759396317937,-0.008430605188726174,0.3706944001971786,0.1063025083074354,0.0173840859671879,0.18909881198806286,-0.23016779395646975,0.12734051112170414,-0.004939317024321974,1.5842999111051048,0.3362363607943128,8.077871991849264
E02000822,-11.288330418780882,-0.5202291123151397,0.028268835118085905,-0.02340680235103054,0.39096153173456005,0.10237544302752116,0.022767253395886332,0.22194568062463005,-0.2210174375093558,0.09021001569908985,0.012818581502582662,1.3323513971859595,0.3538167897809489,9.020886883828831
E02000823,-10.408011648493734,-0.6557374327136183,0.012885293717712036,-0.03571974126011535,0.39209469762746707,0.07933557962561652,0.028899401400941615,0.22076154502351078,-0.20010920093999068,-0.002368552195134599,0.014611445336687158,1.4091685876924596,0.3703931101400647,6.953270480144861
E02000824,-17.9707958022517,-0.2902245602456626,0.03916399101584596,0.006319698774111371,0.31961463080007335,0.10075953559964901,0.011791431983569831,0.11068232041076695,-0.24337831961390416,0.13564471797938282,-0.042346112778516014,2.0382990465957325,0.3165071989070496,5.0006301643243685
E02000825,-17.220044507891274,-0.5431258847718154,0.012480651783602616,-0.02985943968787812,0.3496095956695281,0.0780214339113891,0.018828705653110376,0.14473304062790332,-0.21349290166635143,-0.03080886260428191,-0.02655439866434718,2.2128883788510954,0.34580575304555694,5.2043969936709455
E02000826,-15.738251786904454,-0.6798490858612689,-0.0019434673847405753,-0.045596187241555945,0.3731248630071446,0.06542400384468401,0.02311060099678898,0.16651873777159867,-0.1975241428420097,-0.09019055940445975,-0.012514065541597213,2.163210273681166,0.3607175431365312,5.307999210952202
E02000827,-13.156592018779827,-0.7588241854570547,-0.018192811105181797,-0.04841872426902863,0.38388513868707463,0.04791164728247622,0.026434860535612136,0.18178533779912792,-0.17859452862531733,-0.12837448604905471,-0.0017197401414373143,1.9630175796625189,0.37484012135624056,6.63650677223208
E02000828,-18.574445326024048,-0.512217879717543,0.011316158970717232,-0.025508029007345567,0.3155235520018458,0.07355350813392779,0.013060815311827997,0.09063426129060298,-0.22394729040198444,-0.03649084387633965,-0.05422409638157661,2.445799880257301,0.3288103406422599,7.441425634130617
E02000829,-18.797561348960766,-0.44495742050883846,0.01828270507844932,-0.016576643238013805,0.3026294778883699,0.08007258091647369,0.008678535923240471,0.052203043417614337,-0.23811996438972546,0.031861571565068726,-0.06894864441812144,2.4369969422767563,0.3148550827657702,3.750338426065067
E02000830,-16.135780345451806,-0.8255741035837159,-0.029652477016756128,-0.05796646350098061,0.3422518174699996,0.039460442140936566,0.015492114323029098,0.10879589047135022,-0.18841120557889002,-0.20067387716669605,-0.042218443575313534,2.5274069418781933,0.35240702450009076,3.885261993423198
E02000831,-17.189387171162927,-0.7578383416653315,-0.01489315048597889,-0.05296420679132979,0.31864105992136105,0.04877255101270484,0.011908126058032657,0.07034573474069047,-0.21007245772189326,-0.16331812234519205,-0.06373217607090093,2.624988204026434,0.3363009314673575,5.214819459047703
E02000832,-17.01543675797905,-0.7316474828026001,-0.009892601403647375,-0.056120583906442534,0.32435645161011967,0.05241198665518082,0.0045609273126453985,0.018036861629589864,-0.22802881812699477,-0.11721159106894485,-0.0874857564464103,2.6513032212378036,0.31769257881528434,4.2891449151035275
E02000833,-13.289392331816451,-0.9003393055037796,-0.06071462116954224,-0.061247491785026184,0.35250811562332335,0.013616184951209047,0.009174083181320535,0.0684508134942518,-0.1751848644893703,-0.27198607670766717,-0.05599994853616413,2.4292223343993755,0.3443023382258727,3.2288351558117476
E02000834,-13.142349779786095,-0.9287774380410727,-0.03189363357848167,-0.07712296231879727,0.3566912045457693,0.025113501671795258,0.0035104684823218657,0.014865808132264497,-0.2029349990566052,-0.24017336008576923,-0.08227692282209234,2.4832617083627424,0.3209994397472938,2.355824208546462
E02000835,-11.649004406956301,-0.9128981969624939,-0.018575475405206016,-0.09123222981815368,0.4117071308129676,0.03130512732965299,-0.008033119638680978,-0.038066870258851686,-0.22278200608608562,-0.17240959214331297,-0.10574277747085528,2.358036731370802,0.29964694355284494,2.749109638618137
E02000836,-10.660503561901466,-0.9626160693953708,-0.04478085983699143,-0.07237758801582694,0.3725674690991947,0.008790821102429049,0.003395509760441385,0.012041348068933064,-0.18885161021463492,-0.30086020969162486,-0.0755761814345307,2.27942492358169,0.32398549744344396,3.305080572538495
E02000837,-9.964761102764214,-0.91901647999844,-0.00918651754713937,-0.05658408477709544,0.3623258993019408,-0.0017036337110570006,0.0031367111124775172,0.007958436434146126,-0.1806692196338012,-0.34611586104608116,-0.06778284431106316,2.1627294155743138,0.32498075646844304,-0.3417379292819067
E02000838,-7.671744298272154,-1.010341264654004,-0.004152145910092442,-0.09396441988697347,0.4373893436206253,0.00478592887691285,-0.007036215618336164,-0.03656142872609554,-0.2065518958479412,-0.3068610357974141,-0.08951525977360834,2.052889546108612,0.3036330900965479,3.8863410810735237
E02000839,-8.393647777400087,-0.9360454336212989,0.08865788035525377,-0.08787825478425602,0.4447350614360359,-0.008535600280766747,-0.00658629027617115,-0.03536892691207506,-0.1841643313531664,-0.3389657028694061,-0.06769758282009582,2.0382821478074935,0.30549738618725664,2.6094555937453103
E02000840,-8.616615778946288,-0.19119403248143232,0.2244006189120581,0.03634044007902957,-0.15636574659708263,0.03281848164979106,0.08353159394082912,0.08532941348246574,-0.05500894416578457,-0.27114838100507876,0.08812705901111295,0.8305367816466207,0.4278464212542514,6.270260268264089
E02000841,-6.061781036263012,-0.12398826082121445,0.20867982161710125,0.018532178858627638,-0.06433335950690608,0.041316117848066186,0.09882386368141313,0.05604125272128886,-0.048820404304687016,-0.23321470428866392,0.08305715379349116,0.46954292735255193,0.406546663973548,5.879113519284924
E02000842,-2.602067565840959,-0.07557721857535837,0.17059559226748028,-0.012648099287550361,-0.02044020520615855,0.05625734630997502,0.11637313334845115,0.02443938350990378,-0.03077476871918412,-0.18400268486546,0.07122766626505646,0.07647585142730862,0.37025038073226685,6.566021369091769
E02000843,-7.573926308984833,-0.24321316985199698,0.25906275619981634,0.047642614602092556,-0.24009391576189207,0.02808884400461469,0.08144823784284044,0.12669376429808865,-0.058784309292376685,-0.2958891132258911,0.12737280734288625,0.6872995757422364,0.45851279673349704,4.6252901012090994
E02000844,-6.927566447638938,-0.1881902329458271,0.24674604696336858,0.0369146184465209,-0.15375994435791263,0.032878194678005304,0.09077336686582184,0.10101896437431383,-0.057215072345981964,-0.2717877228924913,0.1195169157208042,0.5585554313255685,0.44182128148936967,5.312118828000523
E02000845,2.101914806056482,-0.09656840826426578,0.10849915946355781,-0.06478888592405921,-0.0337039575396231,0.0679198946097387,0.13206311882434643,-0.0016955702426453834,-0.012912000791980016,-0.10281965362044251,0.06018860752711583,-0.30154524988426645,0.32171066200050874,5.478884573209436
E02000846,-5.042433153559016,-0.10880149176274206,0.21232270128282793,0.011806673232954965,-0.05545718405958028,0.04611075834768008,0.10669025210371931,0.059072712518118374,-0.043740883556122136,-0.22335703204421856,0.10254600258326652,0.2996932055792764,0.4057609670657599,4.828601504439219
E02000847,0.870953975830691,-0.06253988472501501,0.1315499710979981,-0.045172240002316594,-0.02345159957748244,0.06941889330248735,0.13161770399712977,0.010262427997319558,-0.012904982243866082,-0.13499361999295476,0.07569497329673544,-0.27985799693253444,0.33868987517107924,2.7205255559355708
E02000848,-1.4660679924837483,-0.058346393630272164,0.16878165150947172,-0.02190373167849592,-0.02498189393279554,0.06404131946531055,0.12554665252091587,0.030637175240783215,-0.02049345301223615,-0.16446440817926353,0.09821958748124487,-0.11073022920975403,0.36595831208029733,5.697863624943824
E02000849,-6.196279261703623,-0.3241290114002894,0.2815750685688563,0.05093109284214123,-0.3079006111079595,0.02194787466790423,0.08024515737851151,0.1549412867848592,-0.04508368356127253,-0.30329174345782856,0.1517473786442654,0.560857144673633,0.48240351180090857,3.184585747547616
E02000850,-7.3490127746263365,-0.3682249188873608,0.27276175049004364,0.05154290543688611,-0.36820892487842893,0.022389988088958063,0.06648464799303781,0.1766407365924539,-0.04087830090432823,-0.32060980583699555,0.1510513287428654,0.7870395395793468,0.4889194514601893,4.549422359081982
E02000851,-5.420746338925731,-0.12201105072007258,0.23357239236020783,0.014380206912550507,-0.06852842127647296,0.0452794203623281,0.10998065105687681,0.07832878489821216,-0.04483276944343482,-0.22641790842787604,0.13021862374759646,0.2834867106816224,0.42048248485471273,4.1875835388150655
E02000852,-6.055350235066821,-0.16393012472594365,0.2500917552025267,0.027053507571758055,-0.11106814102743004,0.03744888637476915,0.10191756026889638,0.09680234823430117,-0.052822264468893154,-0.24933020773467518,0.13579477674191276,0.3863161639482597,0.4388601926785196,5.538027027566981
E02000853,-3.86976515487605,-0.08162203268028963,0.20537940561129642,-0.003268622268404667,-0.03514314356754217,0.055292487362591604,0.11903347122690533,0.05572200799788316,-0.03225739836200455,-0.19470625334087271,0.12068932800090049,0.10596709701597082,0.3951035053439244,4.532514580814126
E02000854,-6.031930143345328,-0.23397894724089288,0.27328684927785085,0.038462169115740796,-0.19102330543058516,0.02991855906120021,0.09552384358897337,0.12489696889026879,-0.051231284330970156,-0.2700942461059308,0.1496119580467607,0.42027140625223686,0.4624382359718389,4.0984885047654105
E02000855,-2.981614222413981,-0.07124715229049519,0.19127349142252018,-0.015370470495134757,-0.02167044879663077,0.06028500962852022,0.1259833516990476,0.0530867227614056,-0.023864788310233774,-0.1682188539986778,0.13367057669502583,-0.001023339167040671,0.38525959257514697,3.650161776665214
E02000856,-4.572723924004037,-0.4014757219534033,0.3005836869018059,0.045782224297534715,-0.3514951391156484,0.020180932581746473,0.08434769055715371,0.1723689992835965,-0.007828211943444196,-0.29693072582528496,0.16952633340660342,0.38025733234447656,0.49734931137373495,4.981122064964907
E02000857,-5.236853066595229,-0.11171440797144629,0.2345547446866384,0.006696781049776453,-0.05118925797364393,0.04929651941893379,0.11777254034282011,0.08054122666567368,-0.03928933964777137,-0.20735707766992242,0.14624346359185228,0.21457416964997084,0.4185610260190216,4.286215027495133
E02000858,-3.733130808758811,-0.4847565205465605,0.30818847330644883,0.04297436048454387,-0.39322636155592244,0.016810680578298542,0.0759502983911026,0.19893213942285998,0.026386982828087144,-0.30546940788185245,0.17501585215998705,0.34982310116494675,0.5155077467336967,6.890779450067233
E02000859,-4.742335055660137,-0.345896048540208,0.2979483478760033,0.04011953452398901,-0.2900032449157335,0.025327659061936732,0.09429487967663744,0.15623398918406908,-0.01645319384570905,-0.27823715789508574,0.17032101471596828,0.31806232986266975,0.485682007608349,3.094397459997081
E02000860,-5.724661643209807,-0.15094939964313922,0.2540943871340538,0.015549003397866294,-0.08228525719405089,0.04330267598241022,0.11431683742729534,0.09805176975639483,-0.042317314525969575,-0.2208370944425603,0.15727976945391967,0.2721919527452386,0.43642420553518746,5.52497323484525
E02000861,-5.530999917314087,-0.21886807567470323,0.26828586959999934,0.021467242172146718,-0.13302330424457276,0.037435798214161084,0.10978551155783683,0.11787948464539455,-0.031210346801642447,-0.232835987292632,0.16831753826068752,0.29284527156227774,0.45422606460461823,3.833520844217139
E02000863,-3.7928838076705294,-0.39743095218977376,0.31016431022417446,0.03165343243817267,-0.3068441499809075,0.027073206348467337,0.10124730122517671,0.16768488215481497,0.020646675790390888,-0.2626942235040785,0.18695625061650648,0.18708101445459024,0.4933626102780582,4.774978582504422
E02000864,-10.091111750004485,0.5657305096798675,0.2041635363827783,0.10251923246587344,0.5178649171117619,0.22219499669046272,0.234304368118356,0.1488393574397622,-0.3733698763694797,0.2689219114666039,-0.10353952446109616,-0.2990384664992414,0.5708732771379892,7.999150020435322
E02000865,1.5725163163609626,-0.15048852092886467,0.08814447170826567,0.018285757915745847,0.1586099539251917,0.15768935944133572,0.09284209105004326,0.17809059460497817,-0.3474535572874273,0.5040063302533396,-0.09320752628248932,-0.3693293798475328,0.3454454016961247,5.6860148262989885
E02000866,-10.775331791770473,0.2833686829658124,0.15339747469013068,0.08194060009447406,0.3985962057503159,0.2152082954519799,0.16892931817990853,0.2376420915522469,-0.4331670352980544,0.5516012667088094,-0.07942768370623085,0.07930445623048943,0.4821422289520645,4.659057840362722
E02000867,-20.188738385151698,0.6012450061948797,0.236444461754233,0.1460566368448884,0.7805150523110931,0.2423469813167317,0.19817519725661542,0.2016645935427528,-0.4228665936366229,0.43455606433068755,-0.07856304443929152,0.3420347791248577,0.6013745503510866,1.4400507108759175
E02000868,4.621099146061356,-0.34534989073522815,0.06269715972475184,-0.008902931873372714,0.10723998455674358,0.12248359274277498,0.05005258700746487,0.14872771426907733,-0.28593795433573893,0.43824856372403004,-0.0938191311896897,-0.3313029474396101,0.2712478926667088,5.854482889435603
E02000869,6.237696023895372,-0.52688073953014,0.04000179007633675,-0.03999030581468446,0.08227142284784872,0.09032388278260663,0.02962767111778998,0.12232299515100226,-0.20761666531576867,0.36446450488146387,-0.09383820778824847,-0.20679813833273197,0.21202552083809875,6.86283420109859
E02000870,-6.297589691030209,-0.011643814510524111,0.10736718376815572,0.047947325878382366,0.2454758940909192,0.18024635205764322,0.09044224208244916,0.211895195978279,-0.399946886868167,0.5779854754103982,-0.07534063703792739,0.15669788177891997,0.379875726777006,7.029911263271784
E02000871,-27.250929859656218,0.613119704010644,0.26617964512865533,0.1782966274108319,1.054389272221253,0.26201582156423564,0.16963211237401912,0.21863112860653644,-0.41247786727415703,0.507264003803479,-0.05831623961984447,0.7178017247064147,0.6343903258540123,13.574299049966632
E02000872,2.617978326611772,-0.45030974196269913,0.04569097632935136,-0.025045983669444345,0.12716493339421342,0.09889980151699718,0.012225165239733854,0.13989528651493355,-0.22276480867729354,0.3949538755289388,-0.0785243765674335,0.04850078076309283,0.20082137975405853,6.389241498232993
E02000873,-13.046471820119956,0.15941427201232056,0.13703415988065265,0.07962929954944677,0.3624666512113488,0.20680452657198417,0.10737223548565586,0.23990313896449103,-0.44558788795218773,0.6282255538912953,-0.06518337772791842,0.4861651860626559,0.4415952311209891,8.382248988475279
E02000874,-5.303250783318014,-0.11682742986896709,0.09074385965521005,0.036526215965288544,0.20810220575615385,0.1605216488396615,0.05216668826673217,0.1969198276633836,-0.3629406681400061,0.5469253576449041,-0.07105212168550583,0.26582400726961564,0.3273252000324061,8.669986286692213
E02000875,-25.224440842849017,0.5445452564495208,0.23629475120566215,0.1608305842556439,0.8372644184025111,0.2581496402300954,0.1539493736012058,0.26303625096238253,-0.4448040458737802,0.5925854729728093,-0.05443760375585235,0.7364623907104562,0.5985940614344972,6.175025424270544
E02000876,-2.79615509750304,-0.23418879210102267,0.07287811802428587,0.01821274948126542,0.1796944544389709,0.13729768581303806,0.022454847470587243,0.17650088174033193,-0.30998221231585416,0.4949800757784241,-0.06931587932662714,0.23521685459123787,0.26783661453649077,8.155964575511083
E02000877,-22.121424311082986,0.40075762154772365,0.1930303285935756,0.1330019032358599,0.6049214618822267,0.24187341112201505,0.12263222608882102,0.26434867382776767,-0.4623475429218221,0.6523200521128428,-0.05313121689070076,0.8233316369323179,0.5384246929577565,11.045691822774241
E02000878,-0.0072517019893416634,-0.39658991299383617,0.050166862176415736,-0.010884333153576165,0.17928412693065607,0.10469115940453358,-0.003696801211632711,0.16093173657423193,-0.21600785022607455,0.3909739413188905,-0.05718245609759328,0.20500226277339495,0.1895420753950171,5.785246746770198
E02000879,-12.661577861729441,0.0068157582784765525,0.10767891173780432,0.07066915718909808,0.26212020097381916,0.1707299536830321,0.02927527803640665,0.22190934279571978,-0.3815932746635378,0.5832488887405763,-0.054933766575515824,0.8134033932560587,0.335724942502666,3.10454294121182
E02000880,-7.599725931950616,-0.14095296824309803,0.08433805685994335,0.04199535930149935,0.22115599757470905,0.1458091225002709,0.008486872296423986,0.1973599623692432,-0.32795217788522535,0.5226615359057027,-0.056201740386034545,0.5728462546185487,0.27021287775011965,8.939644290266955
E02000881,-27.560313663407364,0.5796334505310291,0.2647352614394667,0.18338896719240014,1.058493615797611,0.2747228299476356,0.13911022100892198,0.22146297734998288,-0.3845884034999042,0.5614872381020812,-0.04882981436172548,0.7146004058167155,0.6417501161306755,10.668947114164725
E02000882,-17.862311960519204,0.18376016946348045,0.14195577460194075,0.10001232629275555,0.37806317617915147,0.20531818786802047,0.06423218143900457,0.24283590163751848,-0.4265818227327843,0.634521737266102,-0.05237643852096704,0.941833721621925,0.43189274329495564,12.403201052449322
E02000883,-24.778372907690645,0.5306718469698033,0.2452950590540011,0.17242778565555403,0.8918621794316701,0.27168776099389225,0.12242217331228963,0.22563047754933463,-0.3896874893952822,0.6010300017592685,-0.0489527943431162,0.6093983197333716,0.6211117848924931,9.578685706401847
E02000884,-3.7337032649460076,-0.2509730754216867,0.06855038197473061,0.022508597186270785,0.22906167894070992,0.12263212221650285,-0.015060567389835886,0.19061005639969025,-0.2620685741772794,0.4345787086779515,-0.04375310700032609,0.34964238453437957,0.20646891857194766,5.968338965818233
E02000885,-10.958497610420624,-0.057202876033858596,0.0949786392961397,0.06116866824969383,0.2557683343704155,0.15044834811459246,-0.0034719273632985125,0.20910048458817418,-0.33707691683603613,0.5311482614580151,-0.047056680426780455,0.7916963519582781,0.2689483791382877,5.583676455579788
E02000886,-19.61139283319398,0.28899210744701176,0.17099248961477734,0.12077947778407983,0.5036285317769503,0.23017162772151628,0.0724573401080061,0.22585160736277113,-0.4089581376004334,0.6308079824619217,-0.04905181322793502,0.8225337371980775,0.5011867790265947,9.368357087461014
E02000887,-21.658173490908702,0.43403349645154665,0.21284903745716316,0.15116369443512104,0.6917213859977718,0.2580375541665391,0.09903617344905243,0.22255350166105234,-0.39983025306597364,0.6290192162499157,-0.04861163562313617,0.6071012578469872,0.5772446002021099,9.241842249359804
E02000888,-14.07575569196629,0.028798684838088548,0.10924022508623349,0.0765582808339503,0.29590417297102506,0.16676184753887988,0.007044453406855172,0.2126433713598495,-0.3543351866764751,0.5559402683628524,-0.04628524793307551,0.9399013557538969,0.31565450711382625,9.233931031894679
E02000889,-7.247693093798441,-0.15052426681297626,0.08237732431108573,0.0443816448436679,0.28953063794494904,0.13437776345248564,-0.015580384120835587,0.2030299948638544,-0.28896847111201485,0.45151999636411977,-0.03304213044202482,0.5260681339334209,0.2334976251136583,6.305599894289173
E02000890,-6.954660650378737,-0.15433289679369816,0.08249669979141253,0.044567820041842336,0.30409045190311473,0.13462122971388799,-0.015138203913074296,0.2049605348017597,-0.2847209196405356,0.4386230217423804,-0.027983198933479114,0.4818411009979839,0.23876055245003894,2.7059978402267078
E02000893,-9.113103750609719,-0.13559847209813414,0.11880833870903884,0.028087535735737267,0.6641393720782052,0.227662654558149,0.03062931288104676,0.007649184317137042,-0.20673030382009716,0.5136988709842136,-0.05863120193605378,0.2804544525238545,0.5270457063424121,8.997101684880821
E02000894,-9.142072919898952,-0.14158831893869794,0.10238830176851137,0.03658932403544472,0.492391463400399,0.2017107659524923,0.014828049669808701,0.017333076497885708,-0.23538684004523763,0.500579894420192,-0.058498268030447345,0.4914984165279908,0.4569937544829457,10.608600705765248
E02000895,30.47226405010915,-1.0294206336135883,0.2137763197862531,-0.12131603806339034,0.24127029143621165,-0.04887053252052921,0.15277293226954172,-0.10572444248979976,-0.27988931322241534,-0.6264535070083602,-0.11448511388816922,-2.210067452497081,0.459457410773925,5.851230831080088
E02000896,28.255403848711225,-1.1696264314226137,0.16964006807270374,-0.10056703504635159,0.14109491300105084,-0.053361900283760394,0.14099722964849992,-0.10056348574528245,-0.2839949010129079,-0.62046455772394,-0.10858944543092747,-1.7254262710477961,0.46323409714478897,7.264931925601985
E02000897,29.640081553267493,-1.483842864129909,0.173781403383156,-0.09391799977050744,-0.04239639211084427,-0.03990948924507147,0.12725927045967989,-0.09513543170721274,-0.3093506957054055,-0.6389661006228103,-0.11792038401506663,-1.5945286490802937,0.5053075157989421,12.117954026014338
E02000898,34.78448054526282,-1.4111703543101024,0.21493382217360762,-0.12599524396766323,0.04917273228180523,-0.03336906138599683,0.14067313396074338,-0.0988951977567285,-0.33081992597277254,-0.6653443137016329,-0.12045427368294434,-2.343542885449592,0.5024576904328321,6.573824343724958
E02000899,35.757480522656124,-1.2762769447004756,0.2629482453503999,-0.1408897590397325,0.14572307156052017,-0.02757520895714488,0.14209225269052525,-0.10020617330730008,-0.3328872748192438,-0.6568533354259573,-0.1264094436854298,-2.679179297315528,0.49781951011737646,8.58097224260002
E02000900,35.55713061780733,-1.2707777550131445,0.31285509485417334,-0.14347612005776975,0.13267329980807327,-0.009783625121640518,0.13176543596059842,-0.09468599797927464,-0.3490112596025797,-0.6381309737312831,-0.13634121089183693,-2.7676070056782898,0.5112076893632647,5.564264883119321
E02000901,30.541352261280814,-1.6940363812217747,0.1881287939453033,-0.0950681271692837,-0.21237552878440946,-0.011654573989236423,0.11872434802932147,-0.08690111277611143,-0.32191324288042733,-0.6535762114453212,-0.13067603566288571,-1.5621192180900376,0.5430848014096844,6.156621897347097
E02000902,35.28237254560851,-1.6676353092441225,0.23916939352015354,-0.12420352046408087,-0.1427748701399888,0.002542943152788954,0.13123547906884475,-0.0872230415947052,-0.35877645310268447,-0.6710729383312948,-0.14731178553755334,-2.263532710120515,0.5400040960379153,10.25697008433762
E02000903,31.896891235242123,-1.2300948112638104,0.4042867016547702,-0.13689257790216824,0.12122453135444276,0.012642127262317178,0.11552805972536395,-0.08358164355426531,-0.3801910650107392,-0.5954536166503805,-0.16364633665509085,-2.5726396849200746,0.5278455041771004,14.525844745978837
E02000904,28.613397324146707,-1.8135860319794663,0.18819733537576808,-0.0981899845194818,-0.3940529979627409,0.02716968324226559,0.11154457429162205,-0.07486232937553097,-0.3158143386589207,-0.6522000687283869,-0.14590126270242587,-1.2736471606903985,0.5719269675381542,8.905357757856105
E02000905,33.75581497714418,-1.6226499913300136,0.2627679072716503,-0.11624902925205989,-0.21944365300134966,0.03906363786107192,0.1313994212714952,-0.07554671258809628,-0.36766568560096036,-0.6501441527882474,-0.18380171304687692,-2.2357083935708006,0.5535085753302126,9.673478421046479
E02000906,32.52610375779757,-1.4266824462396057,0.32972213905012504,-0.11647124370945264,-0.11340355631648448,0.04456582967390107,0.12840084622314066,-0.07344116272325421,-0.38918690302655934,-0.6205431092126924,-0.21073722598612102,-2.3882693990700457,0.5417025953091278,14.08341748729493
E02000907,27.92573903235263,-1.7776676695073337,0.1953595367223465,-0.10440821027902626,-0.48756087803989934,0.06959076383873855,0.12330891271720602,-0.06330609701640709,-0.31925238746276463,-0.6489186192456957,-0.1807624545140111,-1.3155247752947115,0.5859462816081041,11.86637631296814
E02000908,21.51915122402139,-0.6891527435129776,0.45842792059174375,-0.09660328597364858,0.1833588088979036,0.0601376980857435,0.10212112883205264,-0.04356437010894583,-0.3874198509917228,-0.49322751584562075,-0.21271140944249003,-2.019186314637399,0.525729696361545,10.88340793530563
E02000909,23.328231041230346,-1.7434574957278521,0.1719993017453441,-0.09330261602365517,-0.5915932844769678,0.08211729827693263,0.1089877022002609,-0.06053584684386115,-0.28434515669273164,-0.6415366738262103,-0.18442665862426608,-0.7468826265256674,0.5967661807256491,7.173280499918505
E02000910,30.55835655169612,-1.5706025431712214,0.2318079980085702,-0.10337472866925983,-0.40419987446709615,0.0850047208741794,0.14542352406389003,-0.06037493661201364,-0.34890033520204655,-0.6248825922785829,-0.24081313022229817,-1.8981673644968295,0.5721811409952634,11.403574040283122
E02000911,29.121710133431446,-1.175915284062569,0.2905815826647372,-0.08665447429155032,-0.1777830347936936,0.07950375283977097,0.14119527164738727,-0.06340999375743783,-0.37348714385457615,-0.5740326939401033,-0.2665546006030446,-2.1869277669363485,0.5483367393123292,13.237917221416115
E02000912,25.644973546828403,-0.5423139013457607,0.3060810798306757,-0.06767835104093953,-0.03284484288344178,0.10115110222245349,0.1396525982837268,-0.03195385861900791,-0.3493200885250898,-0.4362292221225612,-0.2978499084911036,-2.322284528290151,0.5189325504314619,18.261681560056065
E02000913,21.8443513521351,-1.5457887782392994,0.16546538219079748,-0.09004746371628414,-0.6505704300892903,0.11884994220752826,0.11844297825372407,-0.054637747715897106,-0.2610894500111041,-0.6296770739064925,-0.23713503082115572,-0.755652111558061,0.6064687280886996,16.18832401364258
E02000914,27.69649551479374,-1.4291831210114165,0.19418693720402952,-0.0981577062431851,-0.5088646281187763,0.11865615869813147,0.15779255363526815,-0.05255511402118515,-0.30872925695310083,-0.6168399422385851,-0.26988233979801063,-1.6334264358743664,0.5899594785562029,15.344964831329136
E02000915,14.900244422619814,-1.465435292279807,0.14925653224077856,-0.06673242473253356,-0.7214153108398145,0.1168653185339539,0.08319508772130049,-0.059771150305386225,-0.21784164192790728,-0.6044951646599245,-0.22072947668590623,0.06110420941191386,0.6076517361269501,8.994277409802422
E02000916,25.096694152481554,-0.4546768037107932,0.21567647175625163,-0.05859698009229762,-0.15373623946060125,0.12936106986503126,0.19901137033535593,-0.03780207218710849,-0.31084810445467836,-0.4353530320629908,-0.29238758784479485,-2.2503185861843065,0.5344845149724824,13.517124598673526
E02000917,18.054940093619877,-0.9055996692663373,0.1846363313062728,-0.038266232697447645,-0.38316864637589704,0.14852366303574274,0.16126112631009298,-0.050642147607783565,-0.2987413513340657,-0.5513168733074547,-0.24379262373573612,-1.1239079692469667,0.608558076616793,9.768927850332247
E02000918,5.767375651842009,-1.0512589360611184,0.14956344198334073,-0.017209014753642872,-0.5998301860339748,0.14138521555257863,0.0723743299434348,-0.060054664615948494,-0.21948813808800471,-0.44244049670466035,-0.20727464260986628,0.6097282842083005,0.6096677580222649,8.277758866746801
E02000919,10.51942778483599,-0.6610585139368736,0.18293676024794603,0.001934217082035103,-0.2937622402095834,0.16216356030473586,0.14759730316639916,-0.047687166268971036,-0.28635640605678914,-0.4581477748122348,-0.2146768087040131,-0.5917184459800815,0.615586665826281,11.70234504321505
E02000920,10.398357322161107,-0.11699529799302522,0.20647351795258914,0.012861317639238319,-0.01610791794691746,0.17720533654794646,0.21512074904429002,-0.03333277326497208,-0.3151938338582165,-0.41061842224651046,-0.20152680095807857,-1.2418509538467415,0.6031208470926199,11.045810923842293
E02000921,1.0891462946578159,-0.4213418559813571,0.1871696062314871,0.04941312861158092,-0.1293577875812751,0.17473436084051763,0.12676373159440826,-0.0387088337362763,-0.2797820329161796,-0.30318013155724605,-0.18317607634023197,0.07712083756441457,0.6197583844381913,10.544049851544507
E02000922,-5.813896188306192,-0.5282815973505232,0.17341614129255237,0.060775501876761825,-0.1776771031342095,0.1699663567666762,0.07712982814182953,-0.03988500112547476,-0.2555524085626846,-0.22178894921177558,-0.17034847009279735,0.9999604392397359,0.6164658405632172,14.188230244369919
E02000923,-9.093162910415499,0.025304947359692687,0.06455722681585006,0.1911389507847202,0.27432917041486377,-0.028539207800115075,0.012966065478087103,0.044868736371496035,-0.15304654929255962,-0.12217112254588766,-0.09559765494660788,0.9914638700761338,0.4439809757407365,2.3123982895693453
E02000925,-11.314814183258392,0.035879014061283354,0.04171881878726606,0.19488623742895275,0.2213678371444011,-0.04514977522236371,0.005710690365570238,0.036271443343843274,-0.13036140859761536,-0.13070486635670311,-0.0831476757242641,1.3097199193002795,0.43250622843786174,5.792043713021579
E02000926,-14.657618683929396,0.23483511070963947,0.03699340359149003,0.22343995301091676,0.19268769890511755,-0.04650099627889467,-0.012112314686614938,-0.0032492258340324903,-0.11359208742824362,-0.1238586202270934,-0.08799900319089606,1.5666953734332716,0.3901476836630253,3.7222789393452516
E02000927,-11.398585928349513,-0.15350782638308424,0.018203971205479137,0.1557045540368159,0.16573567334317302,-0.04808771561649908,0.01314404527877544,0.055463819800230005,-0.12090512313738053,-0.15694060181828307,-0.06549475346685132,1.5292543047620444,0.4309943140406756,5.185422549916588
E02000928,-4.8260914829125925,0.28111275779207034,-0.030437296513897944,0.037031308382047205,0.24121786746662727,0.08168444974156501,0.05740436903212899,-0.06466376014351864,-0.10310834003271295,-0.1498871065016917,-0.00047139034080022346,0.3825854445259322,0.2637629964821943,1.4215204973736388
E02000929,-15.142834391635969,0.1833105315006862,0.039819442675835086,0.21617064012752063,0.10718953782635444,-0.054567418945443674,-0.008998762330660097,0.001469918489077543,-0.10016581879644801,-0.12650491560609473,-0.07141203283493949,1.7056996933577708,0.3720970078786791,7.540093974008265
E02000930,-14.84881561179715,0.04361067042538591,0.039604647304123455,0.1958007475232308,0.11686533831973249,-0.058606048733201015,0.0017835171379484427,0.028678399939606886,-0.10842021795964434,-0.142958785541546,-0.06553389139584129,1.7690962111758208,0.4115168311684048,2.6539701359244017
E02000931,-15.94743430394793,-0.10031326641491645,0.04162647383758681,0.16397351732481255,0.07067325401871091,-0.053842962617777046,0.01298577729560007,0.04849771534148295,-0.1076430404496336,-0.18229777894478907,-0.05359519753504108,2.0141848726039737,0.41495753091679305,1.4520862403143884
E02000932,-8.727676610093702,0.2237852121307187,-0.007437670806308268,0.16916309595651452,0.0569138510267769,-0.005915908538912168,-0.002542433355735706,-0.03226703728058277,-0.0892094123306275,-0.10128520650944675,-0.04742789497383322,1.0105704894906338,0.23899059182790894,2.4350196559261956
E02000933,-1.9973648979338048,0.08379003988739908,-0.02173920148871128,-0.005196824101695304,0.13994172687131567,0.05498566175635128,0.05381333866583925,-0.06467257874404458,-0.08868110874386789,-0.16185040577909138,0.016236955718662047,0.3508689120634245,0.2236889799609131,2.0531955769697525
E02000934,-15.388787118358726,0.1351966522438911,0.050941936335453304,0.21139434706512544,0.018141128289313538,-0.05719869957082767,-0.0043131575774395005,0.007462458898572319,-0.09106366213712341,-0.129766032419183,-0.05828872513504321,1.7934050720600792,0.3566042867990449,3.3954211710752897
E02000935,2.5361597942546474,-0.22992747737324382,-0.01514748520350539,-0.14881655167514357,0.18673565206877382,0.041539549186187325,0.08016632440619541,-0.0731031501579481,-0.10344969815977176,-0.22876236119211035,0.015317407038193762,0.24512048783828322,0.250128725741107,4.311523199517788
E02000936,-4.321165741809441,0.11374950637231188,-0.0027198225584413867,0.09834254142204664,-0.0004844796012087038,0.008915968628091232,0.01713256907217579,-0.04476408581786504,-0.07705361662083257,-0.11330082199011968,-0.012515349388289205,0.6462309473926291,0.17774023069059838,0.5925458207939496
E02000937,-17.8145955979269,0.016397137326203903,0.06980225320691841,0.1857009831441715,-0.00618500658724612,-0.05424598571540923,0.012787783927591743,0.034999210153743354,-0.09457306833696855,-0.1862173879830123,-0.04870406876481725,2.123423772660153,0.38481850431732545,1.789065643042516
E02000938,-0.4208891123957441,-0.10356239034178993,0.021133102486367964,-0.055332610489235975,0.03485008319647476,0.02354139243352253,0.046371368013343954,-0.058959081066390646,-0.073426456681596,-0.16829430541142185,0.021405934888612796,0.42257279918902274,0.1759365515523892,2.85513538890524
E02000939,-19.455769680485744,-0.07201763402232153,0.06618238175604718,0.16383892077931939,0.02177103232349624,-0.05037814749784335,0.018749612990067194,0.0524695960423576,-0.10211871816615224,-0.21423101797531788,-0.04570843138201085,2.356733797310577,0.4040161909952682,1.9104903662442965
E02000940,-10.599172023400618,0.09936981818398521,0.04160454434970798,0.1894856984990397,-0.06640908472401677,-0.0390598327673747,0.0029517502273030266,-0.004602794496524508,-0.07702547417264768,-0.1266187294402698,-0.050180986428988356,1.331073915714401,0.2791497607757875,3.4711594135290706
E02000941,-14.660505758620715,0.08251830898598148,0.06157659739518928,0.20021483917045388,-0.05035502960832321,-0.05205638116605688,0.005365990535788592,0.013704328990727314,-0.08268818207013193,-0.15419824406245322,-0.05139501908201735,1.7586561837207397,0.3382817872495907,2.8431327310937995
E02000942,-6.367387280134291,0.0686791849675982,0.033790770361299266,0.14413664740508003,-0.0798806424211777,-0.020910400505245196,0.015057845093269314,-0.02360106608434386,-0.0696302754473521,-0.11935949729682133,-0.03574333883234396,0.9088443829860272,0.2132452662276566,1.5032469976019414
E02000943,-21.354804806846737,-0.09799857197657802,0.07389498016598146,0.14754642912860252,0.030432715031984456,-0.04154641112755537,0.025843907494454036,0.05944152540720875,-0.10407168511438142,-0.23603839596035026,-0.04287826286377983,2.559630157046432,0.3997917607784847,2.8698665349619112
E02000944,-3.3888231239644533,0.0011890686704214837,0.03954238456265888,0.07656807988446136,-0.07459069101979607,-0.007347514445965153,0.030913894474348225,-0.03859280493962123,-0.06358134148115721,-0.12403974188408379,-0.015542135663824445,0.6448753784981339,0.17013498966953264,1.9497069256027322
E02000945,2.3802058763952343,-0.4192884966397772,0.0747984844256342,-0.16889581192300362,-0.0626638553426527,0.0038636832892421057,0.06405918140162725,-0.04597976533275632,-0.06532809897725024,-0.14052636861309048,0.017664368991414624,0.43791314457410796,0.16434169387220685,3.282237663381413
E02000946,-14.47589472798084,-0.0067479995013644545,0.06794724837266727,0.17098402005088062,-0.06196399940620095,-0.03909082254630014,0.023821787955100863,0.019823244760680973,-0.08186331483774387,-0.18317307912098418,-0.05252714403864338,1.783749360639494,0.3428514282474389,3.685675886555636
E02000947,-8.09329581484067,0.010565569985595796,0.05583957607297135,0.14761850602304177,-0.0812776264244526,-0.028730826918132342,0.03159323506308641,-0.010233282427004877,-0.06625025678210089,-0.1463696929644047,-0.04770295799822659,1.1043344477024324,0.26756005144703615,3.054411558242334
E02000948,-24.119485342948003,-0.19903509374240155,0.08400041332999444,0.10109192953592228,0.09169045062564832,-0.022888791086631416,0.03577999597631142,0.06546406307397959,-0.11339962619732122,-0.28029383809197045,-0.03879607198311394,2.910663504550546,0.3824883085038858,-1.3419571742662555
E02000949,-19.665817351453335,-0.08203950059199275,0.08000905444771868,0.14900295169688138,-0.028314700624070946,-0.033660359214784205,0.03252030462831952,0.04049980898626179,-0.09515982385525909,-0.2203648680510671,-0.048263356721420986,2.3688067863798463,0.37940273171949,0.8346724738703273
E02000950,-2.504714129754317,-0.11629474969918321,0.06923789525862906,0.03936982880551232,-0.0957128847690022,-0.01037802546943161,0.06049833998005815,-0.03481562647943225,-0.05303734687911256,-0.1260753068881352,-0.024376266572728338,0.6128429243890682,0.19713424886004935,1.0519749289042482
E02000951,-22.06569300518567,-0.14095126237083977,0.08352222474033888,0.12634988717376766,0.009562017896174974,-0.026993545684220757,0.037088964510833475,0.050852363405831845,-0.10315090137570962,-0.24830083033929748,-0.044530838799751185,2.657206895822352,0.3856350501973152,4.070868618596812
E02000952,-23.254889922432472,-0.1796906318932842,0.0850005169911073,0.1094585882811433,0.05277670513776192,-0.02311063837760458,0.03787929241805838,0.057146450680995636,-0.10859643336417407,-0.267452526598775,-0.04138118369867565,2.8069679605745073,0.38326721538440645,1.7796550076625195
E02000953,-13.289934943832662,-0.08394989545371243,0.07402046963489121,0.12277408839792768,-0.035028460961502306,-0.020769963826459736,0.05115453495133068,0.009689625665279079,-0.07614111036823965,-0.187496095641161,-0.05879075502288145,1.680056049868835,0.3421154634668844,3.065143617424628
E02000954,-20.755122241648255,-0.17610911903039983,0.08283956324357383,0.10473545292316054,0.022941049926141793,-0.015668042194126423,0.045738526341915116,0.039698567529964646,-0.1010688049696363,-0.24669133088733394,-0.05132782924039079,2.535464825003017,0.37955766867531454,3.8694405638796248
E02000955,-19.38565468302014,-0.17449899723757106,0.08041227767984585,0.1000634980783145,0.019777836760282413,-0.01326860312943526,0.04948490706951012,0.029827593072518907,-0.0961298131461707,-0.23270498460177216,-0.05749665815894632,2.3899743684298937,0.37367915143334723,4.844204606687164
E02000956,-15.687081865081486,-0.15023905241483196,0.07950260018126398,0.08418567299643243,0.03936498993573133,-0.007416680094135094,0.06259831241049886,0.010217399914340822,-0.0831719596368718,-0.2038793182123952,-0.06445060466718708,1.9575522753410897,0.36343758723032943,4.3541456410903585
E02000957,-19.22946376438448,-0.23245451657047447,0.07929525835682921,0.06672802809283687,0.07213916530638975,-0.0010944891016911491,0.05580622871366507,0.02114385275224709,-0.09567238081875279,-0.2349192900787036,-0.06407072466903575,2.4085563899211566,0.36959017294127977,5.251262507933102
E02000958,-21.899557352551792,-0.29024821239314585,0.08405517957714606,0.06045727404436602,0.11747299572345624,-0.0031249135268743697,0.04535190968657299,0.04391576527102889,-0.1071300861585841,-0.2786870369056702,-0.04920825720653652,2.7378525896474937,0.3679616716153909,2.713159336296467
E02000959,-21.823196947737973,-0.3332185946450843,0.09390159269673516,0.048022972307426574,0.13261126396296744,-0.0008982546845432752,0.04323529418760863,0.05365793273181566,-0.10802839366409796,-0.29330301352238397,-0.03786754367100537,2.7497222919798525,0.36644673956780566,5.870050593314414
E02000960,-3.7723940799309306,-0.8141359603563916,0.13049628619039172,-0.15490614609928594,0.05242373838902026,0.11482296569965689,0.07242022237972988,-0.15913898650762415,-0.11051714087713545,0.016273037085485713,-0.20776339361667645,1.3407147753827258,0.38704202849011515,6.745466848802954
E02000961,-6.135486938959766,-0.6337467730523959,0.18351792269744466,-0.12031647046285888,0.06648003541215032,0.12122441895877084,0.08557542728726464,-0.19079370617073363,-0.1269941090360916,0.021842341099337775,-0.18940584233196356,1.3084174956058894,0.41933156656759957,9.777964399067168
E02000962,-4.946005276209831,-0.6815374565886538,0.17652045084710247,-0.11727716613862278,0.06613248922632241,0.1310241791170661,0.09561247115858601,-0.18332762747111975,-0.11558156160786728,-0.005301060624960649,-0.21736923058440932,1.1920935189601396,0.41889184617802416,7.658678579441876
E02000963,-6.920493171940387,-0.285552340695686,0.1583416402134986,-0.08587509999424187,0.2258762160686593,0.13524487895513163,0.09080589932937304,-0.13421235341622223,-0.1207253290510721,-0.0051496680697534145,-0.1532186108508959,0.9171148533026547,0.43330948727817986,12.589235663404567
E02000964,-8.33408207485138,-0.3501486562374956,0.2027731854482557,-0.09123411111129885,0.17322506238809907,0.1394369136475334,0.10396415513825503,-0.16724787906379815,-0.1237178383617906,-0.009665568552465009,-0.1717095294948076,1.0991225605713988,0.43543933707232335,12.162834316503673
E02000965,-8.277942456027198,-0.44916832154770375,0.2287650089563884,-0.09744824628178748,0.11906551207076525,0.13937233318153505,0.10833482858160619,-0.1924898910697748,-0.12253063472135448,-0.014575189829234211,-0.1908642724426389,1.1941136501855643,0.43640681827575134,9.699524931087275
E02000966,-7.354969970990336,-0.491853881745104,0.2236936075008601,-0.08871870290830755,0.10829312518263562,0.13779133005294938,0.11043617319776732,-0.18685159511596702,-0.11944456130076148,-0.026768825666016367,-0.21175766568033824,1.1422897198638475,0.4389752104192274,7.238447765530875
E02000967,-2.6272964508780983,-0.7854522263371424,0.12598517928238617,-0.11644788941666331,0.0783098409066473,0.12582428488442599,0.07195855958213104,-0.12064164321194053,-0.08594698273936441,-0.03152753086379771,-0.258329984426528,1.108310664431086,0.4004416127383305,5.8760489068131285
E02000968,-5.968624624798711,-0.5578417419077184,0.19796063126074598,-0.06940383116773852,0.09995630948001379,0.13215969282124726,0.09567599893062095,-0.15473003582576877,-0.10500928285690364,-0.04453918359324112,-0.259489650247118,1.1024740815234821,0.43639135970684223,13.79063066912907
E02000969,-10.35307140962313,-0.27842046441271273,0.26381708134857973,-0.07036402123793725,0.15448098376553776,0.1475376288518857,0.12206830428723027,-0.18273342670982778,-0.11992401600690214,-0.05199683095627096,-0.1975607351655062,1.1614972814009388,0.44344642620647085,11.751615232528778
E02000970,-0.8130903667756426,-0.6123543923716008,0.12476303775054304,-0.007342105039984983,0.18515973766233496,0.11241319471732461,0.06673747283367805,0.001443181880017519,-0.13402070681577433,-0.059389953495234835,-0.2849183005616628,0.5781138697779057,0.43842193154543224,3.9280095587900257
E02000971,-5.481662149982144,-0.4859131445805207,0.1819601562535882,-0.01296336569910032,0.1426504193956137,0.11697588618686054,0.07488661818287579,-0.06729236853206014,-0.10531893439253473,-0.07995021464655286,-0.2980772902219534,0.9710318437023084,0.44418121015574685,5.834953055585048
E02000972,4.964934806363811,-0.7945206063825977,0.06569437164318173,-0.0222728818753853,0.25558714977963304,0.11027497697251022,0.06808910032890562,0.06640507489113413,-0.1887566724878297,-0.012469122659881426,-0.21702364408436398,0.04694503823342144,0.4289163490524502,5.912218643846391
E02000973,-11.744241717654146,-0.1438245134452399,0.28153734770151856,-0.04253838213723814,0.17876458265517398,0.1465809970429357,0.12359554279332562,-0.1622101305454025,-0.11975608511691527,-0.08004420334495316,-0.20089028604453402,1.1478554047327991,0.4459363049435224,6.036038962070441
E02000974,-9.070186582132779,-0.3024895020339654,0.23056970394529086,0.010175943138247281,0.15833416066827027,0.11465503463935409,0.08618806304597053,-0.10410099531259416,-0.1077888705515476,-0.09316544531639726,-0.29770159064231794,1.1310643759265402,0.4559361554562111,8.047123208927584
E02000975,-10.975099281596888,-0.1745600706932999,0.2622364577594884,0.009342118135878161,0.17384327030582775,0.1234239321056248,0.09944091002946268,-0.13438789844571397,-0.11089725391212203,-0.09512359315159516,-0.27245606129714595,1.1596551157521722,0.45671007503879296,4.302720919335662
E02000976,-12.44761450871629,-0.05660332206117555,0.28177274008662845,0.005238915310061474,0.1929885428031034,0.13238962008557353,0.10981165212355153,-0.13460969729322725,-0.11815171060697442,-0.10206936192658377,-0.23310444568845912,1.1577750452365485,0.451566849426343,7.345373095351429
E02000977,9.262642962230071,-0.8557054126397388,0.05745274762850841,0.010638779514564708,0.3392596714301681,0.11762709596516037,0.06260238539057553,0.16789865832809803,-0.3365272382904677,0.03756573455520448,-0.1265412342648789,-0.5990620117027319,0.441788257843786,4.998469314793129
E02000978,-10.599063802680003,0.01119199207727739,0.23175117494847755,0.13479973524515054,0.25741141258190925,0.07486126721821675,0.07103035708836491,-0.013768223570568547,-0.18343018635443842,-0.10709111057656379,-0.2784541690073019,0.9338260097846777,0.4727871960808222,1.0068522761523235
E02000979,9.828177355871484,-0.7756674854511401,0.058617078942515256,0.04752604101177364,0.360277488635156,0.11394411117754734,0.05548264317230045,0.21959170019912455,-0.39138308339979183,0.04748589340419808,-0.07889002482063788,-0.8300021314951612,0.4551769777870239,4.053858631173904
E02000980,6.966022050536373,-0.7317925160647507,0.04030928117575096,0.036078422399746984,0.3755095866492071,0.0891695821085182,0.05351130378151085,0.23578490032054134,-0.32357957494965056,0.01898552976941891,-0.03381714470804061,-0.5302856016448295,0.44707403992458583,5.070386900074656
E02000981,4.536876302298056,-0.5272676129075113,0.061030041631422505,0.09049491405814707,0.35637573400767864,0.056004522024607935,0.05147625520902453,0.17071498519903694,-0.2989149398773728,-0.032126175051329434,-0.07512166867800364,-0.330601594918572,0.46337212502871045,3.329860452114347
E02000982,2.106902159572936,-0.3515478503590273,0.08284469948324003,0.12860936708254297,0.35188668820449753,0.04549055120703899,0.04846453808551272,0.1360923704754236,-0.2946334587340581,-0.04755994024278457,-0.10185434648933828,-0.18284410788400335,0.4691141817885991,5.694252929097799
E02000983,4.017516897365828,-0.6031639347841103,0.03597671228249458,0.06468898327663418,0.35734013648704266,0.047373772890144335,0.050085379794841504,0.18842937296940712,-0.2644056064817202,-0.043994685464449484,-0.04878765952493188,-0.18393444528039476,0.4534226714121149,6.369046099727318
E02006782,-5.5168844923164375,-0.13292018875890232,0.20290061726304856,0.02755699490544431,-0.11288118775702348,-0.041654381137021246,0.03360846891570188,-0.03392495392946817,-0.11659603176685386,-0.19682009077712037,-0.021862324617579296,1.0134410668127904,0.23762986746212522,2.039553165364425
E02006783,-6.018022486715876,-0.1525489260217656,0.16647573454975725,0.017944912671707697,0.04937667815931035,-0.048425385949319694,0.011124353608305769,-0.06265483972587858,-0.17128600764130222,-0.22830436543698687,-0.07164804314130727,1.212871221546974,0.22725716040103772,4.961804740222168
E02006784,-6.029475996747342,-0.14540191093672966,0.23358818484067934,0.03179699865910515,0.02537729763526833,-0.052155841713511224,0.005208773210261702,-0.04545322372110171,-0.19092656323322033,-0.23944676123399247,-0.02651287298607292,1.1444460942878827,0.2662455855986251,4.178605831802889
E02006785,2.412876416666175,0.045463247116937416,0.3448000824677705,0.09317974109256079,-0.5800073521386468,0.13280945626988874,0.02098026839204054,0.014458044243198645,-0.0970021487570907,0.23289203421957788,-0.024155705178692262,-0.7748137260640098,0.44387682410661294,7.430974099440209
E02006786,1.142249141826695,0.10657024484534897,0.34341517172534125,0.09930137815397733,-0.6171852805031542,0.1550249440760408,-0.00711693536786169,0.01711441646688466,-0.10485302568049332,0.2286021897637197,-0.027972938981320243,-0.6666649091000751,0.5045842730797344,7.749765234185338
E02006787,-5.001254119846486,-0.6930935508520328,0.2636070791135695,-0.07186613289614353,-0.12776995524549295,0.012985085923189484,0.02182535795487558,0.10884944762877624,-0.04321844414299912,-0.34163263981163183,0.16117024357503396,1.163154017034521,0.478909119742485,1.0165755096382445
E02006788,-5.253441873999884,-0.7675623314274409,0.2555250403136337,-0.06782823243807927,-0.23072880002528642,0.021135369947755778,0.021035141024538455,0.13634554336847904,-0.023233196362019468,-0.3593716135808634,0.18158315492877858,1.2093121965976872,0.5144845691598133,2.7768844138662687
E02006789,-11.680949978966716,-0.48451759196631544,0.2192297996060023,-0.09986905390412529,0.3869557520824996,0.0494611490543346,0.10548375197720712,0.21275828728641116,0.13506227330602075,-0.09925070345457533,0.23956276245813582,1.1420559186602546,0.5207354530414697,-0.5758696897992772
E02006791,-5.835002381881033,0.43482994497559024,0.12470066641758057,-0.11023853432787095,0.4281925868673795,0.10323590617864677,0.1689391077647543,0.07184568012526618,-0.16939906395294,-0.4088252522795312,0.11146384722200944,0.22070715153983378,0.43428402532593285,7.210932855704875
E02006792,-5.08373464859336,0.33069066128006575,0.10087484450095564,-0.12851817322398626,0.4378751228370826,0.07276702104652548,0.17318052427802466,0.06711982412289397,-0.18560314037146552,-0.4517841042817263,0.12585397413207045,0.3387761635231743,0.4242449528100217,7.857953322455854
E02006793,12.142396148444446,-0.49480119409256307,0.6214852086262205,-0.11797994240729894,0.3013019702701154,0.05153641257354061,0.07986940853651577,0.002840487795717009,-0.2155953570436828,-0.1895075384654484,-0.11211008095195882,-1.442062878264962,0.48248804313478594,7.414608976281475
E02006794,11.052084954197555,-0.4654681597029824,0.6712783582941086,-0.12809649952236943,0.3338468376407244,0.04928844397090967,0.06614255294778706,0.025447651233814778,-0.2697237404583645,-0.1319104231569605,-0.12372741567399412,-1.3712017246558812,0.4990309984977059,2.896870445768677
E02006795,-9.073608728498325,-1.4320970864720002,0.06630503125150645,-0.2553657779337185,0.09238211685416209,-0.05025804956310587,0.022809247279362566,0.3289434652161145,-0.2222864032497855,-0.3979954538050233,-0.04868631718098648,2.920884778823445,0.4124467451578876,11.078072406853698
E02006796,-6.195975246666763,-1.6308298349110708,0.07674041344986987,-0.26970805983007834,-0.016655534947983053,-0.06759405929701587,0.03626584715767238,0.3299100533545853,-0.2826792939777215,-0.4996089550736372,-0.015509543180780579,2.9112211338132004,0.4077130086799507,2.5074141068222016
E02006798,-9.04941645081282,-0.41231212894141445,0.04375249541370183,-0.005236954914564156,0.36171997859321237,0.12518175550875013,-0.007944138909644438,-0.023543421332008412,-0.21961928737830846,0.35577030884702543,-0.06502724784465065,1.173863559778594,0.297175277521821,6.746990417723536
E02006799,-9.044481670068375,-0.23906771479522326,0.286300975165358,0.15968796168800944,-1.2097842836513975,-0.0202866100009185,-0.14914195326733068,-0.09002638190877785,-0.20319361464618713,-0.31052900479015066,-0.24433537577949022,2.1848005199991394,0.5114707535049223,7.659825047012422
E02006800,-10.490729184269412,-0.41596620525853784,0.26373381347425584,0.13665554172184738,-1.024180900826068,-0.015153270691946538,-0.15872900667263243,-0.09843002737895801,-0.22411966302218697,-0.3080941278618606,-0.24476601332644407,2.502671066561039,0.5260177185603199,14.131099167833863
E02006801,8.182268021112915,-0.8028867701604291,0.040999052985473315,-0.011999799550296328,0.3863987704556276,0.14205226171963184,0.03901375723161813,0.28993545962734063,-0.30409836649485544,0.1851220411885659,0.002096157706712079,-0.7616435728090187,0.39020546013848506,4.40093089287306
E02006802,3.6743071907419775,-0.6739278927748715,0.0424245334338979,-0.011385513858309784,0.38504303168666226,0.1437914202753762,0.025933215244667338,0.29826363071589623,-0.27656811943502524,0.2217463530900525,0.024031701342271602,-0.38410939618717066,0.36627878564086264,4.688784403272422
E02006836,-4.8979404809999485,-0.10388108526711543,0.22667305959439493,-0.0055187264140007615,-0.024452235667362876,0.054221676477373325,0.12711186836932192,0.08186150073868892,-0.029745596545260527,-0.17346997851935847,0.16638299043686927,0.14021335778653854,0.41288573453797217,8.476219592235896
E02006853,-12.525894198242082,0.09693141023686763,0.13558347723400666,0.08367691822551036,0.4900701978127076,0.21793103228616273,0.028634798702747172,0.07890691852552087,-0.28899985886116697,0.540022266903931,-0.05644366475113514,0.4808307589159563,0.4817054365602518,2.8000721893081666
E02006854,-17.445040263494985,0.3075164539052472,0.18008365159226833,0.12805628967287092,0.5679073808715456,0.242410345012941,0.06280431325534068,0.1579206662476267,-0.3480870906118621,0.5963764421888288,-0.052001662558293325,0.5212541477581928,0.5388693089530429,4.571967451905856
E02006882,-37.77030953826126,-0.03136984884496133,0.035095428915514634,-0.038851883013901384,0.41453149298205455,0.007323307972282155,-0.03889045141869005,0.17036921691719692,-0.0669856459771611,0.00819583779498137,-0.006889236778507904,4.624961718108725,0.33036530085943383,8.331210174250032
E02006918,24.843288544003112,-0.12532814957577826,0.18399001878429624,-0.04689435185595142,-0.08446832842425828,0.13140790069117564,0.16918611982532328,0.038532329702497384,-0.27593156373621075,-0.1365993015599884,-0.2745913340434196,-2.4246569378688054,0.479482810637768,5.299802277903389
E02006921,25.162916665445138,-0.0944802774529879,0.21664659524003105,-0.04456026934973927,-0.0246201123313054,0.12719322138988157,0.13467211540718366,0.08583367195254418,-0.27765945232610534,-0.044604867989416125,-0.29060053415484643,-2.541963911860747,0.464894266877084,9.530196640819852
E02006924,-8.3519653426075,-1.069892511670125,0.16576139481400298,0.013124530834509724,-0.4969335937495821,0.032683144661811235,-0.08409371655816578,-0.08257250562618443,-0.26335028817753703,-0.33518311368391507,-0.20223424359104336,2.6425744230755086,0.5564159171514611,14.229512340177013
E02006925,0.4776916654912142,-1.2692096957332737,0.15977546928519226,-0.0007145531035312805,-0.42231541703985986,0.004164609934993624,-0.04661457102569052,-0.08886018307651239,-0.2729390644876129,-0.49437362510662847,-0.2015777049385289,1.8413991343025236,0.5548528210327162,8.713727803576486
E02006927,-8.21031265424149,-0.3966609959533169,0.08935140717910009,-0.025952813582177388,0.2491445180753007,0.07758502237571119,0.017346221560925544,-0.055224807827947996,-0.08140430327756085,0.23944817101867188,-0.04217080898283749,1.1601948615230064,0.3133930053586979,1.098428889313234
E02006928,-6.631134660739123,-0.4653357309386754,0.0520821284920882,-0.01977128236672027,0.46420991707591047,0.16034365684901147,-0.008475508194854256,-0.04387054758943424,-0.19685447232488765,0.4416130749479636,-0.06237840076283296,0.7981745071959537,0.3711081680875601,2.1667309014296956
E02006930,-9.63538421420379,-0.3719715228686878,0.1089688235634741,-0.03764146424455299,0.8724530692295133,0.2328309215786692,0.034820071402199615,-0.04906674936323974,-0.1195313031569786,0.4733826268690227,-0.05147300952989532,0.49210386540332096,0.5745725477022521,1.7476976689431378
E02006931,-6.69719894292319,-0.6515404427318668,0.04195744043620482,-0.051484124082855666,0.538549614888934,0.1565047079061735,-0.012264384392537325,-0.06644330984667254,-0.15541586104047833,0.43046793977011744,-0.061337367023667655,0.9635163307789787,0.3952507405757117,1.3181624412804824
E02006941,-3.472766323943024,-0.2937504277755155,0.07126301520085744,0.02921405635986219,0.3241281019504578,0.13477225968974205,-0.003726671874327729,0.2262789562645938,-0.26670540564158096,0.3763536606353633,-0.010733199994105498,0.18701489145417405,0.27655677519366234,1.0023694367212914
E02006942,-5.513927896452606,-0.2985207000310613,0.06833171586686781,0.027518613820539727,0.3411846614907413,0.1337419994588971,0.0017319002606128661,0.2288700720789734,-0.26683608240501716,0.3515058689218276,-0.003982618429460211,0.3970667159539809,0.2943051811212856,4.172798658677783
E02006953,-28.020221228492687,-0.15238376631126016,0.06702099765255037,0.06518860136837702,0.4605377652117591,0.053038281194341966,-0.11541924443435043,0.02982179918852819,-0.051746043060134174,0.13068771690423964,-0.011525664806325383,3.273945789262481,0.3324894803871591,12.47542666153766
E02006954,-29.704005558817567,-0.17058929726905692,0.07324449522383362,0.05362087129644169,0.47042980585387273,0.054608125342577335,-0.11887974206744742,0.046013552117862365,-0.04674349173551057,0.13341991191065694,0.0029999714446670295,3.4325243572380004,0.32831880729088664,10.415418610447027
E02006955,-19.512475653674446,-0.2954471204875674,0.06479216998268629,-0.07874958278641016,0.298935501014039,0.04159808155263896,-0.0659902472384758,0.3795146491871441,-0.05977622812427691,0.09479767582158147,0.05413076857010561,2.560009214306353,0.39064654309768615,6.726129631896814
E02006956,-16.1897050145613,-0.1966163177514194,0.07917069279625212,-0.06317154983226825,0.3119311981407732,0.05164274912307311,-0.07048707811922157,0.34798491235585033,-0.06114090140058652,0.08580667743283454,0.061803360435974494,2.0499190197974437,0.4037551273064971,5.066797430087183
E02006968,-11.362615142504032,0.3640563755042596,0.13425977545927187,-0.09817725995661888,0.21610216098142873,0.03968410314320973,0.015581545765260371,0.20488263587924685,-0.19279365058057057,-0.7666824468437972,0.18681193148052014,1.5028612030283448,0.4183739253558676,11.519793473285727
E02006969,-14.046211371015247,0.35756134717566257,0.14527033241489137,-0.08238346290551488,0.24831093899635093,0.0034567030168163038,0.009340540389855961,0.18115584737461654,-0.23728585520737316,-0.9419391228441716,0.18168008762098314,1.9110198367848492,0.41246374604626496,9.994798548402569
E02006970,-24.592470119505,-0.002637148708059145,0.1630860016239657,0.268298279412296,0.15460274384544345,-0.10266530078055269,-0.03565039331263202,0.25317380518636345,-0.5040288913526759,-0.4152298532873385,0.08731167267001791,3.442697070586488,0.4214532012536541,20.749169789561847
E02006971,-24.490698318380126,0.005123209023992492,0.16396181860861553,0.30076391223291143,0.13098358067440657,-0.1012265850614952,-0.03370669023193505,0.2513634201866915,-0.5089535346059386,-0.38185351542273177,0.08012959995387416,3.40529533852997,0.4217463503865964,19.39633090782709
E02006972,-9.896144073843217,0.29437379467678104,0.12220819895572542,-0.08380853912956801,0.42684903530692564,0.004616982520072584,0.08140972562884957,0.10050944168227909,-0.25400511050541313,-0.6601615308273272,0.1468376146405164,1.2135297760343264,0.4206726502561611,5.308197883297171
E02006973,-12.701685093555076,0.215304315894564,0.13227764533205197,0.0028273341814527495,0.4644972596532865,-0.051100593140794695,-0.012945302606679476,0.07706932447220154,-0.35897349387579724,-0.7345604883179581,0.09121132132176929,1.8180720754464537,0.4251218461625735,4.781294305457689
E02006987,-5.17649391010986,-0.5563677522604904,0.2779036645513668,0.012900591779316822,-0.2881246685655775,0.01870653754069628,0.04664350341841423,0.21386060302855783,0.03782573972366511,-0.32602032534452796,0.17741511273876398,0.701092536000886,0.5348745360215551,5.123066078539664
E02006988,-3.988312319698144,-0.5522069683020615,0.2885588146133331,0.015223112433709055,-0.253522719421279,0.016521145231698117,0.05466218247589864,0.22360171629289857,0.06329801113307935,-0.31245992633819436,0.17829771462652202,0.48802065036937203,0.5386799857668633,6.429867031577942
E02006991,-5.531653370244973,-0.02110593837740352,0.28663741183887465,0.05752975097976259,-0.36969206727534276,0.21834608409722206,0.0035432426384930937,0.024478643993940806,-0.11390116935398312,0.3106114872130592,-0.04108176734980104,0.0050572261876355995,0.6048216463793755,4.630249570007174
E02006992,-10.943674510099157,-0.086576386143562,0.14858778168129588,0.01260509624597448,1.0073678965858759,0.2619978915291392,0.05900206435273225,-0.02197102652750925,-0.16795770824281853,0.5012025772215865,-0.05640528362442822,0.12301125913068289,0.61475053965977,-0.7786150082930607
E02006993,-11.018130089902067,-0.16736522418918431,0.1529245238951688,-0.02972384478005071,1.0665276863159279,0.2616460837542941,0.0692106649715215,-0.05394387821308878,-0.12298136991883683,0.4642487370785063,-0.05152515939599256,0.20939543092768798,0.6350330027536842,8.190527684076834
E02006994,-8.946371754404213,-0.0839472916501191,0.22379206620410919,0.0005988734554032982,0.41504372703750486,0.24312724953866474,0.05726104440793739,-0.026704971414700206,-0.10369555089946907,0.3916496125942135,-0.04927018268235584,0.1216215235540219,0.6366961208124108,4.1018722796361935
E02006995,-8.35406108436094,0.5310139989538122,0.23622527387760117,0.11576593190749059,0.47879476341571514,0.21304531058913012,0.214810868564628,0.02010961919252325,-0.33328805847680876,-0.03682203277850879,-0.12995908932867223,-0.3150853957576696,0.6231474586148738,5.891558793231344
E02006996,-15.015874236275511,0.42566347390489573,0.24155737660363924,0.1428484593316383,0.5821565988203081,0.21762853227646622,0.17149718085319296,0.027159411022948894,-0.33999681127678066,0.038401884888866415,-0.11948854514273954,0.3453981672016373,0.6345618240659915,6.074039165491133
E02006997,-23.585910886109165,0.6246794375454773,0.26821900388342274,0.17445949174955658,0.9666810645550723,0.24126445857112672,0.17480612631420478,0.10549036888461766,-0.384296322986281,0.3086651649656325,-0.08354086365330075,0.5893692060193807,0.64367528005492,3.436738604774778
E02006998,-10.870136037572365,-0.01324292096903737,0.2478936637407877,0.04527528855420568,0.04350234187501045,0.24561667610718987,0.03325552346455696,-0.013412314288859695,-0.1412901013681314,0.32115974362819505,-0.055251797462300224,0.41471961389333023,0.6402521589917453,7.869119144108832
E02006999,-14.563313285024446,0.11677906112599123,0.20601286767606602,0.01841217041919388,1.1820101263391813,0.275927864486042,0.1014199065436002,-0.05230843221562398,-0.16449643472236114,0.4209829992562272,-0.05517618734233199,0.13007150455801075,0.6692565200853419,3.068364288941406
E02007008,-6.280835158548128,-0.7923612383076544,0.01805283763383097,-0.06236569320169772,0.41062844843015633,0.09089344414698551,-0.01754065124309197,-0.08709885878622976,-0.16306793312659937,0.2849382700924834,-0.07501527678069432,1.352867892876603,0.2715031127287629,5.676371180132287
E02007009,-6.288322522259756,-0.7503457142453547,0.02864106871399207,-0.061830203792990396,0.3965796936464283,0.05304339019657247,-0.01659537147911338,-0.09204570608694869,-0.1658522009731097,0.12345495768022266,-0.08621805611947506,1.463564632695491,0.2514258282579012,6.865749261906951
E02007017,-6.904435041028588,-0.41644429186195625,0.2561020014676396,0.1313977488752384,-0.8464883868482187,-0.04711571592529516,-0.13962345137381374,-0.10029820111256363,-0.2279812695353808,-0.4094142511782625,-0.2442264215182235,2.1386630927281796,0.5185929766314138,12.220077540713621
E02007018,-7.411242377327145,-0.3477502968398354,0.27199468886399875,0.1460318802525552,-1.02316325878784,-0.038539674496694334,-0.14546957261378124,-0.0972296580950483,-0.21787287164108188,-0.37828708838332076,-0.2480310653010115,2.1278458617124603,0.5159476251238648,11.849232754417635
E02007019,-15.396254654629296,-0.7811164922003907,0.21104747364101717,0.08340370221442689,-0.639306935987573,0.0262369889158546,-0.14755437865808496,-0.08232855211207746,-0.24592610075014065,-0.24190570687958704,-0.2129659100055332,3.154366768232285,0.5484661382744164,17.35571146423243
E02007020,-17.098599801123097,-0.7338235518098611,0.21530292512280724,0.08962157218889805,-0.6734517676611498,0.03930760269496414,-0.15028276440951793,-0.07751758167578182,-0.2363091126821039,-0.1992376163057818,-0.20658266184103624,3.2440380095027903,0.549173861893187,17.470667265987824
E02007083,-0.07452162819646091,-0.4637282323981121,0.018714386476379467,0.09417253820813976,0.3143297919947425,0.0047945594680614215,0.04002308708050209,0.13744600934263768,-0.19076279769354093,-0.10106909611923721,-0.06244288268008885,0.31161469682697396,0.45263525783882647,2.2332378843946294
E02007084,-4.7360609115418235,-0.3622872954307855,0.003954393149895052,0.11436410397470598,0.25183921402572884,-0.023943539577132217,0.026631198980291093,0.09734654170778607,-0.1463394326278226,-0.13972495831506382,-0.0665667973434689,0.8765972028478514,0.44453858628591103,5.864823149678101
E02007108,21.11550402163977,-0.6121764528561653,0.06872729924216285,-0.049088523997425824,-0.054628770338927546,0.08146787832979722,0.095567968202426,0.10814545818781157,-0.17557763650352398,0.21119744295323464,-0.17418268673954435,-1.641822733704576,0.3009764966823687,4.346824810071418
E02007109,18.398315324798922,-0.6523470252041285,0.05260060627005936,-0.05297419033134065,-0.04402356100555915,0.0769956814029017,0.08264206137623006,0.10085904266617378,-0.1690984756084553,0.24274573981932113,-0.155395376726562,-1.3024118011173147,0.27746876460876296,6.351742763777086
E02007110,7.595436556210116,-0.7303513115608453,0.019509533551368877,-0.08598128962465873,0.07394337358147804,0.06237800330882106,0.05298081418972127,0.07768508639329808,-0.10758278410373606,0.2695583675635884,-0.1089323374923076,-0.07470715272015194,0.21373473048630148,5.528299347162598
E02007111,5.487413196966298,-0.6517270351842935,0.02340695819949995,-0.06605666580709779,0.08153792178340771,0.07331621474247621,0.03252000341847558,0.10108290905640734,-0.14463883882472767,0.3193272576930184,-0.09137180984191905,0.037390247032077883,0.1924376658691496,4.880957776655248
E02007112,-23.56899339963159,0.4782458733973739,0.24804300771791657,0.14638986259880443,1.1639504895926094,0.28137057198754634,0.1161486792915655,0.1255690318732896,-0.30853456665922474,0.534012291614554,-0.053069145628310506,0.450489423695309,0.6539271994505964,5.145042488511839
E02007113,-19.486549847456455,0.41696768484133057,0.22215185483983774,0.1423554671148367,0.8454302282526203,0.27135790828593864,0.09449494207219669,0.14608482756657853,-0.32068898835891324,0.5826304877578383,-0.05454749523402684,0.305313579173994,0.6175084802061687,6.960309414061193
E02007114,-12.582438659313107,0.12868115135288188,0.15862879045829523,0.08408798060228026,0.6611433548522806,0.24462748880560492,0.05174925943859343,0.06714015736926693,-0.2603687818424166,0.5492481819249129,-0.05761319524487257,0.2249023577674415,0.5553604469207093,2.4910429181970883
E02007115,4.433172097914276,-0.9438199986093083,0.010520970816559103,-0.18945704831832333,0.283962409258275,0.062096842130122704,0.08448262243799431,0.011951182723266006,0.07873433324392559,0.03456045527776999,-0.15447258967778504,0.44560514654251937,0.3320494239509568,7.641525904885366
