"Intercept","IMD","Asian","Other","retailers___other","takeaway_sandwich_shop","pub_bar_nightclub","supermarkets_hypermarkets","hotel_bed_and_breakfast_guest_house","other_catering_premises","log_pop_density","alpha","MSOA21CD"
1.33155517759379,0.0101643100437052,0.0052937209711655,0.0226950251678885,0.007012917889923,0.00722972845182657,0.0149331491961559,0.0268612327209255,0.0198284433536082,0.0102953221902556,0.141651164445173,0.065906629528437,"E02000001"
1.07143804167493,0.00693611679583282,0.00267079220167188,0.0266862429814358,0.00469813762039572,0.00569269714667751,0.0146083178667057,0.0164599472127509,0.0300957768433454,0.0103650169173114,0.11448432198459,0.0368900237492889,"E02000002"
1.09031969311344,0.00710665906097803,0.00275986958544038,0.0339868146745289,0.00472083101072344,0.00576402788911924,0.0143303458743018,0.0164547280301611,0.0292239770948299,0.0100910134919982,0.115611320018532,0.0406735257576956,"E02000003"
1.17294228261027,0.00758748406610254,0.00316556243164106,0.0409415035618155,0.0053206335636032,0.00636579123579669,0.014568930204766,0.0170474444005809,0.0301994145272628,0.0107938218825295,0.123475868951777,0.0569239005109222,"E02000004"
1.10237205931749,0.00716541705059347,0.00289301799194051,0.0370913908822696,0.00482484771513703,0.00590207625046568,0.0140485543699967,0.0164945683353305,0.0286972183333622,0.0100285059823474,0.116416341203689,0.0462274441696963,"E02000005"
1.1254582360464,0.00730329296237379,0.00300305937180878,0.0385558157442111,0.0050098588738574,0.00608624956106578,0.0141198222933714,0.0166471234163919,0.02916045325492,0.0102796129128144,0.118680088342697,0.051220997730747,"E02000007"
1.11064953495739,0.00717050468111648,0.00296275567671377,0.0382877536100906,0.00484569643667046,0.00594373370224789,0.0139924259822949,0.0165833764549353,0.0281803053734577,0.0099648608039512,0.117154975636813,0.0483516288719789,"E02000008"
1.09572518068034,0.00709102359691428,0.00288778929938928,0.0375587045985745,0.00469471621930815,0.00581778286741809,0.0140634725260862,0.016578836013428,0.0274654307943645,0.00964841142295569,0.11567373135566,0.0447180672873459,"E02000009"
1.14180740001741,0.00734573492262377,0.0031249456241849,0.0403618468075112,0.00507926648228125,0.00618834679966572,0.0141475847957154,0.0167759714265733,0.0286950236355499,0.010307335970892,0.120185993902211,0.0554386136376416,"E02000010"
1.17615350287529,0.00757522275448546,0.0032616795065889,0.0421175648032149,0.00534775886744398,0.00645326972792921,0.0145453274001025,0.0170310185978855,0.0296567797041787,0.0107426013316463,0.12359267757948,0.0615009230504756,"E02000011"
1.09924557069705,0.00717915080418586,0.00290583883966392,0.0385643741343343,0.00468416460327883,0.00587421573476149,0.0144328747295923,0.0167494466774358,0.0265273197686988,0.00943349181733401,0.115881400315699,0.0449028384441688,"E02000012"
1.12691539100092,0.00721935800167421,0.00304307063497194,0.0396830880749958,0.00486718323446605,0.00600575978909111,0.0140765801151035,0.0167966000964944,0.0275114957323601,0.00988373292284268,0.118784401020026,0.0509974543849007,"E02000013"
1.16012309660995,0.00742261876848238,0.00322391578412446,0.0417314502019572,0.00515457707298631,0.0062946897523446,0.0142768097986604,0.0169405558902237,0.0285288516115669,0.0103911668447708,0.1219875486091,0.059330344452983,"E02000014"
1.19610945537526,0.00766435548095591,0.00338303299374816,0.0438179155002767,0.00543545381948751,0.00658182927178869,0.0147470783281524,0.0172107716093732,0.029462973779862,0.0108659538640617,0.125490073574965,0.0662552054956162,"E02000015"
1.09918423052739,0.00727005493782523,0.00289663465417335,0.0389208607574199,0.00469557214402759,0.0060053256998297,0.0149288505738291,0.016737207573328,0.0256123551343864,0.00927541156668335,0.115758073057089,0.0450907364548869,"E02000016"
1.10331789504195,0.00726916575266377,0.00292045512450422,0.0392170576100725,0.00471295577643522,0.00595857463135846,0.0147401624217402,0.0167716497728745,0.0260223953926846,0.00938193000333747,0.116185122228981,0.0454824665750789,"E02000017"
1.13430272741178,0.00727415886716556,0.00307996087557486,0.0403901277904579,0.00487839643784124,0.00606271713184159,0.0142649414310765,0.0169410916871302,0.0270219829567469,0.00980740337625187,0.119496428951198,0.0523668738732326,"E02000018"
1.2204341395452,0.00771957978788051,0.00345405051618021,0.0452523031868253,0.00538226943927149,0.0065849108177016,0.0149528644125346,0.0175902412921282,0.0284708903118257,0.010753904743004,0.128106502564764,0.0680421191674065,"E02000019"
1.22272307756681,0.00777419577243279,0.00339483337185574,0.0452336075568339,0.00529703295448385,0.00656324026440812,0.0154395646783236,0.0178348086002454,0.0270962907783705,0.0104996832311529,0.128463797314659,0.0646790691771233,"E02000020"
1.26309057097481,0.00802755003227073,0.00365368204337689,0.0479374113511801,0.0057166105827403,0.00693005732305841,0.0155731126154105,0.0179272691922886,0.0296442919175939,0.0113767660646852,0.132178069301224,0.076782173825878,"E02000021"
1.1465720468298,0.00750103810568844,0.00306864493604779,0.041348748615982,0.00489664158912662,0.00620856697793157,0.0152798017868486,0.017088860166778,0.0256989218143543,0.0096706180815819,0.120663897010179,0.0511452496760556,"E02000022"
1.20314978244901,0.00763705042279319,0.00335263569400039,0.0442543764630575,0.00521485300270628,0.00645388342292155,0.0149908571638916,0.0175903436199847,0.0273525378820291,0.0103806591831246,0.126456350883936,0.0633267464085553,"E02000023"
1.27370854470591,0.00818221398082258,0.0056232841322948,0.0289015002911886,0.00780431780693299,0.00812931022458281,0.0158068562192126,0.0126351281698625,0.0353807009245605,0.0119654435226903,0.135002829675421,0.0771721929948598,"E02000024"
1.25007679857246,0.00814180257234999,0.00654474712788279,0.0287265152009395,0.00775002556290772,0.00796628161799051,0.0152616946003897,0.0138474650348591,0.0356350295379272,0.0119097532638705,0.132075519554111,0.073527446533267,"E02000025"
1.22993802419478,0.00821817260122267,0.00775638492337884,0.0284274064150901,0.00780133907372746,0.00800577056145891,0.0147743569562082,0.0158629137265478,0.0370912788036758,0.012049316819167,0.129280462955527,0.0723326887288786,"E02000026"
1.28431822718573,0.00832439549113262,0.005598069034809,0.0286633133801188,0.00784719877770839,0.00820273216804441,0.0160619806598822,0.0122348371186694,0.0333500841042412,0.012104457579672,0.136231880109217,0.0795837851559855,"E02000027"
1.24790293742153,0.00818431478364287,0.0067800292570931,0.0285847678204692,0.0077301890345839,0.00799703417688429,0.0153227752211943,0.0137180771737167,0.0338518135725021,0.0119810883214616,0.131781288708517,0.0757637808976522,"E02000028"
1.22859420542903,0.00817253595545988,0.00751228725325226,0.0283462395243221,0.00771822733209157,0.00796638965752654,0.0149202433984342,0.0149842447734489,0.0347953303844392,0.0120199744812399,0.129313697465763,0.0744730136419868,"E02000029"
1.33972567833696,0.00904523551054757,0.00497082889219752,0.0280943303621981,0.00812436843524324,0.00843699515513835,0.0167678254993646,0.0115562274327463,0.032745121313276,0.0126229116441505,0.142472276493377,0.0825439533608068,"E02000030"
1.24128535773187,0.00819391593061874,0.00711766158888845,0.0282699801873719,0.00769736930131742,0.00799322383269485,0.0152648551654146,0.0135934588592969,0.0318053834072745,0.0120350684178758,0.130988718559742,0.0783490686334478,"E02000031"
1.17246095879566,0.00802233670070495,0.00881278769403327,0.0274941102552637,0.00757193537161494,0.0079203976774323,0.0141627596540362,0.0169941072110864,0.0348652284412249,0.0120896724952608,0.122401292411703,0.073665625637647,"E02000032"
1.19770603279832,0.00809296318119729,0.00878799460281321,0.0279577002347229,0.00766620528078869,0.00801750803328366,0.0145390989544072,0.0162363337324557,0.0325838625834682,0.0121738950612443,0.125275717918847,0.0776559429162125,"E02000033"
1.23254720987627,0.00814485994999108,0.00777604676682315,0.0278136267925202,0.00767339141990462,0.00797935744613374,0.0149947885406725,0.0140328987562892,0.0300029445525608,0.0120829571230479,0.129860694109561,0.08022394370691,"E02000034"
1.27048030281021,0.00831145059222262,0.00666153252165795,0.0271703423267181,0.00775132305482262,0.00798182305849784,0.0155823249680729,0.0123186200477254,0.0294406359260615,0.0120756986732792,0.134692594299419,0.0812148839565109,"E02000035"
1.39823447574846,0.00989617978975767,0.00457694261349514,0.0235738296944565,0.00821135527189307,0.00844251321029721,0.0168099160708196,0.0115147778893236,0.0325922545904804,0.0137233293725955,0.149393862811621,0.0769955182970309,"E02000036"
1.41179248373234,0.0101044977417824,0.00455704340116468,0.0234173670136092,0.00819884328101577,0.00842650791644046,0.0162703841764334,0.0118824404381219,0.0344601204514117,0.0140829604920975,0.150886221725758,0.0765895754378446,"E02000037"
1.2112412598421,0.00797874665787774,0.00869795157117174,0.0271940533897885,0.00759338274761236,0.00791724190747045,0.0145853026108539,0.0149588364863562,0.0286108593449681,0.0121129659550805,0.127199688958028,0.0806992990245806,"E02000038"
1.37748603676023,0.00969718158618582,0.00468188034441959,0.0238632090368851,0.00817053255370553,0.00844265021080991,0.0171256424785213,0.0111976778752891,0.0305240236509509,0.0134402406626948,0.147065907665242,0.0783319017711162,"E02000039"
1.34488337824847,0.00916003126428556,0.00507551919377078,0.0253294630597845,0.00804437236514424,0.00821278902670904,0.0168680793166638,0.0110945231406435,0.0295681199763637,0.0127509418168768,0.143438490943924,0.0810549623199398,"E02000040"
1.39475655099271,0.00991561799863504,0.00454295801703964,0.0224038185986695,0.00808116661697677,0.00839314195091356,0.016240934384581,0.0114821570263774,0.0323372484300008,0.0136802272086125,0.149178854598327,0.0757582735910384,"E02000041"
1.27349977829005,0.00814582444310587,0.006994664777444,0.0251912760929005,0.00762428619542718,0.00775479660235327,0.0152627887683956,0.0120806144835981,0.0271722754742316,0.0119690078403105,0.135411149752355,0.0805823170383919,"E02000042"
1.3110202246296,0.00851074896272261,0.00602738855193813,0.0251884954220484,0.00778644567859887,0.00788006997980423,0.015993101128742,0.0114111962255156,0.0281761229137718,0.0122466838782273,0.139802696604328,0.0813284279878609,"E02000043"
1.38146397156503,0.00974942196575344,0.00457616615913534,0.0224714976519609,0.00810821952335282,0.00842234334563198,0.0168038880500107,0.0111901805453636,0.0304640430525886,0.0135569129815649,0.147677578738756,0.076515911222293,"E02000044"
1.2370664866539,0.00780665903565429,0.00892234569221123,0.0254804489092692,0.00748394329052095,0.00773646202462554,0.0144850722963264,0.0144467413802738,0.0263356068104646,0.0120282960993187,0.130600838929542,0.0801033450571255,"E02000045"
1.33255757787597,0.00828599432463297,0.00625421764060712,0.0221033499300661,0.00755075708268948,0.00751071202383945,0.0157437958171023,0.0110149710204011,0.0250454122025991,0.0123181224812517,0.142903093812292,0.077796301394754,"E02000046"
1.37632948950809,0.00977481856140688,0.00455365340559829,0.0214841317239677,0.00797328193498209,0.00835246155065712,0.0161026757804027,0.0111452521942886,0.0297394699848724,0.0133822906778374,0.147269661792307,0.0760120215411975,"E02000047"
1.32513322044373,0.00893044383147117,0.00488254492974774,0.0217336240617592,0.0077757921224341,0.00788376481339626,0.0167256791246673,0.0105677211439089,0.0264213385042063,0.0129221116311646,0.141812784502811,0.0768662744388949,"E02000048"
1.34121629435999,0.00947950437278498,0.00455081077026454,0.0210848813361337,0.00791449206216107,0.00821734990082222,0.0164920047489344,0.010818411483759,0.0279252673578593,0.0131945921780522,0.143393820490241,0.0757732249194529,"E02000049"
1.29567110358424,0.00783169218477438,0.00741285010699603,0.0220287499431931,0.00733218099715527,0.00738315544024133,0.0149313999067132,0.0117003959952015,0.0241415148265025,0.0118949227603906,0.13860838785333,0.0763663686870856,"E02000050"
1.3278079787958,0.0082217935444639,0.00539209656859207,0.0200972403024014,0.0073858226595534,0.00733870840539395,0.016031913153608,0.0103799892001042,0.0229689098715436,0.0126859969387031,0.142830636459818,0.0733477670413263,"E02000051"
1.29093100538779,0.00748238875316061,0.00744967909415097,0.0193592899080061,0.00690533059313205,0.0069915639294048,0.0146634578092492,0.0110150860105276,0.0210848418099506,0.0118705211646309,0.138711905853369,0.0692214026183518,"E02000052"
1.32779279385125,0.00905263650740673,0.00464002969268696,0.019928633060422,0.00771177201778444,0.00794289908379769,0.0165188111591137,0.0104454328137041,0.0249422118550774,0.0131169614519877,0.142285000066958,0.0744999249572381,"E02000054"
1.34148642544808,0.00881557926306547,0.00474045999191976,0.0194937087961622,0.00762424459431806,0.00780545673157529,0.0166902946985053,0.0103378235122929,0.0235450406636215,0.0132704777722559,0.14407473595474,0.07309936773171,"E02000055"
1.23893378289125,0.00725739918019801,0.00654680018668371,0.0175119237509316,0.00648410473471282,0.0065667965973845,0.0147981479306271,0.00989622770096283,0.017730345462192,0.0122507365008201,0.133381699212201,0.0602916066569903,"E02000056"
1.31501550536758,0.0084017185770338,0.00474858609790592,0.0184838049254982,0.00733912372612638,0.00745253179794531,0.0163094049354859,0.0100961229496554,0.0211398458187822,0.0130255841104452,0.141469691402504,0.0702510942023725,"E02000057"
1.2896894991765,0.00771074668892401,0.00539325727906839,0.0181406658400055,0.00691131017636386,0.00691307548015472,0.0156760456152803,0.00995083060590354,0.0193102615484244,0.0126846358698857,0.139051714236698,0.0654246101463408,"E02000058"
1.32423542238704,0.00942653265465972,0.00468082627498744,0.0191583238444468,0.00765384969660259,0.00807116076981075,0.0150633285962217,0.0105810215055206,0.0228540616543892,0.0129860494025373,0.141840567643569,0.0770942943133313,"E02000059"
1.30047391257556,0.00800935917785528,0.00494882027729367,0.0180416694966071,0.00710780162857292,0.00715538482919358,0.0163627559773924,0.00997433266187805,0.0194583336607067,0.0130197845430879,0.140086306034937,0.0666226602729622,"E02000060"
1.1925180219424,0.00741958372540789,0.00536785990227084,0.0171033637876721,0.00659545246109876,0.00660963306210543,0.0160643777792482,0.00961501567011071,0.0163874073041678,0.0126997827412398,0.128025795561816,0.0581257342816174,"E02000061"
1.29229807416176,0.00847528750632593,0.00486078189767106,0.0176469974365123,0.00722847520028334,0.00745317028810254,0.0159815745320785,0.0101977321629337,0.0187482710983472,0.0130620542166462,0.138877853157523,0.0711144708782316,"E02000062"
1.25104228337691,0.00802334939924852,0.0050294439265876,0.0172966779292761,0.00700022575150708,0.00711936792527054,0.0164768800390803,0.010030650543141,0.0173471053228072,0.0129887625862714,0.134354050028173,0.0666849872943827,"E02000063"
1.19572404012227,0.00777214465535621,0.0053805716749886,0.0171823054819334,0.00685651564391438,0.00687091875895811,0.0165543753636072,0.00995443175390851,0.0160274247269715,0.0129363289889327,0.127984466931457,0.063421144908258,"E02000064"
1.47447585854713,0.00944197409441172,0.00429458998438572,0.0591484935020531,0.00659657071619684,0.00794855289067037,0.0183863311006781,0.0205318819951431,0.0305151564057118,0.0130608478145038,0.153619928592519,0.10331407272234,"E02000065"
1.58353448018866,0.010378799338474,0.00457835279273449,0.0654929132580544,0.00715181565901521,0.00859464452440869,0.0196521972698672,0.0219814576031201,0.0309468192308459,0.0140273362479166,0.16445491382445,0.117134076540764,"E02000066"
1.59238181459444,0.010440585461376,0.00473100380691103,0.0666408118695704,0.00735149734418584,0.00868348216482324,0.019676530336691,0.0219128687680217,0.032370785091483,0.0145879497908655,0.165002476585079,0.121884649862964,"E02000067"
1.63852210135787,0.0108918028830535,0.00496840804996861,0.0703508758322031,0.00782321569666512,0.00905837086265955,0.0201093714619864,0.0223850446483149,0.0339770941047473,0.0155770128765857,0.169103520315585,0.132459170030973,"E02000068"
1.70082526222116,0.0114511777723003,0.00509191708200554,0.0740211630376617,0.00808636709532468,0.00942669408031838,0.0205444219253836,0.0231886116694377,0.033541007690083,0.0159252811084967,0.17536599751251,0.139166364431986,"E02000069"
1.71583382941736,0.0115855697391525,0.00495986979412989,0.0742501054942398,0.00795893882502716,0.00954953023097489,0.0206518810669338,0.0235340552045653,0.0318921658456143,0.0153645614759552,0.177270396164032,0.135445864956297,"E02000070"
1.78853479832242,0.0121506316960804,0.00529528375650475,0.0793023675766056,0.00859213591907482,0.0100649514010658,0.0209079116334343,0.024088453428193,0.033630346787187,0.0165931376801486,0.184113267797992,0.148950262585803,"E02000071"
1.79125865431496,0.0121057492037695,0.00552841250782694,0.0803474768326967,0.00901414566801336,0.0100849938416339,0.02089120559106,0.023814337046285,0.0370079974414361,0.0178445056705732,0.18379396093851,0.158662316303122,"E02000072"
1.83241573338824,0.0124676272286611,0.00530668159467685,0.0818822763498889,0.00860908867229109,0.010539680958266,0.0210309946793777,0.0246106581628169,0.0320976595392795,0.0161487863517011,0.188775038233624,0.14679481868561,"E02000073"
1.82311701340111,0.0123882920122479,0.00550389422635646,0.0819169801989623,0.00901103547654475,0.0103094174909606,0.0209446063555896,0.0242590516330998,0.0352548668521135,0.0174964992128768,0.187240968805656,0.157920209028313,"E02000074"
1.86271278411648,0.0126781652220306,0.0054578764740514,0.0837596748723672,0.00897549306594549,0.0107218263985125,0.0211122883695684,0.0248107039655736,0.0332029098863134,0.0168638412761473,0.191603579858024,0.153655890779731,"E02000075"
1.84057096224332,0.012442511457382,0.00538514548483798,0.0825519308864372,0.00852440852883719,0.0106890427887188,0.0206486045124048,0.0244761697470973,0.0314001500641043,0.0158148390236083,0.189759417539718,0.145194953919833,"E02000077"
1.89794568813886,0.0128923154199552,0.00569015587895473,0.0859307718746331,0.00941063825543676,0.01086159130062,0.0212275662355547,0.0249685348299827,0.0349415250469227,0.0179010469405353,0.19488119507685,0.162860012762066,"E02000078"
1.9603611705294,0.0132455684513763,0.00586799153927956,0.090120380165763,0.00970875706942635,0.0116831901089334,0.0210857001677761,0.0254987892871948,0.0334862179512679,0.0175097942051438,0.20122895202191,0.161603804471753,"E02000079"
1.91844917831419,0.0127993158323672,0.00591262197749072,0.0870572086913983,0.00906944853645326,0.0113992390839115,0.0204889420506268,0.0249419153207061,0.0315287101493667,0.0162650050666278,0.197630808032798,0.150733747590794,"E02000080"
1.97492141321638,0.0133810239313235,0.005955780979759,0.090936551956554,0.0100302522614757,0.0117051500119853,0.0212238029808765,0.0256417566212654,0.0347346142462195,0.0182966426613109,0.202456440655655,0.168524277032447,"E02000081"
1.91904144603772,0.0126675289597274,0.00610218125268829,0.0851412949565843,0.00903999490775544,0.011322315214902,0.0203828162728415,0.0249380084908147,0.0309747841966427,0.0160417852522701,0.19828578032136,0.150000595332294,"E02000082"
1.97389348501464,0.0133921426161499,0.00603881454398482,0.0910561667943817,0.0102524856694511,0.011593814491759,0.0212456143543025,0.0255968948690158,0.0362454221852165,0.0190190580880238,0.20209262483693,0.174989716634959,"E02000083"
1.99615735067093,0.0133702592150747,0.00622265430416348,0.0928966408601281,0.0100105444283486,0.0121278664954318,0.0208103489703428,0.0257271048307388,0.0332101788851413,0.0174933059244288,0.204694018693737,0.161429622316962,"E02000084"
1.99299511560686,0.0132348235376586,0.00657932471145048,0.0928220531160361,0.0101467674757295,0.0121754990156065,0.0203952914569288,0.0258120295843632,0.0328375212213585,0.0172630308472477,0.204354580914777,0.15845172034682,"E02000085"
1.94903545091191,0.0129284691303714,0.0067369334406556,0.0895727277474379,0.0101141813237181,0.0119202446649071,0.0199034002841272,0.025690329961034,0.0326997993882819,0.0169518225403602,0.200023952965129,0.154525348231449,"E02000086"
2.05641289643801,0.0138270759673022,0.00666855744223656,0.0971646561079533,0.0111202085276214,0.0127327040510209,0.0210163752165839,0.0264192163682131,0.0352011711774622,0.0189268502996843,0.209968850392164,0.17233640510989,"E02000087"
2.03408680080293,0.0135520758115281,0.0071113923164826,0.096754451687857,0.0110678643764383,0.0126325816878662,0.0204157612686338,0.026459302535989,0.0344668848659542,0.0181981522529006,0.207572891921087,0.162932309070761,"E02000088"
1.94903855326703,0.0129069216143577,0.00755144090656658,0.0887555462733204,0.0107308847231126,0.0118464412778277,0.0196480388606795,0.0262468475178654,0.0343813743967369,0.0173710754316353,0.199799648549765,0.154210772983788,"E02000089"
1.96062743246881,0.0129944495399695,0.00788139937456842,0.0919338050583564,0.0111707711964031,0.012033885114483,0.0196012779295109,0.0263643633025934,0.0357922160019556,0.0178898290052934,0.200030165739949,0.154260640045812,"E02000090"
2.00805523396593,0.0132577469735592,0.00837289417074183,0.0962658249889675,0.0117521408017449,0.0123934143039328,0.0198367920456067,0.0267181413930459,0.0371004935592496,0.0186545096739834,0.204112312108726,0.157721812502654,"E02000091"
2.08411604143776,0.0137579707868091,0.00845614322871129,0.100637358116864,0.0123546788940356,0.0129789889603821,0.0204138840804138,0.0271276189002396,0.0377494656133721,0.0196129748827369,0.211583162746955,0.16675405133028,"E02000092"
1.39988319914643,0.010024965724412,0.00469192589038581,0.0219306527862847,0.00794513448095342,0.00853970623313231,0.0150204769716456,0.0113481124916834,0.0306756092174636,0.0134477600514665,0.149867409628096,0.0787524799235664,"E02000093"
1.35113747535695,0.0097726716107832,0.00462602021856205,0.0205244531407541,0.00781155406411502,0.00832026950044848,0.0150633286148785,0.0109260569580912,0.02667518272023,0.0130729322053934,0.144560620469428,0.0777931992030134,"E02000094"
1.34519976011911,0.00982809382732063,0.00460386592430783,0.021436733597764,0.00765837577346392,0.00841771130164256,0.0134749135233029,0.0110716375863114,0.028741058725468,0.0129680270439345,0.143890474962033,0.0802002702034045,"E02000095"
1.28644271684,0.00910780046901079,0.0038718021472623,0.0216681708226836,0.00722560674257129,0.0080118872054567,0.0122631711644218,0.0105116884824245,0.0319262872825515,0.0126643476516793,0.137757892024792,0.0759498120491967,"E02000096"
1.33538855161362,0.00992906975174548,0.00476189678608144,0.0204140473912124,0.00769470522472733,0.00837062269057519,0.0135987783713719,0.0109719003950412,0.0247091013552699,0.0128285814511605,0.142780002972262,0.0820635930939816,"E02000097"
1.31593541720369,0.00964207436352409,0.00442990858531118,0.0213271390133343,0.00744958779003374,0.0083325910630406,0.0127232327242342,0.0107996263545568,0.0268073836094851,0.0126891162548496,0.140763926875937,0.0818072484924964,"E02000098"
1.27289494575539,0.00914007897928724,0.00379548802196289,0.0216202319990353,0.00714785235213756,0.00798429948498984,0.0125295065768755,0.010361755793298,0.0296582818677838,0.0124601777429935,0.136222448753627,0.077644478623526,"E02000099"
1.20266431443201,0.008702679106158,0.00340829870753402,0.0212329793859284,0.00681684718624179,0.00758108343390726,0.0119280563302103,0.0100664080955677,0.0327202785758433,0.0121648623598235,0.128528844923598,0.0705760840852132,"E02000100"
1.32595908687104,0.00995515872722667,0.0047541587352296,0.0204772532855815,0.00753408841043497,0.00835790275375912,0.0130545114454728,0.01095245925533,0.0224700524569846,0.0126850052331724,0.141800366746691,0.0859881024968523,"E02000101"
1.33895227306143,0.0098758560574769,0.0049482711720728,0.019548125998565,0.00768504498759113,0.00824332168270554,0.0138974761708823,0.0109437665115278,0.0212141291126586,0.0129278912727807,0.143311326584226,0.0847544626416367,"E02000102"
1.34209131168711,0.00932871762328859,0.0050905274135999,0.0185853247160612,0.00761648763412587,0.00800055720869472,0.0153948896193533,0.0107739615268602,0.0195795309386887,0.01332946846847,0.143952324412129,0.080450617179485,"E02000103"
1.29332467908287,0.00937862062920094,0.00398040897449937,0.0213799659035515,0.00724449132560235,0.0081028209731539,0.0131171205106899,0.010447516340405,0.0247619079874076,0.0125272061177196,0.138435638058039,0.0823095566716371,"E02000104"
1.23252009804125,0.00894666503644183,0.00346443119191897,0.0215995652718002,0.00694664554011503,0.00769258867622514,0.0129627187994994,0.0100804779295516,0.032247514619845,0.0122366981203256,0.13174545989111,0.0736632714707847,"E02000105"
1.37278154216148,0.0101887262908254,0.00529403904677248,0.0199722856867841,0.00782705875410717,0.00838403269110161,0.0143155387745025,0.0113333112250488,0.0201050644625435,0.0132196834054842,0.146913485771447,0.0911572771844584,"E02000106"
1.28999291402442,0.00874152431312061,0.00544125574729858,0.0178935708774086,0.00739842603585062,0.0076031910221993,0.0159740372650933,0.0107151439187174,0.0175599385527868,0.0135210676225535,0.138183142782176,0.0793084374663479,"E02000107"
1.18955590227144,0.0087517482903763,0.00328189156036404,0.0213078514145602,0.00673368485192875,0.00742394340284556,0.0126624042287978,0.00990290402126545,0.0346088698122101,0.0120059059666652,0.127013952090722,0.0679417542755559,"E02000108"
1.35652214554134,0.00954279291553278,0.00563871646946222,0.0190068855449256,0.00779978912344664,0.00811607901949363,0.0154268157456182,0.0112583849367315,0.0186470253736983,0.0138531901322437,0.145244107021461,0.0888140611396628,"E02000110"
1.28856188889992,0.00928040541474506,0.00364605464383985,0.0220420554733929,0.00725334750503777,0.00798646736825091,0.0136194356756368,0.0102790840653265,0.028642099814286,0.0126515252203176,0.137860733272799,0.0799724214954323,"E02000111"
1.36374608812029,0.00987808829416014,0.00422305919866628,0.0217558691638783,0.00761101156510873,0.00842646766560519,0.0142239938528939,0.0107553797630763,0.021918331219347,0.0131415027442408,0.146092625629139,0.0905855677822581,"E02000112"
1.42362951760705,0.0107073806092769,0.00542058716229515,0.021279774056784,0.00809178556844234,0.0087818939091225,0.0144987522339191,0.0117189100259795,0.0203858453045689,0.0135711225656214,0.152277340642338,0.0980467278606401,"E02000113"
1.37411347119616,0.00973133426482711,0.00610292487185825,0.0195220774652611,0.00807710485984157,0.00826053750766052,0.0157167869593543,0.0116435966139138,0.0185463962055843,0.0144768516643211,0.146833765135086,0.0946034666517011,"E02000114"
1.27933561520532,0.00882620983688713,0.00604256526611317,0.0183332200808161,0.00764955892604551,0.00766772880442248,0.0164769242073285,0.0110574061465514,0.0170433412213445,0.0141044311168814,0.136462082623679,0.0822140579092281,"E02000115"
1.42003023466953,0.0103786517001553,0.00627681131538698,0.0205893860500286,0.00835952913153589,0.00861684961115561,0.0152868027835417,0.0120900778608313,0.019282659108652,0.0145971842809734,0.151635936595801,0.102191110355999,"E02000116"
1.45497737050739,0.0109453016716444,0.00613599306097427,0.0214963065971054,0.00848193807338017,0.0089166072057879,0.0149751204084831,0.0123132571216203,0.0199477458438348,0.0143545247044715,0.155383647109376,0.104954728794425,"E02000117"
1.40434825238433,0.0100832546210921,0.00417746684504543,0.0224887686047298,0.00791016752806311,0.00864495416753191,0.0147166526898224,0.0109029516425817,0.0227912836618973,0.0136113648056869,0.150447822451792,0.0933160246287741,"E02000118"
1.49581855334617,0.0112136613537657,0.00539361372037657,0.0229860429137967,0.0087537984550541,0.00934390087462959,0.0155175833646892,0.0121210415830996,0.0208295094568561,0.0147220622560014,0.159803429503348,0.109714790852753,"E02000119"
1.24783858734234,0.008978065048183,0.0071104415216186,0.0190927695027799,0.0078026160942631,0.00772840736796368,0.0171096943579628,0.0113781974289742,0.0165051117957952,0.0142958148151494,0.132112319151631,0.0804327424812687,"E02000120"
1.3731296999731,0.00982286263516623,0.00386127907461782,0.0228524633516661,0.00783318351571037,0.00845030373904406,0.0145745086736029,0.0106921723535008,0.0270735609241572,0.0135248981224693,0.146966166424275,0.087984605005748,"E02000121"
1.36312216821692,0.00968389512648298,0.00657215226176724,0.0197144975927883,0.00832941513435011,0.00827900182319215,0.0164087592822682,0.0118631887190929,0.0182149557424263,0.015114682760566,0.145166058082974,0.0966581762485449,"E02000122"
1.5015395482021,0.0114100714308332,0.00694544688149195,0.0226021897062059,0.00908656053142613,0.00935780543941204,0.0157082257248054,0.013038977075808,0.0203003240945334,0.0154409786993293,0.159831586110967,0.115877896792113,"E02000123"
1.33773365943508,0.00972668472335211,0.00717100169557711,0.0200776053911964,0.00850459035883326,0.00838214641361669,0.0170859694509314,0.0121342644096698,0.0179465110483355,0.0154439172202021,0.14172731846436,0.0965672312042356,"E02000124"
1.44297103645825,0.0106154884786742,0.00716875195656311,0.0214163965523608,0.00900305624463245,0.00894406584099356,0.0163261389835359,0.0127027706004211,0.0194226725039258,0.015926889588956,0.153327415492892,0.111623180282723,"E02000125"
1.27528566197545,0.00957580033445648,0.00872909068904928,0.0201910618934335,0.00821980890526329,0.00816216726865788,0.0174254896623708,0.0120622337368785,0.017008746181364,0.0148219240823331,0.134044367171093,0.08616303925705,"E02000126"
1.97131940052795,0.0125793523126597,0.00915080273501037,0.0675722069577808,0.0114286068082476,0.0110452241493004,0.0202208064240265,0.0274526092852364,0.0436785965288571,0.0172729014805381,0.206480800186698,0.143940248584843,"E02000127"
1.92108658393038,0.0125768706749734,0.00962033703687129,0.0850946240092249,0.0114588821572164,0.0113576574461644,0.0191762345575848,0.0266775396619279,0.0417506486513466,0.0181043354974842,0.19663620318401,0.146368329379398,"E02000128"
1.78477550224722,0.0106895823956699,0.00830918725714724,0.0379386902099794,0.00761667476543276,0.00803835237782797,0.0174765331125046,0.021248233960457,0.0432164412726625,0.0115140379206838,0.192341357082359,0.000318742099034625,"E02000130"
1.83917376750108,0.0104630601756208,0.00868211480091372,0.0362781961404462,0.00749699812999378,0.00748023372587681,0.016226337152127,0.0203713949923557,0.0439898277050879,0.0110486572034161,0.199050402277324,0.000240646495502888,"E02000131"
1.81580355553621,0.010948472584123,0.00822769760360412,0.0415119680160789,0.00798968836525364,0.00864057575806872,0.0189023321236285,0.0226312397105935,0.043751919595438,0.012342008774323,0.195160441698937,0.000586877809947108,"E02000132"
1.91793558935901,0.0122002666081414,0.0116808788877868,0.0835041323180922,0.0112179083376524,0.0106325399180267,0.0187121501446972,0.0268005395732615,0.0550790541947919,0.018266818812447,0.19652326723945,0.130549434292331,"E02000133"
1.88501334454717,0.0117426026635485,0.0089614606947587,0.0641319544340251,0.0098163145314108,0.00974242219103597,0.0190820164018966,0.0262666939462189,0.0539457607276495,0.0161045649608017,0.198343589702881,0.107565948796061,"E02000134"
1.78922066503867,0.0103937882905413,0.00871388691077593,0.0391350779181047,0.00762102691836779,0.00774984328875709,0.0169134681589239,0.0206810410903417,0.0443533365608518,0.0113246545662611,0.1928529513538,0.000263971097022788,"E02000135"
1.98475036823998,0.0126247608786107,0.0123225473678469,0.0944144140764215,0.0120745925712923,0.0114792875235078,0.0190096094887366,0.0269482915341664,0.0482319989525938,0.0192805034930741,0.20107461379304,0.145087508732839,"E02000136"
1.87726834127544,0.0112217202960817,0.0088031211794534,0.0554347621786069,0.00901143098490726,0.00929238913406787,0.0193231821544386,0.0245724959416265,0.0475289238216135,0.0144729775858913,0.199650055152115,0.0843794779519679,"E02000137"
1.85235702678696,0.0108192144907069,0.00878125118418536,0.0489642049306293,0.0085456646447633,0.00895049092049454,0.0192379915489402,0.0232827167350539,0.0452070011449433,0.0133503919831122,0.198131306531644,0.0682509857622093,"E02000138"
1.77243205608304,0.0104541114702422,0.00869626261684451,0.0419096177869824,0.00794182242885732,0.0082779633285834,0.0181330081422117,0.0215868306542969,0.0441392264945169,0.0119926456754801,0.190257980612141,0.000399229291105095,"E02000139"
2.02666874585194,0.0128224710333954,0.0120468698489223,0.0983969400990784,0.0124811154316085,0.011916716595206,0.0192860217200094,0.0270117394297973,0.0455518892147154,0.0197433326170377,0.204892155597924,0.151803367397023,"E02000140"
1.76982094813978,0.010266318561158,0.00875916265692001,0.0423489383329417,0.00776175103313673,0.00796375481780292,0.0174443626724674,0.0210312075238383,0.0447291683055256,0.0118218467680518,0.190140022795086,0.000303873955038067,"E02000141"
1.90386044487681,0.0118775124116951,0.010365222159061,0.0779098510702798,0.0103450832261086,0.0100052435861692,0.0187132490836638,0.0266120388738025,0.0560984639423182,0.0172855215078512,0.197211278633211,0.114122239422453,"E02000142"
1.87811987094152,0.0113687884101686,0.00969359410579026,0.0706701624680508,0.0096621403098913,0.00958930283609957,0.0188260656961462,0.0253582199190984,0.0500976483509388,0.0158770735872796,0.196459407390246,0.0969225845638089,"E02000144"
2.13124408689035,0.0131252757647978,0.0137129743827204,0.105219462629195,0.0132380810195836,0.0123905718142643,0.0196417940185259,0.0274963066607897,0.0474809559562559,0.0209272747896201,0.214910347702862,0.160820203570084,"E02000145"
1.93427446656729,0.0117625847840869,0.0107781253045574,0.083690289477207,0.0102175235078987,0.00991406334629058,0.0184952449216607,0.0262150499396686,0.0530702013410584,0.0172055153360267,0.199731511128543,0.108006734142348,"E02000146"
1.91774641372885,0.0110055053814568,0.00972220394286973,0.0674003950904534,0.00929286934491986,0.00939119426917944,0.0193329950100784,0.0244827930707191,0.0476435388245535,0.0151197924917122,0.202225750923314,0.079815948336497,"E02000147"
2.00206273804007,0.0122610005841851,0.0128408093816243,0.0936203194531155,0.0109443064774218,0.0104595496574924,0.0183676196428583,0.0268071723269703,0.0567543041199377,0.0186870672355957,0.204409053530483,0.122427818009048,"E02000148"
2.09408622965095,0.0127986230663819,0.0155963069009866,0.103614610849382,0.0123131640027783,0.0115193146204475,0.0189081696346313,0.0273456514414153,0.0544530718869982,0.020239233727533,0.211075289041514,0.144668432712594,"E02000149"
1.85734856023759,0.0104296351362632,0.00924417201439584,0.060201996462902,0.00858042216339343,0.00887095325130062,0.0191284296019984,0.0230623128586166,0.0461511649512245,0.0142179981487343,0.19711627191551,0.0609744611052526,"E02000150"
2.04888991628153,0.0124105844607936,0.0139744473660474,0.0984963179390848,0.011250477163628,0.0107431976071619,0.0183286870362374,0.0268301867567327,0.0557231810217716,0.0191252187898609,0.208366983348141,0.129174821683898,"E02000151"
2.03933277384894,0.012161739642098,0.0121874776282847,0.0949542328149653,0.0106319269147395,0.0101934295023071,0.018370406521815,0.0267605241933662,0.0539165129293922,0.0182454297231777,0.209142401564248,0.112260919235666,"E02000152"
1.95741089696241,0.0113483385155825,0.0104149704882151,0.0811688579267066,0.0096922161800088,0.00960283036569299,0.0189259217808419,0.0252367048148589,0.0488212002165815,0.0161798870774126,0.203713841116181,0.0881474579041705,"E02000153"
2.10358625005866,0.0125920977918976,0.01498106732466,0.103090976106581,0.0115777277217157,0.0110182623378134,0.0184226367194135,0.0270248250644589,0.0551128442522916,0.0196056288655422,0.213340258222628,0.135599189909151,"E02000154"
2.1654170962896,0.0129335674114518,0.0167663870808568,0.108789499053425,0.0123677175456738,0.0115725843855716,0.0188577990757954,0.027562776987474,0.0556779130545437,0.0206219839814949,0.218148489316681,0.146611193077592,"E02000155"
1.90985415802332,0.0108986415297837,0.00983770168994172,0.0743945398404946,0.00905906805308492,0.00923549133317743,0.0194759815551031,0.0243518391078527,0.0474702837663746,0.0154857656618683,0.200110522134313,0.0703648305790679,"E02000156"
2.11579092799692,0.0124508473082982,0.0135666915017234,0.101629401113588,0.0109983004144872,0.0105366799546412,0.0181591748201849,0.0270160110660565,0.0544898755551599,0.0190817013982439,0.216171261375449,0.122191594664092,"E02000157"
2.20639458909773,0.0129667740002928,0.016827113998435,0.110879495370649,0.0121489204185159,0.011425641008353,0.0186754433287025,0.0276725451769276,0.0563974095672744,0.0206075407772644,0.222879925842482,0.144250753786462,"E02000158"
2.12927966253562,0.0122571827840086,0.0119416660993016,0.0996467776977199,0.010380924978847,0.0100444994863087,0.0185314178085411,0.0268636604782033,0.0505163027836492,0.0178442575491963,0.219190138452168,0.101531022735594,"E02000159"
2.01352972782826,0.0115872463712053,0.010674965301668,0.0879365374465946,0.00965222973514445,0.00961733694429468,0.0192600214277629,0.0257218414278787,0.0488113243751446,0.0165507320705618,0.208854204547579,0.0833313226905001,"E02000160"
2.18325103042247,0.0126921689507897,0.0146598781669184,0.106895809047853,0.0113295801740197,0.0108237218882641,0.0182117222508415,0.0273565887235573,0.0547284158356985,0.0196794472197603,0.222509650132962,0.130029203457342,"E02000161"
2.26286366264108,0.0128768739292061,0.013194493025617,0.109179498024943,0.0108023288107309,0.0103857892688354,0.0183357180667247,0.0279710324782522,0.0515194186048854,0.0189269331170907,0.232363881760414,0.113740672585262,"E02000162"
2.27204735459092,0.0130151514592576,0.0158750211388041,0.113212747887676,0.0117100788552579,0.011145304768904,0.0183562494029049,0.0279074607994639,0.0550849924595843,0.0203870552220917,0.231082732076394,0.139839240329761,"E02000163"
2.09307649690274,0.0123734495541476,0.0112902073138999,0.0973250877650512,0.00971490192531115,0.0094548281227034,0.0198966442836974,0.0273070173955031,0.0489796375438619,0.0168266894959682,0.21581591967507,0.0891017518107854,"E02000165"
1.02397269287799,0.00694035678509276,0.00733098927589135,0.0159490071178619,0.00575833900712092,0.00609917984551976,0.0137919837082641,0.0101853744360163,0.0139716783393435,0.0120836409171987,0.108488773163113,0.044851713567012,"E02000166"
1.04496182029799,0.00698288593211998,0.00720851045025753,0.0164603640302307,0.00601860213198827,0.00605941221518524,0.0146009325306457,0.0093883258424393,0.0138223462924717,0.0123875624460872,0.110792131049794,0.0470818729868935,"E02000167"
0.955600658978882,0.00738812461016617,0.00609729794960032,0.0160137833967466,0.00577015911489968,0.00635319293027694,0.0135909958217965,0.0121927622424331,0.0135272766323711,0.0123279171576695,0.100392201643155,0.0406592416478542,"E02000168"
1.09715277808761,0.00739583864708981,0.00655910355766674,0.0170848793513886,0.00648449438872685,0.00639483035689593,0.015761807056746,0.00962659271439165,0.0143700809190656,0.0126469806538743,0.1165402232522,0.0536985071856019,"E02000169"
1.19533071929009,0.00799687473612395,0.00574488122482847,0.0175044417864686,0.00704535262568604,0.00701024459991418,0.0166335218039351,0.0102384907250637,0.015810433500852,0.0131873083501562,0.12755844857045,0.0667605883855599,"E02000170"
0.964118231286748,0.00744270906867622,0.00760139717503994,0.0160315705403293,0.00588108402312024,0.00615932017247443,0.0140190031355577,0.0102619575923471,0.0129967663974515,0.0127850207208611,0.100799048965169,0.0403303207657862,"E02000171"
0.936337327555681,0.00757736964549147,0.00645694914726724,0.0159979300169287,0.0058958412134155,0.0063366925775402,0.0137266899670592,0.0114578395635817,0.0129985576638489,0.0127116195340704,0.0977459067764612,0.0392415906440688,"E02000172"
1.04108932277592,0.00768024900787863,0.00850509233369359,0.0169846221541589,0.00633360644843442,0.00635268648167482,0.0150477517504035,0.0100001076773984,0.0136066439841132,0.0127590992409924,0.10910637138303,0.0482654690268486,"E02000173"
0.941185254878479,0.00764837514792411,0.005531018029551,0.0163349007976584,0.00590978461696344,0.00655133525508868,0.013512052821151,0.0139614067552416,0.0135146976088636,0.012429365894965,0.0984384140153733,0.0396421053923966,"E02000174"
1.14140808627894,0.00798938455321966,0.00688549391163064,0.0178624443227944,0.00693241468297847,0.00686567534126466,0.0163715675613762,0.0102671011379323,0.0149130850026901,0.0130710083694864,0.120916354513454,0.0622176166104873,"E02000175"
1.02620788902135,0.0079473018772978,0.0087561948101326,0.0169760019558668,0.00634404823825395,0.00644043510868125,0.0149498897329884,0.0103004889491531,0.0134810445184046,0.0130165928543081,0.107016184446795,0.0469464478976662,"E02000176"
0.947846721399622,0.00786910464028891,0.00703913599325552,0.016297041650977,0.00609048711497324,0.00643289663744796,0.0141125803609006,0.0111011176093965,0.0129250970602672,0.0132014666208519,0.0985266678309473,0.0409131787922206,"E02000177"
1.2127042394774,0.00842910820773934,0.00640115692218634,0.0182327550452968,0.00738094600778369,0.00730492427337869,0.0169026075507926,0.0107414455254851,0.015927927596079,0.0136721631161377,0.128871675220506,0.0723292430998544,"E02000178"
1.01259057267401,0.00818900750491391,0.00863058694254508,0.0170242200061114,0.00640056204489777,0.0065461458339549,0.014928205916449,0.0106403968163941,0.0133693918882141,0.0134309345342949,0.105187026501011,0.0460107074202885,"E02000179"
0.951398527774352,0.00775906541641886,0.00524442512965906,0.0166453957579636,0.00598536528962849,0.00668341116661765,0.0135489206473757,0.0155409611732606,0.0137196079057443,0.0123777792982578,0.0994886300706475,0.0398465406670011,"E02000180"
1.15566074188996,0.00840947160954235,0.00813827143612595,0.0185244545197846,0.00715165644663921,0.00710328593350537,0.0166248508231911,0.0106965252162401,0.0150363952442716,0.0133572167069634,0.121695767035362,0.0645107189125064,"E02000181"
1.08468784701203,0.00865132261184685,0.00966304453896365,0.0180601558735039,0.00687163899338184,0.00691685422592546,0.0157608434546744,0.0109616328351649,0.0141363877355878,0.0135322094610889,0.11265090937108,0.0541464031994,"E02000182"
0.968734036078374,0.00831239514446987,0.0070970791171736,0.0167679215374216,0.00638374591169583,0.00668238358738832,0.0144223471088359,0.0118571207266732,0.0130830876463045,0.013809447882914,0.100388916787428,0.042993118156068,"E02000183"
0.960333853048457,0.00805452356469981,0.00553354510268327,0.0166129744464655,0.00619181004654712,0.00668651020753548,0.0137922275333905,0.0153893536068829,0.0133268956703619,0.0128270148443041,0.100133898490062,0.0393185381759606,"E02000184"
1.19443607451702,0.00890715827405343,0.00899739701556699,0.0192744045267942,0.00750770797827454,0.00746801221516444,0.0170650748315605,0.0112305804069528,0.0155776147521439,0.0138267220704385,0.125334557475917,0.0702475419852617,"E02000185"
1.01406310372458,0.00879985686737631,0.00636119234648052,0.017359356884321,0.00666727528084844,0.00698326518473004,0.0145835305457648,0.0148110683414804,0.0135292714189256,0.0139177526027851,0.105400254018817,0.0455717923730401,"E02000186"
1.0073097699577,0.0082498671185366,0.00519125295728117,0.0172170039136707,0.0062283727748577,0.0068526018671677,0.0139622112877795,0.0179402249018051,0.0140156590915792,0.0122208911081499,0.105547365016957,0.0434812459305838,"E02000187"
1.05941292926863,0.00905724984811926,0.00597354513623166,0.017775371799041,0.00673219358517615,0.00710996369030559,0.0146725675515927,0.0172351339774594,0.0139769206748607,0.0135619370398491,0.110639813072214,0.0485675869963571,"E02000188"
1.14469970783527,0.00961640720258096,0.00587007723551004,0.0186699015829621,0.00689419678445459,0.0072588994556267,0.014907529220097,0.0199193574231549,0.014817971398626,0.0128638177149105,0.120283345340196,0.0564613591724645,"E02000191"
1.1703114243553,0.00927034458012491,0.00520413554558386,0.0190975287170693,0.00657191740669665,0.00691169047655688,0.0145283813922574,0.0230976636871453,0.0161553581873097,0.0108751181314181,0.123845515133342,0.0552502667445131,"E02000192"
1.19625235661474,0.00976119350397213,0.00550765862160282,0.0191422535322043,0.0067783789011861,0.00706760739440604,0.0147111101933925,0.022066176669252,0.0156928656671864,0.0113972617630307,0.126495906561573,0.0593379874964621,"E02000193"
1.85129494473663,0.0104054214674629,0.00869029287977478,0.0367695494606894,0.00738134231918236,0.00724181276283016,0.0156395374374763,0.0200732402184595,0.0445128789842449,0.0110032405644052,0.20056621869009,0.000213954390749178,"E02000194"
1.93809608369867,0.0106382593762215,0.00881601859798531,0.0379864330850231,0.00746167203720693,0.00721952706958546,0.0157480963737855,0.0201814656310749,0.045179765435379,0.0114086795747885,0.210380057380546,0.000200776640389529,"E02000195"
1.92531869669285,0.0107108099501265,0.00886467239949933,0.0424620188865874,0.00751137427352992,0.00729049915904026,0.0160851077874354,0.0204143040136494,0.0466072817893861,0.0118461250991879,0.20837398966626,0.00020462855073778,"E02000196"
1.92446830450476,0.0107949937836225,0.00895388165793374,0.0463819224818617,0.00756582348462648,0.00734551202931982,0.0164881026859501,0.0205977736830127,0.0473822902040648,0.0123468879125117,0.20774267577543,0.000218384170472282,"E02000197"
1.87359037495513,0.0106801793286186,0.00880449289698836,0.044071596313746,0.0075155160662353,0.00743523851195011,0.0162964828519096,0.020742722037373,0.0470863170720226,0.0116770744537084,0.202153639754644,0.000206570882437137,"E02000198"
1.83255955774053,0.0105716860438285,0.00877605056667638,0.0450057213717447,0.00752459242145238,0.00750941602709053,0.0164698278290598,0.0207974457536219,0.0466517000454337,0.0117597799688633,0.197278589990878,0.000218636214422525,"E02000199"
1.78152397110444,0.0103200325135364,0.00869915067626512,0.042863181419689,0.00751232786874586,0.00755769287042884,0.0164590874923674,0.0205745647611174,0.0455850103528835,0.0116108721643139,0.191681866242374,0.000239844621808214,"E02000200"
1.74524895808946,0.0101455864747544,0.00869524958181135,0.0441799650096408,0.0076038720323541,0.00772682759785834,0.0168783332740179,0.0207550723333556,0.0451680320192764,0.0119226784399072,0.187246539653983,0.000285008697412233,"E02000201"
1.83283612198704,0.0106506919088303,0.0088368259095696,0.0493495996729705,0.00748420586350177,0.00736169862919826,0.0164666750694197,0.0208000455150207,0.0472924481226445,0.0121640526371975,0.196763155073374,0.000227677604452942,"E02000202"
1.80113595586573,0.0105135081500918,0.00881437139272309,0.0497069366919178,0.00751153671906892,0.0074777908652859,0.016661706538302,0.0209514694956847,0.0468884713205592,0.0122492658838895,0.193001588219742,0.000238462812301831,"E02000203"
1.80694536742262,0.0106537288284478,0.00888590577401773,0.0529196291277687,0.00748072362715587,0.00733975050566919,0.016716270157584,0.0208080083004112,0.0473316629723578,0.0125130376211425,0.19321913169682,0.000260566551931367,"E02000204"
1.7463688716165,0.010212074674951,0.00879408927392793,0.0517614594848703,0.00753594653526844,0.00755523609288637,0.0168772503852799,0.0210476244775205,0.046230388428557,0.0125984801076575,0.186340180088688,0.000291629110787196,"E02000206"
1.74220027578226,0.0100695779007463,0.0088259666183942,0.0532865618689775,0.00779146644085679,0.00794255017763666,0.0175839257301598,0.0215619084065069,0.045633132479938,0.0130837599213587,0.18543696166187,0.000401851822821723,"E02000207"
1.74889371203668,0.01032068721453,0.00885093688440625,0.0544272265622954,0.0074593424239296,0.00738888450543397,0.016792468097239,0.0208915993672847,0.0466725848471252,0.0126808447298471,0.186257532531952,0.000300536010662935,"E02000208"
1.74935068677825,0.0105065096508049,0.00892104438892011,0.0558740820263206,0.00744767724630241,0.00730307603663223,0.0169447360335793,0.0206722935752424,0.0469279909410419,0.0128390987057273,0.186047154933544,0.000351607121950709,"E02000209"
1.73465731996526,0.0100824118256496,0.00887688408896374,0.055871239176685,0.00768838421876423,0.00777069694539901,0.0174372116626064,0.0215370212700339,0.0459751441291973,0.0132192607682423,0.18419639653866,0.000392757013413353,"E02000210"
1.76653584559401,0.0101715000485873,0.00899928828137491,0.0597830428781005,0.00816431926656432,0.00839787776834179,0.0184994891957178,0.0224544295695638,0.0457427338402324,0.0139634385639886,0.186865328582455,0.0537701238096235,"E02000211"
1.7116967152598,0.0102136739994849,0.00892858932757493,0.0575146929249182,0.00743100511369639,0.00732862019015726,0.0170199170223621,0.0207097179592127,0.046487850539059,0.0130228162884558,0.18140719601492,0.000461960034158042,"E02000212"
1.71558447243952,0.0100855902012279,0.00888468123449409,0.0569208225928207,0.00748768857849143,0.00745185623365764,0.0170242593262261,0.0210689626057622,0.0462328871605317,0.0130294116437175,0.181943320684942,0.000403669788282329,"E02000213"
1.7294921456374,0.0100768249318365,0.00896287854506563,0.0598327489320984,0.00787144131823439,0.00800176162765632,0.0179341320673332,0.0220537379477924,0.0458123134419423,0.0137748450395016,0.182728439941629,0.000725713329477278,"E02000214"
1.7154460162811,0.0100220595235979,0.0089372168678028,0.0588032487166602,0.00764359523336685,0.0076770234773802,0.0174601622918767,0.0215975568042078,0.0459752172218012,0.0134276065490045,0.181460246876404,0.000532049806990927,"E02000215"
1.71762064870132,0.0101031310256955,0.00916415410201514,0.0647471125422506,0.00781321567391419,0.00784284765697756,0.0180177170184128,0.0222473218703938,0.0461142491103085,0.0140622519053063,0.180381559252243,0.0514383580775064,"E02000216"
1.73532451224453,0.010164630662351,0.00917030339511336,0.0628327758069827,0.00755100776564786,0.00748592486809696,0.0176649082017607,0.0213241362223278,0.0466269159500329,0.013643566087377,0.183090597348146,0.000640949577614317,"E02000217"
1.82796840159155,0.0106742972374418,0.00951860681076571,0.0710816019821435,0.00863244950849325,0.00881363425283614,0.0192470612572261,0.0237624728537192,0.0467199566657122,0.0151133581552343,0.191406618279253,0.0629985217377363,"E02000218"
1.78940760930014,0.0105861862456755,0.00952031555548573,0.0721072098884646,0.0083963328519927,0.00852057409219448,0.0190354935220063,0.0236265403842589,0.0466466896818218,0.0150647817325116,0.186766652100236,0.0594829809086747,"E02000219"
1.72858506189489,0.0101889227844212,0.00950225576435428,0.066307955185182,0.00768644670962947,0.00758559804596871,0.018131417094556,0.0216458844099173,0.0466688589329883,0.0141444891055543,0.181434799378852,0.0535158460497863,"E02000221"
1.73017125790102,0.0102498119035893,0.00947996738140942,0.0692191314662447,0.00788445339360832,0.00782563603782589,0.018303328954847,0.0225185200676868,0.0465116155678352,0.0143751360876497,0.18081549567031,0.0550972395569602,"E02000222"
1.89714281349105,0.0112402007729947,0.0101001469888894,0.0817559020747921,0.00896594580191807,0.00903219762769781,0.0197578922409573,0.0250400894986696,0.0475909600492753,0.0158998424240268,0.196853375677419,0.0696335356218719,"E02000223"
1.73280059018421,0.0103332615096723,0.00972842265299258,0.0700757173296843,0.0078996814102438,0.00777456737566137,0.0184865798513046,0.0223836085672279,0.0467802638058499,0.014505504193476,0.180882305389088,0.0577868767554671,"E02000224"
1.93058638596703,0.0114565688488201,0.010319146491293,0.0849764503594099,0.0091133881944049,0.00912192248260331,0.0198783968120679,0.0254889747632188,0.0478751586571193,0.016111466591709,0.199935365195644,0.0729061495317555,"E02000225"
1.75349216006997,0.0105638249247706,0.00971398093231997,0.0737315841799177,0.00819519466480266,0.00813163555514667,0.0188309294010672,0.0234988150381375,0.0466989547133776,0.0148596062900785,0.182221232996119,0.0601885850959861,"E02000226"
1.8516931039352,0.0111394938995185,0.0100979070153559,0.0809227761750571,0.00872428898747085,0.00871008980185827,0.0196568671689369,0.0248430942839083,0.047355156400344,0.0156538207269416,0.191753729212023,0.0672675232358348,"E02000227"
1.77507850088141,0.0106414940121294,0.0100537119663416,0.0755435726169689,0.00819535748429667,0.00805335958379933,0.0190509149547991,0.023427410886232,0.0471506707652906,0.014990322538716,0.1843505277232,0.0622761223938024,"E02000228"
1.96492313952974,0.0117009923787812,0.0105749246819702,0.088380531962122,0.00924349484733937,0.00916094480142594,0.0199669840401349,0.0259938329282256,0.0481246394815976,0.016276827697671,0.203075441962457,0.0767245877932304,"E02000229"
1.71865155723149,0.0104194324682474,0.00997197844256643,0.0691192079842632,0.00793140116393805,0.00776446170602591,0.0184770422522485,0.0222386914463189,0.0468651742609675,0.0146661701940517,0.179300852128266,0.0616246273044126,"E02000230"
1.6636632388689,0.0103474376254267,0.00996168928079424,0.0638211830062271,0.00780073437401201,0.00763358526086067,0.0176465871951267,0.0214910985785991,0.0462512448585098,0.0145897184879403,0.173975877992755,0.0648080976867705,"E02000231"
1.81224035708885,0.0110038004725262,0.0102595682598817,0.0799006152939836,0.00848520608778255,0.00830394092279114,0.0194625242113632,0.0244330820724133,0.04731516837991,0.0153002656481467,0.187437217972444,0.0676230109534472,"E02000232"
1.73802936403938,0.010687647809204,0.0103728093263364,0.072055685687297,0.00817827458224568,0.00795299307335198,0.0188815723057255,0.0229454667800266,0.0472071758578271,0.0150570476553693,0.180621836251204,0.0679307176247405,"E02000233"
1.66903129498552,0.0104902388759898,0.0101881273616266,0.0660432489113444,0.00797867759461397,0.00775986345088244,0.0179109401505485,0.0220330927768177,0.0464666148845102,0.0148154206205916,0.173913594139472,0.0692773183459257,"E02000234"
1.77784409263366,0.0109180753359833,0.0105564939259737,0.076023877192711,0.00838751663838296,0.00813679043181251,0.0193904025910556,0.0237320412125494,0.0475324034967554,0.0152616536251088,0.184241448293697,0.070351506816534,"E02000235"
1.64344524390229,0.0104806221864446,0.0102681684004733,0.0634797012738833,0.00793915330033626,0.0077252304452244,0.0172724273877422,0.0216715540232556,0.0459577864581573,0.0148931892362221,0.171418498279073,0.0748940726902489,"E02000236"
1.72056812672155,0.0108544800506952,0.0107073128219037,0.0706212652035367,0.00831538493285819,0.00803150236484616,0.0186158967035682,0.0231055527221489,0.0471486913750339,0.0152686960624074,0.178614193161154,0.0771762204033499,"E02000237"
1.1063141941906,0.00837684917951483,0.0031142945046191,0.0202986118282504,0.00642064407130111,0.00704563712385965,0.0120565345036842,0.00972968681981226,0.0311945299506168,0.0116890355362975,0.117810519520593,0.0596576685538949,"E02000238"
1.20637845217611,0.00886103587320151,0.00330901767127975,0.0215744789678165,0.00684966285314518,0.0074688496694959,0.012837033982689,0.00996429574536525,0.0358452334931903,0.0121686766847578,0.128825245717802,0.0681638915005803,"E02000239"
0.983790630333628,0.00800934330589972,0.00309113737958194,0.0194267292168895,0.00629532951594484,0.00681949411561785,0.0117039385742529,0.00981073201187197,0.0274046839010912,0.0116154552484935,0.103670583100303,0.0550513802530658,"E02000240"
1.03360087401776,0.00820177980700909,0.00313271671889733,0.0198117138226142,0.00640595154415582,0.00692874087490958,0.0118965888435624,0.00986901758693898,0.0283614771951845,0.0117205519039578,0.109365990639413,0.0570966055206174,"E02000241"
1.30913205706545,0.00941266275540366,0.00359051929833572,0.022691405003725,0.0074989386675319,0.00804166624404537,0.0139435627569825,0.0103979683072707,0.034402454114836,0.0130555982211008,0.139958685186157,0.0789590804205219,"E02000242"
1.20169187181369,0.0088137555692823,0.00327952624961996,0.0211912185319428,0.00677947045310357,0.00728946326601662,0.0126447039300763,0.0101112390293636,0.0331710282492637,0.0121950851346923,0.128460295546955,0.0624328541798726,"E02000243"
1.28076848266789,0.00927161822499672,0.00348632002096177,0.0224599989847238,0.00733281848549068,0.00783047513609556,0.0135945777832413,0.0103796080622363,0.0362029536946993,0.0128980013414607,0.136883753732454,0.0739081251940579,"E02000244"
0.978786978980481,0.00816651414487275,0.00321717382792413,0.0195694980810659,0.00650235145331842,0.00693264395762256,0.0118702208935666,0.0102434194574378,0.0269628253984897,0.0119378945782487,0.102778559428013,0.0576054108628826,"E02000245"
0.967230050134431,0.00821715899617779,0.00326420503365342,0.0195821321773605,0.0065444824469952,0.00695803702431719,0.0118894906406647,0.0104727287874368,0.0265765104372405,0.012053293894516,0.101310111204563,0.0580719001145923,"E02000246"
1.0501584707521,0.00841188085811637,0.00326724202260801,0.0200910470016974,0.00665201297815986,0.00707521668410478,0.012211051544395,0.0103050974507081,0.0283032563519585,0.0121283129683442,0.110971124938204,0.0598905549904639,"E02000247"
1.4864054952228,0.0108700286086573,0.00432490474523769,0.0239145203135251,0.00874660011609669,0.0093174324354328,0.0158369752373073,0.0116282550052615,0.024290614088328,0.0148144498211042,0.158877449302462,0.103521132950404,"E02000248"
1.17651368496909,0.00892577728004246,0.00340380132814682,0.0211709630337655,0.00699596658363894,0.00740506525898337,0.012921648591357,0.0106480270595701,0.0310368119226807,0.0126896492335512,0.125254691483792,0.0650961082997979,"E02000249"
1.40110444015925,0.010222884974758,0.00387744563072103,0.0237318956360025,0.00820296420179648,0.00872813693869161,0.0150331168053952,0.0111706522500445,0.0308260004009903,0.014180550757092,0.149672527014779,0.0907700237494547,"E02000250"
1.12250987509934,0.00880353245244492,0.00341088368771289,0.0207607642536515,0.00694797811908155,0.00733017677478651,0.0127872236976504,0.0107858428799964,0.0295883266698727,0.0126827210380572,0.119002981326557,0.0640270092884469,"E02000251"
1.61087792577483,0.0124352575648755,0.00653494899004026,0.0250532392576433,0.00999167135884212,0.0105493773892783,0.016699070375406,0.0136051146029956,0.0221330534790204,0.0164302405373694,0.171302267905139,0.129428500109191,"E02000252"
1.31786060557073,0.00953614910054607,0.00355312963665691,0.0226105270251713,0.00743123301943554,0.00789988470328668,0.0136953678174515,0.0109661616649036,0.0361420157552056,0.0133141411304873,0.141052628268337,0.0723888071322875,"E02000253"
1.08229422032077,0.00882905803692894,0.0034810303637903,0.0206490197380789,0.0070318909810639,0.00737028173673811,0.0128154845555257,0.0111390542606118,0.0285949387015187,0.012906976259339,0.114129249229276,0.0663460002646812,"E02000254"
1.34448367149408,0.00989264642875378,0.00369404626105071,0.0232639234166025,0.00778739605330441,0.00827650749773225,0.0142830874102365,0.0111362184831057,0.0346672101244746,0.013792728569594,0.14361465798191,0.0814815122220246,"E02000255"
1.42117836610576,0.010688223877192,0.00396751657512002,0.0243370499952025,0.00835848973392422,0.00901938616179559,0.0152099801348775,0.0117690140596526,0.0327063707310941,0.0146890158216572,0.151592618958141,0.094347581683739,"E02000256"
1.6455572882288,0.0128860098891765,0.00571170777939434,0.0261885949503365,0.0104106282588746,0.0113534703091244,0.0173751250870802,0.0139124257741482,0.0237188988837618,0.0170852588731684,0.17474160492774,0.137266593852784,"E02000258"
1.26700964328286,0.0096191835444285,0.00363685369478674,0.0223987830443641,0.0075254593647228,0.00796033124208815,0.0138085657205588,0.0113923189657975,0.0330216746502321,0.0136624169255142,0.134962117449149,0.0758339644685814,"E02000259"
1.11941920902855,0.00930062771277817,0.00365616451061314,0.0213346945609387,0.0073550295894968,0.00767312875578978,0.013384086390757,0.0118280592586567,0.0291242375134241,0.0136154728426508,0.117881924514728,0.0733498485720376,"E02000260"
0.862686236492042,0.0071485953324641,0.00376773866032535,0.013541719816726,0.00534204550397524,0.00597363737710355,0.010998549987799,0.00874982941634781,0.0122896330670115,0.0109633644829462,0.0910486910213759,3.91663036445862e-05,"E02000261"
0.900026810643893,0.00722326842650755,0.00293200000614014,0.0137502756301125,0.00534294343417644,0.00648055597698002,0.0108008915242586,0.00863714411481503,0.0136020774648353,0.0108616457771022,0.095511623514848,3.97355069520164e-05,"E02000262"
1.10008977445494,0.0093456026567131,0.00370134878744247,0.0213365486184759,0.00735684491595172,0.00768068987153893,0.013270566803873,0.0121737529919043,0.0285227015988069,0.0136963122894143,0.115530646974683,0.0733941239524824,"E02000263"
1.64269005801444,0.0131948441665828,0.00512864031786045,0.0269980525712628,0.0103080626924779,0.0117922014070865,0.017628311011705,0.0142215294596768,0.0255920035603166,0.0173556128859772,0.174201490399214,0.139988405702483,"E02000264"
1.41192857780252,0.0109293040167686,0.00400097917756344,0.02432839318391,0.00826055832965557,0.00901475195649223,0.0150152131543346,0.0123724134008054,0.0341836141085962,0.0149332260347351,0.150468095845496,0.0941913401215938,"E02000265"
1.1832657086108,0.00989967531445819,0.00381871285309803,0.0222881113517559,0.00772519817604354,0.00810659717792721,0.0140381529918297,0.0123411751568487,0.0304959712709251,0.0143194968508403,0.124664735848061,0.0819629228907146,"E02000266"
1.31310905958073,0.0105259037858374,0.00392485422622399,0.0234702015322841,0.00802847154074641,0.00861780583013697,0.0145986821304533,0.0124521863450256,0.0330546550610326,0.0147241491706181,0.139318228777249,0.0890200182588741,"E02000267"
1.56907915239442,0.0126345738072345,0.00463752687499453,0.0266060937622429,0.00952928510136474,0.0109615777853496,0.0168449978145986,0.0137242553820726,0.0282383824721458,0.016695441731516,0.166591640492709,0.125947893020466,"E02000268"
1.49303527440118,0.0119185751913047,0.00431852141469609,0.025719178625508,0.00888571850631934,0.0100537876410846,0.0159548709280665,0.0132023763786856,0.0325011718858,0.0159093465621478,0.158727492937462,0.110222199055992,"E02000269"
1.70056112753528,0.0143258012550963,0.0059409806605836,0.0283390399331537,0.0112932664913245,0.0135054344649096,0.0184748659258455,0.0159174607910666,0.0256226738199344,0.0185448440395947,0.179110859174432,0.16105105685603,"E02000270"
0.875051662102717,0.00745210660603977,0.00347975845568491,0.0137625448815463,0.00560138677021208,0.00682553481311623,0.0112808849754822,0.00928700928606127,0.0131214748258731,0.011246800023033,0.0920044581650505,3.89783268889615e-05,"E02000271"
1.37383456198329,0.0114665292975665,0.00419829305067794,0.0246461362531167,0.00851746693723537,0.00938220130455859,0.0152766500171029,0.0133102703402531,0.0322343219064779,0.0156248969418756,0.145368296208214,0.103681889089781,"E02000272"
1.17150159566512,0.0103787812827604,0.00399820763093324,0.0227175540977038,0.00789851859677554,0.00829069871032075,0.0142340930353462,0.0133676113352219,0.0297701240232288,0.0149199178980424,0.122720147734604,0.086338604190954,"E02000275"
1.54444927659848,0.013013595285704,0.0046598791338639,0.0269680176012501,0.00942054002600577,0.0111196838144633,0.0165590784520794,0.014594292373816,0.0312854127677989,0.0170045257429157,0.163484232935726,0.127237140408709,"E02000276"
1.13984168714685,0.00803114934726601,0.00470888202507387,0.0264397395942629,0.00748466122578795,0.00801525227729236,0.0141503848993042,0.0190088444115423,0.0539317397484206,0.0111152108083816,0.119706720877193,0.0572145698772948,"E02000277"
1.15230478195554,0.00821650300129987,0.00523708655407438,0.027012138725838,0.00761243623280306,0.0080719723775928,0.0140401879970034,0.0192148319724153,0.0567580577139389,0.0113038628797233,0.12080493683797,0.0573222559811237,"E02000278"
1.11856714577113,0.00777337696235951,0.00421953335147724,0.0256703623433058,0.00726644396017026,0.00789950813967895,0.0144428497046502,0.0188443008577897,0.0500913663033068,0.010862627000358,0.117642816178852,0.0567390100879583,"E02000279"
1.18315661290371,0.00815529731137855,0.00829615015838898,0.0272121636107787,0.0078235837040894,0.00788914848507085,0.0134908079535735,0.018352193625335,0.0506424321972789,0.01166904314616,0.123628348888611,0.0594332312111029,"E02000280"
1.15148993973264,0.00829166430846401,0.00628202274947459,0.0272546952360055,0.00766743063610526,0.00801460879819188,0.0136487437219721,0.0194221552054942,0.0580080271982963,0.0114847430844133,0.120347158102076,0.0574653937671774,"E02000281"
1.13779907351737,0.00816128806459161,0.00515286477393607,0.0268491332501891,0.00748045530809582,0.00801406822178073,0.0141154142622373,0.0193232420904778,0.0553706905528671,0.0112792092559503,0.119234492570441,0.0575921208336468,"E02000282"
1.12229088168571,0.0079623365534984,0.00460005457849428,0.0262975150431475,0.00728454701834252,0.00793398314285871,0.0143447414456903,0.0192135718975373,0.0520423709497867,0.01108104783516,0.117816613486578,0.0574107312394504,"E02000283"
1.13927578115592,0.00812385340309203,0.00794344148543989,0.0268641900562933,0.00765626406027896,0.00784424303401497,0.013228751492051,0.019185142072222,0.0534573461350151,0.0115275917233109,0.11858297611004,0.0570918686097662,"E02000284"
1.13836424581544,0.00823837890272237,0.00685572745674742,0.0270790622208149,0.00760928008218016,0.0079338572172237,0.013468410147387,0.0194857916984883,0.056528337064932,0.0115021235867195,0.118718940446088,0.0576224528984624,"E02000285"
1.14755659963099,0.00804336993372031,0.0086219582321225,0.0267764880643669,0.0076591664871001,0.00779451254931685,0.0132462672329332,0.018736560818752,0.0497002953463922,0.0115989706500594,0.119434436740349,0.0581557784908818,"E02000286"
1.23726363199658,0.00825394768310407,0.00754163581611646,0.028537832874842,0.00789516907177093,0.00799461534880646,0.0146711920571402,0.016215338796454,0.0404512993043197,0.0120112162307068,0.13012333439506,0.0691726741388124,"E02000287"
1.12791689584759,0.00820566575002141,0.00545269819996848,0.0269611938941967,0.00740976083592505,0.00799511111047286,0.0141806281606708,0.0196373687771849,0.0555487623627258,0.0113570403333556,0.117971116211358,0.0585179558431883,"E02000288"
1.15563118430726,0.00803520711505236,0.00874402318603493,0.0269351788992264,0.00761675887685667,0.00778765948965164,0.0134907268622012,0.0182298748467576,0.0448818531425987,0.0117708862675577,0.12042085857003,0.0621116281157641,"E02000289"
1.11739937348701,0.00781208556234293,0.00426113251566828,0.0259485530358651,0.00709460411652082,0.00789185009767698,0.0145964841745394,0.0193182013364511,0.04921639420282,0.01091680736712,0.117529630377904,0.0574371778695231,"E02000290"
1.1202053187591,0.00822024558406507,0.00715068281635415,0.0269938616134172,0.00750968424293032,0.00789102189044022,0.0135770221112361,0.0197057090118171,0.0556076275476945,0.0115095546452947,0.116517207321458,0.0586228602024772,"E02000291"
1.12380927081175,0.0082663363419903,0.00625756339112949,0.0270976369108242,0.0074578836933707,0.00797260472977347,0.0139619054402177,0.0198318278456849,0.0567463168998941,0.0114717602221223,0.117175730724953,0.059018111282931,"E02000292"
1.11590320966397,0.00802648049329377,0.00866508925020872,0.026670848488058,0.00754365959274928,0.00776246632062097,0.0132433347877546,0.0191841669856085,0.0500787447084845,0.0115980698983023,0.11565593306883,0.0589602836712853,"E02000293"
1.13047557313408,0.00807348472555746,0.00475429820391256,0.0266955308671347,0.00714597632033658,0.0080092661951165,0.014591770017849,0.0199698759508547,0.051788194669694,0.0111818346954763,0.118687964948348,0.0597366498574055,"E02000294"
1.13899735790403,0.00798325342577176,0.0091048324985326,0.0269425436664579,0.00752038283169033,0.00780577209039759,0.0135249255418844,0.0185006713211574,0.041180920216438,0.0119073116424858,0.118335132046185,0.0652226768438507,"E02000295"
1.1832133050151,0.00813760414996159,0.0088815143592826,0.02765541442382,0.00771090551396048,0.00797041315834247,0.0140482521359121,0.0177619585014113,0.0398480288018324,0.012063094134232,0.123449122775355,0.0692692974746431,"E02000296"
1.11037178988208,0.00821214542470516,0.00808376181846318,0.027066897466766,0.0075132631690719,0.00786543992794174,0.0137727178290448,0.0197544073743464,0.0542617931635883,0.0115954449418491,0.114978932178336,0.060056320009521,"E02000297"
1.10363619101189,0.00791713900935201,0.0090943237724537,0.0266060849623637,0.00742459086101147,0.00771774383529817,0.013335425087702,0.0191829378239725,0.043410875451738,0.0117757857225648,0.114175169646478,0.0628854100223622,"E02000298"
1.12858744062059,0.00828020913040762,0.00574405203686091,0.0271425509412573,0.00727652976803287,0.00805921670514985,0.0145175133125384,0.0203318274892222,0.0555882681277249,0.0114135909437429,0.117938333638003,0.0611720648767463,"E02000299"
1.11534865090362,0.0082768771900619,0.00673430114134875,0.0271035213095195,0.00734364055131797,0.00796476443606871,0.0142407974931829,0.020254829360637,0.0559795335189281,0.0114928024439776,0.116052563694628,0.0610621285262574,"E02000300"
1.1553232174121,0.00808849180553145,0.00466246234145191,0.0267680035284097,0.0069993538538276,0.00805268760836992,0.0146323024760769,0.0204452328426121,0.0501023253309689,0.0111360620701828,0.121741872591808,0.0613944703671699,"E02000301"
1.0926818579135,0.0080032103988157,0.00863784419166557,0.0267796858166558,0.00736336056905967,0.00773837034133181,0.0138285948241487,0.0197118141774599,0.0453401940286109,0.0117081908620211,0.112961555869532,0.0636381635290672,"E02000302"
1.11612750437129,0.00824012385866965,0.00723981207273587,0.0270605475438645,0.00725211914610995,0.00792819248293488,0.0143670551173996,0.0204250706241271,0.0526477317825141,0.0114911877284573,0.116104201742423,0.0628983851205552,"E02000303"
1.13216191003502,0.00795185528370452,0.00963774290967438,0.0272155529105704,0.00746169631993373,0.00789477126950778,0.0137470710082574,0.0190877719238147,0.0355222794670624,0.0121592960142641,0.117241108332714,0.0716653967984583,"E02000304"
1.1143853403712,0.00804613478907032,0.00945318199149907,0.0272779907135412,0.00747805288206166,0.00786768492514459,0.0138766582594474,0.0198098682511124,0.040654972463069,0.0120982275237494,0.115048820057475,0.0684330265630371,"E02000305"
1.19010968360072,0.00841364647368891,0.0055669564867274,0.0275434706672065,0.00714369000250924,0.00825222803380164,0.0146987950214554,0.0212452011949696,0.054396171257383,0.011396011658664,0.125267010779937,0.0644133387420227,"E02000306"
1.10101110221936,0.0080819660282661,0.00814834922153622,0.0268931215885036,0.00727846961043932,0.00778979845267664,0.0143005038425438,0.0200767214907007,0.0463001822201388,0.0116076940744364,0.11412970302321,0.0643181233523757,"E02000307"
1.17661991652419,0.00802666688873273,0.0100788447834755,0.0277958658229745,0.00759719787729595,0.00805129912041524,0.0142006084091418,0.0187531256614205,0.0315767731083498,0.0123729619256182,0.122188260025392,0.0783257367706813,"E02000308"
1.23872659127523,0.00857476924387715,0.00601841673624041,0.0279529170602249,0.00712808926150257,0.00836811617995307,0.0147703069163118,0.0218248785275726,0.054866845024121,0.0114616818450334,0.130807459461808,0.0666283160829012,"E02000309"
1.13607905916414,0.00812731525933403,0.00886875618815981,0.0275608388456009,0.00738718862303514,0.0078847188768253,0.0149690268261585,0.0204589452453879,0.0400513255799928,0.0120750699691382,0.117860391022653,0.0702311833684532,"E02000311"
1.13815788642781,0.00797137405728708,0.00962609922837639,0.0274444737089185,0.00738034795775823,0.00789059679895677,0.0141328935003525,0.0200945606939253,0.0340843797582256,0.0122929309030453,0.117941977797504,0.0737641363705392,"E02000312"
1.45675437499091,0.00935537410486408,0.00414977711420863,0.0577105412423418,0.00643796256515276,0.00785058719492749,0.0183868951855065,0.0205368860711832,0.0291990052042251,0.0126363945830048,0.152042895844819,0.0983833720561367,"E02000313"
1.45431082506256,0.00933103417535372,0.00406752137140072,0.0568804570763269,0.00632484894938582,0.00778769833440863,0.0185109344120875,0.0205214088751242,0.0282773468369367,0.0123524422786252,0.152081023709592,0.0951586422859794,"E02000314"
1.56265960503632,0.0102063442031164,0.00440840556080137,0.0636432496671903,0.00692513760144125,0.00844281264030474,0.0194742118784946,0.0217908190971149,0.0297430923462216,0.0134886485716882,0.162694197457449,0.11129306484818,"E02000315"
1.64719301085856,0.0105999389887743,0.00469559288416171,0.0596512742479888,0.00654093829029196,0.00850571948957475,0.0203004728806339,0.021657906063183,0.0267114352488426,0.0122037121519377,0.173866709483072,0.105378145991321,"E02000317"
1.60936234329555,0.0105819385599556,0.00446315190210017,0.0657272018910266,0.00692806002848734,0.00865126419003338,0.0197560049186385,0.0221855714133939,0.0289845279322002,0.0134056193944174,0.167743324963783,0.113936450066119,"E02000318"
1.61201458652619,0.0105106920336033,0.00445848879254685,0.0646685580386384,0.00677285973442593,0.00856800063788939,0.0197643128739441,0.0220007808317066,0.0283174468296639,0.0130656197019448,0.16846797743101,0.110823228354284,"E02000319"
1.71403455843162,0.0114645261663898,0.00484406232873125,0.0730762603552862,0.00768266440269358,0.00945405121674526,0.0205997617903396,0.0234479968431694,0.0307298767127137,0.0147887625183914,0.177647975505753,0.129265366400199,"E02000320"
1.66333534309378,0.0108144463588921,0.0046357866643871,0.0666400413473076,0.006881507849976,0.00882038769816353,0.0200858416955487,0.0222921415477672,0.0282302857141665,0.0132103156468956,0.173988374875141,0.113940529080576,"E02000321"
1.7076849998045,0.0110681414310646,0.00482634854812885,0.0677485262113915,0.00698341049808859,0.00904417786795311,0.0203191632129429,0.0224734432344974,0.0280709620622231,0.0132819640679793,0.178895366703273,0.116877284463734,"E02000323"
1.74745493244761,0.0111880538170992,0.0051280026576175,0.0571941852365717,0.00688336249340878,0.0090748152609479,0.0207840041766991,0.0226008748225434,0.0268109271931992,0.0124489009950778,0.185657370751666,0.115558446307143,"E02000324"
1.75363866161527,0.0112247183605156,0.00517405942717734,0.0505987705197997,0.00672806807534575,0.00913826679822836,0.0206399881041525,0.0229168469249985,0.0262518463863619,0.0119751804126362,0.187463859086647,0.113042583809251,"E02000326"
1.7586289228065,0.0113568352547542,0.00514157419583596,0.0655715053526521,0.00716831824434205,0.00931518444205232,0.0205322993900106,0.0227926124479503,0.0277702024620929,0.0132502258254984,0.185197086911359,0.122082938160688,"E02000327"
1.76740777569774,0.0113564933747501,0.00523879527134951,0.0455900028661,0.00663615707960409,0.00941015231595629,0.0204537648074528,0.0237465597498034,0.0258527055005967,0.0115701701204955,0.189689957874459,0.11122091527813,"E02000328"
1.85055184807546,0.0122014263084731,0.00549212387285281,0.0790233538413107,0.00802361513011907,0.0104051828481488,0.0207302301775706,0.0240608814527694,0.0297930827265533,0.0149918078868413,0.192306208862313,0.138319157391679,"E02000329"
1.83607101343773,0.0116996338952495,0.0055359440385439,0.0581294170647665,0.0074495549643349,0.00982120149221554,0.0210951510338061,0.023678621931661,0.0274686658886855,0.0131371450881291,0.19533189538151,0.128328200815639,"E02000331"
1.82531410556581,0.0118820368761443,0.00549760665559004,0.0729487965687576,0.00780520241595815,0.0100731775564194,0.0205122942208143,0.0236991070567623,0.0289446864628546,0.0143554579617811,0.190967074673057,0.13505396693255,"E02000332"
1.84596007592804,0.011622411023448,0.00566141986026245,0.0472877240909513,0.00737551267079273,0.0100972951603462,0.0208436461272982,0.0245439636917907,0.0267852024669925,0.012328284293419,0.198077556221316,0.124312885415839,"E02000333"
1.8937692314857,0.0120307179164737,0.00590462837154344,0.0590796455810689,0.00801305271824949,0.0104059016546862,0.021237183028159,0.0245758715722509,0.0281407705627657,0.0137901794604348,0.201454094267681,0.137990273514263,"E02000334"
1.91641422139197,0.0124406595509707,0.00621176556155287,0.0758546473485003,0.00874412398154065,0.0109219405612455,0.0207160976577648,0.024905395118542,0.0298817556269531,0.015358100678736,0.200388870023739,0.149027598783802,"E02000335"
1.96990574052076,0.0124428350661207,0.00665019434612794,0.0633024215727155,0.00911408883666029,0.0111127197437992,0.0212188580387804,0.0257714062516568,0.0298096938315403,0.0151077480679884,0.208856578677268,0.151000772464799,"E02000337"
1.95241884346865,0.012611240173656,0.00672878615311455,0.0748015777434827,0.00938919381123905,0.0112621181699576,0.0207032010404445,0.0256180062459851,0.0306874413329156,0.0158963075628175,0.2044105513683,0.154794064618443,"E02000339"
1.93689461876808,0.0126202227235575,0.00708340702159031,0.0783106209201938,0.00992740305065023,0.0114378140662438,0.0200900950586564,0.0258645720553268,0.0320182503582254,0.0164428003169771,0.201453094808819,0.155046566619573,"E02000340"
2.0044280849711,0.0124414341234751,0.00771453655715014,0.0596109956226994,0.0103716063713798,0.0113136673371259,0.0209490311694415,0.026842635296855,0.0333430399466727,0.0158819217068702,0.212681184112539,0.150745613534408,"E02000341"
1.95989319210573,0.0128758870598499,0.0072291758691135,0.0863362949970855,0.0102920642509926,0.0117509557023022,0.0199277013545032,0.0260697654904494,0.0329001569512449,0.016963602547744,0.202039554704479,0.156023108887101,"E02000342"
1.934271523077,0.0125547268488175,0.00865788682412866,0.0735875649338956,0.0110821184611782,0.0112230230670644,0.0197924674878523,0.0268441970025852,0.0385832829012243,0.0172989321463781,0.201217729657155,0.148317268442206,"E02000343"
1.92905060499304,0.0126752545944937,0.00860537566191525,0.0812374603236124,0.0110816288712023,0.0114295617975303,0.0195346013126787,0.0266486451135505,0.0376080476759598,0.0175485416469992,0.198897106096013,0.150383582537302,"E02000344"
1.3364455496457,0.00937289453707284,0.00620608212303661,0.0308487264517734,0.00643503371251833,0.00846147182806442,0.0152512716408264,0.0241023249338131,0.0294179312596142,0.011305892522245,0.142008584116434,0.0719784257433411,"E02000345"
1.23671717762271,0.0083907350543766,0.00602970227104892,0.0265144531662446,0.00664008353797784,0.00808789487406131,0.0160966643866409,0.0239929098946521,0.0279144916230658,0.0117650251586262,0.130957185621277,0.0710535540458471,"E02000346"
1.28426285648144,0.00906425850506774,0.00624231371804156,0.029997847183145,0.00658527349591502,0.00832948701097651,0.0162224890177559,0.0243029142249473,0.0287922937530936,0.0116438811637075,0.135863063200561,0.0718333136825158,"E02000347"
1.34955728532543,0.00973191460817257,0.00614655091932135,0.0321069272705207,0.00634175679483712,0.00854491862744422,0.0154510674107147,0.0244147871773499,0.029026997404137,0.0113363247573721,0.143249748616734,0.0716321276008149,"E02000348"
1.34173147800674,0.00998207740461651,0.00603085900027333,0.0334441309788129,0.00615150835578413,0.00842718561783189,0.0158535999065641,0.0245530550098533,0.0279705510757998,0.0112594210800375,0.142127851231768,0.0704043659588784,"E02000350"
1.14224983012056,0.00809819238251919,0.00548875799085456,0.0226842199084666,0.00630976934509646,0.007739034330603,0.0153928310040122,0.0231980578181263,0.0242880136446595,0.0114592179799994,0.120687637374126,0.0649365152140659,"E02000351"
1.20458836664161,0.0088090943971364,0.00571248077560216,0.0270000712551724,0.00629929158755256,0.00801323667941873,0.0158895263578974,0.0241636141237187,0.026635871759914,0.0113559305073248,0.127149696327952,0.0675278620466988,"E02000352"
1.27977640376324,0.00957355872505815,0.00597175709909697,0.031809821778471,0.00619774970025509,0.00822612852379362,0.0161996964535619,0.0245802184370373,0.0275298746690726,0.0112944770042895,0.135124794733861,0.0690408799813987,"E02000353"
1.36325145107397,0.010134709650039,0.00571631308734952,0.0349018964294205,0.00580692475113377,0.00814019525930408,0.0159544160383734,0.0246156665244753,0.0268376793410856,0.0110358752448808,0.144676507400724,0.0691958730372124,"E02000354"
1.41158740222651,0.0101348975895089,0.00535163591508163,0.0350574432795838,0.0056771421880167,0.00820299759670876,0.0154671638154079,0.0246293169519373,0.0268583273855447,0.010968206124884,0.150507685609824,0.0687802239936227,"E02000355"
1.19308953893583,0.008928277728656,0.00553698808384811,0.0266082382889478,0.0062280241276682,0.00792253584800235,0.0159347955439754,0.0246788537318618,0.0256127371698472,0.0114286794903651,0.12579051081594,0.0652350196290512,"E02000356"
1.35428889006402,0.00901469346788466,0.00434207777346633,0.0321059909028062,0.00520984699780299,0.00762161145150635,0.0145950223344038,0.0236999863301032,0.0274332722660611,0.0104208820016519,0.145141220610665,0.0628460965048302,"E02000357"
1.27154957618559,0.0095930791167616,0.00580631206695098,0.0316513440543956,0.00611469006032209,0.00804676710926409,0.0164904296654419,0.0250523107231295,0.0268713159141251,0.0112840364090735,0.134185104215268,0.0676719383452075,"E02000358"
1.41239445121682,0.0097445115328034,0.00485121299897538,0.0347994980964273,0.00539718309044891,0.007992341242944,0.0151943041431819,0.0243358074183232,0.0262410199880553,0.0107226684168302,0.151050814869064,0.0669644684405536,"E02000359"
1.37250918254707,0.0102406033295305,0.00587161361735626,0.0363253076984599,0.00588042838009003,0.00809536440952895,0.0168824369883473,0.0253358888634965,0.0269859085635401,0.0111746705908892,0.145359801253733,0.0696713931661596,"E02000360"
1.39939033385884,0.0101085443645024,0.00541774804616924,0.0362272324219942,0.00556733939803258,0.00793644836624508,0.016451402584294,0.0249914353089291,0.0261177737444141,0.0109000604850232,0.148901249650657,0.0696909362603038,"E02000361"
1.39539394195623,0.00918285420378244,0.00440416506613393,0.0342351616034895,0.00514723208153766,0.00785364560838076,0.015097348257236,0.0242227083086738,0.0258984608066528,0.0104588956155857,0.149525092548935,0.0641027607913945,"E02000362"
1.42932897949198,0.010004480871372,0.00512265103277055,0.036121440319514,0.00545507687378413,0.00803311160965714,0.0160905785817332,0.0248744068646657,0.0258748749641715,0.010820708564739,0.152591839888248,0.0694448528990983,"E02000363"
1.35982840087962,0.0101210004838322,0.00586561021647476,0.0359929659473727,0.00594380680136164,0.00794698515384389,0.0173799923601031,0.0258764588776444,0.026960224395191,0.0111368851488366,0.143861526246816,0.0696986402911842,"E02000364"
1.43117638788385,0.00995432354037319,0.00500473277648544,0.0361500060894515,0.00538562305236109,0.0080165847902246,0.0165624213800583,0.0251781163049679,0.0254790638186496,0.0107234606428191,0.152812387329615,0.0708025285030943,"E02000366"
1.40690903612904,0.0102071911223627,0.00552134171131283,0.0368037029648855,0.00564420564986625,0.00786338628476609,0.0175172318073887,0.0259653909133687,0.0267283436360054,0.010885709380278,0.149479161192501,0.072150080856002,"E02000367"
1.35821453325098,0.0101430550531521,0.00581715988322914,0.0348057601228948,0.00605494373083061,0.00780853042758003,0.0174935465134709,0.0267329907624259,0.0265514201924793,0.0109476115031302,0.143710921062216,0.0706045200049924,"E02000368"
1.25059484505948,0.00941347279177786,0.00547423933154983,0.0270837028101005,0.00626606015612101,0.00757467224714348,0.0165290210902332,0.0261285988568226,0.023591135207593,0.0108410965237743,0.132256311240232,0.0645238615474244,"E02000369"
1.1784950765151,0.00889132338171966,0.00514629922425832,0.0223249153852862,0.00634344334187021,0.0072474751174441,0.0154369205675518,0.0255678967957079,0.0200626391560839,0.0106599088038726,0.124597426347596,0.0584461668141958,"E02000370"
1.56454314385774,0.0121035854970765,0.00839875105742458,0.0242441018018249,0.0102008912943808,0.0104523864213471,0.0170671519369942,0.0141489522413967,0.0214105564950479,0.0173776235227005,0.165322602085717,0.134477442943973,"E02000372"
1.63725356171303,0.0129879068870649,0.0097058694786984,0.0259212473463776,0.0111366272805771,0.0118834222637453,0.0180264408981071,0.0152904452674864,0.0227431344781243,0.0187007435734266,0.171957171215648,0.150128751167689,"E02000373"
1.68664748210627,0.0137258125695606,0.0098365309422709,0.0272081691659103,0.0115176413847574,0.0127035454219628,0.0182991131858953,0.0159822353031012,0.0236083610873591,0.018940583219515,0.1769010859884,0.157573130542155,"E02000374"
0.792544866571406,0.00634021015633806,0.00414791205232736,0.0127813154936125,0.00565318953800375,0.00483710390608575,0.0120211986913032,0.00861574176023008,0.0110799477944485,0.0108146296353878,0.082880647098834,3.93347282355577e-05,"E02000375"
0.805327865422009,0.00668230559099254,0.00427621996189028,0.0131324949030263,0.00572976390867398,0.00519014604835519,0.0119430917576471,0.00893671752673888,0.01145289976523,0.0109528412843818,0.0840566824722048,3.88699383117658e-05,"E02000376"
0.819091574284671,0.00703319762229564,0.00434390409006235,0.0134096156921535,0.00561729909867609,0.00565902443993159,0.0116084244834265,0.00913647330332325,0.0118531848748108,0.011016680329651,0.0855281356082876,3.82370106128024e-05,"E02000377"
0.818720136507958,0.00661683069782653,0.00426593961273676,0.0133632263092433,0.00599586932789054,0.00506966765543246,0.0125650104463112,0.00897277036520888,0.0114371384951123,0.0110602187894557,0.0854328580950605,4.01739859556235e-05,"E02000378"
0.846790696739114,0.00744837054142815,0.0042437498473205,0.0138589234759103,0.00573574147598088,0.00637569776181278,0.0116697088580008,0.00954014431673104,0.0124457252164815,0.0112524456262165,0.0883834718704721,3.85285947203307e-05,"E02000379"
0.827276004198537,0.00709120258964465,0.00444174497103735,0.0137528430570762,0.00596805884930154,0.00565096701595816,0.0123046473457475,0.00948940699570069,0.0118508720419986,0.0112077780473141,0.0860583168889392,3.94658848932955e-05,"E02000380"
0.827785524659222,0.00679554748659542,0.00440265458546813,0.0136913196932508,0.00611567425931781,0.00525933681716788,0.0126995814970198,0.00922879350878863,0.0116108175280959,0.0111238261505273,0.0862241691336118,4.07388490963708e-05,"E02000381"
0.847844817820011,0.00764445962028078,0.00456843050972269,0.0142364844952687,0.00596009729181844,0.00663727522207913,0.0121260626195375,0.010143436768873,0.0124405112533413,0.0114389031126886,0.0879749409972112,3.92315174729608e-05,"E02000382"
0.844574348075721,0.00696836933427541,0.00512651840526093,0.0140320469453973,0.00627472607582746,0.00534353932012727,0.01308565353175,0.00947835826013853,0.0117778443287802,0.0110310475226665,0.0877541553323646,4.18669749296378e-05,"E02000383"
0.851728358449638,0.00748891677697123,0.00469196128186275,0.0145126946827033,0.0062392790004303,0.00620609789996308,0.012785282765735,0.0102474906301517,0.0121772058770964,0.0114868197219063,0.0882613395310457,4.10264210534997e-05,"E02000384"
0.872651161586749,0.00752390590709598,0.0063181862187889,0.014675014312888,0.0063901572748062,0.00586822748110672,0.0134481186351673,0.0104446703415945,0.0122528462122269,0.0112084247452227,0.0901484399977288,4.34451605064831e-05,"E02000385"
0.881738398778863,0.00766637730303257,0.00809307459682572,0.0144368277594494,0.0063187319462903,0.00551328518404663,0.0134426402737256,0.0111175943087186,0.0122269934815197,0.0108437712439036,0.0905424595741301,4.32018658372324e-05,"E02000386"
0.878568412165233,0.00780782651793681,0.00630381127835495,0.0150292044991619,0.00643928742627169,0.0063761099371991,0.0133538190220041,0.0111401928732897,0.0124773913248303,0.0113920306105939,0.0905213972667677,4.39225315061272e-05,"E02000387"
0.894892322165831,0.0080216532143333,0.00821484174737146,0.0149802456356208,0.0064081211364638,0.00573456971991489,0.0136230492712719,0.0130966844619453,0.0123545160468115,0.0109601274010394,0.0916382783037621,4.35386839617567e-05,"E02000388"
0.910741438540819,0.00838896291847233,0.00671763232596495,0.0158125265244936,0.00661914284557976,0.00754669864589682,0.0134696893012209,0.0126736297668204,0.0129820399339562,0.0119465394840011,0.0933799332134825,4.50696057714141e-05,"E02000389"
0.916942840276227,0.00830105519069762,0.00901865586094795,0.0153984973135332,0.00648751040567358,0.00654242069250235,0.0135665708433536,0.0129156505071217,0.012814930293081,0.0113078488418152,0.0935165438089248,4.54365163428104e-05,"E02000390"
0.915123439493473,0.00853627770868565,0.00842564208126343,0.0156848968092383,0.00645822551266542,0.00630609673709063,0.013586365837347,0.0170257461511214,0.012522053765959,0.0113531638289666,0.0933154649123954,4.41494468481088e-05,"E02000391"
0.935597995094403,0.00869666867253468,0.00911312250356647,0.016083730184885,0.00652716264928303,0.006856929731274,0.0137502287299742,0.015697010038134,0.0129241211910719,0.0114621998252643,0.0952416875186635,4.53868544011211e-05,"E02000392"
0.971924325022779,0.0088815272410378,0.0103280104237231,0.0164232307880307,0.0067154684672131,0.00770659215641826,0.0138931042287237,0.0149893128133767,0.0133649692367495,0.0120079825292584,0.098537718895609,4.72938005180661e-05,"E02000393"
0.93354650688878,0.00899078557068191,0.00850319420872281,0.0163405814056797,0.00644174943661515,0.0066936342831748,0.0134564587665694,0.0199870715205085,0.0125499306484927,0.0118338163483391,0.0949715000512282,4.46299055132136e-05,"E02000394"
1.03026951077291,0.00962388952476135,0.0110529990446104,0.0177210798017555,0.00691609550330492,0.00840320001992961,0.0142810394335779,0.0193209765873648,0.0138550909784999,0.0127863163622961,0.104205324225593,4.76536781796924e-05,"E02000395"
0.979670366157341,0.00954003395764806,0.00946608354503667,0.017493395510081,0.00652064816238913,0.00741847551275416,0.0137980511876523,0.0202564637658633,0.0131618206589038,0.0121314431347749,0.0994928309954204,4.55240273102823e-05,"E02000396"
1.20527800941052,0.00799490538079816,0.00963132874505956,0.0277219162688615,0.00734490143489572,0.00792166047910303,0.0147877238199234,0.0206501893458155,0.0311768890517431,0.0124570052999244,0.12598216715445,0.0770925476620646,"E02000397"
1.29875784278141,0.00870853181005044,0.0062395753278097,0.0283098690021404,0.0070491069008506,0.00847092640221086,0.0148294800552599,0.0223634661058757,0.0520047442369189,0.0114484592001603,0.137835455394188,0.0689406846098841,"E02000398"
1.23565899436801,0.00802140308336838,0.0102470777991804,0.0276229962344257,0.00750436844381739,0.0080125606901935,0.0145635503165247,0.0197999254263766,0.0292844649292356,0.0125528695109321,0.129282030153464,0.0802018356793793,"E02000400"
1.2463452909568,0.00842458875235198,0.00862249078883472,0.0285043218503424,0.00746814653960984,0.00812966885506081,0.0159456352387592,0.0214787963104635,0.0399938707146066,0.0122493996908163,0.130821054278414,0.0742324645758719,"E02000401"
1.26987937410309,0.00858930208035905,0.00822771196253977,0.0285375379103428,0.00740756189610447,0.00822301219392797,0.0155629932809284,0.0216777972637711,0.0434298136570386,0.011972291972216,0.133744570960156,0.072383334264441,"E02000402"
1.24551961043154,0.0081581112106836,0.00927896498536509,0.0282088829895467,0.00738928151932183,0.00799992143361534,0.0156580890308407,0.0213319829016927,0.0330037098861887,0.0124958881458564,0.130720503397848,0.0772003160741862,"E02000403"
1.26419265337976,0.00822213103581629,0.00868705197789927,0.0282621995337622,0.00737481579952631,0.00803372503792145,0.0160238792037033,0.0215897627815937,0.0344944953654124,0.0123746157101733,0.133126477029066,0.076179158837207,"E02000404"
1.2939162904305,0.00783438428804269,0.0098268254347963,0.0258299682313038,0.00730832341073403,0.00779682245115554,0.0150314614928495,0.0194382845862603,0.027030482086496,0.0124691282948383,0.136851462693931,0.0786977028919415,"E02000405"
1.32371862058966,0.00820079774299449,0.00838562767856025,0.0282930931894338,0.00734601119571771,0.00808118909170046,0.0162007734104223,0.0221674517754387,0.0326529363687146,0.0124278668090256,0.140305993152279,0.0775042989289381,"E02000406"
1.33349929234046,0.00873116213427226,0.00739012096905584,0.0286831816350766,0.0071559671667301,0.00834695387125492,0.0153178706016286,0.0224433546195916,0.0385543867916943,0.0116942678557366,0.141646859119739,0.0734988871565401,"E02000407"
1.34640377110689,0.00891477701664008,0.00717372587070613,0.0290049883798534,0.00712360488153928,0.00850730073857884,0.0151176035518709,0.0227428855409962,0.0419117542308084,0.0116205610003512,0.14309543869384,0.0729911211998897,"E02000408"
1.34117546780288,0.00848383822087076,0.00784059039287997,0.0286560927232583,0.00732289850354206,0.00826303252019472,0.0161340546998981,0.022541974542742,0.0357902227458812,0.0121660569565488,0.142378368211503,0.0762828673079448,"E02000409"
1.25886633008727,0.00746725879054498,0.00930913721536526,0.0224308695863236,0.00708437802138263,0.00740739826339635,0.0144457312687563,0.0151345535821169,0.0240292264165306,0.0119462809816198,0.133748707493976,0.0747331541036429,"E02000410"
1.34891163158666,0.00894061677664883,0.0064145121280425,0.0289767560770915,0.0069350632620063,0.00863297877175385,0.0148988348748478,0.0232095643466665,0.0437532980372844,0.0114598862992857,0.143617111483282,0.0722580697794738,"E02000411"
1.31616128006069,0.00786766016926222,0.00836616662872644,0.0267348692546906,0.00716620534911651,0.00787970050210389,0.0159559853713384,0.021809181822595,0.0289601661560047,0.0123737856884198,0.139858322292147,0.0772010762512431,"E02000412"
1.27314707980904,0.00744959851639358,0.00870815497086317,0.0211152790091405,0.00706388550498336,0.0072491622733103,0.0144823450225869,0.0128772229687864,0.0228078688541097,0.0118260059688059,0.135895731019698,0.0728118852082113,"E02000413"
1.31724199212488,0.00848504654039878,0.00709519113366255,0.0282111027878273,0.00701152187026722,0.00820562366982797,0.0154184370933655,0.0225223174668573,0.033867802161996,0.0116453698989711,0.140048532841419,0.0739012791544154,"E02000414"
1.35793841136327,0.00833024882583435,0.00784765698061907,0.0286157481814484,0.00735869130583095,0.00825796199508751,0.0166062796820435,0.0230601751536833,0.0329828234096937,0.01244555762594,0.144331839000053,0.0782483946556311,"E02000415"
1.31576171469745,0.00764371926842648,0.00834323061501667,0.0243330847374927,0.00703559381953183,0.00771043985012255,0.0159600243041763,0.0212754632605368,0.0264336574567961,0.0123898802761594,0.140228846014364,0.0762079478511962,"E02000416"
1.25417529772168,0.00725770752481512,0.00874607220817135,0.0197494075996615,0.00669522336563126,0.00713015647839437,0.0148040436562504,0.0149271286857362,0.0213711162906322,0.0118284816983981,0.133952483930624,0.0685615125356046,"E02000417"
1.29238512205854,0.00747227141345549,0.00868526689598337,0.0217415643018718,0.0068792023243179,0.0074499576674387,0.0156043158991973,0.0187316576371173,0.0237889219509048,0.01220391507251,0.137892889645222,0.0727046792336533,"E02000418"
1.29983191002099,0.00771496205626197,0.00727720341908437,0.0255910121067637,0.00700488505908353,0.00786510395132081,0.0161133569289496,0.0225817602711392,0.0280697710553923,0.0121715173831804,0.138449657292849,0.0757153003221934,"E02000419"
1.33945671019252,0.00869232974294443,0.0069592088422735,0.0288924287167495,0.00702124313144235,0.00836118783278859,0.0157641837509649,0.0233562121563158,0.0328321561914227,0.0117907230108326,0.142439308582974,0.0752980489548894,"E02000420"
1.3516515862639,0.00902299753920061,0.0066687185234902,0.0294387779528145,0.00684347771462445,0.00850444461471794,0.0151077371201008,0.0235027086749281,0.0339191506187898,0.0115077248112996,0.143873867507667,0.0740262547779217,"E02000421"
1.34448459549857,0.00858775512694927,0.0070024419991755,0.029061145326248,0.00713932798858373,0.00838527445599595,0.0165227426834684,0.02387064039094,0.0320284928662223,0.0121444483156411,0.142868809087784,0.076753924458312,"E02000422"
1.29949669564974,0.00801991434011489,0.0067612710056915,0.026964083099512,0.00698385322297488,0.00807892797241807,0.0163510641515982,0.0234394445491345,0.029473616061198,0.0120436862709972,0.138202535990942,0.07530445203137,"E02000423"
1.24858145538462,0.00742941240074126,0.0070194633300025,0.0223524379776407,0.00672786814716906,0.00757104353747717,0.0157808520199008,0.0215255038247525,0.0247594670268662,0.0120575323828654,0.133127678501964,0.0723162216805784,"E02000424"
1.33831664353871,0.00910678045649873,0.00628987642525518,0.0298120532656399,0.00656182245075125,0.00842515904742421,0.014999610566294,0.0237495839254068,0.030702277374543,0.0112953679319945,0.14244679950008,0.0726529884633945,"E02000425"
1.18258264683183,0.0070201720875339,0.00790647967925525,0.0171085837762766,0.006195969594274,0.00649249228352641,0.0142576771101015,0.010773802286176,0.0168786598508133,0.0117716003563438,0.126620885671937,0.0571000214277314,"E02000426"
1.21828322853174,0.00774303767199887,0.00612035430755831,0.0235502894051366,0.00664829227843611,0.00780199436609158,0.0159172666394247,0.0231387394808015,0.0261497831158917,0.0118629475334239,0.129430590228542,0.0709536826043866,"E02000427"
1.31543301075343,0.0087031800981619,0.00657567247016303,0.0292926115551135,0.00689159552628391,0.00835588180873048,0.0163694200490511,0.0241014289275864,0.0302827751532287,0.0119189467646409,0.139577904122078,0.0746455912470322,"E02000428"
1.15998849313879,0.00709587178919634,0.0072037887594865,0.0177775981304376,0.00619796911837488,0.00688804014870902,0.0145834541773817,0.0156675834277977,0.0188127907543638,0.0115482413052501,0.123877412781539,0.0619675266438184,"E02000429"
1.19819157060378,0.00734696013984548,0.00666821312293632,0.0200652276791391,0.00647113950282263,0.00734154257378018,0.0153818281413929,0.0201262958783853,0.0220143938977665,0.0118972488135242,0.127771789898377,0.0675653734470726,"E02000430"
1.12288192557713,0.007121909238707,0.00731241343688224,0.0167421274406938,0.0059971598569388,0.00657365954113149,0.0142349794844046,0.0127331003519033,0.0163340929495097,0.0116683565154312,0.119799820858141,0.0546364415340828,"E02000431"
1.18511570969821,0.00762264285183998,0.00603125009174831,0.0214449786871857,0.00649716316356364,0.00759323483002866,0.0156417612763775,0.0221824298098849,0.0236770316587501,0.011903891215418,0.12595552741017,0.0678330628064002,"E02000432"
1.36385885694018,0.00957463667745818,0.00429904075480761,0.0227776809970393,0.00785805492206852,0.00824753735131158,0.0140101879409157,0.0117500160528174,0.0382631439313476,0.014221286667716,0.14583546737337,0.0775832897239527,"E02000433"
1.40989915785101,0.00997038345360137,0.00450312866176296,0.0226321026908159,0.00794994117853246,0.00840287979908973,0.0151211955872987,0.0116660775195842,0.0346170390340441,0.0138604002397861,0.151006159739903,0.076497310911068,"E02000434"
1.11789290723412,0.00736226792328991,0.00316132047294972,0.0187498717199129,0.0062032546732249,0.00686720120670757,0.01171076973344,0.0093468074869308,0.0355073101507818,0.0118635507723049,0.119834384359162,0.000104100128095404,"E02000435"
1.1756270501001,0.00808969373860311,0.00332121171996188,0.0207259031959325,0.00671652182795446,0.00728216073462625,0.0113644238704122,0.0102858880060435,0.0377839365843664,0.0129581703363765,0.125683489267355,0.0657596348940483,"E02000436"
1.2180596425446,0.00840111542824405,0.00351622047673402,0.0212631718416693,0.00699628543657024,0.00758624459076913,0.0118465237271645,0.0105288037862168,0.0382845065258156,0.0130549777267701,0.130226181284586,0.0691907221064574,"E02000437"
1.11806491433825,0.00786164286502563,0.00312372040633853,0.0200546659567701,0.00641648409183718,0.007040329819873,0.0108682240550735,0.00992049871089271,0.0347788229801817,0.0124351861292739,0.119399125384516,0.0614235486791637,"E02000438"
1.40006451445114,0.00996649463699452,0.00457753960676383,0.0221157397629374,0.00796141630520601,0.00841910031275173,0.0154144055445209,0.0114818241084773,0.0323513918213312,0.0135957705784795,0.149899260111142,0.0767745875925762,"E02000439"
1.12055464009869,0.00746620209809314,0.00323578919146939,0.0184861628619123,0.00617284862670969,0.00689234901245199,0.0118791138697233,0.00926624496220097,0.0341760179115516,0.0116471769877622,0.12015311402973,9.65396418009577e-05,"E02000440"
1.03626609148697,0.00765613439651317,0.00294303991508957,0.0193712629582286,0.00609160837440668,0.00668697020862854,0.0104081107011834,0.00958535807561108,0.0301785271333469,0.0120895774731567,0.110255491824137,0.0557690477858658,"E02000441"
1.39987176832033,0.00993589710456514,0.00456604777441516,0.022232558519026,0.00787430176757046,0.00846054231687499,0.0147095802022955,0.0114346902082367,0.0329237378618568,0.0135467588817121,0.149954363875898,0.0777048168677295,"E02000442"
1.18835702265843,0.00829317340023187,0.00340418907406009,0.0209945507011837,0.00684163878813202,0.00748495061865758,0.0115380102778324,0.0103187565955622,0.0379843641903848,0.0127510343519331,0.126963106906048,0.0673150156820359,"E02000443"
1.11664882003132,0.00758424426386161,0.0033573374664232,0.0181400695935091,0.00613779512330202,0.0069275660658513,0.0119915923700782,0.00921008286196403,0.0321671581419839,0.0114318973649359,0.119695355337418,9.07216688918367e-05,"E02000444"
0.99635733863044,0.00666696247254591,0.00265785242135954,0.0176482724215292,0.00556606803819252,0.00635805827372357,0.0101399365451798,0.00845992952174285,0.0342003242769883,0.0108135104655446,0.106610244084032,8.74180370005239e-05,"E02000445"
1.10830237464161,0.0078893024230154,0.00311780449901255,0.0200399374362051,0.0064056790510366,0.00706449224206925,0.0108667423890071,0.00987551958833875,0.0348738466160287,0.0122721534076328,0.118249647017001,0.0609099457379548,"E02000447"
1.03314265162034,0.00767466209644083,0.00294923959483284,0.0193253425051179,0.0060991365432417,0.00672596899165604,0.0105296687663914,0.00956813699953286,0.030235506372713,0.011932041297281,0.10987543360608,0.0552631425107207,"E02000448"
1.0715071123576,0.00751321121730971,0.00339005325130699,0.017160012407511,0.00595636952819502,0.00680102218371291,0.0116477048522254,0.00897481546096414,0.0273803162373872,0.0109825967242512,0.114711896850286,8.3244716703168e-05,"E02000449"
1.05808823713019,0.00775449155660823,0.00299295795352559,0.0195207882639745,0.00619327135657866,0.00685296569977634,0.010667927872423,0.0096377494389202,0.0315405792181404,0.0119260817171765,0.112675211829634,0.0572095206354512,"E02000451"
0.927087075734594,0.00642574938687348,0.0024614027878108,0.0171090850991589,0.00527652952961401,0.00608769413071565,0.00944841417225572,0.00813485436632697,0.0327213253580703,0.010315449971887,0.0989287014938743,8.35980962992334e-05,"E02000452"
1.09478172225448,0.00795311818582304,0.00309650017327093,0.0200329562985541,0.00637995941781811,0.00706753095015356,0.010962687846037,0.00979196384261019,0.0344601194313502,0.0120148674769949,0.116664380027662,0.0604493847584133,"E02000453"
0.9832910685409,0.00767409355020973,0.0029287656004973,0.0190949058562272,0.00604918166403564,0.00665415366380448,0.0107006113166632,0.0095091002448034,0.0281632150698537,0.0116685090331774,0.104057528618538,0.0536948414259932,"E02000454"
0.926181876954967,0.00646462851329424,0.00244716851080842,0.0170453085422097,0.00523119717494004,0.00608163538053042,0.00949481330332208,0.00803886637165456,0.03259778218187,0.0101053485658896,0.0988530724927181,7.75303802734048e-05,"E02000455"
1.06408564512241,0.00790518535974837,0.00303212242511612,0.0197423337841782,0.00627653646078904,0.00696109932786786,0.0109502844712297,0.00966439541665428,0.0318969695605936,0.0117775422065564,0.113220847461671,0.0589766697282155,"E02000456"
1.01361698751904,0.00776168888398899,0.00296137267979706,0.0192909195566851,0.00612893702637987,0.00677291070230243,0.0109063394070892,0.00954468932781366,0.0291977005255913,0.0116225614589196,0.10751498232112,0.0555858352729288,"E02000457"
1.06153753339708,0.00802570095315774,0.00303319794967728,0.0197956075565314,0.00627172648558162,0.00694905870722604,0.0114370177644017,0.00962433256465913,0.0311462785668341,0.0116163153225799,0.112858996817613,0.0583633232198476,"E02000459"
0.993440433185811,0.00782849015656285,0.00298131591084907,0.0192631477068694,0.00614661951235671,0.00676512118062389,0.0112990626514117,0.00955966856155761,0.0280801191000938,0.0115049709414713,0.105072184025457,0.0552971320559451,"E02000460"
1.11974802875077,0.00833127968656694,0.00315122320805883,0.0205322390796528,0.00648854435228207,0.00719509768068661,0.0117217007750314,0.00977995957258057,0.0337334773441405,0.0117997554907155,0.119299817787504,0.0632280353034511,"E02000461"
1.0347048360973,0.00801843252368921,0.00303114830080496,0.019607721227948,0.00623551608470618,0.00686426253194401,0.0117255037389567,0.00961271725559658,0.029358009912989,0.0115224231981364,0.109740165596449,0.0562415044845291,"E02000462"
0.976066538893901,0.00787048211632959,0.00301587780558511,0.0192428370002859,0.0061701742579993,0.00674630296154948,0.0115860405738706,0.00962640082452201,0.0274855156510431,0.0114947499105046,0.102950004877887,0.0541539998156474,"E02000463"
1.18057663938642,0.00761315863560826,0.00289193413332622,0.0229906452999746,0.00547060105958591,0.00632121967071869,0.0153779625788918,0.0176024002076257,0.034445218876167,0.0117383009705267,0.126784791523004,0.0488247426585134,"E02000464"
1.213169338602,0.00791639102464623,0.00298879808049131,0.0298153604008321,0.00560155845631948,0.00648972054873482,0.0154410683786939,0.0177795098351974,0.0341898233930019,0.0116875232930189,0.129630867041088,0.0549448120257013,"E02000465"
1.1295525643257,0.00723814281165525,0.00278953664654731,0.0215776750034742,0.00516422538912171,0.00603788122713537,0.0150739586178964,0.0171422292551664,0.0332154394150028,0.0114115035971701,0.121343729718689,0.0418269746623499,"E02000466"
1.1820778756459,0.0077118435588124,0.00292096607434527,0.0290939348573234,0.00542498068513425,0.00632791529041004,0.0152377237421287,0.0175050061489104,0.0333907260596847,0.011465059705041,0.126296445495074,0.050610014169233,"E02000467"
1.086741556517,0.00691024235218769,0.00270499026196932,0.0197894038870463,0.00490705328755679,0.0058001817649005,0.014811870873003,0.0167305209267316,0.032324090899525,0.0110708175757218,0.116837719057872,0.0373795736532941,"E02000468"
1.16339205366811,0.00759571574233552,0.00288858820669656,0.0298313802083728,0.00530541106176103,0.00622943796430485,0.0150709486937726,0.0173050838748095,0.0326852229506014,0.011253889588673,0.124153480787383,0.0486425134895802,"E02000469"
1.26373160972173,0.00822062248850685,0.00319040877733581,0.0396318623268448,0.00576413678493793,0.00666693246804751,0.0155801935308752,0.0180202783381381,0.0340601514305547,0.0117658990364493,0.133877958908063,0.0599130112519805,"E02000470"
1.13433278518893,0.00739735862932945,0.00282462377461474,0.0294702493066279,0.00512000025075129,0.00606576558419872,0.0148827257745197,0.0170238853003042,0.0318265731791745,0.0109907198761084,0.121012001767987,0.0449125301681441,"E02000471"
1.11274555899342,0.00724933582726257,0.00277793694664354,0.0291013234252556,0.00498154390414967,0.00594746579137146,0.01474696660931,0.0168100562452817,0.0311707096734076,0.0107679773112935,0.118692084807971,0.0425263568448785,"E02000472"
1.22943363770812,0.0080042923402166,0.00314165350560193,0.0397124903284039,0.00559493380167258,0.00654572882675777,0.0152207636155111,0.0176668780514983,0.0328480976047902,0.0113967957607216,0.130042031855339,0.0583120426238667,"E02000473"
1.1090576003669,0.00722571004945498,0.0027763243593816,0.0314876011352336,0.00489919182886327,0.00588767226542898,0.0146208815615612,0.0167056926337846,0.0305382786061176,0.0105698923341807,0.118005150541157,0.0417576725369341,"E02000474"
1.18158618575569,0.0077162234851163,0.0029876135967832,0.0365609307565812,0.0053276658076799,0.0062874559775257,0.0149131107307131,0.0172919068199447,0.0319712141710866,0.01108078471037,0.125252836452048,0.0516379179885625,"E02000475"
1.15711660236029,0.00754587248970287,0.00294129110876835,0.03712731043492,0.00515238575351242,0.00613477522481026,0.0146614531880964,0.0170293698898125,0.0310167037754345,0.0107975856438654,0.122475437813382,0.0483727125176343,"E02000476"
1.19528106806625,0.007777273009839,0.00310286065110621,0.0398236596291877,0.0054163792093202,0.00640847119354853,0.0148594114394043,0.0173119081423731,0.0316081805353599,0.011050836048449,0.126212752046439,0.0559306516680908,"E02000477"
1.24281559746735,0.00805748049421372,0.00325569494921062,0.0418785335794767,0.00570609222595109,0.00668162487506087,0.0152945212985622,0.017721154994078,0.0326868180667563,0.0114627740989008,0.131107220047487,0.0623314449000994,"E02000478"
1.17140133351342,0.00762579238083886,0.00305309749516228,0.0391864699300029,0.00528129820181232,0.0062930816448877,0.0146327777021701,0.0170880273889784,0.0309215613537537,0.0108248137162811,0.123669590333373,0.0537227476334916,"E02000479"
1.1281522443258,0.00735181090622595,0.00290878957994396,0.0372317439658186,0.00498368472730943,0.00601034315447625,0.0143420525729608,0.0167266926476022,0.0298960951206994,0.010423798207105,0.119245564953768,0.0469933529801181,"E02000480"
1.35689720812629,0.00869734347576345,0.00370994590780417,0.0477562123058729,0.00644376646186727,0.00740848951263456,0.0164846589060035,0.0186830511274089,0.0351982550622123,0.0125240156934734,0.142595327923755,0.0827803484174165,"E02000481"
1.29125032789958,0.00832326524217261,0.0034521502392346,0.0444376845711768,0.00601895448434573,0.00700014781995567,0.0157808143942093,0.0181087751093874,0.0336236047717434,0.0118849370958586,0.135979560223646,0.0708503402349343,"E02000482"
1.23495654242357,0.00798900458417037,0.00330560265598025,0.0426470834722368,0.00570000732021476,0.00670575226288796,0.0152272504711807,0.0176084740379527,0.0321066208412142,0.011401186590792,0.130040763886266,0.0635617242122584,"E02000483"
1.19853264250123,0.00776601967690781,0.00320123575553123,0.0413419342722461,0.00547641733715346,0.00649369064490482,0.0148571419264388,0.0172898461495482,0.0311585043642447,0.0110691719232572,0.126244368104617,0.0587695640203965,"E02000484"
1.27157044850079,0.00819609973126866,0.00344244886677628,0.0444075370444106,0.00593163889658832,0.00694117430243811,0.0156121696325128,0.0179088530874085,0.0328713801929257,0.0117298950232209,0.133758601838896,0.0696612505317813,"E02000485"
1.23227980503171,0.00795131305690688,0.00336647246020213,0.0435140687888306,0.0057124725789414,0.00675202504458428,0.0152138655044689,0.017545504257034,0.0316426529986055,0.0113789753306056,0.129537483400086,0.0657043620796884,"E02000486"
1.3370796317271,0.0085727608279722,0.00378263630938785,0.049012355517861,0.00640951261583715,0.0074462851951737,0.0164595380156962,0.0184654980298581,0.0339635688269528,0.0124784117716246,0.140015787839228,0.0844518511228086,"E02000487"
1.25699344396114,0.00808399017930729,0.00349422674725677,0.0452083314060109,0.00587979225682811,0.00694388697683815,0.0155144289545161,0.0177320530636669,0.0319304265772425,0.0116200158236046,0.131923491611806,0.0711587928700057,"E02000488"
1.23827147906728,0.00795706195001095,0.00347048800729454,0.0449837651686031,0.00576046974896658,0.00684685857926205,0.0153073907657458,0.0175641832699531,0.0311777658547343,0.0114376279079727,0.129879445531904,0.0695259881599003,"E02000489"
1.26506840096337,0.00810611459395526,0.00361531019396476,0.0470345441368115,0.00592108701624014,0.00704538757363344,0.0156698763457714,0.0177950712469588,0.0313205287637953,0.011704009328353,0.132423893836819,0.0757519940350315,"E02000490"
1.29754399131014,0.00828749526848538,0.00379179710624215,0.0498438923206909,0.00603057437999806,0.00722087969983245,0.0161238046511546,0.0181841048800229,0.0309208594610525,0.0119484621289602,0.135489632233269,0.0829345481390775,"E02000491"
1.40314294640745,0.00903695210423614,0.00420582687162451,0.0560155388579785,0.00681399448834512,0.00794173506856732,0.0175885365703036,0.0192660856043935,0.0336684182536966,0.0134322461666474,0.145750321609977,0.101486976084903,"E02000492"
1.35389397395875,0.00869717019153391,0.00401615097027297,0.0531445492123676,0.00647013561977164,0.00762664795418112,0.0169490731997945,0.0187479800684083,0.0324865885334062,0.012760674907953,0.140941032038449,0.0930886397498353,"E02000493"
0.963325629850777,0.00775720884065889,0.00292595233536542,0.0192747345014836,0.00599288916912133,0.00653066210545087,0.0104645295545393,0.00956790673113363,0.0276802582477207,0.0120692545575447,0.101645957209619,0.0526037480339888,"E02000494"
0.979953533189399,0.0076765475229166,0.00291073971698915,0.0192144519077812,0.00599497348574169,0.00655020403786776,0.0103753389326322,0.00952335509403162,0.0282115593768277,0.0120062224359841,0.103682523771016,0.0530724119561479,"E02000495"
0.947089468596548,0.00803567648361445,0.00302766698778347,0.0194863085610081,0.00610060598851946,0.00661643100761229,0.0110846562622719,0.00985943004046299,0.0267732749497513,0.012194291139141,0.0993893715921586,0.053842485471494,"E02000496"
0.961880605670622,0.00768538818269095,0.00292111298771006,0.0190825969864175,0.00599616140710882,0.00656181193862717,0.0106251456725778,0.0095174115461874,0.0276232474679957,0.0118088978184715,0.101541041017245,0.0519508093280857,"E02000497"
0.937213480626552,0.00787984445031032,0.00299574136107871,0.0192000764843534,0.00605395342261375,0.00658419739440984,0.0111265204058146,0.00971896195105909,0.026709674047658,0.0119173921361494,0.0983857949790234,0.0515295028048079,"E02000498"
0.960445467385335,0.00769095679895353,0.00293837392338567,0.0190368694824302,0.0060190501910022,0.00659953355614247,0.0109401089381365,0.00951639243467482,0.0275608857448476,0.011644254659653,0.101343408682777,0.0517102427601825,"E02000499"
0.935468836706913,0.00779834267005259,0.0029748430085353,0.0190681526954409,0.00603952890285571,0.0065783565505274,0.0110977472438486,0.00964350227321099,0.0267099052541433,0.0117632639225044,0.0982680869086035,0.0513437982904686,"E02000500"
0.93865259122562,0.00775716880195793,0.00297667233049889,0.0190007938214673,0.00606247390128975,0.00661456143900024,0.0112578040997004,0.00960626828742424,0.0267479239963787,0.0115863018785008,0.0986664015045151,0.051798255286026,"E02000501"
0.931039728996704,0.0079956807842905,0.00310359045863447,0.0192038096234489,0.00621448769333508,0.0067106853940664,0.011730843175124,0.00999962968013362,0.0261391504378453,0.0117951899268686,0.0974217352075021,0.0531575460994096,"E02000502"
0.930753097011713,0.0078415615523416,0.00303207740091704,0.0190468074163053,0.00612512012195469,0.00665214109827902,0.0115372353297929,0.00974960750481177,0.026417490478375,0.0116244595797731,0.0975934933511106,0.0519361890996872,"E02000503"
0.938491779647956,0.00812993171718374,0.00314272340294179,0.0193876645187162,0.0062684841145262,0.0067500541529969,0.0118404548431965,0.0101717424659033,0.0260584251854939,0.0119580325603211,0.0981549892288485,0.0548688774534255,"E02000504"
0.952244097136512,0.00830456995277091,0.00322543089380309,0.0196711419257283,0.00638639187790461,0.00685074786483545,0.0120818928626565,0.0104751210692794,0.0260350726317415,0.0121350644901412,0.099538922755189,0.0570445177438596,"E02000506"
0.954370972730279,0.00826694741361912,0.00325698409506905,0.019608659773814,0.00647672870236401,0.00691189975410257,0.0119398046419031,0.0105488720066541,0.0260825814592172,0.0120756811221687,0.0997752831871394,0.057723232343293,"E02000507"
0.985142954223512,0.00861639823063781,0.00340137225074961,0.0202559102549741,0.0066670524024621,0.00709654913765299,0.012318296250998,0.0111966084875112,0.0261625691390455,0.0125002147813615,0.102954479267282,0.061440155924508,"E02000508"
0.997602270353839,0.00875216283813544,0.00345440434512346,0.0205309717932464,0.00674481516694686,0.00717097806256772,0.0124624903494963,0.0114624369903873,0.0261976357151371,0.012670541621763,0.104246164726964,0.0635543482003691,"E02000509"
0.995963433361023,0.00867927943944481,0.00345148832655591,0.0203728087013439,0.00676844822949344,0.00718058611217,0.0123236126435269,0.0114007248281116,0.0263144384153218,0.0126064932412261,0.104115182963906,0.0628495743734814,"E02000510"
0.982519626949484,0.00846956066483183,0.00338174499737111,0.0199746652845518,0.00669580390378998,0.00709602795935091,0.0121084395839561,0.0110130929682379,0.0264375514805787,0.0123787367804094,0.102776826145342,0.0607075454942085,"E02000511"
0.991163507523504,0.00859873289228284,0.00342832110340262,0.0202128287082562,0.00674963627549737,0.00715432082791294,0.0122305123136842,0.011260719962101,0.0263722051951769,0.0125229777050301,0.103640024793067,0.0620819578064781,"E02000512"
0.998897816587926,0.00846092882189178,0.00338554858604315,0.0199667937763391,0.00675308050980654,0.00713216996477666,0.0121755054117539,0.0109341032987847,0.0269790563185346,0.0124191536870506,0.104706091439759,0.061114488885693,"E02000513"
1.01108490123274,0.00864482478164768,0.00346929673979225,0.0202702860320976,0.00687582063058939,0.00724418107557793,0.0123231675706904,0.0113330022399069,0.0269416146576058,0.0126752658218237,0.105892297293753,0.0636461334373667,"E02000514"
1.03807597489085,0.00909942881642144,0.00362985310706383,0.021240960513364,0.0070462279895455,0.00745646366604374,0.0126952513470454,0.0123398580732235,0.0265961889914367,0.0131912048346585,0.108507672617498,0.0693784734386521,"E02000515"
1.04244982644556,0.00871575439596233,0.00347614329433014,0.020397822037645,0.00696429171989607,0.0073040868470239,0.0125678532045418,0.0112222319661365,0.027746506604683,0.0128033065654058,0.109522239337784,0.0652337285408385,"E02000516"
1.02605671827788,0.00888594546666569,0.00356406000398852,0.0207416444623632,0.00699294668378081,0.00737425311736464,0.0124858802177764,0.011867949717829,0.0268124648286309,0.012965443918231,0.107348806062603,0.0666192755989312,"E02000517"
1.0399359521946,0.00907068740621276,0.00363097357345774,0.0211428059754698,0.00707769283920394,0.00747357307501226,0.0126351538369967,0.0122773301536896,0.0267790225184102,0.0131939851976927,0.108749317701598,0.0692660220791351,"E02000518"
1.04547196027648,0.00893432176222517,0.00358204052297265,0.0207491434194505,0.00709156155238202,0.00743489861014406,0.0126577217488778,0.0117930309877829,0.0274537002876366,0.0131147139194418,0.109570572656718,0.0680764898863745,"E02000519"
1.06524551820464,0.00921902617981031,0.00369417302532697,0.0212781284752963,0.00723481203536172,0.0076014112872257,0.0128417862383595,0.0124351473664102,0.0274671258060065,0.0134922019926183,0.111538825355901,0.0712884022635304,"E02000520"
1.09314030326984,0.00959628333142117,0.00383439107858333,0.0220751842592393,0.0074060352537187,0.00781542502660729,0.0130373330964191,0.0133747387617524,0.0275077782528981,0.014007871495877,0.114347338557428,0.0759290196455259,"E02000521"
1.08955063991152,0.00959717951114578,0.00383539128299659,0.0222005129828948,0.00738138725817286,0.0078035286554076,0.0130122115900535,0.0134979956676053,0.0272548663031218,0.0139864564337974,0.113910035140447,0.0765515433000262,"E02000522"
1.11611432515097,0.00979914009056316,0.00388941126756874,0.0222254781624723,0.00753579979554366,0.00793150436027359,0.0133118210341914,0.0134773372674014,0.0281212358015171,0.0143069215884099,0.116841075172067,0.0779142244237547,"E02000523"
1.20078510754008,0.0108805908603899,0.00427465137068665,0.0246101788802606,0.0079869007320986,0.00850379133871186,0.0138236734346264,0.0162530031309828,0.0287000208110573,0.015998470795737,0.12547667840989,0.0932514767915625,"E02000524"
1.19092475278936,0.0107732131838172,0.00418744021803729,0.0238098846018287,0.00794727224862257,0.00841705784005725,0.013955486737256,0.0152347559547609,0.0290157401381666,0.015597714929082,0.124555539188025,0.0884504757683051,"E02000525"
0.890690867280922,0.00794106046530326,0.00419441351351206,0.0143504732096326,0.00608733010157545,0.00788443364383616,0.0119787604142458,0.0105509820267813,0.0133630480990931,0.0117299081360408,0.0926988030451701,3.98424729598965e-05,"E02000526"
1.19988931625434,0.0110946766313012,0.00420397414292938,0.0236484311191143,0.00818528603446006,0.00864477285157418,0.0144792007889714,0.0144379705630413,0.0299400376663464,0.0156775869542715,0.125260569707405,0.094116674524747,"E02000529"
1.17963623323551,0.0106159360244138,0.00410149993483332,0.0232227287793885,0.00791909293881155,0.00834223257046866,0.014066988375753,0.0143161844521933,0.0292613970018082,0.0152657016663456,0.123443551578876,0.0869469781356042,"E02000530"
1.54997206055099,0.0140411843557005,0.00494956184700712,0.0279025581873463,0.00976438031170935,0.0118161964630947,0.0164916835085209,0.0165753323099075,0.0333735054888386,0.0178767149283686,0.163049336617296,0.139384379746875,"E02000531"
0.990040448106285,0.0086059871895452,0.0042276827675859,0.0151154972726409,0.00693825021972921,0.00968334526086792,0.0124765679200702,0.0122708581441708,0.0157003085993731,0.0124802648057575,0.103062265737454,4.44948695060486e-05,"E02000532"
1.80833156077274,0.016528101648188,0.00640662254855519,0.0317761865626521,0.012481319043568,0.0160659966852669,0.019399035966129,0.0203460592795883,0.0288184170464413,0.0206372827538323,0.188753244212277,0.200844373598892,"E02000533"
1.2992587521329,0.0122407948556716,0.00446095871144499,0.0250814339238639,0.00878600156741045,0.00968786298771974,0.0153159109173612,0.0149741885917915,0.0318426733048487,0.0164334943840394,0.135635051328766,0.111519716183927,"E02000534"
1.23168486997988,0.0116131958113793,0.00436717949252033,0.0245370033611664,0.00832281705725888,0.00883237977748728,0.0145416951808611,0.0156743581864207,0.0299925868357061,0.0162866035759793,0.128474167181527,0.0980469779463851,"E02000535"
1.2548944454171,0.0122945270713079,0.00453729883208117,0.0252465665579107,0.0086492002679929,0.00925178769090442,0.0148067480634505,0.0162477584123761,0.0305216855514659,0.016783214446152,0.13040234141436,0.107503745396222,"E02000536"
1.26473437130166,0.0124643603094054,0.00457111857304855,0.0253502454424513,0.00882868144239925,0.00955249842406253,0.0149903506146974,0.015933364779197,0.0309014920961812,0.0167832745247997,0.131276816337888,0.113128697212123,"E02000537"
1.26660166385727,0.0120429077685264,0.00451609124788086,0.0255273617680468,0.00842445350862752,0.00899482876309234,0.0146798438286526,0.0169462393702732,0.0301050681867095,0.0169134402356733,0.132120224329995,0.102053472172343,"E02000538"
1.42780206697279,0.0141275784489417,0.0051029326167178,0.0279243487007939,0.0097544009994564,0.0112587691950163,0.0155539801181179,0.0186441008572402,0.033374508206708,0.0180622003404022,0.14842607065263,0.140569541887225,"E02000539"
1.33944859461344,0.013704916205326,0.00497007703027653,0.0272203872554651,0.00937983246698702,0.0104308921382465,0.0152674234088136,0.0184105203572953,0.0319079813542997,0.0177984577603738,0.138569742849339,0.129105246237638,"E02000540"
1.27684556094877,0.0124638690647417,0.00462597113415219,0.025979089889078,0.00864000920759071,0.00924206036056484,0.0147561719357214,0.0172568546417342,0.0303952599479546,0.0172208659582751,0.13282273881056,0.108892185691382,"E02000541"
1.29497487227596,0.0129979327265875,0.00476781104992943,0.026530662473391,0.00890079448979605,0.00959669129617516,0.0149451326849291,0.0178146702408023,0.0308017308550202,0.0175369309311089,0.134308897740701,0.116258728654515,"E02000542"
1.33404344658743,0.0137332819932139,0.00500623404134307,0.0276457342445246,0.00927051684546038,0.0101670360651694,0.0151906393370172,0.0191773291461707,0.0314076295607208,0.0180891139150999,0.137951306739715,0.127226062779983,"E02000543"
1.37901617832882,0.0142537901300534,0.00522704458184083,0.0286501853450307,0.00967865490310348,0.0108233616328049,0.0153569944771441,0.0204869520997018,0.0321722394146912,0.018513640737434,0.142418121687114,0.139538485091763,"E02000544"
1.45950449537159,0.0146524983829486,0.005404581230831,0.0294035758279866,0.0101049395714402,0.0115393279825103,0.0155164540414572,0.0212870073702343,0.0334837302422413,0.0188068788022561,0.151314841208776,0.152522186721371,"E02000545"
1.34019352004615,0.013598556897304,0.00500786565518115,0.0281560167288612,0.00910970427744567,0.00989622119798671,0.0151785253404445,0.0197112185096184,0.0311086065987785,0.0183700146174761,0.138870428285213,0.125009062099696,"E02000546"
1.31474079538556,0.0127195427811501,0.00476664286834353,0.0272593822368453,0.00866731057123895,0.0093209596698616,0.0149043172932228,0.0187180911907465,0.0304347190939124,0.017921415145165,0.136952170148071,0.113472579403733,"E02000547"
1.34210720822828,0.0129091213129252,0.00490118027440571,0.0285125256381534,0.00873623886583116,0.00942630976142589,0.0150665124297377,0.0199220858675533,0.0304959962328945,0.0185495380682911,0.139822819036979,0.120893701641603,"E02000548"
1.37176014478583,0.0138555773071853,0.005161073696189,0.0295771636013103,0.00919234259458903,0.0100021695376298,0.015424544656241,0.0210827407014224,0.0312489399639924,0.0190128547922535,0.142174849877655,0.130978220105997,"E02000549"
1.36927560912595,0.0135815949696762,0.00510660649286898,0.0295798658320836,0.00904854119195386,0.00979747320557425,0.0153626340663572,0.0209113370760586,0.0310195350115046,0.019031199827459,0.142199101173534,0.129516890030818,"E02000550"
1.42039599371147,0.0145661262955145,0.00550461989354608,0.032038148606743,0.00965191326459263,0.0105638357445601,0.015950759644324,0.02341586410117,0.0319011852259395,0.0198824551780709,0.1466899112153,0.14684543042405,"E02000551"
1.40105629687946,0.0139196372494332,0.00527700537501744,0.0310325113302594,0.00920243997992871,0.00998470209941558,0.0157136446056316,0.0221683378350286,0.0312848929923033,0.0196858207866067,0.145396915104567,0.136994501398153,"E02000552"
1.46051052965564,0.0148916124741028,0.00572761897878622,0.0343535882943425,0.00985868089762814,0.010754681307843,0.0164947380827033,0.0249538823758059,0.0322740893618518,0.0207439123763364,0.150722510986122,0.15568175506355,"E02000553"
1.13545743563899,0.00742974510774848,0.00617684388195932,0.0184235638709382,0.00619765915625291,0.00710743152074984,0.0148818052797144,0.0185945523756937,0.0191324659901474,0.0118366451480725,0.120882152723359,0.060393862548493,"E02000554"
1.09040444594298,0.00731842268886553,0.00628379883459775,0.0170828844464933,0.00596635122676662,0.0067608331707952,0.0143190472336608,0.0155143613537393,0.0166949924417149,0.0117456784770297,0.116043035502578,0.05429140075092,"E02000555"
1.09159716780596,0.00755800669987072,0.00562233438009465,0.0185365232264056,0.00609445229582616,0.00715549342921075,0.0146894465246507,0.0194247477368353,0.0188190151015101,0.0117460548939086,0.115771603759495,0.0576018380747551,"E02000556"
1.02776895683308,0.00731115956285848,0.00612271140258122,0.0164107420267897,0.00580383247430732,0.0065173536976465,0.0138927315777589,0.0136770589951307,0.0149521250015748,0.0118770495961275,0.108933589736693,0.0473831094425228,"E02000557"
1.07801644282761,0.0077976966554452,0.00533619794554528,0.0192994004743253,0.00611707178184181,0.00732646779883184,0.0146720627617485,0.0208850636619345,0.0194553902009073,0.0117765336185821,0.113899053422633,0.0568613682401694,"E02000558"
1.11057384849704,0.00817990543800375,0.00532406049624198,0.0213632157642051,0.00627600651527455,0.00764521981820094,0.0151117600214195,0.0229150174037189,0.0220225200820494,0.0118555103972077,0.117077884154191,0.060114207755985,"E02000559"
1.04304141797902,0.00772851491225754,0.00529928794247052,0.0182338263260791,0.00603056922736188,0.00710122464177556,0.0142514704481363,0.019284658579545,0.0173157350998142,0.0120522362863048,0.110059589565051,0.0511024049846573,"E02000560"
0.995092742547297,0.00747656928934474,0.00557352191319,0.0167084975568217,0.00584431199068606,0.00665136183504533,0.0137718984442655,0.015142599277108,0.0148483496155389,0.0120854060175027,0.104963263439995,0.0449229710906903,"E02000561"
1.12183070696239,0.00843117341243613,0.00524845507699286,0.0225917684928449,0.00625343413732987,0.00772796120593923,0.0152921276365888,0.0238348178874144,0.0224852555145656,0.0117657502257652,0.118101861798438,0.0598085170907192,"E02000562"
0.975373550568965,0.00758013155533384,0.00523308344205324,0.0169635757576707,0.00587435520332596,0.00677132570440827,0.0136289021528534,0.0161877560226663,0.0148029889570079,0.012141488155904,0.102513222590495,0.0436368996885215,"E02000563"
1.02513782042095,0.00785667295928225,0.00506183264801765,0.018647405995941,0.00606169177107226,0.00719516934992745,0.0141101036640564,0.0203502207518783,0.0170780120858537,0.0121971389799359,0.107738590609067,0.0485563241003924,"E02000564"
1.19161292008489,0.00896108956697957,0.0054413635315423,0.0262386297320168,0.00620495083655386,0.00784104305326259,0.016037923570303,0.02505512544996,0.0246498594978059,0.0114434450286237,0.125635509199232,0.0636489453717175,"E02000565"
1.05065645308655,0.00804101430564189,0.00498748964291574,0.0198259875980237,0.00608577950881369,0.00736661801596774,0.0144450547624392,0.0220875638563864,0.0184259204131261,0.0117617915935537,0.110436331323858,0.051890200745632,"E02000566"
1.17637193289498,0.00889378111234538,0.00532371374749857,0.0248369988538188,0.00630504844252042,0.00776355888855059,0.0159759294293485,0.0254686371448559,0.0230976247574454,0.011542494535959,0.123937225439654,0.060674645854993,"E02000567"
0.97991391892994,0.00774632026486159,0.0049574514045757,0.0174658150770175,0.0059828656951771,0.00689375558787324,0.0136641866802081,0.018853198055105,0.0149196174948896,0.0121722155365743,0.102700183715764,0.0420969323717899,"E02000568"
1.09432679290595,0.00834716545598486,0.00502781464776283,0.0210925323385458,0.00616590242213865,0.00741798044509076,0.0149528120361292,0.0238513579815918,0.0194206409460853,0.0114417615786562,0.115167766860119,0.0541167027761493,"E02000569"
1.02295914276224,0.00795548407135141,0.00486173556426148,0.018524842387145,0.00602026634280094,0.00703431663177654,0.0140624830857438,0.0214133164297725,0.0162037154201102,0.011488713070377,0.10747280259673,0.0464833037744819,"E02000570"
1.13503747566464,0.00862100955900559,0.00508694349991751,0.0217746841084019,0.00625656994662181,0.00734618539181254,0.015288425062778,0.0249210938709713,0.0197920830377413,0.011039171014554,0.119692482335704,0.0559594492876647,"E02000571"
1.01117168747506,0.00799503596815285,0.00489462971757642,0.0177454382663268,0.00606497556489859,0.00686460343967754,0.0139099369889993,0.0203986564627359,0.0150039113659428,0.0115611430200643,0.10616548469541,0.043883984373276,"E02000572"
1.08190480587551,0.00830386182221196,0.00492160085678779,0.0194752161665538,0.0061695316865075,0.00703158492589247,0.0145180173175178,0.0233546049425214,0.0171568081750058,0.0109597308967791,0.114015680963137,0.0503279087258006,"E02000573"
1.05464383667866,0.00828913004656297,0.00493303953272327,0.0182106113787625,0.00617885718147463,0.00685252739539245,0.0141325935906313,0.0214475515345094,0.0154453540130374,0.0111448361437031,0.111040099831345,0.0470191493996715,"E02000574"
1.15310762538274,0.00883690055649141,0.00502962579935258,0.0194779298694538,0.00642526985783968,0.00688849419127813,0.0145115334288282,0.0237312123569574,0.0169781476712048,0.0105489302071061,0.122075356663802,0.0543327344658631,"E02000575"
1.21878047245922,0.00917352345275107,0.00513127089732335,0.0216339664804015,0.0065232325684224,0.00708045766584009,0.0150376596103261,0.0256986051914407,0.0192466056227559,0.0103661869925532,0.129257085125103,0.0596932217734541,"E02000576"
1.44664748294047,0.0108878947100443,0.00857136734446191,0.0222701115286092,0.00962549644450581,0.00946575799795544,0.0179110409233366,0.0133811696570613,0.0196146889229593,0.01699673504052,0.15244714935286,0.115430320360198,"E02000577"
1.48343337924744,0.0112310384573769,0.00857443878160294,0.0228053238158669,0.00987887669050002,0.00980624993202051,0.0176651896722504,0.0136619877573838,0.0202295288497918,0.017353935192387,0.156396418119563,0.122934831622156,"E02000578"
1.53481529534601,0.0117377236808132,0.00945965152278819,0.0238066866349731,0.0104153995542722,0.0104630780012022,0.0180743044260015,0.0142313158018429,0.0210167985098734,0.0179701465660194,0.161357671712406,0.131080524894269,"E02000579"
1.47865705875985,0.0113980592534539,0.0112557134266214,0.0233361562088155,0.0100452089354997,0.00996291542240308,0.0180043187345477,0.0140105524063753,0.0201829646185808,0.0172415245184096,0.154537219993083,0.119274179033374,"E02000580"
1.56224748303302,0.0120704183558768,0.011039816943972,0.0244869970895337,0.0107225991566161,0.0109324661859819,0.0181253379570593,0.014658698043768,0.0215365172597789,0.0181968939445001,0.163520038835798,0.136005575861347,"E02000581"
1.54688163580789,0.0119118078811762,0.0140438076209231,0.0242673182803386,0.0103728548659409,0.0102863257162002,0.0180022876213756,0.0145386965113481,0.0208213710373672,0.0173658354094415,0.160859989673485,0.123759601720406,"E02000582"
1.59210537779139,0.0122576637589473,0.0128763053618419,0.0249082699216401,0.0108619137778035,0.0110475431375503,0.0183535248684668,0.0148677403141481,0.0217131321298165,0.018241827801596,0.166088047289389,0.135732872626033,"E02000583"
1.64397722218485,0.0125319669332796,0.0158169267199558,0.0253594354917968,0.0106892291161035,0.0106014135090248,0.0180188691615714,0.0152058172506676,0.0216933352931123,0.017368687859624,0.171011302125497,0.132583497900674,"E02000584"
1.71250401808238,0.0132021877789938,0.0159684417027715,0.0266175377954998,0.0114276350214908,0.0119681594761444,0.0186510738615975,0.0157827641051326,0.0230430446854452,0.0188047715868539,0.177920921483376,0.151259699893816,"E02000585"
1.79130371818494,0.0135491207293697,0.0164682386830972,0.0269271817354089,0.0111396579449861,0.0108770699444244,0.0183231977720665,0.0167438479977563,0.0227846763166535,0.0172565541040623,0.187408294652188,0.146467522074567,"E02000586"
0.858178294587562,0.00696065244908069,0.00744820599705035,0.0133837031735622,0.00622284839693515,0.00487812284202157,0.0129210325514047,0.00969911842562091,0.0116201148677718,0.0107765701572933,0.0886908807530802,4.14457012211625e-05,"E02000587"
1.88655864190338,0.014613200214618,0.0137797986523216,0.0276669430457207,0.0111754262088708,0.010575557999037,0.0187786875190158,0.0236977650220344,0.0219882973642344,0.0172528274950143,0.199065357186605,0.14236675570453,"E02000588"
0.858218781062932,0.00710033099273031,0.00768135326836881,0.0133460163898315,0.00621702077774853,0.00482540389022863,0.012569878267206,0.0108143120452185,0.0115865802373151,0.0107105607492579,0.0885086234665171,4.10815872085815e-05,"E02000589"
1.94508029298662,0.015071563920021,0.0154585472301219,0.0284086634158992,0.0114889873959093,0.0110804663753544,0.0189362654151825,0.0227592762367912,0.0229266661260782,0.0175801499597454,0.204882336939363,0.154397564162231,"E02000590"
0.866534230779508,0.0072258016527256,0.00771737235495255,0.0137429940081517,0.00624043774640412,0.00505912869343351,0.0131388519756,0.0102051488365297,0.0118549567612554,0.0107169799844172,0.0893514314460427,4.18619610053188e-05,"E02000591"
0.855424625271403,0.00714832619952229,0.00754864925239969,0.0131286875864041,0.00622124504865934,0.00478054176059771,0.0120101858706166,0.0130407153790955,0.0114052128621761,0.0111214127689272,0.0881313034870938,4.12589646039272e-05,"E02000592"
0.865928435953412,0.00742154278060508,0.00776316595807123,0.0138327588114302,0.00625471702915703,0.00504460215420719,0.0129243698788144,0.011989446878043,0.0118201511026714,0.0106994130712422,0.0890750072869979,4.16763820047467e-05,"E02000593"
1.9351085362456,0.0160720893717334,0.0141682477833545,0.0292605777860316,0.0114188840807797,0.0113554613853936,0.0194246354196821,0.027092141599806,0.0225162659212453,0.0173729130137849,0.203469914697989,0.155882490807355,"E02000594"
0.866647337234619,0.0075311511148977,0.00752110081888041,0.0134608052713246,0.00625680497575134,0.00500770455917591,0.0120306550686896,0.0178491306077895,0.0114330776483196,0.011446787627184,0.0889419181754626,4.22527678702234e-05,"E02000595"
0.867342781790998,0.00755395786198382,0.00772088806034006,0.0138166717461893,0.00627038000023303,0.00511083998692668,0.0126510092565676,0.014590471530908,0.011746952777666,0.0110050613012105,0.0890532333739418,4.19035354660564e-05,"E02000596"
0.889712628703231,0.00806216297986432,0.00790703441346303,0.0145631523063983,0.00639311675829874,0.00559994524897546,0.012934664218001,0.0180045150959613,0.0119558567805455,0.0114685550021992,0.0909524170151821,4.31199719510794e-05,"E02000597"
1.76739271005097,0.0176049919704153,0.00695297600175428,0.0452294030464136,0.0113967355225561,0.0116556991531734,0.0184000393099082,0.0286535372662411,0.0425602356309232,0.0234871001463636,0.183292388721765,0.184652606222613,"E02000598"
1.72794820272769,0.017576049968534,0.0103907056872654,0.0497668871155479,0.0105230375057973,0.0101961760129283,0.0181972924280793,0.0256907701876541,0.0422652227375503,0.022507264892807,0.178045203649488,0.160368425264834,"E02000599"
1.72090573716405,0.0174911847718297,0.00846516082972409,0.0505475157072925,0.0109738239275711,0.0107558644376239,0.0185892561854476,0.0268189022268389,0.044520659265276,0.023126523538173,0.177203541738927,0.164925875765709,"E02000600"
1.75552902610661,0.0175121708468296,0.00744367600598895,0.0499716583108669,0.0112638538976605,0.0112006359550096,0.0187724758533015,0.0280610662558786,0.0446744637897877,0.0234237293131285,0.181380391769803,0.175366439039208,"E02000601"
1.7098741648973,0.0172451137420514,0.00833876167176391,0.0552543491121449,0.0109937622681019,0.0105661156478844,0.0187420246044707,0.0270475193383272,0.0472477370299368,0.0226197172510819,0.175343348190006,0.159805183835128,"E02000602"
1.64275548444114,0.0167743764963648,0.00914125403112474,0.0582339855358425,0.0103674222980207,0.00982890350026993,0.0182361879425969,0.0256073748035255,0.0465232205582274,0.0215299074954955,0.167326921534871,0.143883407129801,"E02000603"
1.60210994576083,0.0153490615027823,0.011371598752682,0.058916358657306,0.00963535417792379,0.00893995587874226,0.017707054891785,0.0239672417110128,0.0444802735475599,0.0201370227276152,0.163115834159229,0.125613261117169,"E02000604"
1.61075382028435,0.0160163549792474,0.0102181806036685,0.0619911142677966,0.00997363274734255,0.00929402415778987,0.0180009905887543,0.0248245079599506,0.0471784073868839,0.0207427057295081,0.163209409700884,0.131039675509396,"E02000605"
1.72447020376542,0.0170598973618859,0.00776879194857842,0.0542996800265433,0.0110014668469523,0.0106180079291561,0.0187789631832863,0.0276431731693818,0.045714224708436,0.0224476281476545,0.177506233366591,0.165673913773261,"E02000606"
1.65697882002516,0.0165830285396699,0.00894719447277499,0.0612886162951902,0.0105170283574199,0.00987437085492912,0.0184020390485003,0.0261743919678143,0.048842452592799,0.0215974030108007,0.168534504910004,0.14434334715776,"E02000607"
1.7225937713505,0.0167591425799019,0.00830838284788851,0.0589115974598888,0.0108993699678838,0.0103301549512259,0.018789304030054,0.027558411381308,0.047197228606722,0.0220805132688951,0.176690511549044,0.160046982522003,"E02000608"
1.58450722790828,0.0144916570468784,0.011167481790796,0.0631856987512068,0.00948869439868592,0.00881697448244059,0.0178285652800653,0.0241446617653088,0.046752210426946,0.020048173062961,0.160727333136884,0.118181172866587,"E02000609"
1.68979364238619,0.0162847918180312,0.00892281381775783,0.0630911707238783,0.0106153904840565,0.00989572382211454,0.0185345969421164,0.0268200603419625,0.0493442035592835,0.0216122688717642,0.172310648679243,0.148716270216098,"E02000610"
1.59962872011271,0.0151146149671712,0.00940865801109284,0.0636449195617032,0.00982274962752862,0.00915270273055631,0.0179212668772308,0.0249602501870302,0.0474718707896973,0.0204867304922674,0.162406610558446,0.129036257225882,"E02000611"
1.55341416834314,0.0133782244016446,0.0115630649063345,0.0606178829959721,0.00893930003029306,0.00839853863842228,0.0174927624656617,0.0231646342310032,0.0445214835563385,0.0192199790176624,0.15838664976839,0.108217514223108,"E02000612"
1.66648332036159,0.0155859536226709,0.00927432054659475,0.0657277637578835,0.0102867243849127,0.00951163827757458,0.0182822727451243,0.0262656235836628,0.0495506646737776,0.0211718837013374,0.169520201946798,0.140492636510639,"E02000613"
1.60823016226724,0.0142312324400798,0.0100768756807967,0.0659116845877233,0.0095438467832547,0.00888704656934568,0.0178926693318447,0.0248303945372044,0.0473770909769865,0.0202868132821115,0.163486729936415,0.122772141647372,"E02000614"
1.66934625842312,0.0149859774114382,0.00948367081688633,0.0672277908552558,0.0100810982721323,0.00930361070264796,0.0181896355962872,0.0261699231785987,0.0487791272274325,0.0209765214666993,0.169997775064594,0.138310336089838,"E02000615"
1.62473201687398,0.0138181899978953,0.00965632314859688,0.0665289398617731,0.00944242277128024,0.00885097294121207,0.0178264902115783,0.0251233111790094,0.0463362787276693,0.0202018491848574,0.165800645114393,0.127805221208549,"E02000616"
1.67477904779896,0.0139721660505974,0.0096242511794689,0.0679066106850872,0.00967076753120125,0.00903356149288379,0.018024175689987,0.025994185012307,0.0459777855238997,0.0205589472092828,0.171351172591848,0.140477980666734,"E02000617"
1.522427408333,0.0129420290753585,0.00661746268995424,0.0256654527632627,0.00910456422972004,0.00869496160814629,0.0167996834767272,0.0298483506605009,0.0199942577310607,0.0120558764441363,0.160630282923434,0.0942391463646313,"E02000619"
1.55324893359614,0.0136008309934714,0.00708679472170378,0.0269175729107535,0.0095250039349044,0.00919810386025701,0.0172873176606993,0.0303101057648778,0.0202843625191883,0.0128056876034174,0.163317800623011,0.101776541246808,"E02000620"
1.61817205084271,0.0150019139012186,0.00820761212271932,0.0288888815701236,0.0101837425016315,0.0101039947692359,0.0181630852260697,0.0309639742411717,0.0210615691236172,0.0143905541867402,0.169133688520825,0.116427418662497,"E02000621"
1.56620937255964,0.0142532229873065,0.00726682682790213,0.0311482542861472,0.00956492956300837,0.00980542493847445,0.017351929872174,0.0298454044814065,0.0222397877487692,0.013132793581951,0.164013376084396,0.106803247306629,"E02000622"
1.65831129788239,0.0161138705146558,0.00904916702429555,0.0314517238884644,0.010485778773879,0.0106857724501658,0.0186282689057754,0.03114899632618,0.0224767725068873,0.0153357370000123,0.172507657074315,0.123721691555081,"E02000623"
1.60032499174144,0.0151568245374548,0.007825682254555,0.0333544913539994,0.00994184866912064,0.0100999059817857,0.01780047604226,0.0300903170720124,0.0237869199105382,0.0139979978287791,0.1668968137613,0.113654808397921,"E02000624"
1.68743572127254,0.0167611512687426,0.0100504510841762,0.0327557563619586,0.0104913685729373,0.0108214356315705,0.0188518172080378,0.0306054183148175,0.0232698309240868,0.0159820649777847,0.175244285271288,0.129452313027694,"E02000625"
1.56683406389663,0.0143139532923989,0.00718584292530666,0.0352742898884291,0.00956087307427717,0.00956341880661468,0.0171982954960436,0.0286688488060808,0.0262928896146138,0.0133752088548323,0.163820440062036,0.108775480532686,"E02000626"
1.65163890902311,0.0164587903387852,0.00930335449203809,0.035214601790984,0.0101594517428189,0.0102508247595887,0.0184123963889876,0.0300227813243079,0.0252971694850719,0.0153492953936014,0.171538570214974,0.122279223930385,"E02000627"
1.60558591048057,0.0153326329123063,0.00807553033189786,0.0361307503257783,0.00977038423161541,0.00969927027138206,0.0177768608398797,0.0291263029500866,0.027167271614921,0.0143756874883984,0.167370225804791,0.114162935523294,"E02000628"
1.72085568279422,0.0174020568712228,0.0115185881980599,0.0349747274945755,0.0102478669653678,0.0106939726204602,0.0189701660719544,0.0299196185765326,0.0244537197259517,0.0163218620654957,0.178497089721344,0.132087040068166,"E02000629"
1.79185130515183,0.0181044276210771,0.0141633239665406,0.0362188110744663,0.0102893770511259,0.0110207124559038,0.019373842328195,0.0294559642335422,0.0245048860403989,0.0170521869707828,0.185491821046448,0.141449883795123,"E02000630"
1.53589895555164,0.0134891157902971,0.00668781905569488,0.0359802749399589,0.0091135764409307,0.0089678557398502,0.0167632395125288,0.0269536735823877,0.0312123917562659,0.0131477756601521,0.161130239354271,0.102534707386426,"E02000631"
1.65978217007514,0.0163713845687419,0.0106479975643655,0.0371583490790731,0.00940091709145659,0.00968352703841223,0.0181760640904083,0.0286045878648296,0.0271258490528396,0.0152948581213794,0.172734864080801,0.118922110811966,"E02000632"
1.6035741430865,0.015082770174507,0.00916246220887674,0.0369509025395372,0.00905567249798127,0.00916413481415898,0.0175961539759179,0.0277675776050078,0.0293778900378373,0.0144885611600363,0.167581552468055,0.109847943790415,"E02000633"
1.71615350447939,0.0171908868670711,0.0128446372898112,0.0383190678331035,0.00944362225458122,0.00991408254019032,0.0185081163623531,0.0283839317991521,0.026677870358673,0.0158820226362511,0.178096459182347,0.124343488743782,"E02000634"
1.56050713811533,0.0136366183095755,0.00859743972802722,0.0359312587353439,0.00849394003891908,0.00845324293977898,0.0168975262897219,0.0259052068640711,0.0333485862539758,0.0137059475056644,0.164089038423374,0.0971623875971631,"E02000635"
1.71083246346543,0.016834590244313,0.0137527610888234,0.0383645130999337,0.0091862474979079,0.00974986523013682,0.0183824211775496,0.0273863801775609,0.0261587450280156,0.0159727207629714,0.177570297942162,0.124133492683864,"E02000636"
1.62047761556739,0.0143104588571871,0.0109582885091672,0.0368770661284845,0.00849492202972651,0.00856814513855573,0.017191119460075,0.025988056167283,0.0311369779724829,0.0141383664538129,0.170077109510582,0.0999129515617849,"E02000637"
1.65896915173549,0.0144994458728157,0.0120955748392728,0.0373819167518818,0.00853978951458263,0.00858638150200417,0.0172904392156668,0.0256596731957,0.030663802165881,0.014315386467052,0.174137962107458,0.0991320253420421,"E02000638"
1.6739481897349,0.0145140784988169,0.0124204941901466,0.037546040804959,0.00855482484304708,0.00860999605926976,0.0173601605293309,0.0252963096068889,0.0302981377065869,0.0144667890647877,0.175798494932932,0.0981121700728459,"E02000639"
1.69588363848366,0.0150071061633593,0.012912351310245,0.0385968908189728,0.00871480585159263,0.00887462267915408,0.0176731415285086,0.0252846376590376,0.0292848340201611,0.0149445366947106,0.177724731885785,0.102059425875529,"E02000640"
1.65388405711788,0.012978635607135,0.0111205105206901,0.0351861995851512,0.0081715504489928,0.00786360338080587,0.0165703029272381,0.0240143834060579,0.0333180593514134,0.013368938647368,0.17528882222992,0.082450889069049,"E02000641"
1.60919949076552,0.0118916255134048,0.00969809472578169,0.0331622838791053,0.00780302765224066,0.00738817823487804,0.0158567787882931,0.0227145211950312,0.0344444116020194,0.0126543911657286,0.17148220027973,0.0732053520836095,"E02000642"
1.69505287492456,0.0127750807519148,0.0110411708559336,0.0350506312139523,0.00809535344859253,0.00783030903317231,0.0166279823927724,0.0231413481130127,0.032339120953329,0.0134862841111594,0.180391550480251,0.0771628214303752,"E02000643"
1.73958775901394,0.0116390622333952,0.0100580893759543,0.0328396665187486,0.00771318405591853,0.00724300532198171,0.0158676243060516,0.021867191287866,0.0344692781412255,0.0124852377867918,0.186951589663478,0.0641457398461479,"E02000644"
1.79071315790938,0.0108804552131996,0.00932930563665402,0.0316542707183501,0.00740726345549491,0.00691201554361637,0.0152517538106943,0.0207527566306422,0.0360614771753812,0.0116603673523622,0.193718063201933,0.0554097894662831,"E02000645"
1.76460944634946,0.0121827640180091,0.0105253141396819,0.0345389138917461,0.0079473439058151,0.00761509356291515,0.0163763680478769,0.022080953834174,0.0328599171026872,0.013189070561905,0.189210896622458,0.0684870370716942,"E02000646"
1.91798310070499,0.0106000765360134,0.00894238065478715,0.0319649217522269,0.00731817836993594,0.00689401823446768,0.0152986799719424,0.0198856492013187,0.0381660274152393,0.01142250929767,0.208701740104943,0.00039181140774137,"E02000647"
1.87438862437975,0.0103459035600173,0.00872912447899981,0.0321823826366094,0.00720573928263622,0.0068230772609491,0.0150397572669814,0.0196447691532531,0.0394587870179712,0.0110098940677535,0.203824692904771,0.000295445604550961,"E02000648"
1.92905886046107,0.0107981843034523,0.00915131272450177,0.0332839260657313,0.00744099260257509,0.00707776972340727,0.0156739767460657,0.0198790392421295,0.0372749460474182,0.0119458237972656,0.209706553540886,0.000549287650120154,"E02000649"
1.87357369004533,0.0103730053460779,0.00869924369169355,0.0335747114730001,0.00728573505494093,0.00701584652684649,0.0152709331372921,0.0197922975357135,0.0416410934778425,0.0109365378139858,0.203522792320491,0.000240294212037499,"E02000650"
1.96453678474294,0.0107382590437858,0.00900482037372904,0.0369377770586076,0.00750044781857528,0.00715102790178933,0.0158815033069025,0.0199968566213054,0.0425467120578356,0.0119980405331281,0.213485138377953,0.000231193029867244,"E02000651"
1.93071004540534,0.0106821139624278,0.00901757833264165,0.0393929591970501,0.00751018624167534,0.00718238478629533,0.0160940286710609,0.01984115422079,0.0431375083874737,0.0124875043976,0.209357098263862,0.000273021190726274,"E02000652"
1.53974555034361,0.0117067505855622,0.00571555923039036,0.0384613901094012,0.00702161084356846,0.00954466567657771,0.017012857797589,0.0258700202184447,0.0282113592834551,0.010256150431417,0.163533961700995,0.0947231149229727,"E02000653"
1.61575155734956,0.0116520144485437,0.00582553596895955,0.0395124778660803,0.00706950496483006,0.0100810789193933,0.0181119409959302,0.0256487696268188,0.0289362919171079,0.0103860967472154,0.172202164554999,0.0987396455415011,"E02000654"
1.52226905628973,0.0120773173342977,0.00610670923836887,0.0381356402037552,0.00803726239351769,0.00979210544824331,0.0166992729088633,0.0255613549094699,0.0310344139916139,0.0103784352735556,0.160730250543579,0.0970437135834605,"E02000655"
1.63854442490268,0.0118160398150709,0.00615750793769365,0.0390121711206839,0.00795782716684715,0.0104971797132675,0.0185996386054264,0.0251183158386274,0.0330023261464151,0.0106248459278718,0.174308500762125,0.102229000400626,"E02000657"
1.53115180806204,0.0118940040805277,0.00603728046060678,0.0372454402271841,0.00834372630204386,0.00980385905218405,0.0170129278932117,0.0247694100786993,0.0342102959720606,0.0106582563656071,0.161827320154177,0.097231891223686,"E02000658"
1.78659041680424,0.0117232216044348,0.00606056752824066,0.0418555408146725,0.00748015074679611,0.0107535580197046,0.0204245484634431,0.0256551768590725,0.027079474463675,0.01132513761948,0.191504820971227,0.113952942411544,"E02000659"
1.69949262995288,0.0117903645180554,0.00620757315026833,0.039324677211417,0.00809757927934254,0.0107004043338615,0.019279788690985,0.0251477827067355,0.0334474485110259,0.0108469390169099,0.181304757705129,0.104107587648629,"E02000660"
1.90703212373191,0.0120560388394268,0.00630725163685868,0.0448688714596042,0.00794553895805499,0.0109547470226175,0.0213022321287622,0.0261805431366184,0.0272201666743495,0.0122384641433581,0.204802223546897,0.125545324387339,"E02000661"
1.66002413006952,0.0118873544844385,0.00598529978547753,0.0370887210714482,0.00850604215100512,0.0101261452305184,0.0181575029066965,0.0246669510908658,0.0400688022116127,0.0112348354628366,0.17687128268823,0.0972530154047343,"E02000662"
1.75837514911243,0.0118141543307278,0.00629701643329383,0.0396776659979897,0.00823014017097843,0.0108273563860695,0.0199011677214195,0.0253323877838572,0.0333180346753526,0.011110393905581,0.188032685777145,0.106421194855978,"E02000663"
1.94316224139445,0.0120362327646957,0.00684683049111328,0.04390909614875,0.008879797150831,0.0111983576694398,0.0211369253029582,0.0265654191457997,0.0299183725839845,0.0126584211091671,0.208614866687818,0.128096093194305,"E02000665"
1.75233468358785,0.0116864394921551,0.00607233860717907,0.0376964014566763,0.00833029716251999,0.0103092366753536,0.0192930785759545,0.0245925522138413,0.0400688488644641,0.0112900480432599,0.187713819543851,0.0989397888799863,"E02000666"
1.73889931251126,0.0115202447310822,0.00578825963321907,0.035893644553237,0.00805502409775429,0.00970427007216857,0.0184156848866735,0.0238736913416796,0.0436360742542471,0.0114735511803456,0.186732220425314,0.090120599145655,"E02000667"
2.02542378213563,0.0123392139413784,0.00739591537314977,0.0466369124393591,0.00993784870636987,0.0113338715404282,0.0215255091117354,0.0274346375428096,0.0334213990881151,0.0139072866886346,0.217166551763304,0.136190239945252,"E02000668"
1.96149702744412,0.0121522553152198,0.00691351796240323,0.0414242934484551,0.00936876795902074,0.0108537792336049,0.021186297875826,0.0265584561132752,0.0371373673919452,0.0127434754827148,0.210770880688338,0.119879984702356,"E02000669"
1.87034759787988,0.0117212627670587,0.00639756101186254,0.0384527633335527,0.00858508655245983,0.0101345045668039,0.0202044352475285,0.0250886777010408,0.0406972191494652,0.0121060634283936,0.20122815105931,0.105871040223237,"E02000670"
1.77829643030702,0.01121385162303,0.00561148047006121,0.0339729559318974,0.00758466722660839,0.0089306804151166,0.01764819918625,0.0228387202654741,0.0451507325040108,0.0117823323617402,0.192050250058094,0.073599758385273,"E02000671"
1.8270516000679,0.0114760338286296,0.0059475258292028,0.0349315568919567,0.00795199387915221,0.00946708713575952,0.0193909429650393,0.0238219588435058,0.0455446492470168,0.0117337464621612,0.197119331245482,0.0820312924210783,"E02000672"
1.75698306412476,0.010962968778533,0.00567444771371793,0.0327065011990433,0.0073605692807476,0.00820472275141981,0.016234905734069,0.0219804828051013,0.0407305526383404,0.0119110995480658,0.190095088112501,0.0672352677468715,"E02000673"
1.95784089292474,0.0121277622015575,0.0070383576009531,0.0415479218092809,0.00941770660392814,0.010337422412624,0.0208694332210091,0.0263852078703378,0.0441481895716442,0.0134890314615301,0.210380668954964,0.11569691486696,"E02000674"
2.01985848124738,0.0124003124240985,0.00803074137796374,0.0513202231306803,0.0107692509102038,0.0109727040139991,0.0211287672832918,0.0275602887766728,0.0409372587924623,0.015398402015617,0.215419966739856,0.137651182010267,"E02000675"
1.79027163115583,0.010792254912111,0.00578771741898234,0.0333098449188946,0.0071774089752331,0.00833817434512146,0.0173011022205155,0.0218011141211156,0.0427513175277522,0.0116497562497985,0.193951642092189,0.000489470425518167,"E02000676"
1.83717640525715,0.0114965084768356,0.00630702668905904,0.0355887978988359,0.00817506359037409,0.00930024588369912,0.0198167207440107,0.024344481376402,0.0452020137117513,0.0124278119860482,0.198092730664413,0.0828848349273997,"E02000677"
1.99731508915649,0.0123477298046132,0.00779711864861401,0.0475016316303397,0.0101761140380622,0.0103947529914814,0.0207644387740379,0.0272226894369412,0.048129553235864,0.014964086967694,0.213700657296013,0.122852663367958,"E02000678"
1.80563888850666,0.0107530969533289,0.00649869209015212,0.0342606769672184,0.00714000482850444,0.0080370122281864,0.0169777112867448,0.0212871272584294,0.0415343577547747,0.0116577005896925,0.195664866698962,0.000327487287938397,"E02000679"
1.75457188158867,0.0103221902887024,0.00673717916171163,0.0321701480680049,0.00692516049169435,0.00737227016077331,0.015487992141902,0.0201762594635407,0.0382848815128182,0.0111900632425803,0.190332685561973,0.000621940934569604,"E02000680"
1.84375004032692,0.0113696921643204,0.00642376954520671,0.0356284462844485,0.00756607924096985,0.0087963285897008,0.0190254779681701,0.0230978216719577,0.0437433480515658,0.0122511026965105,0.199314684320491,0.0003351154020393,"E02000681"
1.91189999700668,0.0118815832873454,0.00695009035242097,0.0400863171241209,0.00861530516606902,0.00940813358025747,0.0201526481252437,0.0253314722973873,0.0479179959259955,0.0135628978894177,0.205864860083445,0.0886289988466605,"E02000682"
1.98423842984364,0.0125913141403088,0.00936266722644743,0.0644720767289955,0.0114275919956893,0.0107755352394398,0.0202806838135177,0.0278625461533482,0.0516590468307532,0.0171868418913225,0.208508108931202,0.136405719624799,"E02000683"
1.8294476605456,0.0105245249358775,0.00812540920206986,0.034257394301667,0.00726967473732543,0.00743234125478106,0.0158629966744834,0.0202526299546852,0.0412746354957697,0.0111557494068928,0.19831107879663,0.000287382743842853,"E02000685"
1.84240826386803,0.011375258284882,0.00724050734139139,0.039820250020965,0.00776134622970004,0.00876763897683555,0.0192678221510519,0.023272278805171,0.0434882804801716,0.0125788247564332,0.198558078269107,0.000552117472878286,"E02000686"
1.81190311886916,0.0107717351592233,0.00786024059823154,0.0361626415228087,0.00738556935925321,0.00791868494615426,0.017024969205403,0.0211008528277679,0.0426200537365032,0.0114970646462379,0.195881962440125,0.000300816225764069,"E02000687"
2.14875551841906,0.0159888522753719,0.0136449451493525,0.0469065112060229,0.00988435177482479,0.00898996123265202,0.0182512258282303,0.0244990138753888,0.0332472535766182,0.0189190620984959,0.229380504174475,0.135748828218157,"E02000689"
1.93538107998021,0.0176784215686993,0.0145805760877126,0.0497591623960006,0.0105667018626675,0.00938697247859289,0.0180361179627381,0.0254751623087308,0.0403914386524796,0.0222494290749946,0.201827399617574,0.160794057791891,"E02000690"
2.07549114636713,0.0141767454804918,0.0121698125374664,0.0452129022855621,0.00930927989905715,0.00845663316336864,0.0176297114856528,0.0229980551011956,0.0376483678349889,0.018898493500948,0.222554619057979,0.113136640913538,"E02000691"
1.95512530929164,0.0150291218765909,0.0125114996842096,0.0481791971721068,0.00957740981265335,0.00854841402798746,0.0175248170293451,0.0233522027176296,0.0402117652903333,0.0201068946343734,0.207342660811954,0.125481673250624,"E02000692"
1.99724612715423,0.0117886687231295,0.0105100159789171,0.0420550297969645,0.00832263931588096,0.00783252616584662,0.0172319072899546,0.0211528303507549,0.039640513761675,0.0160972968065602,0.215660640521134,0.0788419518461814,"E02000693"
2.00203392800562,0.0123935731563188,0.0110333908283674,0.0430066307704795,0.00862283082432857,0.00803551759691652,0.0172369273931001,0.0217027146994511,0.0390148159024049,0.0173184062654126,0.215608460952533,0.0907638275563653,"E02000694"
1.93251456447883,0.0107775984818484,0.0092304363989901,0.0394787006213344,0.00761137440015262,0.00726900238370169,0.0164371255735076,0.0198520032768373,0.0412608086534583,0.0132791025646355,0.20943335133757,0.000693967897850044,"E02000695"
1.9237957077988,0.0110396195791963,0.00975907070585764,0.0412816237083272,0.00788608943844168,0.00747136457136272,0.0167363984982992,0.0202754049253171,0.0409259772840714,0.0146430349187383,0.207896058875258,0.0652686244458584,"E02000696"
1.91090065643776,0.0123565048695337,0.0109446288957384,0.0446921922757409,0.00856303236164634,0.00799712204138855,0.0170018534696476,0.0215828739868086,0.040823312570807,0.017839429737099,0.204823619154446,0.092289870007188,"E02000697"
1.7219664651402,0.0158446230331026,0.0128098529654301,0.0547296587968854,0.00976740722961336,0.00880928635397799,0.0176733014290823,0.0238343902007481,0.0428855556354949,0.0204171593744334,0.177685551411224,0.131180296509326,"E02000698"
1.81795723499971,0.0134391896893664,0.0114579993662834,0.0491440152161459,0.00894866351365045,0.00821150456268588,0.0173154035394736,0.0222666563361352,0.0425446053527388,0.0191051667683198,0.192405380606813,0.105530074343948,"E02000699"
1.86001419555532,0.0111316753492736,0.00998535673989109,0.0435100191052675,0.00796683716072633,0.0075781519439305,0.0166085168561538,0.0205001956631622,0.0423809661296589,0.0157645661841796,0.200089104203512,0.0715875989110832,"E02000700"
1.8769813276296,0.0106945599673449,0.00922168165893423,0.0428232226557734,0.00761040785082822,0.00726928672071526,0.0165549611515737,0.0198714209505274,0.0437818248972562,0.0137536599544863,0.202666909773339,0.0533437756751068,"E02000701"
1.85072245928744,0.010665580918862,0.00902556589626662,0.0467327013747094,0.00753182035334351,0.00725358857919435,0.0166483253665864,0.0200499319172477,0.0461822413131971,0.0131286380603308,0.199212618642205,0.000410800398273836,"E02000702"
1.79247838061679,0.011747809511164,0.0104536880313546,0.0463978070039062,0.00820781026762745,0.00779076490417426,0.0167108343672049,0.0210137249294025,0.0422999639080917,0.0172206914663925,0.191280958517352,0.0844721873369563,"E02000703"
1.67243113255772,0.0139618336995257,0.0118395909558612,0.0542839293976355,0.00913999849858064,0.00833581564277157,0.0175014011925823,0.0227681758930804,0.0436473457891808,0.0193993698275439,0.173627726494242,0.111875020534377,"E02000704"
1.88064884471836,0.0106832023093314,0.00896452721416978,0.0457449491946172,0.00752369306798465,0.00725188001356885,0.0164770640896392,0.0201254261380327,0.046325699572921,0.0127044608148641,0.202822356967599,0.000284666957070061,"E02000705"
1.84114133945219,0.0107847561430001,0.0094608042515548,0.0452375285510629,0.0077028872104304,0.0073904423226007,0.0166374425743476,0.0201513226265862,0.0446003337888852,0.0146157609643941,0.198071243202252,0.0588210854695563,"E02000706"
1.81896631085547,0.0106721584687152,0.00890953532401989,0.0506646202441033,0.00748576548762628,0.00727096753213319,0.0166496845908371,0.0204671238272117,0.0471754181549528,0.0126101312382178,0.194987087832926,0.000297632817207397,"E02000707"
1.58874272880961,0.0133623151661982,0.0116470449127336,0.0567371809761944,0.00888652378269359,0.00822850004301958,0.0174141030213061,0.0225874560516414,0.0438332532873749,0.0190161012836644,0.163564766055344,0.106246513511101,"E02000708"
1.64708650329036,0.011958074785501,0.0105140287381422,0.0517456666016292,0.00821530477817793,0.00780123447950658,0.0169212561760656,0.0212962419108274,0.0434952805686607,0.0176289803139733,0.173087466681429,0.0874232074934915,"E02000709"
1.76919204716163,0.0106411224586172,0.00920792470155769,0.0497065903931929,0.00753643946394319,0.00732325442620031,0.0166240233776014,0.0201790363744998,0.0457330388030877,0.0139624755911474,0.189260223693573,0.0529316378735192,"E02000710"
1.73185432435197,0.010944314558651,0.00974331045419706,0.0481364086656319,0.00774187623533258,0.00751075376384038,0.0164018615469233,0.0203544231998216,0.043861876344528,0.0156913770030203,0.184717076027636,0.0685816995140471,"E02000711"
1.65811955867641,0.0110404703934972,0.00979782543483104,0.0514100346783026,0.00772496059179457,0.00753202918788128,0.0165263141737038,0.0205449413866438,0.0439511270368911,0.015985294114893,0.17543053479887,0.0707286081220254,"E02000712"
1.49892347769575,0.0112513598853865,0.00990369601401954,0.0521372107681612,0.00769718673947689,0.00738459512273839,0.0163640688098789,0.020491792819466,0.041973311158493,0.016779381184789,0.156108905177176,0.000270474936824647,"E02000713"
1.08071093436197,0.00659452075303193,0.00287790665545744,0.0264271582736033,0.00440761854506952,0.00604293553559642,0.0148139138020245,0.0174262618283523,0.0254670178348621,0.00891796388290354,0.115775427835822,0.0415054147018686,"E02000714"
1.04130425915266,0.0068421432219921,0.00266800087249745,0.032655168598941,0.00442958432994525,0.00573411864788758,0.0147226716952039,0.0164588674537297,0.0258116447081436,0.00888500079068935,0.110315339991788,0.0376660006694178,"E02000715"
1.04266211052804,0.00664645738485246,0.00264595765139166,0.0289661165907227,0.00433966854316141,0.00568145911610467,0.014668791045733,0.0164972943258974,0.0257889198575428,0.00881781592986938,0.111138308642803,0.0362807024035061,"E02000716"
1.05018461992486,0.00674891264925058,0.00269518534596518,0.0314451077860549,0.00441900168208879,0.00580310664986118,0.014757333720224,0.0165383876432916,0.0254401284887479,0.00886522473517458,0.111571659369456,0.0388714803515388,"E02000717"
1.05816842690171,0.00697004232373253,0.00271835128887817,0.0351245449191123,0.00449253238132656,0.00580696695935963,0.0148221564560287,0.0165669079776162,0.0256424704379449,0.00895978782462718,0.111818051084135,0.0389953392832167,"E02000718"
1.11727729038984,0.00671152622755921,0.00306074065620917,0.0270682590643359,0.00450322370170919,0.00636338726928045,0.0150420775923494,0.0184675802162809,0.0251994659396702,0.00910095980546876,0.119750064498528,0.0459836177672404,"E02000719"
1.06875494188796,0.00662818843660538,0.00278744045940219,0.0287848799241754,0.00440459727353877,0.00594351038575963,0.0148505772232018,0.0169385868943608,0.0251725770930946,0.00886972386527481,0.114122929784081,0.0406149738779599,"E02000720"
1.09668650376605,0.0067024138386057,0.00291680872303359,0.0299191642068138,0.00449353986904294,0.00619092941431607,0.0152456632548865,0.0175905582145057,0.0248528348391372,0.00902534366978151,0.117069742188291,0.0439797018704122,"E02000721"
1.13762327226352,0.00686316888904096,0.003151061527715,0.029206474938785,0.00458666336942988,0.00657672914879367,0.0154340275455466,0.0190426929507288,0.0248063336019643,0.00926463795854191,0.121674382716017,0.0488704728908939,"E02000722"
1.08160972105579,0.00694332621354774,0.00278698959811682,0.0350868705654018,0.00453752317368649,0.00596882441897887,0.0150689493922129,0.0167814575221344,0.0250746050760387,0.00900188288032536,0.11454059680079,0.0419580484662833,"E02000723"
1.0854833528059,0.00682601404766462,0.00280161895877678,0.0333547244464345,0.00450869788692259,0.00601066464281618,0.0151479225971054,0.0169464476312016,0.024900213368801,0.00897579012063678,0.115303845167396,0.0422356591809534,"E02000724"
1.19622184706227,0.00726859690130056,0.00340813375933686,0.0302566604302587,0.00470808894869311,0.00695580207330093,0.0154552155146151,0.020825074260244,0.0248770942173116,0.00956174822035766,0.128013523899211,0.0535089158268098,"E02000725"
1.10343236257345,0.00686020727394137,0.00288761489484141,0.0335067515662813,0.004567037032923,0.00618335607027602,0.0154381256292276,0.0172829517596158,0.0246412517713217,0.00907422944209447,0.117287585808147,0.0451557043028714,"E02000727"
1.09795197342565,0.00716685485806924,0.0028488497047586,0.0379162896994957,0.00463353122565279,0.00602152408937256,0.0151588299194813,0.0167799587827146,0.0251989250774198,0.00914911782916344,0.115858306856484,0.0436022966446613,"E02000728"
1.1311661078875,0.00693279484233908,0.00312152955474604,0.0316336072452068,0.00463688934772348,0.00658637569084214,0.0157557763688223,0.0186249961419233,0.024442878989219,0.00930711143488859,0.12056141079477,0.0502877771946924,"E02000729"
1.12227359687569,0.00689271961003063,0.00299559839019065,0.0331656127914568,0.0046138641354805,0.00638032694652552,0.0157421769107167,0.0178611664265643,0.0245055657884018,0.00920221496916111,0.119426328781655,0.0477121126606292,"E02000730"
1.12594647015359,0.00719553266864245,0.00293163198396399,0.0379798448503532,0.00470259600513619,0.00620985126946484,0.0155973490224001,0.0170644549763819,0.0247699827316876,0.00923682878333512,0.11905522844321,0.0474176906819758,"E02000731"
1.14044388684949,0.00715513130999058,0.00297010987070753,0.0373846162103201,0.00470206104641758,0.00632012961839676,0.01593725407977,0.0174038187334968,0.0245550491695956,0.00926154394790149,0.120828687671797,0.0481083227126902,"E02000732"
1.17708322414297,0.00748068935355041,0.00342153163878284,0.032787257404383,0.00478614714471168,0.00703487163220921,0.0159358729568366,0.0203066263098094,0.0242092065599906,0.00964961787017473,0.125315991800658,0.0569893645914137,"E02000733"
1.16064693129798,0.00725805877963531,0.00326153164685692,0.0343329540744794,0.00475985951618242,0.00683281106297131,0.0162123211486753,0.0192576206845987,0.0242654202994359,0.00952854419111632,0.123358902268114,0.0543647485104795,"E02000734"
1.16289271401942,0.00724049508936608,0.0031153454398764,0.0368995004641829,0.00477006228165426,0.00660504288370862,0.016402899999252,0.0181800384889189,0.0243426161549704,0.0094304059308651,0.123360228487673,0.0522019696479846,"E02000735"
1.1624499701221,0.0075415880324318,0.00307515321914906,0.0413940138544533,0.00489793680542246,0.00628649031386883,0.015830913776625,0.0171973868946838,0.0252182054482698,0.00962854527659335,0.12250080273557,0.0511616640577372,"E02000736"
1.17092160218989,0.00747855325022156,0.00307263689718773,0.0406226129183934,0.0048755852660273,0.0063689579355683,0.0161693158197514,0.0173319710471113,0.0248252344501895,0.0095337050542327,0.123657804386041,0.0518614874626323,"E02000737"
1.18475371509876,0.0074529269006202,0.00310122876030828,0.0399340694240941,0.00485504226603906,0.00651685197452083,0.0165757318111765,0.0177285286438291,0.02450907392403,0.0095076463537741,0.125376274306118,0.052506332930813,"E02000738"
1.18999754109216,0.00761026951385925,0.00329560192456247,0.0380656916865075,0.00488779509402884,0.00689880072975677,0.0168259488116115,0.0189190100670662,0.0242204810070557,0.00964793554567094,0.126052063007772,0.0573305785430623,"E02000739"
1.23444170490398,0.00841545984923042,0.00372240724064524,0.0373578308466572,0.00498483354399596,0.007424289545654,0.0168313794141148,0.0210212507283674,0.0240125429831404,0.00998613595505648,0.130774003207843,0.0636399242136628,"E02000740"
1.21890323756568,0.00777063062434503,0.00326988616331894,0.040855008772512,0.00497506286807133,0.0068290649642672,0.0171679473501869,0.0184742368432774,0.0243765607620975,0.00972069457054046,0.12895116830479,0.0579881503414423,"E02000741"
1.23426916316054,0.00779139235159477,0.00325183942560055,0.0428598323989764,0.00506090166233321,0.00663616560129982,0.0171835254537018,0.0179441396379954,0.024766776936882,0.00985699579022855,0.130428061863621,0.057414793902677,"E02000742"
1.25192149342119,0.00858215222286577,0.00368041033373081,0.0397720206013114,0.0050672767045182,0.00737365992289469,0.0174652198594639,0.020175946088082,0.0241037526986024,0.00999608546401771,0.132404262459625,0.0651206775997752,"E02000743"
1.2712793090774,0.00849217570051554,0.00357889285995643,0.0423920304983167,0.00513173625681336,0.00726047514862484,0.0178433508400514,0.0195439434072878,0.0243263229453492,0.010021541896812,0.13433987991728,0.0644824112989489,"E02000744"
1.28095277562373,0.00819125185710838,0.00342872177493426,0.0446067280446925,0.0052074690870358,0.0069454663543392,0.0178756236811134,0.0186686505912453,0.0247011014706501,0.0100876331227548,0.135303877366047,0.063492323351903,"E02000745"
1.27275477904792,0.00808651874182601,0.00346611979514345,0.0464935435103511,0.00540308155856487,0.00679613372974663,0.0170976264098041,0.0183403848978605,0.0259696302988952,0.0105811895207876,0.133922842662949,0.0668510910450712,"E02000746"
1.32473481997818,0.00950250402968158,0.00402162435790486,0.0400319866915788,0.00520383471182233,0.00771219873764549,0.0179975792352832,0.0208700536087839,0.0240824422752199,0.0101977026656439,0.140362610988612,0.0721210572286899,"E02000747"
1.33756391304429,0.00850719774503021,0.00360522400264222,0.0478596470253388,0.00546102306026575,0.00708840292437063,0.0184160931701634,0.019048367454642,0.0252347003134309,0.0105408765365476,0.141084699507442,0.0701636973821654,"E02000748"
1.35264101436541,0.00911893929197249,0.00381155477818464,0.0457190790438488,0.00536871442428255,0.00744855633869893,0.0185690563836329,0.0197674279399431,0.0246501969620446,0.0103482132942557,0.142961206522462,0.0716520803917978,"E02000749"
1.07352815768318,0.00660141255882747,0.00309159384303061,0.0211167930210253,0.00508393456144659,0.00616088672801636,0.0146847227872768,0.0176118889981737,0.0354019242550556,0.00961121074399968,0.115074016905562,0.0443330671260434,"E02000751"
1.0482435571254,0.00663287799714198,0.002626614551086,0.0183194624121094,0.00467522258602234,0.00558097785014297,0.0145966959880834,0.016324684182235,0.0316598256652614,0.0106290055797854,0.112764999757459,0.0345556409710856,"E02000752"
1.02948632918638,0.00651006347679048,0.00258233379503092,0.0178209315601885,0.00454322612157749,0.00542943039132656,0.0145886948618232,0.0162557133821966,0.0316664308949113,0.0103032766827083,0.110753441146962,0.0330117337604741,"E02000753"
1.02158325868326,0.00648637093705549,0.00282421686173686,0.0193596158954667,0.0046884576785667,0.00568208219616368,0.0146128153411643,0.0168042806214858,0.0333116679758774,0.00950398048186635,0.109525222534784,0.0389913987011414,"E02000754"
1.00442667335298,0.00649126474881583,0.00269068038760623,0.0187186236253804,0.00451496308960486,0.0054920989751597,0.0146704583354026,0.016602469643289,0.032108047300697,0.00956989441450731,0.107702055268485,0.0357008008927905,"E02000755"
1.01486434249053,0.00651616697006881,0.00254828391636096,0.0183522239101131,0.00441898824856691,0.00535497758249511,0.014735185601496,0.0164159680469788,0.0307539293535243,0.010009323803797,0.109053619666667,0.0313101586048223,"E02000756"
1.04933824042677,0.00661931678076018,0.00296058946772369,0.0210412171507778,0.00464665533197742,0.00591453857146374,0.01490163360295,0.0178556179834787,0.0329651686312812,0.00957703475252441,0.112449901056142,0.039608988155119,"E02000757"
0.990785849002417,0.00651723222545517,0.00257619278530601,0.0187154867837708,0.00434843787875821,0.00536752898292525,0.0147221420978688,0.0165542467207735,0.030372681915205,0.00954398853226152,0.10621504718576,0.0324092824129117,"E02000758"
0.998740410077876,0.00652325670210056,0.0027172426520237,0.0195043296068857,0.00439893181880479,0.00554054503895021,0.0146717155256289,0.0168572549147,0.0309425705581404,0.00935062686041918,0.106982057667863,0.0353231952595158,"E02000759"
1.00280043484906,0.00651558496452299,0.00252619121365205,0.0190468560507742,0.00433656348118776,0.00532511407362253,0.0147817877600216,0.0164934135148164,0.029833532350965,0.00972200528106126,0.107626189099534,0.0305588958023772,"E02000760"
0.988354383102776,0.00650530124804677,0.00252429821806061,0.0201607151704472,0.00427191697748707,0.00534999650302634,0.0146982756660922,0.0164484936222468,0.0286290611218807,0.00929224162969608,0.10588245677107,0.0311803669714835,"E02000762"
1.03072296380292,0.0066079791610317,0.00257106610175705,0.0210644209703278,0.00447978086390291,0.00547004722266452,0.0146329041686853,0.0162576540947007,0.0297596098,0.0100762331619353,0.110616342953483,0.0325429470983911,"E02000763"
1.03210641092288,0.006562649647674,0.00283459879807138,0.0209181193843047,0.00438462512488975,0.00573090883877082,0.0145099022539898,0.0177028403048931,0.0299282264693429,0.00915327639997942,0.110695220487364,0.0373926579818887,"E02000764"
0.998691389061373,0.00652378740839622,0.0025139502733548,0.0213308179775642,0.0042784017412051,0.00534052802012953,0.0147473849489021,0.0164592006334886,0.0283853441074443,0.00933090048802255,0.106976241623145,0.0304355970130725,"E02000765"
1.00983830629288,0.00655998347619611,0.00252127294653534,0.022476788091402,0.00431376391192437,0.00536352889403227,0.0147300731716422,0.0163997091896534,0.0283729421442628,0.00941334814410713,0.108142573458122,0.0307536402118358,"E02000767"
1.00208998118812,0.00649688492274538,0.00266243706736431,0.020593823647109,0.00425509091761063,0.0055335456711906,0.0143518548072032,0.0167565400599559,0.0281138166585746,0.00893165519389551,0.107431457565819,0.0347492519411187,"E02000768"
1.0366044176478,0.00675680264205671,0.00258427988706322,0.0283950956334531,0.00439410947139305,0.00547460285470258,0.0145968820720029,0.0163668852705288,0.0279884831538636,0.00941687470632387,0.110460326327222,0.0332328264993422,"E02000770"
1.0610493890282,0.00691237420585472,0.00264862618466296,0.0317023619644252,0.0044876158613533,0.00555738522511369,0.0144663271877803,0.0163876352209307,0.0283318058057384,0.00966623527801924,0.112748861421329,0.0352300448600622,"E02000772"
1.02680222678909,0.00673503171924141,0.00256504472112674,0.0285261004539455,0.00434610670792529,0.00545554322929315,0.0147374069313432,0.0164572131150531,0.0274636421558633,0.00917562808696425,0.109315531512635,0.0323330827639602,"E02000773"
1.04739208938305,0.00687231468541054,0.00263506955228984,0.031831505052683,0.00443266613617591,0.00554167286523506,0.0144875376334956,0.0163773659650692,0.027676293524441,0.00935599062082861,0.111175201660496,0.0352472027104464,"E02000774"
1.02439804169726,0.00675622136519751,0.00257730356455642,0.0295296943230391,0.0043471821218905,0.00549819348686918,0.0147448706323306,0.0164429650045617,0.0270278491910621,0.00903036513408822,0.108881235630825,0.0331563375254409,"E02000776"
1.03398717337609,0.0065018883703325,0.00270187266462323,0.0232921736362666,0.00428220709143343,0.0056786697919856,0.0144201064465514,0.0167137846978713,0.0265587427382926,0.00883430507330694,0.110879321138815,0.0364271023494171,"E02000777"
1.02058115740456,0.0067100444866876,0.00258621226615377,0.0290055861642564,0.00433946897248935,0.00555495149315062,0.0147055531027658,0.0163747967708206,0.026536624236268,0.00889182416442504,0.108524009942765,0.0341799053001973,"E02000779"
1.06977075608361,0.00704987395024002,0.00276011506252954,0.0363436394701475,0.00453086277760423,0.00569014780464021,0.0144494596627819,0.0165849912942265,0.0268368745077167,0.0092643200881438,0.112949744773446,0.0391774757972228,"E02000781"
1.05048343659814,0.00698450017175694,0.00269423582846941,0.035129316807359,0.00447264131862913,0.00572630367339714,0.0147603191958801,0.0165299742683598,0.0260223614490222,0.00896793491411773,0.11092506718307,0.0376785304032009,"E02000782"
1.06718991127292,0.00710229443259439,0.00278180932487783,0.0370312023547182,0.00456314496313625,0.00581550688918183,0.0146992896907205,0.0165843669924186,0.0260011266572698,0.0090910245423376,0.112472904187165,0.0407254330842943,"E02000783"
0.965772976922338,0.00906132037741669,0.0056006795625359,0.0162632750392196,0.00687156246697125,0.00954164424584119,0.0132513493687003,0.0137041847603573,0.0139975116152593,0.0128428974766136,0.0993172178453995,4.47270066671064e-05,"E02000784"
1.67469996305193,0.0156418513365635,0.00569878325578418,0.0306546872780757,0.0111514427183971,0.0134619512322526,0.0170180500371615,0.0206202287907475,0.0330601464024933,0.0197219484088994,0.175228680245707,0.17855381574166,"E02000785"
1.11692634238066,0.00983098091766344,0.00621837289699783,0.0174068236401332,0.0078074562171759,0.00976513443935344,0.0133403792460609,0.0164808645258887,0.0168672772869712,0.0139621846447265,0.116184443723259,5.36322501889045e-05,"E02000786"
1.80459290475592,0.0168378415532315,0.00646448208884361,0.0330258583568721,0.0125068207302688,0.014873289153994,0.0180297681390875,0.023678555474557,0.0324628952231089,0.0212399027028685,0.188324769424934,0.210592166611125,"E02000787"
1.10964995847731,0.00952867199939644,0.0051076849283527,0.0173763076001218,0.00785211347957639,0.00972551022958919,0.0124416519985949,0.0170542522434367,0.0205064449539684,0.0137812406379533,0.115764064341509,5.3359236508027e-05,"E02000788"
1.78983908210579,0.0172517654303342,0.00675899491973194,0.0345501705177161,0.0123926457385549,0.0136159319970781,0.01720274044872,0.0279499673773067,0.0377519978458062,0.0217504911075246,0.186401686747087,0.209279031277832,"E02000789"
1.56612817196151,0.0154136341451023,0.0057138719181936,0.031036470236554,0.0106163342906489,0.0121136792751902,0.0158565395590909,0.0236102211031432,0.0352380006846611,0.019528259203924,0.162923351823212,0.166241355859522,"E02000790"
1.69826317729525,0.016277601620662,0.00613254608836984,0.0325599699976251,0.0114883333297986,0.012851383206018,0.0164622687378527,0.0255025764969307,0.0369504768593569,0.0205174388619536,0.177237783288712,0.1894197574356,"E02000791"
1.65061545269065,0.0160701049462416,0.00601107117279027,0.0329046597900162,0.0110621378314758,0.0123885658639476,0.0162484658369079,0.0259654657920294,0.0365279791279307,0.0202591771398452,0.172003814416922,0.179083623801228,"E02000792"
1.39701901101446,0.0145093995409847,0.00537944537487322,0.0299910102603555,0.0097478223913781,0.0108484396473398,0.015546575210949,0.0221383983326654,0.0320977881427719,0.0190755246623615,0.144115305564333,0.143663593071657,"E02000793"
1.47463999765373,0.0151107732496207,0.00565902297830352,0.0313958429954125,0.010283345560921,0.0115943048351208,0.0157986387221586,0.0242060924082632,0.0334583922518179,0.019536729593193,0.152300063751548,0.158513101063854,"E02000794"
1.81640682362763,0.0182690247406602,0.00808888142245218,0.0398335230943699,0.0119091847228086,0.0124796729947064,0.0179784970988026,0.0292426712451261,0.0402422197139788,0.0235114139517425,0.188653262060493,0.203506784036588,"E02000795"
1.40376511492465,0.0145514103961847,0.00542239795300577,0.0307783873455244,0.00967939370704748,0.0107042351822205,0.0157063930149308,0.0227199895100118,0.0319678243633763,0.0194029808808612,0.144847397076833,0.143500018859055,"E02000796"
1.53545084784581,0.0156245483664128,0.00590006596965112,0.0333590114558196,0.0106217584992608,0.0119027228401333,0.0161938003009824,0.026209652216142,0.0343899144581823,0.020155099012402,0.158675084064368,0.168632228904454,"E02000797"
1.4651086300797,0.0152059827993342,0.00579319305831201,0.0337592243596435,0.0102352286115155,0.0113124983358818,0.0163036479509671,0.0257649623731694,0.0328943309434393,0.0203257981347247,0.150745058675065,0.160667473220102,"E02000798"
1.53854411620702,0.015838492417027,0.00603635319548372,0.0355188916774347,0.010689288118265,0.0118589340545091,0.0166421552309279,0.0275319906483657,0.0343236330237311,0.0208084209664193,0.158489800888054,0.17198167375938,"E02000799"
1.66415352633313,0.0166317854957398,0.00625913295724146,0.0373054439818629,0.0110993130679429,0.0121721409335517,0.0170565627504587,0.028732496403352,0.036876832904568,0.0214728871792418,0.172611927644756,0.18274098344742,"E02000800"
1.59049265490147,0.0163244332121293,0.0062492223612904,0.0387340832243269,0.0109353644943475,0.0120372256330293,0.0172858013836109,0.0289058868630905,0.0353356893386502,0.0217810386710596,0.163748963027852,0.178738864481947,"E02000801"
1.53893937973843,0.0159102115636058,0.00617915149555496,0.0385713151195923,0.0107158739457683,0.0117383432341872,0.0173001872278587,0.0283680281289442,0.0341179248388207,0.0217238881610527,0.157978060935002,0.175482217260068,"E02000802"
1.48075168847027,0.0152571204039896,0.00591210524572987,0.0358515297354896,0.0102353605181656,0.0111780785001289,0.0167913418787785,0.0264299321795079,0.0328427984276164,0.0210085061041971,0.152292101413574,0.165655651850088,"E02000803"
1.64274798518441,0.0166530943409474,0.0064739736392643,0.044214791651364,0.0110842441121657,0.0118649010057631,0.0182053262595114,0.0295173881519989,0.0367182330237428,0.0227561924166372,0.169032695249557,0.185090988973107,"E02000804"
1.75103577335475,0.0172494594308738,0.00675647732549824,0.0476610074549281,0.0112392281529514,0.0115275200131572,0.0186234237727028,0.02904417585361,0.0407222365576793,0.0231916362079397,0.181362294241747,0.183191881743833,"E02000805"
1.60678311282784,0.0163686526006589,0.00652579435779592,0.0454859991374285,0.0109941727148701,0.0116891900158552,0.0184383484356658,0.0294937719057155,0.0356743376016511,0.0226670440409459,0.164701956808372,0.187305476137344,"E02000806"
1.47609774912342,0.0113332061040319,0.00519547601815018,0.0371329752700118,0.00621404971548123,0.00853657141827253,0.0168369621445561,0.0261738123332253,0.0263345246949486,0.0103365313328414,0.156941803523874,0.086753859022243,"E02000807"
1.42330200362396,0.011358208267417,0.00557804408798541,0.0236945012966641,0.00765701208334217,0.0076385819272079,0.0151671577198225,0.027748219977534,0.0201013683129971,0.0104913921391459,0.151326510164921,0.0755280808498227,"E02000808"
1.46464118687698,0.012097762932961,0.00590658198463092,0.0354233602452483,0.0079554958367246,0.00871335307130563,0.0152872514787462,0.0275445248711234,0.0254160272714388,0.0102684794346079,0.15440075186099,0.0841328185613384,"E02000810"
1.47035065729515,0.0120582636732379,0.00577108744884773,0.029512252882446,0.00801213874269247,0.00830338339814535,0.0153304910390892,0.0279868877007894,0.0226471688231049,0.0105194817838713,0.155715933400396,0.0822404630293399,"E02000812"
1.49800779776867,0.0119840115519028,0.00582754314813558,0.0375264155905652,0.00735988773312546,0.00912769782125872,0.0160130802223238,0.0270759339330768,0.0282638770381688,0.0102899048177876,0.158446052096777,0.0893207066602958,"E02000813"
1.5202133903241,0.0114496136266246,0.00529761515555722,0.0378429673019103,0.00640264645692112,0.00895119512419494,0.0170630880023725,0.0259393798702324,0.0266956140689282,0.010294741892279,0.161856942832855,0.0904506611677084,"E02000814"
1.47396809890629,0.0120698922583603,0.00584632903171939,0.0267310290880842,0.00813520192553531,0.00822026019381828,0.0155759948612271,0.0282117677708104,0.021113635148372,0.0107929968460223,0.156275463967956,0.0838965437339368,"E02000815"
1.48350420744814,0.0122702873619838,0.00599510764012199,0.0366270395019271,0.00815796704079206,0.00906471098951591,0.0154358417405366,0.0270745030601357,0.0264266672648484,0.0103263347958545,0.156270762908257,0.0890665666135115,"E02000816"
1.49843043495013,0.0122020898423519,0.00601177980172794,0.0375288688082142,0.00793299502172357,0.00928156895200846,0.0157836247775723,0.0267897170434555,0.0282267449258031,0.0102924477039951,0.158063215112819,0.0913502590309115,"E02000817"
1.50535897760763,0.0125585075100872,0.00606709155769711,0.030312836982201,0.00845123464612994,0.00879073505111383,0.0158970920946983,0.028457362361947,0.0223582960645164,0.0110768263942483,0.159091770911267,0.0895585569368439,"E02000818"
1.48669884428425,0.0123674215008191,0.00597794926538759,0.0352971724835634,0.00827049590391959,0.0089746990621997,0.0154178886260347,0.0274558716703301,0.0250835971798729,0.0105157280762774,0.15667429509073,0.0885228680201209,"E02000819"
1.53300020055168,0.0132278416844215,0.00654705117774261,0.0295303866326597,0.00899770699583852,0.00916758559461571,0.0166694821408193,0.0294208808617138,0.0216075770822378,0.0119340425365303,0.161481756824779,0.0959393177305072,"E02000820"
1.48785237656498,0.0124165754568624,0.00601386910851748,0.0346303194662951,0.00835265274069566,0.00904298061440283,0.0155067752639827,0.0273128914923521,0.0245562191633689,0.0107506757264767,0.156789347966544,0.0905602663489343,"E02000821"
1.50851614483925,0.0126731289289799,0.00615081480601456,0.0329180941280543,0.00855588235125601,0.00912057948884268,0.0159043211297179,0.0280797937749023,0.0234227934045208,0.0111728730695941,0.159048645287391,0.0926251647463348,"E02000822"
1.51971148004855,0.0130495214288457,0.00642577533746374,0.0323635008363111,0.00885041280498417,0.00934899623276638,0.0163388334404106,0.0284441680768115,0.0229533780894653,0.0117583145962422,0.159902714935231,0.0971709711061432,"E02000823"
1.49878346915044,0.0124149300951056,0.0060833646148467,0.0371058744201455,0.00837403826288159,0.00935711223926644,0.0157558044579999,0.0263613215409244,0.0278623887739748,0.0105965771023424,0.15779635854194,0.0937588642250771,"E02000824"
1.50192603525006,0.0125945376710214,0.006127377082434,0.0360449110732938,0.00859794838383657,0.00926839867479669,0.0157773237958353,0.0268811235076472,0.0265464233815802,0.0111970921205251,0.158012766329825,0.0950244881097547,"E02000825"
1.509029575645,0.01281938252402,0.00627207528424515,0.0352479527433714,0.00880011639334456,0.00930613721012091,0.016024924923281,0.027389046612021,0.0256615927220931,0.0116202177111125,0.15861157407751,0.0974624712752414,"E02000826"
1.53483495352778,0.0134560643601899,0.00665309377176372,0.034373193596386,0.00915226186335966,0.0095118093054701,0.0166051511238047,0.0282960578688575,0.0247203999290806,0.0123478828716622,0.16100925917686,0.102288670917798,"E02000827"
1.48840679914075,0.0122938715906362,0.00601481588124431,0.0363674227582885,0.0084821652498415,0.00924785541011153,0.0157970700816356,0.0257861885184146,0.0289414534569382,0.0110047955371365,0.156684364963339,0.094527436530307,"E02000828"
1.51521288318746,0.0122186566510307,0.00605398176458077,0.0370752940103524,0.00849570502478546,0.00958491153519472,0.016359222712349,0.025461014131951,0.0318450000675938,0.0109016816629109,0.159750202331066,0.0962104501773633,"E02000829"
1.49425966210015,0.0126034613092918,0.00615033722626039,0.0355566409574933,0.0088349749354494,0.00901755561102469,0.0160192055830253,0.0263052778679941,0.0291178455151075,0.0119740781125631,0.15703027591133,0.0975769794041902,"E02000830"
1.48711109248683,0.0122074458075564,0.0059398100071975,0.0356513991187125,0.00860308764069129,0.00901791959913523,0.0159061863588692,0.025443033289955,0.0312113396681705,0.011600768768738,0.156620994144112,0.0945634392996071,"E02000831"
1.52601626096923,0.0119710509351773,0.00584950034545767,0.035858396827721,0.00849535336502905,0.00931584393653949,0.0164792917202335,0.0247319252517968,0.0359916918101713,0.0114463250817435,0.161384594998267,0.0937726255928118,"E02000832"
1.50701024157221,0.0126851482931074,0.00614106987384956,0.0353822428764023,0.00880841517736988,0.00870796774754614,0.016292202352926,0.0257500940992079,0.0336724126726179,0.0126555331726828,0.158606184422305,0.0964030376415594,"E02000833"
1.51267213256529,0.0118604253796676,0.00567418691321479,0.0345465524047951,0.00836895495414029,0.00869259076858668,0.016130533103074,0.0243798868068674,0.0376374327750191,0.0121281898980361,0.160223312109233,0.0887843194592054,"E02000834"
1.6101417276,0.0115879842562273,0.0056190829072928,0.0347516356482454,0.00810817494590932,0.0091612206259223,0.0169075674281336,0.0237723052631404,0.0408228655985238,0.0116880966901531,0.171908323737203,0.0876848495391849,"E02000835"
1.51478503524179,0.0120020682086374,0.00584472269847398,0.0340534148627772,0.00825221245129131,0.00827823507003024,0.0160408795068155,0.0242137681018787,0.0369362195769957,0.0125619981070959,0.16058112329925,0.0864297602711453,"E02000836"
1.52756696795013,0.0118922918018416,0.00701755882541924,0.0331758495388835,0.00784183905154012,0.00775145977017599,0.0158841451467338,0.0234206483978917,0.0353223396741851,0.0127152306388219,0.162387740054047,0.0801824696646433,"E02000837"
1.58525454508954,0.0112904367828219,0.00566185032137306,0.0327016480869275,0.0076426398165736,0.00803666672295156,0.0158328519679016,0.0227379872861995,0.0377234914356002,0.012234294753753,0.169840307125058,0.0750685691218359,"E02000838"
1.80118947837437,0.0103749608929151,0.00827491034238293,0.0314201891572511,0.00709575641292371,0.00695097979290307,0.0149271122907034,0.0198062252946947,0.0372074937000076,0.011018604538987,0.195498415685703,0.0521830198906278,"E02000839"
1.68633610682624,0.0105858408991765,0.00920100541604604,0.0510571114302394,0.00745636320357084,0.00729118018818872,0.0162534337829004,0.020166797974422,0.0450085107868893,0.0138522580368544,0.17939384806515,0.0553121229009967,"E02000840"
1.6206214982991,0.0106550345074711,0.00936978795676063,0.0513253153382918,0.00748072252775483,0.00733226952457407,0.0160723192284447,0.0201717126335706,0.0440207233315101,0.0145561200196438,0.171470834813759,0.062455328564263,"E02000841"
1.55389120995696,0.0110969202194037,0.00987163198809994,0.0538390850607672,0.00769750669951248,0.00748386354956623,0.016414650625847,0.0207059886942675,0.0433349841617255,0.0159906423079321,0.162519778595535,0.0748995130536643,"E02000842"
1.67184521062415,0.0106180849633823,0.0092215754386627,0.0550401738551263,0.00743600271551914,0.00730072252533251,0.0166085185966701,0.0204354740181308,0.0454176721309788,0.0137314920888888,0.176999108251313,0.0533680125281904,"E02000843"
1.62744490075828,0.0105953393889483,0.00924139583114263,0.0531658606658896,0.00741443863457987,0.00728012565289217,0.0161779982565031,0.0202462003600981,0.0446619541048688,0.0139220866541651,0.172083218254185,0.0571623141712455,"E02000844"
1.52573142282784,0.0122399265470766,0.0111707508386095,0.058379901164056,0.00832747708797165,0.00792806765670863,0.0170158725847568,0.0221252010719486,0.043179791083167,0.0179978802648569,0.156710075693441,0.0961308037578989,"E02000845"
1.57376847260503,0.0107361804454299,0.0094609973179517,0.0529712478973167,0.00749009509120095,0.00734268335332865,0.0160952696940776,0.0203359319430363,0.043697001670123,0.014802855627255,0.165528331574434,0.0655843313398133,"E02000846"
1.51590868247628,0.0117433488584053,0.0107358475929278,0.0573655623184831,0.00803854741838377,0.0077206769451356,0.0167374930494273,0.0216053827239343,0.0428955319848373,0.0172249551070252,0.15636248169784,0.0891756338954771,"E02000847"
1.51892637079672,0.0112846387080666,0.0101798341411385,0.0562248949780749,0.00777123674829875,0.00753563915519674,0.0164725394521353,0.0210872093849328,0.0430551655952084,0.0162935004739573,0.157595061538752,0.0802099087289476,"E02000848"
1.62721437193096,0.010304957154525,0.0091734852641938,0.0555124274721932,0.00740267990901044,0.00726973189420488,0.0165060438745963,0.0202114521384003,0.0453729992153258,0.0135253307280574,0.171756541994233,0.0538408168102719,"E02000849"
1.69545288591624,0.0104144984003235,0.00911160420628061,0.0582728945399556,0.00744833211689165,0.00730703569702807,0.0171934114938584,0.0206031575176012,0.0463950517116034,0.0133949529672308,0.179264512699932,0.000928165617945472,"E02000850"
1.55985781205383,0.0107489722541821,0.00950416651767983,0.0548003411564519,0.00747222171383571,0.00733476296353813,0.0161266079068083,0.0204585615235536,0.0438166088260694,0.0146964636128324,0.163529536710237,0.0655876990046142,"E02000851"
1.58303961159079,0.0106133468347738,0.00937681125255374,0.0545404011172131,0.00742692521705363,0.00730246472272886,0.0161304824641111,0.0203232024445327,0.0442516967062843,0.0142677700187924,0.166488861694582,0.0614529022654862,"E02000852"
1.53552571526788,0.0109760248111325,0.00979616968546391,0.0556563610458372,0.00759136792836849,0.00741759496276257,0.0162817128529874,0.0207778731776017,0.0434145622600962,0.015440716164802,0.160139252886402,0.0724622061757208,"E02000853"
1.59889455695364,0.0104467050270422,0.00935045877102881,0.0554192785043384,0.00742288312864429,0.0073037329416438,0.0162825882336747,0.0202911930765071,0.04474914047511,0.0139909198419498,0.168297102297554,0.0590638340804087,"E02000854"
1.52229761243027,0.011209396341023,0.0101726970600903,0.0574105887179171,0.00771183301472712,0.00749853400049797,0.0163494168651845,0.0211540159831836,0.0430456233746532,0.0159325132728032,0.157869785062914,0.0793660879578614,"E02000855"
1.65539879948612,0.010279897372507,0.0095038207954659,0.0597738705423642,0.00753171510937173,0.007416441041574,0.017161326176157,0.0207389018541925,0.0458459405735195,0.0140446773058289,0.174131488284728,0.0569867613810731,"E02000856"
1.54639703651788,0.0108259527551516,0.00971114056459438,0.0563845761367356,0.00753123268454816,0.00737839978156275,0.0161870982714149,0.0206562564829533,0.0436644841032761,0.0149931092428198,0.161468820565404,0.0698326066534153,"E02000857"
1.68468902841717,0.0102041597468201,0.00951433542513595,0.0624929224370694,0.00760118897624644,0.00748111226674606,0.0176200292567794,0.0210651041580254,0.0463035582378052,0.0140488359822475,0.177047313289301,0.0555769779626968,"E02000858"
1.6062794023607,0.0102501290802577,0.00945930675857044,0.0572625121000984,0.00748386048623758,0.00736134557487271,0.0165548761276499,0.0204026325452125,0.045151346406278,0.0140200687656048,0.168828011667821,0.0600538419416324,"E02000859"
1.54838363135471,0.0105898734550732,0.00957826803975392,0.0558718352398416,0.00748171563293226,0.00733626679892982,0.0160512791165617,0.0203837388713919,0.0438063781579408,0.0145889479484038,0.161999906791393,0.0675151333439396,"E02000860"
1.56945001519402,0.0104434540874415,0.00959603556970568,0.0565905394987128,0.00749143969000148,0.0073629287815857,0.0161822545760661,0.020390867663518,0.0442899429737025,0.0144362510672812,0.1644403727034,0.0661216249317451,"E02000861"
1.62000352199301,0.0102763353392802,0.00976257367658571,0.0595455175552481,0.0076242766494254,0.00748667590715919,0.0168163675675681,0.020772033769562,0.0454000352630623,0.0144069053769941,0.169837276799924,0.0651764940198021,"E02000863"
1.41342688172293,0.00949225730530283,0.00451803726947532,0.0351910430870531,0.00517981975715024,0.00801931386435889,0.0158816229707009,0.0246672616315849,0.0241489551791339,0.01053018389358,0.151252294434924,0.0681016126293574,"E02000864"
1.41008734749058,0.0102939644869044,0.00546797692079871,0.0367200433813559,0.00568374242307243,0.00788338022965503,0.017831627562571,0.0265833348096958,0.0271888189507793,0.010805697415877,0.149745695276932,0.0747287250656268,"E02000865"
1.44675117328827,0.0100459239121857,0.00488658219770684,0.0362163099977347,0.00539126274374812,0.00814687729499028,0.0174339692656194,0.0258755734413523,0.0250227406147011,0.0107054889947175,0.154480151973089,0.0745650786284988,"E02000866"
1.39137821827586,0.00952701951264013,0.00441134080890518,0.0353733189125893,0.00516317739432679,0.00805581974563421,0.0164712839523575,0.0246004370556676,0.0236385632407546,0.0105175341807952,0.148602048642876,0.0704192530060883,"E02000867"
1.38098896380391,0.0102873434779213,0.00570738463495961,0.0361287057105442,0.00593696708453839,0.00778013182281352,0.0175363554149779,0.0270069852525847,0.0267848887711137,0.0107784423802324,0.14623730031146,0.0734357663355775,"E02000868"
1.33700125038493,0.0101053611044786,0.00572481312334459,0.0316401047980165,0.00632671960994182,0.00770961406255405,0.016920791034044,0.0273458409288722,0.0250196658458836,0.0106772896561663,0.141480191534449,0.0700351364230323,"E02000869"
1.43296594860009,0.0103938573061459,0.00528109439627083,0.0367315833983335,0.00565281532615237,0.00805931044108645,0.0180579227095413,0.0268258511902718,0.0270598299036862,0.0107767816023053,0.152387493231543,0.077368931728935,"E02000870"
1.33543345410536,0.00943060677657917,0.0042081698953008,0.0355995263919186,0.00510310107245029,0.00791100280735194,0.0167715384422741,0.0235322113135458,0.0234539154894079,0.0103560413031325,0.1421589011198,0.0708275707086125,"E02000871"
1.34601823190285,0.0102326451945649,0.00567111820542062,0.0320307593680688,0.00632436128014375,0.00771046557804777,0.0166909664469974,0.0272319821637726,0.0249760481323677,0.0105381493217171,0.142487445824683,0.0716729158312887,"E02000872"
1.45920478147021,0.0104165249707435,0.00505353704295464,0.0367664609532187,0.00558349361921453,0.0082208029230384,0.0182955948924951,0.0267251731190376,0.026153987078114,0.0107924452523811,0.155501139004095,0.0790938738046254,"E02000873"
1.41413306886811,0.0104859199497303,0.00541522486246776,0.0365293894077206,0.00579697484766407,0.00796282287762753,0.0177619009595255,0.0270147714046957,0.027363668379498,0.0107069823613707,0.15009363181876,0.0777067212641951,"E02000874"
1.3893627913866,0.00984855195208726,0.00440731424937176,0.0358458508288844,0.00522321409906962,0.00807301176736514,0.0174521917967703,0.024334776505509,0.0233640893684649,0.0105211378191991,0.148111573969504,0.0752364744734749,"E02000875"
1.39487175012335,0.0105726675411595,0.00561970231444002,0.0362534390734102,0.00606512482356621,0.00792184543638265,0.0173070043313194,0.0272875588113905,0.0270388183326416,0.0106411108411361,0.147680212517135,0.0769694392398209,"E02000876"
1.43761534800301,0.0102513575087838,0.00462264019455188,0.0362932676256144,0.00538436629763676,0.00821040007477388,0.0181499368399914,0.0253426011711335,0.0239880833095236,0.0106483605934634,0.153347320031925,0.0790355836080187,"E02000877"
1.34455636655737,0.0103964826975699,0.0055842703212146,0.0302833539478691,0.00659243722938689,0.00767771587578554,0.0159930778113357,0.0269918538929968,0.0239992298052405,0.0103396206602452,0.142395319670822,0.0719711689360767,"E02000878"
1.43594505308091,0.0107930305813302,0.00523980304073194,0.0366028495328049,0.00586758942665918,0.00811566005857162,0.0175716184858361,0.0268425074654539,0.0269542600190814,0.0106131248850327,0.152556165221323,0.0812525860601558,"E02000879"
1.41602712791074,0.0108872955799032,0.00554251219152724,0.0365132137471608,0.00617123171082576,0.00809526623941687,0.0170988528284844,0.0273041525808691,0.0273459841830693,0.0105851731645768,0.149982608755904,0.0798531999066214,"E02000880"
1.36152643799956,0.009797778722203,0.00425790076289566,0.0374310661430525,0.0051870038957667,0.00797509296206085,0.0176992398428376,0.0229053869375673,0.0238410374569456,0.010372643158472,0.144777067006717,0.0748864702332908,"E02000881"
1.43892402750329,0.0105953472169876,0.00487520299361521,0.0362350595703192,0.00559641571216154,0.00810777810790637,0.0178401218879819,0.0259655681344418,0.0251668347028092,0.010569129273938,0.153257181620206,0.0811298203068169,"E02000882"
1.4108317373395,0.0101067700662785,0.00438494288983551,0.0375822877554811,0.00527997332828168,0.00814415644374889,0.0181625368437057,0.0235328925741547,0.0239476518335588,0.0104801097545583,0.150296733080856,0.078524346151365,"E02000883"
1.39757311317247,0.0110555536775446,0.00577557934929718,0.0344544488941373,0.00683244571753323,0.0080731073367673,0.0161129784847417,0.0275313268571224,0.0254736711167048,0.0104046571888105,0.147663206409997,0.0768662171369509,"E02000884"
1.43401102097554,0.0111594830089046,0.00547518231480912,0.0366893019750618,0.0062896163564709,0.00825438149931523,0.0168071651445634,0.0271681211190982,0.0273306490709658,0.0105022201726536,0.151953866363178,0.0820325047597662,"E02000885"
1.46907504460486,0.0107016929547937,0.00470838508999823,0.0369970113117093,0.00556767488123186,0.00832008262004169,0.0181527804064086,0.0253277770317202,0.0246186237666947,0.0105724604212218,0.156710745387768,0.0833238032407835,"E02000886"
1.45121084690533,0.0104046540381841,0.00450295499791989,0.0373344614233316,0.00540070184999917,0.00830741338719201,0.0183832142489432,0.0242591806300293,0.0240848764885658,0.0105404384204381,0.154825048099212,0.0817151680803228,"E02000887"
1.4332935876406,0.0110643758266727,0.00522455730022494,0.0364652991754455,0.00606620105823612,0.00819811509716495,0.0168457645274808,0.0264879478252292,0.0264898464265029,0.0104184872691731,0.152147974476698,0.0828687759107976,"E02000888"
1.42621777783173,0.0114988729206736,0.00579035645986557,0.0356901378304872,0.00708664096077618,0.0083469525797961,0.0157456691562197,0.0275042017599836,0.0260460181402501,0.0103201809027933,0.150588975687883,0.0799337801713405,"E02000889"
1.42172556428163,0.0115253276288635,0.00577419590801935,0.0348955721475666,0.00722753499597292,0.00830368134028566,0.0154808836403842,0.0273691189194798,0.0255432139508988,0.0102521163277206,0.150102299876705,0.0795355376526573,"E02000890"
1.60997425697819,0.0108390596963986,0.00477755190882524,0.0399007501241607,0.00584470213507693,0.00889201146288997,0.0189565450204083,0.0238611637497884,0.0251523860151049,0.0105296464103375,0.172691849325618,0.0938482146033243,"E02000893"
1.62973450042309,0.011054436493693,0.00503523092384616,0.0397180427282404,0.00608394558208799,0.0092499602656291,0.0187000526405208,0.0247983970073658,0.0259461227937859,0.0104488985327239,0.174738420970199,0.0948653718566251,"E02000894"
1.12578038625099,0.007423962420282,0.00379512323815267,0.0249304377548436,0.00652867286390178,0.00760775955947295,0.0146270604190009,0.0193428719922322,0.0430136713533306,0.010478194321998,0.119330539578167,0.0566672577338064,"E02000895"
1.10976981332904,0.00695497899888264,0.00348816754035075,0.023276257688156,0.00605732376441316,0.00710484999986311,0.0145926811181495,0.0185820566104622,0.0393589682486986,0.0100199793187807,0.118254553668141,0.052767803942517,"E02000896"
1.10920900537465,0.00680770262617949,0.00333223531351483,0.0226129407047886,0.00548924573358426,0.00669008375251886,0.0145624703743798,0.0184365452848373,0.0370085741016337,0.00975419815493176,0.118716427195821,0.0503650023643225,"E02000897"
1.17942117769818,0.00731809778947874,0.00364974482355542,0.0246766873289682,0.00605516995900434,0.00738277363289032,0.0148260636346542,0.0197709418867753,0.0399321276334403,0.0103044699457344,0.126043833933899,0.0561847026429833,"E02000898"
1.19409234455686,0.00765199132709149,0.00389621371107425,0.0256360148476289,0.00636928548065108,0.00771542990815063,0.0147542985583463,0.0203462565126769,0.0422472348160257,0.0105963963070801,0.127262158817308,0.0595334060991199,"E02000899"
1.24495500119453,0.00794750719271602,0.00414456512058733,0.0264303142827764,0.00649489745366376,0.00796598280295657,0.0148937103932655,0.0212052033005649,0.043617590812274,0.0108371914616305,0.132861570830315,0.062456821014555,"E02000900"
1.12921756853692,0.006909348547695,0.00333259915444256,0.0230140201159495,0.00528996379330935,0.00667302028390972,0.0148557185054861,0.0190407090373057,0.0362860416378587,0.00985590966054958,0.121023187673363,0.0499101069392262,"E02000901"
1.20656091038475,0.00742050982301612,0.00365275340963961,0.0247942433031439,0.00579665032250256,0.00736649178626001,0.0152321744566356,0.0208133783106867,0.0386838878206765,0.0104753301886098,0.129215019916965,0.0568973969290051,"E02000902"
1.27314246137066,0.00811454071789546,0.00432925019509621,0.0266842596016661,0.00638848660113996,0.00811653656262276,0.0148956155488057,0.022150260353732,0.0434441448729237,0.0108860582423985,0.136042890702758,0.0652721614954059,"E02000903"
1.12048657691553,0.00690558216694389,0.00327339784160783,0.0228613424607259,0.0050432403031933,0.0065428255541071,0.0150551051992271,0.0195352991387904,0.0348949101711137,0.00986883157945776,0.120099190116389,0.0481695666468931,"E02000904"
1.21281625112741,0.00751826672926309,0.00371022412250706,0.0248568399046002,0.00567384714011038,0.00744389102081292,0.0153363990473129,0.0219375584016584,0.0379597111155807,0.0105155709613378,0.129861335291396,0.0583669875797997,"E02000905"
1.25086615613716,0.00787954180899933,0.00399939783551635,0.0259063504310571,0.00590811202703686,0.00786150146410838,0.0152021429600131,0.0229772689893234,0.0399568987275464,0.0107245563431109,0.133819017062418,0.0627012334396626,"E02000906"
1.13274555516322,0.00695265189226511,0.00328921160412662,0.0229966194493947,0.00494873862427322,0.00656111722705697,0.0149788383890511,0.0203444970924182,0.0337292661018753,0.00979640622202723,0.121506465150744,0.0492671909412521,"E02000907"
1.32867442387095,0.00867300169382219,0.00510170695340096,0.0281910472666351,0.0064965109171935,0.0085647247833733,0.0148767446097939,0.0239356685004599,0.0449261304008072,0.0112183566514262,0.141827500159592,0.0698325508945878,"E02000908"
1.10737861404812,0.00680999564569595,0.00315117776665975,0.0225195093421491,0.00472080112902205,0.00627543665844823,0.0148430132738074,0.0196963023859963,0.0322020668798685,0.00956853004797732,0.118845509198186,0.045261964813917,"E02000909"
1.19188896596499,0.00732520412186338,0.00351618295714497,0.0242960441043759,0.00516533119959634,0.00697796220494978,0.0150126679658974,0.0221544489726323,0.0346308434765077,0.0100528020514146,0.1278709272348,0.054885513606629,"E02000910"
1.25222145126187,0.00789817367271448,0.00391608459709555,0.0259834388360378,0.00558011795136535,0.007638525830763,0.0149105634012355,0.0235097188045737,0.038009600076049,0.0104807868810377,0.134143807319305,0.0615353457473628,"E02000911"
1.31542003169083,0.00872797436036268,0.00460947406749704,0.0284641459644674,0.00580437692890894,0.00809659655306259,0.0143949374133446,0.0241247166458374,0.0333803480952222,0.0106735152350936,0.140751020350122,0.0667673664631799,"E02000912"
1.12909407418421,0.00681905471436442,0.00314493358488708,0.0230206915507618,0.00461922146894783,0.00624223228621247,0.014709026146547,0.0199894900177466,0.0302469132675198,0.00939623697656634,0.121392107147871,0.0455788579098192,"E02000913"
1.18180639509,0.00713668456927123,0.00336207677470313,0.0241451066352159,0.00483561904497255,0.00659779768180877,0.0147295419426735,0.021437320119978,0.0314794678560836,0.00966543423197084,0.12706938842922,0.0516531894979991,"E02000914"
1.08244130871166,0.00663948927825272,0.00298457140173369,0.0221495316917971,0.00445102662967835,0.00598678313722316,0.0144615350420528,0.0186806188976522,0.0291187596344497,0.0091181740114887,0.116320536914445,0.0417130423743376,"E02000915"
1.31380932264719,0.00874929429824665,0.00426508398225607,0.0295444439559259,0.00539070432906765,0.00765462386443578,0.0145094225423495,0.023872744375424,0.0310560569990186,0.0104619522273165,0.140725474346345,0.0630576902481904,"E02000916"
1.182697999004,0.00701503577984058,0.00330133427177186,0.0246038464628991,0.0046835601324164,0.00647508245379871,0.0145654206024611,0.0206413392145912,0.0289593382663787,0.009442631008473,0.127337256107377,0.0500445121972098,"E02000917"
1.08389688098712,0.00658756818961914,0.00295448291247277,0.0228915289038752,0.00440642527745613,0.00599516542001371,0.014434617229438,0.0182187148907017,0.0273501682641568,0.00900335467701946,0.116506085226359,0.0414356654644734,"E02000918"
1.1745511421174,0.00689766746663567,0.0032474044948741,0.024890164632011,0.00460762584959846,0.00642861694221637,0.0146016257211553,0.020055939723522,0.0276371282167626,0.00932275655726349,0.126480276281084,0.0484027183644884,"E02000919"
1.26088767308222,0.00758726031229547,0.00360162188997163,0.0276396195254208,0.00483536192507124,0.0069094368652338,0.0146221200216341,0.021958226195317,0.028492136073908,0.0097782248542782,0.135702655113165,0.0547391743874526,"E02000920"
0.932987596719364,0.0051667557361695,0.00240802272458442,0.0196221488567399,0.00336797707374279,0.0048308177265492,0.0124441389089022,0.0162295301808262,0.0227351794669838,0.00775497321823951,0.10065673061235,5.95163190417268e-05,"E02000921"
0.917951465282967,0.00518230176783043,0.0023298832733924,0.0197912563956284,0.00340143547220291,0.00478937146014968,0.0126002740835536,0.0155595212924463,0.0227124263584291,0.00765283146120413,0.0989150024560573,6.33996192533268e-05,"E02000922"
1.97077984537663,0.0177589819595298,0.0157940138828313,0.0317496345660108,0.0115970452476118,0.0125798228389568,0.0199928279431368,0.029482124335347,0.0232286397555226,0.0181057501986106,0.205587955097264,0.167973677870844,"E02000923"
1.93827917042113,0.0181133028448682,0.0161738107428531,0.0328455382025125,0.011288050271302,0.0126597176447155,0.0198729162734962,0.0296122730160173,0.0233826669936187,0.0181981567615903,0.201472049382341,0.16869440164992,"E02000925"
1.93347348109257,0.0180182141563625,0.0169637159541851,0.0327061000732714,0.0111862629319611,0.0128935798809204,0.019642157156185,0.0289164647721442,0.0237431842811209,0.0186241473657225,0.200660095713319,0.181114935790962,"E02000926"
1.8353630721606,0.0179897312372552,0.0149536962863198,0.0340805739743446,0.0105869716632808,0.0116620285163065,0.0195300396595961,0.0294366599935757,0.0233981446691758,0.0175625825449661,0.190330695767239,0.153165773734063,"E02000927"
1.10555996721284,0.0100955839686857,0.011324378253278,0.0186631848606154,0.00733159877810989,0.00890010020005446,0.0141263618526408,0.0196095895699708,0.0150735357935673,0.0139996124371894,0.112613851297088,5.17177870816128e-05,"E02000928"
1.90027380483788,0.0183556860647647,0.0172840949857444,0.0341611160376081,0.0108460049384535,0.0125743770616481,0.0196125713918189,0.0293183119956362,0.0238704653286342,0.0186352064511013,0.196503456042496,0.179433464641271,"E02000929"
1.90057468788406,0.0185671615854563,0.0166790399907238,0.0352721409451092,0.010837831152342,0.0122828674177717,0.0197781546824044,0.0294072902480324,0.0238770746103569,0.0182684806590444,0.196703672851652,0.167539921730778,"E02000930"
1.82687634502134,0.0184932863108925,0.0160719187260416,0.0383129772763755,0.0101907151117262,0.0111232620006891,0.0194852991106229,0.0286662998684606,0.0249416661067119,0.0175437917373047,0.188583892051327,0.149183648477533,"E02000931"
1.11404402039936,0.0106944653252526,0.0114159243819503,0.0201638335442768,0.00702890733473946,0.00777638751570889,0.0145758448323253,0.0223431227942299,0.014570539113571,0.0135166676737307,0.113463114066857,4.73257505668057e-05,"E02000932"
1.23283768825437,0.0109744712091592,0.0105956864409327,0.0205155333544725,0.00784086105993538,0.00870760918949537,0.0142217303879519,0.0218599471945095,0.016695613014817,0.015345404150954,0.127570714691335,5.81872421275653e-05,"E02000933"
1.89998217325546,0.0188253426510929,0.0177934148269462,0.0364920220982688,0.0107375532269002,0.0122523500935628,0.0197179774906512,0.0293624474948578,0.024350835661014,0.018717727100264,0.195909867833619,0.178100557291408,"E02000934"
1.24682907360594,0.0108821474964703,0.00716423934080171,0.0203490897466489,0.008194540682497,0.00946992289196209,0.0134767896957343,0.0210502309296379,0.0195594861497354,0.0155571488817805,0.130334581429152,6.3876712585126e-05,"E02000935"
1.25095056251375,0.0112533224503708,0.0118812133704281,0.0219787202479973,0.00748210103935691,0.0076846378379218,0.0146291812573147,0.022660679706622,0.0163072324785624,0.0150472434923901,0.129263520055042,5.38070548076041e-05,"E02000936"
1.84101378119269,0.018407144983399,0.0164800920264055,0.0415908508327503,0.0100067740945326,0.0108287991159885,0.0193685926379626,0.0276714178152583,0.0259736339251156,0.0176383228042185,0.190106924410989,0.14907359766174,"E02000937"
1.4249764619976,0.0122564930498421,0.010998789441511,0.0245897379007005,0.0082467761506092,0.00834363594819601,0.014543699826539,0.0233194285559403,0.0195368545621358,0.0171681171658134,0.14931572532258,7.37062025892443e-05,"E02000938"
1.78710987874915,0.017822379091972,0.0155727000607764,0.0412387906581704,0.0096303462663897,0.0102955647255267,0.0190200970264521,0.0273177325353332,0.0264404171003014,0.0169127638605159,0.184737036972969,0.135319491643765,"E02000939"
1.95748408333457,0.0190100416764584,0.0176996231237497,0.0394328416951966,0.0109015714341908,0.0115988382080323,0.0198391969166748,0.0290702267067345,0.0255786297548752,0.0194542898344553,0.202674216053349,0.188217934834283,"E02000940"
1.92441979863928,0.0189090962432057,0.0173826591060192,0.0414897147524918,0.0105454901125933,0.0114156026715213,0.0197517976107675,0.0283735747262217,0.0258881882359066,0.0186000711884124,0.199009366581831,0.169720672428647,"E02000941"
2.01714382996254,0.0191116245654076,0.017447101199252,0.0395644400521331,0.0112259377683184,0.0113086244732136,0.0196487220718561,0.0293254003746957,0.0264194684077105,0.0206234657480838,0.209795195840083,0.201698627322021,"E02000942"
1.740031098868,0.0164446796081379,0.014341832390891,0.0408604643963634,0.00918358989786285,0.00962412753984768,0.0184562267433216,0.0261785855935718,0.0270633439550908,0.016125191430197,0.180929000871833,0.120438265713185,"E02000943"
2.07920509010264,0.0194448443192333,0.017431784211031,0.0407619946549256,0.0115893306175904,0.0113125387147294,0.0195388702739002,0.0297304392676715,0.0278793080236519,0.0222455291381804,0.216724381750271,0.211944378650728,"E02000944"
1.98888179005819,0.0192711491567466,0.0161048682141219,0.0421330025008035,0.0115201409744763,0.0111639474337669,0.0186585316392623,0.0290651864482065,0.0326810041724794,0.0242756358821529,0.206447332919069,0.209300761106645,"E02000945"
1.95831572809902,0.017728290805841,0.0156227349004954,0.0468925943066171,0.0100813842150374,0.0101813389608405,0.0194233137376176,0.0264877366797638,0.0283332571424041,0.017967015521147,0.204694720838305,0.147044049656578,"E02000946"
2.0786734646933,0.0184501366738342,0.0163024485967463,0.0461957282517846,0.0107218272367894,0.010403725212285,0.0194810663854236,0.0274536754165721,0.0287749797995963,0.0195351059713184,0.218077495819182,0.174573491807323,"E02000947"
1.71377409245076,0.013370911519258,0.0117256398256606,0.03726474409468,0.00840440310394278,0.00826669328338729,0.0171924086309853,0.0232594248085942,0.0306984311381086,0.0143392314213549,0.181652654310065,0.0850480765853745,"E02000948"
1.84525090816775,0.015831897545756,0.0139171039117903,0.0435640161465278,0.00934700298841402,0.00939266216927166,0.0186697021230677,0.0250031058328124,0.02850234290267,0.0164926651228511,0.19383731415831,0.116887252204076,"E02000949"
2.12401948657029,0.0186054211261386,0.0161190618275478,0.0451490844019504,0.0110703110991434,0.0101332371837226,0.0188814462347727,0.0275768979567501,0.0307194429012891,0.021547718341553,0.223408847932787,0.187101966141935,"E02000950"
1.80671190071294,0.0143850441089036,0.0126672723471489,0.0406969675496656,0.00888874992594315,0.00880730178253035,0.0179882063331256,0.0238759558390712,0.0299392509864172,0.0154001038057883,0.191147425187501,0.0973962297335094,"E02000951"
1.80337874746854,0.0135723441771398,0.0119076505734424,0.038820645926971,0.00859866753031947,0.00842976179016832,0.017505119991894,0.0231777479358337,0.0309789550929412,0.0147010170188621,0.19183337512949,0.0860034753268107,"E02000952"
2.06223747950604,0.0155072196694033,0.0134977707452914,0.0456094755747908,0.00959276320273813,0.00904961423621404,0.0185944961966302,0.0243080855254952,0.0307516702883734,0.017490503332,0.219714902364974,0.122915189146583,"E02000953"
1.92320170462552,0.0131666150413379,0.0116602385973383,0.0399955752523513,0.00865533700644589,0.00833846761545006,0.0176590405667577,0.0225394695269557,0.0316566523283017,0.0150576967111506,0.206105443225783,0.0866593511211824,"E02000954"
1.99178345232113,0.0130703320755099,0.0115834328898133,0.0407031920226543,0.00870719594150407,0.0083129648532922,0.017746338030423,0.0223624534413133,0.0323351841527549,0.0153680030851629,0.214125490092836,0.0886395933761946,"E02000955"
2.07995665630824,0.0131393357361112,0.0115957839255966,0.0421718893828765,0.00885279846937723,0.00831111859202462,0.0178299755397467,0.0223287015183429,0.0341691587244813,0.0163348264046418,0.224203436989227,0.0952820237759578,"E02000956"
1.9909025450162,0.0117048628154454,0.0103709913757952,0.03932981470625,0.00817213565307349,0.00775823167940935,0.0170839270445162,0.0209722253170049,0.035630837406116,0.0145950510046916,0.21533646588105,0.0745099156447879,"E02000957"
1.94663590292779,0.0112173865165676,0.00971428118407001,0.03614982973393,0.00775584849889214,0.00742716551768791,0.0163175650900462,0.0203299570287676,0.0354698415123143,0.0131008950759523,0.211052708755525,0.0613229705593635,"E02000958"
1.91962506428183,0.0107685205685832,0.00919648881721005,0.0350634145529096,0.00749409934494346,0.00716142168064482,0.0158993929999506,0.0197280348869418,0.0373741985814524,0.0124157400941684,0.208445150549021,0.00280851508624218,"E02000959"
1.08739741240973,0.00913938973379723,0.00935101950663507,0.018472348952701,0.00718102555171565,0.00727683330855817,0.0158181113805572,0.0118253173140256,0.0142695437822459,0.0145958769501651,0.112408964887678,0.0559841089293905,"E02000960"
1.22421106073381,0.00946567484794891,0.0107619817235514,0.0200983809865956,0.00782805912543321,0.00778478871831974,0.0174334318446995,0.0118069237528073,0.0158847757372481,0.014322950000372,0.127446283880799,0.0722586470515258,"E02000961"
1.20445667994694,0.0098457838260988,0.0111840167300377,0.0201393680413441,0.00792927151136553,0.00794764431856843,0.0168618299475536,0.012482455922773,0.0157323410708995,0.0147507022168082,0.124487359500338,0.0705584239148603,"E02000962"
1.3841334130864,0.0103301564082376,0.00821155221694105,0.0213043816609259,0.00908970961233937,0.00891826242042183,0.0178120437882316,0.0128326369251235,0.0186616311322724,0.0162416546425125,0.145958739852207,0.104657888858208,"E02000963"
1.34970565201459,0.0102577872644887,0.00940642538636901,0.0213358086918923,0.00891579469347736,0.00879174870166489,0.0178990916505395,0.0128036657470535,0.0181779307984866,0.0158440650853142,0.141601283684884,0.0983964409414224,"E02000964"
1.31738045272217,0.0102068932319828,0.0112126077943104,0.0213283922382662,0.00863596428688469,0.0085696649484278,0.0177488820101952,0.0127327612885986,0.0175103944884595,0.0153098750260238,0.137236796835375,0.0896765951719009,"E02000965"
1.31787225785572,0.0104329170511334,0.0126327002573251,0.0216345444700059,0.00863381384715979,0.0085807978761853,0.0177194491209755,0.0130429559086137,0.0172557478403711,0.0153286242724545,0.136421420758764,0.0855238748666079,"E02000966"
1.13667271244768,0.00974667376701572,0.0085590074498816,0.0192955105310727,0.00760167771999492,0.00776201354164095,0.0159699800603573,0.0136792642274758,0.0148376272452611,0.0158072269610926,0.117746059046646,0.0617692607051639,"E02000967"
1.27159270005887,0.0104494146345207,0.0114358393954628,0.0211182162469129,0.00845551661184169,0.00848518550554603,0.0170598441837727,0.0134698537693545,0.0166253769335647,0.015513812097263,0.131533578585095,0.0798906579090018,"E02000968"
1.38476054653879,0.0108014757297478,0.0123102809819956,0.0223214165234326,0.00921123423620604,0.00910208291029766,0.0177274953259467,0.013432038257155,0.01858822428591,0.0160041622841565,0.143935522423532,0.100525062978637,"E02000969"
1.29498471892098,0.0108559493142173,0.0079983401028166,0.0209927672742376,0.00817507885307546,0.0082915891287273,0.0161946022212904,0.0176947599037539,0.0162823279234905,0.01556716918578,0.13562342139861,0.0777296744917074,"E02000970"
1.31580682463419,0.0108928850128384,0.0100245858746057,0.0215324364990917,0.00863200005290003,0.00866142119222067,0.0168000953480392,0.0151719482097924,0.0168404237818142,0.016491337600003,0.136946863648686,0.0830433229852531,"E02000971"
1.28499802688648,0.0106626400497449,0.0066264618755474,0.0203156550156763,0.0076666552450246,0.00775796581657637,0.0155909440785846,0.0209102562550944,0.0159741831287,0.0134401080387182,0.1354450291394,0.0724571849022879,"E02000972"
1.43955927759422,0.0112177560891619,0.0132415155750517,0.0230363951871842,0.00960111778302362,0.00946598621416076,0.0177310202603457,0.0138848529353381,0.0193350911569578,0.0164193970407586,0.149471763370736,0.107795771969293,"E02000973"
1.4027164923047,0.0112998246384835,0.0121737190128522,0.0226518867291962,0.00919127488770735,0.00913160164512386,0.017389571731023,0.0147861429263311,0.018078160968089,0.0163116572133854,0.145745566189675,0.0946764241955045,"E02000974"
1.47428479622974,0.0115668607904405,0.0141049890250325,0.023588081780543,0.00961817439860503,0.00948432156468102,0.0179606428635461,0.0145875825992013,0.0191141593969443,0.0164578754819058,0.152912894110788,0.103764917130951,"E02000975"
1.50609129611937,0.011684181646287,0.014666538665577,0.0238975742419565,0.00989193819267326,0.00972535147030265,0.0179402796601749,0.0144668884718799,0.0198402251935396,0.0166391045572485,0.156193362084411,0.111589681388742,"E02000976"
1.40590325331435,0.0113906988602586,0.00660958867750252,0.0214340133191508,0.00811363035569814,0.00782001469899096,0.0158742822817064,0.0236587850622063,0.0171147209091934,0.0125704653818231,0.148973953257967,0.0829459212336793,"E02000977"
1.70609202136842,0.0131678432898792,0.0133955935100237,0.0257002333127253,0.0104893740938444,0.0100363839568327,0.0180979072097468,0.0187641841744771,0.0207613934627605,0.0173385111072128,0.179247210730494,0.124023874826377,"E02000978"
1.57033429645095,0.0127516650849807,0.00745295974573752,0.0237122093966796,0.00938182506813986,0.00852820770579348,0.0171661800158407,0.0270726448902721,0.0186806714825528,0.0134588381239512,0.166228897789804,0.102377813301967,"E02000979"
1.61763074279447,0.0137072610424234,0.00785577815732337,0.0253359266576282,0.0100485490400358,0.0091301067243798,0.0179263171741916,0.0298485257231772,0.0194807924904304,0.0139819966261661,0.170433556744243,0.110889815987668,"E02000980"
1.73711344628384,0.0146632408295144,0.00951977591211747,0.0268389498888831,0.0107401270328069,0.00991836942458409,0.0188967073438277,0.0295488893954716,0.0204003891113021,0.0156505704448171,0.182904150328706,0.127492032562716,"E02000981"
1.80743361730039,0.0150300157221629,0.0109041267375252,0.0276026415158262,0.0109860277699763,0.0103303392698834,0.019155951951918,0.028558918470526,0.021032599088414,0.0163539893956204,0.190402335981207,0.13640712494296,"E02000982"
1.69026324119937,0.0147892369166005,0.00895349020449064,0.0270057110520751,0.0105561735146535,0.00993703975729091,0.0186929948174007,0.030376566561617,0.0202599151734454,0.015194522449282,0.177528801544232,0.124067957205676,"E02000983"
1.90733839374849,0.0120302185085852,0.00900658915208201,0.062090810898797,0.0103639049637733,0.0100569690907642,0.0193834056301913,0.0269230487563659,0.0546722928806182,0.0164720769927726,0.20081536775248,0.119422859877302,"E02006782"
1.99726555622495,0.012463501236132,0.00833359548698471,0.0528479402136432,0.0102118037910769,0.0101127306723029,0.0203007869492342,0.0274002924804152,0.0541983513155407,0.0157475612387223,0.212881688883671,0.115637703200949,"E02006783"
1.94213867784436,0.0119369813344049,0.00762105436008557,0.0471211887131649,0.00874794502116864,0.00935106985148064,0.0199714744797063,0.0254781421586755,0.048935620917332,0.0142557949794001,0.208445593712615,0.0855942111392672,"E02006784"
1.84627395897922,0.0123671639572763,0.00543958375630575,0.0816550548133482,0.00827826325442781,0.0105980627968853,0.0206883414748324,0.0243170733575204,0.0306337132530663,0.0154355048163389,0.190888826138399,0.141677007012353,"E02006785"
1.72291833803235,0.011544333498976,0.00486744153985828,0.0736679716309794,0.00757453081469216,0.009545173045919,0.0204042525947097,0.0234007693378946,0.0300125942606631,0.0145047325222551,0.178697997388044,0.128914178615192,"E02006786"
1.79987981609977,0.0102758884955206,0.00890120691635439,0.0485920493220738,0.0081717413733132,0.00848697993404649,0.0185662648289591,0.0220578245697282,0.0450835694224418,0.0128975138524934,0.192503208542403,0.000601638483864946,"E02006787"
1.75670562687898,0.0100975883107747,0.00880482084532471,0.049683729800369,0.00787307238422582,0.00808494526830499,0.0177595978893909,0.0215135132552243,0.0453402562116624,0.0127784620825861,0.187610497390028,0.000390658339375799,"E02006788"
2.25902145153416,0.0130209946959165,0.0121769568824359,0.108073890947275,0.0104113147276193,0.0100974264759476,0.0193698850748277,0.0283250008192302,0.0504790248626683,0.0179285549783327,0.232486677211154,0.100850884906345,"E02006789"
1.76458846333635,0.0153521069137465,0.00704032411187238,0.0298253816423783,0.0122243038336417,0.0151560012032158,0.0192842607269386,0.0176434277638597,0.0263125560861658,0.0195657135183216,0.184721269997211,0.178067816656767,"E02006791"
1.76387847130161,0.0155371159609604,0.00627062107056579,0.0301876813560592,0.012028887671319,0.0152262337212468,0.0192358356712384,0.0179758076134507,0.0271918326698749,0.0196638679987127,0.184755381520631,0.181526536859034,"E02006792"
1.16227135610522,0.00833597705996127,0.00792098246946054,0.0275602670659264,0.00728146269383246,0.00800002792023458,0.0148277878527469,0.0208184554262576,0.0473558045349968,0.0116504887720923,0.121322709473296,0.0670651615681985,"E02006793"
1.26259951551464,0.00860557859972456,0.00745731857380138,0.0281703885568838,0.00719187401416292,0.00824604473912749,0.0149239428176125,0.0217148146303393,0.0459238983960572,0.0115954506389588,0.133313863068157,0.0697254268412351,"E02006794"
0.977626969491941,0.00775337753509559,0.00296039735432077,0.0191317095511101,0.00609536147983153,0.0067006663800044,0.0111445956358478,0.00953625689709436,0.0277760185981519,0.0115230967860084,0.103289969851803,0.0539924691163491,"E02006795"
0.939988284070618,0.007928292594676,0.00309695803231863,0.0191731104346686,0.00623494868372346,0.00673903216072722,0.0116433265026054,0.00990815757180932,0.0264932106820011,0.0116624476405451,0.0985372134048608,0.05294766365017,"E02006796"
1.61827278795587,0.0117044249978809,0.00600858826564588,0.0394214385165356,0.0073815460742411,0.0103423440687278,0.0183069586242972,0.0253756739400034,0.0300469377447218,0.0104324683916256,0.172262774495521,0.100725454023047,"E02006798"
1.00173399839141,0.00636960202604604,0.00246917174420317,0.0315812131477482,0.00415632411717359,0.00501111163881079,0.0133477578353598,0.0154674748726526,0.0261396792094872,0.00871295305488879,0.106349253359564,0.000109478105238067,"E02006799"
0.9938459509571,0.00635168056767904,0.00242243909775077,0.0311967199857356,0.00406974849735481,0.00496174334977624,0.0135568803540334,0.0155363772919619,0.0258735895767021,0.00853948621204487,0.105537603462838,0.00010825864074684,"E02006800"
1.44518144069472,0.0117520954175154,0.0060955948568453,0.0224582617305362,0.00823796237758509,0.00778634109826107,0.015881013449103,0.0279433592689151,0.0185928328040406,0.0112396377809051,0.153270992241768,0.0824261988993072,"E02006801"
1.46416378760151,0.0119654544360842,0.00595525881873927,0.0241680813585966,0.00823932934737293,0.00802411430545473,0.0157996119744306,0.0284634986434684,0.0197700384580257,0.0110095278377101,0.155272595879648,0.0836319554221528,"E02006802"
1.5402974210181,0.0108996209859857,0.0100546117891177,0.0579220667149485,0.00764442399269297,0.00744906945096283,0.0161456211996489,0.0208499593036789,0.0431984822981629,0.0153628723720804,0.160214795366592,0.0776674750099911,"E02006836"
1.6065143368615,0.0110073476145977,0.00489683690325457,0.0391683390011735,0.00589084030832639,0.0089923654305936,0.0186045233698332,0.0249230833646254,0.0256474201021708,0.0104946412550793,0.172230425984401,0.0917550531108603,"E02006853"
1.5072590202561,0.0106742029277043,0.00460362136754302,0.0378515349760436,0.00556444112590879,0.00851314706205534,0.0182956357793258,0.0243350580270563,0.0246254627857822,0.0104651450958492,0.161154620005179,0.0858499920397042,"E02006854"
1.0402564694591,0.00695513420415643,0.00286407913199616,0.0176856092869193,0.00570964765412809,0.00655110436831059,0.0106873467231835,0.00857632790545665,0.0326980480384975,0.0108553949110576,0.111490842961455,8.1872170761842e-05,"E02006882"
1.36567899392995,0.00981666414816345,0.0052702189196658,0.032922956034328,0.00574345037236166,0.00818951333430323,0.0148530772133055,0.0241636225704479,0.0276771750629541,0.0108327482690407,0.145571372330037,0.0680480589195639,"E02006918"
1.35899885804323,0.00991864924944044,0.00576017852284413,0.0329156597877559,0.00600807797556849,0.00838797770778447,0.0151355853182385,0.0243013762815622,0.028050482161462,0.0110564422941807,0.144473875021648,0.069839180882408,"E02006921"
0.930821775640574,0.00590666460150253,0.00225861242851541,0.0211735328454654,0.00384933072768512,0.00481795068344083,0.0138139646937124,0.0154466778630572,0.0258140797234804,0.00820326683953925,0.099732417940035,0.000101544162736498,"E02006924"
0.919502561384693,0.00593407848090842,0.00229815451713197,0.0180221948300314,0.00388761122903212,0.00482588920901795,0.0138831860318286,0.0156626211944975,0.0274537595911151,0.00850504027066958,0.0986336170602694,0.000110457125291267,"E02006925"
1.98512185994477,0.0122131459192271,0.00675995377831054,0.0514532363810608,0.00905004710838635,0.0112320091747994,0.0214374106405236,0.0263984329991596,0.0292849216762199,0.0140583830177864,0.212484234195391,0.143197762998647,"E02006927"
1.68879067085666,0.0114248749606779,0.00556921814995181,0.0408710257740835,0.00669433481010468,0.0101157201350132,0.0194522975613879,0.0253661414127293,0.0267892407117725,0.010611978515569,0.180838865105106,0.101688532933247,"E02006928"
1.6888700936456,0.011053949286724,0.00494559193855039,0.0443276100573688,0.00620370070735712,0.00891050910215144,0.0199358325942194,0.023038007144134,0.0253810850579525,0.0111548402383514,0.181103466933768,0.102346995490627,"E02006930"
1.75779625104408,0.0116643115650923,0.00564356043061589,0.0423511988378836,0.00687918019119526,0.0102507913157279,0.0204541068362495,0.025460402691752,0.0261232245056336,0.011101356753817,0.18848888217679,0.108953880917188,"E02006931"
1.44211803638194,0.0117393145312699,0.00572457353285505,0.0308272361293058,0.00775549092069326,0.00815298329546352,0.0152035354759217,0.0277813156934691,0.0235491572338781,0.0103103664056061,0.152586936472463,0.0784242726877002,"E02006941"
1.46147207411501,0.0120103232500918,0.00578330162697684,0.0313948240417347,0.00794584038380752,0.00834717426063755,0.0152539351932898,0.0278612726567514,0.0236012227764381,0.0103845860442648,0.154548326144332,0.0812342020261309,"E02006942"
1.3325412866889,0.00937964208201456,0.00455593817174904,0.0202691939001174,0.00781022029700158,0.00812666854240796,0.0162425269633657,0.010658255460186,0.026317261164234,0.0130809476027533,0.142590994638236,0.0753952030719875,"E02006953"
1.32413167008554,0.00941411008482184,0.00453208464459759,0.0197952643203074,0.00771260146912224,0.0080681493048617,0.0155854656477166,0.010631853656062,0.0254561377280636,0.0129017580331624,0.141736198645252,0.0755427430998733,"E02006954"
0.9415064933978,0.00680934714991352,0.00289026696975853,0.0148330418136733,0.00509712078594045,0.00610661071031162,0.0105212269862849,0.00789728548035129,0.0154475310277551,0.00961481281159089,0.10082516635521,5.70587974353317e-05,"E02006955"
0.942446188791291,0.00692055600242811,0.00308542452444969,0.0143519213326776,0.00508481928354355,0.00606833684830162,0.0106612644916472,0.00799246224108106,0.013742267155819,0.0096460818288976,0.100922166554869,5.51171144398324e-05,"E02006956"
1.54591068064367,0.0116781099594392,0.00452384977445541,0.0250935443007704,0.0092893146872331,0.0100560212094248,0.0164877909983001,0.0124486821467232,0.025276717381907,0.0157733373432901,0.164852359987533,0.11504579494883,"E02006968"
1.52656402630904,0.0118469457517063,0.0044407107692764,0.0255067714249336,0.00921312912898175,0.0101797204126745,0.0164365792758718,0.0127442529856023,0.0269003110477824,0.0159388521200033,0.162477020675803,0.115979028117092,"E02006969"
1.14361299479471,0.00995503277953599,0.00388962611327621,0.0221875990984057,0.00766937892904143,0.00802301954678878,0.0138384047103658,0.0130090073462561,0.0291244673453592,0.0144650772359314,0.119940548868952,0.0806177274745619,"E02006970"
1.13555787835514,0.00992378650568238,0.00389501512795338,0.0221938397686202,0.00763356368095159,0.00799628377395525,0.0136919126261803,0.0131667785228299,0.0288138843266449,0.0144425996576186,0.119023208339312,0.0798056515523785,"E02006971"
1.67547605053697,0.0144212372188445,0.00526769530718148,0.0288680449691885,0.0106222547835876,0.0131453083466432,0.0180032825347657,0.0161527209971235,0.0280770050748417,0.0184715117350519,0.176686763523301,0.156732482836045,"E02006972"
1.61565712735262,0.0144092021926984,0.00512850203261697,0.0287379952694671,0.0102321104572712,0.0127014722999505,0.0172629005786028,0.0167279655417595,0.0309213016862806,0.0183922598640787,0.169998094178359,0.151202120910445,"E02006973"
1.71571679331593,0.0100320784304409,0.00904556444157295,0.0614891882429521,0.00758416950239551,0.00756029626168083,0.0175043428540856,0.0215023480376141,0.0461924505051371,0.0135580445757498,0.181037631640666,0.000728961622335613,"E02006987"
1.70462697817446,0.0100213112011499,0.00917233021307473,0.0643717649164752,0.00762984637815398,0.0075792745035841,0.0177211259901367,0.0216570637381217,0.046110230668572,0.0138275045169533,0.179109803969841,0.000734706429638261,"E02006988"
1.17377822874618,0.00713861964837197,0.00290588866292819,0.0380872498575839,0.00433256563671291,0.00536879214665013,0.0157833047072452,0.01667625075748,0.0227534776357224,0.00915618284359862,0.12492314105187,7.72199887080386e-05,"E02006991"
1.57201727403309,0.0106570129165201,0.00462033919833358,0.0416579635142976,0.0057275792597939,0.00843057615591209,0.0191494238872672,0.0223412266221845,0.0248078289635703,0.0106803855394686,0.168272927295714,0.0915549549629674,"E02006992"
1.59086257127089,0.0106039774662707,0.00466630200725439,0.0458402384027143,0.00594833374982891,0.00831207890933074,0.0195999998100651,0.0216657859787378,0.0251935681053606,0.0110089952044536,0.169858974524121,0.0948811999217547,"E02006993"
1.21410454843108,0.00729899717352951,0.0030092936290901,0.0353718759409925,0.00422822400954195,0.00537502437633786,0.0158553546666885,0.016650304287475,0.0222026767934857,0.00880191893150102,0.130134115103181,7.397385370116e-05,"E02006994"
0.868234127264653,0.00544700432285889,0.00255860006256076,0.0214233267856289,0.00324984028613165,0.00484468889992112,0.0119674699201501,0.0170250566055037,0.020372021711571,0.00786723399599716,0.0928262414973093,4.55719994125141e-05,"E02006995"
0.863824076369384,0.00528320637762499,0.0024600359437778,0.0211987358886836,0.00325122427955078,0.00484297544578556,0.0121763695478572,0.0165336382652161,0.020602787959885,0.00773682673390335,0.0924194474210295,4.87937415227932e-05,"E02006996"
0.842722224857204,0.00579778025070682,0.00261330865170664,0.0228569474098597,0.00330145481886218,0.00493452316814965,0.0124515294250914,0.0174197039161568,0.0192603362619254,0.00789659236430933,0.0893940766717819,4.72151977075365e-05,"E02006997"
1.12466220103894,0.00674411555266077,0.0027838285026804,0.0353365038676952,0.00411035551138714,0.0051577758755417,0.0154582534822295,0.0160029570815519,0.0217422320875873,0.00855382815312081,0.119956764253156,7.30078629226058e-05,"E02006998"
1.11043261418295,0.00701831567282259,0.00284217322139944,0.0300158280469692,0.00380743577402408,0.0051595223049772,0.0149638397571847,0.0161741706417343,0.0209892310155031,0.00814575774519123,0.119127078773857,6.49434166569865e-05,"E02006999"
1.78319352754537,0.0118927182481758,0.00636109968634942,0.0409770394208829,0.00790107091514176,0.0110413143145696,0.0203772745461726,0.0258613644463104,0.0291982940962684,0.0111692551724451,0.190833937784551,0.11068809947767,"E02007008"
1.86267785426894,0.0119329437713576,0.00654251518394754,0.040641071875952,0.00856489246839115,0.010924550304167,0.020652160414316,0.0259214205891184,0.0322783029230295,0.0116809495785116,0.199846528256416,0.113958241191116,"E02007009"
1.06540384499591,0.00691869236855058,0.00265820161514808,0.0302723053098992,0.00455915154713834,0.00560262295547092,0.0144658496745911,0.0163656652263184,0.0289446229478207,0.00991973102170417,0.113416345675399,0.0359830736287459,"E02007017"
1.01650653193287,0.00649705583309646,0.00245158261344487,0.0309256093178344,0.00420405567356027,0.00507802236816274,0.0138091179853502,0.0157020918090045,0.0270278968776613,0.0090060731029457,0.108075650657292,0.000123806157269217,"E02007018"
0.970239280607737,0.00625405001157983,0.00233667766123879,0.0304180755061985,0.00394924583731504,0.00489530625823035,0.0138634980919643,0.0155814248800807,0.0250789907335163,0.0081623007230265,0.102979962434997,9.81478981096282e-05,"E02007019"
0.965744542720042,0.00621568152148804,0.00234405924331435,0.0307997727304325,0.003932172097358,0.00487821612445494,0.0136964059564203,0.0154510841269289,0.0246609613678505,0.00805861342652044,0.102435883334192,9.26586877648409e-05,"E02007020"
1.7858510926172,0.0166380009598421,0.0110996283774968,0.0299591637675024,0.0110788107413101,0.0112429502319063,0.019569057095014,0.0312756558933119,0.0216934209251773,0.0166779639397881,0.186390347347154,0.139685069408743,"E02007083"
1.84925691786291,0.0180316693081335,0.0134077956680917,0.0329805398444465,0.0112046850026666,0.0119890333014107,0.0199495046789231,0.0311769367346848,0.0230871544279946,0.0173881917260328,0.191979308045541,0.148479268710804,"E02007084"
1.27343994831978,0.00955835411211505,0.00568709756612176,0.030717868946509,0.00614952380381866,0.00790326929329779,0.0168244419618607,0.0257286521407541,0.0260438614626959,0.0112435503922127,0.134475244550407,0.0666916329551153,"E02007108"
1.2700251193744,0.00951527091400263,0.00560441549780486,0.0296512357185033,0.00615278402167716,0.00778073043484924,0.0168358954194763,0.025877190423734,0.0253251373798221,0.0110857241462679,0.134234344599239,0.0662286573792666,"E02007109"
1.2294418044797,0.00925790567348742,0.00527481875538698,0.0238927557354817,0.00643041062107031,0.00730239262989606,0.015739674857625,0.0262162218865622,0.0211413913993092,0.0105247391490742,0.130181530252065,0.0618405727466842,"E02007110"
1.28258015330646,0.00969960466503772,0.00544894808134721,0.0262619229649322,0.00651711244814462,0.00742570402191191,0.0160391762854074,0.0268186956763519,0.022460387934816,0.0104759127397608,0.135885172459493,0.0656121847540762,"E02007111"
1.41560148810509,0.0101025626080224,0.00434432386969832,0.0399124881026437,0.00531437299286631,0.00807292587109213,0.0185805145308224,0.0222005431050257,0.0241712561910637,0.0104210549264571,0.150598353182275,0.0780596731937285,"E02007112"
1.44070311724696,0.0102258088362272,0.00437404991470816,0.0377806685376631,0.00534343348136008,0.00816983086153318,0.0181957716482566,0.0228324686350186,0.0241975986734636,0.0103701781198395,0.153766566224351,0.0813262747342669,"E02007113"
1.57814843324538,0.0107416970815938,0.00467921577940348,0.0392992204310429,0.0056797678497522,0.00872238979662646,0.0188267718586876,0.0239703735659797,0.0250250693533099,0.0105178827737713,0.169170140027821,0.0900757212618902,"E02007114"
1.0787303509617,0.0087457737553515,0.00516585285602747,0.0180493491636816,0.0063688475513609,0.00689448581447596,0.0142755569575255,0.0207487925409737,0.014873324457167,0.0115844145992553,0.113536372792752,0.0487800744206075,"E02007115"
