"Intercept","IMD","Asian","Other","retailers___other","takeaway_sandwich_shop","pub_bar_nightclub","supermarkets_hypermarkets","hotel_bed_and_breakfast_guest_house","other_catering_premises","log_pop_density","alpha","MSOA21CD","MSOA21NM","x","y"
-3.4083093933927,0.0310262885819684,0.00541453858640674,0.0249905895023684,0.0075370226331722,0.00171825770786808,0.0122829128705217,-0.0236455777791129,0.0263062323267754,-0.0210283015162812,-0.0705038690769248,0.16300420929765,"E02000001","City of London 001",532485.482159412,181271.782114895
-6.46561497216294,0.0107934275773697,0.0139264932593011,0.0352178966524636,0.00322849714045987,-0.00793990359109392,-0.0037520281940521,-0.0264476428615197,-0.0780276938400201,-0.00979416915004339,0.380261868640194,0.0214211875039179,"E02000002","Barking and Dagenham 001",548312.757365699,189881.428040392
-6.29972774556696,0.0105176499939981,0.0146719293387511,0.0224903446069858,0.00408587401531275,-0.0074181415613016,-0.00348807432548586,-0.0248346120871236,-0.0691012505985176,-0.0108407719371857,0.360342395244537,0.0307725084531559,"E02000003","Barking and Dagenham 002",548454.861131233,188400.031730149
-6.0491357569627,0.0113070794134621,0.0171384421447224,-0.00775008735311533,0.00451011811126784,-0.00605372890610317,-0.00361816880815681,-0.018036809536651,-0.0616145871403982,-0.0107237668134905,0.324058192607059,0.0540847009805964,"E02000004","Barking and Dagenham 003",551009.063352634,186311.121270225
-6.105258590459,0.0104082310121684,0.0155958781259219,0.00896273167527875,0.00491769368895476,-0.00670014362981822,-0.0037218249982909,-0.0227522997442671,-0.0604692760934969,-0.011531964575024,0.335529693796483,0.043007932682403,"E02000005","Barking and Dagenham 004",548667.16108568,186903.342288399
-6.06115988529151,0.010762312851555,0.0162026662355463,0.0034692996331445,0.00490918983855908,-0.00633748183345596,-0.00395051771614807,-0.0205952083802572,-0.0595887058225475,-0.0114566505376829,0.327138898424207,0.0507740464919431,"E02000007","Barking and Dagenham 006",549648.573008712,186561.042714971
-5.98241413801655,0.010166579249485,0.0160318804314521,-0.00043803502308796,0.00557721472936241,-0.0063160374108746,-0.00398255819069676,-0.0225100488128141,-0.0539260736141722,-0.0119042791184404,0.321851260725872,0.0481333166371933,"E02000008","Barking and Dagenham 007",548139.334746794,185911.229533402
-5.906951599186,0.00959392950370854,0.0154564530550406,0.0026959277172118,0.00611335226628397,-0.00637223382108535,-0.0044719941998297,-0.0248139976595617,-0.0506415222133257,-0.0128967168097181,0.316904993254888,0.0446764510792851,"E02000009","Barking and Dagenham 008",546965.824618885,185757.98630461
-5.91090002777663,0.01066161504872,0.0167978042657097,-0.00702365394340212,0.00570631386594034,-0.00573875140788165,-0.0047060048172663,-0.0199433427826872,-0.0514536770578677,-0.0118606880167928,0.308509769331396,0.0608899485745001,"E02000010","Barking and Dagenham 009",549065.285181043,185295.970622999
-5.89811394406484,0.011377763380439,0.0173758176301819,-0.00978407054552349,0.00533575231560564,-0.00538294193102755,-0.00515785545710292,-0.0175888069162016,-0.0535080568692258,-0.0117594721733945,0.30265433634747,0.0695101460407062,"E02000011","Barking and Dagenham 010",550510.098585464,185162.620415733
-5.67386872154326,0.00862326153426583,0.0149768515004108,0.00249474261129895,0.00781257594877727,-0.00547946264053616,-0.00620414100878803,-0.0260404859068941,-0.0399724019631915,-0.0150413691754002,0.290682568253997,0.0514791520174816,"E02000012","Barking and Dagenham 011",545635.991434474,184893.272213094
-5.79701845743818,0.00963349728798205,0.0162459288536603,-0.00860500621465433,0.00666560786797134,-0.00576649451715271,-0.00480572313677262,-0.0229635065655975,-0.0444917739767399,-0.0128181250767432,0.301497576295236,0.0562226026792883,"E02000013","Barking and Dagenham 012",547276.79004358,184855.720505038
-5.80572457550107,0.010645791734515,0.0170851913578259,-0.0113921757225566,0.0063140616066626,-0.00523303920373862,-0.0056149762987718,-0.0195228497244593,-0.045707841149734,-0.0122892154571101,0.294201234131678,0.071143918445964,"E02000014","Barking and Dagenham 013",548785.518842575,184554.79661471
-5.78383095367904,0.0114511827371036,0.0176913268393435,-0.0141907625371398,0.00599513010554951,-0.0047435262917529,-0.00632335405811611,-0.0171843779459066,-0.0468373077492649,-0.0122489546503071,0.286477977375006,0.0830550170906193,"E02000015","Barking and Dagenham 014",550075.829439684,184230.971845327
-5.33709637614288,0.00760070453232681,0.0137881388632079,0.0204314241970854,0.010775252007199,-0.00271949564132745,-0.0108721815001326,-0.0267141676352266,-0.0289461962179749,-0.0182388581804015,0.239597708195507,0.0653057272148276,"E02000016","Barking and Dagenham 015",544029.12812224,184317.709782175
-5.51560648448001,0.00805006195997107,0.0144771803938217,0.0078250730407082,0.00929535498981586,-0.00430102650583594,-0.00809053985792168,-0.0262526352147054,-0.0331635036540466,-0.0166337102310208,0.267997578226851,0.0586852446646565,"E02000017","Barking and Dagenham 016",544838.696322134,184459.569538096
-5.64948908300523,0.0091701681818314,0.0160434687396938,-0.00791745627328344,0.00776799826122954,-0.00514744526111202,-0.00589447819323322,-0.023641466863469,-0.0372176340333439,-0.0139815284562222,0.282811510883331,0.0643985664817728,"E02000018","Barking and Dagenham 017",546553.200750159,184299.136225403
-5.61595241946319,0.0105103670064435,0.0175039073167743,-0.0197677221428586,0.00755436560548976,-0.00419646498253332,-0.00778106792389771,-0.019278240518675,-0.0340128454613769,-0.0129072324126342,0.268940747834539,0.0940479485750905,"E02000019","Barking and Dagenham 018",548166.974134814,183259.43802596
-5.44068915654151,0.00921297375392811,0.0165669094351364,-0.0143937845230391,0.0102136512416009,-0.00299420092702699,-0.00840710922657086,-0.0224806397195441,-0.0202714983858979,-0.014606721910185,0.244894798347891,0.0980134806497715,"E02000020","Barking and Dagenham 019",546100.176911004,182743.676315861
-5.61045790111807,0.0116262572131128,0.0181556668733072,-0.0216894533584669,0.00699288337449729,-0.0035741415585985,-0.00875430699204341,-0.0168560292794179,-0.0357187028918491,-0.0127663214672796,0.261956370917008,0.111362865272604,"E02000021","Barking and Dagenham 020",549508.872913767,182827.304374099
-5.35874859580814,0.00769590675551774,0.0146677725372931,0.00791243572151696,0.0115259471387122,-0.00211538087181515,-0.00924213997959968,-0.025554135874621,-0.021529165155004,-0.0170943424868976,0.23626764937038,0.0763459465959162,"E02000022","Barking and Dagenham 021",544383.616418689,183516.977756292
-5.50842500086559,0.00946246437549024,0.0167337514423178,-0.0148462689953797,0.0091193846944965,-0.00376487407923387,-0.00791067236549821,-0.0218892205545775,-0.0262198534307133,-0.0141376175709728,0.256624385226319,0.0915340767581883,"E02000023","Barking and Dagenham 022",546653.096514847,183107.949224584
-4.85420909518788,-0.0103671612138936,-0.000852160979435236,0.074770345955528,0.0150399719253346,0.00198923391644445,-0.0140974319542021,0.00282771178444863,-0.0135753775782344,-0.0056369632699697,0.152307466724983,0.0530128120105404,"E02000024","Barnet 001",524413.977712282,197000.436580728
-4.54929755711513,-0.0126652214368433,-0.00124641847777221,0.0817081075217829,0.0153592508983335,0.00564819867528446,-0.0120269704394293,0.00444147111577344,-0.0140199892645423,-0.0078200446304824,0.110345209508728,0.0630087060452267,"E02000025","Barnet 002",525971.331840814,196718.51263964
-4.1239882349581,-0.0113447955820627,0.00592891047393018,0.0743887606939605,0.0152323562192608,0.00924556394522302,-0.0111769842516782,0.00246208857654155,-0.0166183685671989,-0.0110096110390611,0.0550672049193711,0.0840618427764088,"E02000026","Barnet 003",527682.865006507,195951.661985406
-4.97298367887185,-0.0100044669419255,0.000805282650599343,0.0691188836919209,0.0141435190376751,0.00086676462233643,-0.0153333293549479,-0.000311144369463346,-0.00740912527617973,-0.00636600067506637,0.173366232917552,0.0648913396377924,"E02000027","Barnet 004",524409.58922393,195592.623361259
-4.55843775046297,-0.0126187931278994,0.00052300614801246,0.0785129560690806,0.01465710430209,0.00514472420141345,-0.0124221383448552,0.00146496650984635,-0.00915513407369099,-0.00882980398592575,0.11577226992747,0.0740091822576525,"E02000028","Barnet 005",526170.600804112,195510.353812209
-4.24090440605322,-0.0117171354492901,0.00457204250806973,0.074547843553744,0.014711661922266,0.00774098168882816,-0.0117246649084759,0.000375903378741596,-0.0112342321340582,-0.0109003088744016,0.0746046096494443,0.086829427833822,"E02000029","Barnet 006",527246.244546428,195339.879317234
-5.29073883828614,-0.00408706043325933,0.0038631623762772,0.052710497238209,0.0127512589800831,-0.00271615012950911,-0.0193801816283187,-0.0046518439288893,-0.00434754130786247,-0.00637307337710764,0.219790261052168,0.06633176804436,"E02000030","Barnet 007",522736.368379066,194775.787742494
-4.55431648525883,-0.011841550835541,0.00402665872737878,0.0716667052944603,0.0134090455688928,0.00465254327798945,-0.0126663744943582,-0.00321362331246313,-0.00312776716960202,-0.0104006535031714,0.121549620477263,0.0886659046664934,"E02000031","Barnet 008",526484.698894305,194241.685430412
-3.88128502627752,-0.00723118501576532,0.0221609364671628,0.0543365713695944,0.0151032578457003,0.0100936824982842,-0.00925284169327724,-0.00325330946105524,-0.0120150000728981,-0.0134533504432886,0.0163291627122439,0.107776251734054,"E02000032","Barnet 009",528839.404421925,194154.61157734
-4.06870989154764,-0.00857499972731473,0.0178929456217158,0.0571901493094119,0.0143227043567577,0.00828051715258902,-0.0101218531169325,-0.00524888977755402,-0.00478712875113528,-0.0130792697687822,0.0476589665069565,0.111136210692095,"E02000033","Barnet 010",528235.725276371,193569.210417472
-4.49522942338422,-0.010187136739023,0.0106052642399858,0.061361497351138,0.0122735930252169,0.00473753350410315,-0.0119317904931969,-0.00844331831461225,0.00241430957385613,-0.0120818803431327,0.116460653823966,0.102970165902294,"E02000034","Barnet 011",527072.168712592,193128.373234449
-4.86564106677074,-0.0102134982155351,0.00607439915748074,0.0608375339424641,0.0110934131522031,0.00136667110588039,-0.0146003639443184,-0.00844610697517488,0.00443427356833972,-0.0109912651708962,0.173894837735308,0.0926231073430678,"E02000035","Barnet 012",525825.887176229,193028.311679961
-5.55457952817841,0.00588057742413344,0.0081001914687044,0.0442234306710806,0.0116354288857157,-0.00524991600723504,-0.0212089755309287,-0.011561890992635,-0.00626916372798354,-0.00806282553190089,0.238542482740115,0.0707931314583317,"E02000036","Barnet 013",520325.557782937,193009.57171678
-5.60384459632193,0.00733521716127289,0.0084516683043691,0.0449520939606685,0.00995015563192684,-0.00467398406094491,-0.0174883811911454,-0.0140504729249505,-0.0137144104665853,-0.0103391048610194,0.246453136521802,0.0665206285133564,"E02000037","Barnet 014",518863.642734652,193601.778004069
-4.35113352580229,-0.00771623670906716,0.020055078854313,0.0487651781060014,0.0123608911827047,0.00556935424092732,-0.00992554356878188,-0.0118683216325158,0.00613182958253502,-0.0136889898188206,0.0921729455209448,0.115669971496564,"E02000038","Barnet 015",527828.26502017,192350.458064229
-5.40603058809658,0.00486736953926652,0.00738775291896711,0.0389565583291201,0.0123928487812996,-0.00577504174972987,-0.0226938437897688,-0.0102454725756343,0.00334100773137926,-0.00744502165244268,0.227602251070856,0.0788541536527892,"E02000039","Barnet 016",521812.869360113,192190.579552239
-5.24507380608591,-0.00169307142938033,0.00603737438795462,0.0423728491835265,0.0112891883290681,-0.00398548461282939,-0.0212332679942454,-0.00897717978289951,0.006797428007824,-0.00883273518950627,0.224100565064884,0.084403207968361,"E02000040","Barnet 017",523481.414245704,192439.313401176
-5.63437773205011,0.00765037387313837,0.00916900191454619,0.04288866918251,0.0111015551155087,-0.00576449091416153,-0.0163194872228635,-0.0128503466207727,-0.00591947561616617,-0.00798218737277208,0.24233154787748,0.0807213336657382,"E02000041","Barnet 018",519703.352287109,191930.210757931
-4.8053737938083,-0.0077240549621731,0.0118095424817483,0.0485510097218413,0.00909742112609625,0.000718093835708457,-0.0144891231675078,-0.0145404051034786,0.0103954765908358,-0.0137116615727563,0.174802308649903,0.0997980844992985,"E02000042","Barnet 019",526260.400807393,191902.020199829
-5.02195741714664,-0.00683930574190667,0.00753012762494706,0.0486042330673885,0.00959909185893948,-0.00131480063192676,-0.0175810955382092,-0.011712215422357,0.00912455185834719,-0.0123348108294325,0.204905662793963,0.0929417161581393,"E02000043","Barnet 020",525158.883689486,192117.714663445
-5.45899992249212,0.00727265880144011,0.00858557028423897,0.0387503372187094,0.0124722222604599,-0.00636482266391411,-0.0203366168476404,-0.0112637012914842,0.00223182538208168,-0.0071958702599799,0.224893888456591,0.0818959865646822,"E02000044","Barnet 021",521003.509091245,191593.882926682
-4.47979162376138,-0.00558775014852279,0.0263847553700905,0.0363638046891717,0.0110994667004443,0.00419746502060092,-0.00858825286365895,-0.016484731637775,0.0119227923069823,-0.0153445596579248,0.110279522372704,0.115640473829972,"E02000045","Barnet 022",527904.938631386,191323.654652871
-4.75581022598236,-0.00231709016070859,0.0124531353944193,0.0332351402086617,0.00795537890374056,-0.002018684212069,-0.0187899938046112,-0.0182592911813821,0.0136676533582029,-0.0163895869026192,0.183521846149775,0.0959956400205125,"E02000046","Barnet 023",525551.480983437,190761.923176171
-5.4873755348072,0.00849255018477279,0.00960768813160668,0.0387726649398334,0.0119689239452952,-0.00673994831019193,-0.0150235351523956,-0.012255479711208,0.00174067059295922,-0.00690934655865214,0.222297638382797,0.0927854562028305,"E02000047","Barnet 024",520442.970104498,190745.35230105
-4.92041754385047,0.00457205783696209,0.00778098939742862,0.027830007807401,0.011111376461052,-0.0051159507603447,-0.0231524784361487,-0.0133862460426504,0.0117786117879519,-0.0111377911146873,0.19099409752987,0.093756046597308,"E02000048","Barnet 025",523469.444271885,190795.178183684
-5.22069584040014,0.00816561025575227,0.00875422766828159,0.0328973618258583,0.012692748158351,-0.0065155949565918,-0.0197518008408368,-0.0119733224771923,0.00734086141159743,-0.00772937884307928,0.200984928807247,0.0923093908329533,"E02000049","Barnet 026",521559.147771176,190714.70899262
-4.69679090622987,-0.0038727459028267,0.0200688183541336,0.0311141007698655,0.0080320639210955,0.000469654697902682,-0.0138992231234484,-0.0208025639377825,0.0146502492791434,-0.0170696503765479,0.16488091340186,0.0986937137229935,"E02000050","Barnet 027",526728.30897367,190620.247470334
-4.52397224895375,0.00428836985536408,0.0109709763451427,0.0209105381203696,0.00902932725510716,-0.00356014079524843,-0.0221676444727377,-0.019163994737504,0.0141760958097092,-0.0168600920421255,0.158796671927689,0.0960057698198257,"E02000051","Barnet 028",524820.375290552,189902.502247323
-4.60517060028681,-0.000813241812639734,0.0243312068279871,0.0198357090854673,0.00846589245209985,0.000974369411797525,-0.0127770905284655,-0.0230270098831929,0.0144559432530365,-0.0201240030923392,0.151454427592869,0.0919219741683971,"E02000052","Barnet 029",526943.881091317,189657.293280387
-4.7606010454096,0.00931472984465581,0.00871683486644589,0.0229324433518013,0.0125484286044953,-0.0062848379669131,-0.0219482595332504,-0.0143221496622603,0.0119928087603871,-0.0104406214206549,0.161563681445109,0.100194346637761,"E02000054","Barnet 031",522609.186443502,189699.480899839
-4.49792587199342,0.01030050700675,0.00909474415894557,0.0173354077119953,0.0120705980029593,-0.00611115079157718,-0.0235808454737465,-0.0167258257709315,0.013259784257127,-0.0127489284086147,0.140283039807271,0.10073923323463,"E02000055","Barnet 032",523148.557856074,189160.09362057
-4.44785625804194,0.004887791765403,0.0212225570052096,0.0108604774801264,0.00949644384252821,0.000574627839268275,-0.0158528077264716,-0.0248601512560252,0.0127424197713822,-0.0237855979586876,0.136879618430304,0.079235563151351,"E02000056","Barnet 033",526352.925603114,188507.533295787
-4.28801675694288,0.0111065526498917,0.00995508822159173,0.0138298997056938,0.0117942587911514,-0.00477078180646769,-0.0234363175550144,-0.0194429984671449,0.0127797369505413,-0.0148698295230307,0.118650439299803,0.104479127792257,"E02000057","Barnet 034",523576.306159738,188624.63509666
-4.25869288036291,0.00850853598396513,0.0139731537317553,0.0105653844278829,0.00966994570883688,-0.00228266555298049,-0.0218545444111017,-0.0238566790827847,0.0136317765222722,-0.0204136869947692,0.125138490727399,0.0908540343376107,"E02000058","Barnet 035",525158.929452155,188671.391381101
-4.65059558379336,0.0106027917662846,0.0105353419047551,0.0257014129677878,0.0126540401623821,-0.00683036225343813,-0.00912720849749774,-0.0151122526562085,0.00816023719738423,-0.00709457254625034,0.13199450898855,0.128278301634233,"E02000059","Barnet 036",521790.814326057,188097.699722067
-4.14417939823542,0.0118328182767017,0.0114922552064037,0.00895979046136964,0.0111065717739252,-0.00337098454877801,-0.0242754861062746,-0.0230969254831711,0.0129671675119547,-0.0179748392946467,0.107695993514266,0.0984261616956289,"E02000060","Barnet 037",524289.396409165,188205.270895602
-4.07222358327412,0.0132415956603422,0.0155027914730896,0.0037451860973268,0.0118634019156168,0.000108222944787069,-0.0224362101500553,-0.0280005561044438,0.0109973218944863,-0.0222881152613188,0.0914624390762884,0.0843692655730015,"E02000061","Barnet 038",525174.143859394,187210.176297085
-3.97957943172038,0.0130187917158356,0.0115370003148069,0.0138080566439175,0.0132999156079445,-0.00326675113098707,-0.017824973312551,-0.0220942697141058,0.00828767965605885,-0.0145924080031346,0.0690504971649603,0.126764018343306,"E02000062","Barnet 039",523330.580942709,187125.628287436
-3.87864304624882,0.0145245060674566,0.0129700202581005,0.0078489190161001,0.0133237900916854,-0.00115782582232854,-0.0217429403791525,-0.0261440927703404,0.00866463297675312,-0.0180930915722551,0.0610418067469564,0.116819374666679,"E02000063","Barnet 040",524084.043501356,186769.688235706
-3.82244384064297,0.0158752851894421,0.0152555532607951,0.00447652715525229,0.0141691016102204,0.0018408478482865,-0.0224037682938237,-0.0296379083689129,0.00799697580858463,-0.0214718043634528,0.0478458849531032,0.112531038972922,"E02000064","Barnet 041",524712.169010478,186135.346856927
-5.39349772473994,0.0128877012623938,0.0187123045833316,-0.0233197263894358,0.0101569305693585,0.000634714867137438,-0.0125562083089182,-0.0175178411118673,-0.00984910583194635,-0.0130936981300521,0.209687542835583,0.191037447276548,"E02000065","Bexley 001",548360.50299195,180390.331120472
-5.42609395565089,0.0138632718547176,0.0192578618312726,-0.0158652763046506,0.0121689042703463,0.00405470806291003,-0.0115963129265682,-0.0171966440996698,0.00124054620410543,-0.0121882791540281,0.1858887229844,0.232607476281334,"E02000066","Bexley 002",548001.489334768,179327.599453778
-5.43461982234422,0.0142384496436854,0.0194685498864957,-0.0263324071110068,0.00935782509159576,0.00271381554445361,-0.0129684094553148,-0.0159870211733041,-0.00789455791577457,-0.012944432238602,0.205322113858516,0.230439747881879,"E02000067","Bexley 003",549468.952314907,179398.431665616
-5.50764690017567,0.0150318791795422,0.0199056113414957,-0.0300906423779477,0.0078136083794581,0.00367437761435993,-0.0129446134867034,-0.0148270861326185,-0.0112158961210013,-0.0132389483098467,0.214308019841437,0.244579424205598,"E02000068","Bexley 004",550748.24257366,178863.325481442
-5.57609846073919,0.0152376226191875,0.0202898560140667,-0.0237142450160926,0.00952233271363984,0.00639646767833182,-0.0115597260090838,-0.0151259487507056,-0.00198267657725007,-0.0121760647953158,0.201661975811236,0.269657347653754,"E02000069","Bexley 005",550078.231506385,178180.150088348
-5.56602283155531,0.0145609503507632,0.0204757949439946,-0.00654182679651224,0.0133887080275941,0.00888762236916959,-0.00911369899611052,-0.0159404302102632,0.00950378191501719,-0.0105267057597799,0.169939317132977,0.277959394555081,"E02000070","Bexley 006",548276.467759098,178001.147590577
-5.71285150049733,0.0154575125005119,0.021148399308689,-0.0159266753633027,0.0107836564396541,0.0102527585977615,-0.0090733787531389,-0.0149603630949688,0.00568151616523639,-0.0104952859230657,0.192270869201097,0.294582516424097,"E02000071","Bexley 007",549837.064536494,177250.672228525
-5.7779185510428,0.0167957486378642,0.0210550186351106,-0.0334578205474301,0.00579127047190731,0.00841541339172387,-0.0109127300334701,-0.0140860400472854,-0.00960578394233306,-0.012783922023253,0.230608243774046,0.280976404207126,"E02000072","Bexley 008",552736.511675655,176997.895024562
-5.66694979313536,0.0138532753740675,0.022160614211743,0.0111925577710443,0.0154714451251846,0.0144433047129362,-0.00536787182519191,-0.0155659580937609,0.0183480806398698,-0.00789674229879051,0.143399328177797,0.302313775267232,"E02000073","Bexley 009",547830.263279316,176924.955971095
-5.82124655761418,0.0162852584847434,0.0215028881538973,-0.024430019056562,0.008278259460689,0.0108265837630006,-0.00919213570313638,-0.0146283756318063,0.000723171656780925,-0.0109602397491095,0.213456297406859,0.296990777690602,"E02000074","Bexley 010",551324.881179298,176680.704250641
-5.75563161701601,0.0147812993089188,0.0222735161284305,-0.00126530522964246,0.0130047457981181,0.0141508562238748,-0.00615369003805237,-0.0150439440697216,0.0137944409960667,-0.00827753042016961,0.167122692835494,0.30911310029474,"E02000075","Bexley 011",549001.015081102,176628.158714529
-5.73645801879916,0.0127931501608591,0.0229867048854424,0.0290208467934206,0.0174658380889184,0.0175759420747496,-0.0030770845222646,-0.0163652845643134,0.024758125444501,-0.00707875842304144,0.125816876286177,0.299424577986662,"E02000077","Bexley 013",546964.633274792,176424.001376822
-5.86873391334342,0.0160371380630745,0.0222836774370269,-0.0168405963515917,0.00956908261792379,0.0134352192293857,-0.00739769987612316,-0.014726390574598,0.00698944020125083,-0.00937162257216945,0.200112535224944,0.31130204316907,"E02000078","Bexley 014",550652.211150874,176282.660388855
-5.91837543674141,0.0140772766270773,0.0244596559476942,0.0123416838297173,0.0137896466354996,0.0197378726013996,-0.00232960204556374,-0.01552578365812,0.0200864684569437,-0.00562836189884751,0.154220476832325,0.317051761405123,"E02000079","Bexley 015",548769.39549091,175474.362997799
-5.91343419264401,0.0117084485712481,0.024914190743196,0.0434736031414423,0.0180968968682359,0.0221635276181543,-0.000604086858700645,-0.0177190587833755,0.0307330214715033,-0.00599636602273828,0.120758776670462,0.298504463138986,"E02000080","Bexley 016",546346.925549511,175493.474481018
-6.0325630404656,0.0154002065543554,0.0241515338448117,-0.00345064430560229,0.010976872354358,0.0186349455519173,-0.00354408680875647,-0.0151495166181502,0.0145858245386102,-0.00638918747665426,0.186392919277414,0.31989006544665,"E02000081","Bexley 017",550145.98751542,175235.953536103
-6.0427992247428,0.0105805758647036,0.024843834510335,0.0575783397132893,0.0194786024013568,0.0229315434450582,-0.000662434885579779,-0.0195153947417351,0.0355701751091299,-0.00690723195098698,0.124301050707814,0.292674365788506,"E02000082","Bexley 018",545268.00945712,175362.859856223
-6.14855236642155,0.0167128217572755,0.0237731371734779,-0.0181227876306826,0.0080296909973623,0.0173895777678615,-0.00478410408949015,-0.015177162988149,0.00836141529913155,-0.00776728329020483,0.219773217258201,0.315875831541802,"E02000083","Bexley 019",551689.515490382,174881.428732592
-6.0221453552059,0.0130555301295942,0.0263239629740211,0.0257799056783428,0.0148035649060848,0.0235438192563989,0.000140819871537618,-0.0169859724243253,0.0256830831601221,-0.00442396695732797,0.142587987109015,0.308530472240087,"E02000084","Bexley 020",547931.334732379,174782.982413272
-6.15996264888965,0.012081116093017,0.0275930461830799,0.03685964396342,0.0156689272746624,0.0258747293495737,0.0013182300843079,-0.0194382808497504,0.0305026949908937,-0.00464466785113088,0.142915440556255,0.293505473055298,"E02000085","Bexley 021",546747.676365086,174274.144247238
-6.27942702656592,0.0115441575683579,0.0276699856020852,0.0442332700573595,0.0156646579888238,0.0262516627078758,0.00115934023061668,-0.0224929123477058,0.0323984753991344,-0.00622954924704287,0.153833183148383,0.279937217308232,"E02000086","Bexley 022",545878.129846993,173783.706519369
-6.31406478291491,0.0144907703142822,0.0279826991239155,0.00911943945710211,0.0111432717219288,0.0254592504008077,0.00114246884650839,-0.0174843526415882,0.0216072680127149,-0.00328609709864969,0.184136449466088,0.305606874085949,"E02000087","Bexley 023",549669.035864554,173548.417812207
-6.37080030387033,0.0130598654860367,0.0299203116531272,0.0231549776505194,0.01276737397537,0.0278720674837293,0.00245053703815484,-0.0208769277654183,0.0273727198096715,-0.0036206324132412,0.171295654529478,0.282708503933141,"E02000088","Bexley 024",547642.864469048,173205.916649521
-6.51413350600475,0.0117050336842348,0.0285633177948069,0.0409109263229851,0.012984742768456,0.0263008788508363,0.000110467882335499,-0.0271303687570224,0.030623400792748,-0.00890881699084425,0.191338710221993,0.25926670931554,"E02000089","Bexley 025",545084.242585149,172914.65436051
-6.60158218645323,0.0125762752088698,0.0304439541097172,0.0295491674531275,0.0112493956465957,0.0275282839143399,0.00166402369005047,-0.0269786817631485,0.0274566650036437,-0.00774149557197194,0.203470332763669,0.24844783731804,"E02000090","Bexley 026",545880.41630046,172225.772467763
-6.7064468911069,0.0132302802642949,0.0326149292945204,0.0177640349184529,0.00988154114578145,0.0287656713525166,0.00298944312492037,-0.0258434317091883,0.0252340570590032,-0.00616639324492896,0.216144965476483,0.244479731435224,"E02000091","Bexley 027",546866.936652437,171710.662483696
-6.76917216956201,0.0141572491011343,0.0340996007640041,0.00402735772422681,0.00894985048641311,0.0298281728022239,0.0040836457723241,-0.0227776554512602,0.0232469420705474,-0.00350234639229641,0.223699743434789,0.25484741696935,"E02000092","Bexley 028",548646.816585438,171467.279127572
-5.69445596638342,0.00874297101007893,0.010189398777334,0.0392229166653319,0.010212904518528,-0.00744805617448559,-0.00462862512243247,-0.013408234524432,-0.0028304013799901,-0.00528061786339417,0.245504810875726,0.114503057419509,"E02000093","Brent 001",519612.074402568,189690.941220268
-5.26332902221861,0.00952403755566106,0.0103952224004516,0.0342964922289895,0.0117119951456144,-0.00763479859010718,-0.00749518214630018,-0.013051581213806,0.0044644084988155,-0.00538811061248928,0.195178420839439,0.117277168917215,"E02000094","Brent 002",520666.03390685,189156.777321451
-5.65879106538075,0.00843596757438547,0.00985170176273681,0.0345511622916464,0.00840745502582731,-0.00657480325700027,0.0054412259051867,-0.0158308106597057,-0.00880830243880044,-0.00410460041048412,0.251132379146505,0.145205974819388,"E02000095","Brent 003",519253.528451823,188678.065128168
-5.82417677455519,0.010407345720896,0.00957748345004097,0.0285570335683169,0.00426151762377315,-0.0050723343699734,0.0151590782982481,-0.0228755366434918,-0.0310562554467413,-0.00607564224924321,0.290497799347806,0.154596070735078,"E02000096","Brent 004",517633.451297015,188209.923196932
-5.17139280097152,0.00879574043533899,0.0106588963905989,0.0320069659845228,0.0105669751735973,-0.0071671757877667,0.00472920647824963,-0.014357379190898,-0.000647714110279162,-0.00252069866083799,0.186484862802781,0.154312920927775,"E02000097","Brent 005",520392.362146708,187860.813900338
-5.50704046172716,0.00809919850814588,0.0098039284470064,0.0301355147261338,0.00728235536191149,-0.0055073485429186,0.0149631176376243,-0.0180383849738717,-0.0168455170283724,-0.0020692463127039,0.240133014209539,0.17433379053834,"E02000098","Brent 006",518980.044437893,187546.053840423
-5.60784939386252,0.00981609303528446,0.0100048518795839,0.025875786782163,0.00438491049052311,-0.00448549837480697,0.021949261632114,-0.0233122426044729,-0.0379205286994837,-0.00285198881960064,0.264391754995446,0.175243263388964,"E02000099","Brent 007",517818.866103195,186969.380795865
-5.6490532598256,0.0129297661784116,0.00989853173385,0.021657147886451,0.00210397832094253,-0.00384683663669547,0.0225242539391193,-0.0281647242560726,-0.0545683055609072,-0.00608824810379338,0.280533333105773,0.152503025916584,"E02000100","Brent 008",516664.173832605,187130.513880428
-4.97021259043788,0.00748762298730514,0.0105471468924215,0.0290468436421617,0.00935975253261459,-0.00528554762908186,0.0160621533053736,-0.0166303454780779,-0.0113452650153222,-0.000366873734346527,0.169723368171115,0.198832689451712,"E02000101","Brent 009",520022.325549303,186701.494315159
-4.58386971907986,0.00917727573987303,0.011590402183265,0.0281273148478848,0.0119050030474166,-0.00595080124929674,0.00673696345509011,-0.0161757225088347,-0.000827125694178257,-0.00294060446891292,0.116609254073623,0.180270415817779,"E02000102","Brent 010",521307.663626501,186729.578992039
-4.09654997234443,0.0111734513864987,0.0122575604254841,0.02209044558028,0.0137234289776607,-0.00413961074733758,-0.00439218900190673,-0.0195442462619561,0.00371251599830422,-0.00872382871341143,0.0648123809420858,0.163007357370475,"E02000103","Brent 011",522480.027967312,186448.664827282
-5.2547229082391,0.00819758949399394,0.0104590130778752,0.0257331472185701,0.00580811406262033,-0.00403982712921085,0.0242527248959586,-0.0216825223543819,-0.0331450465242537,-0.000455220903444609,0.217840216567055,0.203079255400178,"E02000104","Brent 012",518492.399066939,186232.288727269
-5.41331781737678,0.0113148817808291,0.0103387368389575,0.0200128455400234,0.00245070271770935,-0.0032567654096674,0.0274203502043338,-0.0276441408080178,-0.0670019069885864,-0.00228336167505353,0.253114994189531,0.172239478083405,"E02000105","Brent 013",517044.191836494,185874.806147752
-4.33775942412105,0.00811867699925945,0.0125482525325519,0.028904736062271,0.0122035660267665,-0.00432114061272101,0.0134368988683501,-0.0178261384274111,-0.00742910723191376,-0.0021849125925171,0.0844212243483971,0.224833747863949,"E02000106","Brent 014",521366.887827039,185741.559181146
-3.71610849264273,0.0135245374193537,0.0143290947368402,0.0171450364520359,0.0155760457931525,0.00100201073305489,-0.0111323639533086,-0.0258472372461494,0.00272459912122254,-0.0158682937557007,0.0158134954228069,0.178221922042832,"E02000107","Brent 015",523477.125499106,185579.517386727
-5.36248327888961,0.0136310155690489,0.0101867956038309,0.0160132576856285,0.000701843545784609,-0.00254378790118001,0.0279087845542073,-0.0312501922971836,-0.087748391379818,-0.00377390291101745,0.256760193316008,0.152781159762833,"E02000108","Brent 016",516207.010924509,185582.174850666
-3.8610990020426,0.0107461878190026,0.0142515951289913,0.0250423432978077,0.0151139414389,-0.000539707340467263,0.000452007007610415,-0.0226100559364853,-0.0020209457369589,-0.010220886922744,0.0235930904086795,0.217175065901013,"E02000110","Brent 018",522687.006854483,185289.05313072
-5.0637238622148,0.00842671629284458,0.0107873338398083,0.0198565710678737,0.003541673022961,-0.00287123146592725,0.02845107644413,-0.0260286521099176,-0.0668549380833816,0.000868865234499619,0.213323666150036,0.203514171349936,"E02000111","Brent 019",517632.47076264,184997.961329887
-4.64765064965602,0.00539886648278407,0.0113669329758001,0.0252709682819112,0.00692542798536377,-0.00276296144866875,0.0270760097903702,-0.0214010254356871,-0.0383001859975511,0.0022728227811655,0.148225193440759,0.251166675537108,"E02000112","Brent 020",518994.783283087,184864.566355042
-4.31893758622147,0.00534537047119099,0.0124745122551035,0.0301596670490287,0.0110737045097641,-0.00334110539036301,0.0220214379135125,-0.018019338426496,-0.0186220693820661,0.00111144475430939,0.0874743445313496,0.269525911772131,"E02000113","Brent 021",520618.728818805,184950.515017323
-3.67009325600852,0.0107751591147707,0.0158459184079057,0.026689539662566,0.0166434633378044,0.00259035680852614,0.000122174333656169,-0.0249835246310609,-0.00346345062695642,-0.0128882427571625,-0.00905745171804764,0.250633322239179,"E02000114","Brent 022",522920.639062718,184587.818244211
-3.46962758983791,0.015155288879669,0.0169052097392926,0.0155866556670457,0.0180933833279688,0.00618344081948693,-0.0151690782285298,-0.0301521455079857,0.00347900838629303,-0.0214260066206389,-0.0274341277580714,0.200802890549859,"E02000115","Brent 023",524052.767468708,184647.450664938
-3.7946132823058,0.00833538441131116,0.0156609969532704,0.0313152688671137,0.0156288759928451,0.00144520049856538,0.00890269548602318,-0.0229603245442163,-0.00957756967726052,-0.00841947574549144,0.00398740608160033,0.290043705111964,"E02000116","Brent 024",522309.349734133,184322.697421327
-4.02383812424043,0.00586324565863267,0.0145479439622292,0.0327194634037527,0.013509665644449,-0.000988580856197439,0.0174986819419314,-0.020276316518485,-0.0167406930467577,-0.00252650867174423,0.0394398703338005,0.305346574110438,"E02000117","Brent 025",521454.530524124,184324.837592462
-4.49921878625432,0.00391413813609271,0.0117558760439825,0.0237846532615248,0.00627920250212786,-0.00203822685581825,0.0274686255186772,-0.0228337574785909,-0.0517468557067355,0.00353772344126492,0.140438689635711,0.266218126560525,"E02000118","Brent 026",518748.782252756,184135.131003194
-4.08620997591552,0.00171380186202727,0.0135596116358679,0.0325946575529277,0.0103022975122304,1.4643928540929e-05,0.0242430530575364,-0.0208691002911424,-0.0378654954059171,0.00173831318521181,0.0678855791490175,0.346867126995073,"E02000119","Brent 027",520089.551705827,183435.587430891
-3.40002377517734,0.0177705943661097,0.0201917306437058,0.0105721292647923,0.0199824951059687,0.0116475667933072,-0.0223762755677311,-0.0337368944693438,0.0065485749657855,-0.0278715753708063,-0.0486516315387983,0.200057399526827,"E02000120","Brent 028",524908.352109521,183897.508377329
-4.58874694663217,0.00453583158900167,0.0115080380414858,0.0190053060789941,0.00386530109103891,-0.00177899827110864,0.0272121817660624,-0.0261474226906728,-0.0792993926589338,0.00382909168269672,0.168886195026747,0.243947103015257,"E02000121","Brent 029",517975.64033487,183751.433298277
-3.38351941408551,0.0123524030121955,0.0177624323691745,0.0255845485190336,0.0191841915970511,0.00783749564079077,-0.00670628008568608,-0.0288792314494343,-0.000886490333260969,-0.0197254343734733,-0.0543532085686603,0.267585931897912,"E02000122","Brent 030",523507.47113827,183925.688125202
-3.73850382887485,0.00499296724665955,0.0164150206783986,0.0368189318194761,0.0156042258723079,0.00324890684629629,0.015575310783687,-0.0228313707034862,-0.0194505922575473,-0.00623511305247821,-0.00650134710545779,0.365976729993752,"E02000123","Brent 031",521766.609938587,183392.01928723
-3.20549308297632,0.0145897241313251,0.0198879450834356,0.0224135363069874,0.0215084798920764,0.013401960860104,-0.0156088939793742,-0.032464342748067,0.0031506605551923,-0.0267472170659735,-0.0866945638118687,0.273220880405586,"E02000124","Brent 032",524171.15687388,183322.068074613
-3.35062511312757,0.00893125403671728,0.0184088854742684,0.0344860575335408,0.0192380718158193,0.0089190414446281,0.00240361022537656,-0.027534327564253,-0.00798682364769107,-0.0170827933014703,-0.0680733646170523,0.344512920507664,"E02000125","Brent 033",522933.3498757,183203.038330227
-3.43425327233497,0.017837383785977,0.0248622102964533,0.0118449970943708,0.022257270645511,0.0160877246316798,-0.0239143938388216,-0.0345458554874055,0.00708705947764487,-0.0302670933552467,-0.066620016553987,0.228872429918194,"E02000126","Brent 034",525170.550679935,183118.72709664
-6.99615052485949,0.0143449458069914,0.0239583573318076,0.0481571809775194,0.00551419278363252,0.0176310788287324,-0.00960479051981564,-0.0397263276261574,0.0146924993370492,-0.0216636496843193,0.301691314924481,0.188576986419174,"E02000127","Bromley 001",541918.989077798,172435.219911611
-6.81916972761992,0.0127804168689378,0.0301058739078889,0.0301679445062949,0.00628987632277731,0.0244934330379743,-0.00124425501109277,-0.0329188201107243,0.0185118499382178,-0.0138665797660669,0.257539709012344,0.203901271533674,"E02000128","Bromley 002",544232.737616002,171416.312334204
-8.71780941271188,0.035832825005809,0.0200036235674452,0.0436041643543431,0.00441502514622711,-0.00377186916327277,0.00418407937300924,-0.0332167898125558,-0.111758141089001,-0.00431429477770798,0.498125859532753,1e-06,"E02000130","Bromley 004",535926.811348401,170683.341987428
-9.70776345175937,0.0389433272756658,0.0191436301560667,0.0320683439097425,0.00481293472678902,-0.00233321792062616,0.00696354639255291,-0.0237961291132187,-0.123556999722836,-0.00192602345847654,0.59529380391707,1e-06,"E02000131","Bromley 005",534344.413104092,170694.371414725
-8.05107897815265,0.0324492248881775,0.0225132186822657,0.0531372012195086,0.00359813991659715,-0.00298049663549017,0.0041577140173673,-0.0350171309265882,-0.103488055790796,-0.00498017115041692,0.427006836985565,1e-06,"E02000132","Bromley 006",537163.94716518,170312.171461568
-7.12258775510605,0.0136899468212137,0.0315038584181647,0.0238361543293443,0.000886495980025164,0.020521139483303,-6.47247017325288e-05,-0.0337494297841656,-0.0179569946790865,-0.0157933835250097,0.320738414648592,0.142457368209118,"E02000133","Bromley 007",543264.027192414,169902.107927647
-7.0785205199739,0.0208049292918863,0.0294423760780233,0.0403179386416595,-2.85747624160783e-05,0.0100127853778616,0.000690333775187866,-0.0360434764856752,-0.0688321202202244,-0.0174649864312357,0.328043943943876,0.0862254407354197,"E02000134","Bromley 008",540465.844483532,170057.677257873
-8.92527900323486,0.0363329125968076,0.0214125170593824,0.0368557751371704,0.00449438682412103,-0.00276584031831685,0.00989109320229745,-0.0196833830473219,-0.124299619258685,0.00307345394346081,0.509804593202611,1e-06,"E02000135","Bromley 009",534848.22543327,169849.738923939
-7.08848475173676,0.0127232589840183,0.0341716125522967,0.0175101410942453,0.0037306358562941,0.0257785506270894,0.00304769883174464,-0.0299640896803381,0.00869626559543539,-0.0105602852711741,0.289639849054618,0.178733064218794,"E02000136","Bromley 010",545447.082248634,169710.332076654
-7.31455188648698,0.0249404728484268,0.0285134300982413,0.0552850219026216,0.00202412731345606,0.00356083145642979,0.00743087678229527,-0.0299900085659247,-0.0911089402980662,-0.00717966482996344,0.34108064728997,0.0399807579272439,"E02000137","Bromley 011",539003.787116077,169491.183068226
-7.63918143820058,0.027951171543626,0.0265979024090282,0.0560600888689769,0.00324556363221482,-0.000451432479822854,0.00970141657071682,-0.0264094892464013,-0.103807159658497,-0.00100960368464781,0.374480761446166,0.0124191819288214,"E02000138","Bromley 012",537937.340851143,169330.04039897
-8.20761827319906,0.0325693180850316,0.0235337757060027,0.0474485633972991,0.00403296355922513,-0.00332175599052885,0.00973779309028635,-0.0236579613775053,-0.117234384545482,0.00258438547557448,0.437297722799102,1e-06,"E02000139","Bromley 013",536196.567583227,169577.255391502
-7.11467928328988,0.0130122996771054,0.0357662652688385,0.0114804486187398,0.00491574142179946,0.0276227775673927,0.00489078690051649,-0.0274538944957691,0.0147812186951429,-0.00792383782048003,0.280898929209656,0.192267506630712,"E02000140","Bromley 014",546774.387125603,169414.493202171
-8.48861773635091,0.033813591906097,0.0229156990603463,0.0393341607948429,0.00464846319560947,-0.00251556399092432,0.0129943489567932,-0.015281007271587,-0.124307440698998,0.00699628066544079,0.460174867925173,1e-06,"E02000141","Bromley 015",535175.966836474,169137.335236064
-7.26609610488547,0.0175399358796217,0.0334769438325141,0.024662963130559,-0.000729460965277996,0.0136619667724783,0.00288488826553619,-0.0314854865684746,-0.0660579874927101,-0.0146944747430433,0.348260020388472,0.101440748723278,"E02000142","Bromley 016",541532.770523792,169279.561120143
-7.46977885171922,0.0199019645484598,0.0327758296255965,0.04134913901533,0.00114982758075896,0.00825971811633166,0.00966943782050214,-0.0244083620401094,-0.0861913116286966,-0.00596714728573346,0.359218285961366,0.0686756365929514,"E02000144","Bromley 018",540226.429242414,168605.662847477
-7.32629127819245,0.0134121080545634,0.0393444986397918,-0.00140888330008331,0.00433793309089866,0.0289646759770127,0.00737234154488621,-0.0243132908606703,0.0144470645787709,-0.00520130387493495,0.300002814448655,0.190461487695867,"E02000145","Bromley 019",548661.522090254,168148.108840929
-7.65743777874335,0.0164574767878916,0.034894557922339,0.0254411079071459,0.000394170688111438,0.0126827686419822,0.00894409431820157,-0.0228519175837537,-0.0776024011734676,-0.00642183794746671,0.383503487510492,0.0903133131089413,"E02000146","Bromley 020",541542.121967582,168082.054598415
-7.79124275229217,0.0219669606238411,0.0312659709040433,0.0470883892984441,0.00309518121423548,0.00376356717472464,0.0159714805047585,-0.0170781198066187,-0.100566608222312,0.00276545563449709,0.386859151311068,0.0346720599265423,"E02000147","Bromley 021",539016.619959825,168012.882374129
-7.66558826595633,0.0128394715731767,0.0345446798588818,0.0168699349827932,0.000273850233671534,0.018887389102266,0.00647637230498024,-0.0245562471581018,-0.0513412467704045,-0.00812113389254359,0.382100660659799,0.116984228748199,"E02000148","Bromley 022",543508.823547856,167951.221120927
-7.46375230655086,0.0119276408284048,0.0363244392493257,0.0118782764440458,0.00238069414228174,0.0256152006864601,0.0070265638710894,-0.0254286482593515,-0.00603993577554575,-0.00617986213262749,0.33381454383748,0.158671929579171,"E02000149","Bromley 023",546404.74588831,167821.744900437
-7.99213980636341,0.0249439356212121,0.0282442123663058,0.0436001322023907,0.00471085693691622,-0.000241521585235415,0.019691994814573,-0.00875227444591505,-0.114633877136638,0.0102690660135517,0.406048201249567,0.00709669330536226,"E02000150","Bromley 024",537255.340938619,167439.919440205
-7.73619579425002,0.0115514417619344,0.0339865298905861,0.0170447872354932,0.00134664651888211,0.0213564119065699,0.00810441090642757,-0.0225227638497613,-0.0382910417881019,-0.00512483350852788,0.380345498312057,0.129471712064475,"E02000151","Bromley 025",544765.210397764,167289.086084388
-8.03002827099358,0.013416064834613,0.035824768823202,0.0190583700959474,0.000807863976325733,0.0153111727545732,0.0113827899040157,-0.0175961670886664,-0.0733005795255245,-0.0018422154821461,0.421173517238017,0.0943808564311774,"E02000152","Bromley 026",542627.353063506,166983.045726353
-8.10016897209333,0.017751042090006,0.0338666157370525,0.0359931963251924,0.00283892974877857,0.00725162638508586,0.0179456852645745,-0.0120926577550238,-0.0947035538003609,0.00466557546536812,0.421928846531981,0.0519253962851815,"E02000153","Bromley 027",540116.385673224,166903.513685984
-7.79992988105957,0.010914313466687,0.0341784875373406,0.0167222387063119,0.00206513189516629,0.0229548501649316,0.00963938790666478,-0.0207475607658939,-0.0305279813347612,-0.00261956672839002,0.379635842482202,0.138035836344474,"E02000154","Bromley 028",545894.10502675,166567.519493291
-7.70013381455712,0.0111520320995117,0.0363565077429619,0.0118367455234786,0.00241924407494488,0.0254911779857569,0.00962073433854756,-0.0216243609859075,-0.0141910346911717,-0.0025724213630183,0.358854390932107,0.15252495420114,"E02000155","Bromley 029",547212.34478439,166495.729313257
-8.25839439993583,0.0201858152556139,0.0316214611124639,0.0306755371314561,0.00415462360202594,0.00253707636772224,0.0227236052551425,-0.00467688207011058,-0.107385646942635,0.0115784813839002,0.440356962432164,0.0221995970326936,"E02000156","Bromley 030",538386.12283154,166045.264281134
-8.17973523997797,0.0107454047012992,0.034849889517076,0.017190899663159,0.00153272373611579,0.0191564492639299,0.0120994803122214,-0.0152650307694751,-0.0589608226190097,0.000607928965533769,0.430960882418538,0.109694026166312,"E02000157","Bromley 031",544507.788359662,165828.918641204
-7.9325105313905,0.0101468904802455,0.0350786699268068,0.0153279721985193,0.00231257566023836,0.024486869193995,0.0114893189359585,-0.0182073699778895,-0.0264926640706955,0.000283205793906055,0.387962504003934,0.141537209078206,"E02000158","Bromley 032",547275.2348129,165451.044470382
-8.57914892728981,0.0125986089636195,0.0361124435236696,0.0207191319748792,0.00219759226505628,0.0123384285788509,0.0187716412417065,-0.00629107145160327,-0.083465285244544,0.008486443862794,0.476957512121658,0.0711170080841391,"E02000159","Bromley 033",542235.459977762,164792.987257028
-8.55617486507569,0.015845597395672,0.0345513654844788,0.0226871296722943,0.00323361880856309,0.00649685424815007,0.0227725735000062,-0.00346299767256668,-0.0977385964150181,0.0114070714925557,0.476452237302494,0.0422223366150757,"E02000160","Bromley 034",540101.025998087,164867.294219821
-8.25037894466843,0.00976127286194906,0.0346742559702767,0.0168783349899928,0.00190694677319406,0.0210095837185729,0.0131803571297709,-0.0136578990202412,-0.0510993157324639,0.00263861565766529,0.433256523980045,0.117521384375268,"E02000161","Bromley 035",545833.383985006,164818.709500996
-8.82495444121817,0.00949894844232513,0.036349382035552,0.0166822800070201,0.00175243551828376,0.0158513851016027,0.0184583626477208,-0.00337820047141043,-0.0738969804675616,0.0108826391375473,0.503708050194019,0.081773719381431,"E02000162","Bromley 036",544372.601604599,162660.211467549
-8.35687199247689,0.00893896965967324,0.0348912590023879,0.0166083947157412,0.00208847537057715,0.022465538517622,0.0146178940941368,-0.0113819803117358,-0.0456300751854402,0.00508848295979405,0.44002715671052,0.122505906576866,"E02000163","Bromley 037",547432.6355701,163305.261625689
-8.77903897761038,0.0138617407508989,0.0367498569743412,-0.000210551419529002,0.00195129624963771,0.0066818918813926,0.0258798120679379,0.00376832352408262,-0.0934268765821057,0.0165345696703049,0.51128936028611,0.0401938442795764,"E02000165","Bromley 039",540757.585685551,159154.235048642
-4.45186088732105,0.00566336274456293,0.0233572596708652,0.0137395483671575,0.0106164974624155,0.00614341188794128,-0.0057136979169889,-0.0187916204966811,0.00973652170221205,-0.0362886799771349,0.112970578208451,0.0620590713352324,"E02000166","Camden 001",527912.333197297,186727.602454997
-4.28362926549242,0.0111350561871109,0.021261217252571,0.00639500410417482,0.0123303120341375,0.00533578132941199,-0.0147000493663949,-0.0264098199009482,0.00851577843387954,-0.0305325483633539,0.0961824733697146,0.0620153466847764,"E02000167","Camden 002",526612.699861753,186335.357626523
-4.03242007162967,0.0114194657489437,0.015520402200208,0.0124278899299966,0.00915440181210435,0.00588480079557296,-0.00326281783419497,-0.0133384660819111,0.0128064789439649,-0.048051916197507,0.0690587617728323,0.0637725450994687,"E02000168","Camden 003",528884.687233155,185690.561419261
-3.99208492073257,0.0153559948593466,0.0187774566379988,0.00262440060797757,0.0141313954787108,0.00537943126843259,-0.0206577454968859,-0.0301437296378609,0.00826887747460755,-0.0271270601741663,0.0603614640059033,0.0836133855456857,"E02000169","Camden 004",525825.216795552,185771.173110195
-3.70281377487032,0.0167542047000539,0.0165169081993837,0.00535485029837175,0.0157686417948233,0.00438427148583466,-0.0218735467688165,-0.0311245128147685,0.00696799346059133,-0.0229694707331871,0.0213717478114379,0.13112202684959,"E02000170","Camden 005",524797.815730428,185450.685197707
-4.0301682191958,0.0135411587050926,0.0175765424819664,0.00985219035540016,0.0118298775547766,0.00739876898789771,-0.00912053083617546,-0.0210274102121288,0.00968877681152462,-0.0421664304217596,0.0603759626873978,0.0570998839684521,"E02000171","Camden 006",527754.083708761,185353.504755446
-3.84867068211165,0.0157648075645534,0.0135326402000962,0.0101749160182782,0.0101609780519605,0.00654695545273283,-0.00623144216378895,-0.0166407634606554,0.0122067256814962,-0.0486319168911701,0.0436501752730301,0.0606151171072555,"E02000172","Camden 007",528506.764222698,185068.585410893
-3.97922519155814,0.015343268194367,0.0207229664262841,0.00549642134109791,0.0143969912453567,0.00830587420088466,-0.0159228465483386,-0.0271322608478234,0.00774641040679282,-0.0339822404126756,0.045367015497935,0.0766218376031803,"E02000173","Camden 008",526758.078136333,185085.763236247
-3.79736801700021,0.0168452952668066,0.0113554775648069,0.00937545808985194,0.00785856025608648,0.00522033935723558,-0.00368186845665108,-0.0103371674346371,0.0139872514526671,-0.0517329756668792,0.0424158934426477,0.0671484113300575,"E02000174","Camden 009",529332.750403985,184941.023136964
-3.73210090639825,0.0176341964685079,0.0193660870449202,0.00326825466498413,0.0163732655841915,0.0077406633963828,-0.0224332591619201,-0.0320686873027394,0.00743673863991571,-0.0274146572976975,0.0149318714007708,0.121260247717319,"E02000175","Camden 010",525575.756463864,184916.537477495
-3.8800783728672,0.0164467487110654,0.01964299072486,0.00625559412756685,0.014502839707903,0.0089642625519752,-0.0144411122109823,-0.0258148909830243,0.00843466252098073,-0.0373467260894044,0.0307450656405917,0.0765277754160442,"E02000176","Camden 011",527089.827303906,184765.355685388
-3.68847405040498,0.0185926308303641,0.0134257164911133,0.00819946198971277,0.0120036808463342,0.00749992589470988,-0.00881324753634212,-0.0201383780936871,0.0117197492855643,-0.04772421661457,0.0179278113235034,0.0648601175661855,"E02000177","Camden 012",528137.359230555,184603.192893106
-3.54322716270755,0.0175881774082966,0.0183343992766812,0.00710989442638339,0.0178448169660607,0.00805298116438371,-0.0221763399744157,-0.0326726260999482,0.00669759250032524,-0.025607308824927,-0.0140558632682299,0.159912539389507,"E02000178","Camden 013",524926.29171923,184635.257842977
-3.73806800607047,0.018297211270856,0.0174586246279927,0.00620752598232703,0.0145610637575162,0.00913283197919896,-0.0134674742157693,-0.0249910385951416,0.00970410388156208,-0.0409270285364914,0.0136395476988792,0.0759031478207447,"E02000179","Camden 014",527373.405691406,184462.040065832
-3.66139773885782,0.0197829055747061,0.00943898896546454,0.0083845065959628,0.00706130695037796,0.00505352389652995,-0.00377964093480447,-0.00701511288357143,0.0146923804687731,-0.0510191311792349,0.0242477182840875,0.0710359766584614,"E02000180","Camden 015",529675.735514111,184479.328799922
-3.68482201627812,0.0184413831039882,0.021644141245144,0.00333911771001975,0.0177457239222534,0.0102614063905577,-0.0229686578064696,-0.0323357819203426,0.00747139713960308,-0.0295414465658172,-0.00354074999060811,0.134778194285712,"E02000181","Camden 016",525803.935804998,184326.47569693
-3.68325023741893,0.0191571790496191,0.0208746375349867,0.00459029628982739,0.0168377096936256,0.0109535516928549,-0.0172556189681822,-0.0279451315099082,0.00892267448226258,-0.0368738502894022,-0.00629826748789312,0.103921282586168,"E02000182","Camden 017",526923.598555143,184047.22579294
-3.46015637576306,0.0221646465771121,0.0118493880745581,0.0068350851351947,0.0132218294122469,0.0081301008184373,-0.00928991857637773,-0.0207098313192202,0.0127880150386117,-0.0488204918503726,-0.0157324246076207,0.0727172801129765,"E02000183","Camden 018",528206.199673593,183999.288314887
-3.43911874273447,0.0234275578774976,0.00812419126121274,0.00799204304486265,0.00897806217948643,0.00614999395596778,-0.0056177503458018,-0.0084999588875446,0.0149366340811833,-0.0499595837436697,-0.0103317825337709,0.0681755854215552,"E02000184","Camden 019",529355.931515167,183919.406282626
-3.62424978472089,0.0189180584240467,0.0238676001009277,0.00438218993666919,0.019483020618116,0.0126609383424528,-0.0240354714781839,-0.0330471017522108,0.0075284775182001,-0.0305007766783788,-0.0245100316681487,0.160061526667927,"E02000185","Camden 020",525770.011432866,183785.310718481
-3.16610289863289,0.0267452104604036,0.00892788971686521,0.0074126335257775,0.0133513341500906,0.00827510183901462,-0.00653016168865863,-0.0163405711876174,0.0152074914637672,-0.0488741498024338,-0.0602082367543265,0.0846448670474517,"E02000186","Camden 021",528792.591932123,183203.540572738
-3.29535087307527,0.0262093809626746,0.00697806955375527,0.00928933506756644,0.00793942769973464,0.0062326342981442,-0.00401030510851062,-0.0042515659774117,0.0160490610384239,-0.0449738800997468,-0.0364564390005837,0.0846422201166785,"E02000187","Camden 022",529889.881137334,183330.725849517
-3.04912093053346,0.0291534034033154,0.00761774723759393,0.00865721028065494,0.0127248460572666,0.00825352448854925,-0.00440144500555109,-0.013728592945031,0.0164145115244602,-0.0457024031497336,-0.0812313380650173,0.095819291723251,"E02000188","Camden 023",529192.258098834,182753.274022548
-2.9254807268756,0.0324811443646116,0.00663053746552564,0.0114162841809427,0.0126515617399172,0.00886329086537011,-0.000718343649104662,-0.0164196021561237,0.0180733139211017,-0.0387778944029594,-0.111604483432273,0.121948062022238,"E02000191","Camden 026",529550.210569088,182038.350235421
-3.08997383496049,0.0326178410528672,0.0047430433602189,0.0141857164514261,0.00695906468469366,0.0048383609426581,0.0018438315801437,-0.00682495590865696,0.0205371488906647,-0.0315135849442812,-0.086082080986526,0.122480592530943,"E02000192","Camden 027",531012.330625154,181974.845833191
-2.93445652251021,0.0346433287894506,0.00516977473670911,0.0150111898521113,0.0102833075857267,0.00724795707980516,0.00322170202318883,-0.0156698995328738,0.0204651734193411,-0.0309907984830381,-0.118397600653759,0.134243866866397,"E02000193","Camden 028",530366.851557278,181625.606314881
-10.221059380085,0.0399505138690761,0.0194199578344151,0.0253317788375985,0.00501655936901966,0.000167338251198028,0.0104294496515231,-0.0134216969748288,-0.129375577656906,0.00197737509686803,0.638535821610388,1e-06,"E02000194","Croydon 001",533140.742479936,170249.5036657
-11.0206118450177,0.0406383326538305,0.0188851971870228,0.0201294916738644,0.0050155772114677,0.00340605099278819,0.0105682554261803,-0.00703029416720588,-0.131899243657991,0.00225491454816532,0.717222119117873,1e-06,"E02000195","Croydon 002",531870.270536183,170263.303604801
-10.7137285211728,0.039499542245954,0.0197146874422846,0.0175696783037369,0.00538755292820876,0.0054717679036149,0.0128248016780685,-0.00259052224960774,-0.138032118617965,0.00600503491406529,0.678029504264547,1e-06,"E02000196","Croydon 003",531168.21901145,169566.30388784
-10.4771293219272,0.0382832621540592,0.0202257289008008,0.0142029622785119,0.00548712022619112,0.00735935293710627,0.0135158314136477,0.000807887306883567,-0.141462045483955,0.00813023980711416,0.650187047618595,1e-06,"E02000197","Croydon 004",530505.482521278,169151.917782399
-9.87229007832307,0.0387747971770437,0.0207733121155325,0.0229936975880526,0.005142898795989,0.00219023785353591,0.0140727507883936,-0.00427102683612817,-0.138334116653256,0.00870342473867452,0.591719008805354,1e-06,"E02000198","Croydon 005",532346.023236662,169161.52779368
-9.38418029189852,0.0376566504021561,0.0213944111413066,0.0239662387422605,0.00514727859517669,0.00118486547766877,0.0148325680290467,-0.00457966615261984,-0.135992845447527,0.0103798374183961,0.541623475267072,1e-06,"E02000199","Croydon 006",532878.712401842,168850.700157046
-9.044796335021,0.0363608614524062,0.0218407403558533,0.028309156790614,0.00515736706731555,-0.000224024241473417,0.0148448363891291,-0.00774962269060043,-0.131288481422716,0.00972338835326989,0.509574168980016,1e-06,"E02000200","Croydon 007",533689.829085359,168871.663330375
-8.56688780606867,0.0339514917507209,0.0228225302797054,0.0323109780825792,0.00517701000505436,-0.000937555679017807,0.0159844474064886,-0.00827603767501348,-0.127530080500783,0.0107740469172835,0.461187525132814,1e-06,"E02000201","Croydon 008",534378.817954607,168516.031145851
-9.39855178863679,0.0370713473547082,0.0213869272102728,0.0157171459604392,0.00568978694923643,0.00473502099851092,0.0166252223080697,-0.000219310322496259,-0.139113188041235,0.0122369588824772,0.536157779770146,1e-06,"E02000202","Croydon 009",531523.277190055,168372.515084619
-8.99383682726421,0.0361625027142997,0.0220404078670305,0.0186593262173627,0.00551723197317322,0.00268161054552028,0.017138663846709,-0.00108175801234314,-0.135865747401282,0.0132964048320251,0.496727903036319,1e-06,"E02000203","Croydon 010",532432.170902174,168140.914274213
-9.01440944742676,0.0356972343363066,0.0220708757667969,0.0102879036095503,0.00576414104281042,0.00629797527655662,0.0174154459951267,0.0022609400894957,-0.138993761159745,0.0143286401273056,0.493916835840179,1e-06,"E02000204","Croydon 011",530963.459350888,167850.97922738
-8.44012779938929,0.0335975787911291,0.0232380753948925,0.0192278940181254,0.00560947131186131,0.00206888444493492,0.0189049272682927,-0.000397479879721734,-0.13074846183703,0.0150555638451662,0.439951490405659,1e-06,"E02000206","Croydon 013",533048.711322964,167487.777375489
-8.06524599845226,0.0304360469751956,0.0247050376498089,0.0269346114660553,0.00536381311261094,-0.000156354057169183,0.0195552441074877,-0.00264082827809755,-0.124441622571158,0.0148913598220836,0.407624671008461,1e-06,"E02000207","Croydon 014",534618.71049712,167263.809317907
-8.46494311317483,0.0338637055185233,0.0231172532139766,0.0108829266785851,0.00588159786447637,0.00471743796342209,0.0191873383260622,0.00194789534943308,-0.133135005937084,0.0159932656132828,0.438104744888917,1e-06,"E02000208","Croydon 015",531847.923954201,167193.589983128
-8.41999870192055,0.0334596030770431,0.023353207830381,0.00598671137235551,0.0057205909419508,0.00758893272756917,0.0180512788085272,0.00484715055909904,-0.135959978970073,0.0168261799795085,0.429837750802287,1e-06,"E02000209","Croydon 016",530574.536008038,167010.519528343
-8.06175205990127,0.0308780664808459,0.0246941256131156,0.0189848388109915,0.00558098012157349,0.00126125566564124,0.0205041536287312,0.000262736389175919,-0.125804356157563,0.0161682934735865,0.403839513977449,1e-06,"E02000210","Croydon 017",533838.220073479,166841.74105808
-7.96294857072774,0.0263936366082836,0.0271144588549974,0.0312508083001232,0.0051477397780955,-0.000508977709308329,0.0213685926358492,-0.002913838064475,-0.11885658302729,0.014392191091204,0.401937807811864,0.000640771960740453,"E02000211","Croydon 018",536015.450128301,166715.638046307
-8.05909050323892,0.0317612304978202,0.0244425162521188,0.00526067994663699,0.00584443437220715,0.00681207739133927,0.0196418074629788,0.00492066089134232,-0.130806021498596,0.0178780477794605,0.392902103275401,1e-06,"E02000212","Croydon 019",531118.875040996,166259.635464498
-8.07943145983663,0.0315871081350888,0.0243741276543538,0.0100134130902559,0.00596123740582217,0.00434561171256919,0.0207947800970655,0.00272516835988543,-0.128036112394393,0.0171196096558249,0.398911760523392,1e-06,"E02000213","Croydon 020",532340.985138879,166430.206835598
-7.88812874560153,0.0281861734313286,0.026229375486789,0.0193640153578455,0.00546110644166678,0.000661343785418229,0.0219013711285191,0.000438734107281035,-0.121255041616798,0.0163045152727105,0.390076343001624,1e-06,"E02000214","Croydon 021",534698.859182387,166276.033588355
-7.91099838124214,0.0297974892480858,0.0253990990883729,0.0132038113148562,0.00581862400751996,0.00255639002516396,0.0219106865123145,0.00218468691396036,-0.123908960634232,0.0170383600969028,0.385979124966609,1e-06,"E02000215","Croydon 022",533465.66566391,166151.878706527
-7.76103908835187,0.0272571613464038,0.0273811467334129,0.00690374251675555,0.00576963341988959,0.00271879637732991,0.0238842330492223,0.00331309689973824,-0.118810025725333,0.0174118835306522,0.373718296894768,0.00160022269126873,"E02000216","Croydon 023",533911.777202111,165134.352346029
-7.83101065117671,0.0301376778198505,0.0259770178573465,-0.00233474846633122,0.00601650848162756,0.0061643582145321,0.0214975406770608,0.00558868621378857,-0.125890758537487,0.0187011637650749,0.372120247382861,1e-06,"E02000217","Croydon 024",531600.556377106,165407.563145727
-8.12481661113317,0.0219298303365597,0.030501182778714,0.022462058238408,0.00442374793758285,0.00118997641710894,0.0238629734515274,-0.000971487541131563,-0.111251229691668,0.0141867261884142,0.426446789749569,0.0138600248620632,"E02000218","Croydon 025",537189.044567496,165416.653043647
-7.95042838163654,0.0232069269818379,0.0302052241998244,0.0108375928258968,0.00475941495450957,0.00116696999974698,0.0250247707715684,0.00186550426468221,-0.112666005356513,0.0159719785166053,0.406315141774306,0.00988374380138291,"E02000219","Croydon 026",536050.610125083,164718.158433601
-7.56148135797356,0.0273979391730026,0.0283967906665639,-0.00778815154953681,0.00585887533715311,0.00719254616311215,0.0227138233819751,0.00680754267456693,-0.119201550029353,0.0191610306995104,0.344016993200365,0.0042409265264835,"E02000221","Croydon 028",531517.935437902,163893.919191442
-7.64507822915983,0.0258667844322105,0.0291158763292867,-0.00318265526847808,0.00580023443085933,0.00452753633808363,0.0252610969216333,0.00453328524429227,-0.114684937420139,0.0176974698148872,0.360075585575625,0.00697296113931797,"E02000222","Croydon 029",533355.295708787,163849.148371447
-8.36065048205421,0.0188858249105967,0.0332611612941652,0.00741204443966684,0.00368272905610944,0.00279275480513884,0.0258347347545957,0.00168422486017107,-0.105119492442073,0.0152743908153978,0.459160641382318,0.0222782758838142,"E02000223","Croydon 030",537939.421064638,163527.223489044
-7.54030564409905,0.0252346247412545,0.0302478555073652,-0.00922616933304904,0.00569621315637702,0.00643441988439141,0.0249758431383354,0.00578420283799282,-0.112908956384655,0.0183009613415055,0.345877261485085,0.00999760499708862,"E02000224","Croydon 031",532458.178608089,162826.190788991
-8.46641075499744,0.0177306443472053,0.0341351225369091,0.00489499804751799,0.00334556758599576,0.00354590841623805,0.0260895892886437,0.00203875799066441,-0.102599535849484,0.0154063202469833,0.472562471216772,0.0260645648222296,"E02000225","Croydon 032",538445.091675183,162846.60797779
-7.7328051219192,0.0231598050512034,0.0310384397354687,-0.000410843771257491,0.00519039546298342,0.00362287055924739,0.0268389223051547,0.00368742054855308,-0.109325450653631,0.0166604037742188,0.376007101811628,0.0135954169481407,"E02000226","Croydon 033",534727.591050093,163051.069167167
-8.12935942802204,0.0198752667989254,0.0332733458525308,-0.000152880406192772,0.00398389228705353,0.00285965668403441,0.0269657704198844,0.00307271594993726,-0.105333103154287,0.0159971108501264,0.431465349078322,0.0203584663204878,"E02000227","Croydon 034",536837.061832219,162597.373709997
-7.61247800932577,0.0234042023580818,0.0321685445389271,-0.0123012987104212,0.00540206526645972,0.00547472135338633,0.0272217071124829,0.00498733035156757,-0.107875698801329,0.0173099738075864,0.358972887929051,0.0146221146782906,"E02000228","Croydon 035",533510.378747411,161892.397610009
-8.54899402357658,0.0165899460695203,0.0350902367741758,0.00125448543380573,0.00294525332288608,0.00441023444440283,0.0263896159291826,0.00271462375513361,-0.0997344231458524,0.0157803375474056,0.483381927430165,0.0300670090904071,"E02000229","Croydon 036",538929.437146393,161702.819873756
-7.44383887806124,0.023897432534528,0.0312358580958746,-0.0114476150448601,0.00567119682703074,0.00829904282074213,0.0240995617015959,0.00739096639203625,-0.110029257715249,0.018932489509054,0.332840722664503,0.0136119975048336,"E02000230","Croydon 037",531591.320735826,161726.903704931
-7.35805417424934,0.0222393795885993,0.0309494998908961,-0.00789131166116564,0.00613355824545024,0.0112541468782743,0.0211141272563717,0.0111650274090579,-0.107900636432384,0.0203083427924815,0.317281317341164,0.0162891731705027,"E02000231","Croydon 038",530011.574440998,161127.994725534
-7.79648230308074,0.020913096891761,0.0337551770676041,-0.0091263987707033,0.00470064261656628,0.00495017043806607,0.0282217499565099,0.0040677441219736,-0.103059151131461,0.0166180498865038,0.385109905370417,0.0210654519716468,"E02000232","Croydon 039",535028.01263946,160753.17025982
-7.49037243405446,0.0218486833444968,0.0333427558923436,-0.0160555282865163,0.00549983703876007,0.00862371757854059,0.0255096185142785,0.00738755891989458,-0.104086310351536,0.0185576906127458,0.340144397427914,0.0192843540781989,"E02000233","Croydon 040",531908.649259954,160009.895639722
-7.44201874120932,0.0206994368436909,0.0325515451349657,-0.0105595244722195,0.00598135246664715,0.0109465763452144,0.022772435296263,0.0103478938566898,-0.10307835675088,0.0198485436102373,0.3291259491886,0.0208667941498319,"E02000234","Croydon 041",530622.468396046,159645.365752633
-7.58437370745478,0.0212233961478707,0.0344669998774705,-0.0177412965721151,0.00513374303838156,0.00755382404292064,0.0272191643359769,0.0059314102618037,-0.101872565674433,0.0177671081162253,0.354472142563812,0.0216455041966161,"E02000235","Croydon 042",532901.537772026,159360.195721779
-7.43483426361963,0.0185801071165778,0.0327519119417859,-0.00971580012459653,0.00658194562170714,0.0133082748105897,0.0204548250458375,0.0136882851791134,-0.0991748706138034,0.0210603438364936,0.324328600625872,0.0241612446162921,"E02000236","Croydon 043",529297.850650842,158416.443019497
-7.56209742419769,0.0190478854828941,0.0349550988441496,-0.017698725613399,0.00569383621293384,0.0106415469463857,0.0249280917587302,0.00945996859509173,-0.0973059340379948,0.0192338413807603,0.346078809981254,0.0260642205286427,"E02000237","Croydon 044",531288.499089923,157493.753687814
-5.08608111226484,0.0188236307522771,0.00950105021771091,0.00830719188227743,-0.00134412516069061,-0.000942241194687731,0.02842820404364,-0.0367036128575322,-0.0931057939155249,-0.00683692997127554,0.234059398095052,0.125592567189834,"E02000238","Ealing 001",514638.551559879,185127.9524247
-5.11288717808176,0.0128342191258649,0.0102918960722229,0.0131193482608508,-3.77270260887748e-05,-0.00189807273599911,0.0279831159370436,-0.0325663890694056,-0.109686528024247,-0.00189614063238866,0.237984258688898,0.15888281320948,"E02000239","Ealing 002",516115.349185639,184605.832694592
-4.81626180502223,0.0238924327100835,0.00852321500091217,0.0027940086508785,-0.00262820555972469,0.000862055712632165,0.0282983834799975,-0.0409780314472274,-0.0807412236637414,-0.00915284145488359,0.204879927623092,0.113054205301072,"E02000240","Ealing 003",512811.623175246,184719.562293428
-4.88226552161214,0.0215055694291638,0.00886102231851752,0.00489649933470707,-0.00246294073845064,0.000600069112594786,0.0278795363183717,-0.0399683636804887,-0.086840059808192,-0.00720373561539647,0.214441133908056,0.122368216300059,"E02000241","Ealing 004",513513.812973368,184311.72060069
-4.70938839038019,0.00716673188043751,0.0110216950529545,0.0142205421049052,0.00133953657409959,-0.00171053341998475,0.0269186458766559,-0.0298185896011709,-0.113696505679214,0.00269653900740071,0.197170810269148,0.205942210551816,"E02000242","Ealing 005",517115.095595717,183641.481233436
-4.96464000002393,0.0155749231851801,0.00968483103787471,0.00880746076325163,-0.0022847773993687,-7.52225255224592e-05,0.0269114945283731,-0.0376286895270845,-0.112188863467244,-0.00206558996648051,0.232231434972275,0.142523383384699,"E02000243","Ealing 006",514849.73673278,183450.785415881
-4.68092732868158,0.00901698068622334,0.0108885473794082,0.0120362055052496,-0.000586646492956447,-0.000921541776182316,0.0262120539912174,-0.0331017681596689,-0.132697783352988,0.0017856083333062,0.202020381936574,0.189930347620772,"E02000244","Ealing 007",516404.149609188,183154.453253798
-4.80755983396258,0.023197023404516,0.00838437492377626,0.00644824903353374,-0.0034568832344592,0.00249331071196654,0.0271712103323038,-0.0425743476148248,-0.076450900368046,-0.00703532644419225,0.202552062369426,0.130519957680975,"E02000245","Ealing 008",512126.013039204,183473.254282999
-4.80446250410599,0.0244174946986773,0.00812786330823032,0.00774557203056625,-0.00391200832575308,0.00334984359847889,0.0271636448915011,-0.0438414302744501,-0.0707786622890414,-0.0075993340255182,0.19862700896729,0.13178165412409,"E02000246","Ealing 009",511049.522133961,183260.66606636
-4.86032402510526,0.0201147387805928,0.00881271906285309,0.00804193236135078,-0.00331779372006904,0.00194455259178722,0.026388197256383,-0.0413400857573124,-0.0856488920398998,-0.0044375143495748,0.213903481864203,0.139881272188248,"E02000247","Ealing 010",513269.846564138,183043.06430894
-4.29464784782227,8.13138257235376e-05,0.0129348179297752,0.0256309631439143,0.00509572780978451,0.000362749018218988,0.0244989528441734,-0.0255978937412161,-0.0774152125226354,0.00461167513651984,0.13001639118669,0.319927236511327,"E02000248","Ealing 011",518590.808178972,182583.946117733
-4.83301958425323,0.0157628052206231,0.00951894665976055,0.0109173314429292,-0.00346643313323475,0.00178834390126065,0.0252846103176157,-0.0401887420469378,-0.102348413926419,-0.000707595792905429,0.217608178295594,0.160073452505224,"E02000249","Ealing 012",514313.833956786,182267.75141925
-4.45720451682997,0.00219777895536763,0.0121408064136934,0.0191996512053052,0.00109031144867824,0.000104458534758799,0.0237362377108082,-0.0300791244117946,-0.121690202865167,0.00479340004834578,0.173429127574678,0.265438704201857,"E02000250","Ealing 013",517446.753620888,182241.252431449
-4.89482354657671,0.0175433964976257,0.00905090281981442,0.0118086607036158,-0.00399704683884253,0.00248719696332125,0.0248913029100083,-0.0417863496883835,-0.0900419234246828,-0.00142689244726738,0.221817391631221,0.156994899446261,"E02000251","Ealing 014",513649.722327166,182086.061861565
-3.79957302430945,-0.000749160066467277,0.0154526353103125,0.0412753868392395,0.0129095186886044,0.00546140392564358,0.0212304385778409,-0.02258509412369,-0.0412990454767084,-0.00165633933305742,0.0162263249722616,0.444707789753007,"E02000252","Ealing 015",520555.700931461,182146.921955834
-4.6385512447152,0.010166162007134,0.0106858347149795,0.0128107322182939,-0.00303154748953528,0.00123050124486941,0.0246247805386419,-0.037596605545623,-0.134806557024642,0.00249323112525334,0.203660523646021,0.186584210728284,"E02000253","Ealing 016",515509.302823324,181806.46089592
-4.92667006579296,0.0184152994166615,0.00887533088863976,0.015825167132564,-0.00458445371640453,0.00374725923617351,0.0241464409907726,-0.0434820537088691,-0.0787819402960649,-0.00180287163669295,0.218841483417904,0.169755408301469,"E02000254","Ealing 017",512942.986342606,181531.086743613
-4.49525209924833,0.00628403313145764,0.011613254876205,0.0167103470125308,-0.00175119387667561,0.00126535172685882,0.0239481670892049,-0.0347964335472385,-0.139678527225091,0.00330366621773417,0.183369024551394,0.228831117413613,"E02000255","Ealing 018",516337.325850018,181673.705751545
-4.42736803433237,0.00199857354947931,0.0123899642582542,0.0227058968091,-0.000774401925920273,0.00204815224312341,0.0220640483981855,-0.0329248281292883,-0.138377472134949,0.00434423944821985,0.17254792670835,0.283230630372515,"E02000256","Ealing 019",517059.6305505,181146.550184541
-3.78862505467756,-0.00326654433301292,0.0147863692137465,0.0436026491081633,0.0100870908778203,0.00785676225924965,0.0203619902177676,-0.0244734104262131,-0.0582217768637372,-0.000764365788606322,0.0291620546941688,0.484831942210249,"E02000258","Ealing 021",519882.031972096,181179.14386797
-4.6568348890872,0.011385586376652,0.0105532342350485,0.0169916445231478,-0.0037953584189969,0.00293369229873385,0.0238770389406555,-0.0397341128484617,-0.116478702882971,0.00192109020412142,0.197520361468901,0.205333129736889,"E02000259","Ealing 022",515086.678999912,181133.665134228
-4.96015410063806,0.0167579150911542,0.00911521198523772,0.0224972813900384,-0.00533775211889521,0.0047287019676751,0.0222628351789828,-0.044880128598321,-0.0762836692252038,-0.00038622233891664,0.219843853340374,0.198962826730262,"E02000260","Ealing 023",513080.123454655,180524.628985478
-3.11555228230501,0.00196499541855152,0.0131703277977418,0.0599399735476714,0.0196119158552116,0.0186278084645869,0.0084034535277117,-0.0240880585329589,-0.0122383381355168,-0.00249027170168873,-0.118856818067882,1e-06,"E02000261","Ealing 024",521268.499949501,180601.530654219
-3.77223540473706,0.0011414005064583,0.0133049074602061,0.0562112848889106,0.0159746491972481,0.0150883686255443,0.0173014232793399,-0.0231537286333458,-0.0285981485529159,0.0061983057192345,-0.031507632492693,1e-06,"E02000262","Ealing 025",520206.216675974,180382.461744134
-4.98871959184746,0.0184876441626669,0.00861890726416054,0.0247010426307977,-0.00583329087232472,0.0052911612622063,0.0215388712017417,-0.046754869257157,-0.0670416879496994,-0.00121506232381961,0.21925421227926,0.197347939088902,"E02000263","Ealing 026",512057.274849681,180171.772095211
-3.90623449153922,-0.00405634746213565,0.0137920025649053,0.0443694307106703,0.00561821854576421,0.00912498353466138,0.0189054882022613,-0.0282430200913445,-0.0821789500307525,4.95255261610609e-05,0.0629955747994111,0.492604827161119,"E02000264","Ealing 027",519075.076322788,180242.190332954
-4.53494315165975,0.00513532659618469,0.0119817761763997,0.0268926111170896,-0.00327332520576073,0.00381804146017115,0.0214667595053822,-0.0375588706906644,-0.135980029764644,0.00300377627228808,0.180428164149393,0.280435363299083,"E02000265","Ealing 028",516301.482283995,180205.944610554
-4.84242198313563,0.01386852238124,0.00986129618948805,0.0261516634614858,-0.00557672872489271,0.00494937188333573,0.0214841570669781,-0.0446178453163041,-0.0880133226330424,0.00100545717102454,0.207644933084013,0.231636352903432,"E02000266","Ealing 029",514140.359874351,179943.785172957
-4.64837888156832,0.00930895991524685,0.0110761749112256,0.0266434270430599,-0.0047229932590837,0.00446914994009614,0.0215861760876892,-0.0413551308551769,-0.115980071991168,0.00216438958752399,0.190231788697052,0.257732770858555,"E02000267","Ealing 030",515426.278374014,179966.528486074
-4.26319418297836,-0.00171419899759018,0.0131126676153721,0.0395055235362853,0.000568907810433271,0.00646815594409391,0.0188156446589464,-0.0326228796114103,-0.115073873658457,0.00159240807594787,0.129420077409139,0.421864875006699,"E02000268","Ealing 031",517989.156940831,179833.425341392
-4.4378077640079,0.00173883948767319,0.0125549705988212,0.0334583721042575,-0.00211841047506829,0.00477291419927128,0.0196830159444497,-0.0358756588750882,-0.135810844826323,0.00240689948526595,0.163155996542269,0.346985892902972,"E02000269","Ealing 032",517110.34542829,179801.499638639
-3.509488506073,-0.00532594087335486,0.0139229564633424,0.0553619992052245,0.00993439547397284,0.015439010595674,0.0162895757599104,-0.0275043647884949,-0.0652596881048626,-0.00494803293646959,-0.0139962064270001,0.587417917551954,"E02000270","Ealing 033",519925.602769003,179634.600017146
-3.01462880228434,0.000104462752051836,0.0113768268250712,0.0661782932901921,0.0196588273938716,0.0233436600924829,0.00816311996023955,-0.0237345376216542,-0.0159756338210288,-0.00274578050429254,-0.135828693977946,1e-06,"E02000271","Ealing 034",521011.264993981,179495.733065696
-4.56417780634285,0.00711714549006999,0.0117334839580024,0.034962907837377,-0.0047237638249857,0.00510766278808145,0.0193516916869999,-0.0414055346176602,-0.120180525920724,0.00110500505386098,0.173445554294483,0.318623235983673,"E02000272","Ealing 035",516060.846497653,179218.386013501
-4.97038256759824,0.0162222449450126,0.0089188136100484,0.0332701948720235,-0.00686492039379456,0.00559087830799004,0.0183960894933503,-0.04936759444052,-0.0703373591488584,0.000246907704365115,0.217001764056612,0.245325370544236,"E02000275","Ealing 038",513076.7552241,178918.889118592
-4.34225402934049,0.00236963697315729,0.0123435929229669,0.0424318212501571,-0.00260626982487897,0.00652386881189799,0.0169838345992938,-0.038597535030805,-0.12723863042219,-0.000447861810603508,0.141022747743003,0.414803093976251,"E02000276","Ealing 039",517372.041909151,178870.155401065
-3.44069994510223,-0.00332280050625018,0.0214648079681527,0.0522970403256654,0.012010178073065,0.0140680578088815,-0.00690426405589776,-0.00266420816495132,-0.0816506763170106,-0.0117689692549112,-0.0234363964072469,0.065376192876349,"E02000277","Enfield 001",535920.529742216,199516.449228722
-3.45390764140655,-0.00366547862217617,0.0238864582056713,0.0534092037412463,0.0125539987639156,0.0145582056338654,-0.00651993331676037,-0.00144911661814872,-0.0801664256212824,-0.0118182495594225,-0.0300549462847007,0.0662123075580558,"E02000278","Enfield 002",535206.235372745,199136.886640445
-3.37233465868944,-0.00272109798434873,0.0194803642228576,0.050190496458039,0.0111121823496973,0.0129790140772903,-0.00749697685048333,-0.00626515603239166,-0.0842153338836803,-0.0118565408579082,-0.0193669832645318,0.0672496082742965,"E02000279","Enfield 003",536951.189590752,198923.581698644
-3.87045261384228,-0.00429217287751346,0.028427553834307,0.0537607402567226,0.0154328458574118,0.0148473167238266,-0.00618118551955194,0.00610572669905336,-0.0497858507628147,-0.0104671533638605,-0.00925703669414708,0.0594410791786197,"E02000280","Enfield 004",531091.167079446,199396.932743669
-3.50897796492828,-0.00390682795319257,0.0291512543192417,0.053765257206889,0.0135617674038794,0.0148842944134164,-0.00584774940943871,0.000229572281241283,-0.0732621161413867,-0.0118653816149193,-0.0383943669573549,0.0699905589108595,"E02000281","Enfield 005",533925.281673189,198201.075695844
-3.31781030759456,-0.00362983396086984,0.0247134630523757,0.0530442195923693,0.0123669304779348,0.014297956998124,-0.00666941548711433,-0.00432247928292206,-0.0822226630386493,-0.0126494545469678,-0.0434128571825947,0.0747117349165557,"E02000282","Enfield 006",535240.976378112,197989.038278882
-3.20002306345849,-0.00320409511336312,0.0226129073069415,0.0513550143197602,0.011708185270533,0.013666413203101,-0.00737297305103252,-0.00739595636090731,-0.0855313734288418,-0.0130381675266415,-0.0466511872670605,0.07783827760708,"E02000283","Enfield 007",535974.793654977,197580.462348808
-3.70270748492915,-0.00380917967277015,0.0361375275062452,0.051791075318888,0.0149047000538587,0.0149876718587463,-0.0047485425286278,0.00385086897660184,-0.058386877225244,-0.0112661428228007,-0.0349464923403959,0.0659314003592165,"E02000284","Enfield 008",532414.776420262,197316.468070954
-3.51674673715398,-0.00389029070881034,0.0326007009912164,0.0531104399477664,0.0138956429798441,0.0147665012155142,-0.00536054277336285,3.27638904508979e-05,-0.0679183284079149,-0.0121438311770843,-0.0438997937505962,0.0741551863475915,"E02000285","Enfield 009",533403.769927242,197303.715783089
-3.81374345746634,-0.00387955316182287,0.03543766405522,0.0508256777792692,0.0156228331916301,0.0148483210006616,-0.00502194155466715,0.00545090122033336,-0.0490561318238216,-0.0109509846752746,-0.0247754743181856,0.0642446523564983,"E02000286","Enfield 010",531456.128739894,197408.645476621
-4.091191903802,-0.010940657941048,0.00459104973252625,0.075761016267812,0.0154963435700836,0.0104959802591521,-0.0107300013668872,0.00527453126721904,-0.0240038098620427,-0.0104965708705603,0.0484770138102923,0.0729425001144886,"E02000287","Enfield 011",527840.773221261,197705.488810246
-3.17641216786745,-0.00389122385596149,0.0277152156169554,0.0536300865154618,0.0124092868544352,0.0141541283225018,-0.00629364910111532,-0.00733231270322455,-0.0824177695622459,-0.0137421930348714,-0.0624089877699501,0.0863858164336866,"E02000288","Enfield 012",534907.534717884,196514.447840774
-3.80119584806155,-0.00464979596637565,0.030963710520159,0.0514511443313752,0.0157753219094789,0.0137334990944347,-0.00645955192445063,0.00332451720253741,-0.0379985381077343,-0.0117858520768481,-0.0166014378507497,0.0769077232443931,"E02000289","Enfield 013",530453.513227605,196695.791699881
-3.0139068821145,-0.00272113513175669,0.0212782005740379,0.049015579672697,0.0108759683039987,0.0126288187514716,-0.00893080549703296,-0.0124904081537476,-0.089235485145502,-0.0135428583287043,-0.055122703210532,0.0824052263392273,"E02000290","Enfield 014",536755.651901335,196474.404081777
-3.41365472774712,-0.00405759990873976,0.0361768400442261,0.0531335566802208,0.0137442363717433,0.0143997899618805,-0.00445831468130171,-0.00309529792628283,-0.066650496755654,-0.0131346747655264,-0.0581383740171919,0.0845714529761622,"E02000291","Enfield 015",533372.136332747,195892.92069591
-3.23552541410945,-0.00414769974015026,0.0323105682631206,0.0540916060480932,0.0129780132652273,0.0142506047451349,-0.00523709944236652,-0.00642062866916854,-0.0760333574300685,-0.0138514576503139,-0.0666930069779215,0.0900209144274673,"E02000292","Enfield 016",534157.414862516,195879.198526565
-3.69632621820955,-0.003874460366699,0.0413683650984906,0.0498204917364044,0.0152512711136114,0.0144513068754266,-0.0035280446343962,0.00224230627637762,-0.0506271100119245,-0.0118826416362267,-0.0423615091932665,0.0746114804226728,"E02000293","Enfield 017",531996.111447058,195636.786192635
-2.78389778780478,-0.00376167353323701,0.0256602811527541,0.0523267403717505,0.0112191710852583,0.0130198200898478,-0.00848576709620114,-0.0161289351028649,-0.0900328276331644,-0.015467219353921,-0.0887227802212211,0.0987265804262039,"E02000294","Enfield 018",535892.069593017,194996.58919309
-3.78484606068405,-0.00472943413164015,0.0340573609961128,0.0485792104556138,0.0158525850695308,0.0129427191646196,-0.00608217877383824,0.00209890680614057,-0.029228042578944,-0.0126436463153512,-0.0195734684179772,0.0893816417705375,"E02000295","Enfield 019",530229.836488039,195072.219560534
-3.83675588160997,-0.00706001036835941,0.0232036005384744,0.0568556722567604,0.0158275043111023,0.0118739649816895,-0.00849192140846257,0.00145511924681007,-0.0238795262978404,-0.0126485130220861,0.00120218157234488,0.0940399940463775,"E02000296","Enfield 020",529285.905585775,195313.920144149
-3.44842932925697,-0.00436876086127171,0.0427223034377988,0.0530554328913883,0.0141163732664783,0.0140315104077247,-0.00241224275965078,-0.00408173857646188,-0.0612267226098647,-0.0134048382731967,-0.0652506798539126,0.0882018689204237,"E02000297","Enfield 021",532972.508424737,194719.315813538
-3.72135496559425,-0.00378588489494401,0.0429399536487948,0.0459863626334515,0.015385532293199,0.0134529378647648,-0.00335369046524993,0.00126346116654452,-0.0362767075653307,-0.0127480009610167,-0.0382669043897806,0.0875481974554874,"E02000298","Enfield 022",531267.457003327,194431.843533803
-2.85377717813247,-0.00460676302790453,0.031892915876698,0.0552775348228063,0.0119041975857292,0.0135058291875767,-0.0060382732786143,-0.0148201271626559,-0.0830082009446441,-0.0161310260785213,-0.0974931868239419,0.107333002715122,"E02000299","Enfield 023",534841.652895945,194376.142186135
-3.08150158406029,-0.00469655833297114,0.0372648610768829,0.0552336172614047,0.0126872467980449,0.013705395676472,-0.00398612002796815,-0.011038857028184,-0.0718357853404101,-0.015568557125843,-0.0873861855403805,0.104771962590999,"E02000300","Enfield 024",533987.129379648,194283.962000976
-2.5117671279617,-0.0039837052912626,0.0263089641655134,0.0522828171642158,0.0108361318153108,0.0123842880268686,-0.0099817427673242,-0.0224413354315655,-0.0905569643397375,-0.0172551899813425,-0.112419429748713,0.109848602534848,"E02000301","Enfield 025",536029.132527759,193846.791140456
-3.52314361655043,-0.00425791879772339,0.0467471245067689,0.0489423763318835,0.014431467226143,0.0130808935478135,-0.00112649541835778,-0.00487743468347264,-0.0423367361819078,-0.0143987698331611,-0.0603374599746863,0.099507360401978,"E02000302","Enfield 026",532201.053579166,193546.795793953
-3.0485623614983,-0.005293176285876,0.0418193119361176,0.0561447697671534,0.0126155550861248,0.0132361592821624,-0.00255684213267141,-0.0136598833109229,-0.062337180064874,-0.0169693222731957,-0.0957421313113523,0.11320530334955,"E02000303","Enfield 027",533684.895373705,193309.855681387
-3.83048191606629,-0.00441397042736912,0.0385014365310455,0.0422625282648658,0.0154809985664023,0.0113640800025218,-0.00489070378477143,-0.000665466453138477,-0.0158932854034619,-0.0138101695351546,-0.013425537115099,0.109432494310289,"E02000304","Enfield 028",529978.644116481,193260.420841783
-3.69184226137379,-0.00392343791639078,0.0461120772022003,0.043578524962068,0.0151159056597543,0.0123129014538949,-0.00180315718741724,-0.00172911404991546,-0.0288670123156248,-0.0139090625046752,-0.0411572756709389,0.105175869728944,"E02000305","Enfield 029",531134.492657103,193207.54483112
-2.42663603165977,-0.00561667236667607,0.0327012015571113,0.0575058336148597,0.0109170557284322,0.0124764086253129,-0.00822686639663377,-0.0252736485808611,-0.0840304185605456,-0.0192545390209144,-0.1327224993322,0.124557815899302,"E02000306","Enfield 030",535237.493625547,192871.886390843
-3.31611388312478,-0.00503455835087926,0.0470177334298454,0.0526996505407584,0.0135890812604104,0.0128572579922089,-0.000439235924873778,-0.0101120791011045,-0.0465649861712125,-0.0162606738709551,-0.0784601138800543,0.1094408955093,"E02000307","Enfield 031",532799.860486453,193000.163967466
-4.02476578199828,-0.00494270965781455,0.0356145449326242,0.0397029667172408,0.0148241359325778,0.00922329326479203,-0.00533603309543244,-0.00441168446461738,-0.00343398818610193,-0.0142282006372755,0.0197006496011375,0.122784322217252,"E02000308","Enfield 032",529282.956433067,192382.727667438
-2.32677044786264,-0.00675529088591752,0.0361246651276484,0.0604742732067395,0.0107134049402371,0.0120965197791061,-0.00758863872302268,-0.0294788145710632,-0.0762281811394314,-0.0213831840226279,-0.145465524535697,0.134378063468127,"E02000309","Enfield 033",534978.938969275,192086.676886493
-3.43998286183445,-0.00458366621938441,0.0498751142246557,0.0460771817292891,0.0139902030372948,0.0115608017002358,0.001259063868512,-0.00983765447889692,-0.0296314042003025,-0.0167038605502335,-0.0662617770981226,0.123025906160954,"E02000311","Enfield 035",531933.057315129,192166.2167407
-3.75836312397412,-0.00342486026203306,0.0462639268484714,0.0371066957383342,0.0146701073416606,0.010779921555429,-0.00132978297436848,-0.00448568008597605,-0.0147928489483893,-0.0151735309031234,-0.0262704702149453,0.122130759413007,"E02000312","Enfield 036",530580.663214193,192211.498284168
-5.39793009530946,0.0123644596860645,0.0182820038708431,-0.011089991421422,0.0129766096768598,0.00216790772069229,-0.0111680616799883,-0.019134759158839,-0.000317558034043966,-0.0128253152644552,0.192182575209572,0.19055341362557,"E02000313","Greenwich 001",546864.026009832,180292.376540569
-5.41349802447799,0.0117815496766012,0.0180119774454984,0.0027654248154301,0.0155761226397393,0.00434284002899655,-0.00998400731031381,-0.0203257995835832,0.00720960654443109,-0.0122478564891169,0.173705967990062,0.188758899615572,"E02000314","Greenwich 002",545741.603542685,180154.947116856
-5.43235453042854,0.0132735653124264,0.0190362177183607,-0.00279954954087549,0.0147871420759072,0.00557698179501229,-0.0100622435969856,-0.0182433021672628,0.00825376991058222,-0.0115553263817394,0.16778030577403,0.227073824585535,"E02000315","Greenwich 003",546779.198705021,179321.773227812
-5.93215063416116,0.0061313734566395,0.0195360042359185,0.0991593082541926,0.0247408462377642,0.0156385977480454,-0.00869619674926985,-0.0240009839990872,0.04005765266481,-0.0102310360495657,0.124609440601423,0.216054490742972,"E02000317","Greenwich 005",542504.959476933,178647.136995371
-5.49347745018471,0.0124135263211538,0.0196144138848894,0.0233067865275499,0.0186217381751748,0.010173573836191,-0.00728180938394774,-0.0188476474783072,0.0197920913640085,-0.00986608665172995,0.13277033624632,0.239270077830201,"E02000318","Greenwich 006",545591.028447577,178670.597932614
-5.52915143708224,0.0110645200762037,0.0196481253009979,0.0395506228822071,0.0206186414118989,0.0120328002046802,-0.00647079007962465,-0.0199240906504843,0.024938297959763,-0.00936070942854584,0.119823105509084,0.231262728737077,"E02000319","Greenwich 007",544772.526304028,178667.139702925
-5.48853204682897,0.0135590415969007,0.0204256222081456,0.0077850785595681,0.0162639328962349,0.00998475560842611,-0.00787508513869228,-0.0170351265801428,0.0158724149983686,-0.00957599402565888,0.14289627962141,0.268743299155892,"E02000320","Greenwich 008",546899.088793056,178202.501531097
-5.59851337275526,0.0100057949319773,0.0200767430511029,0.0530214570657919,0.0220095041593469,0.0140829080786383,-0.00589388243929242,-0.020279605406726,0.02971466534421,-0.00876694592581708,0.111091684619889,0.235416538526561,"E02000321","Greenwich 009",544343.511949695,178407.045492195
-5.71507679668773,0.00874158230214704,0.0204103887157422,0.0691348487924295,0.023263867797324,0.0158281893582146,-0.00586808347137684,-0.0208902958615347,0.0345321388902701,-0.00860296660024808,0.108596942175027,0.239701022840405,"E02000323","Greenwich 011",543855.972866411,178141.533095204
-6.48914350768747,0.0063670805481472,0.0192658497576741,0.119940669728763,0.025215249154674,0.0148340351209768,-0.0107042342824404,-0.0261157852158157,0.0478705183612147,-0.0113336303489681,0.171628258879158,0.233860559403282,"E02000324","Greenwich 012",541762.141144956,177895.990621282
-6.84005430685059,0.00924252322575893,0.0176930545570949,0.122974519217404,0.0253395019890359,0.0121003301153017,-0.0121831645519146,-0.0307148351191934,0.0525130333901861,-0.0127134232394853,0.209002114263632,0.225823704333986,"E02000326","Greenwich 014",540859.622594691,177806.58802025
-6.05731690191531,0.00700478257675476,0.0204997970588524,0.0961099012008801,0.0244864600006114,0.0168584432427004,-0.00708300472426206,-0.0226502729133128,0.0418704138357636,-0.00958002197347377,0.128753674003913,0.249163049981292,"E02000327","Greenwich 015",542957.338489159,177635.638441516
-7.07960383680735,0.0142719976565085,0.0154048893940682,0.11577822650426,0.0253981382350333,0.00851928347546267,-0.0125995979811464,-0.0369838483987611,0.0565864443500751,-0.0136860919249386,0.236339710720487,0.216613868198952,"E02000328","Greenwich 016",539930.356526644,177619.338521488
-5.79161443759618,0.0100284865057859,0.0225671200424072,0.0622959990477921,0.0217256484164935,0.01893723171156,-0.00314504922512128,-0.0189651308224317,0.0350658376913363,-0.00766344185536687,0.10527764571433,0.280560967223557,"E02000329","Greenwich 017",544789.061105938,176787.512110341
-6.83246795144671,0.00711785758952778,0.0188299898160235,0.119304297378912,0.0246213646568465,0.0145120938547352,-0.0114681744267989,-0.0265195780165249,0.0494518782306988,-0.0120810502197368,0.209355117777082,0.25316517509819,"E02000331","Greenwich 019",541721.609753664,177052.313516507
-5.98168890689924,0.00846686879023271,0.0218460888882839,0.0821912632653366,0.0231511188239859,0.0187947716522097,-0.00460643112225676,-0.0211791041351494,0.04004302891703,-0.00900032327718274,0.11792868680486,0.273205639333226,"E02000332","Greenwich 020",543738.20549633,176732.438099834
-7.36991236659194,0.0141443667217881,0.0148691305560642,0.108329487525733,0.0240277371707409,0.00928083662118844,-0.0146757076186087,-0.0342161304601795,0.0541358080549355,-0.0142375029101359,0.276193856256971,0.231047462585836,"E02000333","Greenwich 021",540310.324186175,176592.0085102
-7.02397295063357,0.00785934418431606,0.0184216003061715,0.113168218870691,0.0234410837271039,0.0146054002343083,-0.0117094874618012,-0.0271198227196611,0.0492333556029542,-0.0130703637465138,0.235682128204545,0.263649770187687,"E02000334","Greenwich 022",541730.195352578,176356.159830724
-6.36383720281553,0.00836067541121447,0.0224490904797078,0.0848362038550951,0.0216337201138455,0.0203649639684874,-0.00456769054621572,-0.0223342737655624,0.0422551110986964,-0.0102759278301841,0.157713673955633,0.288043863418012,"E02000335","Greenwich 023",543453.903627404,175668.48966736
-7.0996836809528,0.00888084823471928,0.0190055560198296,0.0973578560542308,0.0202862781673167,0.0163332853195069,-0.0105138098346399,-0.0276418936528466,0.0461691317253299,-0.0146995034344263,0.254792832943113,0.271126055111676,"E02000337","Greenwich 025",541978.776325458,175262.999925343
-6.64519512864378,0.00867679223341146,0.0223854945428293,0.0825306075651448,0.0195374430931731,0.0205401245128197,-0.00550470908692509,-0.024444564451502,0.0421486463488652,-0.0120471261464337,0.196564180331632,0.285681533428984,"E02000339","Greenwich 027",543120.267060744,174968.409141985
-6.56622799212958,0.00972328823602563,0.0243774595886904,0.0675997120709514,0.0166863660497546,0.0226381533492865,-0.00365803150770653,-0.0261346049435897,0.0378439789056666,-0.0118320635171148,0.193741454440529,0.276142988078318,"E02000340","Greenwich 028",543595.754443433,174128.40630065
-7.2911194737998,0.0125011572238078,0.0186211773260788,0.0746492657166768,0.0139564350775864,0.0155176121776476,-0.0119042042578274,-0.0345194402740399,0.037363401899475,-0.0188144630999378,0.306333189242523,0.234561124519954,"E02000341","Greenwich 029",541520.829847804,173942.833364797
-6.44854614723451,0.0106388410211091,0.0268015885486015,0.0534304210664363,0.0154214032735054,0.0250143934690096,-0.0010772764087344,-0.0254136617065416,0.0346029662018716,-0.00940627446193287,0.1780422566135,0.275250774545038,"E02000342","Greenwich 030",544541.933121812,173720.505265264
-6.86314083624492,0.0122270125973943,0.0253377514256822,0.048830423336057,0.00845847353855094,0.0209746283650569,-0.00647460018689368,-0.035293779637472,0.0244559025821564,-0.0176268704913537,0.267101703946921,0.217681914245497,"E02000343","Greenwich 031",542808.227385503,172616.731992747
-6.73687920619627,0.011978361689683,0.0274943823135355,0.0422107486162771,0.00926913264616903,0.0236215940192754,-0.00340546617344994,-0.0325959797218631,0.0257144483900803,-0.014335533235183,0.241089203451644,0.229330616568991,"E02000344","Greenwich 032",543712.480872236,172433.804414008
-1.74587373001372,-0.00577921372831407,0.0264314366780876,0.0311348278325377,0.0135293540371454,0.0121672203877176,0.00197066555080601,-0.0453858111207273,0.000525723530052048,-0.0374107720198537,-0.178160887761354,0.180049531680119,"E02000345","Hackney 001",533931.454707021,187874.622167829
-2.55713878149387,-0.00049406777161605,0.0250418715453332,0.0151352450971995,0.0140573621617376,0.0101440036657061,0.00688044978466048,-0.0297234445980219,0.00951806320912357,-0.0393246617089262,-0.10044799643554,0.172137245998425,"E02000346","Hackney 002",532380.289556417,187512.962984593
-2.13908417506042,-0.00137279510497511,0.024073048057273,0.0150320412332099,0.0141300702710878,0.0109529553137489,0.0053003014431885,-0.0361550602449952,0.0083973894271267,-0.0388060288492918,-0.138961727068565,0.180171656117483,"E02000347","Hackney 003",533029.736213923,187455.738067643
-1.64298461312377,-0.00406999753011723,0.0237052026404227,0.0217691901375212,0.0138083946865682,0.0123554948119291,0.00211867092389996,-0.045117258101359,0.00444911173955628,-0.0381148167314044,-0.183809838530732,0.182482022723577,"E02000348","Hackney 004",534075.541700547,187456.620347661
-1.72771374141168,-0.00069098581997466,0.0192826847436581,0.00585144091767988,0.0145477841739359,0.0124928074551371,0.00249907364536314,-0.041553474165018,0.0121025653020294,-0.037829309827281,-0.170387619297795,0.187171348690931,"E02000350","Hackney 006",534063.219516578,186769.861477505
-2.93398333119122,0.00364272761965967,0.0203737326473133,0.00791891409488546,0.0126439394014978,0.00822521884206106,0.00545856814422783,-0.0231389794742273,0.0147115923331471,-0.0425271014661339,-0.0534515737866604,0.157705124668532,"E02000351","Hackney 007",531991.48695497,186778.384793867
-2.41878829475624,0.00347054520969343,0.0186893476644521,0.00163930884929094,0.013451276706919,0.00940604884109268,0.00442049579148238,-0.031030437334699,0.0154659387326877,-0.0405951600517153,-0.102160532880888,0.174821132702917,"E02000352","Hackney 008",532809.630064069,186601.42443571
-2.02640568125811,0.00259879776893511,0.0174404406075464,-0.0023059555880592,0.0142371891158453,0.0109208823756347,0.00348515753199075,-0.0363223728253131,0.0158775174330543,-0.0386283811860299,-0.139153950276578,0.184882055728981,"E02000353","Hackney 009",533500.111403216,186458.939758608
-1.85196598769902,0.000964894877137408,0.0158137898880841,-0.00272445114517856,0.015787563612438,0.0138106124151296,0.00194600589262201,-0.041226764160292,0.0185276751740747,-0.0351816008341082,-0.157369139527976,0.193061139593012,"E02000354","Hackney 010",534512.29857395,185980.037440639
-1.71742199456398,-0.00185382211900638,0.0168543054465698,0.00411134835283255,0.0164450487211809,0.0163435229520378,0.00037667231887836,-0.0448388627033154,0.0152118783669552,-0.0337319176767203,-0.172896225034777,0.187323925276632,"E02000355","Hackney 011",535241.701418299,186015.340582868
-2.5321182711458,0.00727544393840014,0.0149276998329723,-0.00518083664101375,0.0122114620018549,0.00791784046838817,0.00349467968530464,-0.0285444295522184,0.0190972871099924,-0.0408393083503985,-0.0855482651291771,0.171646541029769,"E02000356","Hackney 012",532849.990848915,185838.870517157
-1.78116891490789,-0.00375996788353458,0.0171577255134696,0.0115398493979675,0.0172594501717571,0.0180749354467384,-0.00378506886665075,-0.0464054018061096,-0.0017812509211851,-0.0309398625610244,-0.166357900731811,0.159196992692721,"E02000357","Hackney 013",536526.726204192,185998.503756365
-2.19626306067994,0.00608404609521839,0.0139562779897933,-0.00957293179184506,0.01376529908834,0.00979513580643093,0.00319762762392421,-0.0338798630515868,0.0208500869002754,-0.0376297152398318,-0.119686832384025,0.18606244541191,"E02000358","Hackney 014",533517.734333815,185684.790047818
-1.9473572246847,-0.00330998750069303,0.0167467438993266,0.0125681723457127,0.0178963928532157,0.0181907490647861,-0.000323537766162774,-0.0457014462857294,0.0138396730616073,-0.0301132591182289,-0.1578787823251,0.183270254846042,"E02000359","Hackney 015",535924.397322096,185525.892655344
-2.06179994600212,0.00417662572500797,0.013298252053112,-0.00822025261489183,0.0157325892201228,0.0126765518850052,0.00334540519660134,-0.0381671579247254,0.0236870428634896,-0.0334679581316075,-0.138867629329127,0.198188178557128,"E02000360","Hackney 016",534311.074088783,185328.788766983
-2.23692822867204,0.0015205016954845,0.0143291818593624,0.00348322580314673,0.0175829785342285,0.014879273992383,0.00307159359202951,-0.0426459694528751,0.024926879682784,-0.0300244525552508,-0.131667168009631,0.203450892752648,"E02000361","Hackney 017",534970.471087032,184980.238075254
-2.25147454311969,-0.0047342974763535,0.017269019862996,0.0318449322705432,0.0193522742296994,0.0197423428051097,-0.000918607213896167,-0.0455121819136222,0.0102745105777338,-0.0261673991203825,-0.143232185824795,0.16826285911935,"E02000362","Hackney 018",536849.800498042,184993.965587693
-2.2763788253489,-0.000983805705332911,0.0156465622271152,0.013847974871393,0.0185126542431673,0.0168368900555464,0.00224675348956531,-0.0452595382102306,0.0234464025454994,-0.0284621101240863,-0.134216723540329,0.200356807212719,"E02000363","Hackney 019",535531.155250246,184909.088965787
-2.32264963452356,0.00777291896577462,0.0114910998709452,-0.00501760485257347,0.0151397875240055,0.0105707632285121,0.0046711142377051,-0.0362235429435238,0.0277216720465895,-0.0306796859787984,-0.121268811510823,0.200395659995568,"E02000364","Hackney 020",534145.863649472,184616.309542485
-2.71511587254773,0.000106782356794582,0.0160720618089286,0.0287431356066942,0.0197603347631423,0.0163879076845431,0.00446307667411657,-0.0488340380812955,0.0297615999952028,-0.0254184983424268,-0.10995566715722,0.207192348161572,"E02000366","Hackney 022",535740.668407259,184230.276261693
-2.76744163293452,0.00522414082018903,0.0133404275369781,0.0166764857926646,0.0181781334893893,0.0126551848722625,0.00655835622306306,-0.0443896119138063,0.0329009032111912,-0.0258002174608238,-0.100426886653441,0.212892826457986,"E02000367","Hackney 023",534916.356419239,183984.732225009
-2.73626476915568,0.0124238434072536,0.010236501318716,0.00875321684474824,0.0143725435476041,0.00733312942333337,0.00667668099172943,-0.0344578713372047,0.0321058817814474,-0.026368711720809,-0.0993427068413882,0.200219452407188,"E02000368","Hackney 024",534123.211328732,183643.895808236
-2.75960127008934,0.0171753411859183,0.00859234876928332,0.00579221668878173,0.00986492244840589,0.00441916602815345,0.00498592410024444,-0.0227664139365941,0.0258583828115685,-0.0296757151018959,-0.0885905400428254,0.173020554008663,"E02000369","Hackney 025",533303.870689581,183647.451306741
-3.03031200733075,0.0225137870109691,0.00689922673211844,0.0094371801770968,0.00603718828588521,0.00264471389460827,0.00349004828991268,-0.00972796228062265,0.0223618989373509,-0.0312917015531183,-0.0634575165246196,0.143717212108174,"E02000370","Hackney 026",532577.308705708,183227.74873348
-3.1884773480875,0.00375786409388067,0.0192616834526929,0.0454861598189409,0.0199698074242959,0.0139167039822871,0.00839624513072962,-0.0273402057023057,-0.0186087923394309,-0.0163880185766749,-0.0976581480938499,0.466573271831215,"E02000372","Hammersmith and Fulham 001",522362.973269155,181818.984033708
-2.96835739069944,0.000912124196386186,0.021676471318331,0.052850293243813,0.0227106665705144,0.0217084794522841,0.00358793836770461,-0.0288581663349177,-0.0197008580716876,-0.0209829808524467,-0.140526211468371,0.532531421660349,"E02000373","Hammersmith and Fulham 002",522579.547095242,180719.7291872
-3.0286718313505,-0.00181905709958623,0.0203338957329159,0.0564624836360717,0.021558645260388,0.0210484484158119,0.00728145146764217,-0.0274662746125037,-0.0270597827946784,-0.0173973332127257,-0.126948822774843,0.566044651064233,"E02000374","Hammersmith and Fulham 003",522109.386959752,180473.052919019
-2.08051182797033,0.0112797745378221,0.0198705531981381,0.0513993966112105,0.0202036872123218,0.0244812245529827,-0.0157380311708055,-0.0377971766856343,0.00267953731518311,-0.0213967666798846,-0.245414911959933,1e-06,"E02000375","Hammersmith and Fulham 004",523324.585040474,180258.079747882
-2.05294442103741,0.0086200026563761,0.0185166995327237,0.0565731149984685,0.0208632300007658,0.0255123179413291,-0.0123705249432705,-0.0358696032835591,-3.21230118120454e-05,-0.01936003505852,-0.25067492283355,1e-06,"E02000376","Hammersmith and Fulham 005",522918.761368006,179823.881881643
-2.23322558521515,0.00519131124232615,0.015240566126887,0.061198571615082,0.0209479218974847,0.0243426279285636,-0.00550497221929129,-0.0309186606948775,-0.0041895185125777,-0.0145011866182536,-0.226883826520876,1e-06,"E02000377","Hammersmith and Fulham 006",522253.352931962,179767.462722065
-2.07195357338078,0.0104264350742946,0.0237578984387189,0.053215910064379,0.0207121881744005,0.028576438589376,-0.0220767644720313,-0.0394858891881224,0.00199866685088894,-0.0222307230064247,-0.255772035170585,1e-06,"E02000378","Hammersmith and Fulham 007",523603.30505311,179581.244354077
-2.38180827268804,0.00186390026627145,0.01305910205489,0.0667030164166056,0.0212946812787139,0.0259833418552329,-0.0022875333466434,-0.0273191897796901,-0.00772562382110321,-0.011050251688007,-0.21200016512859,1e-06,"E02000379","Hammersmith and Fulham 008",521848.7087818,179375.031009056
-2.00037470653673,0.00664494103353948,0.019477444527247,0.0608051540739481,0.0213910653536758,0.0288176852174077,-0.0151109489864909,-0.0359054743395087,-0.0016314864806335,-0.0193999443760969,-0.262117704767009,1e-06,"E02000380","Hammersmith and Fulham 009",522925.752430196,179201.108560484
-2.17557086723512,0.00988370604564916,0.0271543172412599,0.0533687305566124,0.0207149973762344,0.0309484017857697,-0.024688698034269,-0.0405389558670656,0.000662552886545849,-0.0217253776896414,-0.250316556547337,1e-06,"E02000381","Hammersmith and Fulham 010",523752.177204541,179115.846353439
-2.09318120627766,0.00251112264378254,0.0151585251017561,0.0683129317910938,0.0213720999169817,0.0301204699432629,-0.0101229162634849,-0.0310059119102403,-0.00603268500454716,-0.0156485455562572,-0.249712900651742,1e-06,"E02000382","Hammersmith and Fulham 011",522331.755235763,178710.94300244
-2.63431225796895,0.0103579397782866,0.0369135616826256,0.0475416671567161,0.0203335198257615,0.0335265587925964,-0.0313053843356797,-0.0403382870677839,-0.000911176531995589,-0.0194565182952439,-0.2111289675097,1e-06,"E02000383","Hammersmith and Fulham 012",524293.51365244,178685.321038369
-2.0755405497724,0.0053401741876746,0.0242879934289979,0.0617400114363209,0.021817624977907,0.0331872036403465,-0.0215109899600909,-0.0376138390072509,-0.00317868824266837,-0.0201814488592764,-0.262223659101763,1e-06,"E02000384","Hammersmith and Fulham 013",523209.764270333,178529.269975775
-2.9306999945614,0.00760992458285214,0.0434468941206968,0.0474857503595875,0.0212477286857302,0.0363751624607972,-0.0325648639492366,-0.0377258664265257,-0.00450480934170842,-0.0176798002492768,-0.188340055731817,1e-06,"E02000385","Hammersmith and Fulham 014",524236.454009646,178107.53831283
-3.1084138895452,0.012495127737285,0.0430512780940529,0.0406673413187663,0.0184634203411079,0.0348535289272666,-0.0346760945329396,-0.0384649670678236,-0.00241674988555652,-0.0145922303578816,-0.165868262222652,1e-06,"E02000386","Hammersmith and Fulham 015",524815.880146298,178017.480343296
-2.92459552389846,0.00579909951669256,0.0428759459340889,0.0503278749819328,0.0217278519741128,0.0378366161518354,-0.0302062580671426,-0.0379010322466358,-0.00629827356846804,-0.017442649203659,-0.190189686006238,1e-06,"E02000387","Hammersmith and Fulham 016",523987.092467243,177749.798100749
-3.05712305622226,0.017858862081451,0.0373211294877505,0.035996576442882,0.0155832320762175,0.0345658048284897,-0.0351408256247026,-0.0429783606909144,-0.00012137986079703,-0.0125282628516241,-0.164179162657547,1e-06,"E02000388","Hammersmith and Fulham 017",525192.89271643,177560.608870598
-2.94860911625684,0.00240432048550094,0.0423933324629223,0.0547536832343852,0.0229659384634,0.0398364627471813,-0.028014882680556,-0.0370159483021521,-0.00906559484604573,-0.0173143086262293,-0.189767600243039,1e-06,"E02000389","Hammersmith and Fulham 018",523602.296241024,177314.214657432
-3.23492691517354,0.00932598386589951,0.044443675200656,0.0443231498871602,0.0189028416417098,0.0387687992112654,-0.0317395858486073,-0.0389940909567272,-0.00607767811442293,-0.0134364402713004,-0.157078771509133,1e-06,"E02000390","Hammersmith and Fulham 019",524423.533274798,177267.598675139
-3.00662870022632,0.0249985760639622,0.0296017819290856,0.030084192490112,0.0115550401318347,0.0337585337561371,-0.0331460507017184,-0.0477111380722599,0.00189867962982544,-0.00987007742762846,-0.160679185870171,1e-06,"E02000391","Hammersmith and Fulham 020",525588.165894802,176898.861632598
-3.16447690250323,0.0165479418635107,0.0357681147386255,0.0385494177770627,0.0144185601017503,0.0377725090831616,-0.0323281478954155,-0.0440145088185735,-0.00286439399877556,-0.0104009559038187,-0.152550510387934,1e-06,"E02000392","Hammersmith and Fulham 021",524892.647278677,176794.624547636
-3.3183204965655,0.00738732682118024,0.0441844952035561,0.0464554828044029,0.0190846130370746,0.0411079501334725,-0.0308060074534798,-0.0392918120504835,-0.00780234836441714,-0.0127794553860183,-0.149589063201266,1e-06,"E02000393","Hammersmith and Fulham 022",524205.688287211,176838.633907178
-2.92709519724493,0.0336933537005485,0.022776544647471,0.0219034002152029,0.0079518747306656,0.0305082554370994,-0.0299115631637671,-0.0485950358258475,0.00431581744088194,-0.00874342941040591,-0.162790624495335,1e-06,"E02000394","Hammersmith and Fulham 023",526113.898386832,176454.3577707
-3.34218104045445,0.0131976991600855,0.0327384527450056,0.0426135328464551,0.0138972801342389,0.0396078454500208,-0.0306782528024184,-0.0416145869944837,-0.00593160121526571,-0.0077193285722821,-0.130504786596296,1e-06,"E02000395","Hammersmith and Fulham 024",524485.74765122,176099.900200684
-3.22237934101167,0.0281779028091235,0.0247289158764196,0.0271029147979781,0.00749908763816978,0.0332367804194687,-0.0301111779277698,-0.0457168793826627,-0.000295082157666591,-0.00658613282600554,-0.129706335197583,1e-06,"E02000396","Hammersmith and Fulham 025",525519.438803029,176000.582021773
-3.77519822738721,-0.00287191656093048,0.0478262953547446,0.0317385325438729,0.0141374310203408,0.00962374921321202,0.000968331404380908,-0.00850706968695193,-0.00827344049110856,-0.0167141748670862,-0.0201395550909181,0.135627139744474,"E02000397","Haringey 001",530500.156870882,191314.67259528
-2.20684687613877,-0.0080294681253156,0.037879266741194,0.0629576665718534,0.0105735477257943,0.0116748869964875,-0.00704630224740828,-0.0350063789047672,-0.0647193527762107,-0.0243772923822054,-0.15607719904566,0.14427022840373,"E02000398","Haringey 002",534834.297424736,191281.606863286
-4.10474287870956,-0.00294537402626128,0.0432658165614611,0.0289434732232493,0.0139232575047842,0.0083135758007804,-0.00100283038575236,-0.00776108594315711,0.000769527177752815,-0.0156236030852924,0.0250424123342798,0.133137872154632,"E02000400","Haringey 004",529599.002955803,191244.459249577
-3.1846562358426,-0.00620315790590206,0.0506085581657654,0.0499128979835369,0.013246720905377,0.0106991332346768,0.00289658678183753,-0.0179044787646456,-0.0266959697898879,-0.020422012161352,-0.0864768783014587,0.143096581754073,"E02000401","Haringey 005",532330.716795134,191204.796874297
-2.94681617428817,-0.00797170719364241,0.049588414462747,0.0583400053562755,0.0125779547885703,0.0110651598851707,0.00135407321372569,-0.0230395227490481,-0.0336208218160921,-0.0222221415411142,-0.107089118672812,0.142447508424246,"E02000402","Haringey 006",533071.313326518,191122.796003545
-3.55032047978619,-0.00359645772939765,0.0498098339091147,0.0358438103830278,0.0138422453891786,0.00978825837431079,0.00308219135460714,-0.0123895343319967,-0.0131100058474993,-0.0184883743814177,-0.0462550627063655,0.143419893528698,"E02000403","Haringey 007",531121.888815904,191059.837899968
-3.29747178422126,-0.00498071798791765,0.0491471176091636,0.0419499728138752,0.0135847937365771,0.0102400790407694,0.00356387323260268,-0.0166571429711147,-0.0169843051039854,-0.0206633189659211,-0.0708500238583102,0.149169752813703,"E02000404","Haringey 008",531705.338135244,190876.291137164
-4.12865621292798,-0.00184056818993752,0.0439684264824361,0.0220464733498146,0.0130799927150919,0.0073721469008642,0.00139108936373309,-0.011629589592149,0.00482025659911941,-0.0179513794845809,0.0342506605378095,0.134745498187039,"E02000405","Haringey 009",529571.757049949,190367.250640115
-3.19396464703068,-0.00528261977783326,0.0468657274542136,0.0403693444425661,0.0136099779966857,0.0100679668800629,0.00453733144638774,-0.0201571219405848,-0.0122637927047333,-0.0232110014090789,-0.0750802223330915,0.158904743499072,"E02000406","Haringey 010",531685.566857346,190309.26636725
-2.50414628570078,-0.00991421436382708,0.0434587842644214,0.0618942941604097,0.0121707690885339,0.0112130205119235,-0.000197017569036056,-0.033709970385407,-0.0259738120346005,-0.0280405417799344,-0.134999132736858,0.158785970491292,"E02000407","Haringey 011",533546.410531384,190231.061552198
-2.34331182760884,-0.0103469653479812,0.0424697568662995,0.0654705293739777,0.0114012993959186,0.0112641969102062,-0.0021837061538813,-0.0379452199712012,-0.0343986802002399,-0.0286100682825323,-0.147011675389228,0.156739817936341,"E02000408","Haringey 012",534058.044792551,190249.217180941
-2.7965850162075,-0.00802245233619171,0.0450522108711659,0.0517612438543396,0.0131257571922842,0.0106623376474161,0.00339505433215156,-0.0280249581234868,-0.0173432855952738,-0.0267511736821553,-0.110510049897907,0.163732052139631,"E02000409","Haringey 013",532612.728408351,190100.858201518
-4.39026267095544,-0.00227389131615025,0.036634161694176,0.0209792249259255,0.0115406381592852,0.00500005311971822,-0.00316318512930522,-0.0170241521728453,0.0117129728999327,-0.0187679251463216,0.0876350265972255,0.117408963600482,"E02000410","Haringey 014",528618.399992884,190089.326090507
-2.05460048917477,-0.00986957020161898,0.0379803632497041,0.0641336027408198,0.0108471088683181,0.0114676683122969,-0.00515478641511019,-0.044706479790918,-0.0422872827497168,-0.0302185226176774,-0.1650311399877,0.15702371838819,"E02000411","Haringey 015",534670.997817325,190040.3438734
-3.43288511928787,-0.00354919581831651,0.0447110233065395,0.0309666250179858,0.0138224905409196,0.00960978546686902,0.00518539214585992,-0.0172533716303387,-0.00415290952799083,-0.022985476766649,-0.0460635350838212,0.155856579302569,"E02000412","Haringey 016",531006.415134054,189967.336866023
-4.54828351372218,-0.00247754028471057,0.0313319477391367,0.0215627145102312,0.0099543964871445,0.00316596133268701,-0.00711620855008921,-0.020305629276587,0.0142022494989943,-0.0191452222871445,0.12374598078288,0.104644823579405,"E02000413","Haringey 017",527904.044075235,189961.164778228
-2.49063578017852,-0.00931103158833153,0.0402161528534539,0.0554718801296652,0.0130074839444529,0.0114053972192942,0.00139473190493654,-0.0338662490860461,-0.0155087149467257,-0.0297829628766344,-0.131682888511774,0.166377030842733,"E02000414","Haringey 018",533161.797474589,189765.015449458
-2.92182012314828,-0.00664217035280443,0.0433424303448201,0.0433583671982286,0.0136513710527543,0.0102855720854023,0.00563525064605669,-0.026920597406886,-0.0103314365743276,-0.0277616579365714,-0.094829330344794,0.169743297527213,"E02000415","Haringey 019",532099.509710221,189671.608337831
-3.69229247771321,-0.00203081391798579,0.042005894122734,0.0229806593326325,0.0134445445090345,0.00856281172068542,0.00624172321975389,-0.0151171017924281,0.00303636452897688,-0.0245940457755293,-0.0113880755961271,0.149538096523663,"E02000416","Haringey 020",530432.547537583,189350.605941855
-4.34458298160589,-0.00121503345391409,0.036748709510867,0.0174237206555757,0.0114736457570261,0.00576560190678526,9.48880751113558e-05,-0.0165462524393479,0.0104919045287715,-0.0230056507111654,0.0818908978896299,0.112063646881486,"E02000417","Haringey 021",528886.828521517,189166.205020887
-4.04135734160041,-0.00110517242124254,0.0400899575095577,0.0179375118232821,0.012516458817751,0.00725438294326026,0.00427752745219558,-0.0137577948806742,0.007681073815898,-0.0239916019666884,0.0350768243332729,0.131045244799146,"E02000418","Haringey 022",529682.341535431,189151.544912706
-3.17238820920214,-0.00428672903157225,0.0385019012149106,0.031590197587742,0.0142294713821999,0.0102894189009499,0.0069961601454204,-0.0222200403170864,-0.000139318813971253,-0.0288814495973941,-0.0632190099703353,0.164214593925559,"E02000419","Haringey 023",531406.703816775,189134.311878427
-2.3317947970413,-0.00899965537565809,0.0371242639529077,0.0509099969297687,0.0132231197468199,0.0113492653980228,0.00281572008462758,-0.0380743796359398,-0.0101392445755087,-0.0328150951847972,-0.140458295996779,0.174170976935895,"E02000420","Haringey 024",533192.497445094,189162.554304292
-2.0321355515342,-0.00994913534333406,0.0355836005018392,0.0557572367640979,0.0123438975214202,0.0117492622902656,-0.000126967330231971,-0.0444761495582489,-0.0160196739597795,-0.0339595325212069,-0.164292502480514,0.171242685867684,"E02000421","Haringey 025",533954.095762378,189115.829339634
-2.46330765648458,-0.00723238326283974,0.0358093364486325,0.0419455934026049,0.0138566635418665,0.0109924252488351,0.00576434242627535,-0.0354442720756625,-0.00486180476127557,-0.0338456903826861,-0.126697873955951,0.177699575302081,"E02000422","Haringey 026",532714.155559715,188827.262069337
-2.75998427419271,-0.00525927515600759,0.0344079328656724,0.0339734853920972,0.0143663695153233,0.0108693215126906,0.00712550601406106,-0.0294898856608813,-9.5641685181298e-05,-0.0331439860378366,-0.0974728320317023,0.172917280942457,"E02000423","Haringey 027",532113.591848065,188694.259341371
-3.50303840273139,-0.0022148718646283,0.0352599002821343,0.0237189948780255,0.013748358998061,0.0092930218306683,0.00770799380258358,-0.0165787908935253,0.00656514797119651,-0.0308593854477891,-0.0223072080978506,0.150618824131488,"E02000424","Haringey 028",530779.864727142,188605.176471889
-1.84887221350681,-0.00815847129941428,0.0302409237175239,0.0438945240065511,0.0130052534862671,0.0121544162344279,0.000789640491126988,-0.0460454543442749,-0.00651866103199478,-0.0359845692682288,-0.17368706313279,0.175995609975597,"E02000425","Haringey 029",533970.655123792,188449.174850954
-4.62161150883429,0.00073733116714098,0.0295627842716273,0.0146926403046125,0.0102545511838844,0.00437472948394682,-0.00536692720019504,-0.0200571373722101,0.010734245892909,-0.0264872261174383,0.133122352448686,0.0801924139613855,"E02000426","Haringey 030",527845.650342865,188264.529086458
-3.01812312640371,-0.00144810998938544,0.0284900225359014,0.0208201685464344,0.014028328215381,0.00985573386536096,0.00822279941952891,-0.0231816415179402,0.0088032620638643,-0.0373012102067462,-0.0615222410327031,0.162188595648795,"E02000427","Haringey 031",531656.606730381,187882.645843358
-2.28832336004628,-0.00504692056299324,0.0302772390331795,0.031023164770296,0.0141375330915732,0.0111619488097712,0.00615452202640174,-0.0363277213854796,0.00140679101550879,-0.0365618221583235,-0.13526768044217,0.179176010017632,"E02000428","Haringey 032",532825.978454767,188208.119168032
-4.15040559377691,-0.000841111313992424,0.0316586109667744,0.0199583602525959,0.012008089102873,0.00741301554117304,0.00362483973260545,-0.013991440422633,0.0110985783421307,-0.0304798659107214,0.0610748619541801,0.110911946716692,"E02000429","Haringey 033",529471.909791157,188227.867651761
-3.70083423997353,-0.000945352627892675,0.0315373631156557,0.0205322718506444,0.013077669057082,0.00858367031217444,0.00725924648824024,-0.0134208424533458,0.0104632467970504,-0.0337442228358875,0.00628189459658136,0.136229880602754,"E02000430","Haringey 034",530449.305395009,188125.186986536
-4.40431156821847,0.000780442225009081,0.0281696324855701,0.0175888283287129,0.0107665965891808,0.00648572900882886,0.000290906082829492,-0.0146215618069313,0.0112645633012161,-0.0327136025113966,0.10023466744165,0.0870390278702435,"E02000431","Haringey 035",528824.28141061,187668.963130963
-3.34484075406731,8.03369317526685e-05,0.0272604776723686,0.0177943777013308,0.0133427753394173,0.00895666044475197,0.00807993736573239,-0.0169010747845672,0.0117221554803881,-0.038580457429917,-0.0252998368253982,0.148180030359928,"E02000432","Haringey 036",531172.675803647,187645.335576483
-4.95542563043463,0.015806065519673,0.00783246013562611,0.0265151166617246,0.00512875902032849,-0.00483180429465254,-0.0022571352731184,-0.0225088632057225,-0.0254766751562433,-0.0186123982711689,0.197402383959005,0.0846797469563524,"E02000433","Harrow 001",516499.758090908,193256.425505975
-5.76996144517589,0.00911291226194152,0.00902075239927932,0.0401457698581768,0.00799111892525039,-0.00544773047403447,-0.00754463759122232,-0.0165615789383983,-0.0143557459654253,-0.0105256480404726,0.269400027438016,0.0929698447282787,"E02000434","Harrow 002",518243.318651012,191763.791432769
-4.78440725556125,0.0182714208874209,0.00936386435734307,0.0245616511741801,0.00472718231932424,-0.00495700881623199,0.00328418934613271,-0.026109042890392,-0.0343421100938833,-0.0148685488785566,0.17083089219659,1e-06,"E02000435","Harrow 003",516310.692053196,191677.657619681
-4.45548719281355,0.0260982970994872,0.00801990843256428,0.00582959218297164,0.000271744695473825,-0.00413153838156259,0.0123129935134148,-0.0344830010151874,-0.0443893092083189,-0.023385360387726,0.161051109352334,0.0781640082108593,"E02000436","Harrow 004",513676.356494471,192126.332074452
-4.90565704405414,0.0208586434215089,0.00827041116308227,0.0143337584062263,0.00135951358190678,-0.00476052912141816,0.0112795017296512,-0.030546470222542,-0.0391721775637953,-0.0193845775450595,0.206954677319593,0.0981130529454,"E02000437","Harrow 005",515130.351576953,191124.474950577
-4.55346175851704,0.0268649237845365,0.00814453466609696,0.00292221347310555,-0.00036430812567984,-0.00357389604620545,0.0162812807919668,-0.0365109080761979,-0.0498348369691701,-0.0215941593222684,0.173738361930654,0.0777091492221587,"E02000438","Harrow 006",513293.203954763,191016.718497511
-5.75044037553672,0.00843322637314829,0.0096044407007631,0.0411467400615861,0.00975339968024483,-0.00629227952135378,-0.00911360035468421,-0.0141998524748112,-0.00715402620083234,-0.00772591883087323,0.257002213976014,0.0986236370860401,"E02000439","Harrow 007",519203.464383787,190906.699871458
-5.07762072754525,0.0153164239607497,0.00963991890096794,0.0293228596575459,0.00581197523344369,-0.00504655029749905,0.0027135489493353,-0.0233599480968579,-0.0302312069595889,-0.0109481907301709,0.196991397178241,1e-06,"E02000440","Harrow 008",517016.402114534,190918.285019826
-4.43934073003536,0.0307367361039396,0.00774023929138463,-0.00459862491744238,-0.00137652561071171,-0.00210208090480593,0.0199070493138938,-0.0403618778641535,-0.0577857891887398,-0.0219649755949347,0.163565688187645,0.0643205929972777,"E02000441","Harrow 009",511344.08898317,190881.821110027
-5.85292114721065,0.00871657662413223,0.00954039605031378,0.0393041726318209,0.00838836158267957,-0.00633370331319709,-0.00347381625240312,-0.0156374909904933,-0.0103345519270809,-0.00758448792033026,0.273808076995246,0.111959703829007,"E02000442","Harrow 010",518771.631101692,190375.774315347
-5.04123383887595,0.0204769244960126,0.00847752678866918,0.0139953153704597,0.000964298336462366,-0.00455558128427334,0.014259458963772,-0.03133388312562,-0.04351697510659,-0.0175981214761789,0.222804523211895,0.102262878913289,"E02000443","Harrow 011",515132.854626468,190273.925073765
-5.27583451455383,0.0128246404531015,0.00984917350806193,0.032973823175603,0.00707222393495485,-0.00514288612359674,0.00259044567554796,-0.0205039333960485,-0.0251538667356771,-0.00702360426462522,0.211618716989709,1e-06,"E02000444","Harrow 012",517696.896187454,190148.263782605
-4.82373655838718,0.020659895569977,0.00997398628998312,0.0184131812619847,0.00271286870287582,-0.00472479319398883,0.0124137140639978,-0.0308530628351679,-0.0461747951390893,-0.0121977548841396,0.180195073105841,1e-06,"E02000445","Harrow 013",515776.24748196,189819.829669607
-4.76967651441664,0.0251020971591223,0.00834301082161038,0.00513021143522049,-0.000411068286392614,-0.0034840653855271,0.0185872318575778,-0.0359868090908693,-0.0532717833657928,-0.0189890277706345,0.197096822162968,0.085330892758746,"E02000447","Harrow 015",513801.316103781,189944.843887815
-4.59324172696061,0.0289869402358833,0.00796670415027737,-0.00229147543455009,-0.00140623059231052,-0.00203877610743755,0.0220186067576285,-0.0397513661340523,-0.0607095351977613,-0.0194967588564905,0.179740372157485,0.0725242198292412,"E02000448","Harrow 016",512166.476993778,189626.957710617
-5.20308383630042,0.0114597871305128,0.00991045431547075,0.0330964362313048,0.00837624811705839,-0.0049666623054108,0.00394589167148797,-0.0185026878651528,-0.0186058491530386,-0.00375286203013984,0.197056680146359,1e-06,"E02000449","Harrow 017",518379.409232902,189344.924234565
-4.72987060288393,0.0265540106378836,0.00828436020660257,0.0014734376758792,-0.00100945415667982,-0.00250005062543394,0.0219460154844065,-0.0380933248417706,-0.0602064556176961,-0.0178769506186536,0.193552530909593,0.0826998958364191,"E02000451","Harrow 019",513147.890089262,189164.513785204
-4.75154292570687,0.0225357964392065,0.010048793675391,0.0133416745961364,0.00159063745618211,-0.00407824954441232,0.0170315899911711,-0.0339064539737625,-0.0564972273063661,-0.0112786041683103,0.176187742780437,1e-06,"E02000452","Harrow 020",515222.542009261,189009.557560489
-5.01988087683242,0.0227922383963161,0.00868982948548438,0.00772433212253125,-0.000416287428728026,-0.00318082932229953,0.0218898032155954,-0.0353895487145653,-0.0597797055493585,-0.0152972341201752,0.223354054356858,0.0962543576834658,"E02000453","Harrow 021",514334.059944707,188652.852761936
-4.65186502924918,0.0282962088454098,0.00804553275848242,-0.00227430410840034,-0.00168102534765606,-0.00103098836619654,0.0249176043462582,-0.040482894585756,-0.0664677394771545,-0.0168936704272273,0.185148062016403,0.0828736423587828,"E02000454","Harrow 022",512000.086389909,188351.608674801
-4.92664621700404,0.0206254122720754,0.0103993809120484,0.0161237423918746,0.00196698287098837,-0.00405663002468768,0.018813674792466,-0.0326281531535617,-0.0595382825726258,-0.00786050826006323,0.191872847187514,1e-06,"E02000455","Harrow 023",515741.546777619,188206.058334681
-4.98163448976566,0.0228812036327259,0.00881607344816612,0.00634389300054311,-0.000616151004743391,-0.0024912978075041,0.0239071479119737,-0.0362790560674743,-0.0652493152170384,-0.013975861948397,0.218810258222003,0.101061525424742,"E02000456","Harrow 024",514156.395703781,187994.224839139
-4.79615797758721,0.0256219071229615,0.00849992849468535,0.00154333890433618,-0.00131364916368461,-0.0014778313102951,0.0255402885673758,-0.0387704665583829,-0.0685859335982279,-0.0148085371465069,0.199635422604027,0.0933038451220828,"E02000457","Harrow 025",513147.602356324,187733.8450199
-5.05825069890512,0.021673787175124,0.00912476869724768,0.00700438479752713,-0.000925991442471632,-0.00181911061526653,0.0270888622340269,-0.0365363758426305,-0.0756595940672584,-0.0111773381838937,0.226782349099192,0.108634443402231,"E02000459","Harrow 027",514318.438286472,186814.071047487
-4.81195905825963,0.0247198533235876,0.00869465196153085,0.0021426289817563,-0.00158365747116744,-0.000666662581606762,0.0275986860781487,-0.03918075112547,-0.0747031892917691,-0.0126234032841613,0.20053313527451,0.102889710650455,"E02000460","Harrow 028",513189.84742231,186636.113941684
-5.35422465048051,0.0174322071176108,0.00961647315040369,0.0136960140685969,0.000109012684814826,-0.00272588099069987,0.0260038904040174,-0.033154031873586,-0.0739143360591457,-0.00850156715747038,0.256228908148029,0.126700324659945,"E02000461","Harrow 029",515413.894562784,186767.960513704
-4.95010016885952,0.022677712975393,0.00899346129422953,0.00443645552282612,-0.00166505579297407,-0.000786761118208806,0.0287252183317803,-0.0383997293254279,-0.0818297680449231,-0.0102930852866383,0.217082487655583,0.107884790061786,"E02000462","Harrow 030",513804.980693163,185898.545007827
-4.79494693299862,0.025128218187491,0.00856051260674037,0.00137954360909766,-0.00217057753673858,0.000136271093715781,0.0287219961289138,-0.0403874646158747,-0.0777860649155769,-0.011509367246565,0.199861377788076,0.103464358836814,"E02000463","Harrow 031",512808.983403422,185803.171633452
-6.56811830156885,0.0121559322669912,0.014430257604226,0.0390200830822056,0.00159962049193213,-0.0080783176027661,-0.00117855336297954,-0.0195787292230707,-0.0933256232801218,-0.00766165337478178,0.384060805474929,0.022988664260446,"E02000464","Havering 001",553999.897637653,193423.399401109
-6.43193122698301,0.0121816466935187,0.0152574261110468,0.0274245137547673,0.00199956491830147,-0.00762285656115059,-0.00159547024965668,-0.017927439533644,-0.0883461308060481,-0.00861947959515747,0.367730385477839,0.0315047786739167,"E02000465","Havering 002",555355.562886587,192213.42875951
-6.62984509501213,0.0116467540624543,0.0139872282748631,0.0418482045072769,0.0018265747916479,-0.00824225309128809,-0.00186965013454033,-0.022548466027149,-0.0917012611465351,-0.00759602477864937,0.394476053528316,0.0184468352326141,"E02000466","Havering 003",551347.361174558,192721.639900596
-6.46324384994176,0.0119509757332855,0.014995721766112,0.0291525944798942,0.002168556174575,-0.00774002656459758,-0.00168433001989348,-0.0192671593360803,-0.086833863524265,-0.00860144733461193,0.372663509493973,0.0291893369878593,"E02000467","Havering 004",553774.410914265,191769.223543847
-6.631964602856,0.0109128667794908,0.0136652654931753,0.0441298302854079,0.00208354784050245,-0.00825912501113366,-0.00332479026702619,-0.0255977569912375,-0.0906217523026762,-0.00792458896455837,0.398852555134013,0.0155829766882985,"E02000468","Havering 005",549403.711597471,192432.977288573
-6.45484409478162,0.0117330233655546,0.014951969163348,0.0281600939836408,0.00241592033585956,-0.00771772306764233,-0.00193487261912881,-0.020079162807112,-0.084387158314269,-0.00884151661771176,0.372714575402626,0.0293011184958023,"E02000469","Havering 006",552847.253450566,191207.781806796
-6.32464956696473,0.0119864727019826,0.0166108862513401,0.00584422260250094,0.00245889949613346,-0.00692506870279128,-0.00173463163378067,-0.0163962837854545,-0.0830150643338725,-0.00906812988838321,0.35636972122324,0.0380189293294935,"E02000470","Havering 007",555880.50783144,190490.66614618
-6.46974354089936,0.0114613476275307,0.0147071949622831,0.0293104710287129,0.00266088454129688,-0.00779724285663453,-0.00219310112520862,-0.0216548283949423,-0.082198675879445,-0.00900760749764709,0.376054251866679,0.0272480429121226,"E02000471","Havering 008",551402.86528582,190702.16586498
-6.4661185160523,0.0112448644760011,0.0145166191396926,0.0303854822012898,0.00288840762898441,-0.00782628814293432,-0.00254497927016351,-0.0229047691537313,-0.0802432649527938,-0.00927133475276647,0.376824843002244,0.026192837120128,"E02000472","Havering 009",550417.498298466,190325.901079438
-6.2727347739494,0.0117682413948118,0.0165461757379271,0.00558438896273277,0.00293588905818413,-0.00678492096917214,-0.00247265281741096,-0.0171530397386903,-0.0778675567544904,-0.00971949342522151,0.350475421532421,0.0423285229069685,"E02000473","Havering 010",554656.17177908,189503.11481832
-6.42915213413972,0.0110135897815247,0.014632846340756,0.0265284348998633,0.00322535470309423,-0.00771446457333716,-0.00269475277420827,-0.0234761565856948,-0.0768126813277229,-0.00965059419517286,0.373736368950933,0.0271433213605686,"E02000474","Havering 011",549769.283926154,189631.159816123
-6.34148476513286,0.0114474736110421,0.0157879934579968,0.0140616738081169,0.00300984960329341,-0.00718463423118856,-0.00233969532393704,-0.0192815734777503,-0.0777706004628583,-0.00955546739293379,0.360311443011914,0.0365095347339411,"E02000475","Havering 012",552795.516329224,189688.571376038
-6.33333158044768,0.0111120837104406,0.0157099045174726,0.0119737029031424,0.00337863013042282,-0.00717450924651711,-0.002360614977053,-0.0205723619892156,-0.0742290394698232,-0.00971608733149463,0.361131436129678,0.0352097580352156,"E02000476","Havering 013",551317.876330426,188960.638121918
-6.21621249373668,0.0115013036396721,0.0165575416230081,0.00342025618869305,0.0035003172262946,-0.00661681223391385,-0.00291687029555304,-0.0179923318843156,-0.0721685476689553,-0.0101833967874391,0.344189932018643,0.0454434317935318,"E02000477","Havering 014",552964.88511718,188355.822310347
-6.16499523321872,0.0119817921579717,0.0172409238794665,-0.00338942680860923,0.00327226112899784,-0.00628466615305868,-0.00296739756593111,-0.0159455803202005,-0.0736800375111692,-0.0101627894279289,0.3360547716148,0.0499093061744978,"E02000478","Havering 015",554760.11621999,188259.723647452
-6.20079449131527,0.0112955657317168,0.016364444962833,0.00482960600515085,0.0037810087048767,-0.00663754503046906,-0.00309395634035221,-0.0188614506576672,-0.0696636660671096,-0.0104133321345127,0.3429417302385,0.0455037434779549,"E02000479","Havering 016",551967.896539984,187998.338586426
-6.24823541141865,0.0108070980440372,0.0156411952163286,0.0110197753362946,0.00401175652646995,-0.00700306261480354,-0.00294427067300188,-0.021606900988897,-0.068377632711201,-0.0104715425435941,0.35169779154356,0.0383140227314641,"E02000480","Havering 017",550058.937003196,188021.258376401
-5.9721948192314,0.0134015846021131,0.0188841945101929,-0.019416512302926,0.00293575804788076,-0.00500844223364086,-0.00390978952403962,-0.0116004991344337,-0.0741326260096316,-0.0110515539047092,0.306864828218996,0.0683570138168254,"E02000481","Havering 018",559066.900294497,186853.061034776
-6.05989874387431,0.0126075381625592,0.0180463789220841,-0.0112866237887364,0.00321564020705228,-0.00572476422657154,-0.00348000771666787,-0.0138406313644137,-0.0730606450882868,-0.0105791130146437,0.320549489206469,0.0587603317767854,"E02000482","Havering 019",556493.467193229,187546.250297245
-6.07838296647637,0.0120471940282942,0.0175918330150463,-0.00851632986306519,0.00368940040271032,-0.00594441413889586,-0.00347245223155943,-0.0156135787435075,-0.0689095556536975,-0.0105050746233766,0.324705928826732,0.0559741803909673,"E02000483","Havering 020",553900.594248606,187127.032702818
-6.09938188776318,0.0116237695389067,0.0172230256434853,-0.00629294493547301,0.00398123343237878,-0.00613942882004055,-0.00332685963234619,-0.0170689746268619,-0.0665929230880444,-0.0104451131110783,0.329066162698126,0.0524860474233532,"E02000484","Havering 021",552366.649847226,186982.385143528
-6.01516613582312,0.0125218842697127,0.0180886847984229,-0.0127180539083464,0.00358053716764318,-0.00556506466025761,-0.00389340808477362,-0.0141471421570927,-0.0690657658920187,-0.0108083452903614,0.314887761476613,0.0626328875064626,"E02000485","Havering 022",555221.599850388,186764.908958567
-5.98994821212631,0.0121297428576412,0.0178818019878422,-0.0125480553267889,0.00411246475402845,-0.0055678299567738,-0.00417554195428265,-0.0153052801145304,-0.06404109224435,-0.0109231045843103,0.312847163081181,0.0637343742222716,"E02000486","Havering 023",553237.478260132,186141.919137566
-5.84868346507108,0.0135338215804253,0.0190839740110905,-0.0227243628874398,0.00367549334435997,-0.00421041998725832,-0.00556835609671613,-0.0117630186519304,-0.0640483482230581,-0.0119271257515673,0.28944557139418,0.0872058694544856,"E02000487","Havering 024",556512.165251812,184739.177539714
-5.90471638320883,0.0125167910117571,0.0182960092343897,-0.0163294204833535,0.00425932312534251,-0.00506197140077432,-0.00499906166705829,-0.0142703726783638,-0.0613581195360993,-0.0113987851727262,0.300127064353579,0.0741892748312319,"E02000488","Havering 025",553667.599350985,185379.261036547
-5.87148494158016,0.0122106983487547,0.0182283308784092,-0.0178470316722778,0.00468788008944318,-0.00501126633005047,-0.0053015398418116,-0.0150341770613124,-0.0571919226649801,-0.0114221624370036,0.297141190901429,0.076167635101767,"E02000489","Havering 026",552342.617535228,184924.104629267
-5.77324490935557,0.0125596439650312,0.0185452075086842,-0.0208111259747961,0.00504359899795715,-0.00430861558526904,-0.00658899222395306,-0.0143355346765534,-0.0522097424176938,-0.012028857891106,0.282180916420561,0.0920470618637784,"E02000490","Havering 027",552339.375684849,183986.403463752
-5.62809872258137,0.0125906646303665,0.018671181744918,-0.0240534499719344,0.00608312026133312,-0.00325485017237742,-0.00886078022695035,-0.0148517331432553,-0.0407157075933826,-0.01272901478972,0.261365913903598,0.118146152709015,"E02000491","Havering 028",551092.351730769,182664.617820309
-5.62241181951497,0.0141884830250496,0.0195231386191895,-0.0312504930643978,0.00494784639751582,-0.00169497459794943,-0.00982696473825184,-0.0122848004478888,-0.0428503570224266,-0.0133783992764946,0.255099634689398,0.146003306380382,"E02000492","Havering 029",553491.071065647,181454.099310567
-5.62909387499462,0.0135892133305983,0.0191995704971293,-0.0277076397063888,0.00539250258898027,-0.0023880850260909,-0.00933219707227819,-0.0130691923181177,-0.0428063745633268,-0.0131044828497953,0.2575673858266,0.133017010812876,"E02000493","Havering 030",552723.264285669,182040.426361995
-4.48499479300346,0.0334441314701073,0.00712023155559923,-0.00918948488763482,-0.00229069563292836,-0.000120303679604417,0.0234311853771832,-0.0433762939222916,-0.0637957152562229,-0.0213795393033791,0.168950640621598,0.0596951708381387,"E02000494","Hillingdon 001",508285.923976125,190862.128250027
-4.46173901428285,0.0325181048527969,0.00735155353048263,-0.00790796239585461,-0.00197792890774437,-0.000832975036017486,0.0223605876228696,-0.0424224331961685,-0.0624628122177065,-0.0214705693454755,0.166630951849926,0.0611669270883582,"E02000495","Hillingdon 002",509608.88618061,190710.709175648
-4.6049506867107,0.0335361342424181,0.00693971542930396,-0.0075373211063805,-0.00304367859825152,0.00161708633240797,0.0266676186080123,-0.0446983999558752,-0.0648916204836465,-0.0191514157526372,0.178264577762044,0.0687304527646616,"E02000496","Hillingdon 003",505638.714358784,189946.564452872
-4.56749405085477,0.0311448797396989,0.00752944766494455,-0.00608455709636295,-0.00215875163680989,-0.000411055088908847,0.0248166013600206,-0.0423159493762242,-0.0656238941619014,-0.0188630085171824,0.177058135899125,0.0704407895477537,"E02000497","Hillingdon 004",510306.286862473,189146.212453375
-4.62600783244469,0.0321655321561828,0.00723762297393686,-0.00623106962780779,-0.0028887983492767,0.00118531578047507,0.0273084447403884,-0.0439589782408877,-0.0667721466418463,-0.0176850565617571,0.18086572945559,0.073346786951315,"E02000498","Hillingdon 005",508191.177616528,188537.3241065
-4.6575427067655,0.029527062922059,0.00784018146185662,-0.00386866468102165,-0.00222081083447629,-0.000342970893584892,0.0266600558172277,-0.0417534746255388,-0.0687896701677286,-0.016633947424093,0.185890880484675,0.0780540854223891,"E02000499","Hillingdon 006",511296.290043071,187917.964722193
-4.63236922401247,0.0310126941323344,0.00747609611927079,-0.00512215477952371,-0.00268287084058132,0.000861463964817151,0.0273570851227878,-0.0432914250173061,-0.067894361415974,-0.016821674821622,0.181670369677216,0.0782022688175657,"E02000500","Hillingdon 007",509455.490766194,187980.744648465
-4.67528238139941,0.0289516255091829,0.00789033083264536,-0.00276849449397135,-0.00249594601716888,0.000604064940538777,0.028040776004189,-0.0422836891697801,-0.0707520713845956,-0.0148923174836593,0.185998794307922,0.0877211180885226,"E02000501","Hillingdon 008",510990.960805621,186976.598199035
-4.7097570320376,0.0293070242546245,0.00765635002455853,-0.000269301512240209,-0.00337125525031829,0.00244835000214184,0.0291115363527637,-0.0440137393310893,-0.0683162862898591,-0.0133412451189971,0.186005353396863,0.0975603609349099,"E02000502","Hillingdon 009",509130.850781235,185879.495889204
-4.70063475716042,0.0287909666450336,0.00783825836829299,-0.00167906992992482,-0.002905997207767,0.00140696345450747,0.0288939884372673,-0.0429511057796392,-0.071128477109197,-0.0136360550613106,0.187671431427475,0.0929303464659119,"E02000503","Hillingdon 010",510549.950438025,186205.75408633
-4.70307699161087,0.0300173545563549,0.00752840754474588,0.000373718947488349,-0.00357262165275093,0.00306525577324489,0.0291218733641559,-0.044699317107032,-0.0657656465084959,-0.013957353886606,0.182677734303603,0.0986388208331795,"E02000504","Hillingdon 011",507477.512047564,186180.834954445
-4.72596011335431,0.029855644016861,0.00748658792999714,0.00273392673175816,-0.00396243263086362,0.00382388845930257,0.0292779099185646,-0.0453852552544596,-0.0639311079730644,-0.0132202528180918,0.182802992967525,0.104419705346852,"E02000506","Hillingdon 013",506406.163562692,185594.989330386
-4.75316198104036,0.0273371954042169,0.00779666902817698,0.00630404388612514,-0.00402978396396437,0.0039782144099175,0.0282985651890307,-0.0449707813399178,-0.0652994677349187,-0.0105149768184055,0.186902573980753,0.121509890403722,"E02000507","Hillingdon 014",508606.346815755,184079.730831417
-4.77039749906512,0.0281655941262198,0.00749639458431145,0.0092061691438376,-0.00475742840207026,0.00503808982883675,0.0282287506288566,-0.046609362162648,-0.060921277801502,-0.010389678874782,0.185432479050802,0.123352668885527,"E02000508","Hillingdon 015",506164.095086113,183536.208909286
-4.7664238065962,0.0282864180359398,0.00744494035154153,0.0105044704435384,-0.00496746056382122,0.00542438287111594,0.0281334825333447,-0.0471644268497527,-0.0595446854897657,-0.0103133665204418,0.183412153342833,0.125627056901142,"E02000509","Hillingdon 016",505153.206504095,183285.102544321
-4.78802646429457,0.0268294150328478,0.00761769798729721,0.0121382010653286,-0.00497870490843983,0.00530279688086808,0.0272966493363714,-0.0468483359155257,-0.0605385679833602,-0.00884654026800818,0.187569658284906,0.134912983917205,"E02000510","Hillingdon 017",507076.663595062,182643.11587457
-4.8130155229953,0.0253936843160734,0.00786141227540281,0.0112003374579553,-0.00463105130252842,0.00460299173342075,0.0269117712303897,-0.0456420406496898,-0.0642512933227052,-0.00777338010493543,0.194431114153976,0.137712931647631,"E02000511","Hillingdon 018",509287.784075766,182667.53464598
-4.80001356929528,0.0261117933354917,0.00773173092818327,0.0121675738110896,-0.00486944065675683,0.00507407077756296,0.0270210188226224,-0.0464087472072269,-0.0618181397269018,-0.00826482443937809,0.190404703376319,0.13773234037383,"E02000512","Hillingdon 019",508105.329243321,182553.896469627
-4.86738993922566,0.0231036329533454,0.00812293994888449,0.0120080890625356,-0.00456037628667618,0.00405437038839756,0.0259366291642007,-0.0447417827224039,-0.0688161810414616,-0.00556424893140306,0.205962140348536,0.144981281851039,"E02000513","Hillingdon 020",511068.260526064,182292.519105086
-4.86850317669687,0.0232653572212612,0.0080489876617423,0.015222315801681,-0.00500695315929301,0.00486065899113785,0.0253945610277094,-0.0459044128584213,-0.064615807527246,-0.00542693636863996,0.202402402848067,0.153775888827888,"E02000514","Hillingdon 021",510270.88396857,181741.319512352
-4.778646171283,0.0262729531994567,0.0075438859923731,0.0177315225458905,-0.0056553355233653,0.00634013341949697,0.0259535608517327,-0.0486994088030565,-0.0566421646654053,-0.00750631927609471,0.182736583702791,0.149924224773556,"E02000515","Hillingdon 022",505575.15074328,181219.46956234
-4.92007527740929,0.0204158100817976,0.00850814445456411,0.0161716663042612,-0.00481937742266058,0.00429787833069705,0.0244329613896659,-0.0446417886400747,-0.0711114182380648,-0.00321414045907439,0.213531331329436,0.164980994223885,"E02000516","Hillingdon 023",511973.004265616,181527.883591136
-4.83156950962207,0.0243096637232605,0.00784231927349179,0.0179037926199013,-0.00545024497708517,0.00572953263337533,0.0251356373094051,-0.0474810905990558,-0.0597546826411963,-0.00603593965413802,0.193188759546772,0.157889395313253,"E02000517","Hillingdon 024",508525.174995592,181222.949466543
-4.79902556057,0.0250171489727104,0.0077134384379966,0.0193432486079442,-0.0056766675010345,0.00623960978684655,0.0250284094830433,-0.0484845139181121,-0.0573000557030527,-0.00640747833262956,0.186328587843703,0.15943604902536,"E02000518","Hillingdon 025",507056.947982624,180853.832685617
-4.90521589490642,0.0215079448444604,0.0082336016869198,0.0201740450416896,-0.00546464808605622,0.00533999150679847,0.023630289069909,-0.0466672672283684,-0.0634036346604833,-0.00371224925984306,0.206105390121246,0.173464834424175,"E02000519","Hillingdon 026",510669.140869914,180841.691605288
-4.88669585886599,0.0222093469300384,0.00798402667014403,0.0234171015820404,-0.00597077992693981,0.00600756245189197,0.022741787435609,-0.0484479713712209,-0.0588097380655154,-0.00374481386996944,0.200499250444003,0.179813868045254,"E02000520","Hillingdon 027",509517.313339834,180139.069154562
-4.83657615641771,0.0233421812485204,0.0076334609552527,0.0264370350582283,-0.00642931872424402,0.00667810521602108,0.0218826971060018,-0.0506329580714091,-0.0545184355827162,-0.00391498039282297,0.190773220170022,0.183352434549978,"E02000521","Hillingdon 028",507633.486246248,179263.455096402
-4.79102796360961,0.0245061647021072,0.00751011868179268,0.0251794410470547,-0.00635339822180672,0.00693015256299107,0.0228043188743712,-0.0508518027039409,-0.0536464459999755,-0.00486977724290928,0.183254608980801,0.175379259480597,"E02000522","Hillingdon 029",506090.449393625,179331.304947965
-4.91829200214596,0.0212956442646653,0.00780938315094089,0.0296582716161813,-0.00666193143930627,0.0063672198705729,0.0198778846995888,-0.0508157136087697,-0.0557382168098089,-0.00224059674376327,0.203576106348453,0.200756896068141,"E02000523","Hillingdon 030",509486.333418242,178940.061220206
-4.82200808978024,0.0217849549486,0.00683809285388242,0.0378880531224601,-0.00705107050796878,0.00714227243589436,0.0150303646163486,-0.0564298541343511,-0.0475515001151193,-0.00127226769580583,0.189215270686904,0.222517391727874,"E02000524","Hillingdon 031",506657.815408983,176436.272468521
-4.94588009985075,0.0204582708778033,0.00726848414503876,0.0380117467349038,-0.00739735440192759,0.00638268550970352,0.0151189930365377,-0.0550875554410929,-0.0514681493696028,-0.000750881174558461,0.207526634763672,0.229887524694442,"E02000525","Hillingdon 032",509416.505644443,177394.058207476
-2.47267375210158,-0.00160353327908825,0.00998145088170741,0.074064349232266,0.0216343713341044,0.0308480773026779,-0.00112328924201084,-0.0245282027578568,-0.0115694211675589,-0.00909025409158171,-0.206681958284572,1e-06,"E02000526","Hounslow 001",521534.204611565,178509.957458122
-4.94749399999588,0.0169534381294835,0.00849612591774106,0.0393306729187037,-0.00759624973361848,0.00551246368377642,0.0152831590773688,-0.0530000355168338,-0.0654076810105509,-0.00015434189826291,0.211916558728441,0.270650557958069,"E02000529","Hounslow 004",512845.725820314,177948.217056199
-5.00110458755819,0.0187556554796424,0.00792090349560062,0.0369785394891985,-0.00731118497653591,0.00596472189422979,0.0158712003560202,-0.0529220318508078,-0.0572047780262626,-0.000379996723456936,0.216342354703844,0.23891241849012,"E02000530","Hounslow 005",511214.269781108,178049.601049221
-4.26038221640831,0.00717627155353803,0.0110283846581164,0.0490423034538581,-0.00475636275629481,0.00578674297136379,0.0125711283667032,-0.0463903618038915,-0.124242422806421,-0.0044276200310176,0.129083086273469,0.444842882319156,"E02000531","Hounslow 006",517132.706905277,177597.416590414
-2.76599696031187,-0.00463889283547476,0.00523516817464197,0.0793370618665056,0.0212310622632686,0.0357505446787637,0.00252692440317525,-0.0219467504651003,-0.0242613026640156,-0.00585727841911516,-0.174784618467364,1e-06,"E02000532","Hounslow 007",520906.409982565,177276.869592157
-3.2531145348378,-0.00460338792483302,0.0111127415470818,0.066342517117252,0.00860237878844642,0.0213234289775607,0.00742696673089078,-0.0351623766748464,-0.0798410568819871,-0.00954962821136376,-0.0465967264426092,0.692351585658821,"E02000533","Hounslow 008",519882.988047161,177484.264734929
-4.70060052909325,0.0127059877439249,0.0100470128548574,0.0430114043908178,-0.00733384456935764,0.00463796838586734,0.015079585168251,-0.0504433812827233,-0.095032605262366,-0.00141845682073088,0.184969553849854,0.336479993927902,"E02000534","Hounslow 009",515222.611906535,177899.105792702
-4.97316579873122,0.0183475190139561,0.00755463555478802,0.0438685373236317,-0.00803769056017471,0.00533554146556954,0.0120127804438232,-0.0570302279415012,-0.0568636582425341,-0.000209479974385519,0.214370525298379,0.27515570859183,"E02000535","Hounslow 010",511867.402999061,177035.534135591
-4.89223069207047,0.0176805754661346,0.00774524798338295,0.0475013132679835,-0.00843273394184946,0.00439751183245056,0.0103687239238667,-0.0586972268621279,-0.0627456611292224,-0.00105986626250189,0.205983699533915,0.310995674947873,"E02000536","Hounslow 011",513069.088905046,176716.393562344
-4.76504047100868,0.0160047337726926,0.00870527409770399,0.0473596896801733,-0.00825319514436549,0.00408803637004555,0.0112917417188439,-0.0563440710545308,-0.0753803611799915,-0.00192808343952811,0.190761999408554,0.337494961568744,"E02000537","Hounslow 012",514254.965386231,176992.753726032
-4.97761052922229,0.0190350879536193,0.00669163975558135,0.0473492604050451,-0.00803551844706081,0.00525276638939507,0.00913662880903454,-0.0601967231637782,-0.0504656862310028,-1.98153816465264e-05,0.215264890025833,0.276586383098541,"E02000538","Hounslow 013",510808.569842311,176160.304152486
-4.38791131485328,0.0137106228711468,0.00890985835204139,0.0558513622802566,-0.00772673036317941,0.00180657353656045,0.00720028237392306,-0.058641995110272,-0.099830222397122,-0.00604039968832362,0.147945049195615,0.425684661480056,"E02000539","Hounslow 014",516079.071866988,176209.283796793
-4.70372766575731,0.0169064964949377,0.00764290769448621,0.0555566570288881,-0.00881391109210763,0.00153507981588586,0.00641219042574457,-0.0630947945873682,-0.0760035874561939,-0.00419043609091621,0.1867282027553,0.380184248628258,"E02000540","Hounslow 015",514759.641103255,175988.637280252
-4.90611262683418,0.0184593074122853,0.0067949524854822,0.0501393894817534,-0.0081673398174499,0.00457565660729458,0.00743891634338683,-0.0613959971582833,-0.053372918207504,-0.000480610516104012,0.207314188625137,0.30526507917212,"E02000541","Hounslow 016",511828.236250157,175852.3889719
-4.86171764769093,0.0183464638337701,0.00677792678269057,0.0529703178153426,-0.00848656105804767,0.00343914364564779,0.00619915043654668,-0.0631729909661973,-0.0576633705938269,-0.00158883964117932,0.203369821186397,0.332421089685026,"E02000542","Hounslow 017",512848.103805083,175717.589713315
-4.79751237448882,0.0183093566005192,0.00636911927538607,0.0576786225711958,-0.00865200786635277,0.00168122379035791,0.00367949183062736,-0.0666140954101354,-0.0613169230227875,-0.00308060843419892,0.197906574206476,0.365406339630464,"E02000543","Hounslow 018",513701.579603761,175290.069234053
-4.60228775025978,0.0170456455482527,0.00649019688144479,0.061515316333209,-0.00835915808602009,0.000295342840217352,0.00201075956541717,-0.0682650148343162,-0.0707795923749034,-0.00497295840814947,0.176084498963408,0.404972082308902,"E02000544","Hounslow 019",514786.666531319,175037.275899062
-4.24250961692244,0.0144941253475186,0.00728789571349405,0.0629038298845117,-0.00722554218352793,0.000539913940752667,0.00187927407132696,-0.065643519420294,-0.0897045254397487,-0.00729834115562149,0.13144128417929,0.452276685910845,"E02000545","Hounslow 020",516050.566887169,175091.854999792
-4.8505360166727,0.0185007931330388,0.00547102568612336,0.0583092887954755,-0.0078957581572025,0.00276482450762831,0.00159529311002279,-0.0674838846912373,-0.0503833273058637,-0.00120766075009238,0.203212098045588,0.347185982182106,"E02000546","Hounslow 021",512289.305084946,174517.461371054
-4.92320332061767,0.0184412598963424,0.00576761487995769,0.0528781686389206,-0.00737125753848855,0.00504280581318144,0.00411846894210751,-0.0635923383001646,-0.0447151550355231,0.000650372691072455,0.209040269567947,0.299982208530784,"E02000547","Hounslow 022",510016.62608538,174591.817809294
-4.93061445759656,0.0180216828365662,0.00516437592802662,0.0542952452560543,-0.0063944386182592,0.00567081861270318,0.00207144537683919,-0.0642559973589676,-0.0392940170413663,0.00169159502732823,0.207936962080335,0.300931938020474,"E02000548","Hounslow 023",508291.191780513,173289.554443471
-4.89221061084001,0.0180695626473469,0.00449823637743499,0.0611628693801882,-0.00684856559339508,0.00307801738418742,-0.00135596356956638,-0.0689897444027205,-0.0430210939011223,0.00010293828326441,0.207017205332927,0.349768940165414,"E02000549","Hounslow 024",511279.641591635,173404.728943616
-4.92227516029935,0.0176292621975584,0.00458117567349787,0.0593698839998415,-0.00628118086106152,0.00429361409022931,-0.00106695859250569,-0.0671663707936893,-0.0396590499418559,0.00130162339958061,0.208376156909514,0.33576339901543,"E02000550","Hounslow 025",510024.077355819,172961.48972426
-4.86257708757759,0.016590251815557,0.00338073881734037,0.0682487912080251,-0.00537100628741611,0.00187814442868013,-0.00566477940889509,-0.071728942443379,-0.0403642418651497,-0.000213232882819177,0.202220475959408,0.389320601788854,"E02000551","Hounslow 026",512061.794049676,172333.619056717
-4.9674678098597,0.0172790026051688,0.00384055205943393,0.0619664241498141,-0.00553446144883802,0.00420231792495664,-0.00311592519569101,-0.0685462153315731,-0.0356637727251212,0.00189364206737002,0.213141962220547,0.342298800118291,"E02000552","Hounslow 027",509414.298129043,172069.409393677
-4.95129274704176,0.015633066756716,0.0023549562270484,0.071917024570588,-0.00399005948859429,0.00195152590662872,-0.00810945309621965,-0.072133578976844,-0.0338137588692869,0.000645026652913008,0.210588740965226,0.394763727234746,"E02000553","Hounslow 028",511424.834272172,171259.754877501
-3.87683685928187,0.00128754148015555,0.0260122807677916,0.017474131961931,0.0118095515984595,0.00758667805336783,0.0057525831919596,-0.0102422555695746,0.0137368668189608,-0.0390470318741154,0.0365163416955802,0.11653173029502,"E02000554","Islington 001",530219.274859478,187432.968803511
-4.12131474348617,0.00221553362419653,0.0242301489207812,0.0176520478579025,0.010764669661272,0.00686262479117663,0.00308849513886205,-0.0108963416113611,0.0135670268534798,-0.0394918095458814,0.0695435028245547,0.0959360114154204,"E02000555","Islington 002",529622.526666528,187203.707984133
-3.7412701837296,0.00357542234391953,0.0219189399755535,0.0146778942859602,0.011086477308049,0.00697757186586831,0.00498196428513785,-0.0101705926906431,0.015154195362358,-0.043500337530224,0.0288142669535151,0.116432572581579,"E02000556","Islington 003",530560.927845706,186921.097502358
-4.17589380630049,0.00520258109893915,0.0204433356474733,0.0159043973265804,0.00967726403568103,0.00616632110419707,0.000347219209235883,-0.0114312093031815,0.0132529590734612,-0.0432908172810296,0.0827498013278522,0.0785383081865509,"E02000557","Islington 004",529277.059443033,186619.906494818
-3.55092120199275,0.00634771079735026,0.0185723896486977,0.0095236472810957,0.0102118930018336,0.00607560788213609,0.00401299012171632,-0.0115115069151338,0.0162986419693945,-0.0463826860707364,0.0152549631010232,0.121540024422553,"E02000558","Islington 005",531010.702794244,186444.711968979
-3.21458473938634,0.0076024842278055,0.0171852860152437,0.00307372499105022,0.0104689527249576,0.00613149905966226,0.00406234956693077,-0.016336844473494,0.0171009206933399,-0.0460835531748177,-0.0171915315199717,0.13819036611892,"E02000559","Islington 006",531655.0923838,186233.629396086
-3.76921702434646,0.00862134418479525,0.016482416327115,0.0091873279769415,0.00854918179205403,0.00499943802442582,0.00235416256397069,-0.00765193977309301,0.0162041256010874,-0.0490552239499034,0.0433115299123368,0.100296806662981,"E02000560","Islington 007",530590.183610447,186133.29332172
-4.01903757705219,0.00896824451087845,0.0163011196595929,0.012468900051926,0.00839864930993483,0.00517289331326433,2.56908197103091e-05,-0.0089930676428116,0.0144309591913872,-0.0489616377899897,0.0706649982329952,0.0776514588900438,"E02000561","Islington 008",529696.451915532,186040.21211324
-3.02532992829239,0.010250470150545,0.0142133617070392,-0.00185294950221836,0.0096157809208012,0.00551449514136533,0.0028891344601408,-0.0186709514743921,0.0186568962312768,-0.0447146158816037,-0.0331392349378187,0.144616915029825,"E02000562","Islington 009",532085.77054044,185658.901037178
-3.88143505733845,0.0126444694919613,0.0133115728811176,0.00964279483662214,0.00714147018856342,0.00438858480106866,-0.000779596101478761,-0.00768810703570879,0.0149438451722779,-0.0511160782417284,0.0576017799520682,0.0795207716129526,"E02000563","Islington 010",529990.132428352,185509.536445952
-3.65307982304584,0.0132543514149852,0.0127138448085057,0.00454340436519464,0.00662560728593837,0.00361705688234572,0.000534821656138573,-0.00646296300682238,0.0168048983947763,-0.0504885296238644,0.035653024247077,0.0978966088566372,"E02000564","Islington 011",530893.650161988,185448.08104865
-2.63037825923093,0.0103989704919514,0.0124189722273609,-0.0059964186776014,0.0109610592313137,0.00662203905201197,0.00305779538280842,-0.0263298447687272,0.0211452909299946,-0.0394465042437882,-0.0761482619130862,0.168578108770005,"E02000565","Islington 012",532880.179621729,185214.601962157
-3.38709569156709,0.0144882405316958,0.0116100049112921,0.00270567518502741,0.00671883679819888,0.00359188799982363,0.000771046021517826,-0.00950937166414872,0.0177697219586456,-0.0466135652463358,0.00470078363508244,0.116245791374124,"E02000566","Islington 013",531493.604696082,185063.193146934
-2.79724446039095,0.0146993612169962,0.0102543979711916,-0.00360890366224069,0.00850645228157845,0.00494214979470616,0.00273740469057431,-0.0186621783118691,0.0216172203765259,-0.038410298929484,-0.0630937113981169,0.153232926197628,"E02000567","Islington 014",532641.043875473,184692.309407622
-3.66708695312635,0.0187278383228162,0.00931040114717129,0.0065596388594346,0.00527011565491205,0.00378685695555772,-0.00242652346643292,-0.00176748866721004,0.0158303333237733,-0.0498633506603126,0.030928361966821,0.0796969632848581,"E02000568","Islington 015",530448.531077361,184601.44946436
-3.14468951113705,0.0174954287672261,0.0094002463373534,0.00219023139285296,0.0061725452087659,0.00353788016966369,0.00112906171385393,-0.00901839700850106,0.0195533103390971,-0.0410733348708306,-0.0283021684904955,0.127300446875534,"E02000569","Islington 016",531999.318108382,184443.190492744
-3.42870768281233,0.0207252122638952,0.00816117753559513,0.00641338025289138,0.00467993770182502,0.00348179000683879,-0.00142517985950619,0.000145435565097336,0.0173511266870788,-0.0438976819131326,-0.00186049356882594,0.0978947982283864,"E02000570","Islington 017",531157.08432179,184114.719669152
-3.03079664367758,0.0203271370019785,0.00781324418662993,0.00516693391503332,0.00582089617363272,0.00320380431174571,0.00191203400577524,-0.00795956552207305,0.0208240354487078,-0.035930189059869,-0.051204123050105,0.134576519333576,"E02000571","Islington 018",532308.093126486,183833.818259048
-3.41779196885034,0.0242373820335241,0.00685042537712586,0.00825662281713978,0.00488490619508985,0.00435758423230925,-0.00313556004344282,0.00266208328078762,0.0167340551541587,-0.0434555605408676,-0.0120867693869622,0.0881383709755295,"E02000572","Islington 019",530695.827779251,183608.291819044
-3.25663873710266,0.0239423364633082,0.00650365889951431,0.00779369005489993,0.00414807151756478,0.00308495071753129,-0.000575898427638245,0.000939989941255852,0.0192301774514373,-0.0377280178016265,-0.0310616034668947,0.111001620709388,"E02000573","Islington 020",531666.396585099,183446.531117076
-3.30883206617464,0.0270664400884324,0.00576979899931333,0.00947769098099503,0.00467246078571379,0.00430823757394604,-0.0025815873101601,0.00242360325826314,0.017857778659164,-0.0390621674674102,-0.0334892654225633,0.0981085047995642,"E02000574","Islington 021",530953.301339549,183055.830477646
-3.24757141744739,0.0291729418976328,0.00505101868274668,0.0132032418735217,0.0048477719912674,0.00340360101437215,0.00158780912618545,-0.00383860667447253,0.0206135676622013,-0.0317351706332214,-0.0547598008346065,0.123126991113145,"E02000575","Islington 022",531606.876658343,182382.047369711
-3.22608813362973,0.0267726565187511,0.00569476365627215,0.0153851202115894,0.00564215642763228,0.00199563829897135,0.00536609909742326,-0.0114969644905922,0.0233022798521832,-0.0273939189317988,-0.059355965902103,0.144708699105205,"E02000576","Islington 023",532460.634316692,182359.993167537
-3.06465925108073,0.0111947360846058,0.0231946140057559,0.0327935581712241,0.0242887055299923,0.0199089868800107,-0.0142958493384788,-0.032337069839492,0.000812959385639538,-0.0292319828844771,-0.128707798030617,0.357211446237983,"E02000577","Kensington and Chelsea 001",523991.755515497,182186.41807209
-3.00610503880885,0.00889720536537445,0.0222792243876928,0.0384450024874488,0.0236830498773639,0.0196563703658709,-0.00832803085812142,-0.0313449707698893,-0.00368200562902699,-0.0272052899541486,-0.135390097326711,0.397997742635256,"E02000578","Kensington and Chelsea 002",523620.902326073,181919.684255478
-3.00231519823209,0.00696041285966877,0.024720304113748,0.0421529960488225,0.0250563038812141,0.0235893534278282,-0.00953069226933578,-0.0314739894494555,-0.00467690551701142,-0.028265651384563,-0.147431218910667,0.430734937511288,"E02000579","Kensington and Chelsea 003",523659.908775547,181379.551791817
-3.46785166870434,0.010609053263487,0.033578514844623,0.0306110172464121,0.0269468711026463,0.0267818308590179,-0.0190753652122259,-0.0336450674135485,0.00227006416822145,-0.02993664520019,-0.112855110683053,0.368945346137015,"E02000580","Kensington and Chelsea 004",524598.903343499,181343.664105964
-3.27054780593724,0.00600490958326983,0.0310009954005781,0.0419232290691659,0.0265335934257752,0.028533586834266,-0.0122879147695104,-0.0326402003013186,-0.00445675048119515,-0.0284089348607552,-0.13531007800249,0.447075587845176,"E02000581","Kensington and Chelsea 005",523998.04060888,180756.796714821
-4.02190561338542,0.010228145167742,0.0426610541391901,0.0283117639046993,0.0270898663148571,0.0307336831498078,-0.0195635986631599,-0.0341183635707032,0.00108357484170884,-0.0264151628073298,-0.0715294510350794,0.375531776905021,"E02000582","Kensington and Chelsea 006",525058.199613977,180708.251916202
-3.61843893856523,0.00615266246073844,0.0381363543358078,0.0378300844619437,0.0277100915480874,0.0314920963807173,-0.0167470784263919,-0.0331254324055516,-0.0030181546138675,-0.0280102554804382,-0.110624258400974,0.432355676412998,"E02000583","Kensington and Chelsea 007",524367.92790459,180532.239887172
-4.46333280755803,0.0115438947430519,0.0449722711576572,0.0276269728771224,0.0251255521968498,0.0329205555947604,-0.0172498091069856,-0.0351203783997922,-0.000455553681889684,-0.0214023205499972,-0.0319511793246572,0.400558323640681,"E02000584","Kensington and Chelsea 008",525459.232118843,180069.051612414
-4.21142724326341,0.00377911148626349,0.0470785736887441,0.037709541617374,0.0272965241162135,0.0359130015809548,-0.0164700381506193,-0.0332462441012584,-0.00826790756342931,-0.0233993830359863,-0.0612923017912436,0.475552187647337,"E02000585","Kensington and Chelsea 009",524511.537947175,179635.869008659
-4.71272714537568,0.0169880346749076,0.0379140469226813,0.0266647685514677,0.0210524199635868,0.0324423684461853,-0.0134079501023194,-0.0379034051211734,-0.000189277390712814,-0.0160755692610683,-0.00159826359531535,0.449766300592018,"E02000586","Kensington and Chelsea 010",526050.429881814,179353.512726121
-3.01136975772586,0.015833498610569,0.0406181133010611,0.0356283302948785,0.0176617608863236,0.0298152416512572,-0.0374947075696592,-0.0383547807995257,0.0019744794157269,-0.0177609698096439,-0.16610926955147,1e-06,"E02000587","Kensington and Chelsea 011",525231.268292094,179214.744322038
-4.01571214523238,0.0318567635496838,0.0206056813708521,0.0242756553473849,0.017759787589391,0.0259152092575339,0.000314044694247698,-0.045772145846119,0.0110855332028174,-0.0128105332413723,-0.0770028336746141,0.422836027309828,"E02000588","Kensington and Chelsea 012",527639.843541129,179109.720000154
-2.91268181716436,0.0222465057994696,0.0344558783251165,0.0302886853482855,0.0147300866632042,0.0281407434574772,-0.0362091258565629,-0.0421598977269249,0.00512758201044469,-0.0168685120843571,-0.16961390258349,1e-06,"E02000589","Kensington and Chelsea 013",525782.252572116,178843.529286003
-4.45268460292828,0.0291644339095692,0.0240020489027342,0.0241927789132462,0.0168192961655971,0.0278528869177884,-0.00377155221826857,-0.0430261553236461,0.00623847981681305,-0.0107830811495548,-0.0289218748467472,0.473391563393541,"E02000590","Kensington and Chelsea 014",527202.190460546,178741.950972395
-3.04551088324486,0.0149239565450975,0.0413881228819365,0.0375218765035711,0.0178236241297352,0.0318050960316707,-0.036571287471801,-0.0385224789959977,0.000363588721758491,-0.0160100419620165,-0.166886435139721,1e-06,"E02000591","Kensington and Chelsea 015",525091.75847442,178662.487842051
-2.68739256297867,0.0303177097913414,0.0263381417076931,0.0238478466031573,0.0121345124740398,0.0248903034420302,-0.0318859029475298,-0.048238912556318,0.00991829218201392,-0.0177147751980553,-0.186119489091163,1e-06,"E02000592","Kensington and Chelsea 016",526492.066896221,178690.135030217
-2.92969169151527,0.0227133542582624,0.0336860737315288,0.0307999541133965,0.0143176784592534,0.0300398116492283,-0.0357460996724001,-0.0439797249918727,0.00415751292496626,-0.0143134366454962,-0.170280109453294,1e-06,"E02000593","Kensington and Chelsea 017",525693.872804038,178184.043473644
-4.19200923685397,0.037655026916346,0.0167296762082263,0.0235795028861004,0.0150016668721422,0.024288765729127,0.00387242894342347,-0.0400069282010968,0.00957857041602335,-0.00480680616378386,-0.0672127917692379,0.475842946074881,"E02000594","Kensington and Chelsea 018",527833.89435822,178089.069729427
-2.43481220252287,0.0378870850687662,0.0192954915186111,0.0193210833399877,0.0106517500700619,0.0236420355265035,-0.0264194886162354,-0.0536003956981531,0.013315400496905,-0.0149129002795414,-0.215004605042673,1e-06,"E02000595","Kensington and Chelsea 019",526961.665540226,177987.885261681
-2.77394146295851,0.0293114959988737,0.0272886868693356,0.0253639497968962,0.0120750499846155,0.028114078816648,-0.0331455465983766,-0.0488821273703146,0.00745418584428605,-0.0136431402126913,-0.181487344892459,1e-06,"E02000596","Kensington and Chelsea 020",526190.577238766,177884.85907205
-2.70060965445734,0.0334346833777684,0.0234987017502645,0.0222419631555826,0.0104538180368733,0.02833165822403,-0.0310572175716826,-0.0513569117252919,0.00811372309814644,-0.0118044713408434,-0.188574259557168,1e-06,"E02000597","Kensington and Chelsea 021",526382.930870441,177326.876255638
-3.25382348964306,0.00142938032240547,0.00160373230701383,0.0692588445184644,0.00673319656967874,0.0127297590786908,-0.0142334341933184,-0.0342357863879881,-0.0526795765970583,-0.00952374271759901,-0.0316501138621344,0.427313106594883,"E02000598","Kingston upon Thames 001",518227.32491332,171043.138061405
-3.21116028536949,-0.0014611012105832,0.00613882617857914,0.0130512513036702,0.0115723073529542,0.0225300042638248,-0.0158274941240182,0.00503957677245341,-0.0312974386782722,-0.00680469139165172,-0.0732206527072187,0.24668409936583,"E02000599","Kingston upon Thames 002",520915.357886725,170596.966546483
-3.00905899645982,-0.0028414226324658,0.00144926185472708,0.0367813700752192,0.010807926461584,0.0197851597745945,-0.0165716689521307,-0.00685988798797247,-0.0260579712231235,-0.0101705203569037,-0.0794513982154282,0.286762938455274,"E02000600","Kingston upon Thames 003",519471.618521839,170152.988288586
-3.31813221065133,-0.00214636126402034,0.00154812643786983,0.057879178616227,0.0093327801671985,0.0154778330024213,-0.0151015881492532,-0.0218610601884696,-0.0342292917174206,-0.00852399101715034,-0.0349944763117059,0.357091907826911,"E02000601","Kingston upon Thames 004",518373.448407341,170045.540879004
-3.32263316893308,-0.00576263196681439,0.00243340826801692,0.0325842367080166,0.0121729951062595,0.0188513028863811,-0.0156977084079905,-0.00529005602823478,-0.0129500660788115,-0.0071817562225356,-0.0454172796740744,0.256255766125974,"E02000602","Kingston upon Thames 005",518868.577761464,169099.231903731
-3.40491033486213,-0.00563631581173504,0.00674223229872809,0.000931212064364449,0.0137671822402305,0.0210469264198072,-0.0154566180036958,0.00830691197181086,-0.00321524159020379,-0.00500905950888828,-0.0484059652708104,0.177782364336747,"E02000603","Kingston upon Thames 006",519964.179459295,168874.32470468
-4.24317603775745,3.0744891938605e-05,0.01749092304896,-0.0240329311036146,0.0135897622911087,0.0211059312795189,-0.0111169658485852,0.0181458616354634,-0.0113937970944012,0.00082490739808754,0.0184693676169518,0.115498362983013,"E02000604","Kingston upon Thames 007",521583.509929801,168629.405713725
-3.80150987430626,-0.00406551952261897,0.0131928155521726,-0.021443806737905,0.0147027982314523,0.0210004101265101,-0.0133391940964817,0.0159569402140148,0.00232098844716257,-0.00142023601359044,-0.0180274875522722,0.126190186599234,"E02000605","Kingston upon Thames 008",520664.530382181,168322.791445934
-3.66206711483518,-0.00676228956973547,0.00326327071204768,0.0449686181701864,0.0122108642599499,0.0165286377399704,-0.0138552464120017,-0.0127869929763007,-0.0177673354076609,-0.0051237182908561,-0.00597040197446526,0.295331982209586,"E02000606","Kingston upon Thames 009",518109.628574234,168509.674781474
-3.54031518347821,-0.00825239679203238,0.0060732383729331,0.00164350573835855,0.0148716190024736,0.0201944249781049,-0.0147485020934784,0.00712768620948632,0.00377594252901715,-0.00426390622098259,-0.0302009772634038,0.172299193365214,"E02000607","Kingston upon Thames 010",519194.90619953,168007.090986089
-3.8548507165826,-0.00974934505298737,0.00469690237632528,0.0303869056017697,0.0143758832684155,0.0172561748814883,-0.013059326017249,-0.00598636416059427,-0.00584705363407947,-0.00275545129628441,0.0104236105665359,0.247162988751885,"E02000608","Kingston upon Thames 011",517878.630714257,167394.02491824
-4.40438371221554,-0.00206554539967768,0.0178024756060009,-0.0267219821750582,0.0156896773017677,0.0202662858395638,-0.00913937019812951,0.020055113747639,-0.00486887622217285,0.00293342724711507,0.0331197618611663,0.0929649924610505,"E02000609","Kingston upon Thames 012",521112.484573428,167118.653389424
-3.83673050405762,-0.0109519248698112,0.00630036727697757,0.00580818685700533,0.0161587127126298,0.018974418528124,-0.013044091569368,0.00439132325060279,0.004390596099161,-0.00217014175522361,0.0032836260542548,0.181312094080556,"E02000610","Kingston upon Thames 013",518281.784789587,166826.136122876
-3.93963735384433,-0.00716218798923704,0.0112208733239387,-0.0226475204791982,0.016898831424931,0.0202439137657149,-0.0122175745501699,0.016181731716729,0.00626384994519171,0.00010669286943203,0.000323583024088962,0.117164899060168,"E02000611","Kingston upon Thames 014",519788.938366425,166900.945925176
-4.93909699722843,0.00204112294525833,0.0206813212457071,-0.0215486782078169,0.0146197666653372,0.020204743911189,-0.00545862102845356,0.0217292141474867,-0.0243311028140767,0.00686790948918623,0.0785681040403491,0.0744886106521807,"E02000612","Kingston upon Thames 015",521886.187038532,166779.666037882
-3.95534119387761,-0.0113474771074075,0.00826178564858349,-0.0133280431041094,0.0176494597871451,0.0196710020546703,-0.0122896953790703,0.0114041530133581,0.00922707822354541,-0.000673622153990957,0.0116606671000467,0.137763650240288,"E02000613","Kingston upon Thames 016",518433.369947604,166023.465406164
-4.30641157373592,-0.00580945653569623,0.0141474331094945,-0.0300217038846152,0.0177900552564774,0.0199926048965389,-0.00909889564748471,0.0198741993757218,0.00244749428141095,0.00355695431323211,0.0307482164980663,0.0957812643989492,"E02000614","Kingston upon Thames 017",519842.679730377,165512.396877125
-4.14631866603725,-0.0115952012989663,0.00940643876900754,-0.0226025962288763,0.018685614665971,0.0197282899206207,-0.0110955638767535,0.01457169202204,0.0092285509605557,0.00123005344685178,0.0296782034669404,0.118888043373889,"E02000615","Kingston upon Thames 018",518166.797439034,164892.812122191
-4.46910132664868,-0.00712431825551182,0.0122012867536785,-0.0304473760165327,0.0184633530333761,0.0198661353351721,-0.00835061970847892,0.0194662151451744,0.000812891733156636,0.00490527081364838,0.0530201079347214,0.0979199960445935,"E02000616","Kingston upon Thames 019",518897.996013069,163921.60848954
-4.59295204126576,-0.0100255157276386,0.0104227364385502,-0.0290670536145173,0.0190584110257067,0.0197176883256348,-0.00840873873295045,0.0173397190652234,0.00269128197446653,0.00505352908457028,0.0740410953109986,0.10677049114115,"E02000617","Kingston upon Thames 020",517480.774518049,162284.733180737
-3.27442442295654,0.0438653921454563,0.00485347263169101,0.0379617732159659,0.014694837819421,0.00604029917711124,0.0300864770325382,-0.0377086250485258,0.0286772663040408,-0.00399101170746574,-0.17082952090298,0.241939361559946,"E02000619","Lambeth 002",531171.276301548,178756.165935153
-3.42643592957457,0.0451078059733426,0.0046227161650434,0.0377079685435288,0.014530056248636,0.00666825114408329,0.0304540647496098,-0.0360280615432692,0.0258613954996895,-0.00159594832960624,-0.159726707097945,0.26502884620409,"E02000620","Lambeth 003",530944.624003881,178266.638039614
-3.76980824559183,0.0473155357567767,0.00427948791086558,0.0337685933654601,0.0126102888986511,0.00808706755849888,0.0267947617391787,-0.031951790436075,0.0183708345028791,0.000411939436307341,-0.121415105467392,0.31296860022248,"E02000621","Lambeth 004",530409.375628669,177531.957141324
-4.11857881619927,0.0448349686518414,0.00389323138906821,0.0413698148683898,0.0121225302779112,0.00432744592517263,0.0295890131421369,-0.0299479562596629,0.0168087538947099,0.000457664268653078,-0.079567310203036,0.277732954385207,"E02000622","Lambeth 005",531361.039419251,177378.7118855
-4.17464115725643,0.049001393018464,0.00390537567534438,0.0311579901064826,0.0104905171307972,0.0076191677305291,0.0242879352356214,-0.0276536339501282,0.0117761509822156,0.0014437105056243,-0.0735344013277043,0.332685773614668,"E02000623","Lambeth 006",530284.69647588,176958.509690528
-4.47721549688934,0.046429891388671,0.00302793929261493,0.0382832747759025,0.0101076486475351,0.00426649852511379,0.0265340126838273,-0.0266442944384903,0.00878156028092781,0.000758825085137577,-0.0343091134127786,0.294725599080853,"E02000624","Lambeth 007",531167.48974511,176790.98497722
-4.62456962601764,0.0497095846686428,0.00513847809044261,0.0264263844508968,0.00835446179392452,0.00839166411908088,0.0192716706271604,-0.0243514899403706,0.00398430865688775,0.00178697051193091,-0.0178139060275672,0.353384609843789,"E02000625","Lambeth 008",529950.896428494,176434.122988955
-5.02725006436754,0.0441557872437208,0.00248371367785264,0.0419099727169148,0.00873445162076196,0.00235854659878436,0.0235855991574494,-0.0259148571099814,-0.00224838987658891,-0.00116812294989669,0.039783170728344,0.271702233870074,"E02000626","Lambeth 009",531763.159043337,176281.233098433
-4.99148802822085,0.0485563304133847,0.00357250083534622,0.0302742833666848,0.00741521686735923,0.00573825020453821,0.0202623521319753,-0.0224590157703249,-0.00291086731153765,0.00107512410205924,0.0300994517181207,0.318441629980959,"E02000627","Lambeth 010",530523.188447932,176035.802182997
-5.21657154792473,0.0457553029333433,0.00234581822895593,0.0364747077569833,0.0074844704436896,0.0034763213729385,0.0210292961292037,-0.0229874553070536,-0.00868028596998291,-0.000449588988396874,0.0631410626287372,0.285243618170122,"E02000628","Lambeth 011",531214.261153658,175868.916977146
-5.18300380918495,0.0505249376018558,0.00735588641211123,0.0208421678373505,0.00635643620611175,0.00895254014515457,0.0151774617825917,-0.0210399439598191,-0.00426394480456799,0.00215200112262545,0.0482224773945742,0.357555172301045,"E02000629","Lambeth 012",529696.327593158,175891.597584142
-5.64664472713703,0.0507630956975681,0.0108083644842332,0.01253331039708,0.00457449962585272,0.0119027135793125,0.0094349997862831,-0.0188996546846952,-0.00781767756051858,0.00279514056332559,0.101718740220068,0.391785425196937,"E02000630","Lambeth 013",528975.159772048,175622.448194333
-5.7967630935063,0.0414929456529972,0.00168466381678625,0.0448844327339011,0.00747076741728202,0.000553632570524925,0.0185359906869314,-0.026812282723841,-0.0214330438938572,-0.0038835093347126,0.143033630356849,0.234771748311392,"E02000631","Lambeth 014",532286.512186396,175556.412238001
-5.75588403416748,0.0476043460111731,0.00641418594346098,0.0259475727773325,0.00589858611626412,0.00619671377741422,0.0156015257617992,-0.0192653913439217,-0.0172580138088075,0.00090869144720582,0.121876122547099,0.299278561908993,"E02000632","Lambeth 015",530338.134378801,175264.244467074
-5.90383156261959,0.0442732031964372,0.00417782613184463,0.0335347354264796,0.00646164515337499,0.00396600251104936,0.0164738703532944,-0.0209066283994973,-0.0253036766676984,-0.000795510467083495,0.147847842776565,0.261433706156381,"E02000633","Lambeth 016",531001.114134978,175093.294821719
-6.1344073949868,0.0492924886475026,0.00974797638809645,0.0175672780531336,0.0044943878016329,0.00845935299520221,0.0119530734065332,-0.0171699987466473,-0.0188305204694532,0.00188699794729686,0.161267671675147,0.31788814367698,"E02000634","Lambeth 017",529720.025532888,175053.327201735
-6.56652497456384,0.0398454285242133,0.00320144304722225,0.040504410053523,0.0066763591101607,0.00199688614273066,0.0138130090351012,-0.0233502789631999,-0.0434709464479171,-0.00339546391143867,0.236214519593401,0.205650354494632,"E02000635","Lambeth 018",531650.343379241,174568.646231081
-6.69844781336198,0.0483929902927872,0.0119807957476853,0.0124738924626551,0.002881639508,0.0101554634749482,0.00753011678428557,-0.0149484496945629,-0.0235193054380981,0.00206943415779272,0.228009318860186,0.318122736250822,"E02000636","Lambeth 019",529241.383023638,174631.667096796
-6.87925182691817,0.0420359771498191,0.00719067172443925,0.0307593319696899,0.00555035586384428,0.00454503901555467,0.0122277097821117,-0.0195492660273735,-0.0447338071296497,-0.00108244739556126,0.263147841923862,0.218135141270012,"E02000637","Lambeth 020",530851.126047957,174284.440277013
-7.39594542096321,0.0427953806799276,0.00958860600080635,0.0244294712502253,0.00462866944248694,0.00603146680297386,0.01030555411179,-0.0172696321849356,-0.0487777898754957,-0.000181512136158942,0.318194177885593,0.212568904933378,"E02000638","Lambeth 021",530422.941264802,173988.18193087
-7.90823658760178,0.0433493212651351,0.0112819413722563,0.0185882806247655,0.00385462157793251,0.00739890386575995,0.00843252444358866,-0.0153813470281255,-0.0520512470406081,0.000391838554959637,0.373584136927597,0.205332669204121,"E02000639","Lambeth 022",530045.445650539,173725.025284421
-8.35971526164398,0.0449829502179323,0.0129576973914788,0.00929490861936918,0.00270653563766993,0.00951556970692985,0.0058503528034961,-0.0128758412689957,-0.0504446508034112,0.00132095202884555,0.420756521751968,0.213883650915607,"E02000640","Lambeth 023",529423.914572849,173569.117344637
-8.30508303489091,0.0396964215450517,0.00931180228507751,0.0293214112900055,0.00535400889442745,0.00417964559816639,0.00924197596605262,-0.0190253156055228,-0.0644151068799402,-0.00283668415047648,0.427561235475114,0.145633002617532,"E02000641","Lambeth 024",531143.852688358,173457.855037026
-8.50195124264799,0.0384548594301493,0.00796206434188532,0.0353278145798481,0.00619136543249033,0.00160278329401886,0.00780204152437686,-0.0235073374900365,-0.0718101654586588,-0.00619389087190493,0.457722616563174,0.109978021452965,"E02000642","Lambeth 025",532107.250223948,173252.441965359
-9.57630038363939,0.0410602872980576,0.0129611303930777,0.0166163594660955,0.00414627964858086,0.00728227559509298,0.00649031589944175,-0.0137404065596842,-0.0713749090225874,-0.00155034026109504,0.561458511045275,0.122818720735284,"E02000643","Lambeth 026",530317.091533658,172827.31976054
-10.0437234902748,0.0397083720941698,0.0126747678220511,0.0216002187958489,0.00520917851843609,0.00487843801761379,0.00709088908061885,-0.016038047885487,-0.081932756357385,-0.00376330344334616,0.617776529375987,0.0759376682894107,"E02000644","Lambeth 027",531211.8606196,172484.203772112
-10.3107391537459,0.0399833687177689,0.0125026626973495,0.0232376623894752,0.00602299333850944,0.00241256381729808,0.00665231063827908,-0.0196330756426441,-0.0927502974468085,-0.00561373685992101,0.651527442448383,0.0396450367463086,"E02000645","Lambeth 028",532164.721642052,172235.301112896
-10.6640619489978,0.0407300771533452,0.0145889862036423,0.0102645147692976,0.00423311480435878,0.00900621103299423,0.00518894113210931,-0.0107604082850757,-0.0801247506132473,-0.00150500150138607,0.678221947376119,0.0853823516703486,"E02000646","Lambeth 029",530008.856914929,172256.002253766
-11.7724247519592,0.0406130105867385,0.0148503486858361,0.0130723508990651,0.00560934888092957,0.00587702327625921,0.00650540764768358,-0.0112254137274329,-0.106017644070382,-0.00313188272552485,0.802936512932934,1e-06,"E02000647","Lambeth 030",531230.062905924,171571.555087097
-11.1890149943417,0.0411244701725096,0.0154429231404738,0.0177919360515818,0.00574106451494529,0.00267257045591819,0.00722704062463836,-0.0153035036048471,-0.112697671720683,-0.00355799470239216,0.743528639171662,1e-06,"E02000648","Lambeth 031",532214.325109334,171404.730331084
-12.3093216978593,0.0408184126486334,0.0156255109613701,0.00432125792266116,0.00543970060096796,0.0100194096271911,0.00492079507351833,-0.00627444831786061,-0.105786570222935,-0.00155009501352715,0.854227608232923,1e-06,"E02000649","Lambeth 032",530057.55068314,171353.1844454
-10.7440997013389,0.0410132043343318,0.01663697910903,0.0224067384941477,0.00551552525421852,0.000486481414220842,0.00734127800872123,-0.0183885802255776,-0.119739032131711,-0.00343365498967185,0.699034774158488,1e-06,"E02000650","Lambeth 033",533018.204038562,171199.02331446
-11.9030262854711,0.0404536183151544,0.0176211602766947,0.00966595352430943,0.0053178581107051,0.0083762183050033,0.00787051890199162,-0.00364655699082544,-0.123771791535737,0.000706645124186496,0.808438469159962,1e-06,"E02000651","Lambeth 034",530410.757276602,170571.020687383
-11.6232372285109,0.0388573102135607,0.0189651873149769,0.00549030391534385,0.00511550025337997,0.0111387947377712,0.00760158673179277,0.00173107444043561,-0.129607316007583,0.0027910634345137,0.775443447310887,1e-06,"E02000652","Lambeth 035",529580.756690382,170092.884934961
-5.60963449162838,0.0257432063919584,0.010487864829243,0.087374675858969,0.0214196078342189,0.00238562039280043,0.0148838133170501,-0.052428588338149,0.0521362394597627,-0.00987355947535025,0.0787041126951625,0.223588330323105,"E02000653","Lewisham 001",536187.43493137,178519.662949528
-5.91449921906235,0.0267714802030979,0.00963350739327774,0.0884365176271353,0.0221105201553495,0.00175764324114331,0.00840915386202335,-0.0514133422320989,0.0510777729545721,-0.0101207428484242,0.113325686228541,0.214130051438578,"E02000654","Lewisham 002",536704.410719618,177939.934421057
-5.87134795100454,0.0309084725835291,0.00624127701741516,0.075428606021927,0.0166498621154748,-0.000240744416604378,0.0145846920362146,-0.0488225377726659,0.0284536963696231,-0.00893605061092937,0.128411129460615,0.21402481389566,"E02000655","Lewisham 003",535705.998368643,177554.670437935
-6.83655094923138,0.0328548392499149,0.00473173929030405,0.0752107332140692,0.0174572452267828,-0.000538679065320481,0.00305623436622695,-0.0493105880652387,0.028262785159458,-0.010229943023703,0.236039665622473,0.185029679731204,"E02000657","Lewisham 005",536747.30305056,176556.910581166
-6.4834630500441,0.034037350230906,0.00370352259388509,0.0692004976526054,0.013788352629021,-0.00098696387032546,0.0107315498724336,-0.0470596030444159,0.00665857813002133,-0.00931162524649466,0.2087838099291,0.191787988080749,"E02000658","Lewisham 006",535739.960255264,176545.681101102
-7.44197578964498,0.0267440198238605,0.00832043380039718,0.0893750844294406,0.0219022284366968,0.00181930003325717,-0.0127999110852315,-0.0456585849374114,0.0498708615704659,-0.0131524069465145,0.29404798489456,0.188528143958007,"E02000659","Lewisham 007",538619.742513435,176123.257899615
-7.3419721682714,0.0341916764132942,0.00368953953640538,0.0723279793932534,0.0166716921478496,-0.000751085264540003,-0.00190038883685989,-0.0491657359954859,0.025456818362199,-0.0111259781956135,0.296731568298803,0.168056200640324,"E02000660","Lewisham 008",537093.258244866,176047.872058877
-7.57802532231208,0.0222424895650169,0.0105906515865452,0.0949511828135395,0.0227057238967602,0.00456179617053758,-0.0158736658836591,-0.0406676954332908,0.0538223616583279,-0.0144774683095283,0.306772578580998,0.204233300861138,"E02000661","Lewisham 009",539470.64832982,176060.523779581
-7.54709510719336,0.0367937359881868,0.00151984391846041,0.0618313198974754,0.0121255150171679,-0.00112313428008928,0.00409283147401786,-0.0484453102809248,-0.0113485782021006,-0.0110333409274961,0.335744408738939,0.14867548768245,"E02000662","Lewisham 010",536121.05308666,175638.939230198
-7.72306549772149,0.0349024143672301,0.00315984678664244,0.0707410236420922,0.016116327532038,-0.00089855336309409,-0.00718213827309128,-0.0494893416313778,0.025743016674896,-0.0123001360637814,0.343777178026836,0.150868235595301,"E02000663","Lewisham 011",537529.992599691,175557.394505503
-7.76803727549183,0.0252379464139818,0.00826666176208648,0.0772833120411311,0.0180092852265077,0.00405649744551887,-0.0161336536931113,-0.0440997160260664,0.0412078998461702,-0.0156586954038603,0.352562088392125,0.175075381337543,"E02000665","Lewisham 013",539311.78727164,174872.327407634
-8.18881019629077,0.037704279125806,0.000918144722690439,0.0602445362459476,0.0122635516075164,-0.00108248680543387,-0.00476056638960173,-0.0498579434043715,-0.00327228677119428,-0.0129930562090018,0.410114700175203,0.11534770514463,"E02000666","Lewisham 014",537092.452903805,174929.107628824
-8.55072849917236,0.0384389929179327,-0.000185110326520633,0.0546319379118206,0.0101716545403649,-0.00114707522039471,-0.00229989098964131,-0.0498490244845428,-0.0311068405433742,-0.0137649100431061,0.460682486233633,0.0881250640193831,"E02000667","Lewisham 015",536612.776949395,174500.080455156
-7.7143201395918,0.0231225277636645,0.0103135769977673,0.0727597159329611,0.0145967199388542,0.00637441831672443,-0.016362947565107,-0.0440870311298726,0.0343355088575619,-0.0183127792084586,0.360493093372474,0.173767128995822,"E02000668","Lewisham 016",539747.845227288,174245.008662741
-8.01323381338566,0.0311729970738117,0.00500718273831292,0.0655959498777458,0.0130798309310223,0.0016543624185582,-0.0158395267281942,-0.0493323777377525,0.0197925794508809,-0.0171700558326872,0.399581716267347,0.110100840011973,"E02000669","Lewisham 017",538781.521794676,174130.473908398
-8.26918892334527,0.0340343563105171,0.00241132869980818,0.060775179729698,0.0111103880936662,-9.28762803043309e-05,-0.012858550589025,-0.0503787259806876,-0.00188495322600659,-0.0168018314858839,0.436729028000673,0.0742097770731676,"E02000670","Lewisham 018",538210.194480987,173825.93070337
-9.26197225250643,0.0390594865403829,-0.00116866784933984,0.0472997490220759,0.00876585005461982,-0.00125976125229495,-0.00275692913592628,-0.0500547430698417,-0.0597468269125132,-0.0164692873452541,0.552114903617516,0.0343936982736553,"E02000671","Lewisham 019",536212.390360127,173758.272188228
-8.9077477430048,0.0392955268126035,-0.000814577334930049,0.0533493893782217,0.00936777612357151,-0.00196827752656336,-0.00988192078020821,-0.0533437913816306,-0.0321859179638191,-0.0174652029705947,0.511879460678753,0.0219596032180048,"E02000672","Lewisham 020",537350.170177931,173698.177140139
-9.50630586353406,0.0386031442177109,-0.000432280832747137,0.0424978614978071,0.00849598080986596,-0.00107775179490956,0.00068811828497103,-0.0446199322663205,-0.0753876953774848,-0.0161403303635818,0.581485314789268,0.0320882060229558,"E02000673","Lewisham 021",535196.555469758,173523.421954582
-7.8747334834896,0.0291288926223424,0.00673467794896428,0.0633070014978942,0.0090098148341077,0.00280173464820556,-0.0141447472184625,-0.0501238482054301,-0.00267141268669376,-0.0204284498898898,0.403720921335723,0.0799864588378045,"E02000674","Lewisham 022",538963.708562082,173249.682432072
-7.32618489752887,0.0197606912634839,0.0150844375085772,0.0642669012594485,0.00861298408668312,0.0101318658610665,-0.0140803862624096,-0.0438105879253625,0.0169697411593361,-0.0219881058444141,0.33862012508442,0.165581752764239,"E02000675","Lewisham 023",540364.288603985,173177.551992056
-9.64905663590318,0.0388936774371324,0.000585471387400801,0.0434804075354582,0.00877762923943743,-0.00160875631664096,-0.0039623364520469,-0.0479772811471763,-0.0724303874004626,-0.0173811119794904,0.599599124569187,1e-06,"E02000676","Lewisham 024",536178.552549043,172982.562100827
-8.40128942714788,0.0347168739337236,0.00291300484619649,0.0601738852763818,0.00774660857743837,-0.000694130369250238,-0.0116124502604806,-0.0527717023550001,-0.0341024228352324,-0.0205762085936152,0.467996513080476,0.00395623827578028,"E02000677","Lewisham 025",538146.337127239,172859.8116794
-7.41552592335397,0.0238668212636977,0.0132241573683576,0.0617566555450605,0.00571900537116812,0.00692433791828115,-0.0122808215399828,-0.0480093917523166,-0.00945149725700824,-0.0232130930846781,0.361950760157562,0.105504423819849,"E02000678","Lewisham 026",539712.973610245,172626.804574213
-9.6132179605591,0.0384118357601701,0.00618529057655905,0.0406283200562675,0.0083395782889143,-0.00205861639339036,-0.00202018945237009,-0.0434841137780435,-0.0852352636682021,-0.0150568493147378,0.594527654747756,1e-06,"E02000679","Lewisham 027",535906.096582866,172357.934644563
-9.90949540270381,0.0397007372964458,0.00661525631088957,0.0342514910566877,0.00868614854478642,-0.00169586445093058,0.00137227823936503,-0.0378674267503894,-0.0912335063299258,-0.0129963750262866,0.620766650698742,1e-06,"E02000680","Lewisham 028",534876.167310915,172446.957292052
-9.00951438636801,0.0369065533504396,0.00472244810782933,0.0518129976691051,0.00738485957565689,-0.00178744161153521,-0.00683727208091065,-0.0499878432701491,-0.0644816380414784,-0.0182139309159601,0.534167332206796,1e-06,"E02000681","Lewisham 029",537095.14079238,172393.090484919
-7.95856646477003,0.0307381691410214,0.00992801486185617,0.0613886328943426,0.00521276316524537,0.0015557467959828,-0.00910947800485934,-0.0508378699114304,-0.0459592058267261,-0.0224618320025449,0.425307563978752,0.0152585498507959,"E02000682","Lewisham 030",538635.031297404,172140.756671477
-6.96730396626655,0.0176184315389083,0.0240951762015273,0.0439092070628536,0.00238612799219142,0.0147712945820816,-0.0099502730563909,-0.043361626512395,-0.00467245809839639,-0.0242256644726467,0.313158490298396,0.153944814980171,"E02000683","Lewisham 031",541276.847508919,172013.867915331
-9.95342146784468,0.0397950664969647,0.0136931407461502,0.0312290232597986,0.00676406839364592,-0.00224815148474707,0.00309793317189549,-0.0334898467707988,-0.107954709798704,-0.00914306833214228,0.625298439625054,1e-06,"E02000685","Lewisham 033",534751.245747087,171754.754386477
-8.21183665403975,0.0337119831149016,0.0167954659542316,0.053704507316161,0.00465795590204255,-0.00171715802915491,-0.00192704987106624,-0.0435945852077579,-0.0822168745507976,-0.0134127953507294,0.44691799266043,1e-06,"E02000686","Lewisham 034",537631.752666304,171188.535356794
-9.27887700251291,0.0376794973691151,0.0157282020945716,0.0396459960125763,0.00575870725173632,-0.00330078192290777,0.00126225492941744,-0.038165704217304,-0.104619814587982,-0.00932314732545812,0.559305007110343,1e-06,"E02000687","Lewisham 035",535744.027370426,171450.836810022
-9.50678225970619,0.0264498452643423,0.0259989314402988,-0.0285729879406685,0.00241231599131476,0.0264774727127483,-0.00518963718094621,0.0166817309885548,-0.0709592007697036,0.00333181139835732,0.551951713984975,0.189241843662101,"E02000689","Merton 001",525394.730959179,172039.747576867
-5.37340922919543,0.00924881958278694,0.0216330473214373,-0.019723573387302,0.00845942506625092,0.0250552115390817,-0.00831311276458542,0.0153443315466037,-0.059360075891729,5.23419469810629e-05,0.127948527124273,0.216161628251706,"E02000690","Merton 002",523069.649059791,171419.17006552
-9.66914010303993,0.022382895968515,0.0273189447257983,-0.0126257173256932,0.00302590623321707,0.0271387327743332,-0.00374688903981766,0.022132524415061,-0.0932354266861235,0.00167373502270647,0.565025493443006,0.10675524488491,"E02000691","Merton 003",525332.585713905,171053.415323161
-7.56017513568659,0.015020800175043,0.0257917575443839,-0.0133030301977846,0.00584399274484436,0.0263250797824824,-0.00449635092388083,0.0224530722287374,-0.07968499256092,0.00173944671679193,0.34631060642457,0.123204207436376,"E02000692","Merton 004",524245.434420047,170693.326808483
-11.0752142035892,0.0293505310314435,0.0243179461488238,-0.00261175621034055,0.00280739717735215,0.0229390834527865,-0.00107990142468437,0.0187075176256391,-0.114498931129319,0.0020791560346965,0.713434760963057,0.0408768824818882,"E02000693","Merton 005",526802.234417784,170503.247705329
-10.3615012140156,0.0248927649572925,0.0260477205062889,-0.00211387570041431,0.00303789495104783,0.0252802508350934,-0.0021362799829452,0.0218738885706698,-0.107395205483879,0.00256889625851335,0.635816620156797,0.0623636123207289,"E02000694","Merton 006",526048.882107922,170521.380885454
-11.7474045496002,0.0370891252054463,0.0197690602694639,0.000722283362896134,0.00420056690327145,0.0152864307331083,0.00335692049613302,0.0075838995618897,-0.126266744331712,0.00204255353352022,0.788719728661689,1e-06,"E02000695","Merton 007",528554.683548239,170257.605181657
-10.9992047617843,0.0315076745471224,0.022903182612177,0.00251850362310834,0.0035913567960375,0.0195843499721689,0.00228837371240486,0.0152053246711272,-0.123049995128495,0.0040530484761763,0.704458236766614,0.0207072803354973,"E02000696","Merton 008",527464.962950383,170088.992337983
-9.10957805238343,0.0195090883799923,0.0259984043480632,0.0065770675984774,0.00471141335343522,0.0252953345657654,-0.00177544306034853,0.0239747246752541,-0.103781044461975,0.0052075227679929,0.500092387534854,0.0616635000603354,"E02000697","Merton 009",525391.172917752,169947.77443306
-4.93797882720741,0.00611030417817377,0.0218858957322285,-0.0231471015869067,0.0102265543693061,0.0228709719039475,-0.00898373287406825,0.0191868750587307,-0.037715708189821,0.000941481774062924,0.0828948045724579,0.123297997261924,"E02000698","Merton 010",522660.961451526,169811.664821772
-7.25127932149369,0.0129265345240564,0.0247591816367207,0.00180585122607899,0.00725439756003644,0.0246495947693224,-0.00404974360713901,0.0241331774766871,-0.0810964527673974,0.00499531734030029,0.308653636170249,0.0746497255766417,"E02000699","Merton 011",524251.96785698,169610.628088781
-9.70449558188878,0.0245886470544635,0.0250236329252516,0.014146914440142,0.00431888568915127,0.0219433304803896,0.00210207711818122,0.0206738549239127,-0.12109191631213,0.00832828748403279,0.55960522020032,0.030483875158118,"E02000700","Merton 012",526468.899095937,169450.430901624
-10.5970245350923,0.0327315565445987,0.0221313201563176,0.00995994695776905,0.00426662178699221,0.0164480844794123,0.00564277786863731,0.0127867592620902,-0.133961283579101,0.00707803736773494,0.659498086125334,0.00257222235769697,"E02000701","Merton 013",528038.859252059,169471.624270075
-9.96872681115354,0.0336818653698994,0.021998844160961,0.0131008627755802,0.00495250674030108,0.0129500970331517,0.0104030795789493,0.00920318085869267,-0.140748130953737,0.0107872219649627,0.591442314845296,1e-06,"E02000702","Merton 014",528807.23112859,168771.769995352
-8.23894994341758,0.0171504804459746,0.0248407501094965,0.014352812493667,0.00652924893211477,0.0235894256919242,-0.000160218081327056,0.0241740562867338,-0.103401717029338,0.00954567512822935,0.404375529025554,0.0475499350496497,"E02000703","Merton 015",525199.201296599,169086.45947205
-5.76020766603532,0.00756320950825802,0.0234517090193541,-0.00971315326620779,0.0102511201696346,0.0224998427646392,-0.00597693291227858,0.0224696410394173,-0.0519544921898995,0.00469530819097112,0.158779884449986,0.076388655289576,"E02000704","Merton 016",523236.552165655,168943.453637427
-10.3653394801773,0.0361324778694632,0.0209621018212707,0.0112036872682853,0.00523830326869347,0.0107693677545192,0.0116000898245599,0.00513436333200701,-0.140494017114832,0.00891625724677509,0.636318543709072,1e-06,"E02000705","Merton 017",529492.031875746,169043.945040085
-9.75236806211238,0.0281264718943514,0.0238287144133131,0.0182261491505958,0.00439634110150198,0.0184580251547145,0.0054595848931661,0.0169908449405249,-0.132151198098996,0.0103937729019263,0.564145363935382,0.0102118606027671,"E02000706","Merton 018",527297.48222978,168989.292333451
-9.35233620562676,0.0350048939501816,0.0220106423129066,0.0108157028332041,0.00554621429843725,0.00912994701468086,0.0152753840330407,0.00466296709057845,-0.141338141358514,0.0133638442951744,0.527347203740355,1e-06,"E02000707","Merton 019",529929.143247653,168160.335725549
-5.47219316400176,0.00575767677062781,0.0227050110040072,-0.0116938108037821,0.0121198158862733,0.0212360421307569,-0.00493738645631225,0.0225135684444905,-0.0439599758984392,0.00696595053156708,0.128200533085915,0.0661126181369247,"E02000708","Merton 020",522861.195662569,167954.812628386
-6.84325803105568,0.0123345788446406,0.023378805753244,0.0103078255820195,0.0094295092859006,0.022136182283157,-0.000602216663644455,0.0246922100072078,-0.0848203593863575,0.0115733416276773,0.258936929033236,0.0437981847900201,"E02000709","Merton 021",524307.512734783,168039.855098583
-8.81722394551798,0.028072619232418,0.0238572413551991,0.0199317239805376,0.00522337984530715,0.0157913598813084,0.0098003320596887,0.0152349693114783,-0.136003507296402,0.0154506649343598,0.462336189146725,0.00262403421735813,"E02000710","Merton 022",527715.016397053,167877.300091066
-8.23584402981562,0.0197921214737948,0.0245993609195304,0.0230378937696578,0.00658051495462068,0.0209974361776222,0.00388100434498288,0.0224267549167909,-0.116793961110215,0.014534614284393,0.398231823692962,0.0227141481800119,"E02000711","Merton 023",525907.365765289,168095.889411872
-7.50806584687266,0.0171613471484464,0.0242400585210704,0.0201974894327518,0.00798984286962628,0.0207816301032823,0.00383789280209318,0.0238176508544542,-0.108230644995979,0.0162675852862948,0.321169708662881,0.0211903024527107,"E02000712","Merton 024",525395.573552891,167284.670898399
-6.35271374236579,0.0116881979360126,0.0229086203223708,0.00356716041701632,0.0109512301948176,0.0205613489342904,0.000603960057928418,0.0265847907011122,-0.0791273911754468,0.0144598317102856,0.207642116627817,1e-06,"E02000713","Merton 025",523822.593505187,166884.424844993
-3.33465861874877,0.00507061097601895,0.0117551948166921,0.00979149544489105,0.0149527544200615,0.00773866286654083,-0.0198349038466512,-0.0321515863722628,-0.0350753590912998,-0.0252002025064364,0.0243814367053927,0.0720522999623141,"E02000714","Newham 001",540356.267302032,185666.21700037
-4.94664567511455,0.007752928915553,0.0124663068720921,0.0308963543909636,0.0103073891039033,-0.00184708525231545,-0.0151452863295835,-0.0302176684420211,-0.0409749579553977,-0.0205480411307753,0.205289261167242,0.0514083417565282,"E02000715","Newham 002",542949.120227284,185728.237257484
-4.30446623131079,0.00744848273238481,0.0117449982195435,0.0198453724094732,0.0114554964033987,0.00102046539838024,-0.018148353890587,-0.0319913029815368,-0.0435806975302445,-0.0226676181209776,0.140867910425974,0.0493951694593956,"E02000716","Newham 003",541978.456688226,186009.339477769
-4.509764600621,0.00707096246259861,0.012095583288783,0.0280173340218612,0.0121016547294159,0.000992791469635068,-0.0172918671645016,-0.0303845503047037,-0.0364963472688143,-0.0220026044538584,0.152467655896798,0.0590046332678135,"E02000717","Newham 004",542215.429924872,185425.732568559
-5.08934255721948,0.00770847414073348,0.01263351373623,0.032152519203168,0.010571885097055,-0.00200528974910125,-0.014288273680419,-0.0289240088867778,-0.0374226831990544,-0.0199920398668488,0.216779553530464,0.0540089326131354,"E02000718","Newham 005",543152.043703145,185307.484656533
-3.13686790431061,0.00319560053209913,0.0126196954589721,0.0161361826039022,0.0164854030083146,0.0105364671181319,-0.0171689204647827,-0.033839332970055,-0.0255732685144856,-0.0251543685862403,-0.0115709512020298,0.0906290710959329,"E02000719","Newham 006",539710.286371341,185294.203590575
-3.80690825044904,0.00587680785200791,0.0117397300583529,0.0201033477122888,0.0144724212939244,0.00570340243656321,-0.0189980166005357,-0.0310846836598137,-0.0328100164948614,-0.0237064062326714,0.0702727617154703,0.0684763158185018,"E02000720","Newham 007",541064.247915412,185311.15523072
-3.76072600759386,0.00467117271220553,0.0121554373405356,0.0293499567415098,0.016102028008747,0.00815264708564645,-0.0173463275184308,-0.0305368236537562,-0.0245471515412114,-0.0232933076120687,0.0488339269177671,0.0805136703132012,"E02000721","Newham 008",540630.528007901,184831.915343631
-3.3792702164018,0.00229718335159629,0.0134184837628626,0.0338874597709226,0.0176705067758492,0.0116846940001439,-0.0138359641952064,-0.0338512700185127,-0.015978837871685,-0.0235852991970226,-0.00671909836901481,0.100807567437008,"E02000722","Newham 009",539682.460656564,184714.791470361
-4.72581355311194,0.0067450462735209,0.0123623550521516,0.035374641760591,0.0131834555619817,0.00157341516564129,-0.0164772743516953,-0.0284721835686499,-0.0283149152418495,-0.0210816974498728,0.162843009716185,0.0677035435838137,"E02000723","Newham 010",542367.282263806,184649.076181006
-4.39117427004412,0.00621388200431724,0.0121043046947867,0.0344736829762606,0.0143720726855571,0.00393331078869711,-0.0174608790336931,-0.0291378529844517,-0.0267959954467939,-0.0218748968569138,0.122244635972189,0.0712477155595908,"E02000724","Newham 011",541764.107042836,184651.890984831
-3.19505352721171,-0.000241255501537768,0.0152067402616279,0.0454624034016698,0.0188816601505428,0.0143844733780762,-0.00864256440038541,-0.0386988960199694,-0.00601870398724791,-0.0232656033384614,-0.0443010613561343,0.119705201821526,"E02000725","Newham 012",538982.963799752,184530.744347035
-4.26818434705386,0.00541215191895389,0.0123914374830233,0.0396399031493729,0.0159219875828193,0.00618786375350588,-0.0171386815973121,-0.0293341669627797,-0.0198055230542974,-0.0217506852129976,0.0955331703346623,0.0830094286192204,"E02000727","Newham 014",541355.006230572,184258.690557688
-5.07632591016542,0.00708395447526281,0.0129263237437869,0.0329402705810447,0.0124253640386631,-0.000278930037130662,-0.01434727852249,-0.0274672360490319,-0.0265915866527246,-0.0197833934541165,0.201946747569273,0.0678814974886433,"E02000728","Newham 015",543042.020002655,184340.724572216
-3.832253325555,0.00295127040444328,0.0136685936506212,0.0482379838594052,0.018247764265791,0.010957773617083,-0.0131606838800239,-0.0323913405190667,-0.00938533099096035,-0.021941604001734,0.0262167267928903,0.105533708665471,"E02000729","Newham 016",540129.874420618,184105.282610663
-4.1124132212556,0.00435510499625009,0.0128456782564064,0.0455694218545279,0.0172342639831342,0.00860734554390431,-0.0155990724477256,-0.0300943828237098,-0.0142154593609521,-0.0217379885018258,0.0660316995141546,0.093082976033602,"E02000730","Newham 017",540804.456678257,184081.652609542
-4.84221893802148,0.00628944426618749,0.0129581245695978,0.0418475534145931,0.0150097251643739,0.00322990778071152,-0.015903133122112,-0.0277654573193971,-0.0167733546074463,-0.0199817454865464,0.156069841774882,0.0845614357404712,"E02000731","Newham 018",542361.34317988,183721.495170924
-4.63081203476542,0.00562044731587144,0.0128231428638266,0.047311462265678,0.0163786468182078,0.00577194539581581,-0.016153127212925,-0.028431493960677,-0.0134661398449511,-0.0203145322154538,0.12332288000828,0.0889431078347936,"E02000732","Newham 019",541739.597847549,183649.331181869
-3.8176870135325,0.0008106685366025,0.0162786813947445,0.0693553835844244,0.0201463961396564,0.0138054792011451,-0.0062152279409319,-0.0387667319204115,0.0064909407388793,-0.0206245311146142,-0.00895358120062023,0.134041183846762,"E02000733","Newham 020",539355.861913579,183611.610469274
-4.09271461783402,0.00235770532812508,0.0148850162741768,0.0670937561259522,0.019490603670863,0.0120420912593924,-0.00972745315558661,-0.0336683867884549,0.000784348883262327,-0.0204193417783009,0.0293887658676127,0.118690216402961,"E02000734","Newham 021",540041.243659716,183548.9362414
-4.46378626787192,0.00431326570774518,0.0136960295425185,0.0609866305894389,0.018433393129221,0.00921010789353017,-0.0137514197142746,-0.0301007465252609,-0.00402076764345076,-0.0200162150571749,0.0813901416440803,0.106159745466992,"E02000735","Newham 022",540946.632293956,183349.34053881
-5.22275766367435,0.00709241914532828,0.014054335224456,0.0219730621746889,0.0136489590473729,0.000498897069076213,-0.0117926724662253,-0.0261809355080461,-0.0155161379957992,-0.017876028566627,0.206264501245862,0.0827645015593562,"E02000736","Newham 023",543513.969289699,183257.818177297
-5.04305299424175,0.00644365452182161,0.0136261189956372,0.0396019063263139,0.0156964559683605,0.00348948453552503,-0.0142860629170775,-0.0270931186564362,-0.0100204830984827,-0.0185085551743232,0.168331852774,0.0928943675979131,"E02000737","Newham 024",542698.464248644,183071.756641792
-4.82348969252542,0.0055659870336256,0.0134806255683073,0.0539538609232401,0.0175467490807937,0.00674436924954539,-0.0148919113007374,-0.0282994398989587,-0.0051701386940875,-0.0189260827820146,0.127506543937858,0.10034525853879,"E02000738","Newham 025",541821.006252824,183021.77348266
-4.54623972823313,0.00350884097478499,0.0152025876524575,0.0783051128595999,0.0200802665329607,0.0112610166069387,-0.00995566643490933,-0.0322657702961272,0.00704364600998986,-0.0187196981633114,0.062290009704963,0.124756276350133,"E02000739","Newham 026",540539.596580451,182858.668158375
-4.43027512697629,0.0013500005639357,0.0184791384747327,0.10202959066923,0.0220139113394967,0.0145418381603369,-0.00084204688734118,-0.0416220734575316,0.0232789188369432,-0.0177960026300216,0.0114366520766692,0.152627587403085,"E02000740","Newham 027",539362.923984097,182650.20198835
-4.83429100284049,0.00473031258355023,0.0147080943884915,0.0728291710602651,0.0197239876574808,0.00972836906349472,-0.0119766718540977,-0.0299210492489126,0.00635860506333406,-0.0178075995407336,0.0975542876709969,0.120533058589022,"E02000741","Newham 028",541233.624248445,182503.026543304
-5.08296956847285,0.00595301278789216,0.0142327604519713,0.0475204391230459,0.0179008563004335,0.00635859552580399,-0.013406756243114,-0.0272889192537069,0.000434884736800166,-0.0171454885157586,0.149396281123356,0.107365103008603,"E02000742","Newham 029",542411.298291283,182379.190016003
-4.77698330094107,0.00284448763074226,0.0179037884572774,0.105806350586024,0.0222222898592182,0.0135308049344047,-0.00356180692875135,-0.0375505806941208,0.0240701931493028,-0.0166556763827121,0.0434189144542728,0.150961593589544,"E02000743","Newham 030",539960.498489565,182131.304589362
-4.97555064363,0.00359703091480428,0.0166673952255508,0.0987148838443381,0.0217647438748042,0.0124885653486122,-0.00708962622387351,-0.0329822482372797,0.0197990432642017,-0.0162376983191225,0.0757089224139346,0.141077080337488,"E02000744","Newham 031",540649.755265246,181964.950598108
-5.11536959106204,0.00516104072736944,0.0152752002512404,0.0688367152955996,0.0203619212815395,0.00971538732377747,-0.011537553222754,-0.0285674625876288,0.012083894950235,-0.0158935362608548,0.119445647109804,0.12790751319304,"E02000745","Newham 032",541858.535034566,181770.500179257
-5.29747676927852,0.00834694218417623,0.0157460100993638,0.014313075835077,0.0156869201062399,0.00280223209789445,-0.0103325121219858,-0.024512144391626,-0.000909077789302205,-0.0150776302185921,0.186318520796926,0.120034149802833,"E02000746","Newham 033",544107.176063904,181813.807362904
-5.05951738570575,0.00413633760978721,0.0194060669048108,0.117341911269279,0.0236657211355572,0.0139410651677218,-0.00113916079677912,-0.0416286498106285,0.0368509662600337,-0.0151505048989955,0.0452899658232998,0.171674158324312,"E02000747","Newham 034",539614.60693682,181342.990609062
-5.26915958898776,0.00587759375302968,0.0159968856799277,0.0587043437026503,0.0207201048004205,0.00977882722060253,-0.0110246183114045,-0.0268160947150401,0.0160408329410874,-0.0142583562175488,0.130630429472716,0.137990711451381,"E02000748","Newham 035",542499.150323574,181153.555467087
-5.28587301262958,0.00411189447065462,0.0173340061040246,0.102774979237252,0.0228071759108995,0.0130472414756554,-0.0077845960469405,-0.0319878947445949,0.0273427741042837,-0.0144883830611932,0.0930785962299013,0.154462296157409,"E02000749","Newham 036",541046.858248414,181103.016973687
-3.51399455668221,0.00664956236143358,0.0139992743964964,0.0185175774010753,0.00921581384631553,0.00350632307484533,-0.0197001838039276,-0.0307342580288578,-0.0902802641369752,-0.0156109081717377,0.0540845726083461,0.0505234731941607,"E02000751","Redbridge 001",540415.761334705,192643.267114189
-6.49663913630617,0.00975065304940444,0.0135612000968962,0.0444017212580502,0.00251996721709361,-0.0080685400745934,-0.0058885751746045,-0.02915101142886,-0.0894166324235487,-0.00897454116884291,0.389513695536766,0.0146422418479482,"E02000752","Redbridge 002",547536.769062635,192330.003297724
-6.10320783580803,0.00888964933134597,0.0135129792023752,0.0409419751608762,0.00302208701910854,-0.00735780857890144,-0.00927151247297126,-0.0340273821119617,-0.0901380982917246,-0.0106244965120742,0.353226680011059,0.0145586672893514,"E02000753","Redbridge 003",545514.309982798,192235.045048212
-4.05624454556446,0.00788334844352132,0.0134452290988029,0.0194194896733542,0.00773655100148856,-1.14560960633383e-06,-0.0193914641380675,-0.0350885689616024,-0.0877100624045066,-0.0163740922216332,0.124404674823736,0.0367747755323608,"E02000754","Redbridge 004",541504.063779986,192097.290186148
-4.45239826743208,0.00840376254902374,0.0132435966891002,0.0209265249182819,0.00659790768399588,-0.00226195083992582,-0.0187109957586343,-0.0379333473652858,-0.0861569814038221,-0.0166382526613874,0.174969835956921,0.0283684494790849,"E02000755","Redbridge 005",542185.932827539,191592.871954895
-5.75364218661887,0.00899901386582212,0.0132191039817686,0.0338537747436663,0.0038016707500949,-0.00673041632270158,-0.0118905195739098,-0.0378078871955698,-0.0855657060594033,-0.0128326076544073,0.320154697323381,0.0150268624715114,"E02000756","Redbridge 006",544438.456721257,191117.717383921
-3.0920624073186,0.00925435846290275,0.013258535027365,0.00214855518264553,0.00980197985748145,0.00367982650206597,-0.0255304090417758,-0.0362679792137677,-0.0873748930874741,-0.0219939905168383,0.0194435504346706,0.043937067338156,"E02000757","Redbridge 007",540141.203685704,190676.862457369
-4.82808177705068,0.00880369351294367,0.0129979585592773,0.0204320645217161,0.00585670002650252,-0.00414184706594807,-0.0175734590751194,-0.0402261827719272,-0.0807517626224456,-0.0173518252835474,0.222335434351939,0.0224029322351564,"E02000758","Redbridge 008",542802.809342842,190503.039035553
-3.7439675331521,0.00927717834844889,0.0127505885043922,0.00610972642901658,0.00845453245674173,0.000227298634355701,-0.0231699808282209,-0.0383969612578232,-0.0802828134156925,-0.0212065475845979,0.0992633968661999,0.0335613182186465,"E02000759","Redbridge 009",541240.154963793,190326.416099843
-5.50648179407639,0.00896545368763849,0.0129878660964201,0.0280694585761284,0.00458545867827221,-0.00614476043603642,-0.0135693674207944,-0.0393602492573151,-0.0802010549458892,-0.0147751385758644,0.295904019950332,0.0164742661114743,"E02000760","Redbridge 010",543881.281642452,190213.504934537
-5.12221921364464,0.00869263083756201,0.012758354603838,0.02074754200764,0.00606520020731489,-0.00483719511793508,-0.0155769153091432,-0.0392011484142507,-0.0712291421232135,-0.0178845868997632,0.253948538244161,0.0226623074186305,"E02000762","Redbridge 012",543225.816162466,189088.559657557
-6.32503108294113,0.00985915547512929,0.0133843380800034,0.0394615656288361,0.0034554535960934,-0.0077956158133967,-0.00705407971693852,-0.0316473842462054,-0.0793783760551313,-0.0109118056757402,0.372065151789435,0.01676709404443,"E02000763","Redbridge 013",546408.532831075,190182.703941769
-2.89679338303698,0.00956562463342745,0.0125224515059991,-0.00895134268528693,0.0106368501167995,0.00411833687185014,-0.026446232596237,-0.0384993550505076,-0.0744239189204461,-0.0263227838833808,0.00472954669985086,0.0458758314093019,"E02000764","Redbridge 014",540138.052025348,189084.566802157
-5.41274627126417,0.00890992279541638,0.0127073097528873,0.0251967299333382,0.00563579993012693,-0.00560138942004784,-0.0136917811228402,-0.0382272938548373,-0.0704228553469276,-0.0165725147434948,0.283637797408256,0.0201436573833698,"E02000765","Redbridge 015",543645.305298506,188830.22611606
-5.73928444663498,0.00916916774207423,0.0129259782907715,0.0311311643490116,0.00508384467265964,-0.00646838238347943,-0.0113049070754913,-0.0363392263872381,-0.070378025937826,-0.0149607705574856,0.314635380398043,0.0197264564208039,"E02000767","Redbridge 017",544340.893353274,188791.849462822
-3.49148699647469,0.00883895005721336,0.0120103742324251,-0.00499905127004624,0.0101167118907611,0.00169848461468997,-0.0233411757401882,-0.037947632201594,-0.0643000504267096,-0.0251392018518168,0.0738991256625942,0.041400735415299,"E02000768","Redbridge 018",541088.497644971,188307.604828552
-6.00582418123468,0.00969931390886053,0.0133621131527884,0.0341344639689972,0.00505815272566984,-0.00706230998932321,-0.00807804434916547,-0.0316749289650769,-0.0656687468204222,-0.0137964267599302,0.334434073530401,0.0247349195368484,"E02000770","Redbridge 020",545387.026180438,188109.888839176
-6.19454310950015,0.0101314005105164,0.013832376478354,0.0305390343932867,0.00458423821164117,-0.0074606400048338,-0.00555972761422126,-0.0289369161612043,-0.066761788222039,-0.0122292009446388,0.352333908532992,0.0255647503656376,"E02000772","Redbridge 022",546448.993814685,188125.129893736
-5.7294722644211,0.00931126316495057,0.0129649092545529,0.0327518336080245,0.00598370714632146,-0.00622780124025306,-0.0104830054307464,-0.0333026784956215,-0.0617374492685199,-0.0157770653516779,0.30610094846907,0.0260504221082351,"E02000773","Redbridge 023",544402.759177245,187654.863749822
-5.97639895472526,0.00972030607634641,0.0136316210019606,0.0317327654051264,0.00546704664001163,-0.0069405772081118,-0.00735666377921457,-0.029931699282543,-0.0614206274182842,-0.0140001229812459,0.327747364645889,0.0299284143437626,"E02000774","Redbridge 024",545631.068032568,187559.503673563
-5.52622683201672,0.00899929993751373,0.0128142092313612,0.0317152639124755,0.00689445101403414,-0.00541871401694531,-0.0118455989646671,-0.0328877049827136,-0.0571448717016639,-0.0172036285224291,0.282095052915991,0.0306906792085555,"E02000776","Redbridge 026",543971.767044735,187196.566227958
-3.45393535064184,0.0073411709827617,0.0115417834061742,-0.00270022770949575,0.0120688059741252,0.00373403759551903,-0.022016445039311,-0.0346347033608436,-0.050919881645623,-0.0257115893448972,0.061013384067421,0.0515639007707556,"E02000777","Redbridge 027",540939.690528277,186865.617284587
-5.08891916386589,0.00844206216021739,0.0124493344067747,0.0275886062902258,0.0084246360991692,-0.00351712312710189,-0.0145624331689384,-0.0328895528649412,-0.0518457638857479,-0.0196306231574821,0.233068052978088,0.0374713466420592,"E02000779","Redbridge 029",543175.059588004,186749.070152312
-5.80188802830584,0.00907071273712863,0.0142003216048564,0.01715648060356,0.0067929692106512,-0.0062541352721576,-0.00679093303918561,-0.0278468577758366,-0.0494619015409128,-0.0149239322093193,0.307305126293463,0.0397310248087797,"E02000781","Redbridge 031",545484.598836042,186007.59503587
-5.33303505380305,0.00820777101172348,0.0128908671788793,0.0309439932537201,0.0091397721551195,-0.00378334561057972,-0.012560106726433,-0.0292056481160572,-0.0426297987893233,-0.0187804053138373,0.249411490955389,0.0469019685710709,"E02000782","Redbridge 032",543691.755036167,185711.190649119
-5.46407425162698,0.00813184760396219,0.0135291333415234,0.024411431816229,0.00911723255299141,-0.0042657808804388,-0.0105776865888753,-0.0277004944160052,-0.0387663299742692,-0.0178124502929232,0.262168806152748,0.0524298935896142,"E02000783","Redbridge 033",544268.825735138,185218.550398657
-2.42647965793529,-0.0041632121994526,0.0199244311091256,0.0751641784820737,0.0238677986463547,0.0386927824098401,-0.0189106554084453,-0.0276315588473369,-0.0111351153205469,-0.0152580554826324,-0.22863380168053,1e-06,"E02000784","Richmond upon Thames 001",522500.9255279,177097.013956487
-3.64388736683873,0.00680188607202676,0.0090918937755249,0.0588998991757457,-0.000972938246577841,0.00898296059918069,0.00545001193075492,-0.0502973923437751,-0.115155803817401,-0.0094085814887413,0.0401819215624501,0.574071934140445,"E02000785","Richmond upon Thames 002",518272.10949915,176339.438894494
-2.73595343097374,-0.00891071562127831,0.00367793745892162,0.0854415601350012,0.023927048449995,0.0386146331226122,-0.0101176332700276,-0.0151637571839274,-0.0231479429690395,-0.00935320896274803,-0.184799789515413,1e-06,"E02000786","Richmond upon Thames 003",521653.183950323,175894.21348566
-3.21356811483893,0.00140078083404818,0.00804983517353034,0.0671070363308958,0.00492751388240936,0.014926340206467,0.00156897563832932,-0.0440189265671348,-0.100736203214399,-0.0109072807047012,-0.0337785397695574,0.669527408237582,"E02000787","Richmond upon Thames 004",519377.003659195,175964.81847416
-2.59362924529545,-0.0022752418687359,0.001024830761163,0.0794959025179564,0.0173738206486636,0.0289999893299622,-0.00223882414330583,-0.0205608985821788,-0.054750442506855,-0.00693786865270954,-0.172080238659731,1e-06,"E02000788","Richmond upon Thames 005",520493.556749511,175334.395153833
-3.02153973555399,0.00550115254795991,0.00500663965796008,0.0700029516727763,0.00319363425675135,0.0103848532995631,-0.00473443387351528,-0.0494868244347616,-0.104216453832314,-0.0120264309233124,-0.0461824386283004,0.605647290244894,"E02000789","Richmond upon Thames 006",519043.641496211,174485.845476845
-3.95891667820149,0.0130546627257311,0.00636949477012853,0.0672543601319908,-0.0056233033191205,0.00083192530325746,-0.00107909442408031,-0.0674684226897098,-0.0952884857443656,-0.00921588712566947,0.096968072645019,0.487297858604747,"E02000790","Richmond upon Thames 007",516714.493732276,174635.375839534
-3.37417378853361,0.00948367778794034,0.00591103074592568,0.0678505287290755,-0.000923430994005841,0.00576981098598706,-0.0027981870140709,-0.0589746277350518,-0.105403835377286,-0.0111682615849271,0.0111863316976884,0.56107199364531,"E02000791","Richmond upon Thames 008",518092.176395473,174525.800449788
-3.63373277621573,0.0107534174132266,0.00528039768260464,0.0714455797549242,-0.00293129217955465,0.0026562589636597,-0.0045873375500059,-0.0654188097422835,-0.0938087422542616,-0.00983554968843828,0.0515851192122856,0.51686693277902,"E02000792","Richmond upon Thames 009",517253.214541573,173961.48714041
-4.64359971725287,0.017110722094614,0.00500949452719916,0.0659329700335828,-0.00744893960409389,7.64188061187085e-05,-0.00196747135403434,-0.0719910504332775,-0.058667272196283,-0.00379329070802176,0.181315264913963,0.405193624123562,"E02000793","Richmond upon Thames 010",514133.185075581,174056.657717985
-4.28200027466539,0.0143836259973737,0.00515500458686553,0.070582818740505,-0.00636336776370185,-0.00054261316685867,-0.00346370773051943,-0.0721127420744348,-0.0723077586642032,-0.00635097935515212,0.138391375486401,0.450226066937631,"E02000794","Richmond upon Thames 011",515538.53425914,173920.257948057
-2.61847573319569,0.00262884845300789,0.00132663103036607,0.0636018550999925,0.00752739134357826,0.0172163672436418,-0.0125261769070893,-0.0288719305452615,-0.077914112588997,-0.0128341424157289,-0.113201608176655,0.498987838929326,"E02000795","Richmond upon Thames 012",519707.404825412,172838.135566829
-4.76122569402038,0.0173158818921419,0.00411911741589619,0.0672266654997989,-0.00677647422593901,0.000610138394973174,-0.00374441845115132,-0.0727369430175516,-0.0493518204225678,-0.00218449416777063,0.194064997960982,0.394222688016263,"E02000796","Richmond upon Thames 013",513241.66180837,173404.765066718
-4.07468531044125,0.0117092474574041,0.00447375126089121,0.0754723304972811,-0.00436418798131234,0.000301388349222573,-0.00624144205691847,-0.0705727947323087,-0.0722248318644621,-0.00660583020110445,0.109823838597817,0.471980147078801,"E02000797","Richmond upon Thames 014",515972.351354076,173286.051809056
-4.57031472378971,0.0135849979606114,0.00330879393549728,0.0754185935429707,-0.00451400045412603,0.000280310660686054,-0.00765578692560425,-0.0732720577140764,-0.0495135617006085,-0.00277778336748809,0.168573561953571,0.435289892170501,"E02000798","Richmond upon Thames 015",514183.091045886,172436.742775764
-4.19996186146745,0.0100290056260453,0.00347440159284625,0.0798064861268569,-0.00285537925597771,0.000857604236421893,-0.00883506412814954,-0.0694483941289098,-0.0598368334909014,-0.00479259627771229,0.120675068389149,0.46647207565139,"E02000799","Richmond upon Thames 016",515551.846761419,172385.692380372
-3.72248847331971,0.00698179727890128,0.0033397294051782,0.0796531068892706,1.74207276822441e-05,0.00406963869012811,-0.0100580128452045,-0.0615126023049554,-0.0705162595122798,-0.00740584364704748,0.0539165151528821,0.492372325433388,"E02000800","Richmond upon Thames 017",516880.941280172,172333.043712309
-4.19260778329839,0.00719832085609063,0.0027373209530644,0.0837733510975045,-0.000671333059687029,0.00204277229018297,-0.0110287308992642,-0.0647535288145787,-0.0535660857585189,-0.00433029212189702,0.112861399803084,0.467274709770241,"E02000801","Richmond upon Thames 018",515688.708763175,171601.093951093
-4.52179822952273,0.00873275534032297,0.00236645284264038,0.0830446205485241,-0.00106886563370707,0.00151516522496755,-0.0111267808908404,-0.067405310640598,-0.0424964063975183,-0.00210008723723881,0.152854718322,0.45288568382462,"E02000802","Richmond upon Thames 019",514526.740535518,171080.195115254
-4.76667275645968,0.0124841638479596,0.00243220922190681,0.0770873710941129,-0.00251847724308317,0.00165256884748678,-0.00962840234527911,-0.0709016027235788,-0.0374986309628935,-0.000807364902586335,0.185146671550654,0.430498594679723,"E02000803","Richmond upon Thames 020",513074.087667022,171127.618504706
-4.22902846562083,0.00181108187711533,0.00268928815353273,0.0840810187121771,0.0036648479289228,0.00548349969553984,-0.0125295481465991,-0.0526322041217934,-0.0418915706208152,-0.00367861929688226,0.0988981376541731,0.45259045568095,"E02000804","Richmond upon Thames 021",515823.074916133,170124.887258231
-3.79717738686271,-0.00113664666917593,0.00256384953835316,0.0734911223943604,0.00714882017155182,0.010658295068087,-0.0134667443596454,-0.0377676948756077,-0.0410367133359501,-0.0062975092021513,0.0319954616999116,0.420217018116214,"E02000805","Richmond upon Thames 022",517238.107942422,169979.518946315
-4.49857005661429,0.00119048184921039,0.00291936868028454,0.083645946462651,0.00441624632802254,0.00536661641396178,-0.0123317324396916,-0.0522762586550828,-0.03198312251787,-0.00132555031957181,0.127182292572821,0.445201507305175,"E02000806","Richmond upon Thames 023",514835.392211437,169121.895391766
-5.20523066235718,0.0185634443814914,0.0148930320539458,0.0926936409289541,0.0230967913177786,0.00519602531661655,0.0194587772523599,-0.0575657507288694,0.0613573707376102,-0.0118593441646786,0.0325159243238615,0.229179826010102,"E02000807","Southwark 001",535950.816876416,180089.720210474
-3.39665309078197,0.0364638765486254,0.00531455292271224,0.0354587078085154,0.0112541480254736,0.00304471607908691,0.0219532973083901,-0.0339120255173436,0.0290406233573279,-0.0131389665556543,-0.114922048558494,0.193136851377084,"E02000808","Southwark 002",532166.574632004,180073.021530194
-4.69208530865572,0.0286202896981246,0.00811730248551865,0.0665911641360854,0.0146298925396175,-0.000295444585918375,0.0254351804202271,-0.0456266907133845,0.0362099548697109,-0.00932272626793237,0.00652049636442831,0.218165704684701,"E02000810","Southwark 004",534150.854516132,179376.48145301
-4.01620578763659,0.0335199789524754,0.00644140785787516,0.0511284952347116,0.0129405010383322,0.00129532440013427,0.0273332505488246,-0.0388614190733257,0.0306053433168794,-0.00832373260307458,-0.0644331479804536,0.215474654209964,"E02000812","Southwark 006",532997.492079261,179403.930914107
-5.1960389716983,0.024464392004234,0.0106843033960725,0.0821693402162381,0.0193349429954481,0.000950221448895186,0.0218194745524168,-0.0531419910312304,0.049778801741474,-0.00993176096725478,0.0443266862041901,0.226051037412094,"E02000813","Southwark 007",535309.065140629,179333.350935063
-5.41540017576682,0.0213100341442318,0.0137392966285273,0.0941232725325988,0.0233672989486515,0.00477708778127185,0.0170270143492133,-0.0553558903387763,0.061001848603031,-0.0109108009085864,0.0486490797446601,0.227402399464534,"E02000814","Southwark 008",536246.931896039,179394.02640593
-3.69809886447206,0.0376112862329199,0.0055723428967767,0.0450846012020836,0.0129693432182857,0.00300956519037193,0.0284147849790525,-0.0363983963009744,0.0292811240968608,-0.00711325718205561,-0.106701318934078,0.219571013296853,"E02000815","Southwark 009",532313.640126106,179190.244341504
-5.04876312346498,0.0299880715450934,0.00737322262486171,0.0713353396887696,0.0150793736109146,-0.000287288280141966,0.0247918270537606,-0.0462509022757266,0.0323044305529702,-0.00800134929294883,0.0386192334177142,0.22464371879322,"E02000816","Southwark 010",534424.963917561,178621.667623153
-5.2966784605047,0.0280498593334483,0.00830291673865638,0.0769010009958707,0.0169723759814213,5.20852641251007e-05,0.0216801858432685,-0.0499973727218289,0.0381517289313,-0.00885901806947832,0.0618996846100554,0.224964669570238,"E02000817","Southwark 011",535059.358675264,178639.96157825
-4.05006085443221,0.0374893834802202,0.00563579731458627,0.0520905940537221,0.0137427708181664,0.00208254800015301,0.0308916619969666,-0.0365165836785006,0.0269985830552848,-0.00414954300360824,-0.0783883822403878,0.233333972588898,"E02000818","Southwark 012",532548.094812838,178582.888156483
-4.76051701562357,0.0322774844622864,0.0066043145760713,0.065421327507824,0.0141110227892998,-5.3334324823804e-05,0.0274773807548209,-0.0421881174264858,0.0281637451432485,-0.00652826334080199,0.00647799984448122,0.227065368631541,"E02000819","Southwark 013",533784.335583648,178543.169805166
-3.78811334307013,0.0419470468856189,0.00490133859391076,0.0459092448250501,0.0141199937785302,0.0034523573947719,0.0322784226714387,-0.034174473757237,0.0257275677905565,-0.0016286284513276,-0.11713042284511,0.247030863031173,"E02000820","Southwark 014",531832.885247055,178237.807705468
-4.76918243777914,0.0346772192805702,0.00566133246630937,0.0622897582569732,0.0134689018425901,0.000399910588956594,0.0281428193634267,-0.0392657646358782,0.022824074687611,-0.00519263849220593,0.00517479967224023,0.232264358909199,"E02000821","Southwark 015",533471.089020247,178093.000505125
-4.43953922226192,0.0372308627382943,0.00529300874101043,0.056379204635533,0.0134822346229895,0.00132370409761283,0.0302460659284373,-0.0364167837180722,0.0222728633607662,-0.0033892854177371,-0.0361484220033851,0.239157338636719,"E02000822","Southwark 016",532819.089341984,178067.320256245
-4.36364551773268,0.0401225101109088,0.00456680893082893,0.0511576150362075,0.0129102012371208,0.00213301974365679,0.0302753351793653,-0.033217057296945,0.0185664364062181,-0.00175619716144073,-0.0472961468237218,0.250244724585219,"E02000823","Southwark 017",532328.078360841,177681.310878789
-5.48491998448446,0.0329025204922734,0.0054001230234968,0.0692811090711306,0.0137462651769838,-0.000578110077906658,0.0218523842791389,-0.0446256926711901,0.0191570109966276,-0.00744911739685282,0.0904752406396123,0.222885309999752,"E02000824","Southwark 018",534549.121582045,177638.658777947
-5.24917205483369,0.0364114461407806,0.00421670068272082,0.0614061520311924,0.0121215436637453,-4.71018631094868e-05,0.0248842701419947,-0.0381455428579458,0.0104317097678059,-0.00522142737937387,0.0640438322760016,0.231678228759872,"E02000825","Southwark 019",533573.652278858,177226.72670524
-5.02487225315808,0.0385913190208167,0.00381731318578478,0.055695300926544,0.0115299455669119,0.000665266811253918,0.0260909286107769,-0.034167897031073,0.00834073738666815,-0.00361339650313217,0.0372630189471543,0.241979674651509,"E02000826","Southwark 020",532971.438697793,177071.086501703
-4.76073901368074,0.0415051422376963,0.00351552667079319,0.0487800281086851,0.011059767341531,0.00180174356831041,0.0271549243297107,-0.0303253380264859,0.00815931220605625,-0.00161436633227334,0.00359630458442788,0.257792261927406,"E02000827","Southwark 021",532271.0986437,176953.416227305
-5.80164939687432,0.0354634473622482,0.00368378114926761,0.064378228597134,0.0116902592735719,-0.00073226490492495,0.0198178878898464,-0.0418900022368918,0.00371627348672602,-0.007343820173844,0.133370816008941,0.216024226867292,"E02000828","Southwark 022",534322.025720463,176842.99546817
-6.14487375811402,0.0343839504131189,0.00373196218743826,0.0670827908250476,0.0126246832448451,-0.00103543837266089,0.0157180388223585,-0.0453989766061844,0.00345836843218853,-0.00846217977099743,0.172857209610403,0.204378910549382,"E02000829","Southwark 023",534994.406115359,176761.546201155
-5.67906305338385,0.0389203938111782,0.00245976431247628,0.0539439205039268,0.00920736970550131,-0.000265130757703009,0.020342267238253,-0.0337289147860583,-0.00922152757845138,-0.00537555711765326,0.125491905551677,0.227137572604748,"E02000830","Southwark 024",533207.225213779,176207.919411428
-6.16700197595087,0.037128929072636,0.00228047421747938,0.059348360343824,0.00945406152844614,-0.00117026234726277,0.0170871193820451,-0.0394496635798067,-0.0141777554630602,-0.00765313114943101,0.185163615582225,0.20560071264111,"E02000831","Southwark 025",534025.6360581,176108.515525185
-6.8114391975119,0.0363118477343824,0.00177773051797578,0.0617541045639491,0.0100583664820218,-0.00165780139021191,0.0114450470984365,-0.0445932383347492,-0.021274937508547,-0.0095665160224727,0.260983159331881,0.176756756069859,"E02000832","Southwark 026",534945.969080079,175819.129369525
-6.28168104051504,0.0393493571449533,0.00128689977689443,0.0497011617430347,0.00739981485175081,-0.000954968363012215,0.015505783747602,-0.0316066871103235,-0.0308637701137628,-0.00652529534822287,0.206787758906794,0.203660613315961,"E02000833","Southwark 027",533033.340785707,175379.200482751
-7.23483408191204,0.0370691778080184,0.000592856207229998,0.0560777756070815,0.00763933381773489,-0.00219863314301163,0.00942521880315869,-0.0415522556914983,-0.0460986474118485,-0.0106633959464297,0.323291188187873,0.154422213090331,"E02000834","Southwark 028",534319.801879149,175068.848782708
-8.01070117634541,0.0373491590548,5.72538329430627e-05,0.055698295272968,0.00912379222671377,-0.0017056358132229,0.00429818183859382,-0.0470257108227831,-0.043059667629661,-0.012227667936369,0.405151506740627,0.120323344980068,"E02000835","Southwark 029",535501.815480569,174841.420126263
-7.31696145055881,0.0372218685879001,0.00041168814346553,0.0516912361304588,0.00696721433460668,-0.00197113702015175,0.00911425092428632,-0.0361353105822238,-0.0553792997619982,-0.0101692539219255,0.337120679776765,0.14612631835323,"E02000836","Southwark 030",533643.874777118,174620.678852096
-7.63317723872909,0.0367314494547802,0.00220437943988382,0.0471574742520262,0.00707774694833451,-0.000822929692606434,0.0082232663897266,-0.0306307079508006,-0.0633392977460998,-0.00902043011463767,0.371552028246472,0.128625488908463,"E02000837","Southwark 031",532970.528372891,173960.449670556
-8.46375519509619,0.0370749729928331,0.000286224152883972,0.0494982474368914,0.00755722039631661,-0.00184869601634661,0.00394796196905402,-0.0407494827610101,-0.0691282758290118,-0.0136224550595796,0.468255888437641,0.087354534387068,"E02000838","Southwark 032",534406.05988623,173921.71068905
-10.2930199548492,0.0407309918595452,0.00957713736654743,0.0272381026110776,0.00748075557254353,-0.000734778480698257,0.00376792739959548,-0.0296587302416182,-0.0981055327130948,-0.00976542190788153,0.658123064497464,0.00174992310298188,"E02000839","Southwark 033",533648.481653015,172353.476081775
-8.03196020736874,0.0257751455228618,0.0245060013039916,0.0185413193538458,0.00591453773410578,0.0158522341714538,0.0108898214124164,0.0159104641694822,-0.129431860483202,0.018110938221607,0.37739211952247,0.00717133548593947,"E02000840","Sutton 001",527484.618597314,166913.914774194
-7.56229033467472,0.0210148089489717,0.0247588668748493,0.0182842914420985,0.00716392132694668,0.018382480550484,0.00831781422338574,0.0204250154317784,-0.118367702024994,0.0188257555454196,0.32574753411258,0.0146037227713268,"E02000841","Sutton 002",526330.564474553,166443.008371811
-6.76596462995506,0.0151262449977323,0.0239971200563351,0.00962438941551463,0.00953903048778019,0.0200663673927827,0.00495685808987743,0.0243331884134391,-0.0959817523568127,0.017269870764963,0.245016465830315,0.0251582406499359,"E02000842","Sutton 003",524755.469821751,166084.513580558
-7.67517991477254,0.0270323715457467,0.0249965964285804,0.0100062555650999,0.0059627374226435,0.0137161895035545,0.013674289022184,0.0139254685012917,-0.128108075560681,0.0195386211043744,0.342399708629642,0.00367858327246252,"E02000843","Sutton 004",528135.391053305,165926.764035297
-7.54059639528179,0.0243749473290825,0.0251674117209164,0.0134649404265737,0.00643192518930533,0.0157336652439806,0.0117572347704928,0.0167731058779903,-0.123558136793887,0.0198087722946348,0.325412142579243,0.00869723729404511,"E02000844","Sutton 005",527360.478246642,165782.515630205
-5.56729114074872,0.00700447309107728,0.0226019260954465,-0.0125446775922782,0.0130897392355928,0.0201366147417829,-0.000424215210067916,0.0234605469058594,-0.0507387354498746,0.0119712622622601,0.133190891019242,0.0511667840513084,"E02000845","Sutton 006",522708.12734303,165981.650493623
-7.19308592729733,0.0193133574115138,0.0249059127735572,0.0133850098758283,0.0079618227122665,0.0185842130598972,0.00835875987500625,0.0216529054459387,-0.111263714153281,0.0194346991285339,0.287298977577487,0.0165205837578152,"E02000846","Sutton 007",525892.86999623,165685.26068468
-5.90154051588839,0.00979334669616313,0.0233189350959737,-0.00713607159331777,0.012099698476163,0.019966248523301,0.00237119483322709,0.0241093508830074,-0.0654371849941674,0.0145553640038968,0.162845986268885,0.0402827548163914,"E02000847","Sutton 008",523223.294631632,165447.787948115
-6.33913840293392,0.0132630087686943,0.0241224324273891,-0.000151266780512668,0.0106909418738283,0.0197012397284493,0.00534267840944876,0.0245060254126533,-0.0838451382253054,0.0172054977036603,0.202932268545184,0.0289306691530018,"E02000848","Sutton 009",524070.296825338,165018.46523065
-7.49967548542829,0.0266954948653948,0.0260262134624615,0.00813978123180624,0.00590982765260783,0.0123700540588196,0.0159869218466025,0.0121264824623103,-0.124176894529246,0.020145005858229,0.325221927007514,0.00679751784098112,"E02000849","Sutton 010",528808.982381929,164945.704237518
-7.82087422859081,0.0302169237100922,0.0251293318071126,0.00313411806587363,0.005627525164501,0.00987918826657665,0.0175103884181957,0.00885640884069107,-0.131064700030665,0.0192123635456282,0.363660246592468,1e-06,"E02000850","Sutton 011",529699.029214029,165792.465449302
-7.04091456134855,0.0196747865355529,0.0255983413784854,0.00761840797983231,0.00801208419711106,0.0178774514833827,0.00993649535647954,0.021395407591669,-0.109653482636298,0.0204058770799347,0.271830469200865,0.0146376533002003,"E02000851","Sutton 012",526018.817894071,164633.663049773
-7.23678251206736,0.0218640572089366,0.0258745865592831,0.00887921953840494,0.00720809446893274,0.0166792597499407,0.011442702002675,0.0191630409762899,-0.115889387564825,0.0207367808420618,0.292842043835341,0.0116228669048289,"E02000852","Sutton 013",526793.938996798,164719.15585395
-6.71457473432963,0.0165002472835725,0.0250789530189583,0.00396366913426108,0.00932609774145775,0.0190240661587541,0.00796380076549873,0.0236620448669667,-0.0983816227529969,0.0193048056819487,0.238725304677032,0.0201319459465519,"E02000853","Sutton 014",524988.166104995,164604.720564785
-7.31256870217568,0.0235297778731795,0.0264801275764161,0.00704362976330631,0.00665574289825698,0.0149470816707845,0.0137948656247214,0.016389166028008,-0.118151489644409,0.0209417996653316,0.30261515300699,0.0103628398705399,"E02000854","Sutton 015",527657.598724089,164347.644766357
-6.36951816385978,0.0142830039119704,0.0250905755948973,-0.00437660874934562,0.0104109947833118,0.0191043174045727,0.00761608170300969,0.0240555865826738,-0.0854256386829522,0.0185734860032853,0.205513812143135,0.0261327135403985,"E02000855","Sutton 016",524136.684384647,163697.747958762
-7.35496683804206,0.0254342570220516,0.0276889976783211,-0.000532999000298332,0.0061085064152102,0.0116748040886836,0.0179489072575387,0.0120328411873042,-0.118572121792208,0.0205542195300181,0.312906443424904,0.00796569635156565,"E02000856","Sutton 017",529207.841842538,163695.644731568
-6.82397806070442,0.0181941493653561,0.0261251047580348,0.00146600246232458,0.00865680988023995,0.0180678143058587,0.0102971407598525,0.0224142658089511,-0.10254200729545,0.0205706697676966,0.249830562562699,0.0169879712799254,"E02000857","Sutton 018",525550.75741486,163607.283208731
-7.41636511454316,0.026306991715236,0.0282086931675833,-0.0030020394820948,0.0058536302589351,0.00956567995137522,0.0204227177940581,0.00917074128246007,-0.11855221946314,0.0198681369388401,0.323374064159758,0.00735936722722252,"E02000858","Sutton 019",530312.938307134,163572.117467899
-7.29647139751293,0.0233692987434494,0.0278010882147133,0.00361332681360606,0.00645788443991038,0.0135071965210798,0.0163257210092502,0.014405936247315,-0.115053416300209,0.0211225229819987,0.303433483577208,0.0123671280905614,"E02000859","Sutton 020",528451.424290245,163237.271777525
-6.96593403460738,0.0193313515566711,0.0267416756617432,0.00281758308783999,0.0080488280544107,0.0171833570704072,0.0118839122048742,0.0206094131660979,-0.105666154445166,0.0211506922809547,0.264883556411594,0.0171144473601981,"E02000860","Sutton 021",526178.063407445,163185.038744623
-7.096161839619,0.0201681394241852,0.0276290466283035,0.00208974022070781,0.00757049989885567,0.0162660813966585,0.0135225013741709,0.0190614930601394,-0.107881295641194,0.0215978475289655,0.279235618217656,0.0159650481020202,"E02000861","Sutton 022",526857.097780007,162705.766105374
-7.27922296858977,0.0214005590694919,0.0296261709864759,-0.00214735406002041,0.00666891622546485,0.0135959103014316,0.0177052064902706,0.014673540981823,-0.108508214545369,0.021348243236255,0.303299080460794,0.0163395217983208,"E02000863","Sutton 024",528593.828704074,161586.631898787
-2.95840219801487,-0.00248215110480657,0.0182960650569147,0.0525382982708052,0.020850773285539,0.018379137358398,0.00352777861020401,-0.051902289680597,0.0272249702149406,-0.0232896585135355,-0.102100143742073,0.190157639698099,"E02000864","Tower Hamlets 001",536801.765497257,184035.86565295
-3.30422641507302,0.0071251776396239,0.0138789938958384,0.0334087463659957,0.0191407398882664,0.0105965565669549,0.00954780173745797,-0.04826607225179,0.0392901778323314,-0.0227520231444552,-0.0679766371988057,0.219233835623236,"E02000865","Tower Hamlets 002",535070.148424527,183239.159322518
-3.57346704645026,0.00221322885177009,0.0175973352949094,0.0559338932719679,0.0216849563159552,0.0148254032552544,0.00931224474442456,-0.0567210447384443,0.0420420858331888,-0.0216417641690521,-0.0589191670943024,0.216290804099889,"E02000866","Tower Hamlets 003",536118.603077967,183271.365462734
-3.66405999101395,-0.000268388573698699,0.0196853587644605,0.0761968734071375,0.0220690573230627,0.016972307279817,0.00678655949062778,-0.0560497889753774,0.0364829678033603,-0.0207497423037383,-0.0607749753455778,0.194790362039344,"E02000867","Tower Hamlets 004",537217.034709593,183273.338175106
-3.18666606630326,0.0117001260611205,0.0115898401939335,0.0251851356947951,0.0166076106405819,0.0071655946488386,0.00941065809127337,-0.0410047249967498,0.0373755110508457,-0.0229758219569939,-0.0741491963452378,0.210605560764881,"E02000868","Tower Hamlets 005",534532.091827277,183042.974347218
-3.06663289109816,0.0179621207206125,0.0087388611282435,0.0176620626327201,0.0121235062000656,0.00327122702343318,0.00836720934181676,-0.0296941997953442,0.0322703989962025,-0.0236803612092945,-0.0787824421139095,0.189784553170576,"E02000869","Tower Hamlets 006",533882.180931196,182816.805075868
-3.80302336066289,0.00681308783521714,0.0155794885222802,0.0514880768930155,0.0209130884390799,0.0104274185214799,0.0123541875322185,-0.0546123635496565,0.0459500247994805,-0.0204411132043556,-0.0391928478094765,0.225235314772162,"E02000870","Tower Hamlets 007",535460.375679255,182771.55922924
-4.27916089803429,0.00189100567775165,0.0205819307933922,0.0969801250928718,0.0229267490956246,0.0154726710976445,0.0071874812838103,-0.0551497579585098,0.0398829183890655,-0.0183805131075623,-0.02203664962019,0.190594589464997,"E02000871","Tower Hamlets 008",537882.235296635,182557.134884287
-3.31908031779895,0.0182579977050604,0.00930067811612936,0.0265976603415416,0.0132877865512914,0.00291676550792702,0.01090445115577,-0.0339220817395079,0.0347867993078115,-0.0213749962314505,-0.066407503055157,0.195752878127581,"E02000872","Tower Hamlets 009",534035.977448441,182398.718542441
-4.19535949148014,0.00608474441998965,0.0173999539319837,0.0672532883947407,0.0224803828454627,0.011331327854063,0.0143573837795535,-0.0598436211956358,0.0517995308312954,-0.0190305356570979,-0.0183493278997626,0.227314617409234,"E02000873","Tower Hamlets 010",535925.673467696,182504.803735411
-3.88408960883632,0.00966949816254274,0.0145249667645466,0.0514133912092381,0.0200572182275483,0.00795565558986942,0.0136482191960138,-0.0522944040953846,0.0463912510633127,-0.0194758480115432,-0.0343877457005563,0.224338191544544,"E02000874","Tower Hamlets 011",535176.497445256,182440.85939832
-4.47046394394146,0.00430759601737334,0.0205597661048101,0.0956725184465483,0.0236231799555946,0.0143690153868648,0.0111288349013035,-0.0586687749539595,0.0490473725329204,-0.0178534289779274,-0.0145696137865177,0.207073585913899,"E02000875","Tower Hamlets 012",537318.815984416,182238.345431267
-3.79273701969103,0.0135153395869889,0.0126506621876459,0.0462570941692357,0.0179903518142118,0.00508285627236946,0.0142896702087807,-0.0467426297706022,0.0437889800827078,-0.0189351044325228,-0.0410389399113332,0.217565927680498,"E02000876","Tower Hamlets 013",534759.814770147,182194.908538499
-4.64580682407035,0.0065894983878618,0.019767619273169,0.0917147744517445,0.0240454590969267,0.0125807285192803,0.0146469593265907,-0.0612346085134557,0.0560322606213583,-0.0171651251397376,-0.0022665759046304,0.219990509778302,"E02000877","Tower Hamlets 014",536763.568600849,181980.329555016
-3.57755777866922,0.0217353629753063,0.0086579374310315,0.0337391042977344,0.0124326090489512,0.00156620840130303,0.0139235993943193,-0.0350765720630628,0.0346506942213213,-0.0190108681741454,-0.0533761720200066,0.193388472001839,"E02000878","Tower Hamlets 015",533895.079981502,181772.540175824
-4.54601117999846,0.0117644068882001,0.0158904972004319,0.074004589569499,0.0218730942790695,0.00681998929798606,0.0180984288868544,-0.0577635374068942,0.0552655064178267,-0.0160069378438017,0.000306619728851278,0.229133580057702,"E02000879","Tower Hamlets 016",535526.274829227,181628.678795339
-4.25142850710558,0.0147540218172891,0.0136139465172663,0.0624190277457826,0.0192871223310823,0.00412674778274784,0.0179394800887862,-0.0513914572861699,0.04904995299912,-0.01623281283736,-0.0168509365753864,0.222597063741959,"E02000880","Tower Hamlets 017",534986.787514011,181619.672126119
-4.88687357776353,0.00520730534217935,0.020741009541914,0.113658691684727,0.0242258349613251,0.0140975688849597,0.00702127693396267,-0.052778597621984,0.0473456767098333,-0.0159244525540566,0.0140693506385886,0.192805941128587,"E02000881","Tower Hamlets 018",538282.093085874,181602.299897946
-4.73849332568339,0.00988725711646878,0.0179240564542982,0.0854556832884874,0.0236358147514451,0.00934865640331975,0.0171719404078942,-0.0608719655166605,0.0585754842642771,-0.0159173466518216,0.00702366796342682,0.228415830381994,"E02000882","Tower Hamlets 019",536109.538874059,181579.606991823
-5.06423896609134,0.00731386009829196,0.0206113634149419,0.113525592733906,0.024908652136109,0.0133934473361221,0.00950028523988542,-0.0549268235159801,0.0539362564097724,-0.015300997293196,0.0214536952712395,0.202434160336835,"E02000883","Tower Hamlets 020",537947.157227997,181268.107791443
-4.00267713194347,0.0215693391981561,0.00999655494697405,0.0501555131061443,0.014653235646694,0.00068733302524509,0.0182482409609136,-0.0420483827313985,0.0406392953571135,-0.0157621535264642,-0.0323296133063978,0.205408375477125,"E02000884","Tower Hamlets 021",534263.351019503,181246.603280418
-4.60348562910087,0.0163450903869124,0.0140090478523203,0.0740619302856342,0.0202377817498366,0.00361745222295407,0.02018737360581,-0.0541566459095013,0.0530084440863501,-0.0142207491866906,0.0014938403700873,0.225303051509586,"E02000885","Tower Hamlets 022",535176.891869801,181091.092296544
-5.10785246350271,0.011361383623985,0.0187946469419182,0.0999199077353641,0.0249804721782247,0.0100820773212187,0.0165465737583803,-0.0604461282308325,0.0628456782377799,-0.0144308070223715,0.0233686951672213,0.224852895447185,"E02000886","Tower Hamlets 023",536694.144750366,181036.290835029
-5.15918098076113,0.00968139453478257,0.0199645666482687,0.108592006986944,0.0253624053765723,0.0120854029654947,0.0126866826973755,-0.0573822882725747,0.0596341475812342,-0.0147069769028822,0.0250405217013189,0.213864294499805,"E02000887","Tower Hamlets 024",537423.105483326,181016.80714904
-4.83335992132677,0.0155899760128388,0.0152258402813878,0.0830989866946369,0.0219725467307127,0.00523049380039205,0.0199970219247803,-0.0573371746959268,0.0572525088479919,-0.0136882535866092,0.0125034160454906,0.228393437605719,"E02000888","Tower Hamlets 025",535550.313322982,180886.257601441
-4.430819348175,0.0228796562635486,0.0105058116644758,0.0640151217966377,0.0160094357890305,0.000405521739936097,0.0218112959074169,-0.047074176704682,0.0438771605138487,-0.0130921982931375,-0.00867045188443615,0.212387278708812,"E02000889","Tower Hamlets 026",534473.749855697,180589.486016871
-4.44104316965903,0.0243218449731391,0.00981235646144962,0.0625116333351127,0.0152854759782519,0.000367742270805156,0.0223554983815983,-0.0462411668424927,0.0418447787168738,-0.0126468367146629,-0.00784708371437534,0.211373389254072,"E02000890","Tower Hamlets 027",534344.14713449,180399.507465472
-6.0436439101792,0.0164110317853446,0.0161830090091391,0.109025638248475,0.0261868768783771,0.00783710462965747,-0.00118659006443771,-0.0479731916489701,0.059998092815753,-0.0128648801307012,0.114921252743427,0.208820453480372,"E02000893","Tower Hamlets 030",538312.680000644,178817.782974235
-5.86629439755984,0.0198160847043255,0.0146428314977794,0.10295255341768,0.0256696915878569,0.00613080566179899,0.0036883049157452,-0.0505882730167257,0.0609488426446445,-0.0119560049187037,0.093761155047416,0.214765607665964,"E02000894","Tower Hamlets 031",537582.449927374,178670.784891026
-2.78371957295464,-0.000723003294572472,0.0188735598318282,0.0408022307402184,0.010137148873371,0.0102949378877361,-0.0129779229296431,-0.0209711278660711,-0.0895179703304269,-0.0143329020156658,-0.0602507900715867,0.0858591563571472,"E02000895","Waltham Forest 001",537872.578331195,194780.005338128
-3.1490316843616,0.00193733702774451,0.016027580624675,0.0327550390113595,0.00970691267888942,0.00753175232567047,-0.0147618247060314,-0.0227691826309776,-0.087932021345957,-0.0130202597140902,-0.00581925654440977,0.0705668799875561,"E02000896","Waltham Forest 002",539198.58191395,194616.858400866
-2.96071143856793,0.00443276529825578,0.015597083278694,0.0230476853707672,0.0102059644720165,0.00680660099993289,-0.0180414967369482,-0.0280130084621961,-0.0898755162137115,-0.0155820291226574,-0.0204499720381459,0.0710186974332031,"E02000897","Waltham Forest 003",539312.679575108,193053.749911181
-2.50806508875991,0.00168525950512856,0.0183318823450176,0.0310508726658382,0.0104147273641806,0.00910576472090285,-0.0172179500095417,-0.0295633385839761,-0.0932885475956691,-0.0167348915999206,-0.0798595508606937,0.0888165113090586,"E02000898","Waltham Forest 004",538163.342516713,192946.57964298
-2.3174037654512,-0.000916402662726054,0.0211991549085886,0.040259739476042,0.0104898292475086,0.0103730385090524,-0.0149884878944661,-0.030097102819752,-0.0928182009430686,-0.0179480955674002,-0.110904361278673,0.103439041097256,"E02000899","Waltham Forest 005",537340.568145645,192931.976961498
-2.08874235040536,-0.00224812540271509,0.0239107995659098,0.044413784074413,0.0105464234177248,0.0107957840374016,-0.0149176155210661,-0.0355629841083114,-0.0933040304086222,-0.0206910984701698,-0.139293678852039,0.115868840228503,"E02000900","Waltham Forest 006",536827.40062487,192132.118148854
-2.59928142179017,0.00590896996268571,0.0158315285966316,0.0151106470301297,0.0107076700389978,0.00734203594474492,-0.0218172398899454,-0.0335462596293518,-0.092144150046346,-0.0193378995011725,-0.0560933832825925,0.072865825969185,"E02000901","Waltham Forest 007",538949.014869252,191749.95381188
-2.16919676187269,0.0029630920288258,0.0192536004450776,0.0245329198269514,0.0108759364279218,0.00922827875343115,-0.021048880154166,-0.0400832866688689,-0.0953945255079435,-0.0219829602692139,-0.111986686337454,0.094155648744418,"E02000902","Waltham Forest 008",537870.821140362,191326.343200347
-1.86778540305157,-0.0035100387024034,0.0263975426092396,0.0464675974202279,0.0107174003328287,0.0111066561803561,-0.0143433169454697,-0.0436376449594593,-0.0858166913118688,-0.0254122729808815,-0.163786092266569,0.130727585226938,"E02000903","Waltham Forest 009",536336.419213624,190955.778401361
-2.34870128673298,0.0073905526876455,0.0156760020938425,0.00639756740811956,0.0109763904842477,0.00747049876689633,-0.0252439626463882,-0.0394729218501729,-0.0905167665864317,-0.0240401706856258,-0.0767972607362014,0.0705927525856719,"E02000904","Waltham Forest 010",538780.351907135,190593.337408585
-1.84268491607497,0.0025560351469431,0.0207283691940293,0.0228702696688698,0.011139738640079,0.0101887690549311,-0.0212721359782183,-0.0492815572169605,-0.0896135484630489,-0.0278844443202239,-0.146735451396191,0.103496388268947,"E02000905","Waltham Forest 011",537364.725666631,190196.731495067
-1.69375957427906,-0.00042290388432869,0.0236177654900182,0.0317735495354447,0.0110516528473786,0.0111820678164875,-0.0174513436343559,-0.0535561508552426,-0.0826338969880418,-0.0303671584258137,-0.169174475149396,0.120554226168419,"E02000906","Waltham Forest 012",536715.438773793,189820.096272403
-2.02897746280343,0.00706328627258979,0.0162585368935865,0.00240537216652724,0.0114822457370226,0.00857777144469441,-0.0252327527800368,-0.0454399917967304,-0.0838468121280368,-0.0284587540594627,-0.110610988381583,0.0790297709362517,"E02000907","Waltham Forest 013",538315.562223892,189619.986995933
-1.70045831927985,-0.00657955879750492,0.0304955863745821,0.0514289675675087,0.0107477620952686,0.011782237501441,-0.00978560224943999,-0.0537975673915998,-0.0601225149744178,-0.032277649552384,-0.183308561754454,0.147798842217293,"E02000908","Waltham Forest 014",535581.893592601,189603.655063555
-2.16688737590337,0.00840788476175941,0.0147258887406566,-0.00513629586580076,0.0115140719088603,0.00772941772608915,-0.0266360962389044,-0.0435577861426966,-0.0805389539931172,-0.0286721982454775,-0.0881727617430033,0.0680540880908195,"E02000909","Waltham Forest 015",538766.05167708,189298.264173449
-1.66716039220936,0.00417129922170739,0.018638485065946,0.00806252536158119,0.0119349978387868,0.0108216812331822,-0.0207163606601842,-0.0538978783503342,-0.0738992173609081,-0.0325566772849185,-0.156312688943827,0.0996269081785164,"E02000910","Waltham Forest 016",537425.347887274,188906.343250677
-1.53451350735002,4.94413149801644e-05,0.0221633633233116,0.0226010303030726,0.0117198597762665,0.0120565418694941,-0.0152691398871643,-0.0577804109823993,-0.0664804330577116,-0.0340158227207339,-0.180550320479301,0.121958648385774,"E02000911","Waltham Forest 017",536625.117627397,188860.188150899
-1.5244681463498,-0.00449155210786913,0.0240312708496341,0.0301628230573413,0.0126991241851051,0.0132791017157771,-0.00673802297701155,-0.0568620884535749,-0.0256281794175472,-0.035989481226615,-0.189293120554478,0.153089595339593,"E02000912","Waltham Forest 018",535685.081707018,188174.107920574
-2.05000284884706,0.00750714006855144,0.0141062008067612,-0.0119308428978487,0.012537363791493,0.00887804561217507,-0.0249164850898225,-0.0445549332670369,-0.0665222854947331,-0.0311928465479471,-0.0980651132903702,0.0755227759936116,"E02000913","Waltham Forest 019",538611.054508763,188188.194051914
-1.72676378960323,0.00494847329423194,0.0161604263960447,-0.00448944670534696,0.0130241357863426,0.0110283306543877,-0.0200612271867049,-0.0498428002752834,-0.0602419197026823,-0.0330174383130008,-0.142958761602868,0.0974467016436238,"E02000914","Waltham Forest 020",537759.859026064,188009.935776596
-2.39280142888309,0.00823460718778001,0.0129054936258599,-0.0140618809322735,0.0123835374225043,0.00737348333123085,-0.0257029425978241,-0.0401673360368371,-0.0648937807184639,-0.0293611434628738,-0.0563641502861294,0.065048140764355,"E02000915","Waltham Forest 021",539280.213471403,188158.263678788
-1.44844481978795,-0.00197037394722793,0.0193945579680226,0.0104607401831461,0.0144027876423007,0.0150640984486651,-0.00735184697452477,-0.0531079717826086,-0.0191931597097428,-0.0355726058506631,-0.189919988435498,0.146628830582956,"E02000916","Waltham Forest 022",536276.630224818,187235.11810211
-1.90951001547988,0.00400137638551204,0.0145377533712459,-0.00873340745084287,0.0143344345511543,0.0115603009309203,-0.0184420314890002,-0.0439643547547857,-0.0462921456929929,-0.0316883352412722,-0.122249272657697,0.0996569558214383,"E02000917","Waltham Forest 023",538090.593389153,187168.273739525
-2.58778740950594,0.00665178581721917,0.0121513213036682,-0.0134452596452642,0.0134894782854601,0.00792689990338787,-0.0235744222163215,-0.0367243538409041,-0.0519092832057502,-0.0288824809410849,-0.0366265354757143,0.0691496052509905,"E02000918","Waltham Forest 024",539536.180484895,187150.673090244
-2.15157035561683,0.00354495945379025,0.0136172418196949,-0.00798710875512258,0.01496325963783,0.0114954626851418,-0.0185934205138143,-0.0405348010489176,-0.0406290006419698,-0.0302595958736007,-0.0964188623217563,0.0962322468415086,"E02000919","Waltham Forest 025",538476.846585683,186696.983012213
-1.8515199473343,-0.000312353216102162,0.0153594314369289,0.00244142578279693,0.0162847217239136,0.0152233401549305,-0.0117116750392729,-0.0432461086417634,-0.0276504822957455,-0.0305067930895147,-0.143693726465568,0.120364838098582,"E02000920","Waltham Forest 026",537640.142884669,186317.602689528
-2.7049941394427,0.00248113172608853,0.012675660941648,0.00757436319556373,0.0164434888889337,0.0126342108721534,-0.0200939037020734,-0.0354460531022484,-0.0457581289387983,-0.0301286770352897,-0.0462269771109246,1e-06,"E02000921","Waltham Forest 027",538885.521099878,186164.51729863
-3.05511592659779,0.00381648957834983,0.0119349846550903,0.00755028778228108,0.0157913540611817,0.0108777217201091,-0.0210663841160219,-0.0339043270997054,-0.0465108667728293,-0.028385763725903,-0.00533078655724348,1e-06,"E02000922","Waltham Forest 028",539591.731862418,186023.295631527
-4.76401967166964,0.0421791299329953,0.014582076266213,0.0182031009404341,0.00992319795001223,0.0219131032320497,0.00227250806526152,-0.0316099830158224,0.00300542951455621,-0.000495930188387791,0.000649900787447382,0.512806425302271,"E02000923","Wandsworth 001",527790.041433007,177060.190960286
-5.22403926511143,0.0434184199614649,0.0140247842297698,0.0142433041860197,0.00676895624770798,0.0202476796240443,0.00018082796214242,-0.0268775788701066,-0.001699268308626,0.000746073506581935,0.0592539536416185,0.513083640652471,"E02000925","Wandsworth 003",527711.115492102,176525.087237255
-5.77706894212766,0.0359643525772529,0.0158706087439476,0.0153487803072509,0.00575843346157483,0.0224872263976662,-0.0073366926027223,-0.0268736765547233,-0.00843507209477953,0.00105550101211518,0.135538545225525,0.558593981067604,"E02000926","Wandsworth 004",526835.063918881,176249.314266672
-5.51000017776389,0.0481925300560431,0.012106163596109,0.0113726870418499,0.00461961271929929,0.0152801372565627,0.0043329510261504,-0.0213873668784677,-0.00469637180837424,0.00216248849540681,0.090624849734939,0.450082536002169,"E02000927","Wandsworth 005",528319.117945372,175940.035467841
-3.46291094846144,-0.000381400605531594,0.0321081516403698,0.0596157155107083,0.0202557479709361,0.0402498864317518,-0.025308479489234,-0.0302656579716657,-0.0133191487123867,-0.00888036291834927,-0.124908799686646,1e-06,"E02000928","Wandsworth 006",523375.70379607,175759.313914999
-6.22682811331735,0.0375824805038011,0.014070491603833,0.0104233428472082,0.00324137752802647,0.0203312581915662,-0.00848695102192922,-0.0224157164884693,-0.0121752797489261,0.00250515995072695,0.192477131033319,0.539523376849319,"E02000929","Wandsworth 007",526736.489764444,175664.465991091
-5.99237851397782,0.0450906397127709,0.0137357277233536,0.00645677282161184,0.00276232815674158,0.0180408295414506,-0.00282320492158055,-0.0203139304221172,-0.00847840157994277,0.00235650260361876,0.154624944966309,0.495750237687486,"E02000930","Wandsworth 008",527533.246548786,175731.818798254
-6.49333588972836,0.049714823005873,0.0136879773324825,0.00196527324848527,0.00144099178917792,0.0145358745415007,0.00175141704999158,-0.0149102344504683,-0.0134245008473447,0.00331397034613433,0.205024458705679,0.412427828414551,"E02000931","Wandsworth 009",528164.10124717,175099.318933061
-3.8432966983106,0.0240517543563206,0.0211925341262149,0.0284119316277779,0.00580809969122651,0.0318363025618754,-0.0290338202173106,-0.0341299605200899,-0.0060378626000376,-0.00103926050837865,-0.0542088953606888,1e-06,"E02000932","Wandsworth 010",524950.880920375,175114.515431044
-3.78309184932296,-0.00286286418405495,0.020092178728782,0.0629685608102667,0.0202338892754221,0.0374641368828769,-0.0209278800162959,-0.0201014682518649,-0.0175216351344762,-0.00543160581858656,-0.079460903099423,1e-06,"E02000933","Wandsworth 011",523029.475772516,175044.151097436
-6.74911677076105,0.0390573344679371,0.0134985825755012,0.00323589885249917,0.00124751716769796,0.0189717329612513,-0.00948774911372706,-0.0172769940805163,-0.0157719187595332,0.00387093513087757,0.254676008772782,0.511427640624003,"E02000934","Wandsworth 012",526610.344416673,175102.206727266
-2.96707033293254,-0.00711094437289377,0.00136150078675604,0.0775985136857415,0.0207542624537735,0.0342375928850468,-0.0122550098810731,-0.0104241355699289,-0.0356022009398835,-0.00832850169991645,-0.145386742846309,1e-06,"E02000935","Wandsworth 013",521670.000220281,174688.302416669
-4.49233413161066,0.0122754933514227,0.0201867930342219,0.0380261755905355,0.00996956531568218,0.0330212410695597,-0.0239636324961891,-0.0195674636518549,-0.0138288960189245,0.00106661151060162,0.0115084569626477,1e-06,"E02000936","Wandsworth 014",524048.773110464,174493.250100112
-7.79242064500709,0.0476689288761397,0.015569892661799,-0.0129973999888696,-0.00115082229118486,0.0161835231974316,-0.00514553900169379,-0.00883452942845415,-0.0215458039817602,0.00412565226225161,0.360728665325687,0.38044715023773,"E02000937","Wandsworth 015",527353.815318528,174216.674363071
-4.54526472135369,-0.00220127780643943,0.0145020877657063,0.0497564967847473,0.018170211371152,0.0339503397220306,-0.0160256297986616,-0.00685449480685244,-0.0261333810164678,-0.00129940243588108,0.0138547286667929,1e-06,"E02000938","Wandsworth 016",522902.580256046,174116.307085059
-7.61640703954476,0.049230868239206,0.0146343772024183,-0.00478750046675303,0.000174783238610935,0.0139131371500146,0.000337157644708685,-0.0107066768707593,-0.024526319532303,0.00343074460685195,0.334122571313406,0.339751127225531,"E02000939","Wandsworth 017",528144.757235831,174253.137303244
-7.31764629764836,0.0314668224253529,0.0155149243558341,-0.00497039654513417,0.001720462988961,0.0209765205421426,-0.0118259259904602,-0.00710011222334907,-0.0248798644217522,0.00568555405285863,0.32531792022686,0.478039422921149,"E02000940","Wandsworth 018",525609.332084291,174183.022594718
-7.81772961717665,0.0409637600148335,0.016326666534343,-0.0153788933601191,-0.0007701826498994,0.0188335586937445,-0.00983250907851625,-0.0070917280404533,-0.0219041080948468,0.00548561020419785,0.373029387225193,0.4294764395397,"E02000941","Wandsworth 019",526382.98452076,174166.978322693
-6.81626372618022,0.0217310381960574,0.0164164061135974,0.00106987787954903,0.00483078754275978,0.0238134412257323,-0.0116539769513356,-0.00310941985393252,-0.0312956390887673,0.00523996272290162,0.273141340657996,0.48399871009325,"E02000942","Wandsworth 020",524781.083317253,173899.322947773
-8.21853119929479,0.0475553369603644,0.0143640327345191,-0.0021154510357884,0.000777293811702452,0.0126999313903104,0.00127454603823035,-0.0103592890310097,-0.0355445501596758,0.00257757094228248,0.402968038001319,0.278999818749551,"E02000943","Wandsworth 021",528436.055151694,173769.853610673
-6.19921615651254,0.0140212252448413,0.0167407409011478,0.00482655118507169,0.00794670096621124,0.0254796776114832,-0.0109599792137673,-0.000985721107208736,-0.0382040395773797,0.0038097931407275,0.208776286097286,0.479932369652896,"E02000944","Wandsworth 022",524094.970738745,173680.686121349
-4.3545678240229,0.00272988427865442,0.0135236765582158,0.0169860972847304,0.0107746230613602,0.0246712786685401,-0.0118254981157686,-0.00145650458404291,-0.0573461843594015,-0.00274599083058737,0.0297327575750507,0.432084265250427,"E02000945","Wandsworth 023",522542.243719637,172939.249451993
-9.12024414861993,0.0415830585721847,0.0204494487419828,-0.0310916124876822,-0.00114488135532294,0.020386389455891,-0.00838643784163214,0.00207563136938695,-0.0346428632353185,0.00506372779335085,0.511148119232902,0.30933306656548,"E02000946","Wandsworth 024",526454.245404055,173290.855715004
-8.11996459900611,0.0297144148856855,0.0211776456403091,-0.0257328780461384,0.00179841854539766,0.0240113962403996,-0.00970964624181928,0.00483319402357423,-0.0341102933983943,0.00606265509365964,0.408885686646317,0.364235130196919,"E02000947","Wandsworth 025",525315.714819325,173289.170624664
-10.0266444923645,0.0436825160469398,0.015196367251877,-0.00140942371186813,0.00240556070472425,0.0114225771493434,0.00228092248873265,-0.0087573813445866,-0.0692331535158847,0.000182555587422843,0.607019287639235,0.140840686353256,"E02000948","Wandsworth 026",529060.578114261,172610.378191335
-9.85673328974155,0.0450236738415323,0.0185213619119558,-0.0237782853044054,-0.000452577329416983,0.0170948714203766,-0.00405045261734253,-0.000919101980118207,-0.0503073801998558,0.00281628310779078,0.587708220880822,0.221799898943562,"E02000949","Wandsworth 027",527457.815453183,172936.78491922
-6.82914132090137,0.0164849036862733,0.0209685844147676,-0.012917491651712,0.00623122110025811,0.0260437486206433,-0.00852129084444466,0.00774918633273007,-0.0476422195096432,0.00405506714275865,0.274681608807398,0.357216666550804,"E02000950","Wandsworth 028",524165.953009595,172883.157591392
-10.397883240804,0.0446947638334663,0.0174656196479186,-0.0181954275518255,0.00086055899747359,0.0151780051137014,-0.00123488855879784,-0.00293789578759495,-0.0648860452790214,0.00149966147437203,0.64663277469915,0.161435108390941,"E02000951","Wandsworth 029",528086.553170977,172616.729362014
-10.7686461108456,0.0436607317072549,0.0167324035130092,-0.0118293460425759,0.00192037666417267,0.0139298474905791,0.000508814955651232,-0.00453646817080796,-0.0722635238871805,0.000515352185992551,0.686878174609065,0.126996363275424,"E02000952","Wandsworth 030",528533.869047241,172414.450908417
-10.3822387098932,0.0350418361311168,0.0238782747076695,-0.0309734017474917,0.00058406130636735,0.0236322440401932,-0.00610461710984072,0.0115094913250115,-0.0653013335890467,0.00347198957222952,0.645153701456398,0.185800446087955,"E02000953","Wandsworth 031",526319.843336314,172314.100480626
-11.4167572173695,0.0402896981976555,0.0192722718484564,-0.0192327438662702,0.00192762151216268,0.0176999584113086,-0.00161173155491695,0.00287388857809905,-0.0805950867339742,0.0008131374339429,0.757020687387178,0.1034538425995,"E02000954","Wandsworth 032",527871.978912197,171979.484119972
-11.623556141571,0.0380134771297011,0.0206643728907695,-0.0212397777290287,0.00201721898333778,0.0197592657526785,-0.00245307885861021,0.00703850028578656,-0.0852068847877989,0.000954878328325097,0.778722878755129,0.0926598364926113,"E02000955","Wandsworth 033",527530.061197079,171796.377252926
-11.526127029414,0.0329872089427481,0.023627254291109,-0.0207816804582195,0.00207351446937775,0.0234348150745615,-0.00345620137006298,0.0147288236311507,-0.0930295455456835,0.00124100490664967,0.765934697377284,0.0834003991562347,"E02000956","Wandsworth 034",526821.802225112,171480.691319022
-11.9412277658629,0.0355370516157156,0.0209400065820171,-0.0117438870531466,0.00316892807050725,0.0195087189704434,-0.000599952524553053,0.0098324562576143,-0.10359973615792,0.000509748502324327,0.811185693144513,0.0402795978043769,"E02000957","Wandsworth 035",527726.956548666,171092.754607897
-12.3313997851836,0.0393732345920599,0.0178565660673078,-0.00691201873533382,0.00438440275515069,0.0148874773602857,0.00203983013637788,0.000996676793913377,-0.10348278378398,-0.000418012822511995,0.854147561224291,0.0183389867431916,"E02000958","Wandsworth 036",528788.982336377,171219.399022244
-12.3271607532047,0.0401720332332824,0.0171952129730366,-0.00169012400488954,0.00491372182718064,0.0128645827246418,0.00344046087936795,-0.000934973333732638,-0.111508743883512,-0.000475734038612649,0.853710118642724,1e-06,"E02000959","Wandsworth 037",529258.053765356,170992.308063714
-3.41838339530034,0.0226498020076712,0.0180356058536336,0.00523258823819428,0.0176293491643143,0.011691052864267,-0.0146309190915363,-0.0275869916828683,0.0112606322211613,-0.0424036480301134,-0.0443908741770507,0.113117146851661,"E02000960","Westminster 001",527370.678981384,183386.743348355
-3.66726363901801,0.0192783844704743,0.0274638741293258,0.00450251243426084,0.020888819443425,0.0150629407523801,-0.0241905253848005,-0.0324956783871772,0.0078089918785417,-0.0326066100558606,-0.0344472943518908,0.169491556822131,"E02000961","Westminster 002",526063.880018864,183245.327727674
-3.49801464833636,0.0217606257364379,0.0251269194637811,0.00662721367653862,0.0208268420791357,0.0156195212294984,-0.0180393469420408,-0.0311223907046542,0.00984572928794886,-0.0371759333119852,-0.0616129225840501,0.168596945227116,"E02000962","Westminster 003",526798.351656741,182761.796197689
-3.14689001787115,0.0139327192388936,0.0228309518634487,0.0253187338958959,0.0236743595839285,0.0180115162490596,-0.0184086389870111,-0.0332384338689329,0.00399448377377788,-0.0297505278582251,-0.110694138126964,0.307350861166145,"E02000963","Westminster 004",524308.002395089,182648.119959732
-3.35928092887263,0.0157912648443873,0.0273899961099407,0.018603545119719,0.0244642467531092,0.0196777923492054,-0.0233985321524435,-0.0343162105342211,0.00644421106095493,-0.0310672215100131,-0.0938833734270892,0.27939391988373,"E02000964","Westminster 005",524873.895902588,182523.786046084
-3.64403918043587,0.0174632057815138,0.0320399870299378,0.0117736374697122,0.0240557165713707,0.0198733158536773,-0.0246843064950859,-0.0341808242593181,0.00716704681918118,-0.0314795150991671,-0.0654099650626328,0.242000013462212,"E02000965","Westminster 006",525551.155171536,182464.259583292
-3.72532766059901,0.0190902611131113,0.0330859922500268,0.00954360616297299,0.0234279049144875,0.0199267064381907,-0.0225001122211538,-0.0332348526719921,0.00782099386331561,-0.0330053024152037,-0.0595123191461575,0.223988660453927,"E02000966","Westminster 007",526150.089904123,182252.240438149
-3.14505335816475,0.0266266492320647,0.0150344226918369,0.00768672874630172,0.0184267746037279,0.0124787365131074,-0.00869917464897896,-0.0270186870091269,0.0139394190715533,-0.0470037353148703,-0.0894223509556404,0.135290827853394,"E02000967","Westminster 008",527883.155683204,182546.475348918
-3.43568940925325,0.023208471499869,0.0254106750384854,0.0104800223157289,0.0217805836759681,0.0182622798809533,-0.0146103895900239,-0.0324192914032477,0.0109323901633878,-0.0375193355061499,-0.0864796632077231,0.204612991883172,"E02000968","Westminster 009",526964.219053125,182063.405542461
-3.75865274110063,0.0156598508677879,0.0362306885218888,0.0171926502123802,0.0255383152803884,0.0236498091623231,-0.0226693524760986,-0.0343491862831425,0.00595740559764288,-0.0302143065555895,-0.0732764653651248,0.286940077171785,"E02000969","Westminster 010",525457.949846061,181815.726308678
-3.00329074274582,0.0310215752651112,0.0128219871169035,0.0136950248139986,0.0187148898746301,0.0149887409669893,-0.000209109579921617,-0.031970597901839,0.0164605774306754,-0.0390767887187192,-0.132923895131927,0.192079086538128,"E02000970","Westminster 011",528366.269372988,181393.746487416
-3.22268777804807,0.0273477358731969,0.0192747394079884,0.0131583999741835,0.0206243382333789,0.0178540090245064,-0.00662861296840779,-0.0326537375210142,0.0137945596410493,-0.0399414981738088,-0.114437326574829,0.212422790297251,"E02000971","Westminster 012",527625.545529365,181524.758599455
-2.86613819230329,0.0344057252330109,0.00827947406157777,0.0154353835442683,0.0160350784533372,0.012248048603866,0.00415392876623266,-0.0305206670089441,0.0190096861493873,-0.0333356674559703,-0.146143349978187,0.17372700177788,"E02000972","Westminster 013",529180.596623707,181227.771463664
-3.90519656274307,0.014334093854013,0.0392454885894739,0.0204831634890262,0.0260076895496581,0.0263109414192723,-0.0211111731228744,-0.0343835249363877,0.00470011866443238,-0.0286180586576668,-0.0695506585915671,0.314681599046617,"E02000973","Westminster 014",525452.923636288,181365.681109662
-3.53926898359455,0.0242317090427833,0.0264566223313781,0.0151391556250289,0.02198430713687,0.021894322045268,-0.0117895947044883,-0.0349838123056961,0.0109010956024276,-0.0342713007444316,-0.0946572702584433,0.257855098170043,"E02000974","Westminster 015",527027.195014512,181253.574154764
-3.88452854178697,0.0198198883295131,0.0348363522661481,0.0164628930988471,0.0234501234282861,0.0250828453989605,-0.0177563611236319,-0.0351988256776439,0.0073835923284296,-0.0303936705414848,-0.067738430384314,0.291167471833064,"E02000975","Westminster 016",526394.63516271,181127.948103737
-4.1013190466502,0.0156071533070797,0.0408540053844538,0.0198924041106963,0.0250538595518668,0.027807260260817,-0.0198007351826327,-0.0347382460224333,0.00456182259688774,-0.027289691872868,-0.0550903855554029,0.322398567767748,"E02000976","Westminster 017",525856.369317783,180960.095629965
-2.83410842989942,0.0383625894769932,0.00683085989973862,0.021584488983809,0.0159649256812201,0.0123185404014099,0.0116130087209738,-0.0386817091682619,0.0223665200185404,-0.0222845242489595,-0.173793645983229,0.207795379655654,"E02000977","Westminster 018",529629.630166646,180418.066833469
-3.89267853853967,0.0274884142821248,0.0244887609446836,0.0211882911601441,0.0195442528564545,0.0255038894081575,-0.0055447025066874,-0.0420425921107925,0.0102106598103042,-0.0234995028834376,-0.0766040296570749,0.357370840592332,"E02000978","Westminster 019",527333.13591258,179978.215315835
-2.94024535777581,0.0414384151688465,0.00711583788337112,0.0282550337970143,0.017379324380942,0.0140956823297689,0.0192251761317017,-0.0458813848684786,0.0241924616918389,-0.0117031179125152,-0.194357181093797,0.271692819882676,"E02000979","Westminster 020",529583.590122293,179418.029276444
-3.09006820933151,0.0445391784743264,0.0060902514210241,0.0316485969594611,0.0165920567168609,0.0125923929130781,0.0244822198787665,-0.0430678324637109,0.0246784231060449,-0.00489850595804931,-0.194167907835841,0.297770695977257,"E02000980","Westminster 021",529849.364461891,178670.139069717
-3.25142819008547,0.0435184950403555,0.00858541121702191,0.029139959913826,0.0173811231913779,0.0171930646628014,0.0194208051026777,-0.0445426377568205,0.0210445015703649,-0.00445619887300936,-0.179859562196074,0.357451844781893,"E02000981","Westminster 022",529122.159004529,178488.732602683
-3.45974601195386,0.0414622864915639,0.0112662396058431,0.0273802409989887,0.0173617125794027,0.0202537442090317,0.0142708113008011,-0.044968389662675,0.0180986174869819,-0.00516727594440463,-0.154793995633496,0.393472002684842,"E02000982","Westminster 023",528658.052448281,178493.882893123
-3.3870463761414,0.0452901991097314,0.00685848550453211,0.0301893674413937,0.0155968484611368,0.0142079932714954,0.0219950225031508,-0.039875608475362,0.0202987892155041,-0.00245250032807378,-0.16504056110683,0.34690018244302,"E02000983","Westminster 024",529508.668857668,178129.434375327
-6.93316944475748,0.0194312365057386,0.0256806729147107,0.0426986691094726,0.000439822538814621,0.0123907121866995,-0.00479037919525733,-0.0409130868941671,-0.040101403240387,-0.0219168851391221,0.314588630730875,0.112712897063453,"E02006782","Bromley 040",540860.642418247,170949.738890624
-7.21704417494854,0.0236226432392863,0.0193923984377525,0.0540646896615653,0.0017718685588971,0.00794120562390942,-0.00835417992136084,-0.0477403363655022,-0.0373530904585646,-0.024968726092184,0.348961512894003,0.085760547367836,"E02006783","Lewisham 037",539891.234990542,171785.629049521
-7.53304122412636,0.0287123706625537,0.0203015358430689,0.056779622985246,0.0024636466020009,0.00275214198553558,-0.00310869932382081,-0.045290598000483,-0.069293340253762,-0.0195551291123701,0.37742339667214,0.0244636758980836,"E02006784","Lewisham 038",538860.620099159,171123.239009216
-5.71610401188343,0.0115807489789555,0.0229564816351788,0.0438273219126729,0.0195664098167284,0.0183373206439736,-0.00278141341743942,-0.0173354726543942,0.0296141421601058,-0.00719798802391287,0.110044720883254,0.29052768377424,"E02006785","Bexley 029",545903.460740443,176630.845401026
-5.55997570094073,0.0125716295486756,0.021018812107107,0.0285390560923283,0.0188006540667626,0.0133158183332411,-0.00549869592686078,-0.0174992749139537,0.023408476195323,-0.00867699503901699,0.121278619711628,0.271060039255776,"E02006786","Greenwich 033",546040.773081253,177716.62092686
-8.04359090036594,0.0293301833245054,0.0255006940214827,0.0469188843309942,0.004647666881954,-0.0021586874067128,0.0154749535292056,-0.0143835427362316,-0.119039869082275,0.00810493331922492,0.412699499679743,1e-06,"E02006787","Bromley 041",536417.655877345,168510.839661421
-8.12697629184777,0.0306520855216731,0.0245079162266002,0.0350755428059346,0.00515419208332097,-0.00128896416199574,0.0178617075353788,-0.00693833056020194,-0.123792218713098,0.0126652639586992,0.416772882103746,1e-06,"E02006788","Croydon 045",535195.883319228,167887.00266559
-9.01742670096798,0.0110647991100729,0.0368320419831719,0.0115504653539533,0.00156006194173099,0.0100876375004162,0.0237803948783257,0.0034206999134115,-0.0871455068704081,0.0161281086242495,0.533677585718672,0.0533307063196988,"E02006789","Bromley 042",542781.156446467,160023.581593816
-3.23195435322272,-0.00732047124102573,0.0141660493152944,0.0630464478141202,0.0135792209595275,0.0212778483306873,0.0130863662212807,-0.0274454167226205,-0.0581827331910856,-0.00875017182847235,-0.0660621410829399,0.644396687500682,"E02006791","Ealing 040",520491.014330113,179151.380590675
-3.32708451806804,-0.00623615850820903,0.0129042423356452,0.0624615712912804,0.00997086239008978,0.0202873751314102,0.0123707199402384,-0.0303723847691647,-0.0707350456669853,-0.00772583118499998,-0.0405894342841451,0.649818857250754,"E02006792","Hounslow 029",519999.222764534,178610.920967743
-3.0406583747893,-0.00664242028531934,0.0477620973854235,0.0578614069775935,0.0126649675323581,0.0122013456150999,-0.00026934445908089,-0.0176660407167252,-0.0470024998044367,-0.0191272035497411,-0.101350796224244,0.124581514670338,"E02006793","Enfield 037",533308.906350851,192110.320257156
-2.6597978016825,-0.0086025215414159,0.045327793661623,0.0631797501536024,0.011699230166054,0.0116662966170954,-0.00201705153097756,-0.0275887242764689,-0.0433859119828761,-0.0234331138381922,-0.127442887797292,0.141334774824227,"E02006794","Haringey 037",533814.612422684,191241.588318331
-4.74912666145048,0.0263652043038845,0.00840526323002203,8.61337698988184e-05,-0.00179109072599242,-0.000564561135337723,0.0272453799800414,-0.0400734621135507,-0.0721654369413016,-0.0140165437755219,0.194347536187062,0.0947905973705976,"E02006795","Harrow 032",512621.84963751,187029.667974629
-4.75451685772148,0.0271192954645794,0.00793447933015354,0.000717492114815821,-0.00319871247006678,0.00176034446796403,0.0287264313638783,-0.0429338662689523,-0.0732095192904822,-0.0111822280108395,0.195258188961526,0.102670790013685,"E02006796","Hillingdon 033",511142.019838187,185045.893120289
-6.268085493031,0.0292962652751974,0.0075144883913217,0.0835522887163462,0.0205514971234703,0.000492857325268673,0.00579938255232942,-0.0503200910484461,0.0433380970768224,-0.0100033745833087,0.160595740762557,0.204257386458026,"E02006798","Lewisham 039",536776.105042327,177337.332238927
-6.2514404871611,0.00890638261908058,0.0146409958899126,0.00831582620857388,0.0056745901833223,-0.0056515092330272,-0.00423120699925223,-0.0286318094923571,-0.0601209713374723,-0.0121282533497938,0.358972592011347,1e-06,"E02006799","Barking and Dagenham 023",547548.505972958,186808.861360041
-6.18545502120922,0.00864165030412965,0.0140032977896247,0.015231904518744,0.00593040917526167,-0.0057194635889568,-0.00524750056951612,-0.0309359724740512,-0.0592433414719219,-0.0131275162419273,0.354031486365055,1e-06,"E02006800","Redbridge 034",546403.645925221,186862.129199086
-3.0358098443035,0.0414007276750573,0.00496776244078668,0.0309490382981141,0.0135489923721397,0.0068307210615561,0.0224082341739327,-0.0377489676651394,0.0279358082511023,-0.0119354952161179,-0.170356251481873,0.208510363574141,"E02006801","Lambeth 036",531003.592079835,179737.885935879
-3.31373444278501,0.0404239891226203,0.00505583013637927,0.0374704287804662,0.013111523925652,0.00469691684881085,0.0265671830790926,-0.0364478519505169,0.0291386076028355,-0.00852674938079618,-0.147287656199927,0.215317191909751,"E02006802","Southwark 034",531662.18315369,179382.395200031
-6.57570543514414,0.0158842208309552,0.0267357016352318,-0.00615948421776259,0.0095477862435604,0.0181709615388988,0.0107652670405399,0.0227861673344699,-0.090124323880262,0.0202935409594608,0.226098945413092,0.0240825485368028,"E02006836","Sutton 025",524693.567372607,161932.836849332
-5.63580243786462,0.0171709506669337,0.0163917692773233,0.104846060790687,0.0260691749241063,0.00805267752493201,0.00829198625951914,-0.0523065057620131,0.0632491574060841,-0.0121155260110599,0.0645725333107947,0.218850370036929,"E02006853","Tower Hamlets 032",537406.603637998,179371.055705823
-5.42132373902064,0.0131568533988091,0.018566141650853,0.107945460744619,0.025917317912568,0.0104247413349668,0.0111054901409349,-0.0546775980259423,0.0621835042747524,-0.0132326424867496,0.0443429215937417,0.217761737110781,"E02006854","Tower Hamlets 033",537416.207657147,180220.641135736
-5.15542046809507,0.0161289541106118,0.01028068239316,0.0264504985897588,0.00471124070336423,-0.00503075035086287,0.0102971004644951,-0.0257697188369316,-0.0373008946781565,-0.00746101396652941,0.206143406588879,1e-06,"E02006882","Harrow 033",516913.262093985,189319.109105821
-1.54283735416357,-0.00309243797345909,0.0195247970961353,0.0112371298636919,0.015122920767307,0.0150589176238221,-0.000828822889241265,-0.0478519574978526,0.0072524052240383,-0.0360502412040461,-0.188021392506246,0.177542550762184,"E02006918","Hackney 028",535153.915216537,186787.939436089
-1.56294320363783,-0.00316791090549454,0.0208943194621199,0.0144748369525551,0.0144448415960009,0.0135690675669643,0.000756206586088934,-0.0461780629283785,0.00728797682825936,-0.0372661512677942,-0.18762212366346,0.182089358247014,"E02006921","Hackney 029",534582.592671579,187045.35238983
-5.02572286013844,0.00776845899060311,0.0119866332624847,0.0176054016739218,0.00781626732377152,-0.00247916548607703,-0.0164176345184183,-0.0391951562932319,-0.0634719822491843,-0.020173752767802,0.241400441091346,1e-06,"E02006924","Redbridge 035",542803.307595691,187767.642284259
-4.60439150509253,0.00813014526109503,0.0121454617260859,0.0120130160598417,0.00732586358002523,-0.00213944946334017,-0.0199899995848775,-0.0420785410290119,-0.0743372403246438,-0.0206370782927312,0.202646553772298,1e-06,"E02006925","Redbridge 036",542273.797639913,189351.065128616
-7.58362408553482,0.0146305020875495,0.0143522403599201,0.0925413711026705,0.0196931552942056,0.0106460033116587,-0.0150800879911658,-0.0347067107935162,0.0481733768052664,-0.016625823897624,0.320975364271728,0.236355732872757,"E02006927","Greenwich 034",540690.76243836,175179.258560366
-6.37174219239416,0.0246301399460261,0.0109451837479436,0.0969920383247765,0.0242504106698082,0.00251389292764859,-0.0022546145505633,-0.0499280977606747,0.056400914691405,-0.0117280454036625,0.160106098169217,0.204194174336102,"E02006928","Greenwich 035",537702.353009456,177610.999394066
-6.72469335698647,0.0129357412742844,0.0165109990350907,0.118640672987512,0.0257544520545109,0.00933610378884883,-0.00986750248234295,-0.0387266291359606,0.0564806230917105,-0.0134533842005998,0.195184742730122,0.207943901479514,"E02006930","Greenwich 037",539775.383069745,178275.199173359
-6.94841069637065,0.0233690693879722,0.0112084292449626,0.102006507805938,0.0246219731569092,0.0027462073098481,-0.0110737215657766,-0.0461183200211078,0.0577440420888656,-0.0132292391177316,0.225774461440106,0.200435005247251,"E02006931","Greenwich 038",538620.662756862,177151.178319436
-4.1084002975265,0.0297961402689148,0.00725996830761362,0.05061925868621,0.0122563122850768,0.000271528453409457,0.0235238676607973,-0.0402457685824154,0.0335031039091911,-0.0115728836620351,-0.0385633518586175,0.204592394916354,"E02006941","Southwark 035",533491.878662998,180038.062119913
-4.18982292176997,0.0311019431023903,0.00707520397868816,0.0543767184708645,0.0129545000725528,0.000444558020757246,0.0258936281821772,-0.0407464323931611,0.0325323720362198,-0.00948739368796685,-0.0404098829166472,0.212373369312983,"E02006942","Southwark 036",533412.46427827,179616.178159746
-5.03944575486506,0.00920367084833821,0.00912320819845814,0.029290189149877,0.0128007619528508,-0.00672950990045281,-0.018560067380764,-0.012840122238826,0.00932334212844588,-0.00820914708405871,0.1810524111285,0.0998428847805292,"E02006953","Barnet 042",521756.232660488,189981.546178683
-5.05354505134739,0.00954565264251347,0.00974267253308759,0.0306571775349346,0.0124740612352875,-0.00670233895153833,-0.0141237398359278,-0.0133318387814626,0.00765571710317737,-0.00751949012915517,0.177601812895976,0.108948856260122,"E02006954","Barnet 043",521395.744853562,189532.123274409
-4.55642731230078,0.00938501869085727,0.0114112146065945,0.029996846140319,0.0100455605005237,-0.00208122765479835,0.0226568561871543,-0.0195122306287859,-0.0200381886565515,0.00691350078858595,0.107429529480586,1e-06,"E02006955","Brent 035",519145.962026962,185786.90334406
-4.41493724863229,0.00748640731442383,0.0114356177412604,0.033246996322734,0.0118340041549079,-0.000998185104237472,0.0219261300092927,-0.0176554994709401,-0.0149112626965889,0.00815436160360415,0.0832718380267955,1e-06,"E02006956","Brent 036",519710.668886464,185402.413698468
-4.21815640747838,-0.0022264535851414,0.0135149172601968,0.0318354639734471,0.0041079510612687,0.00328128157633444,0.0217644562680628,-0.0273666310230115,-0.0897472227278885,0.0039200199356113,0.121073303393171,0.377938163429458,"E02006968","Ealing 041",518535.558909046,181443.901979872
-4.31651411746257,-0.00192027572320732,0.0133068737621011,0.0341195469902916,0.00168086533387807,0.00427870593331783,0.0204328154826451,-0.0301249032842396,-0.108035685791079,0.00332784268610465,0.138918444166408,0.38428872115413,"E02006969","Ealing 042",518051.054431283,180703.212379316
-5.01062395083786,0.0175084123794342,0.00861465774981343,0.0308078862891263,-0.00656200829818718,0.00568307764145025,0.0191056799562298,-0.048872135014544,-0.0651726400997645,-0.000276340965150115,0.220553114307301,0.22371925790846,"E02006970","Ealing 043",512250.975175774,179233.39572816
-5.00067683895434,0.0185982747439114,0.00833093786495077,0.0310433964667252,-0.00664195453885688,0.00587599668811459,0.0189356283237259,-0.0496553189235929,-0.0612253672034407,-0.000776883200047339,0.217517212255683,0.218255715790697,"E02006971","Ealing 044",511530.200619734,179087.899230229
-3.86928184369036,-0.00213191265707987,0.0125444047549048,0.0520506551982246,0.00236209780491237,0.0120071474143667,0.0147040255053581,-0.034702493550412,-0.100248383523184,-0.0033678068772612,0.0606533730334525,0.546759906563478,"E02006972","Hounslow 030",518701.937949885,178684.411615005
-4.04657272936539,0.00326769900619293,0.0115175825272125,0.0509213676493955,-0.00197092132835497,0.00867420349562394,0.0126526268656883,-0.0419615218028558,-0.119285201447109,-0.00448864888540326,0.0952681905328437,0.502624425773087,"E02006973","Hounslow 031",517895.856101728,177869.198762372
-7.82546287704703,0.0294689063052854,0.0259418877957841,0.00480333737966435,0.0060350424324969,0.00442176659001948,0.0224403178463836,0.00397595764960879,-0.1234511140234,0.0179761656131874,0.374046295007289,1e-06,"E02006987","Croydon 046",532638.776551783,165512.535375282
-7.67919905081528,0.0277072324741007,0.0273375125274344,0.000858875872849497,0.00603520916695783,0.00512845260657794,0.023518467933818,0.00505134112566519,-0.119712367317404,0.0183308400639358,0.358914256151366,1e-06,"E02006988","Croydon 047",532627.662828236,164547.835532756
-5.75314152996432,0.00832455939702548,0.0178445147403979,0.02635528356258,0.0218808883463739,0.0128449362974233,-0.00950235334718402,-0.0219124214369444,0.0113219802709412,-0.010246697054086,0.165592000444947,1e-06,"E02006991","Greenwich 039",543966.21456617,179141.902828682
-6.19176327748342,0.0112828565267372,0.0179712527413665,0.118738254569531,0.0257610682337483,0.0108060077875488,-0.00502348653001818,-0.0419693248077579,0.0554006204041976,-0.0133863799052204,0.136210823582001,0.199158137881965,"E02006992","Greenwich 040",539425.139411225,179145.516391415
-6.29629990649508,0.00848880045440283,0.0184694428741268,0.122713787710414,0.0254014012306681,0.012413884361979,-0.00823275928786133,-0.0347407839936107,0.0506945465205723,-0.0128511278914063,0.151999364102442,0.201165379249621,"E02006993","Greenwich 041",540385.63859716,178953.534992912
-6.1591344652877,0.00620183826702839,0.0177558087098681,0.0690303854873925,0.0249961811253393,0.0166010334675628,-0.00948194441769653,-0.0240568007481207,0.0282239013876434,-0.0114037483865844,0.172346098053909,1e-06,"E02006994","Greenwich 042",542233.9672257,178993.525427483
-3.53026157952414,-0.0010285952477519,0.0151108344048924,0.0381791209935423,0.0203854283967802,0.0165917737897856,-0.0104468640466985,-0.036625244769245,-0.0146219209070507,-0.0276623622311094,-0.00749706440518735,1e-06,"E02006995","Newham 038",537917.070755759,184982.459535484
-3.63369706263071,0.000342890614484212,0.0147726236689146,0.0417668120590936,0.0199256105512731,0.0155424035312098,-0.0112768656804265,-0.0358648421515116,-0.0188158491253789,-0.0261713852643761,0.00162020278681988,1e-06,"E02006996","Newham 039",538497.973707661,184746.3503113
-4.65381987366554,0.0014812003701199,0.0177186619168978,0.0792981503712943,0.0223127161765748,0.0166914670536578,-0.000918159249796958,-0.0417747554045928,0.00789588713279209,-0.0224345577082374,0.0502941255087828,1e-06,"E02006997","Newham 040",538215.55191704,183512.20477774
-5.67037489176317,0.00613447416626596,0.0166497193664951,0.0381842684175767,0.022076905414707,0.0125837191008692,-0.0104696572370533,-0.0249814075439481,0.00925373893557348,-0.0125177049198831,0.167413801623352,1e-06,"E02006998","Newham 041",542883.561550059,180245.653340163
-6.02342684729818,0.00541653565241657,0.0176502246497199,0.0884119376817406,0.0244559364925719,0.015821543018366,-0.0056483989990743,-0.0309277990461599,0.0274549006587084,-0.0140730242392759,0.157924848494068,1e-06,"E02006999","Newham 042",540846.50402984,180141.65157339
-7.51835863344186,0.031711232197433,0.00525886847859543,0.0801597590577965,0.0193126423755211,-0.00057151528423051,-0.0104768904179781,-0.0490383876988984,0.0413728387342375,-0.0125567569593961,0.311713115029687,0.168633125536764,"E02007008","Lewisham 040",538003.41345475,175900.487534233
-7.95825369007054,0.0330552547620556,0.00394433101173142,0.0701823522848665,0.0161487332152671,0.000123091136716902,-0.0133412732770416,-0.0488382959618743,0.0301650890665673,-0.0140408213829488,0.375815792581689,0.138491200665055,"E02007009","Lewisham 041",538272.481738251,174993.897194018
-6.32090338843781,0.0103931008775886,0.0139453598883325,0.0313008170667436,0.00403861583516831,-0.00766474663664552,-0.00460493662764641,-0.0278159362582263,-0.0708548300569335,-0.0111552115387534,0.365416192570465,0.0241661668562174,"E02007017","Redbridge 037",547209.621587126,188714.593423384
-6.39869212080709,0.00922087985178716,0.0139702036689502,0.0193052997698935,0.00475191999096083,-0.00648572235208598,-0.00416128636876945,-0.0299557137096844,-0.0669802654305557,-0.0113170715127821,0.378181752423215,1e-06,"E02007018","Redbridge 038",547311.57605941,187941.782332966
-5.81673163994768,0.00799739144093747,0.0128140212325318,0.0253940343193511,0.00745400574380065,-0.00433400857812725,-0.00997311902996724,-0.033961750859516,-0.0549449008797519,-0.0165763865757821,0.313960342072002,1e-06,"E02007019","Redbridge 039",544346.962162576,186519.978600253
-5.79406006304473,0.00772388972261638,0.0130287475068337,0.0224108135638625,0.00804774738191872,-0.00387151473047724,-0.00971986528089692,-0.0329865816523687,-0.0511354565872047,-0.0168934543144679,0.308606074439306,1e-06,"E02007020","Redbridge 040",544409.317925574,186061.014857306
-3.89417484367284,0.0477957436871191,0.00772334536850022,0.0255789316894015,0.0129497880299054,0.0147331797652292,0.0181640459564726,-0.0340568887355341,0.0133579720878493,0.000159423544076698,-0.109559057704867,0.39829587087677,"E02007083","Wandsworth 038",529189.209605018,177375.532542245
-4.58486235587802,0.0500224663208394,0.00903223943947404,0.0188745136829627,0.0091457926225079,0.0142354399351076,0.0135434728013513,-0.0272480698082609,0.00491300600608153,0.00192206862147274,-0.0274739518127161,0.423250453965509,"E02007084","Wandsworth 039",528943.740975134,176636.763861614
-2.41734206952094,0.0104148598444401,0.0110534612287263,-0.00703161356801123,0.0124883000507762,0.00780877676576822,0.003781909341609,-0.0306865505728932,0.0246822054802589,-0.0341959234438779,-0.104412925705751,0.185045262536303,"E02007108","Hackney 030",533489.026967412,184760.666751074
-2.53907330385107,0.0126136143084617,0.0101099101499693,-0.00177591852385774,0.0118754273833639,0.00671603611031416,0.00438515044221942,-0.0288254645042461,0.0258630935878072,-0.0319577199850656,-0.099937031693089,0.183553006917988,"E02007109","Hackney 031",533483.858319839,184306.034956007
-3.02970580462026,0.0228262177941363,0.00682320366615139,0.0121168053692319,0.00707480054319995,0.00223406958533897,0.00535015538645425,-0.0148021445176189,0.0244985207771015,-0.027887015429677,-0.0716938094674934,0.156217452053351,"E02007110","Hackney 032",532932.42663868,182900.197208887
-3.10174662223667,0.022479930209991,0.00708886071137517,0.0160216372467658,0.008621730058389,0.00183248504220546,0.00747073577946926,-0.0212216997382507,0.027525601402434,-0.0247196924980992,-0.0731030789677933,0.169580617453772,"E02007111","Hackney 033",533316.311079251,182586.568230349
-5.30486703516346,0.00626726148271951,0.0201071526926273,0.122723919242161,0.0248688747138877,0.0138856914304042,0.00294033902164786,-0.0471755266487788,0.0485105183875573,-0.0144483011492529,0.0493165452970708,0.18637816582955,"E02007112","Tower Hamlets 034",538973.160875022,180908.735208383
-5.37133117189916,0.00970524235386692,0.0197603528968805,0.114316412288721,0.0254353830664359,0.0123781703774781,0.00582148953856567,-0.0509885351160909,0.055073767866219,-0.0141268396544731,0.0473463613098054,0.202329519456919,"E02007113","Tower Hamlets 035",538263.070527507,180486.974742482
-5.71796189571746,0.0142357946562267,0.0176599719758837,0.110578319532468,0.026352887335295,0.00968786973062177,0.00368436515640104,-0.0499794130221922,0.0606997551847585,-0.0129230872654052,0.0763876510981204,0.210464425204109,"E02007114","Tower Hamlets 036",538076.976649236,179498.497462725
-3.13179037891699,0.0302907216038391,0.00542126471756711,0.0107630586163194,0.00735790173998895,0.00587681343948739,-0.00236685499866855,-0.00282518077140954,0.0179946512260255,-0.0382397210642806,-0.0680176893575155,0.101176068220242,"E02007115","Camden 029",530405.673682391,182562.10740517
