BusinessTypeID,FHRSID,BusinessType,Hygiene,Latitude,LocalAuthorityBusinessID,LocalAuthorityCode,LocalAuthorityName,Longitude,RatingValue,MSOA21CD,MSOA21NM
1,1655770,Restaurant/Cafe/Canteen,10.0,51.57219696,80603,501,Barking and Dagenham,0.143009007,2,E02000003,Barking and Dagenham 002
4613,1130799,Retailers - other,15.0,51.534083,74349,501,Barking and Dagenham,0.085834,2,E02000020,Barking and Dagenham 019
4613,1040738,Retailers - other,10.0,51.5201804,71064,501,Barking and Dagenham,0.0995658,1,E02000020,Barking and Dagenham 019
4613,1181226,Retailers - other,10.0,51.545834,74985,501,Barking and Dagenham,0.094549,1,E02000012,Barking and Dagenham 011
1,843220,Restaurant/Cafe/Canteen,15.0,51.541353,11996,501,Barking and Dagenham,0.084551,2,E02000017,Barking and Dagenham 016
4613,1670537,Retailers - other,10.0,51.551427,80755,501,Barking and Dagenham,0.130016,2,E02000009,Barking and Dagenham 008
7844,1098485,Takeaway/sandwich shop,5.0,51.534985,73521,501,Barking and Dagenham,0.110777,2,E02000018,Barking and Dagenham 017
7844,877083,Takeaway/sandwich shop,10.0,51.528837,69311,501,Barking and Dagenham,0.104121,1,E02000023,Barking and Dagenham 022
4613,128717,Retailers - other,5.0,51.529051,58937,501,Barking and Dagenham,0.09819,1,E02000020,Barking and Dagenham 019
4613,1090482,Retailers - other,15.0,51.532068,73164,501,Barking and Dagenham,0.146155,0,E02000021,Barking and Dagenham 020
4613,1291305,Retailers - other,10.0,51.536781,76581,501,Barking and Dagenham,0.077709,1,E02000016,Barking and Dagenham 015
7840,1398899,Retailers - supermarkets/hypermarkets,10.0,51.5254231,77623,501,Barking and Dagenham,0.1024605,1,E02000020,Barking and Dagenham 019
4613,1407643,Retailers - other,10.0,51.538158,77692,501,Barking and Dagenham,0.0802053,2,E02000016,Barking and Dagenham 015
7843,1687067,Pub/bar/nightclub,0.0,51.542225,80968,501,Barking and Dagenham,0.085096,1,E02000017,Barking and Dagenham 016
7843,415538,Pub/bar/nightclub,5.0,51.53492,3612,501,Barking and Dagenham,0.127357,1,E02000019,Barking and Dagenham 018
4613,1844377,Retailers - other,10.0,51.537933,83142,501,Barking and Dagenham,0.0792,1,E02000016,Barking and Dagenham 015
4613,1888487,Retailers - other,15.0,51.5376673,83799,501,Barking and Dagenham,0.0794763,1,E02000016,Barking and Dagenham 015
4613,1670535,Retailers - other,5.0,51.5372721,80753,501,Barking and Dagenham,0.0809724,1,E02000016,Barking and Dagenham 015
4613,415603,Retailers - other,10.0,51.536587,4664,501,Barking and Dagenham,0.150838,2,E02000014,Barking and Dagenham 013
1,1436584,Restaurant/Cafe/Canteen,15.0,51.524622,78152,501,Barking and Dagenham,0.104474,2,E02000020,Barking and Dagenham 019
4613,628412,Retailers - other,5.0,51.541354,63272,501,Barking and Dagenham,0.084551,1,E02000017,Barking and Dagenham 016
1,902323,Restaurant/Cafe/Canteen,15.0,51.537905,69309,501,Barking and Dagenham,0.081221,2,E02000016,Barking and Dagenham 015
1,1904913,Restaurant/Cafe/Canteen,15.0,51.550701,84003,501,Barking and Dagenham,0.113481,1,E02000009,Barking and Dagenham 008
7844,1772176,Takeaway/sandwich shop,15.0,51.5387013,82329,501,Barking and Dagenham,0.0810087,2,E02000016,Barking and Dagenham 015
4613,1844421,Retailers - other,0.0,51.5366664,83213,501,Barking and Dagenham,0.0775994,1,E02000016,Barking and Dagenham 015
4613,415596,Retailers - other,5.0,51.545834,44655,501,Barking and Dagenham,0.094549,1,E02000012,Barking and Dagenham 011
7844,1798360,Takeaway/sandwich shop,15.0,51.537722,82637,501,Barking and Dagenham,0.078877,1,E02000016,Barking and Dagenham 015
7844,1732277,Takeaway/sandwich shop,10.0,51.5627892,81709,501,Barking and Dagenham,0.1213672,1,E02006799,Barking and Dagenham 023
4613,504611,Retailers - other,0.0,51.539813,39186,501,Barking and Dagenham,0.101339,1,E02000012,Barking and Dagenham 011
4613,1812174,Retailers - other,10.0,51.5354283,82814,501,Barking and Dagenham,0.0946301,1,E02000020,Barking and Dagenham 019
7841,1765887,Other catering premises,5.0,51.541841,82265,501,Barking and Dagenham,0.112595,2,E02000018,Barking and Dagenham 017
4613,1084594,Retailers - other,0.0,51.5709761,71273,501,Barking and Dagenham,0.1326002,1,E02000003,Barking and Dagenham 002
4613,553092,Retailers - other,15.0,51.572966,62780,501,Barking and Dagenham,0.145772,2,E02000003,Barking and Dagenham 002
7844,1789203,Takeaway/sandwich shop,10.0,51.541359,82554,501,Barking and Dagenham,0.113899,2,E02000018,Barking and Dagenham 017
7844,116207,Takeaway/sandwich shop,15.0,51.538928,4539,501,Barking and Dagenham,0.12701,2,E02000013,Barking and Dagenham 012
7844,999841,Takeaway/sandwich shop,20.0,51.533425,70755,501,Barking and Dagenham,0.105558,1,E02000018,Barking and Dagenham 017
4613,1245136,Retailers - other,5.0,51.53696442,72428,501,Barking and Dagenham,0.079054996,1,E02000016,Barking and Dagenham 015
7844,1197143,Takeaway/sandwich shop,10.0,51.5508925,74488,501,Barking and Dagenham,0.1549138,2,E02000010,Barking and Dagenham 009
4613,111640,Retailers - other,10.0,51.539293,40981,501,Barking and Dagenham,0.081616,1,E02000017,Barking and Dagenham 016
4613,1197155,Retailers - other,0.0,51.541366,75124,501,Barking and Dagenham,0.083845,1,E02000017,Barking and Dagenham 016
4613,1824192,Retailers - other,5.0,51.538495,82934,501,Barking and Dagenham,0.079936,1,E02000016,Barking and Dagenham 015
7844,128270,Takeaway/sandwich shop,15.0,51.5627786,58171,501,Barking and Dagenham,0.1214532,2,E02006799,Barking and Dagenham 023
7844,1515993,Takeaway/sandwich shop,5.0,51.541715,78661,501,Barking and Dagenham,0.084452,1,E02000017,Barking and Dagenham 016
7841,1732255,Other catering premises,10.0,51.5369634,81680,501,Barking and Dagenham,0.0790591,1,E02000016,Barking and Dagenham 015
4613,1852993,Retailers - other,0.0,51.5379769,83352,501,Barking and Dagenham,0.0792597,1,E02000016,Barking and Dagenham 015
7844,107546,Takeaway/sandwich shop,5.0,51.562769,38017,501,Barking and Dagenham,0.119985,1,E02006799,Barking and Dagenham 023
4613,129411,Retailers - other,20.0,51.531695,60114,501,Barking and Dagenham,0.093655,1,E02000020,Barking and Dagenham 019
4613,1048215,Retailers - other,15.0,51.5378243,72224,501,Barking and Dagenham,0.0807669,1,E02000016,Barking and Dagenham 015
7841,1583330,Other catering premises,15.0,51.57422256,79530,501,Barking and Dagenham,0.136623994,2,E02000003,Barking and Dagenham 002
4613,1362863,Retailers - other,15.0,51.535361,77185,501,Barking and Dagenham,0.094298,2,E02000020,Barking and Dagenham 019
1,1884911,Restaurant/Cafe/Canteen,15.0,51.5284173,83751,501,Barking and Dagenham,0.0944382,2,E02000020,Barking and Dagenham 019
4613,1625532,Retailers - other,10.0,51.5363668,80102,501,Barking and Dagenham,0.0777588,1,E02000016,Barking and Dagenham 015
1,1752351,Restaurant/Cafe/Canteen,10.0,51.541715,82014,501,Barking and Dagenham,0.084452,1,E02000017,Barking and Dagenham 016
7844,125617,Takeaway/sandwich shop,10.0,51.5520772,54115,501,Barking and Dagenham,0.1149836,1,E02000009,Barking and Dagenham 008
4613,1814138,Retailers - other,0.0,51.536569,82845,501,Barking and Dagenham,0.081059,1,E02000016,Barking and Dagenham 015
7844,1256296,Takeaway/sandwich shop,5.0,51.562769,75974,501,Barking and Dagenham,0.119985,2,E02006799,Barking and Dagenham 023
4613,595253,Retailers - other,15.0,51.551427,56912,501,Barking and Dagenham,0.130016,0,E02000009,Barking and Dagenham 008
4613,1283076,Retailers - other,0.0,51.528837,76511,501,Barking and Dagenham,0.104121,1,E02000023,Barking and Dagenham 022
4613,1864208,Retailers - other,15.0,51.535788,83523,501,Barking and Dagenham,0.094059,0,E02000020,Barking and Dagenham 019
1,1281765,Restaurant/Cafe/Canteen,15.0,51.545329,76495,501,Barking and Dagenham,0.093127,1,E02000012,Barking and Dagenham 011
4613,1709301,Retailers - other,10.0,51.5417991,81273,501,Barking and Dagenham,0.147634,2,E02000014,Barking and Dagenham 013
4613,1617958,Retailers - other,0.0,51.535377,80009,501,Barking and Dagenham,0.0939789,2,E02000020,Barking and Dagenham 019
7844,127748,Takeaway/sandwich shop,10.0,51.579223,57304,501,Barking and Dagenham,0.135516,2,E02000003,Barking and Dagenham 002
1,1084604,Restaurant/Cafe/Canteen,10.0,51.562039,73044,501,Barking and Dagenham,0.123053,1,E02006799,Barking and Dagenham 023
1,1084606,Restaurant/Cafe/Canteen,5.0,51.545328,73155,501,Barking and Dagenham,0.093126,2,E02000012,Barking and Dagenham 011
7844,110387,Takeaway/sandwich shop,15.0,51.541359,4008,501,Barking and Dagenham,0.113899,1,E02000018,Barking and Dagenham 017
4613,1245206,Retailers - other,10.0,51.528837,75479,501,Barking and Dagenham,0.104121,1,E02000023,Barking and Dagenham 022
7843,1655767,Pub/bar/nightclub,15.0,51.5458851,80585,501,Barking and Dagenham,0.0932208,1,E02000012,Barking and Dagenham 011
4613,1387477,Retailers - other,5.0,51.5412962,77561,501,Barking and Dagenham,0.0837662,1,E02000017,Barking and Dagenham 016
7844,132125,Takeaway/sandwich shop,15.0,51.537997,6382,501,Barking and Dagenham,0.078572,2,E02000016,Barking and Dagenham 015
7844,1760277,Takeaway/sandwich shop,15.0,51.542303,82166,501,Barking and Dagenham,0.1476145,2,E02000014,Barking and Dagenham 013
1,1197148,Restaurant/Cafe/Canteen,10.0,51.5329361,74654,501,Barking and Dagenham,0.152281001,1,E02000021,Barking and Dagenham 020
1,1854797,Restaurant/Cafe/Canteen,5.0,51.5390294,83388,501,Barking and Dagenham,0.0782261,1,E02000016,Barking and Dagenham 015
7844,628404,Takeaway/sandwich shop,10.0,51.5515542,63236,501,Barking and Dagenham,0.1294851,1,E02000009,Barking and Dagenham 008
1,1829074,Restaurant/Cafe/Canteen,15.0,51.536254,82993,501,Barking and Dagenham,0.077483,1,E02000016,Barking and Dagenham 015
7844,1796148,Takeaway/sandwich shop,10.0,51.5716593,25/00019/COMM,502,Barnet,-0.1958254,2,E02000061,Barnet 038
4613,757414,Retailers - other,10.0,51.590083,CP/17759,502,Barnet,-0.223112,2,E02000055,Barnet 032
4613,756658,Retailers - other,15.0,51.601217,CP/02117,502,Barnet,-0.267686,1,E02000047,Barnet 024
4613,1000036,Retailers - other,10.0,51.55569077,17/00262/COMM,502,Barnet,-0.213721007,2,E02000062,Barnet 039
1,1301432,Restaurant/Cafe/Canteen,10.0,51.615223,20/00640/COMM,502,Barnet,-0.146731,1,E02000038,Barnet 015
7844,1617062,Takeaway/sandwich shop,15.0,51.602516,23/00197/COMM,502,Barnet,-0.245009,2,E02000049,Barnet 026
4613,1828729,Retailers - other,5.0,51.604998,25/00217/COMM,502,Barnet,-0.18816,2,E02000046,Barnet 023
7844,1796147,Takeaway/sandwich shop,10.0,51.5716593,25/00018/COMM,502,Barnet,-0.1958254,2,E02000061,Barnet 038
4613,757223,Retailers - other,15.0,51.601524,CP/12807,502,Barnet,-0.265378,1,E02000047,Barnet 024
4613,1516737,Retailers - other,0.0,51.633056,22/00284/COMM,502,Barnet,-0.176118,2,E02000031,Barnet 008
4613,1646008,Retailers - other,15.0,51.60124,23/00379/COMM,502,Barnet,-0.266819,1,E02000047,Barnet 024
4613,756607,Retailers - other,10.0,51.58706,CP/01080,502,Barnet,-0.215853,2,E02000057,Barnet 034
7841,1567711,Other catering premises,10.0,51.576409,22/00561/COMM,502,Barnet,-0.238842,1,E02000059,Barnet 036
1,1180678,Restaurant/Cafe/Canteen,15.0,51.57222366,CP/09231,502,Barnet,-0.194847003,2,E02000061,Barnet 038
4613,1575682,Retailers - other,10.0,51.613106,22/00586/COMM,502,Barnet,-0.157333,1,E02000038,Barnet 015
4613,758206,Retailers - other,,51.613964,CP/54632,502,Barnet,-0.177201,2,E02000042,Barnet 019
4613,757631,Retailers - other,5.0,51.587501,CP/31665,502,Barnet,-0.221264,1,E02000055,Barnet 032
1,1842337,Restaurant/Cafe/Canteen,15.0,51.610582,25/00305/COMM,502,Barnet,-0.257046,2,E02000044,Barnet 021
7843,1846779,Pub/bar/nightclub,20.0,51.5932606,25/00312/COMM,502,Barnet,-0.2554462,1,E02006954,Barnet 043
4613,757122,Retailers - other,0.0,51.596481,CP/10501,502,Barnet,-0.198,2,E02000051,Barnet 028
4613,1213741,Retailers - other,15.0,51.5953471,19/00490/COMM,502,Barnet,-0.2423523,2,E02006953,Barnet 042
4613,1711988,Retailers - other,5.0,51.600039,24/00115/COMM,502,Barnet,-0.196675,2,E02000051,Barnet 028
4613,1358751,Retailers - other,0.0,51.613746,18/00418/COMM,502,Barnet,-0.17643,2,E02000042,Barnet 019
1,1854678,Restaurant/Cafe/Canteen,15.0,51.5963,25/00368/COMM,502,Barnet,-0.243011,1,E02006953,Barnet 042
1,1366691,Restaurant/Cafe/Canteen,20.0,51.584748,20/00454/COMM,502,Barnet,-0.248075,1,E02000059,Barnet 036
4613,1519605,Retailers - other,10.0,51.5898519,22/00250/COMM,502,Barnet,-0.2243088,1,E02000055,Barnet 032
7844,757227,Takeaway/sandwich shop,,51.602052,CP/12828,502,Barnet,-0.264564,2,E02000047,Barnet 024
4613,1914221,Retailers - other,5.0,51.641748,26/00044/COMM,502,Barnet,-0.162646,2,E02000029,Barnet 006
4613,1683718,Retailers - other,10.0,51.591859,23/00576/COMM,502,Barnet,-0.165498,1,E02000052,Barnet 029
1,1901010,Restaurant/Cafe/Canteen,10.0,51.6327474,25/00439/COMM,502,Barnet,-0.1760129,1,E02000031,Barnet 008
4613,757269,Retailers - other,10.0,51.61237,CP/13707,502,Barnet,-0.277675,2,E02000041,Barnet 018
4613,1800983,Retailers - other,0.0,51.610313,25/00073/COMM,502,Barnet,-0.278403,2,E02000041,Barnet 018
4613,758327,Retailers - other,10.0,51.55705,CP/58206,502,Barnet,-0.214518,2,E02000062,Barnet 039
4613,1876468,Retailers - other,10.0,51.601757,25/00435/COMM,502,Barnet,-0.265904,1,E02000047,Barnet 024
7844,1901042,Takeaway/sandwich shop,10.0,51.649648,25/00658/COMM,502,Barnet,-0.174484,1,E02000028,Barnet 005
1,1828719,Restaurant/Cafe/Canteen,15.0,51.603347,25/00207/COMM,502,Barnet,-0.191331,2,E02000046,Barnet 023
7844,965405,Takeaway/sandwich shop,15.0,51.655777,17/00162/COMM,502,Barnet,-0.202198,1,E02000024,Barnet 001
1,1683712,Restaurant/Cafe/Canteen,10.0,51.555689,23/00486/COMM,502,Barnet,-0.21372,1,E02000062,Barnet 039
1,1762906,Restaurant/Cafe/Canteen,5.0,51.6516967,24/00428/COMM,502,Barnet,-0.1980824,2,E02000024,Barnet 001
4613,1834964,Retailers - other,0.0,51.6167315,25/00235/COMM,502,Barnet,-0.2608476,2,E02000036,Barnet 013
4613,758063,Retailers - other,15.0,51.615951,CP/50221,502,Barnet,-0.241414,1,E02000039,Barnet 016
4613,1790922,Retailers - other,10.0,51.632358,24/00595/COMM,502,Barnet,-0.14362,2,E02000032,Barnet 009
4613,1068417,Retailers - other,20.0,51.587362,18/00309/COMM,502,Barnet,-0.250905,0,E02006954,Barnet 043
7843,757396,Pub/bar/nightclub,15.0,51.603873,CP/16922,502,Barnet,-0.226415,0,E02000048,Barnet 025
4613,1901012,Retailers - other,0.0,51.64982,25/00622/COMM,502,Barnet,-0.171066,2,E02000029,Barnet 006
7840,1291299,Retailers - supermarkets/hypermarkets,10.0,51.58659,20/00411/COMM,502,Barnet,-0.2196831,2,E02000055,Barnet 032
1,1090295,Restaurant/Cafe/Canteen,10.0,51.611821,17/00357/COMM,502,Barnet,-0.178154,1,E02000042,Barnet 019
7841,1876528,Other catering premises,15.0,51.6114807,CP/19450,502,Barnet,-0.1758047,1,E02000042,Barnet 019
1,1549008,Restaurant/Cafe/Canteen,10.0,51.5976187,22/00477/COMM,502,Barnet,-0.2449966,2,E02000049,Barnet 026
4613,757113,Retailers - other,15.0,51.587196,CP/10294,502,Barnet,-0.220121,1,E02000055,Barnet 032
1,756730,Restaurant/Cafe/Canteen,10.0,51.562876,CP/03311,502,Barnet,-0.197958,2,E02000064,Barnet 041
4613,1805724,Retailers - other,10.0,51.6152325,25/00098/COMM,502,Barnet,-0.1763683,2,E02000042,Barnet 019
4613,1526835,Retailers - other,10.0,51.5715939,22/00373/COMM,502,Barnet,-0.219885,2,E02000062,Barnet 039
1,1854668,Restaurant/Cafe/Canteen,0.0,51.600882,25/00357/COMM,502,Barnet,-0.19475,2,E02000051,Barnet 028
4613,757788,Retailers - other,15.0,51.585508,CP/39901,502,Barnet,-0.181559,1,E02000056,Barnet 033
7844,1876518,Takeaway/sandwich shop,5.0,51.605114,25/00512/COMM,502,Barnet,-0.18869,2,E02000046,Barnet 023
7843,756959,Pub/bar/nightclub,15.0,51.599968,CP/07118,502,Barnet,-0.23575,1,E02000054,Barnet 031
7841,1664283,Other catering premises,5.0,51.630217,23/00484/COMM,502,Barnet,-0.156668,1,E02000033,Barnet 010
1,1548998,Restaurant/Cafe/Canteen,10.0,51.627076,22/00467/COMM,502,Barnet,-0.174928,1,E02000031,Barnet 008
1,1199781,Restaurant/Cafe/Canteen,10.0,51.5603755,19/00425/COMM,502,Barnet,-0.2074512,2,E02000064,Barnet 041
1,1628139,Restaurant/Cafe/Canteen,15.0,51.64747,23/00267/COMM,502,Barnet,-0.167951,2,E02000029,Barnet 006
4613,1800982,Retailers - other,10.0,51.65810857,25/00072/COMM,502,Barnet,-0.20115897,2,E02000024,Barnet 001
1,1762870,Restaurant/Cafe/Canteen,10.0,51.567064,24/00386/COMM,502,Barnet,-0.210764,2,E02000063,Barnet 040
4613,1775823,Retailers - other,15.0,51.603808,24/00437/COMM,502,Barnet,-0.189753,1,E02000046,Barnet 023
1,1786339,Restaurant/Cafe/Canteen,10.0,51.557574,24/00561/COMM,502,Barnet,-0.213488,2,E02000062,Barnet 039
1,757425,Restaurant/Cafe/Canteen,10.0,51.573867,CP/18320,502,Barnet,-0.200481,2,E02000061,Barnet 038
1,1745537,Restaurant/Cafe/Canteen,10.0,51.602786,24/00295/COMM,502,Barnet,-0.263121,2,E02000047,Barnet 024
4613,940283,Retailers - other,15.0,51.615982,16/00434/COMM,502,Barnet,-0.275632,2,E02000041,Barnet 018
4613,1810235,Retailers - other,10.0,51.5804392,25/00164/COMM,502,Barnet,-0.1987894,2,E02000058,Barnet 035
7844,1834983,Takeaway/sandwich shop,10.0,51.650865,25/00254/COMM,502,Barnet,-0.175779,2,E02000025,Barnet 002
7843,1914215,Pub/bar/nightclub,15.0,51.632159,26/00038/COMM,502,Barnet,-0.142414,2,E02000032,Barnet 009
1,1805741,Restaurant/Cafe/Canteen,10.0,51.573867,25/00117/COMM,502,Barnet,-0.200481,2,E02000061,Barnet 038
7844,1762920,Takeaway/sandwich shop,10.0,51.60124,24/00447/COMM,502,Barnet,-0.266819,2,E02000047,Barnet 024
4613,756728,Retailers - other,10.0,51.557574,CP/03285,502,Barnet,-0.213488,1,E02000062,Barnet 039
4613,778283,Retailers - other,15.0,51.579808,15/00214/COMM,502,Barnet,-0.209715,2,E02000060,Barnet 037
7841,1901025,Other catering premises,15.0,51.572048,25/00640/COMM,502,Barnet,-0.197379,2,E02000061,Barnet 038
4613,1683721,Retailers - other,5.0,51.587995,23/00579/COMM,502,Barnet,-0.16395,2,E02000052,Barnet 029
4613,1796153,Retailers - other,10.0,51.605439,25/00024/COMM,502,Barnet,-0.1874461,1,E02000046,Barnet 023
4613,1394200,Retailers - other,10.0,51.612151,21/00378/COMM,502,Barnet,-0.172753,2,E02000042,Barnet 019
4613,1790918,Retailers - other,5.0,51.613805,24/00591/COMM,502,Barnet,-0.152639,2,E02000038,Barnet 015
1,1775863,Restaurant/Cafe/Canteen,15.0,51.611821,24/00508/COMM,502,Barnet,-0.178154,2,E02000042,Barnet 019
1,1796150,Restaurant/Cafe/Canteen,10.0,51.5716593,25/00021/COMM,502,Barnet,-0.1958254,2,E02000061,Barnet 038
4613,1027114,Retailers - other,0.0,51.611821,18/00020/COMM,502,Barnet,-0.178154,2,E02000042,Barnet 019
7844,1257277,Takeaway/sandwich shop,15.0,51.588478,20/00120/COMM,502,Barnet,-0.252161,1,E02006954,Barnet 043
4613,1230416,Retailers - other,10.0,51.592094,20/00089/COMM,502,Barnet,-0.25709,2,E02006954,Barnet 043
4613,1366706,Retailers - other,15.0,51.557345,21/00150/COMM,502,Barnet,-0.214982,1,E02000062,Barnet 039
7844,1762865,Takeaway/sandwich shop,15.0,51.602219,24/00367/COMM,502,Barnet,-0.264904,2,E02000047,Barnet 024
4613,756776,Retailers - other,10.0,51.643129,CP/03828,502,Barnet,-0.164123,1,E02000029,Barnet 006
7844,1796171,Takeaway/sandwich shop,15.0,51.605114,25/00044/COMM,502,Barnet,-0.18869,1,E02000046,Barnet 023
7844,1608984,Takeaway/sandwich shop,5.0,51.5870072,23/00127/COMM,502,Barnet,-0.220287,1,E02000055,Barnet 032
1,1876503,Restaurant/Cafe/Canteen,15.0,51.612571,25/00490/COMM,502,Barnet,-0.158813,2,E02000038,Barnet 015
1,1515458,Restaurant/Cafe/Canteen,15.0,51.60552,22/00278/COMM,502,Barnet,-0.207548,2,E02000048,Barnet 025
4613,1805736,Retailers - other,10.0,51.6428056,25/00112/COMM,502,Barnet,-0.1628612,2,E02000029,Barnet 006
7844,757638,Takeaway/sandwich shop,10.0,51.641566,CP/32037,502,Barnet,-0.16303,2,E02000029,Barnet 006
4613,1373213,Retailers - other,10.0,51.611859,21/00233/COMM,502,Barnet,-0.175379,1,E02000042,Barnet 019
1,757764,Restaurant/Cafe/Canteen,15.0,51.61447,CP/38992,502,Barnet,-0.27553,2,E02000041,Barnet 018
7844,1914211,Takeaway/sandwich shop,15.0,51.590083,26/00034/COMM,502,Barnet,-0.223112,2,E02000055,Barnet 032
1,1901032,Restaurant/Cafe/Canteen,15.0,51.598626,25/00647/COMM,502,Barnet,-0.197193,1,E02000051,Barnet 028
1,897114,Restaurant/Cafe/Canteen,15.0,51.582136,16/00208/COMM,502,Barnet,-0.199621,1,E02000058,Barnet 035
7844,1531907,Takeaway/sandwich shop,10.0,51.5879425,22/00398/COMM,502,Barnet,-0.2219175,2,E02000055,Barnet 032
1,1766497,Restaurant/Cafe/Canteen,15.0,51.564227,24/00463/COMM,502,Barnet,-0.196952,0,E02000064,Barnet 041
1,1104600,Restaurant/Cafe/Canteen,15.0,51.5827355,19/00017/COMM,502,Barnet,-0.2293954,2,E02000055,Barnet 032
7841,1790911,Other catering premises,5.0,51.625137,24/00583/COMM,502,Barnet,-0.150459,2,E02000033,Barnet 010
4613,1889808,Retailers - other,0.0,51.5948952,25/00556/COMM,502,Barnet,-0.1990522,2,E02000051,Barnet 028
7841,1649134,Other catering premises,10.0,51.568281,23/00398/COMM,502,Barnet,-0.202131,2,E02000061,Barnet 038
1,1557809,Restaurant/Cafe/Canteen,5.0,51.589754,22/00481/COMM,502,Barnet,-0.220959,1,E02000055,Barnet 032
4613,1494756,Retailers - other,5.0,51.621013,22/00206/COMM,502,Barnet,-0.254624,2,E02000039,Barnet 016
4613,874970,Retailers - other,10.0,51.626519,16/00138/COMM,502,Barnet,-0.26941,2,E02000036,Barnet 013
4613,860364,Retailers - other,15.0,51.605114,16/00107/COMM,502,Barnet,-0.18869,1,E02000046,Barnet 023
1,1796172,Restaurant/Cafe/Canteen,10.0,51.5716593,25/00046/COMM,502,Barnet,-0.1958254,2,E02000061,Barnet 038
1,1343061,Restaurant/Cafe/Canteen,10.0,51.613454,20/00245/COMM,502,Barnet,-0.275554,1,E02000041,Barnet 018
4613,329343,Retailers - other,10.0,51.480101,08/00046/CP,503,Bexley,0.180599,1,E02000068,Bexley 004
4613,1591260,Retailers - other,10.0,51.472571,23/00044/CP,503,Bexley,0.161836,2,E02000071,Bexley 007
7844,1883644,Takeaway/sandwich shop,10.0,51.471741,25/00375/CP,503,Bexley,0.130075,2,E02000073,Bexley 009
1,1494706,Restaurant/Cafe/Canteen,5.0,51.45819,22/00103/CP,503,Bexley,0.134914,2,E02000079,Bexley 015
7844,1799436,Takeaway/sandwich shop,5.0,51.496811,25/00045/CP,503,Bexley,0.1668929,1,E02000068,Bexley 004
4613,875252,Retailers - other,15.0,51.425014,16/00129/CP,503,Bexley,0.10618,1,E02000091,Bexley 027
4613,996686,Retailers - other,10.0,51.48013,17/00258/CP,503,Bexley,0.179088,2,E02000068,Bexley 004
7844,1762409,Takeaway/sandwich shop,10.0,51.491165,24/00369/CP,503,Bexley,0.147331,2,E02000067,Bexley 003
4613,1775236,Retailers - other,0.0,51.463471,24/00416/CP,503,Bexley,0.100421,1,E02000080,Bexley 016
1,565374,Restaurant/Cafe/Canteen,10.0,51.463967,17160/0006/2/000,503,Bexley,0.094872,2,E02006785,Bexley 029
1,1903555,Restaurant/Cafe/Canteen,10.0,51.456735,25/00447/CP,503,Bexley,0.094455,2,E02000082,Bexley 018
7844,1681139,Takeaway/sandwich shop,10.0,51.463224,23/00384/CP,503,Bexley,0.104196,2,E02000080,Bexley 016
1,1632585,Restaurant/Cafe/Canteen,10.0,51.4620648,23/00195/CP,503,Bexley,0.1091349,1,E02000080,Bexley 016
7841,329157,Other catering premises,10.0,51.491055,04320/0031/0/000,503,Bexley,0.159671,1,E02000068,Bexley 004
4613,804028,Retailers - other,0.0,51.477889,15/00323/CP,503,Bexley,0.14796,2,E02000070,Bexley 006
7844,1533346,Takeaway/sandwich shop,15.0,51.462927,22/00217/CP,503,Bexley,0.107739,1,E02000080,Bexley 016
4613,1104865,Retailers - other,5.0,51.491525,18/00326/CP,503,Bexley,0.150791,2,E02000067,Bexley 003
4613,707014,Retailers - other,15.0,51.43055,14/00157/CP,503,Bexley,0.085747,2,E02000090,Bexley 026
1,1681130,Restaurant/Cafe/Canteen,15.0,51.463566,23/00374/CP,503,Bexley,0.101678,1,E02000080,Bexley 016
7844,1009718,Takeaway/sandwich shop,10.0,51.472155,17/00302/CP,503,Bexley,0.159513,2,E02000071,Bexley 007
7844,1811374,Takeaway/sandwich shop,10.0,51.452667,25/00118/CP,503,Bexley,0.17896,2,E02000083,Bexley 019
4613,1687708,Retailers - other,15.0,51.4915088,24/00005/CP,503,Bexley,0.1613261,1,E02000068,Bexley 004
1,329216,Restaurant/Cafe/Canteen,10.0,51.441476,05130/0082/0/000,503,Bexley,0.150482,2,E02000087,Bexley 023
4613,1064862,Retailers - other,10.0,51.496228,18/00181/CP,503,Bexley,0.1293691,2,E02000065,Bexley 001
7844,329609,Takeaway/sandwich shop,10.0,51.432116,16380/0081/0/000,503,Bexley,0.102277,2,E02000090,Bexley 026
1,329222,Restaurant/Cafe/Canteen,10.0,51.447974,05170/0143/0/000,503,Bexley,0.121528,2,E02000085,Bexley 021
7844,1750241,Takeaway/sandwich shop,15.0,51.485544,24/00321/CP,503,Bexley,0.171784,2,E02000068,Bexley 004
4613,1876052,Retailers - other,0.0,51.4628724,25/00351/CP,503,Bexley,0.1037302,2,E02000080,Bexley 016
4613,1865166,Retailers - other,0.0,51.418592,25/00307/CP,503,Bexley,0.118671,2,E02000092,Bexley 028
4613,875256,Retailers - other,5.0,51.471409,16/00194/CP,503,Bexley,0.17022,2,E02000078,Bexley 014
1,1627453,Restaurant/Cafe/Canteen,0.0,51.448002,23/00160/CP,503,Bexley,0.160402,2,E02000081,Bexley 017
4613,1689841,Retailers - other,10.0,51.463224,24/00008/CP,503,Bexley,0.104196,2,E02000080,Bexley 016
4613,1859004,Retailers - other,5.0,51.428594,25/00290/CP,503,Bexley,0.08901,2,E02000090,Bexley 026
7844,329351,Takeaway/sandwich shop,10.0,51.477,08440/0048/0/000,503,Bexley,0.126705,2,E02000070,Bexley 006
7844,730819,Takeaway/sandwich shop,5.0,51.480149,14/00185/CP,503,Bexley,0.178988,1,E02000068,Bexley 004
7844,1899503,Takeaway/sandwich shop,5.0,51.474797,25/00438/CP,503,Bexley,0.162547,2,E02000071,Bexley 007
4613,1762411,Retailers - other,10.0,51.491456,24/00371/CP,503,Bexley,0.146624,1,E02000067,Bexley 003
7843,329195,Pub/bar/nightclub,10.0,51.484019,04950/0044/0/000,503,Bexley,0.140758,2,E02000067,Bexley 003
1,852257,Restaurant/Cafe/Canteen,10.0,51.482482,16/00058/CP,503,Bexley,0.145655,2,E02000067,Bexley 003
4613,1802996,Retailers - other,0.0,51.463178,25/00071/CP,503,Bexley,0.102279,2,E02000080,Bexley 016
4613,1050937,Retailers - other,10.0,51.496189,16/00032/CP,503,Bexley,0.1292855,2,E02000065,Bexley 001
4613,1468765,Retailers - other,10.0,51.4627056,22/00047/CP,503,Bexley,0.1050038,1,E02000080,Bexley 016
1,1279668,Restaurant/Cafe/Canteen,10.0,51.462968,20/00292/CP,503,Bexley,0.105912,2,E02000080,Bexley 016
4613,517449,Retailers - other,15.0,51.48013,12160/0009/3/002,503,Bexley,0.179088,1,E02000068,Bexley 004
1,1436665,Restaurant/Cafe/Canteen,20.0,51.5467528,102607,504,Brent,-0.2972377,0,E02000118,Brent 026
1,738107,Restaurant/Cafe/Canteen,10.0,51.535394,40167,504,Brent,-0.244174,2,E02000123,Brent 031
7844,769597,Takeaway/sandwich shop,15.0,51.5506244,43623,504,Brent,-0.2981893,2,E02000118,Brent 026
7844,531715,Takeaway/sandwich shop,15.0,51.56575,10175,504,Brent,-0.27798,1,E02000101,Brent 009
1,738101,Restaurant/Cafe/Canteen,10.0,51.53723,19360,504,Brent,-0.242474,1,E02000123,Brent 031
7844,531993,Takeaway/sandwich shop,10.0,51.547879,12838,504,Brent,-0.237161,2,E02000116,Brent 024
7840,531959,Retailers - supermarkets/hypermarkets,10.0,51.54745,12744,504,Brent,-0.233153,2,E02000116,Brent 024
1,531805,Restaurant/Cafe/Canteen,15.0,51.552567,11659,504,Brent,-0.285315,2,E02000112,Brent 020
1,533080,Restaurant/Cafe/Canteen,10.0,51.53003,43,504,Brent,-0.269251,2,E02000119,Brent 027
7844,531776,Takeaway/sandwich shop,10.0,51.532008,11514,504,Brent,-0.232454,1,E02000125,Brent 033
7844,1838460,Takeaway/sandwich shop,10.0,51.5519562,114460,504,Brent,-0.3001158,2,E02000111,Brent 019
1,532753,Restaurant/Cafe/Canteen,10.0,51.54176,25275,504,Brent,-0.199023,1,E02000120,Brent 028
7844,543046,Takeaway/sandwich shop,10.0,51.545795,11571,504,Brent,-0.273023,2,E02000112,Brent 020
7840,532779,Retailers - supermarkets/hypermarkets,10.0,51.571054,25570,504,Brent,-0.308155,1,E02000099,Brent 007
1,533098,Restaurant/Cafe/Canteen,5.0,51.530485,4410,504,Brent,-0.216769,2,E02000124,Brent 032
7844,1894960,Takeaway/sandwich shop,20.0,51.5626676,8908,504,Brent,-0.3045502,0,E02000105,Brent 013
1,532072,Restaurant/Cafe/Canteen,15.0,51.53317,13131,504,Brent,-0.240915,2,E02000123,Brent 031
4613,533284,Retailers - other,10.0,51.547751,5669,504,Brent,-0.249613,2,E02000117,Brent 025
4613,533437,Retailers - other,15.0,51.539719,6632,504,Brent,-0.252531,1,E02000117,Brent 025
4613,532201,Retailers - other,15.0,51.585688,14827,504,Brent,-0.275033,0,E02000095,Brent 003
7844,1921699,Takeaway/sandwich shop,25.0,51.5417737,116935,504,Brent,-0.2980438,0,E02000121,Brent 029
4613,1677614,Retailers - other,10.0,51.546656,11577,504,Brent,-0.273978,2,E02000112,Brent 020
7844,1000805,Takeaway/sandwich shop,15.0,51.55200195,90600,504,Brent,-0.297798991,2,E02000111,Brent 019
7844,1630730,Takeaway/sandwich shop,10.0,51.5855188,44334,504,Brent,-0.2818013,2,E02000095,Brent 003
4613,532578,Retailers - other,15.0,51.527798,22255,504,Brent,-0.196849,1,E02000126,Brent 034
1,532435,Restaurant/Cafe/Canteen,10.0,51.536933,19381,504,Brent,-0.242385,2,E02000123,Brent 031
7840,531714,Retailers - supermarkets/hypermarkets,10.0,51.56575,10172,504,Brent,-0.27798,2,E02000101,Brent 009
7844,532517,Takeaway/sandwich shop,10.0,51.59492,20554,504,Brent,-0.284688,2,E02000093,Brent 001
4613,532469,Retailers - other,25.0,51.570739,19904,504,Brent,-0.295122,0,E02000099,Brent 007
4613,626718,Retailers - other,10.0,51.547571,79748,504,Brent,-0.297272,2,E02000111,Brent 019
7844,532700,Takeaway/sandwich shop,10.0,51.556565,24778,504,Brent,-0.316771,1,E02000105,Brent 013
7844,531857,Takeaway/sandwich shop,10.0,51.543071,12284,504,Brent,-0.285326,2,E02000118,Brent 026
7843,532768,Pub/bar/nightclub,10.0,51.5406,25341,504,Brent,-0.203698,1,E02000120,Brent 028
1,532124,Restaurant/Cafe/Canteen,10.0,51.536428,14401,504,Brent,-0.192038,2,E02000126,Brent 034
4613,532244,Retailers - other,15.0,51.585212,14947,504,Brent,-0.279958,1,E02000095,Brent 003
4613,532083,Retailers - other,15.0,51.585581,13454,504,Brent,-0.281821,1,E02000095,Brent 003
4613,531920,Retailers - other,10.0,51.552204,12602,504,Brent,-0.299883,2,E02000111,Brent 019
1,1336628,Restaurant/Cafe/Canteen,10.0,51.55342102,100907,504,Brent,-0.292237014,1,E02000112,Brent 020
1,1838463,Restaurant/Cafe/Canteen,5.0,51.5631897,18474,504,Brent,-0.2591257,2,E02000106,Brent 014
7841,532305,Other catering premises,10.0,51.555619,16863,504,Brent,-0.322893,2,E02000108,Brent 016
1,760054,Restaurant/Cafe/Canteen,15.0,51.537092,70570,504,Brent,-0.243475,2,E02000123,Brent 031
7844,1486803,Takeaway/sandwich shop,15.0,51.5467528,102869,504,Brent,-0.2972377,2,E02000118,Brent 026
1,533835,Restaurant/Cafe/Canteen,10.0,51.562475,8913,504,Brent,-0.30566,1,E02000105,Brent 013
7844,533804,Takeaway/sandwich shop,10.0,51.541495,8766,504,Brent,-0.298133,2,E02000121,Brent 029
7844,533482,Takeaway/sandwich shop,10.0,51.555033,6777,504,Brent,-0.213703,2,E02000107,Brent 015
7840,930171,Retailers - supermarkets/hypermarkets,15.0,51.590979,82565,504,Brent,-0.266155,1,E02000093,Brent 001
7840,532425,Retailers - supermarkets/hypermarkets,10.0,51.536719,19339,504,Brent,-0.244946,2,E02000123,Brent 031
7840,531895,Retailers - supermarkets/hypermarkets,10.0,51.553702,12494,504,Brent,-0.294115,2,E02000112,Brent 020
7844,1095522,Takeaway/sandwich shop,15.0,51.5605177,95412,504,Brent,-0.2803927,2,E02006955,Brent 035
4613,1871510,Retailers - other,15.0,51.5576531,112107,504,Brent,-0.2167658,1,E02000107,Brent 015
1,532200,Restaurant/Cafe/Canteen,10.0,51.584422,14802,504,Brent,-0.26541,1,E02000095,Brent 003
7844,1570529,Takeaway/sandwich shop,5.0,51.5517071,104970,504,Brent,-0.297197,2,E02000118,Brent 026
7840,1438032,Retailers - supermarkets/hypermarkets,10.0,51.5449185,99372,504,Brent,-0.2972486,1,E02000121,Brent 029
7840,532335,Retailers - supermarkets/hypermarkets,15.0,51.559121,17857,504,Brent,-0.24932,2,E02000106,Brent 014
1,930158,Restaurant/Cafe/Canteen,10.0,51.549382,30477,504,Brent,-0.222419,1,E02000114,Brent 022
4613,532416,Retailers - other,10.0,51.543935,18871,504,Brent,-0.24761,2,E02000117,Brent 025
1,531977,Restaurant/Cafe/Canteen,10.0,51.547371,12798,504,Brent,-0.235089,2,E02000116,Brent 024
1,532011,Restaurant/Cafe/Canteen,10.0,51.548954,12920,504,Brent,-0.242268,2,E02000116,Brent 024
7840,532350,Retailers - supermarkets/hypermarkets,10.0,51.560156,17902,504,Brent,-0.251142,2,E02000106,Brent 014
7840,533778,Retailers - supermarkets/hypermarkets,10.0,51.54585,8665,504,Brent,-0.297033,2,E02000121,Brent 029
7844,533743,Takeaway/sandwich shop,10.0,51.54965,8280,504,Brent,-0.239501,1,E02000116,Brent 024
7840,532110,Retailers - supermarkets/hypermarkets,10.0,51.584541,14224,504,Brent,-0.311782,2,E02000096,Brent 004
1,532941,Restaurant/Cafe/Canteen,10.0,51.599768,3111,504,Brent,-0.266991,2,E02000093,Brent 001
4613,533837,Retailers - other,15.0,51.562475,8915,504,Brent,-0.30566,0,E02000105,Brent 013
7840,532238,Retailers - supermarkets/hypermarkets,15.0,51.585212,14935,504,Brent,-0.279958,1,E02000095,Brent 003
7844,532508,Takeaway/sandwich shop,10.0,51.594056,20528,504,Brent,-0.284576,1,E02000093,Brent 001
1,1648504,Restaurant/Cafe/Canteen,10.0,51.5846242,28889,504,Brent,-0.2796554,2,E02000095,Brent 003
1,531968,Restaurant/Cafe/Canteen,10.0,51.54767,12764,504,Brent,-0.235236,2,E02000116,Brent 024
7840,1854847,Retailers - supermarkets/hypermarkets,10.0,51.5625338,106279,504,Brent,-0.2915992,1,E02000104,Brent 012
4613,1899434,Retailers - other,10.0,51.5467528,115857,504,Brent,-0.2972377,2,E02000118,Brent 026
7844,1619685,Takeaway/sandwich shop,20.0,51.5865897,14261,504,Brent,-0.2985206,0,E02000096,Brent 004
4613,1881824,Retailers - other,15.0,51.5518662,113235,504,Brent,-0.2994845,2,E02000111,Brent 019
1,531991,Restaurant/Cafe/Canteen,10.0,51.547879,12836,504,Brent,-0.237161,1,E02000116,Brent 024
7840,945784,Retailers - supermarkets/hypermarkets,10.0,51.539955,31384,504,Brent,-0.298623,2,E02000121,Brent 029
7844,1845618,Takeaway/sandwich shop,15.0,51.5642692,114327,504,Brent,-0.278058,1,E02000101,Brent 009
1,1560833,Restaurant/Cafe/Canteen,15.0,51.537705,104718,504,Brent,-0.2065722,2,E02000124,Brent 032
7840,532699,Retailers - supermarkets/hypermarkets,10.0,51.556565,24776,504,Brent,-0.316771,2,E02000105,Brent 013
7844,532359,Takeaway/sandwich shop,10.0,51.560156,17925,504,Brent,-0.251142,1,E02000106,Brent 014
1,532672,Restaurant/Cafe/Canteen,10.0,51.548388,24531,504,Brent,-0.222617,2,E02000114,Brent 022
7844,533494,Takeaway/sandwich shop,10.0,51.555033,6807,504,Brent,-0.213703,2,E02000107,Brent 015
1,531792,Restaurant/Cafe/Canteen,10.0,51.546912,11581,504,Brent,-0.274322,2,E02000112,Brent 020
7843,532588,Pub/bar/nightclub,10.0,51.583472,22375,504,Brent,-0.267438,1,E02000095,Brent 003
1,532428,Restaurant/Cafe/Canteen,10.0,51.537093,19349,504,Brent,-0.243475,2,E02000123,Brent 031
4613,1531244,Retailers - other,10.0,51.5518973,103921,504,Brent,-0.2997718,2,E02000111,Brent 019
7840,1627577,Retailers - supermarkets/hypermarkets,5.0,51.5522244,12601,504,Brent,-0.3000048,2,E02000111,Brent 019
1,1318199,Restaurant/Cafe/Canteen,10.0,51.5453897,97620,504,Brent,-0.2968704,2,E02000121,Brent 029
7840,533758,Retailers - supermarkets/hypermarkets,10.0,51.550686,8313,504,Brent,-0.240875,2,E02000116,Brent 024
4613,532956,Retailers - other,15.0,51.550876,31751,504,Brent,-0.298316,1,E02000118,Brent 026
7841,1067279,Other catering premises,10.0,51.55033112,8594,504,Brent,-0.297775,2,E02000118,Brent 026
7844,1593489,Takeaway/sandwich shop,15.0,51.5612279,105314,504,Brent,-0.279154,0,E02006956,Brent 036
7840,533077,Retailers - supermarkets/hypermarkets,15.0,51.562853,42850,504,Brent,-0.29761,1,E02000099,Brent 007
7844,533044,Takeaway/sandwich shop,15.0,51.548081,39223,504,Brent,-0.23685,2,E02000116,Brent 024
1,945786,Restaurant/Cafe/Canteen,10.0,51.5625757,48799,504,Brent,-0.3050298,2,E02000105,Brent 013
7844,532764,Takeaway/sandwich shop,15.0,51.541017,25325,504,Brent,-0.202167,2,E02000120,Brent 028
7844,532195,Takeaway/sandwich shop,15.0,51.584132,14796,504,Brent,-0.26467,1,E02000095,Brent 003
1,533531,Restaurant/Cafe/Canteen,10.0,51.558001,6867,504,Brent,-0.21728,2,E02000107,Brent 015
4613,357609,Retailers - other,5.0,51.4113472,00000/0000/8/650,505,Bromley,0.104469,2,E02000140,Bromley 014
7844,1489853,Takeaway/sandwich shop,5.0,51.41236,22/00431/MIXED,505,Bromley,-0.067054,2,E02000135,Bromley 009
4613,1684673,Retailers - other,15.0,51.416154,23/00794/MIXED,505,Bromley,-0.072978,1,E02000131,Bromley 005
4613,990596,Retailers - other,10.0,51.414994,17/00196/MIXED,505,Bromley,-0.052317,1,E02000130,Bromley 004
1,1687714,Restaurant/Cafe/Canteen,15.0,51.376755,23/00821/MIXED,505,Bromley,-0.0200616,2,E02000156,Bromley 030
7843,357410,Pub/bar/nightclub,15.0,51.3959601,00000/0000/4/807,505,Bromley,0.0290387,0,E02000146,Bromley 020
4613,1097964,Retailers - other,10.0,51.4006159,19/00006/MIXED,505,Bromley,0.0171824,2,E02000144,Bromley 018
1,358290,Restaurant/Cafe/Canteen,15.0,51.389609,04/00042/MIXED,505,Bromley,0.074398,2,E02000148,Bromley 022
4613,1843608,Retailers - other,5.0,51.4039742,9102871,505,Bromley,0.1049071,2,E02000140,Bromley 014
1,1475627,Restaurant/Cafe/Canteen,5.0,51.407568,22/00285/MIXED,505,Bromley,0.0554631,1,E02000133,Bromley 007
1,1006601,Restaurant/Cafe/Canteen,10.0,51.38961029,17/00269/MIXED,505,Bromley,0.074398004,2,E02000148,Bromley 022
1,358378,Restaurant/Cafe/Canteen,10.0,51.4038902,07/00016/FOOD,505,Bromley,0.0166076,2,E02000144,Bromley 018
7844,1862756,Takeaway/sandwich shop,15.0,51.398094,9102979,505,Bromley,0.1098417,1,E02000140,Bromley 014
4613,358727,Retailers - other,20.0,51.4134266,11/00310/MIXED,505,Bromley,-0.0516983,0,E02000130,Bromley 004
4613,358015,Retailers - other,5.0,51.413269,00000/0001/5/973,505,Bromley,-0.057266,1,E02000135,Bromley 009
7844,1687715,Takeaway/sandwich shop,10.0,51.4115776,23/00822/MIXED,505,Bromley,0.0146022,1,E02000134,Bromley 008
4613,1787622,Retailers - other,5.0,51.377326,23/00740/HS,505,Bromley,0.1000632,2,E02000154,Bromley 028
1,963072,Restaurant/Cafe/Canteen,15.0,51.4069985,17/00119/MIXED,505,Bromley,0.0162699,2,E02000144,Bromley 018
1,1875210,Restaurant/Cafe/Canteen,5.0,51.3806261,9103034,505,Bromley,0.1040801,2,E02000155,Bromley 029
4613,358196,Retailers - other,15.0,51.3985426,00000/0003/9/593,505,Bromley,-0.0430149,2,E02006787,Bromley 041
4613,595521,Retailers - other,20.0,51.414493,13/00305/MIXED,505,Bromley,-0.055172,0,E02000135,Bromley 009
7844,1636535,Takeaway/sandwich shop,10.0,51.416774,23/00487/MIXED,505,Bromley,-0.073469,1,E02000131,Bromley 005
1,1604849,Restaurant/Cafe/Canteen,15.0,51.3968351,23/00315/MIXED,505,Bromley,0.0236722,1,E02000142,Bromley 016
1,1588970,Restaurant/Cafe/Canteen,10.0,51.4064316,23/00096/MIXED,505,Bromley,0.0157705,1,E02000144,Bromley 018
1,668600,Restaurant/Cafe/Canteen,10.0,51.4067245,14/00073/MIXED,505,Bromley,0.0128502,2,E02000134,Bromley 008
1,1814307,Restaurant/Cafe/Canteen,10.0,51.41648,25/00171/MIXED,505,Bromley,-0.072576,1,E02000131,Bromley 005
4613,1679485,Retailers - other,20.0,51.3739668,23/00729/MIXED,505,Bromley,0.1173103,1,E02000158,Bromley 032
1,357200,Restaurant/Cafe/Canteen,10.0,51.3700572,00000/0000/1/003,505,Bromley,0.0010282,2,E02000160,Bromley 034
7843,1534161,Pub/bar/nightclub,5.0,51.4057166,22/00734/MIXED,505,Bromley,0.0342583,2,E02000142,Bromley 016
1,1411724,Restaurant/Cafe/Canteen,10.0,51.3677374,21/00551/MIXED,505,Bromley,0.0555772,1,E02000159,Bromley 033
7843,1299736,Pub/bar/nightclub,10.0,51.3768176,20/00637/MIXED,505,Bromley,-0.0211079,1,E02000156,Bromley 030
4613,1075952,Retailers - other,10.0,51.3930246,18/00276/MIXED,505,Bromley,0.0308208,1,E02000146,Bromley 020
1,1557171,Restaurant/Cafe/Canteen,10.0,51.3749157,22/00803/MIXED,505,Bromley,0.0990764,2,E02000154,Bromley 028
1,1803468,Restaurant/Cafe/Canteen,15.0,51.519697,205616,506,Camden,-0.1353242,2,E02000191,Camden 026
4613,1582106,Retailers - other,15.0,51.5563959,202158,506,Camden,-0.1466621,2,E02000166,Camden 001
1,1899825,Restaurant/Cafe/Canteen,20.0,51.514044,206837,506,Camden,-0.1250829,0,E02000193,Camden 028
1,1838092,Restaurant/Cafe/Canteen,20.0,51.5388411,206155,506,Camden,-0.14204,0,E02000186,Camden 021
1,1824290,Restaurant/Cafe/Canteen,15.0,51.5154021,205930,506,Camden,-0.1215386,1,E02000193,Camden 028
4613,688210,Retailers - other,15.0,51.549963,80883,506,Camden,-0.151159,2,E02000172,Camden 007
4613,1487632,Retailers - other,10.0,51.5496598,200971,506,Camden,-0.1517534,0,E02000172,Camden 007
4613,1918481,Retailers - other,15.0,51.54096,207030,506,Camden,-0.1965803,1,E02000178,Camden 013
7844,1417930,Takeaway/sandwich shop,15.0,51.52044678,200303,506,Camden,-0.109737001,1,E02000192,Camden 027
7843,425801,Pub/bar/nightclub,10.0,51.55134964,61009,506,Camden,-0.192203,2,E02000175,Camden 010
7844,1431391,Takeaway/sandwich shop,15.0,51.5412085,200581,506,Camden,-0.1570136,1,E02000183,Camden 018
4613,1471684,Retailers - other,5.0,51.5377629,200870,506,Camden,-0.1921789,2,E02000185,Camden 020
1,842159,Restaurant/Cafe/Canteen,10.0,51.5433869,5137,506,Camden,-0.172674,2,E02000182,Camden 017
7844,1214130,Takeaway/sandwich shop,10.0,51.5230279,197936,506,Camden,-0.1141705,2,E02000192,Camden 027
1,759374,Restaurant/Cafe/Canteen,15.0,51.542684,83013,506,Camden,-0.179647,1,E02000182,Camden 017
1,1635488,Restaurant/Cafe/Canteen,15.0,51.5314298,203013,506,Camden,-0.1261217,2,E02000187,Camden 022
7844,1408750,Takeaway/sandwich shop,20.0,51.5149364,200171,506,Camden,-0.1255162,0,E02000193,Camden 028
1,426052,Restaurant/Cafe/Canteen,10.0,51.5215211,65150,506,Camden,-0.1138579,2,E02000192,Camden 027
1,1860500,Restaurant/Cafe/Canteen,15.0,51.5376049,206500,506,Camden,-0.1924303,2,E02000185,Camden 020
7841,424730,Other catering premises,10.0,51.527565,32127,506,Camden,-0.120557003,2,E02007115,Camden 029
1,939496,Restaurant/Cafe/Canteen,15.0,51.5241755,183036,506,Camden,-0.1387307,2,E02000191,Camden 026
4613,1019595,Retailers - other,10.0,51.5308705,193801,506,Camden,-0.13109,2,E02000187,Camden 022
7844,1556635,Takeaway/sandwich shop,10.0,51.5181147,201847,506,Camden,-0.1257604,2,E02000193,Camden 028
1,1884351,Restaurant/Cafe/Canteen,15.0,51.5612833,206692,506,Camden,-0.1509359,1,E02000166,Camden 001
1,424215,Restaurant/Cafe/Canteen,10.0,51.5250697,21119,506,Camden,-0.1327548,2,E02000191,Camden 026
1,1635489,Restaurant/Cafe/Canteen,15.0,51.518087,203021,506,Camden,-0.1139278,1,E02000193,Camden 028
4613,425525,Retailers - other,15.0,51.5207626,57113,506,Camden,-0.1209525,2,E02000192,Camden 027
1,1899855,Restaurant/Cafe/Canteen,15.0,51.5238181,206882,506,Camden,-0.140576,1,E02000191,Camden 026
1,426305,Restaurant/Cafe/Canteen,15.0,51.513803,71368,506,Camden,-0.12893,1,E02000193,Camden 028
7844,1411760,Takeaway/sandwich shop,10.0,51.5175182,200222,506,Camden,-0.1221959,2,E02000193,Camden 028
1,425193,Restaurant/Cafe/Canteen,15.0,51.5201684,50715,506,Camden,-0.1304761,2,E02000191,Camden 026
1,423898,Restaurant/Cafe/Canteen,10.0,51.5492787,14362,506,Camden,-0.1407204,2,E02000172,Camden 007
1,1498707,Restaurant/Cafe/Canteen,10.0,51.5423394,201092,506,Camden,-0.1477382,2,E02000183,Camden 018
1,1866092,Restaurant/Cafe/Canteen,15.0,51.5190186,206522,506,Camden,-0.1092336,2,E02000192,Camden 027
1,424664,Restaurant/Cafe/Canteen,10.0,51.5204089,30332,506,Camden,-0.1224517,2,E02000193,Camden 028
7844,1471711,Takeaway/sandwich shop,15.0,51.5458825,200908,506,Camden,-0.1414791,2,E02000174,Camden 009
7843,423961,Pub/bar/nightclub,15.0,51.5248655,1601,506,Camden,-0.1160407,1,E02007115,Camden 029
1,1683523,Restaurant/Cafe/Canteen,10.0,51.5422384,203672,506,Camden,-0.1447571,2,E02000183,Camden 018
4613,1602496,Retailers - other,0.0,51.5384158,202430,506,Camden,-0.1418699,2,E02000186,Camden 021
7844,1206197,Takeaway/sandwich shop,15.0,51.5423394,83799,506,Camden,-0.1477382,1,E02000183,Camden 018
4613,1417970,Retailers - other,15.0,51.5354113,200390,506,Camden,-0.1395411,1,E02000186,Camden 021
1,425096,Restaurant/Cafe/Canteen,10.0,51.5422098,4756,506,Camden,-0.1389752,1,E02000184,Camden 019
1,1813682,Restaurant/Cafe/Canteen,15.0,51.545625,205801,506,Camden,-0.1622435,2,E02000179,Camden 014
1,1155696,Restaurant/Cafe/Canteen,15.0,51.52069473,196483,506,Camden,-0.123448998,0,E02000193,Camden 028
1,1417953,Restaurant/Cafe/Canteen,15.0,51.5448278,200362,506,Camden,-0.1521368,2,E02000177,Camden 012
1,424754,Restaurant/Cafe/Canteen,15.0,51.5497387,3293,506,Camden,-0.1642268,1,E02000176,Camden 011
1,1798587,Restaurant/Cafe/Canteen,15.0,51.5265608,205526,506,Camden,-0.1247503,1,E02007115,Camden 029
4613,1705821,Retailers - other,15.0,51.5237004,203900,506,Camden,-0.1401412,2,E02000191,Camden 026
1,1526501,Restaurant/Cafe/Canteen,10.0,51.5434,201406,506,Camden,-0.1551223,2,E02000177,Camden 012
7844,1803466,Takeaway/sandwich shop,10.0,51.54109,205614,506,Camden,-0.1466352,1,E02000183,Camden 018
4613,426138,Retailers - other,20.0,51.5284456,6764,506,Camden,-0.1290268,0,E02000187,Camden 022
1,586841,Restaurant/Cafe/Canteen,15.0,51.517261,73635,506,Camden,-0.125877,1,E02000193,Camden 028
7844,1624077,Takeaway/sandwich shop,10.0,51.5481245,202803,506,Camden,-0.1922367,2,E02000175,Camden 010
4613,1628388,Retailers - other,10.0,51.541716,202846,506,Camden,-0.1447754,1,E02000183,Camden 018
1,1798586,Restaurant/Cafe/Canteen,15.0,51.533826,205525,506,Camden,-0.1263837,2,E02000187,Camden 022
1,1716660,Restaurant/Cafe/Canteen,10.0,51.5419124,204128,506,Camden,-0.14291,2,E02000184,Camden 019
1,1620365,Restaurant/Cafe/Canteen,15.0,51.5136148,202693,506,Camden,-0.1272279,1,E02000193,Camden 028
1,424559,Restaurant/Cafe/Canteen,10.0,51.5554147,2645,506,Camden,-0.1666381,1,E02000167,Camden 002
1,1657225,Restaurant/Cafe/Canteen,20.0,51.524219,203323,506,Camden,-0.1237252,0,E02007115,Camden 029
1,1314200,Restaurant/Cafe/Canteen,15.0,51.5290769,199171,506,Camden,-0.1297073,2,E02000187,Camden 022
1,423948,Restaurant/Cafe/Canteen,15.0,51.5155691,15155,506,Camden,-0.1206619,2,E02000193,Camden 028
7844,1068793,Takeaway/sandwich shop,10.0,51.5196991,193158,506,Camden,-0.1174359,1,E02000193,Camden 028
1,1784220,Restaurant/Cafe/Canteen,10.0,51.5270801,205212,506,Camden,-0.1364641,2,E02000188,Camden 023
7844,740238,Takeaway/sandwich shop,10.0,51.541999,83120,506,Camden,-0.147371,1,E02000183,Camden 018
7844,1377872,Takeaway/sandwich shop,15.0,51.52044678,199784,506,Camden,-0.109761998,2,E02000192,Camden 027
7844,1453203,Takeaway/sandwich shop,15.0,51.517267,200771,506,Camden,-0.121673,2,E02000193,Camden 028
4613,425479,Retailers - other,15.0,51.5265875,56466,506,Camden,-0.137724,1,E02000188,Camden 023
1,426265,Restaurant/Cafe/Canteen,15.0,51.5271344,7018,506,Camden,-0.1370529,2,E02000188,Camden 023
1,964216,Restaurant/Cafe/Canteen,10.0,51.5161245,183756,506,Camden,-0.1238964,2,E02000193,Camden 028
7844,1751429,Takeaway/sandwich shop,15.0,51.5428291,204734,506,Camden,-0.1988282,1,E02000178,Camden 013
7842,1716679,Hotel/bed & breakfast/guest house,15.0,51.5614351,204165,506,Camden,-0.1502949,2,E02000166,Camden 001
4613,1492527,Retailers - other,15.0,51.5210895,201055,506,Camden,-0.1177822,2,E02000192,Camden 027
1,865578,Restaurant/Cafe/Canteen,15.0,51.5160681,181113,506,Camden,-0.1237401,2,E02000193,Camden 028
7844,1251822,Takeaway/sandwich shop,15.0,51.5314298,198299,506,Camden,-0.1261217,1,E02000187,Camden 022
1,1763254,Restaurant/Cafe/Canteen,15.0,51.5564536,204974,506,Camden,-0.1389419,2,E02000168,Camden 003
4613,1556618,Retailers - other,20.0,51.5501965,201799,506,Camden,-0.151573,0,E02000172,Camden 007
7840,1560483,Retailers - supermarkets/hypermarkets,5.0,51.542016,201895,506,Camden,-0.1799396,0,E02000181,Camden 016
1,1587394,Restaurant/Cafe/Canteen,10.0,51.52418137,202184,506,Camden,-0.123897001,2,E02007115,Camden 029
4613,424151,Retailers - other,15.0,51.5365678,20654,506,Camden,-0.143863,2,E02000186,Camden 021
4613,1876672,Retailers - other,15.0,51.5227218,206641,506,Camden,-0.1411973,1,E02000191,Camden 026
7843,423953,Pub/bar/nightclub,10.0,51.5187053,15492,506,Camden,-0.1346008,1,E02000191,Camden 026
7844,1653946,Takeaway/sandwich shop,10.0,51.5306147,203204,506,Camden,-0.1308409,2,E02000187,Camden 022
1,423814,Restaurant/Cafe/Canteen,10.0,51.5152223,13235,506,Camden,-0.1265278,2,E02000193,Camden 028
1,424173,Restaurant/Cafe/Canteen,20.0,51.52629852,20797,506,Camden,-0.132588997,0,E02000191,Camden 026
1,1125781,Restaurant/Cafe/Canteen,20.0,51.5171683,195301,506,Camden,-0.1261884,0,E02000193,Camden 028
1,1853790,Restaurant/Cafe/Canteen,15.0,51.526198,206429,506,Camden,-0.1256878,2,E02007115,Camden 029
1,1803433,Restaurant/Cafe/Canteen,15.0,51.5178548,205550,506,Camden,-0.1151482,1,E02000193,Camden 028
1,1809052,Restaurant/Cafe/Canteen,10.0,51.5235525,205684,506,Camden,-0.1216449,2,E02007115,Camden 029
4613,1131510,Retailers - other,5.0,51.5561849,196436,506,Camden,-0.1463966,0,E02000166,Camden 001
1,424933,Restaurant/Cafe/Canteen,15.0,51.551858,40985,506,Camden,-0.1930047,2,E02000175,Camden 010
7842,423704,Hotel/bed & breakfast/guest house,5.0,51.5201172,10951,506,Camden,-0.1261394,2,E02000193,Camden 028
7844,426537,Takeaway/sandwich shop,10.0,51.5212815,9549,506,Camden,-0.1101488,2,E02000192,Camden 027
4613,1081344,Retailers - other,10.0,51.5477251,195720,506,Camden,-0.1516732,1,E02000177,Camden 012
7843,998791,Pub/bar/nightclub,20.0,51.52257156,82567,506,Camden,-0.110565998,0,E02000192,Camden 027
7844,426261,Takeaway/sandwich shop,10.0,51.5273675,7014,506,Camden,-0.1364379,2,E02000188,Camden 023
4613,1683521,Retailers - other,15.0,51.539757,203666,506,Camden,-0.1949551,1,E02000185,Camden 020
1,1612255,Restaurant/Cafe/Canteen,25.0,51.5233148,202570,506,Camden,-0.1371945,0,E02000191,Camden 026
7844,1214113,Takeaway/sandwich shop,15.0,51.54233932,197699,506,Camden,-0.147737995,1,E02000183,Camden 018
7844,1803456,Takeaway/sandwich shop,10.0,51.5241923,205593,506,Camden,-0.1386579,2,E02000191,Camden 026
1,1206144,Restaurant/Cafe/Canteen,15.0,51.5238181,197453,506,Camden,-0.140576,1,E02000191,Camden 026
7844,1634017,Takeaway/sandwich shop,15.0,51.5179432,202976,506,Camden,-0.1139338,2,E02000193,Camden 028
1,746331,Restaurant/Cafe/Canteen,15.0,51.518381,83377,506,Camden,-0.12449,2,E02000193,Camden 028
7844,1696796,Takeaway/sandwich shop,5.0,51.5426506,203813,506,Camden,-0.1423896,2,E02000184,Camden 019
7844,1751445,Takeaway/sandwich shop,15.0,51.5304304,204764,506,Camden,-0.1221114,2,E02007115,Camden 029
7842,424901,Hotel/bed & breakfast/guest house,15.0,51.5484196,39377,506,Camden,-0.1805782,2,E02000173,Camden 008
7844,1768428,Takeaway/sandwich shop,10.0,51.5414754,205003,506,Camden,-0.1459342,1,E02000186,Camden 021
7844,939475,Takeaway/sandwich shop,10.0,51.54109,182947,506,Camden,-0.1466352,1,E02000183,Camden 018
1,1628394,Restaurant/Cafe/Canteen,15.0,51.5567565,202853,506,Camden,-0.1387564,0,E02000168,Camden 003
1,1888115,Restaurant/Cafe/Canteen,20.0,51.5370208,206753,506,Camden,-0.1266986,0,E02000187,Camden 022
1,425778,Restaurant/Cafe/Canteen,15.0,51.529687,60656,506,Camden,-0.1161299,2,E02007115,Camden 029
1,423676,Restaurant/Cafe/Canteen,10.0,51.5205074,10444,506,Camden,-0.1370929,2,E02000191,Camden 026
1,426191,Restaurant/Cafe/Canteen,10.0,51.5138701,68688,506,Camden,-0.1291343,1,E02000193,Camden 028
1,424573,Restaurant/Cafe/Canteen,10.0,51.5501272,26699,506,Camden,-0.1649179,2,E02000176,Camden 011
7844,1728458,Takeaway/sandwich shop,15.0,51.5167762,204322,506,Camden,-0.1258442,2,E02000193,Camden 028
7844,1803459,Takeaway/sandwich shop,10.0,51.5386368,205600,506,Camden,-0.1427694,0,E02000186,Camden 021
7844,1579326,Takeaway/sandwich shop,10.0,51.5169672,202072,506,Camden,-0.1254184,2,E02000193,Camden 028
1,1751436,Restaurant/Cafe/Canteen,5.0,51.5423394,204746,506,Camden,-0.1477382,2,E02000183,Camden 018
7844,1105515,Takeaway/sandwich shop,20.0,51.52708054,196121,506,Camden,-0.130163997,0,E02007115,Camden 029
7844,1081342,Takeaway/sandwich shop,10.0,51.5515362,195528,506,Camden,-0.1413063,1,E02000168,Camden 003
7844,1351268,Takeaway/sandwich shop,15.0,51.5485691,199462,506,Camden,-0.1413407,2,E02000172,Camden 007
1,424201,Restaurant/Cafe/Canteen,15.0,51.5566398,20996,506,Camden,-0.1771631,1,E02000167,Camden 002
1,1653947,Restaurant/Cafe/Canteen,20.0,51.5319744,203205,506,Camden,-0.1354711,0,E02000187,Camden 022
7844,1708610,Takeaway/sandwich shop,15.0,51.5258337,204066,506,Camden,-0.1254001,2,E02007115,Camden 029
1,470843,Restaurant/Cafe/Canteen,10.0,51.5353205,73463,506,Camden,-0.1394871,1,E02000186,Camden 021
4613,425872,Retailers - other,15.0,51.5402928,61798,506,Camden,-0.1513976,1,E02000183,Camden 018
1,1838096,Restaurant/Cafe/Canteen,5.0,51.5198891,206162,506,Camden,-0.1085633,2,E02000192,Camden 027
1,1798593,Restaurant/Cafe/Canteen,15.0,51.55102998,205541,506,Camden,-0.14596741,1,E02000172,Camden 007
1,983639,Restaurant/Cafe/Canteen,15.0,51.5295981,184083,506,Camden,-0.1161912,1,E02007115,Camden 029
1,424361,Restaurant/Cafe/Canteen,20.0,51.5406541,22299,506,Camden,-0.1577859,0,E02000183,Camden 018
7844,1453220,Takeaway/sandwich shop,10.0,51.5213658,200791,506,Camden,-0.1097994,1,E02000192,Camden 027
7844,1683525,Takeaway/sandwich shop,15.0,51.5255791,203676,506,Camden,-0.1252231,1,E02007115,Camden 029
1,865585,Restaurant/Cafe/Canteen,25.0,51.530759,72443,506,Camden,-0.1235396,0,E02000187,Camden 022
1,1047559,Restaurant/Cafe/Canteen,15.0,51.52098846,194636,506,Camden,-0.112698004,2,E02000193,Camden 028
1,1860508,Restaurant/Cafe/Canteen,15.0,51.5381201,206511,506,Camden,-0.1447804,2,E02000186,Camden 021
1,1888123,Restaurant/Cafe/Canteen,10.0,51.5407023,206764,506,Camden,-0.1448628,2,E02000186,Camden 021
7844,1888100,Takeaway/sandwich shop,20.0,51.5195852,206731,506,Camden,-0.1170659,0,E02000193,Camden 028
1,1489112,Restaurant/Cafe/Canteen,15.0,51.5397068,201017,506,Camden,-0.1438939,1,E02000186,Camden 021
4613,978058,Retailers - other,0.0,51.5552671,3226,506,Camden,-0.1739001,2,E02000167,Camden 002
1,1751435,Restaurant/Cafe/Canteen,15.0,51.5369404,204745,506,Camden,-0.1412667,2,E02000186,Camden 021
1,1527884,Restaurant/Cafe/Canteen,10.0,51.5303571,201444,506,Camden,-0.1214656,2,E02007115,Camden 029
1,1624051,Restaurant/Cafe/Canteen,15.0,51.5377442,202717,506,Camden,-0.1851427,1,E02000185,Camden 020
4613,424307,Retailers - other,0.0,51.5541474,21912,506,Camden,-0.1546296,2,E02000171,Camden 006
1,1876678,Restaurant/Cafe/Canteen,15.0,51.5204089,206649,506,Camden,-0.1224517,2,E02000193,Camden 028
1,1705852,Restaurant/Cafe/Canteen,20.0,51.5370208,203999,506,Camden,-0.1266986,0,E02000187,Camden 022
1,1860513,Restaurant/Cafe/Canteen,10.0,51.5269771,206516,506,Camden,-0.136771,1,E02000188,Camden 023
4613,785707,Retailers - other,5.0,51.5287038,75649,506,Camden,-0.1159398,1,E02007115,Camden 029
1,1716663,Restaurant/Cafe/Canteen,10.0,51.524219,204131,506,Camden,-0.1237252,1,E02007115,Camden 029
1,1858016,Restaurant/Cafe/Canteen,15.0,51.5373416,206451,506,Camden,-0.1410485,2,E02000184,Camden 019
1,1873720,Restaurant/Cafe/Canteen,20.0,51.5195852,206596,506,Camden,-0.1170659,0,E02000193,Camden 028
1,1251719,Restaurant/Cafe/Canteen,15.0,51.55360794,197694,506,Camden,-0.157031998,2,E02000171,Camden 006
1,1853795,Restaurant/Cafe/Canteen,10.0,51.5178583,206439,506,Camden,-0.1254683,1,E02000193,Camden 028
4613,425682,Retailers - other,10.0,51.5433901,59427,506,Camden,-0.1419556,2,E02000184,Camden 019
4613,1206127,Retailers - other,10.0,51.5285472,196972,506,Camden,-0.1291956,2,E02000187,Camden 022
7844,576927,Takeaway/sandwich shop,15.0,51.536225,76164,506,Camden,-0.140469,1,E02000186,Camden 021
4613,423871,Retailers - other,15.0,51.5424528,14080,506,Camden,-0.1744853,2,E02000182,Camden 017
1,425595,Restaurant/Cafe/Canteen,15.0,51.548454,58062,506,Camden,-0.1729469,1,E02000173,Camden 008
7844,1648455,Takeaway/sandwich shop,15.0,51.5208078,203119,506,Camden,-0.1064206,2,E02000192,Camden 027
1,1640831,Restaurant/Cafe/Canteen,5.0,51.5422092,203033,506,Camden,-0.1383696,2,E02000180,Camden 015
1,1049953,Restaurant/Cafe/Canteen,20.0,51.5146308,194229,506,Camden,-0.1249667,0,E02000193,Camden 028
7844,1803472,Takeaway/sandwich shop,15.0,51.5528885,205622,506,Camden,-0.1094445,1,E02000564,Islington 011
1,985333,Restaurant/Cafe/Canteen,15.0,51.5526702,180099,506,Camden,-0.1407985,1,E02000168,Camden 003
1,1803469,Restaurant/Cafe/Canteen,15.0,51.5423394,205619,506,Camden,-0.1477382,1,E02000183,Camden 018
7844,1294812,Takeaway/sandwich shop,15.0,51.540029,199032,506,Camden,-0.1432318,1,E02000186,Camden 021
1,1560476,Restaurant/Cafe/Canteen,15.0,51.5229648,201883,506,Camden,-0.1141587,1,E02000192,Camden 027
7844,1891425,Takeaway/sandwich shop,15.0,51.5567565,206794,506,Camden,-0.1387564,1,E02000168,Camden 003
1,1860505,Restaurant/Cafe/Canteen,15.0,51.5459633,206508,506,Camden,-0.1420383,2,E02000172,Camden 007
7844,1579335,Takeaway/sandwich shop,20.0,51.5485876,202104,506,Camden,-0.1289214,1,E02000180,Camden 015
7844,1390626,Takeaway/sandwich shop,10.0,51.5422354,199876,506,Camden,-0.1383252,2,E02000180,Camden 015
7844,1850322,Takeaway/sandwich shop,15.0,51.54109,206356,506,Camden,-0.1466352,1,E02000183,Camden 018
1,1844528,Restaurant/Cafe/Canteen,15.0,51.5235826,206274,506,Camden,-0.1416091,1,E02000191,Camden 026
1,1866101,Restaurant/Cafe/Canteen,10.0,51.5499761,206538,506,Camden,-0.1916801,2,E02000175,Camden 010
4613,1798592,Retailers - other,0.0,51.550164,205540,506,Camden,-0.1649741,1,E02000176,Camden 011
1,571638,Restaurant/Cafe/Canteen,15.0,51.519977,76618,506,Camden,-0.109607,1,E02000192,Camden 027
1,1884358,Restaurant/Cafe/Canteen,5.0,51.5207103,206701,506,Camden,-0.1098554,2,E02000192,Camden 027
4613,1832027,Retailers - other,10.0,51.5496335,206018,506,Camden,-0.1517978,2,E02000172,Camden 007
7844,583263,Takeaway/sandwich shop,15.0,51.549668,77908,506,Camden,-0.151791,1,E02000172,Camden 007
4613,424720,Retailers - other,5.0,51.54415131,31694,506,Camden,-0.153707996,1,E02000177,Camden 012
7844,1262816,Takeaway/sandwich shop,15.0,51.5270737,198576,506,Camden,-0.1366229,2,E02000188,Camden 023
7844,1670077,Takeaway/sandwich shop,20.0,51.5188693,203407,506,Camden,-0.131913,0,E02000191,Camden 026
1,1097463,Restaurant/Cafe/Canteen,10.0,51.51895905,196024,506,Camden,-0.118418001,2,E02000193,Camden 028
1,1751419,Restaurant/Cafe/Canteen,10.0,51.5365612,204716,506,Camden,-0.1259109,2,E02000187,Camden 022
1,1850308,Restaurant/Cafe/Canteen,15.0,51.5533473,206326,506,Camden,-0.1543709,1,E02000171,Camden 006
4613,424778,Retailers - other,10.0,51.5463441,3376,506,Camden,-0.1507773,1,E02000177,Camden 012
4613,1691308,Retailers - other,15.0,51.5288297,203763,506,Camden,-0.1447257,2,E02000186,Camden 021
1,1876675,Restaurant/Cafe/Canteen,0.0,51.5245782,206644,506,Camden,-0.1425777,2,E02000186,Camden 021
1,451448,Restaurant/Cafe/Canteen,15.0,51.5495376,23624,506,Camden,-0.1715044,1,E02000173,Camden 008
1,1616560,Restaurant/Cafe/Canteen,5.0,51.5500635,202580,506,Camden,-0.1516938,1,E02000172,Camden 007
1,1374079,Restaurant/Cafe/Canteen,15.0,51.5471986,199724,506,Camden,-0.1801221,1,E02000175,Camden 010
4613,943055,Retailers - other,10.0,51.5293981,183075,506,Camden,-0.12955,2,E02000187,Camden 022
4613,425612,Retailers - other,15.0,51.52739716,58248,506,Camden,-0.138901994,2,E02000188,Camden 023
1,1824293,Restaurant/Cafe/Canteen,15.0,51.5396067,205935,506,Camden,-0.1443882,2,E02000186,Camden 021
7844,1129755,Takeaway/sandwich shop,15.0,51.5194073,196016,506,Camden,-0.1335054,2,E02000191,Camden 026
1,1728461,Restaurant/Cafe/Canteen,15.0,51.5174269,204325,506,Camden,-0.1243617,0,E02000193,Camden 028
1,1824246,Restaurant/Cafe/Canteen,10.0,51.5264502,205841,506,Camden,-0.1381333,2,E02000188,Camden 023
7844,1838083,Takeaway/sandwich shop,10.0,51.5234724,206134,506,Camden,-0.1374908,1,E02000191,Camden 026
4613,704084,Retailers - other,10.0,51.551627,81836,506,Camden,-0.166093,1,E02000173,Camden 008
1,1705855,Restaurant/Cafe/Canteen,15.0,51.5339159,204013,506,Camden,-0.1382467,2,E02000186,Camden 021
1,1834714,Restaurant/Cafe/Canteen,15.0,51.5194852,206088,506,Camden,-0.1169979,1,E02000193,Camden 028
7843,423659,Pub/bar/nightclub,0.0,51.5222357,10314,506,Camden,-0.1388963,2,E02000191,Camden 026
7843,1832040,Pub/bar/nightclub,15.0,51.5556094,206057,506,Camden,-0.1768292,1,E02000167,Camden 002
1,1097430,Restaurant/Cafe/Canteen,10.0,51.553936,194670,506,Camden,-0.144728005,1,E02000168,Camden 003
4613,1619257,Retailers - other,5.0,51.547463,202627,506,Camden,-0.1803568,1,E02000175,Camden 010
1,1759050,Restaurant/Cafe/Canteen,15.0,51.5153253,204895,506,Camden,-0.1194756,2,E02000193,Camden 028
1,1653948,Restaurant/Cafe/Canteen,15.0,51.5226818,203206,506,Camden,-0.1144587,1,E02000192,Camden 027
1,1722410,Restaurant/Cafe/Canteen,5.0,51.5153253,204199,506,Camden,-0.1194756,2,E02000193,Camden 028
4613,448450,Retailers - other,10.0,51.5277901,66794,506,Camden,-0.1228977,2,E02007115,Camden 029
1,1125791,Restaurant/Cafe/Canteen,10.0,51.5498671,196413,506,Camden,-0.1512114,2,E02000172,Camden 007
7844,424979,Takeaway/sandwich shop,10.0,51.5216903,42791,506,Camden,-0.1104058,2,E02000192,Camden 027
4613,424373,Retailers - other,10.0,51.5154747,22397,506,Camden,-0.1265607,2,E02000193,Camden 028
4613,1798557,Retailers - other,10.0,51.5459094,205473,506,Camden,-0.1420405,0,E02000172,Camden 007
7844,426417,Takeaway/sandwich shop,15.0,51.5276914,7713,506,Camden,-0.1184181,1,E02007115,Camden 029
7844,1731684,Takeaway/sandwich shop,15.0,51.5445603,204384,506,Camden,-0.1752663,2,E02000173,Camden 008
1,653498,Restaurant/Cafe/Canteen,15.0,51.540193,79489,506,Camden,-0.14746,1,E02000183,Camden 018
1,425616,Restaurant/Cafe/Canteen,10.0,51.5372487,58289,506,Camden,-0.1856671,2,E02000185,Camden 020
1,1363454,Restaurant/Cafe/Canteen,15.0,51.5201217,199624,506,Camden,-0.1179951,2,E02000193,Camden 028
7844,1813670,Takeaway/sandwich shop,15.0,51.54109,205776,506,Camden,-0.1466352,1,E02000183,Camden 018
7842,1296696,Hotel/bed & breakfast/guest house,15.0,51.5388102,199065,506,Camden,-0.1526114,2,E02000183,Camden 018
7844,1251829,Takeaway/sandwich shop,15.0,51.5200803,198310,506,Camden,-0.1098238,1,E02000192,Camden 027
1,1016129,Restaurant/Cafe/Canteen,10.0,51.519207,181236,506,Camden,-0.122126997,1,E02000193,Camden 028
1,1670136,Restaurant/Cafe/Canteen,15.0,51.5435379,203524,506,Camden,-0.1507469,2,E02000177,Camden 012
7843,993196,Pub/bar/nightclub,15.0,51.51574326,82480,506,Camden,-0.125319004,1,E02000193,Camden 028
7843,423806,Pub/bar/nightclub,20.0,51.516857,13125,506,Camden,-0.126403,0,E02000193,Camden 028
1,425359,Restaurant/Cafe/Canteen,10.0,51.5260204,54696,506,Camden,-0.1247004,2,E02007115,Camden 029
4613,426027,Retailers - other,20.0,51.555178,64507,506,Camden,-0.1733699,0,E02000167,Camden 002
1,1813671,Restaurant/Cafe/Canteen,10.0,51.5182145,205779,506,Camden,-0.1342749,1,E02000191,Camden 026
7842,1619261,Hotel/bed & breakfast/guest house,15.0,51.5153665,202663,506,Camden,-0.1119648,2,E02000193,Camden 028
4613,424724,Retailers - other,15.0,51.5493259,3174,506,Camden,-0.1717725,2,E02000173,Camden 008
1,1722406,Restaurant/Cafe/Canteen,10.0,51.5426244,204195,506,Camden,-0.1555575,1,E02000183,Camden 018
1,1390616,Restaurant/Cafe/Canteen,25.0,51.5555784,199865,506,Camden,-0.1656073,0,E02000167,Camden 002
7842,1832021,Hotel/bed & breakfast/guest house,10.0,51.5320039,205998,506,Camden,-0.1356285,1,E02000187,Camden 022
1,1746391,Restaurant/Cafe/Canteen,10.0,51.5289075,204604,506,Camden,-0.1247259,1,E02007115,Camden 029
1,424841,Restaurant/Cafe/Canteen,15.0,51.5522669,3647,506,Camden,-0.140887,1,E02000168,Camden 003
1,1290542,Restaurant/Cafe/Canteen,10.0,51.5207629,198978,506,Camden,-0.1226534,2,E02000193,Camden 028
7843,1841696,Pub/bar/nightclub,10.0,51.5634544,206225,506,Camden,-0.1426382,1,E02000166,Camden 001
7843,1085450,Pub/bar/nightclub,15.0,51.51543045,195379,506,Camden,-0.122772001,1,E02000193,Camden 028
1,947360,Restaurant/Cafe/Canteen,10.0,51.5275012,183210,506,Camden,-0.1245098,2,E02007115,Camden 029
7840,1513611,Retailers - supermarkets/hypermarkets,15.0,51.5247104,201195,506,Camden,-0.1237596,2,E02007115,Camden 029
4613,817065,Retailers - other,15.0,51.5499466,84988,506,Camden,-0.1511216,1,E02000172,Camden 007
4613,1521843,Retailers - other,10.0,51.5499245,201338,506,Camden,-0.1520023,1,E02000172,Camden 007
1,1813669,Restaurant/Cafe/Canteen,15.0,51.57049,205761,506,Camden,-0.1479794,2,E02000166,Camden 001
7844,1631483,Takeaway/sandwich shop,20.0,51.5485876,202937,506,Camden,-0.1289214,1,E02000180,Camden 015
1,1640849,Restaurant/Cafe/Canteen,10.0,51.5182257,203065,506,Camden,-0.1175255,2,E02000193,Camden 028
7844,1417916,Takeaway/sandwich shop,15.0,51.54133224,200280,506,Camden,-0.146625996,1,E02000183,Camden 018
7841,425324,Other catering premises,10.0,51.5479469,54170,506,Camden,-0.1814048,2,E02000175,Camden 010
1,1888101,Restaurant/Cafe/Canteen,20.0,51.5220806,206732,506,Camden,-0.1404594,0,E02000191,Camden 026
4613,1181594,Retailers - other,10.0,51.5463604,197279,506,Camden,-0.2027558,0,E02000178,Camden 013
4613,426535,Retailers - other,15.0,51.52117538,9531,506,Camden,-0.109605998,2,E02000192,Camden 027
4613,426097,Retailers - other,0.0,51.5471211,66473,506,Camden,-0.1908126,1,E02000175,Camden 010
1,1809046,Restaurant/Cafe/Canteen,15.0,51.5397033,205667,506,Camden,-0.1425385,2,E02000186,Camden 021
1,1832045,Restaurant/Cafe/Canteen,20.0,51.52005386,206065,506,Camden,-0.118243001,0,E02000193,Camden 028
1,1838089,Restaurant/Cafe/Canteen,15.0,51.5218058,206147,506,Camden,-0.1339118,2,E02000191,Camden 026
1,1539147,Restaurant/Cafe/Canteen,20.0,51.5220266,201579,506,Camden,-0.113419,0,E02000192,Camden 027
1,1798552,Restaurant/Cafe/Canteen,10.0,51.51763261,205465,506,Camden,-0.11973108,2,E02000193,Camden 028
7844,983641,Takeaway/sandwich shop,10.0,51.5423394,184112,506,Camden,-0.1477382,2,E02000183,Camden 018
1,1899844,Restaurant/Cafe/Canteen,15.0,51.5547873,206869,506,Camden,-0.2128099,1,E02000170,Camden 005
4613,1645264,Retailers - other,5.0,51.401019,23/00454/COMM,507,Croydon,-0.1183879,2,E02000204,Croydon 011
4613,838614,Retailers - other,10.0,51.37955856,15/00187/COMM,507,Croydon,-0.103629,2,E02000213,Croydon 020
1,293535,Restaurant/Cafe/Canteen,10.0,51.36574936,11/00095/COMM,507,Croydon,-0.099285997,2,E02006988,Croydon 047
7844,1602004,Takeaway/sandwich shop,15.0,51.3746376,23/00148/COMM,507,Croydon,-0.095124997,2,E02006987,Croydon 046
1,1420601,Restaurant/Cafe/Canteen,15.0,51.3944918,21/00693/COMM,507,Croydon,-0.0671224,2,E02000201,Croydon 008
7844,1753775,Takeaway/sandwich shop,15.0,51.33791733,24/00501/COMM,507,Croydon,-0.115110002,2,E02000230,Croydon 037
4613,1420594,Retailers - other,10.0,51.36978912,21/00677/COMM,507,Croydon,-0.030285999,1,E02000218,Croydon 025
1,30377,Restaurant/Cafe/Canteen,10.0,51.3214743,09/00186/COMM,507,Croydon,-0.1379346,2,E02000234,Croydon 041
7844,1815618,Takeaway/sandwich shop,10.0,51.38249588,25/00345/COMM,507,Croydon,-0.115162,1,E02000212,Croydon 019
1,1790996,Restaurant/Cafe/Canteen,,51.3664932,25/00016/COMM,507,Croydon,-0.0992892,1,E02006988,Croydon 047
1,1621508,Restaurant/Cafe/Canteen,15.0,51.41228104,23/00291/COMM,507,Croydon,-0.124104001,2,E02000197,Croydon 004
1,1658968,Restaurant/Cafe/Canteen,10.0,51.37894821,23/00563/COMM,507,Croydon,-0.103122003,2,E02000213,Croydon 020
7844,1200190,Takeaway/sandwich shop,10.0,51.38234711,19/00477/COMM,507,Croydon,-0.106316,1,E02000212,Croydon 019
7844,1284777,Takeaway/sandwich shop,15.0,51.39901352,20/00461/COMM,507,Croydon,-0.075179003,1,E02000201,Croydon 008
7844,1762307,Takeaway/sandwich shop,0.0,51.39780807,24/00539/COMM,507,Croydon,-0.101594999,2,E02000203,Croydon 010
7844,1795566,Takeaway/sandwich shop,,51.38333893,25/00041/COMM,507,Croydon,-0.108185999,2,E02000212,Croydon 019
4613,1420595,Retailers - other,5.0,51.3779444,21/00678/COMM,507,Croydon,-0.102264,2,E02000213,Croydon 020
4613,877573,Retailers - other,10.0,51.37286377,16/00258/COMM,507,Croydon,-0.101607002,2,E02000217,Croydon 024
7844,17982,Takeaway/sandwich shop,10.0,51.39313507,06/00055/COMM,507,Croydon,-0.066600002,2,E02000207,Croydon 014
1,1412439,Restaurant/Cafe/Canteen,5.0,51.36574936,21/00623/COMM,507,Croydon,-0.099285997,2,E02006988,Croydon 047
7844,1700103,Takeaway/sandwich shop,5.0,51.32051086,24/00077/COMM,507,Croydon,-0.138944,2,E02000234,Croydon 041
4613,1876020,Retailers - other,5.0,51.39238358,25/00764/COMM,507,Croydon,-0.116466001,1,E02000204,Croydon 011
1,1012427,Restaurant/Cafe/Canteen,10.0,51.37791061,17/00508/COMM,507,Croydon,-0.102246001,0,E02000213,Croydon 020
4613,15615,Retailers - other,10.0,51.3723025,05/00316/COMM,507,Croydon,-0.1009454,1,E02000217,Croydon 024
4613,983420,Retailers - other,10.0,51.38508224,17/00207/COMM,507,Croydon,-0.109867997,2,E02000212,Croydon 019
7844,1553328,Takeaway/sandwich shop,10.0,51.41205215,22/00570/COMM,507,Croydon,-0.123423003,2,E02000197,Croydon 004
4613,1764457,Retailers - other,0.0,51.3763056,24/00570/COMM,507,Croydon,-0.1021306,2,E02000217,Croydon 024
4613,1032220,Retailers - other,10.0,51.38715363,18/00083/COMM,507,Croydon,-0.088941999,1,E02000206,Croydon 013
4613,1867417,Retailers - other,0.0,51.3963879,25/00723/COMM,507,Croydon,-0.1150418,2,E02000202,Croydon 009
4613,1336893,Retailers - other,10.0,51.3985418,21/00079/COMM,507,Croydon,-0.0763565,2,E02000200,Croydon 007
4613,1159962,Retailers - other,10.0,51.4079642,19/00331/COMM,507,Croydon,-0.1051761,1,E02000195,Croydon 002
7844,1318513,Takeaway/sandwich shop,5.0,51.3933602,20/00720/COMM,507,Croydon,-0.066667,2,E02000207,Croydon 014
4613,6946,Retailers - other,5.0,51.3537941,02662/0275/0/200,507,Croydon,-0.097569004,1,E02000224,Croydon 031
7841,983436,Other catering premises,5.0,51.39970779,17/00228/COMM,507,Croydon,-0.097906999,1,E02000203,Croydon 010
4613,1022105,Retailers - other,10.0,51.41228104,17/00533/COMM,507,Croydon,-0.124104001,2,E02000197,Croydon 004
1,1658959,Restaurant/Cafe/Canteen,10.0,51.4112536,23/00553/COMM,507,Croydon,-0.1229287,1,E02000197,Croydon 004
1,1795569,Restaurant/Cafe/Canteen,15.0,51.38508224,25/00044/COMM,507,Croydon,-0.109867997,2,E02000212,Croydon 019
7844,1823454,Takeaway/sandwich shop,15.0,51.38045502,25/00354/COMM,507,Croydon,-0.087898999,1,E02000215,Croydon 022
4613,1022169,Retailers - other,10.0,51.3877182,17/00609/COMM,507,Croydon,-0.126186997,1,E02000209,Croydon 016
1,1862144,Restaurant/Cafe/Canteen,5.0,51.3769062,25/00635/COMM,507,Croydon,-0.1014591,2,E02000213,Croydon 020
1,1815609,Restaurant/Cafe/Canteen,25.0,51.38748932,25/00336/COMM,507,Croydon,-0.110831998,0,E02000208,Croydon 015
1,1613288,Restaurant/Cafe/Canteen,15.0,51.3865304,23/00237/COMM,507,Croydon,-0.0965359,1,E02000213,Croydon 020
1,1888353,Restaurant/Cafe/Canteen,25.0,51.3656394,25/00850/COMM,507,Croydon,-0.099213,0,E02006988,Croydon 047
4613,439373,Retailers - other,15.0,51.39622116,12/00241/COMM,507,Croydon,-0.107482001,2,E02000202,Croydon 009
7844,1039605,Takeaway/sandwich shop,10.0,51.412005,18/00118/COMM,507,Croydon,-0.1238129,2,E02000197,Croydon 004
1,293584,Restaurant/Cafe/Canteen,0.0,51.36565781,12/00022/COMM,507,Croydon,-0.098757997,2,E02006988,Croydon 047
1,983342,Restaurant/Cafe/Canteen,15.0,51.37976074,16/00066/COMM,507,Croydon,-0.082942002,1,E02000215,Croydon 022
7844,1627556,Takeaway/sandwich shop,15.0,51.40192032,21/00824/COMM,507,Croydon,-0.100015,1,E02000198,Croydon 005
7844,1704580,Takeaway/sandwich shop,10.0,51.3983621,24/00103/COMM,507,Croydon,-0.0991903,2,E02000203,Croydon 010
4613,6989,Retailers - other,10.0,51.38183212,02670/0190/3/200,507,Croydon,-0.105761997,1,E02000212,Croydon 019
1,1551472,Restaurant/Cafe/Canteen,5.0,51.32244873,22/00558/COMM,507,Croydon,-0.135809004,2,E02000234,Croydon 041
7841,6295,Other catering premises,5.0,51.37709808,02085/0002/0/200,507,Croydon,-0.102796003,2,E02000217,Croydon 024
4613,1785802,Retailers - other,15.0,51.37297058,24/00720/COMM,507,Croydon,-0.101098999,1,E02006987,Croydon 046
7844,1495865,Takeaway/sandwich shop,10.0,51.3779121,22/00231/COMM,507,Croydon,-0.1036017,2,E02000213,Croydon 020
7844,801869,Takeaway/sandwich shop,10.0,51.40497971,15/00115/COMM,507,Croydon,-0.099643998,1,E02000198,Croydon 005
7844,779342,Takeaway/sandwich shop,10.0,51.397267,15/00161/COMM,507,Croydon,-0.1154657,2,E02000202,Croydon 009
4613,1718363,Retailers - other,10.0,51.39705658,24/00219/COMM,507,Croydon,-0.070977002,2,E02000201,Croydon 008
7844,10524,Takeaway/sandwich shop,,51.38077927,04/00224/COMM,507,Croydon,-0.087943003,2,E02000215,Croydon 022
7844,1090586,Takeaway/sandwich shop,0.0,51.3877182,18/00543/COMM,507,Croydon,-0.126186997,2,E02000209,Croydon 016
1,946642,Restaurant/Cafe/Canteen,15.0,51.3799092,17/00002/COMM,507,Croydon,-0.1003146,2,E02000213,Croydon 020
4613,1847762,Retailers - other,10.0,51.37883377,25/00551/COMM,507,Croydon,-0.104434997,2,E02000213,Croydon 020
4613,1027132,Retailers - other,0.0,51.37894821,18/00021/COMM,507,Croydon,-0.103122003,2,E02000213,Croydon 020
4613,1313747,Retailers - other,5.0,51.37546921,20/00670/COMM,507,Croydon,-0.102159999,2,E02000217,Croydon 024
7844,1720244,Takeaway/sandwich shop,0.0,51.3469187,24/00245/COMM,507,Croydon,-0.0983613,2,E02000224,Croydon 031
7844,1048128,Takeaway/sandwich shop,5.0,51.3975463,18/00232/COMM,507,Croydon,-0.1026743,2,E02000203,Croydon 010
7844,1534490,Takeaway/sandwich shop,15.0,51.35218048,22/00448/COMM,507,Croydon,-0.018000999,1,E02000225,Croydon 032
7844,1660039,Takeaway/sandwich shop,0.0,51.38183212,23/00587/COMM,507,Croydon,-0.105761997,2,E02000212,Croydon 019
4613,1176074,Retailers - other,10.0,51.3915947,19/00389/COMM,507,Croydon,-0.1178407,2,E02000204,Croydon 011
4613,1022175,Retailers - other,0.0,51.38333893,17/00616/COMM,507,Croydon,-0.108185999,2,E02000212,Croydon 019
7844,1863701,Takeaway/sandwich shop,10.0,51.37966537,25/00660/COMM,507,Croydon,-0.087458,2,E02000215,Croydon 022
4613,459447,Retailers - other,15.0,51.39057541,12/00275/COMM,507,Croydon,-0.120852999,1,E02000204,Croydon 011
4613,30167,Retailers - other,10.0,51.39532852,09/00156/COMM,507,Croydon,-0.068189003,1,E02000201,Croydon 008
4613,1093284,Retailers - other,10.0,51.37969208,18/00551/COMM,507,Croydon,-0.104585998,2,E02000213,Croydon 020
4613,1838502,Retailers - other,0.0,51.3392587,00289/0940/0/200,507,Croydon,-0.1162951,2,E02000230,Croydon 037
4613,1829817,Retailers - other,0.0,51.37856293,25/00415/COMM,507,Croydon,-0.102045998,1,E02000213,Croydon 020
1,1520836,Restaurant/Cafe/Canteen,15.0,51.3671604,22/00298/COMM,507,Croydon,-0.1021637,1,E02000217,Croydon 024
4613,481369,Retailers - other,10.0,51.39532852,12/00145/COMM,507,Croydon,-0.068189003,1,E02000201,Croydon 008
4613,1042888,Retailers - other,10.0,51.34433746,18/00177/COMM,507,Croydon,-0.060469002,1,E02000226,Croydon 033
7844,1045686,Takeaway/sandwich shop,,51.41776657,18/00211/COMM,507,Croydon,-0.080935001,1,E02000194,Croydon 001
4613,459445,Retailers - other,10.0,51.37700272,12/00271/COMM,507,Croydon,-0.106881,2,E02000217,Croydon 024
1,1722318,Restaurant/Cafe/Canteen,10.0,51.3778461,24/00272/COMM,507,Croydon,-0.1028572,1,E02000213,Croydon 020
4613,1181292,Retailers - other,5.0,51.35153961,19/00424/COMM,507,Croydon,-0.099284999,2,E02000224,Croydon 031
1,1632378,Restaurant/Cafe/Canteen,5.0,51.4190979,23/00366/COMM,507,Croydon,-0.083166003,2,E02000194,Croydon 001
1,1284788,Restaurant/Cafe/Canteen,0.0,51.40364838,20/00476/COMM,507,Croydon,-0.119037002,2,E02000197,Croydon 004
4613,190078,Retailers - other,10.0,51.40769577,11/00210/COMM,507,Croydon,-0.121862002,1,E02000196,Croydon 003
1,1292433,Restaurant/Cafe/Canteen,15.0,51.38183212,20/00555/COMM,507,Croydon,-0.105761997,1,E02000212,Croydon 019
7841,664,Other catering premises,5.0,51.3600994,00015/2009/2/201,507,Croydon,-0.02701035,1,E02000227,Croydon 034
7841,1841,Other catering premises,0.0,51.37009365,00442/2004/2/200,507,Croydon,-0.0862385,1,E02000216,Croydon 023
7844,779326,Takeaway/sandwich shop,10.0,51.37571335,15/00124/COMM,507,Croydon,-0.100009002,2,E02000213,Croydon 020
7844,1093289,Takeaway/sandwich shop,10.0,51.33330917,18/00557/COMM,507,Croydon,-0.123152003,1,E02000231,Croydon 038
7843,1039609,Pub/bar/nightclub,10.0,51.39736557,18/00125/COMM,507,Croydon,-0.075579002,2,E02000200,Croydon 007
1,1200197,Restaurant/Cafe/Canteen,10.0,51.4188652,19/00484/COMM,507,Croydon,-0.093579002,2,E02000194,Croydon 001
1,1568504,Restaurant/Cafe/Canteen,10.0,51.38077927,22/00883/COMM,507,Croydon,-0.087943003,1,E02000215,Croydon 022
1,1663668,Restaurant/Cafe/Canteen,5.0,51.33928299,23/00606/COMM,507,Croydon,-0.117668003,2,E02000230,Croydon 037
1,1720229,Restaurant/Cafe/Canteen,15.0,51.39823151,24/00230/COMM,507,Croydon,-0.091572002,2,E02000199,Croydon 006
7843,1824,Pub/bar/nightclub,15.0,51.37797546,00430/0112/0/200,507,Croydon,-0.090259001,0,E02000215,Croydon 022
1,6963,Restaurant/Cafe/Canteen,15.0,51.4081459,02666/0008/0/200,507,Croydon,-0.105351001,2,E02000195,Croydon 002
1,1593398,Restaurant/Cafe/Canteen,10.0,51.36565781,23/00095/COMM,507,Croydon,-0.098757997,2,E02006988,Croydon 047
1,1846526,Restaurant/Cafe/Canteen,15.0,51.37529617,25/00522/COMM,507,Croydon,-0.04610169,2,E02000219,Croydon 026
7844,1877906,Takeaway/sandwich shop,10.0,51.31957626,25/00772/COMM,507,Croydon,-0.139513001,2,E02000234,Croydon 041
4613,4378,Retailers - other,0.0,51.39818192,01081/0026/0/200,507,Croydon,-0.093585998,2,E02000199,Croydon 006
7844,1793390,Takeaway/sandwich shop,0.0,51.5141018,25/00051/COMM,508,City of London Corporation,-0.1082554,2,E02000001,City of London 001
1,1697362,Restaurant/Cafe/Canteen,10.0,51.513493,24/00093/COMM,508,City of London Corporation,-0.094065,1,E02000001,City of London 001
7843,1533587,Pub/bar/nightclub,5.0,51.518877,PI/000039034,508,City of London Corporation,-0.100557,1,E02000001,City of London 001
7843,293626,Pub/bar/nightclub,10.0,51.515716,PI/000000442,508,City of London Corporation,-0.08531,2,E02000001,City of London 001
7843,1812200,Pub/bar/nightclub,5.0,51.51512,25/00248/COMM,508,City of London Corporation,-0.096765,1,E02000001,City of London 001
1,294271,Restaurant/Cafe/Canteen,10.0,51.5178,PI/000012308,508,City of London Corporation,-0.101784,2,E02000001,City of London 001
7843,294277,Pub/bar/nightclub,15.0,51.518495,PI/000012350,508,City of London Corporation,-0.101943,2,E02000001,City of London 001
1,295121,Restaurant/Cafe/Canteen,10.0,51.512119,PI/000020981,508,City of London Corporation,-0.082593,2,E02000001,City of London 001
4613,1742005,Retailers - other,10.0,51.5140349,24/00505/COMM,508,City of London Corporation,-0.1035597,1,E02000001,City of London 001
1,1202372,Restaurant/Cafe/Canteen,15.0,51.509056,PI/000034444,508,City of London Corporation,-0.084999,0,E02000001,City of London 001
7844,1836573,Takeaway/sandwich shop,15.0,51.5192351,24/00332/COMM,508,City of London Corporation,-0.0998121,2,E02000001,City of London 001
1,1671084,Restaurant/Cafe/Canteen,15.0,51.517256,23/00681/COMM,508,City of London Corporation,-0.10933,1,E02000001,City of London 001
7844,987026,Takeaway/sandwich shop,15.0,51.514082,PI/000030942,508,City of London Corporation,-0.108208,2,E02000001,City of London 001
7844,812938,Takeaway/sandwich shop,15.0,51.514361,PI/000028310,508,City of London Corporation,-0.108759,2,E02000001,City of London 001
7844,1669331,Takeaway/sandwich shop,5.0,51.5140718,23/00648/COMM,508,City of London Corporation,-0.1047256,1,E02000001,City of London 001
1,1113071,Restaurant/Cafe/Canteen,15.0,51.5160809,PI/000033645,508,City of London Corporation,-0.0773434,0,E02000001,City of London 001
1,1427980,Restaurant/Cafe/Canteen,15.0,51.516781,PI/000036948,508,City of London Corporation,-0.11108,2,E02000001,City of London 001
7844,1618757,Takeaway/sandwich shop,15.0,51.5160521,23/00105/COMM,508,City of London Corporation,-0.1009536,2,E02000001,City of London 001
1,1024657,Restaurant/Cafe/Canteen,10.0,51.5125487,PI/000031261,508,City of London Corporation,-0.0917044,1,E02000001,City of London 001
1,1731459,Restaurant/Cafe/Canteen,15.0,51.5180855,24/00404/COMM,508,City of London Corporation,-0.0794564,2,E02000001,City of London 001
7844,1681201,Takeaway/sandwich shop,15.0,51.517244,23/00744/COMM,508,City of London Corporation,-0.087707,2,E02000001,City of London 001
1,1759570,Restaurant/Cafe/Canteen,10.0,51.516782,24/00673/COMM,508,City of London Corporation,-0.107822,2,E02000001,City of London 001
1,905159,Restaurant/Cafe/Canteen,10.0,51.513577,PI/000028327,508,City of London Corporation,-0.105389,2,E02000001,City of London 001
1,1802076,Restaurant/Cafe/Canteen,15.0,51.510211,25/00123/COMM,508,City of London Corporation,-0.083091,1,E02000001,City of London 001
7841,1738782,Other catering premises,10.0,51.518669,24/00476/COMM,508,City of London Corporation,-0.093849,1,E02000001,City of London 001
7844,1416539,Takeaway/sandwich shop,15.0,51.517268,PI/000037320,508,City of London Corporation,-0.082334,1,E02000001,City of London 001
1,294247,Restaurant/Cafe/Canteen,15.0,51.512627,PI/000011967,508,City of London Corporation,-0.106683,1,E02000001,City of London 001
7844,1721350,Takeaway/sandwich shop,15.0,51.518622,24/00201/COMM,508,City of London Corporation,-0.080446,2,E02000001,City of London 001
1,1756316,Restaurant/Cafe/Canteen,20.0,51.512013,24/00652/COMM,508,City of London Corporation,-0.093723,0,E02000001,City of London 001
1,680614,Restaurant/Cafe/Canteen,10.0,51.511528,PI/000024174,508,City of London Corporation,-0.092115,2,E02000001,City of London 001
1,1437617,Restaurant/Cafe/Canteen,10.0,51.51269,PI/000037726,508,City of London Corporation,-0.083405,2,E02000001,City of London 001
1,1830568,Restaurant/Cafe/Canteen,10.0,51.513548,25/00350/COMM,508,City of London Corporation,-0.09523,2,E02000001,City of London 001
1,1907778,Restaurant/Cafe/Canteen,15.0,51.515076,26/00005/COMM,508,City of London Corporation,-0.075911,1,E02000001,City of London 001
7844,1204842,Takeaway/sandwich shop,15.0,51.517263,PI/000034491,508,City of London Corporation,-0.082608,2,E02000001,City of London 001
7844,294428,Takeaway/sandwich shop,5.0,51.513164,PI/000014034,508,City of London Corporation,-0.093747,2,E02000001,City of London 001
1,1493052,Restaurant/Cafe/Canteen,10.0,51.512274,PI/000035347,508,City of London Corporation,-0.10259,2,E02000001,City of London 001
1,1609414,Restaurant/Cafe/Canteen,15.0,51.5184435,PI/000034172,508,City of London Corporation,-0.0993322,2,E02000001,City of London 001
1,1793387,Restaurant/Cafe/Canteen,15.0,51.5146799,24/00807/COMM,508,City of London Corporation,-0.1025778,2,E02000001,City of London 001
1,294066,Restaurant/Cafe/Canteen,15.0,51.519217,PI/000008422,508,City of London Corporation,-0.099909,2,E02000001,City of London 001
1,975377,Restaurant/Cafe/Canteen,5.0,51.513195,PI/000030704,508,City of London Corporation,-0.100059,2,E02000001,City of London 001
7844,1649536,Takeaway/sandwich shop,5.0,51.516935,23/00396/COMM,508,City of London Corporation,-0.080142,1,E02000001,City of London 001
7843,295222,Pub/bar/nightclub,0.0,51.518877,PI/000101920,508,City of London Corporation,-0.100557,1,E02000001,City of London 001
1,1662533,Restaurant/Cafe/Canteen,15.0,51.518706,23/00596/COMM,508,City of London Corporation,-0.077905,0,E02000878,Tower Hamlets 015
7843,293800,Pub/bar/nightclub,10.0,51.519134,PI/000002975,508,City of London Corporation,-0.099783,2,E02000001,City of London 001
7843,294969,Pub/bar/nightclub,0.0,51.51098,PI/000019672,508,City of London Corporation,-0.09051,2,E02000001,City of London 001
4613,782770,Retailers - other,10.0,51.516958,PI/000026132,508,City of London Corporation,-0.104745,2,E02000001,City of London 001
1,1682727,Restaurant/Cafe/Canteen,5.0,51.5168421,PI/000040215,508,City of London Corporation,-0.0798914,2,E02000001,City of London 001
1,1854341,Restaurant/Cafe/Canteen,25.0,51.510956,CP05560,509,Ealing,-0.37477,0,E02000260,Ealing 023
1,1858439,Restaurant/Cafe/Canteen,10.0,51.4972362,CP05590,509,Ealing,-0.3131458,1,E02000276,Ealing 039
7844,1709277,Takeaway/sandwich shop,15.0,51.527779,CP04723,509,Ealing,-0.265927,1,E02000252,Ealing 015
1,1604715,Restaurant/Cafe/Canteen,15.0,51.512635,CP04010,509,Ealing,-0.387609,2,E02000263,Ealing 026
4613,1623372,Retailers - other,5.0,51.508889,CP04136,509,Ealing,-0.264965,1,E02000262,Ealing 025
4613,1231139,Retailers - other,15.0,51.5065604,CP02223,509,Ealing,-0.2686207,2,E02000270,Ealing 033
4613,1563256,Retailers - other,5.0,51.5108687,CP03758,509,Ealing,-0.3742786,2,E02000260,Ealing 023
1,1813003,Restaurant/Cafe/Canteen,10.0,51.508942,CP05348,509,Ealing,-0.335675,1,E02000267,Ealing 030
4613,1906551,Retailers - other,10.0,51.539794,CP05834,509,Ealing,-0.311131,1,E02000242,Ealing 005
7844,1621224,Takeaway/sandwich shop,15.0,51.5021907,CP04118,509,Ealing,-0.3840107,2,E02006970,Ealing 043
7841,1646048,Other catering premises,15.0,51.5378387,CP04191,509,Ealing,-0.3476527,1,E02000243,Ealing 006
4613,1592735,Retailers - other,10.0,51.5244996,CP03917,509,Ealing,-0.3644661,1,E02000251,Ealing 014
1,1783738,Restaurant/Cafe/Canteen,15.0,51.5312956,CP05181,509,Ealing,-0.2923362,1,E02000248,Ealing 011
4613,1032835,Retailers - other,10.0,51.519027,PI000117082,509,Ealing,-0.265848,2,E02000252,Ealing 015
1,1783728,Restaurant/Cafe/Canteen,25.0,51.5229631,CP05155,509,Ealing,-0.2583114,0,E02000252,Ealing 015
4613,1867532,Retailers - other,10.0,51.5438727,CP05640,509,Ealing,-0.3763909,1,E02000241,Ealing 004
7844,1766912,Takeaway/sandwich shop,10.0,51.509384,CP05087,509,Ealing,-0.272339,2,E02000262,Ealing 025
1,1609712,Restaurant/Cafe/Canteen,10.0,51.531414,CP04031,509,Ealing,-0.296851,1,E02000248,Ealing 011
7844,1578916,Takeaway/sandwich shop,15.0,51.5137556,CP03802,509,Ealing,-0.319501,2,E02000256,Ealing 019
1,1033754,Restaurant/Cafe/Canteen,25.0,51.513316,PI000175842,509,Ealing,-0.306361,0,E02006969,Ealing 042
1,1570956,Restaurant/Cafe/Canteen,15.0,51.496393,CP03789,509,Ealing,-0.256104,2,E02006791,Ealing 040
7844,1703018,Takeaway/sandwich shop,10.0,51.5116253,CP04663,509,Ealing,-0.3802181,1,E02000260,Ealing 023
1,1731227,Restaurant/Cafe/Canteen,10.0,51.5112141,CP04887,509,Ealing,-0.3196619,2,E02000265,Ealing 028
1,1763182,Restaurant/Cafe/Canteen,15.0,51.5283607,CP05055,509,Ealing,-0.2712247,2,E02000252,Ealing 015
1,1033098,Restaurant/Cafe/Canteen,10.0,51.4998946,PI000140713,509,Ealing,-0.3890194,1,E02006971,Ealing 044
7844,1359984,Takeaway/sandwich shop,15.0,51.5112482,CP02820,509,Ealing,-0.2791938,1,E02000264,Ealing 027
4613,1033632,Retailers - other,10.0,51.507724,PI000173359,509,Ealing,-0.3829215,1,E02000263,Ealing 026
4613,1034125,Retailers - other,25.0,51.5308346,PI000182030,509,Ealing,-0.3718949,0,E02000247,Ealing 010
4613,1108937,Retailers - other,25.0,51.522691,CP00568,509,Ealing,-0.340709,0,E02000259,Ealing 022
4613,1884955,Retailers - other,10.0,51.500383,CP03785,509,Ealing,-0.386615,2,E02006970,Ealing 043
1,1793674,Restaurant/Cafe/Canteen,10.0,51.498926,CP04276,509,Ealing,-0.3149707,2,E02000276,Ealing 039
4613,1709281,Retailers - other,10.0,51.500266,CP04727,509,Ealing,-0.387901,2,E02006970,Ealing 043
7844,1835304,Takeaway/sandwich shop,15.0,51.5108415,CP05439,509,Ealing,-0.3742652,2,E02000260,Ealing 023
7844,1745600,Takeaway/sandwich shop,10.0,51.514326,CP04976,509,Ealing,-0.300357,1,E02006969,Ealing 042
7844,1791730,Takeaway/sandwich shop,10.0,51.508855,CP05238,509,Ealing,-0.377554,1,E02000260,Ealing 023
1,1854346,Restaurant/Cafe/Canteen,10.0,51.525737,CP05565,509,Ealing,-0.314693,1,E02000250,Ealing 013
4613,1065596,Retailers - other,10.0,51.5065807,CP01272,509,Ealing,-0.2687784,2,E02000270,Ealing 033
1,1735177,Restaurant/Cafe/Canteen,10.0,51.5123903,CP03504,509,Ealing,-0.3076426,2,E02006969,Ealing 042
1,1822315,Restaurant/Cafe/Canteen,15.0,51.513224,CP05342,509,Ealing,-0.248688,1,E02000261,Ealing 024
1,1888315,Restaurant/Cafe/Canteen,10.0,51.5114407,CP05745,509,Ealing,-0.3147681,2,E02000265,Ealing 028
7844,1556261,Takeaway/sandwich shop,10.0,51.497141,CP03724,509,Ealing,-0.305894,2,E02000276,Ealing 039
7841,1844495,Other catering premises,15.0,51.5034424,CP05500,509,Ealing,-0.3808829,2,E02006970,Ealing 043
1,1033969,Restaurant/Cafe/Canteen,25.0,51.506376,PI000179241,509,Ealing,-0.379126,0,E02000263,Ealing 026
1,1514762,Restaurant/Cafe/Canteen,15.0,51.5100544,CP03508,509,Ealing,-0.375864,2,E02000260,Ealing 023
7844,1884976,Takeaway/sandwich shop,15.0,51.4984421,CP05737,509,Ealing,-0.272415,2,E02000270,Ealing 033
1,1719989,Restaurant/Cafe/Canteen,5.0,51.507466,CP04808,509,Ealing,-0.305454,2,E02000268,Ealing 031
1,1666331,Restaurant/Cafe/Canteen,15.0,51.5374467,CP04409,509,Ealing,-0.2843338,1,E02000248,Ealing 011
1,1157242,Restaurant/Cafe/Canteen,15.0,51.501654,CP01780,509,Ealing,-0.307052,1,E02000269,Ealing 032
1,1884973,Restaurant/Cafe/Canteen,10.0,51.526798,CP05732,509,Ealing,-0.284914,1,E02000248,Ealing 011
1,1033055,Restaurant/Cafe/Canteen,10.0,51.529841,PI000138239,509,Ealing,-0.269863,2,E02000252,Ealing 015
1,1873659,Restaurant/Cafe/Canteen,15.0,51.523169,CP05673,509,Ealing,-0.277828,1,E02000252,Ealing 015
1,1070847,Restaurant/Cafe/Canteen,15.0,51.53044,CP01353,509,Ealing,-0.371972,2,E02000247,Ealing 010
1,1624494,Restaurant/Cafe/Canteen,10.0,51.5081318,CP04142,509,Ealing,-0.2745702,1,E02000262,Ealing 025
1,1251437,Restaurant/Cafe/Canteen,5.0,51.5117403,CP02151,509,Ealing,-0.3807328,2,E02000260,Ealing 023
4613,1034105,Retailers - other,10.0,51.525737,PI000181973,509,Ealing,-0.314693,2,E02000250,Ealing 013
1,1846479,Restaurant/Cafe/Canteen,10.0,51.5112333,CP05523,509,Ealing,-0.3772344,2,E02000260,Ealing 023
1,1703011,Restaurant/Cafe/Canteen,15.0,51.525701,CP04628,509,Ealing,-0.316583,2,E02000250,Ealing 013
1,1683480,Restaurant/Cafe/Canteen,5.0,51.508086,CP04502,509,Ealing,-0.274564,1,E02000262,Ealing 025
7844,1788880,Takeaway/sandwich shop,25.0,51.504101,CP05226,509,Ealing,-0.379712,0,E02000275,Ealing 038
1,1798903,Restaurant/Cafe/Canteen,15.0,51.526121,CP05272,509,Ealing,-0.314521,2,E02000250,Ealing 013
1,1697207,Restaurant/Cafe/Canteen,15.0,51.509121,CP04636,509,Ealing,-0.338133,2,E02000267,Ealing 030
4613,1034114,Retailers - other,10.0,51.514725,PI000182002,509,Ealing,-0.319308,2,E02000256,Ealing 019
1,1320419,Restaurant/Cafe/Canteen,10.0,51.500266,CP02684,509,Ealing,-0.387901,2,E02006970,Ealing 043
1,1218540,Restaurant/Cafe/Canteen,5.0,51.5071802,CP02106,509,Ealing,-0.2734534,1,E02000262,Ealing 025
4613,1034129,Retailers - other,5.0,51.502242,PI000182038,509,Ealing,-0.2654416,2,E02006791,Ealing 040
7844,962885,Takeaway/sandwich shop,15.0,51.500075,CP00443,509,Ealing,-0.315482,1,E02000269,Ealing 032
1,1034203,Restaurant/Cafe/Canteen,5.0,51.506765,PI000182273,509,Ealing,-0.270925,2,E02000270,Ealing 033
4613,1687199,Retailers - other,5.0,51.5064671,CP04533,509,Ealing,-0.2659584,2,E02000270,Ealing 033
1,1690437,Restaurant/Cafe/Canteen,15.0,51.499148,CP04586,509,Ealing,-0.3837725,0,E02006970,Ealing 043
4613,1032423,Retailers - other,10.0,51.496683,PI000035815,509,Ealing,-0.384354,2,E02006970,Ealing 043
4613,1032664,Retailers - other,5.0,51.556032,PI000093300,509,Ealing,-0.33677,2,E02000239,Ealing 002
1,1694313,Restaurant/Cafe/Canteen,15.0,51.5119239,CP04610,509,Ealing,-0.3829601,1,E02000263,Ealing 026
1,1203134,Restaurant/Cafe/Canteen,25.0,51.501803,CP01984,509,Ealing,-0.382617,0,E02006970,Ealing 043
4613,954700,Retailers - other,5.0,51.5515372,CP00352,509,Ealing,-0.3197338,2,E02000239,Ealing 002
1,1033131,Restaurant/Cafe/Canteen,10.0,51.514725,PI000144140,509,Ealing,-0.319308,2,E02000256,Ealing 019
7843,1032593,Pub/bar/nightclub,0.0,51.52472,PI000078230,509,Ealing,-0.320252,2,E02000255,Ealing 018
1,1496287,Restaurant/Cafe/Canteen,10.0,51.510239,CP03454,509,Ealing,-0.287078,1,E02000264,Ealing 027
7841,1034023,Other catering premises,0.0,51.517389,PI000179442,509,Ealing,-0.328982,2,E02000255,Ealing 018
7844,1623370,Takeaway/sandwich shop,5.0,51.5112482,CP04134,509,Ealing,-0.2791938,2,E02000264,Ealing 027
4613,1829005,Retailers - other,10.0,51.512593,CP05397,509,Ealing,-0.306777,2,E02006969,Ealing 042
4613,1032679,Retailers - other,10.0,51.505395,PI000095749,509,Ealing,-0.304594,2,E02000268,Ealing 031
4613,1033571,Retailers - other,5.0,51.556032,PI000173027,509,Ealing,-0.33677,1,E02000239,Ealing 002
4613,1774367,Retailers - other,10.0,51.5019915,CP05132,509,Ealing,-0.2655376,1,E02006791,Ealing 040
7844,1766913,Takeaway/sandwich shop,10.0,51.5118281,CP05088,509,Ealing,-0.3825311,1,E02000263,Ealing 026
1,1033278,Restaurant/Cafe/Canteen,15.0,51.525751,PI000162694,509,Ealing,-0.258457,2,E02000252,Ealing 015
4613,1785415,Retailers - other,10.0,51.528654,CP05192,509,Ealing,-0.354866,1,E02000249,Ealing 012
4613,1032859,Retailers - other,10.0,51.5512127,PI000119935,509,Ealing,-0.3507576,1,E02000238,Ealing 001
7841,1711045,Other catering premises,5.0,51.5277451,CP04670,509,Ealing,-0.325526,2,E02000255,Ealing 018
1,1669917,Restaurant/Cafe/Canteen,15.0,51.503398,CP04430,509,Ealing,-0.317074,2,E02000269,Ealing 032
1,1763191,Restaurant/Cafe/Canteen,15.0,51.510986,CP05065,509,Ealing,-0.320051,2,E02000265,Ealing 028
1,1884956,Restaurant/Cafe/Canteen,5.0,51.5045837,CP05678,509,Ealing,-0.3063182,2,E02000268,Ealing 031
4613,1034044,Retailers - other,5.0,51.496913,PI000179495,509,Ealing,-0.325712,2,E02000272,Ealing 035
1,1204695,Restaurant/Cafe/Canteen,15.0,51.5140187,CP01995,509,Ealing,-0.3045845,2,E02006969,Ealing 042
4613,1763193,Retailers - other,15.0,51.51466,CP05067,509,Ealing,-0.249685,1,E02000261,Ealing 024
4613,1764956,Retailers - other,5.0,51.5275807,CP05048,509,Ealing,-0.2671167,2,E02000252,Ealing 015
7844,1871314,Takeaway/sandwich shop,5.0,51.509152,CP05623,509,Ealing,-0.337814,2,E02000267,Ealing 030
4613,1774358,Retailers - other,10.0,51.549901,CP05119,509,Ealing,-0.339402,2,E02000239,Ealing 002
1,1172785,Restaurant/Cafe/Canteen,15.0,51.506509,CP01846,509,Ealing,-0.247043,1,E02000261,Ealing 024
7843,1051409,Pub/bar/nightclub,15.0,51.51034,CP01159,509,Ealing,-0.305145,2,E02006969,Ealing 042
7844,1774365,Takeaway/sandwich shop,5.0,51.4992357,CP05127,509,Ealing,-0.3908003,2,E02006971,Ealing 044
1,1888305,Restaurant/Cafe/Canteen,15.0,51.511466,CP05725,509,Ealing,-0.3146519,2,E02000265,Ealing 028
7841,1032950,Other catering premises,15.0,51.5069065,PI000131208,509,Ealing,-0.3777772,0,E02000263,Ealing 026
4613,1865312,Retailers - other,0.0,51.503452,CP05631,509,Ealing,-0.380916,2,E02006970,Ealing 043
1,1079787,Restaurant/Cafe/Canteen,15.0,51.5120426,CP01417,509,Ealing,-0.3817885,0,E02000263,Ealing 026
7843,1033196,Pub/bar/nightclub,5.0,51.508982,PI000153597,509,Ealing,-0.331509,2,E02000265,Ealing 028
1,1033203,Restaurant/Cafe/Canteen,5.0,51.50823,PI000155419,509,Ealing,-0.338064,2,E02000267,Ealing 030
4613,1873653,Retailers - other,10.0,51.5135913,CP05662,509,Ealing,-0.3369264,2,E02000259,Ealing 022
7844,1274713,Takeaway/sandwich shop,10.0,51.508253,CP02430,509,Ealing,-0.340974,2,E02000267,Ealing 030
4613,1902277,Retailers - other,0.0,51.5085931,CP05782,509,Ealing,-0.3370365,2,E02000267,Ealing 030
7844,1294865,Takeaway/sandwich shop,10.0,51.505478,CP02554,509,Ealing,-0.319778,2,E02000269,Ealing 032
7844,1032340,Takeaway/sandwich shop,5.0,51.529376,PI000015349,509,Ealing,-0.373106,2,E02000247,Ealing 010
7843,1800599,Pub/bar/nightclub,0.0,51.498336,CP05280,509,Ealing,-0.326495,2,E02000272,Ealing 035
1,1900076,Restaurant/Cafe/Canteen,15.0,51.505478,CP05758,509,Ealing,-0.319778,2,E02000269,Ealing 032
1,1000289,Restaurant/Cafe/Canteen,10.0,51.5152857,CP00749,509,Ealing,-0.3371962,2,E02000259,Ealing 022
4613,1032269,Retailers - other,5.0,51.501975,PI000000237,509,Ealing,-0.372324,2,E02000266,Ealing 029
1,1860338,Restaurant/Cafe/Canteen,10.0,51.5098045,CP05600,509,Ealing,-0.3235903,1,E02000265,Ealing 028
1,1649804,Restaurant/Cafe/Canteen,20.0,51.5121755,CP04303,509,Ealing,-0.3842482,1,E02000263,Ealing 026
4613,1567421,Retailers - other,15.0,51.503451,CP03771,509,Ealing,-0.380916,2,E02006970,Ealing 043
1,1029785,Restaurant/Cafe/Canteen,10.0,51.498111,CP00988,509,Ealing,-0.313926,1,E02000276,Ealing 039
1,1878659,Restaurant/Cafe/Canteen,15.0,51.5115651,CP05704,509,Ealing,-0.3765164,2,E02000260,Ealing 023
1,1766916,Restaurant/Cafe/Canteen,15.0,51.532299,CP05092,509,Ealing,-0.292723,1,E02000248,Ealing 011
1,1470420,Restaurant/Cafe/Canteen,25.0,51.5295477,CP03375,509,Ealing,-0.2699975,0,E02000252,Ealing 015
7844,1521411,Takeaway/sandwich shop,10.0,51.5114273,CP03547,509,Ealing,-0.3756566,2,E02000260,Ealing 023
1,1697198,Restaurant/Cafe/Canteen,15.0,51.5108345,CP04622,509,Ealing,-0.373761,1,E02000260,Ealing 023
1,1796582,Restaurant/Cafe/Canteen,15.0,51.510239,CP05254,509,Ealing,-0.287078,2,E02000264,Ealing 027
4613,1033922,Retailers - other,0.0,51.513676,PI000179020,509,Ealing,-0.269453,2,E02000258,Ealing 021
4613,1033365,Retailers - other,10.0,51.500537,PI000168229,509,Ealing,-0.382748,2,E02000275,Ealing 038
4613,924426,Retailers - other,5.0,51.5026157,CP00190,509,Ealing,-0.381575,2,E02000275,Ealing 038
1,1690434,Restaurant/Cafe/Canteen,10.0,51.508518,CP04579,509,Ealing,-0.268452,1,E02000262,Ealing 025
7844,1065598,Takeaway/sandwich shop,10.0,51.508942,CP01275,509,Ealing,-0.335675,2,E02000267,Ealing 030
4613,1643308,Retailers - other,5.0,51.500501,CP04251,509,Ealing,-0.315077,2,E02000269,Ealing 032
1,1802875,Restaurant/Cafe/Canteen,15.0,51.5036,CP05296,509,Ealing,-0.3723,1,E02000266,Ealing 029
1,1854343,Restaurant/Cafe/Canteen,10.0,51.5022017,CP05562,509,Ealing,-0.3841544,2,E02006970,Ealing 043
4613,1033616,Retailers - other,5.0,51.527204,PI000173267,509,Ealing,-0.354053,1,E02000249,Ealing 012
1,1222363,Restaurant/Cafe/Canteen,15.0,51.512351,CP02149,509,Ealing,-0.383296,2,E02000263,Ealing 026
7844,1827061,Takeaway/sandwich shop,10.0,51.510671,CH01263,509,Ealing,-0.376264,2,E02000260,Ealing 023
4613,1033266,Retailers - other,15.0,51.5018391,PI000162475,509,Ealing,-0.3722515,2,E02000266,Ealing 029
4613,1453154,Retailers - other,0.0,51.5094649,CP03337,509,Ealing,-0.3580732,2,E02000266,Ealing 029
4613,1888313,Retailers - other,25.0,51.502718,CP05743,509,Ealing,-0.386403,0,E02006970,Ealing 043
4613,1884967,Retailers - other,5.0,51.5030489,CP05719,509,Ealing,-0.381041,2,E02006970,Ealing 043
1,1666329,Restaurant/Cafe/Canteen,10.0,51.506473,CP04407,509,Ealing,-0.265792,1,E02000270,Ealing 033
1,1867539,Restaurant/Cafe/Canteen,15.0,51.551316,CP05648,509,Ealing,-0.339033,1,E02000239,Ealing 002
7844,1841334,Takeaway/sandwich shop,15.0,51.5294841,CP05496,509,Ealing,-0.2614361,1,E02000252,Ealing 015
1,1382127,Restaurant/Cafe/Canteen,5.0,51.5003979,CP02971,509,Ealing,-0.3890016,2,E02006971,Ealing 044
4613,1182087,Retailers - other,10.0,51.529466,CP01912,509,Ealing,-0.372425,1,E02000247,Ealing 010
1,1791728,Restaurant/Cafe/Canteen,10.0,51.51466,CP05235,509,Ealing,-0.249685,2,E02000261,Ealing 024
1,1888317,Restaurant/Cafe/Canteen,15.0,51.4975562,CP05747,509,Ealing,-0.3053974,1,E02000276,Ealing 039
7843,1231141,Pub/bar/nightclub,10.0,51.496816,CP02229,509,Ealing,-0.375749,2,E02000275,Ealing 038
4613,1867526,Retailers - other,5.0,51.5084994,CP05624,509,Ealing,-0.2659532,2,E02000262,Ealing 025
4613,1657762,Retailers - other,10.0,51.5268928,CP04360,509,Ealing,-0.2674167,1,E02000252,Ealing 015
7844,1437242,Takeaway/sandwich shop,25.0,51.506853,CP03310,509,Ealing,-0.267132,0,E02000262,Ealing 025
1,1841322,Restaurant/Cafe/Canteen,15.0,51.49695,CP05237,509,Ealing,-0.375038,1,E02000275,Ealing 038
1,1876560,Restaurant/Cafe/Canteen,15.0,51.497968,CP05699,509,Ealing,-0.305921,1,E02000276,Ealing 039
4613,1392296,Retailers - other,15.0,51.529538,CP03016,509,Ealing,-0.263921,2,E02000252,Ealing 015
7844,1771027,Takeaway/sandwich shop,10.0,51.507134,CP05111,509,Ealing,-0.3792678,1,E02000263,Ealing 026
1,1587559,Restaurant/Cafe/Canteen,25.0,51.5099318,CP03847,509,Ealing,-0.3236865,0,E02000265,Ealing 028
4613,1065593,Retailers - other,5.0,51.52835,CP01261,509,Ealing,-0.352397,1,E02000249,Ealing 012
4613,1597904,Retailers - other,10.0,51.518943,CP03961,509,Ealing,-0.375553,2,E02000254,Ealing 017
1,1399890,Restaurant/Cafe/Canteen,10.0,51.51466,CP03118,509,Ealing,-0.249685,1,E02000261,Ealing 024
4613,1182089,Retailers - other,10.0,51.501803,CP01914,509,Ealing,-0.382617,2,E02006970,Ealing 043
1,1856239,Restaurant/Cafe/Canteen,15.0,51.508287,CP05584,509,Ealing,-0.270507,1,E02000262,Ealing 025
4613,1590936,Retailers - other,15.0,51.509867,CP03911,509,Ealing,-0.324833,2,E02000265,Ealing 028
1,1032560,Restaurant/Cafe/Canteen,10.0,51.5024219,PI000070938,509,Ealing,-0.3160664,1,E02000269,Ealing 032
4613,1032558,Retailers - other,10.0,51.534494,PI000070852,509,Ealing,-0.332826,2,E02000244,Ealing 007
1,1912910,Restaurant/Cafe/Canteen,5.0,51.512235,CP05892,509,Ealing,-0.384683,2,E02000263,Ealing 026
7843,1034204,Pub/bar/nightclub,15.0,51.507724,PI000182274,509,Ealing,-0.271321,2,E02000262,Ealing 025
1,1656251,Restaurant/Cafe/Canteen,15.0,51.503467,CP04349,509,Ealing,-0.3813576,2,E02006970,Ealing 043
1,1865314,Restaurant/Cafe/Canteen,10.0,51.5109363,CP05633,509,Ealing,-0.318476,2,E02000265,Ealing 028
4613,1032274,Retailers - other,5.0,51.498111,PI000001110,509,Ealing,-0.313926,2,E02000276,Ealing 039
1,1719996,Restaurant/Cafe/Canteen,15.0,51.508287,CP04816,509,Ealing,-0.270507,1,E02000262,Ealing 025
7844,1867529,Takeaway/sandwich shop,15.0,51.5102956,CP05637,509,Ealing,-0.3757545,1,E02000260,Ealing 023
4613,1033182,Retailers - other,15.0,51.5148407,PI000151005,509,Ealing,-0.3017291,1,E02006968,Ealing 041
1,1552038,Restaurant/Cafe/Canteen,25.0,51.5126788,CP03716,509,Ealing,-0.2971258,0,E02000268,Ealing 031
4613,1033897,Retailers - other,10.0,51.5077342,PI000178952,509,Ealing,-0.378454,2,E02000263,Ealing 026
7844,1802883,Takeaway/sandwich shop,5.0,51.4997728,CP05306,509,Ealing,-0.2644836,2,E02000271,Ealing 034
4613,1095421,Retailers - other,5.0,51.50009155,CP01543,509,Ealing,-0.389564008,2,E02006971,Ealing 044
4613,1199214,Retailers - other,0.0,51.5103549,CP01953,509,Ealing,-0.3243483,2,E02000265,Ealing 028
1,1033240,Restaurant/Cafe/Canteen,15.0,51.510239,PI000162145,509,Ealing,-0.287078,1,E02000264,Ealing 027
1,1863039,Restaurant/Cafe/Canteen,15.0,51.5064271,CP05619,509,Ealing,-0.2553686,2,E02000271,Ealing 034
1,1199210,Restaurant/Cafe/Canteen,10.0,51.501654,CP01947,509,Ealing,-0.307052,2,E02000269,Ealing 032
4613,1735184,Retailers - other,20.0,51.534583,CP04908,509,Ealing,-0.3333638,0,E02000244,Ealing 007
1,1692687,Restaurant/Cafe/Canteen,25.0,51.496913,CP04600,509,Ealing,-0.325712,0,E02000272,Ealing 035
7843,1138237,Pub/bar/nightclub,10.0,51.504827,CP01754,509,Ealing,-0.306373,2,E02000268,Ealing 031
4613,1567423,Retailers - other,10.0,51.4969507,CP03774,509,Ealing,-0.375091,2,E02000275,Ealing 038
4613,1904185,Retailers - other,5.0,51.535398,CP05824,509,Ealing,-0.394447,1,E02000246,Ealing 009
1,1844498,Restaurant/Cafe/Canteen,15.0,51.5110143,CP05506,509,Ealing,-0.3750516,1,E02000260,Ealing 023
1,1669919,Restaurant/Cafe/Canteen,15.0,51.5089183,CP04433,509,Ealing,-0.3352378,1,E02000267,Ealing 030
4613,948611,Retailers - other,10.0,51.496487,CP00319,509,Ealing,-0.374089,2,E02000275,Ealing 038
4613,1705107,Retailers - other,10.0,51.499334,CP04680,509,Ealing,-0.391406,1,E02006971,Ealing 044
1,1679304,Restaurant/Cafe/Canteen,10.0,51.5283049,CP04467,509,Ealing,-0.2637877,1,E02000252,Ealing 015
1,1609697,Restaurant/Cafe/Canteen,5.0,51.5283357,CP03956,509,Ealing,-0.2634406,2,E02000252,Ealing 015
4613,1073466,Retailers - other,15.0,51.528654,CP01369,509,Ealing,-0.354866,2,E02000249,Ealing 012
7844,1738658,Takeaway/sandwich shop,25.0,51.522519,CP04938,509,Ealing,-0.261189,0,E02000252,Ealing 015
1,1666325,Restaurant/Cafe/Canteen,10.0,51.505395,CP03023,509,Ealing,-0.304594,2,E02000268,Ealing 031
7841,1699302,Other catering premises,0.0,51.5278005,CP04633,509,Ealing,-0.3542273,2,E02000249,Ealing 012
7844,1860340,Takeaway/sandwich shop,15.0,51.5056736,CP05602,509,Ealing,-0.3576764,2,E02000266,Ealing 029
1,1841327,Restaurant/Cafe/Canteen,5.0,51.502404,CP05484,509,Ealing,-0.316073,2,E02000269,Ealing 032
1,1032278,Restaurant/Cafe/Canteen,15.0,51.5055004,PI000002243,509,Ealing,-0.3607231,2,E02000266,Ealing 029
7842,913484,Hotel/bed & breakfast/guest house,15.0,51.5070813,PI000138864,509,Ealing,-0.3787077,2,E02000263,Ealing 026
1,1032570,Restaurant/Cafe/Canteen,10.0,51.511253,PI000074519,509,Ealing,-0.316093,2,E02000265,Ealing 028
1,1580320,Restaurant/Cafe/Canteen,15.0,51.550249,CP03819,509,Ealing,-0.330966,1,E02000239,Ealing 002
4613,1800594,Retailers - other,15.0,51.5314034,CP04174,509,Ealing,-0.2923322,2,E02000248,Ealing 011
1,1032367,Restaurant/Cafe/Canteen,10.0,51.5005648,PI000022410,509,Ealing,-0.3880592,2,E02006970,Ealing 043
1,1451559,Restaurant/Cafe/Canteen,25.0,51.510671,CP03292,509,Ealing,-0.376265,0,E02000260,Ealing 023
7844,1053842,Takeaway/sandwich shop,15.0,51.5089784,CP01181,509,Ealing,-0.3773866,2,E02000260,Ealing 023
1,1749540,Restaurant/Cafe/Canteen,10.0,51.511866,CP05000,509,Ealing,-0.305636,1,E02006969,Ealing 042
1,1385193,Restaurant/Cafe/Canteen,15.0,51.5125374,CP02992,509,Ealing,-0.3047548,1,E02006969,Ealing 042
1,1247141,Restaurant/Cafe/Canteen,25.0,51.525395,CP02291,509,Ealing,-0.364901,0,E02000251,Ealing 014
1,1277391,Restaurant/Cafe/Canteen,10.0,51.513589,CP02442,509,Ealing,-0.336788,2,E02000259,Ealing 022
4613,1033457,Retailers - other,5.0,51.516866,PI000171437,509,Ealing,-0.290721,2,E02006968,Ealing 041
1,1530604,Restaurant/Cafe/Canteen,10.0,51.4991559,CP03592,509,Ealing,-0.3823891,1,E02000275,Ealing 038
7841,1032425,Other catering premises,15.0,51.510803,PI000036143,509,Ealing,-0.381261,2,E02000263,Ealing 026
4613,1888309,Retailers - other,15.0,51.499334,CP05739,509,Ealing,-0.391406,1,E02006971,Ealing 044
7844,1902285,Takeaway/sandwich shop,15.0,51.503452,CP05790,509,Ealing,-0.380916,1,E02006970,Ealing 043
1,1793675,Restaurant/Cafe/Canteen,15.0,51.5287935,CP05240,509,Ealing,-0.250664,2,E02000252,Ealing 015
4613,1813006,Retailers - other,5.0,51.525395,CP05353,509,Ealing,-0.364901,1,E02000251,Ealing 014
1,1727011,Restaurant/Cafe/Canteen,25.0,51.5108353,CP04858,509,Ealing,-0.3757934,0,E02000260,Ealing 023
7844,1617841,Takeaway/sandwich shop,5.0,51.507809,CP04087,509,Ealing,-0.369594,2,E02000260,Ealing 023
4613,1270715,Retailers - other,10.0,51.5291452,CP02403,509,Ealing,-0.264664,2,E02000252,Ealing 015
1,1033770,Restaurant/Cafe/Canteen,15.0,51.514307,PI000175880,509,Ealing,-0.344963,1,E02000259,Ealing 022
4613,1033407,Retailers - other,15.0,51.50844,PI000169495,509,Ealing,-0.28275,1,E02000264,Ealing 027
4613,1033280,Retailers - other,15.0,51.513879,PI000162712,509,Ealing,-0.3728311,1,E02000260,Ealing 023
7844,1151121,Takeaway/sandwich shop,10.0,51.5106208,CP01789,509,Ealing,-0.3221913,2,E02000265,Ealing 028
1,1633678,Restaurant/Cafe/Canteen,25.0,51.5295477,CP04206,509,Ealing,-0.2699975,0,E02000252,Ealing 015
1,1763184,Restaurant/Cafe/Canteen,10.0,51.511253,CP05057,509,Ealing,-0.316093,2,E02000265,Ealing 028
1,1835305,Restaurant/Cafe/Canteen,10.0,51.5109215,CP05443,509,Ealing,-0.3787443,2,E02000263,Ealing 026
4613,1570959,Retailers - other,10.0,51.539795,CP03793,509,Ealing,-0.311131,2,E02000242,Ealing 005
7843,1032951,Pub/bar/nightclub,0.0,51.518162,PI000131271,509,Ealing,-0.2699246,2,E02000252,Ealing 015
4613,1519671,Retailers - other,10.0,51.528912,CP03533,509,Ealing,-0.2634907,2,E02000252,Ealing 015
1,1827089,Restaurant/Cafe/Canteen,15.0,51.5119239,CP05382,509,Ealing,-0.3829601,1,E02000263,Ealing 026
7841,1032371,Other catering premises,20.0,51.501803,PI000023732,509,Ealing,-0.382617,0,E02006970,Ealing 043
1,1073476,Restaurant/Cafe/Canteen,10.0,51.5007898,CP01386,509,Ealing,-0.3834983,2,E02006970,Ealing 043
4613,1263840,Retailers - other,5.0,51.5074414,CP02325,509,Ealing,-0.3787381,2,E02000263,Ealing 026
4613,1220299,Retailers - other,10.0,51.5016084,CP02123,509,Ealing,-0.3822159,2,E02000275,Ealing 038
7844,1531945,Takeaway/sandwich shop,5.0,51.551316,CP03564,509,Ealing,-0.339033,2,E02000239,Ealing 002
1,1902302,Restaurant/Cafe/Canteen,15.0,51.510992,CP05810,509,Ealing,-0.318004,2,E02000265,Ealing 028
7843,1884969,Pub/bar/nightclub,5.0,51.5283357,CP05722,509,Ealing,-0.2634406,2,E02000252,Ealing 015
1,1426001,Restaurant/Cafe/Canteen,15.0,51.50823,CP03257,509,Ealing,-0.338064,2,E02000267,Ealing 030
4613,1320422,Retailers - other,5.0,51.5001275,CP02687,509,Ealing,-0.3063996,2,E02000268,Ealing 031
1,1902305,Restaurant/Cafe/Canteen,25.0,51.51066971,CP05814,509,Ealing,-0.376264989,0,E02000260,Ealing 023
4613,1289547,Retailers - other,0.0,51.51066208,CP02516,509,Ealing,-0.376253009,2,E02000260,Ealing 023
4613,1592732,Retailers - other,5.0,51.495146,CP03355,509,Ealing,-0.387635,1,E02006971,Ealing 044
4613,1810937,Retailers - other,0.0,51.508238,CP05341,509,Ealing,-0.388297,1,E02000263,Ealing 026
1,1796577,Restaurant/Cafe/Canteen,15.0,51.5110434,CP05249,509,Ealing,-0.3758576,1,E02000260,Ealing 023
4613,1287538,Retailers - other,5.0,51.518961,CP02458,509,Ealing,-0.3755183,2,E02000254,Ealing 017
7844,1787511,Takeaway/sandwich shop,15.0,51.5114491,CM00319,509,Ealing,-0.3759297,1,E02000260,Ealing 023
1,1858446,Restaurant/Cafe/Canteen,15.0,51.529519,CP05598,509,Ealing,-0.268131,2,E02000252,Ealing 015
1,1846481,Restaurant/Cafe/Canteen,15.0,51.5031023,CP05525,509,Ealing,-0.3809959,2,E02006970,Ealing 043
7843,1497848,Pub/bar/nightclub,10.0,51.5116102,CP03360,509,Ealing,-0.3159292,1,E02000256,Ealing 019
4613,1045710,Retailers - other,5.0,51.532299,CP01105,509,Ealing,-0.292723,2,E02000248,Ealing 011
1,1873660,Restaurant/Cafe/Canteen,15.0,51.5105347,CP05674,509,Ealing,-0.3728926,2,E02000260,Ealing 023
4613,1617849,Retailers - other,10.0,51.5144946,CP04098,509,Ealing,-0.258476,2,E02000261,Ealing 024
1,1719998,Restaurant/Cafe/Canteen,25.0,51.5111932,CP04818,509,Ealing,-0.3762847,0,E02000260,Ealing 023
7844,1878661,Takeaway/sandwich shop,10.0,51.5268928,CP05708,509,Ealing,-0.2674167,1,E02000252,Ealing 015
4613,1783739,Retailers - other,10.0,51.502231,CP05182,509,Ealing,-0.384331,2,E02006970,Ealing 043
7844,1287547,Takeaway/sandwich shop,10.0,51.509152,CP02512,509,Ealing,-0.337814,2,E02000267,Ealing 030
7844,1032343,Takeaway/sandwich shop,15.0,51.514139,PI000016007,509,Ealing,-0.319849,1,E02000256,Ealing 019
1,1453156,Restaurant/Cafe/Canteen,15.0,51.5138435,CP03339,509,Ealing,-0.3728159,1,E02000260,Ealing 023
1,1628569,Restaurant/Cafe/Canteen,15.0,51.5064,CP04162,509,Ealing,-0.264527,1,E02000270,Ealing 033
7844,1865313,Takeaway/sandwich shop,10.0,51.4984421,CP05632,509,Ealing,-0.272415,1,E02000270,Ealing 033
4613,1709272,Retailers - other,5.0,51.516866,CP04716,509,Ealing,-0.290721,1,E02006968,Ealing 041
7844,1032598,Takeaway/sandwich shop,15.0,51.539667,PI000078535,509,Ealing,-0.309781,2,E02000242,Ealing 005
1,1733296,Restaurant/Cafe/Canteen,20.0,51.512235,CP04870,509,Ealing,-0.384683,1,E02000263,Ealing 026
7840,1032644,Retailers - supermarkets/hypermarkets,0.0,51.5286742,PI000088219,509,Ealing,-0.3524081,2,E02000249,Ealing 012
1,1681008,Restaurant/Cafe/Canteen,10.0,51.510986,CP04431,509,Ealing,-0.320051,2,E02000265,Ealing 028
1,1902289,Restaurant/Cafe/Canteen,25.0,51.5105731,CP05794,509,Ealing,-0.3743612,0,E02000260,Ealing 023
4613,1576946,Retailers - other,0.0,51.506509,CP03797,509,Ealing,-0.247043,2,E02000261,Ealing 024
1,1160029,Restaurant/Cafe/Canteen,25.0,51.509607,CP01830,509,Ealing,-0.286309,0,E02000264,Ealing 027
7843,1603093,Pub/bar/nightclub,5.0,51.509121,CP03978,509,Ealing,-0.338133,2,E02000267,Ealing 030
7843,1888321,Pub/bar/nightclub,10.0,51.504151,CP05753,509,Ealing,-0.343443,2,E02000267,Ealing 030
1,1810940,Restaurant/Cafe/Canteen,10.0,51.5052751,CP05345,509,Ealing,-0.3056297,1,E02000268,Ealing 031
7843,1416169,Pub/bar/nightclub,10.0,51.495146,CP03210,509,Ealing,-0.387635,1,E02006971,Ealing 044
1,1099123,Restaurant/Cafe/Canteen,5.0,51.4963758,CP01541,509,Ealing,-0.2561416,2,E02006791,Ealing 040
7843,1032739,Pub/bar/nightclub,10.0,51.506792,PI000109561,509,Ealing,-0.266082,2,E02000262,Ealing 025
7844,1617843,Takeaway/sandwich shop,20.0,51.539207,CP04089,509,Ealing,-0.306553,0,E02000242,Ealing 005
1,1526864,Restaurant/Cafe/Canteen,25.0,51.5273589,CP03581,509,Ealing,-0.3528737,0,E02000249,Ealing 012
7844,1798901,Takeaway/sandwich shop,5.0,51.507494,CP05270,509,Ealing,-0.271618,2,E02000262,Ealing 025
1,1525097,Restaurant/Cafe/Canteen,15.0,51.5034424,CP03571,509,Ealing,-0.3808829,2,E02006970,Ealing 043
4613,1569267,Retailers - other,0.0,51.501314,CP03784,509,Ealing,-0.382361,2,E02000275,Ealing 038
1,1810936,Restaurant/Cafe/Canteen,15.0,51.5039699,CP05340,509,Ealing,-0.3690387,1,E02000266,Ealing 029
1,1683479,Restaurant/Cafe/Canteen,5.0,51.5008947,CP04501,509,Ealing,-0.3826302,2,E02000275,Ealing 038
4613,1422179,Retailers - other,10.0,51.506443,CP03242,509,Ealing,-0.254035,1,E02000271,Ealing 034
4613,1034093,Retailers - other,5.0,51.512514,PI000181948,509,Ealing,-0.386648,2,E02000263,Ealing 026
1,1032660,Restaurant/Cafe/Canteen,15.0,51.517524,PI000091244,509,Ealing,-0.289644,1,E02006968,Ealing 041
7844,1858438,Takeaway/sandwich shop,5.0,51.5126853,CP05589,509,Ealing,-0.306277,2,E02006969,Ealing 042
7844,1000279,Takeaway/sandwich shop,10.0,51.510239,CP00513,509,Ealing,-0.287078,2,E02000264,Ealing 027
4613,1902287,Retailers - other,15.0,51.5109172,CP05792,509,Ealing,-0.3745363,2,E02000260,Ealing 023
4613,1344427,Retailers - other,25.0,51.5141445,CP02753,509,Ealing,-0.3020865,0,E02006969,Ealing 042
4613,1800605,Retailers - other,25.0,51.510684,CP05286,509,Ealing,-0.322238,0,E02000265,Ealing 028
7843,1033518,Pub/bar/nightclub,5.0,51.546031,PI000172261,509,Ealing,-0.399985,2,E02006796,Hillingdon 033
1,1753028,Restaurant/Cafe/Canteen,15.0,51.512929,CP05016,509,Ealing,-0.354409,1,E02000266,Ealing 029
4613,1032307,Retailers - other,5.0,51.498633,PI000006995,509,Ealing,-0.392742,1,E02006971,Ealing 044
1,1909020,Restaurant/Cafe/Canteen,10.0,51.510239,CP05862,509,Ealing,-0.287078,1,E02000264,Ealing 027
7844,1884975,Takeaway/sandwich shop,25.0,51.510992,CP05736,509,Ealing,-0.318004,0,E02000265,Ealing 028
7844,1382126,Takeaway/sandwich shop,10.0,51.551218,CP02968,509,Ealing,-0.350518,2,E02000238,Ealing 001
4613,1672779,Retailers - other,15.0,51.501314,CP04441,509,Ealing,-0.382361,1,E02000275,Ealing 038
4613,1830768,Retailers - other,15.0,51.501314,CP05410,509,Ealing,-0.382361,1,E02000275,Ealing 038
1,1319002,Restaurant/Cafe/Canteen,10.0,51.5108281,CP02670,509,Ealing,-0.3190853,2,E02000265,Ealing 028
4613,1007170,Retailers - other,15.0,51.647487,PI/000182624,510,Enfield,-0.057127,2,E02000292,Enfield 016
4613,349101,Retailers - other,10.0,51.611076,PI/000170950,510,Enfield,-0.101593,2,E02000311,Enfield 035
4613,318071,Retailers - other,15.0,51.611064,PI/000168845,510,Enfield,-0.103659,2,E02000311,Enfield 035
7844,1701345,Takeaway/sandwich shop,15.0,51.644115,PI/000194272,510,Enfield,-0.045188,2,E02000288,Enfield 012
7844,1532418,Takeaway/sandwich shop,0.0,51.624259,PI/000191233,510,Enfield,-0.058178,1,E02000306,Enfield 030
4613,317548,Retailers - other,5.0,51.656952,PI/000155063,510,Enfield,-0.047658,1,E02000282,Enfield 006
1,1576905,Restaurant/Cafe/Canteen,5.0,51.638785,PI/000189107,510,Enfield,-0.048048,1,E02000294,Enfield 018
4613,742043,Retailers - other,15.0,51.625126,PI/000177875,510,Enfield,-0.061651,1,E02000306,Enfield 030
1,1796852,Restaurant/Cafe/Canteen,10.0,51.670209,PI/000197280,510,Enfield,-0.040768,2,E02000278,Enfield 002
4613,1525488,Retailers - other,10.0,51.649772,PI/000190914,510,Enfield,-0.035549,1,E02000288,Enfield 012
1,1687984,Restaurant/Cafe/Canteen,,51.651394,PI/000193932,510,Enfield,-0.080321,2,E02000291,Enfield 015
1,1771552,Restaurant/Cafe/Canteen,15.0,51.611548,PI/000196535,510,Enfield,-0.065523,1,E02000309,Enfield 033
7840,1130454,Retailers - supermarkets/hypermarkets,5.0,51.616451,PI/000184461,510,Enfield,-0.135646,1,E02000308,Enfield 032
1,1488233,Restaurant/Cafe/Canteen,15.0,51.631146,PI/000190270,510,Enfield,-0.12844,1,E02000296,Enfield 020
7843,1867114,Pub/bar/nightclub,5.0,51.608542,PI/000195535,510,Enfield,-0.110075,2,E02000312,Enfield 036
4613,1584861,Retailers - other,15.0,51.611526,PI/000191911,510,Enfield,-0.1379764,2,E02000308,Enfield 032
1,1604626,Restaurant/Cafe/Canteen,10.0,51.6132097,PI/000192141,510,Enfield,-0.0474173,1,E02000306,Enfield 030
4613,1750224,Retailers - other,15.0,51.612613,PI/000195435,510,Enfield,-0.1211,1,E02000312,Enfield 036
4613,1552753,Retailers - other,10.0,51.616189,PI/000191514,510,Enfield,-0.074902,1,E02006793,Enfield 037
7844,983867,Takeaway/sandwich shop,15.0,51.643128,PI/000182563,510,Enfield,-0.046994,2,E02000294,Enfield 018
7841,1758304,Other catering premises,15.0,51.621328,PI/000196071,510,Enfield,-0.105542,2,E02000305,Enfield 029
7844,1792027,Takeaway/sandwich shop,10.0,51.6578666,PI/000197203,510,Enfield,-0.0588085,2,E02000281,Enfield 005
7843,316492,Pub/bar/nightclub,10.0,51.610071,PI/000051578,510,Enfield,-0.122432,1,E02000312,Enfield 036
7844,1859319,Takeaway/sandwich shop,20.0,51.656575,PI/000198422,510,Enfield,-0.047182,1,E02000288,Enfield 012
7841,1214393,Other catering premises,15.0,51.667593,PI/000186959,510,Enfield,-0.083353,2,E02000280,Enfield 004
4613,1391819,Retailers - other,15.0,51.671245,PI/000189574,510,Enfield,-0.033362,1,E02000279,Enfield 003
1,1737585,Restaurant/Cafe/Canteen,15.0,51.6802417,PI/000195541,510,Enfield,-0.0496688,1,E02000278,Enfield 002
7844,1900502,Takeaway/sandwich shop,0.0,51.653777,PI/000208160,510,Enfield,-0.091916,1,E02000286,Enfield 010
4613,619238,Retailers - other,10.0,51.644923,PI/000176278,510,Enfield,-0.06523,2,E02000291,Enfield 015
7841,1747860,Other catering premises,15.0,51.633758,PI/000195730,510,Enfield,-0.124735,1,E02000296,Enfield 020
1,1591582,Restaurant/Cafe/Canteen,15.0,51.640736,PI/000192130,510,Enfield,-0.077462,2,E02000291,Enfield 015
1,1836690,Restaurant/Cafe/Canteen,15.0,51.6139101,PI/000197931,510,Enfield,-0.0640794,1,E02000309,Enfield 033
4613,1422974,Retailers - other,10.0,51.6674317,PI/000181604,510,Enfield,-0.0418172,0,E02000282,Enfield 006
1,1624969,Restaurant/Cafe/Canteen,5.0,51.651453,PI/000192624,510,Enfield,-0.0816236,2,E02000291,Enfield 015
1,1435768,Restaurant/Cafe/Canteen,15.0,51.652052,PI/000190512,510,Enfield,-0.084269,2,E02000291,Enfield 015
1,1022458,Restaurant/Cafe/Canteen,15.0,51.63263702,PI/000182660,510,Enfield,-0.128856003,1,E02000296,Enfield 020
4613,1431516,Retailers - other,10.0,51.662571,PI/000189687,510,Enfield,-0.086934,2,E02000284,Enfield 008
7844,1720658,Takeaway/sandwich shop,15.0,51.616742,PI/000194900,510,Enfield,-0.085568,2,E02000307,Enfield 031
1,1732118,Restaurant/Cafe/Canteen,15.0,51.645964,PI/000195269,510,Enfield,-0.047147,1,E02000288,Enfield 012
7844,1651650,Takeaway/sandwich shop,15.0,51.61624,PI/000193001,510,Enfield,-0.134282,1,E02000308,Enfield 032
7844,317538,Takeaway/sandwich shop,15.0,51.658792,PI/000155013,510,Enfield,-0.031313,1,E02000283,Enfield 007
1,1684377,Restaurant/Cafe/Canteen,20.0,51.6136702,PI/000193875,510,Enfield,-0.0648894,0,E02000309,Enfield 033
7844,317630,Takeaway/sandwich shop,15.0,51.667386,PI/000155929,510,Enfield,-0.041873,1,E02000282,Enfield 006
7844,1767266,Takeaway/sandwich shop,20.0,51.62151,PI/000196521,510,Enfield,-0.080745,1,E02000307,Enfield 031
1,1609589,Restaurant/Cafe/Canteen,15.0,51.669905,PI/000192383,510,Enfield,-0.041432,2,E02000278,Enfield 002
7840,1849055,Retailers - supermarkets/hypermarkets,15.0,51.663897,PI/000198069,510,Enfield,-0.094383,2,E02000284,Enfield 008
4613,1742414,Retailers - other,15.0,51.647529,PI/000194387,510,Enfield,-0.147641,2,E02000287,Enfield 011
1,1784867,Restaurant/Cafe/Canteen,15.0,51.6335684,PI/000196868,510,Enfield,-0.053869,2,E02000299,Enfield 023
7844,1824467,Takeaway/sandwich shop,15.0,51.6522339,PI/000197688,510,Enfield,-0.0798848,1,E02000291,Enfield 015
1,1806637,Restaurant/Cafe/Canteen,15.0,51.643128,PI/000197429,510,Enfield,-0.046994,1,E02000294,Enfield 018
4613,1354898,Retailers - other,10.0,51.657463,PI/000188694,510,Enfield,-0.0469023,1,E02000282,Enfield 006
7844,1824466,Takeaway/sandwich shop,10.0,51.6138451,PI/000197687,510,Enfield,-0.0947956,2,E02000311,Enfield 035
1,1609584,Restaurant/Cafe/Canteen,5.0,51.611388,PI/000192145,510,Enfield,-0.10922,2,E02000311,Enfield 035
4613,317687,Retailers - other,10.0,51.643654,PI/000161768,510,Enfield,-0.051018,1,E02000294,Enfield 018
4613,317706,Retailers - other,15.0,51.632949,PI/000162385,510,Enfield,-0.10292,1,E02000298,Enfield 022
7844,1755362,Takeaway/sandwich shop,15.0,51.643128,PI/000195882,510,Enfield,-0.046994,1,E02000294,Enfield 018
4613,1841578,Retailers - other,15.0,51.608542,PI/000197654,510,Enfield,-0.110075,2,E02000312,Enfield 036
1,1867117,Restaurant/Cafe/Canteen,10.0,51.6153604,PI/000200029,510,Enfield,-0.0768931,1,E02006793,Enfield 037
7844,1781458,Takeaway/sandwich shop,15.0,51.6454194,PI/000196878,510,Enfield,-0.0462203,1,E02000288,Enfield 012
1,1396294,Restaurant/Cafe/Canteen,10.0,51.66953,PI/000188710,510,Enfield,-0.041043,1,E02000278,Enfield 002
7844,1753502,Takeaway/sandwich shop,15.0,51.616079,PI/000195877,510,Enfield,-0.073665,2,E02006793,Enfield 037
1,1453502,Restaurant/Cafe/Canteen,15.0,51.65708,PI/000185964,510,Enfield,-0.046683,1,E02000282,Enfield 006
7844,1243421,Takeaway/sandwich shop,15.0,51.671316,PI/000187382,510,Enfield,-0.0344,2,E02000279,Enfield 003
1,1694059,Restaurant/Cafe/Canteen,15.0,51.614471,PI/000194067,510,Enfield,-0.066106,2,E02000309,Enfield 033
4613,316288,Retailers - other,0.0,51.625126,PI/000029284,510,Enfield,-0.061651,2,E02000306,Enfield 030
4613,1669505,Retailers - other,10.0,51.619413,PI/000192763,510,Enfield,-0.063151,1,E02000303,Enfield 027
7841,1897658,Other catering premises,15.0,51.631197,PI/000203209,510,Enfield,-0.0556613,2,E02000299,Enfield 023
4613,670228,Retailers - other,15.0,51.624602,PI/000177639,510,Enfield,-0.047414,2,E02000301,Enfield 025
4613,1487644,Retailers - other,10.0,51.645964,PI/000190222,510,Enfield,-0.047147,1,E02000288,Enfield 012
7844,1561091,Takeaway/sandwich shop,15.0,51.659134,PI/000191587,510,Enfield,-0.059405,2,E02000281,Enfield 005
4613,546581,Retailers - other,15.0,51.664015,PI/000174883,510,Enfield,-0.080106,2,E02000280,Enfield 004
4613,493994,Retailers - other,10.0,51.634373,PI/000174614,510,Enfield,-0.052587,1,E02000299,Enfield 023
1,316061,Restaurant/Cafe/Canteen,15.0,51.636671,PI/000005291,510,Enfield,-0.082417,1,E02000297,Enfield 021
4613,1111375,Retailers - other,20.0,51.670388,PI/000185119,510,Enfield,-0.041252,1,E02000278,Enfield 002
1,1714530,Restaurant/Cafe/Canteen,10.0,51.628626,PI/000194761,510,Enfield,-0.053628,1,E02000299,Enfield 023
7844,1732117,Takeaway/sandwich shop,15.0,51.6772042,PI/000194957,510,Enfield,-0.0352195,2,E02000277,Enfield 001
4613,894051,Retailers - other,0.0,51.650883,PI/000180365,510,Enfield,-0.149918,2,E02000287,Enfield 011
7844,1374811,Takeaway/sandwich shop,15.0,51.622542,PI/000188277,510,Enfield,-0.08947,1,E02000307,Enfield 031
7844,1095158,Takeaway/sandwich shop,,51.663845,PI/000184280,510,Enfield,-0.08286,2,E02000280,Enfield 004
4613,316238,Retailers - other,10.0,51.63297,PI/000025935,510,Enfield,-0.1289,1,E02000296,Enfield 020
4613,1250920,Retailers - other,15.0,51.670388,PI/000185220,510,Enfield,-0.041252,1,E02000278,Enfield 002
4613,739427,Retailers - other,0.0,51.617144,PI/000177488,510,Enfield,-0.064043,1,E02000309,Enfield 033
4613,1705795,Retailers - other,15.0,51.666719,PI/000193871,510,Enfield,-0.071127,2,E02000281,Enfield 005
1,316136,Restaurant/Cafe/Canteen,20.0,51.648846,PI/000013812,510,Enfield,-0.129186,0,E02000296,Enfield 020
4613,1487645,Retailers - other,15.0,51.666428,PI/000190630,510,Enfield,-0.065471,2,E02000281,Enfield 005
1,1434433,Restaurant/Cafe/Canteen,15.0,51.6418282,PI/000190492,510,Enfield,-0.0359537,1,E02000290,Enfield 014
4613,317719,Retailers - other,10.0,51.6665672,PI/000162868,510,Enfield,-0.0433584,1,E02000282,Enfield 006
4613,317347,Retailers - other,5.0,51.64031,PI/000136063,510,Enfield,-0.047288,2,E02000294,Enfield 018
4613,1196786,Retailers - other,5.0,51.614471,PI/000185962,510,Enfield,-0.066106,1,E02000309,Enfield 033
1,1811038,Restaurant/Cafe/Canteen,20.0,51.628537,PI/000197608,510,Enfield,-0.052577,0,E02000299,Enfield 023
4613,1639525,Retailers - other,0.0,51.6449133,PI/000192841,510,Enfield,-0.0650466,1,E02000291,Enfield 015
1,1077469,Restaurant/Cafe/Canteen,10.0,51.6457567,PI/000180771,510,Enfield,-0.0497326,2,E02000288,Enfield 012
4613,1827103,Retailers - other,5.0,51.6316181,PI/000194715,510,Enfield,-0.0950327,1,E02000298,Enfield 022
1,1418943,Restaurant/Cafe/Canteen,15.0,51.644348,PI/000190022,510,Enfield,-0.046811,2,E02000288,Enfield 012
7844,1812258,Takeaway/sandwich shop,20.0,51.6674317,PI/000197642,510,Enfield,-0.0418172,0,E02000282,Enfield 006
4613,316435,Retailers - other,10.0,51.617144,PI/000046829,510,Enfield,-0.064043,2,E02000309,Enfield 033
7844,1755363,Takeaway/sandwich shop,15.0,51.661088,PI/000195884,510,Enfield,-0.078697,1,E02000284,Enfield 008
4613,318072,Retailers - other,20.0,51.624259,PI/000169335,510,Enfield,-0.058178,0,E02000306,Enfield 030
4613,639962,Retailers - other,0.0,51.631347,PI/000138902,510,Enfield,-0.055563,1,E02000299,Enfield 023
7841,1438422,Other catering premises,5.0,51.642341,PI/000189604,510,Enfield,-0.067898,1,E02000291,Enfield 015
1,316049,Restaurant/Cafe/Canteen,15.0,51.614972,PI/000003510,510,Enfield,-0.063774,1,E02000309,Enfield 033
1,1699632,Restaurant/Cafe/Canteen,15.0,51.653347,PI/000194262,510,Enfield,-0.072244,1,E02000285,Enfield 009
1,1831392,Restaurant/Cafe/Canteen,,51.646993,PI/000197725,510,Enfield,-0.047377,2,E02000288,Enfield 012
1,1401541,Restaurant/Cafe/Canteen,15.0,51.611894,PI/000189642,510,Enfield,-0.072339,2,E02006793,Enfield 037
7841,1567801,Other catering premises,10.0,51.609123,PI/000191666,510,Enfield,-0.110441,2,E02000312,Enfield 036
7840,317654,Retailers - supermarkets/hypermarkets,5.0,51.6245914,PI/000160107,510,Enfield,-0.0593763,2,E02000306,Enfield 030
4613,1720663,Retailers - other,15.0,51.644236,PI/000194908,510,Enfield,-0.052511,1,E02000288,Enfield 012
4613,317352,Retailers - other,0.0,51.616427,PI/000136649,510,Enfield,-0.063625,1,E02000309,Enfield 033
1,1591570,Restaurant/Cafe/Canteen,10.0,51.619337,PI/000191834,510,Enfield,-0.10756,2,E02000305,Enfield 029
7841,1836686,Other catering premises,10.0,51.6134549,PI/000196133,510,Enfield,-0.0643786,0,E02000309,Enfield 033
7844,1025290,Takeaway/sandwich shop,15.0,51.63206,PI/000183519,510,Enfield,-0.128244,2,E02000296,Enfield 020
1,1499418,Restaurant/Cafe/Canteen,15.0,51.6410776,PI/000188183,510,Enfield,-0.0325573,2,E02000290,Enfield 014
1,1900493,Restaurant/Cafe/Canteen,15.0,51.6173106,PI/000198367,510,Enfield,-0.1088932,2,E02000305,Enfield 029
7844,1861007,Takeaway/sandwich shop,15.0,51.618553,PI/000200026,510,Enfield,-0.050852,2,E02000306,Enfield 030
7844,1737577,Takeaway/sandwich shop,10.0,51.6454029,PI/000192361,510,Enfield,-0.0582179,2,E02000292,Enfield 016
1,1815303,Restaurant/Cafe/Canteen,15.0,51.610796,PI/000195583,510,Enfield,-0.109346,1,E02000311,Enfield 035
4613,1595372,Retailers - other,0.0,51.63616,PI/000191914,510,Enfield,-0.090791,1,E02000297,Enfield 021
7844,1669504,Takeaway/sandwich shop,15.0,51.660438,PI/000192495,510,Enfield,-0.079635,2,E02000284,Enfield 008
7844,1155735,Takeaway/sandwich shop,20.0,51.65102,PI/000185742,510,Enfield,-0.080048,0,E02000291,Enfield 015
4613,628251,Retailers - other,15.0,51.631253,PI/000176746,510,Enfield,-0.096488,1,E02000298,Enfield 022
4613,700605,Retailers - other,15.0,51.636671,PI/000177617,510,Enfield,-0.082417,2,E02000297,Enfield 021
4613,316933,Retailers - other,15.0,51.671316,PI/000091076,510,Enfield,-0.0344,2,E02000279,Enfield 003
7844,653580,Takeaway/sandwich shop,10.0,51.646993,PI/000174885,510,Enfield,-0.047377,2,E02000288,Enfield 012
4613,732285,Retailers - other,10.0,51.617144,PI/000177552,510,Enfield,-0.064043,1,E02000309,Enfield 033
4613,1471279,Retailers - other,0.0,51.646242,PI/000189272,510,Enfield,-0.0466,2,E02000288,Enfield 012
1,1714538,Restaurant/Cafe/Canteen,20.0,51.6126226,PI/000194782,510,Enfield,-0.0467203,0,E02000306,Enfield 030
1,1092569,Restaurant/Cafe/Canteen,15.0,51.625126,PI/000184752,510,Enfield,-0.061651,1,E02000306,Enfield 030
7844,316762,Takeaway/sandwich shop,10.0,51.668546,PI/000067004,510,Enfield,-0.016732,1,E02000279,Enfield 003
7844,458919,Takeaway/sandwich shop,20.0,51.660526,PI/000168673,510,Enfield,-0.046289,0,E02000282,Enfield 006
4613,1676976,Retailers - other,5.0,51.6524749,PI/000188650,510,Enfield,-0.0808721,1,E02000284,Enfield 008
4613,1593279,Retailers - other,10.0,51.623439,PI/000184627,510,Enfield,-0.048316,1,E02000301,Enfield 025
1,1815306,Restaurant/Cafe/Canteen,15.0,51.61175,PI/000197649,510,Enfield,-0.0755291,2,E02006793,Enfield 037
7843,1760608,Pub/bar/nightclub,15.0,51.633224,PI/000196075,510,Enfield,-0.0997916,1,E02000298,Enfield 022
4613,316440,Retailers - other,10.0,51.617144,PI/000046845,510,Enfield,-0.064043,2,E02000309,Enfield 033
7841,536611,Other catering premises,15.0,51.641929,PI/000174933,510,Enfield,-0.070141,1,E02000291,Enfield 015
7844,1373714,Takeaway/sandwich shop,20.0,51.644286,PI/000189295,510,Enfield,-0.046279,0,E02000288,Enfield 012
7841,1664719,Other catering premises,15.0,51.6176817,PI/000192927,510,Enfield,-0.1096,2,E02000312,Enfield 036
7844,1730736,Takeaway/sandwich shop,10.0,51.6207971,PI/000194962,510,Enfield,-0.1059456,2,E02000305,Enfield 029
4613,930383,Retailers - other,15.0,51.634466,PI/000180179,510,Enfield,-0.053334,2,E02000299,Enfield 023
4613,770736,Retailers - other,5.0,51.626584,PI/000179203,510,Enfield,-0.096366,2,E02000302,Enfield 026
4613,954795,Retailers - other,15.0,51.61125522,PI/000178325,510,Enfield,-0.06513882,1,E02000309,Enfield 033
4613,316559,Retailers - other,15.0,51.617184,PI/000054354,510,Enfield,-0.109557,1,E02000305,Enfield 029
1,1904428,Restaurant/Cafe/Canteen,15.0,51.648637,PI/000193427,510,Enfield,-0.148362,1,E02000287,Enfield 011
1,1611066,Restaurant/Cafe/Canteen,15.0,51.6519674,PI/000187375,510,Enfield,-0.0855917,2,E02000291,Enfield 015
1,1403450,Restaurant/Cafe/Canteen,10.0,51.6169513,PI/000188192,510,Enfield,-0.0642732,2,E02000303,Enfield 027
4613,316223,Retailers - other,5.0,51.635135,PI/000025290,510,Enfield,-0.127655,1,E02000295,Enfield 019
7840,1669508,Retailers - supermarkets/hypermarkets,10.0,51.6101844,PI/000192973,510,Enfield,-0.0700059,2,E02006793,Enfield 037
7844,1782016,Takeaway/sandwich shop,15.0,51.63443,PI/000196883,510,Enfield,-0.0937586,2,E02000297,Enfield 021
1,317602,Restaurant/Cafe/Canteen,10.0,51.61624,PI/000155530,510,Enfield,-0.134282,1,E02000308,Enfield 032
1,954874,Restaurant/Cafe/Canteen,15.0,51.659137,PI/000182000,510,Enfield,-0.088091,1,E02000284,Enfield 008
1,1130458,Restaurant/Cafe/Canteen,15.0,51.659165,PI/000185004,510,Enfield,-0.087583,1,E02000284,Enfield 008
7844,1028472,Takeaway/sandwich shop,10.0,51.628174,PI/000183010,510,Enfield,-0.074771,2,E02000303,Enfield 027
1,317208,Restaurant/Cafe/Canteen,5.0,51.653784,PI/000125831,510,Enfield,-0.093491,2,E02000286,Enfield 010
4613,317129,Retailers - other,5.0,51.650204,PI/000113378,510,Enfield,-0.030239,2,E02000290,Enfield 014
7843,916920,Pub/bar/nightclub,15.0,51.638249,PI/000179180,510,Enfield,-0.112092,1,E02000295,Enfield 019
1,317605,Restaurant/Cafe/Canteen,15.0,51.61017,PI/000155583,510,Enfield,-0.110123,1,E02000312,Enfield 036
4613,317762,Retailers - other,15.0,51.631109,PI/000163676,510,Enfield,-0.06511,1,E02000300,Enfield 024
7840,317077,Retailers - supermarkets/hypermarkets,15.0,51.647487,PI/000109974,510,Enfield,-0.057127,2,E02000292,Enfield 016
7841,954859,Other catering premises,10.0,51.647648,PI/000181719,510,Enfield,-0.131866,2,E02000296,Enfield 020
7840,1651646,Retailers - supermarkets/hypermarkets,5.0,51.613821,PI/000192297,510,Enfield,-0.064314,1,E02000309,Enfield 033
4613,1556197,Retailers - other,15.0,51.639694,PI/000188666,510,Enfield,-0.047561,1,E02000294,Enfield 018
4613,694924,Retailers - other,5.0,51.4908482,PI/000166513,511,Greenwich,0.0699406,1,E02006991,Greenwich 039
1,1848104,Restaurant/Cafe/Canteen,15.0,51.4943703,17643,511,Greenwich,0.0135545,1,E02006993,Greenwich 041
4613,1693079,Retailers - other,0.0,51.5056099,16366,511,Greenwich,0.1034539,1,E02000314,Greenwich 002
7840,805467,Retailers - supermarkets/hypermarkets,0.0,51.4897954,PI/000196728,511,Greenwich,0.0343746,2,E02006994,Greenwich 042
4613,694139,Retailers - other,5.0,51.4868175,PI/000022427,511,Greenwich,0.0671691,2,E02000323,Greenwich 011
1,1907809,Restaurant/Cafe/Canteen,15.0,51.5024885,17950,511,Greenwich,0.0043872,1,E02006992,Greenwich 040
4613,694173,Retailers - other,0.0,51.4864123,PI/000030518,511,Greenwich,0.032562,2,E02000324,Greenwich 012
4613,1874001,Retailers - other,0.0,51.4863561,17769,511,Greenwich,0.0321706,2,E02000324,Greenwich 012
4613,996713,Retailers - other,0.0,51.4886322,PI/000203556,511,Greenwich,0.088382997,2,E02000318,Greenwich 006
4613,1538211,Retailers - other,0.0,51.4877206,15382,511,Greenwich,0.0916219,2,E02000318,Greenwich 006
4613,694176,Retailers - other,15.0,51.486276,PI/000030528,511,Greenwich,0.0326424,2,E02000324,Greenwich 012
4613,694177,Retailers - other,0.0,51.485477,PI/000030547,511,Greenwich,0.0325636,2,E02000326,Greenwich 014
7844,1367018,Takeaway/sandwich shop,15.0,51.493164,14315,511,Greenwich,0.0308297,2,E02006994,Greenwich 042
1,741736,Restaurant/Cafe/Canteen,5.0,51.4865168,PI/000177071,511,Greenwich,0.0910482,2,E02000318,Greenwich 006
4613,972331,Retailers - other,0.0,51.4893138,PI/000166571,511,Greenwich,0.0677103,2,E02000323,Greenwich 011
4613,1394225,Retailers - other,20.0,51.4905167,14578,511,Greenwich,0.0698679,0,E02006991,Greenwich 039
4613,1626115,Retailers - other,10.0,51.4905167,15929,511,Greenwich,0.0698679,2,E02006991,Greenwich 039
4613,1125560,Retailers - other,0.0,51.4865048,12621,511,Greenwich,0.0214895,1,E02006930,Greenwich 037
7844,1772309,Takeaway/sandwich shop,5.0,51.4901452,17013,511,Greenwich,0.08317,1,E02000319,Greenwich 007
4613,1502588,Retailers - other,10.0,51.4907541,15176,511,Greenwich,0.0691584,1,E02006991,Greenwich 039
4613,1610805,Retailers - other,5.0,51.4916356,15808,511,Greenwich,0.0650638,2,E02006994,Greenwich 042
4613,1641974,Retailers - other,0.0,51.4907085,15339,511,Greenwich,0.0694508,1,E02006991,Greenwich 039
4613,1677349,Retailers - other,10.0,51.4819582,16278,511,Greenwich,0.0368024,1,E02000324,Greenwich 012
4613,694553,Retailers - other,0.0,51.4767415,PI/000110875,511,Greenwich,0.0207984,2,E02000328,Greenwich 016
4613,694128,Retailers - other,10.0,51.4861922,PI/000020389,511,Greenwich,0.0809311,1,E02000319,Greenwich 007
7841,694144,Other catering premises,10.0,51.490576,PI/000023310,511,Greenwich,0.0127744,2,E02006992,Greenwich 040
1,1832092,Restaurant/Cafe/Canteen,15.0,51.4886309,17528,511,Greenwich,0.0676794,2,E02000323,Greenwich 011
4613,695039,Retailers - other,5.0,51.4798674,PI/000173551,511,Greenwich,0.0694576,2,E02000323,Greenwich 011
4613,694882,Retailers - other,10.0,51.4559392,PI/000159296,511,Greenwich,0.0411549,2,E02000337,Greenwich 025
4613,1812147,Retailers - other,15.0,51.4905294,17412,511,Greenwich,0.0676212,0,E02006994,Greenwich 042
7844,1610810,Takeaway/sandwich shop,10.0,51.49049,15813,511,Greenwich,0.0717676,2,E02006991,Greenwich 039
1,1610792,Restaurant/Cafe/Canteen,0.0,51.4877543,15794,511,Greenwich,0.059746,1,E02000317,Greenwich 005
7844,1873965,Takeaway/sandwich shop,10.0,51.4922576,17729,511,Greenwich,0.0631552,1,E02006994,Greenwich 042
7844,1109811,Takeaway/sandwich shop,10.0,51.487254,12540,511,Greenwich,0.1126312,1,E02000320,Greenwich 008
1,694929,Restaurant/Cafe/Canteen,15.0,51.4905668,PI/000166580,511,Greenwich,0.0700863,2,E02006991,Greenwich 039
4613,694898,Retailers - other,0.0,51.4940561,PI/000160984,511,Greenwich,0.0827782,1,E02000319,Greenwich 007
7843,1874013,Pub/bar/nightclub,0.0,51.488347,17784,511,Greenwich,0.0393753,2,E02000324,Greenwich 012
4613,1823668,Retailers - other,0.0,51.48877335,17480,511,Greenwich,0.040132999,2,E02000324,Greenwich 012
4613,1557608,Retailers - other,10.0,51.4908431,15300,511,Greenwich,0.0717554,2,E02006991,Greenwich 039
1,470180,Restaurant/Cafe/Canteen,15.0,51.5310251,33623,512,Hackney,-0.0799864,1,E02007111,Hackney 033
1,469523,Restaurant/Cafe/Canteen,10.0,51.5622371,25613,512,Hackney,-0.0733342,2,E02000353,Hackney 009
1,1885698,Restaurant/Cafe/Canteen,10.0,51.5346866,9a0c7382,512,Hackney,-0.0577131,2,E02000367,Hackney 023
4613,991618,Retailers - other,15.0,51.5416682,24601,512,Hackney,-0.0759041,2,E02007109,Hackney 031
4613,469368,Retailers - other,10.0,51.5262685,2390,512,Hackney,-0.0772745,2,E02007111,Hackney 033
1,469839,Restaurant/Cafe/Canteen,10.0,51.5547216,29949,512,Hackney,-0.0894038,1,E02000356,Hackney 012
1,470320,Restaurant/Cafe/Canteen,10.0,51.558858,34924,512,Hackney,-0.0745588,1,E02000358,Hackney 014
4613,1264373,Retailers - other,20.0,51.5395806,191509,512,Hackney,-0.0583382,1,E02000367,Hackney 023
7844,468905,Takeaway/sandwich shop,20.0,51.5539661,150369,512,Hackney,-0.0446738,0,E02000355,Hackney 011
1,1394355,Restaurant/Cafe/Canteen,15.0,51.5399183,HAC0803,512,Hackney,-0.0543465,2,E02000367,Hackney 023
4613,469171,Retailers - other,0.0,51.5524445,19669,512,Hackney,-0.044566,2,E02000359,Hackney 015
4613,469681,Retailers - other,15.0,51.5474219,27843,512,Hackney,-0.0551085,2,E02000361,Hackney 017
7844,469738,Takeaway/sandwich shop,10.0,51.5558443,28711,512,Hackney,-0.0554276,2,E02000354,Hackney 010
4613,469153,Retailers - other,5.0,51.561943,19388,512,Hackney,-0.0795216,2,E02000353,Hackney 009
7844,470120,Takeaway/sandwich shop,10.0,51.5268113,33089,512,Hackney,-0.0835085,1,E02007111,Hackney 033
1,1132794,Restaurant/Cafe/Canteen,10.0,51.5540345,190805,512,Hackney,-0.0542064,2,E02000354,Hackney 010
1,1885699,Restaurant/Cafe/Canteen,10.0,51.5399767,9cb4dc83,512,Hackney,-0.0540701,1,E02000367,Hackney 023
1,1754259,Restaurant/Cafe/Canteen,15.0,51.5358404,HAC1969,512,Hackney,-0.0775053,2,E02000369,Hackney 025
1,1514431,Restaurant/Cafe/Canteen,15.0,51.5558153,HAC1341,512,Hackney,-0.0558471,2,E02000354,Hackney 010
4613,470022,Retailers - other,15.0,51.5465522,32317,512,Hackney,-0.055809,0,E02000361,Hackney 017
1,1864884,Restaurant/Cafe/Canteen,15.0,51.5640796,o7p8q9r0,512,Hackney,-0.1030362,2,E02000351,Hackney 007
7844,470693,Takeaway/sandwich shop,5.0,51.5744368,5145,512,Hackney,-0.0720396,2,E02000345,Hackney 001
1,1527069,Restaurant/Cafe/Canteen,10.0,51.5524986,HAC1469,512,Hackney,-0.0440299,2,E02000359,Hackney 015
4613,470558,Retailers - other,10.0,51.5412934,39227,512,Hackney,-0.0575472,1,E02000367,Hackney 023
1,1830457,Restaurant/Cafe/Canteen,10.0,51.5412934,HAC2115,512,Hackney,-0.0575472,1,E02000367,Hackney 023
1,1816138,Restaurant/Cafe/Canteen,15.0,51.5453495,HAC2084,512,Hackney,-0.0359568,2,E02000362,Hackney 018
1,1872312,Restaurant/Cafe/Canteen,10.0,51.552142,da401326,512,Hackney,-0.0746546,2,E02000360,Hackney 016
1,469659,Restaurant/Cafe/Canteen,10.0,51.5500529,27362,512,Hackney,-0.0755793,2,E02000358,Hackney 014
7844,469746,Takeaway/sandwich shop,10.0,51.5755635,28812,512,Hackney,-0.0721154,1,E02000345,Hackney 001
1,1241469,Restaurant/Cafe/Canteen,15.0,51.5396678,15660,512,Hackney,-0.057674,2,E02000367,Hackney 023
4613,469639,Retailers - other,10.0,51.5224443,27152,512,Hackney,-0.0782285,2,E02007111,Hackney 033
1,1170507,Restaurant/Cafe/Canteen,15.0,51.5402499,188841,512,Hackney,-0.0559043,1,E02000367,Hackney 023
1,469279,Restaurant/Cafe/Canteen,15.0,51.5299161,22479,512,Hackney,-0.077063,2,E02007111,Hackney 033
7844,696639,Takeaway/sandwich shop,15.0,51.5260935,20024,512,Hackney,-0.0841585,2,E02007111,Hackney 033
7843,469482,Pub/bar/nightclub,15.0,51.5486681,25023,512,Hackney,-0.0761281,1,E02007108,Hackney 030
1,1903912,Restaurant/Cafe/Canteen,15.0,51.5356018,2fdee5a6,512,Hackney,-0.0766646,1,E02000369,Hackney 025
7843,470577,Pub/bar/nightclub,0.0,51.5625601,39407,512,Hackney,-0.0732917,2,E02000353,Hackney 009
7844,469365,Takeaway/sandwich shop,15.0,51.5369716,23860,512,Hackney,-0.0572264,2,E02000367,Hackney 023
1,1904012,Restaurant/Cafe/Canteen,15.0,51.5631072,d02004e0,512,Hackney,-0.057946,2,E02006918,Hackney 028
1,719744,Restaurant/Cafe/Canteen,10.0,51.5383718,165644,512,Hackney,-0.0440731,2,E02000366,Hackney 022
7844,1604176,Takeaway/sandwich shop,10.0,51.5526298,HAC1616,512,Hackney,-0.0707427,2,E02000360,Hackney 016
1,470545,Restaurant/Cafe/Canteen,10.0,51.5378397,39112,512,Hackney,-0.045062,2,E02000366,Hackney 022
1,1766426,Restaurant/Cafe/Canteen,10.0,51.5619877,HAC1988,512,Hackney,-0.0800535,2,E02000353,Hackney 009
1,469214,Restaurant/Cafe/Canteen,15.0,51.5722359,20990,512,Hackney,-0.0732726,1,E02000345,Hackney 001
1,1606123,Restaurant/Cafe/Canteen,15.0,51.5481078,HAC1628,512,Hackney,-0.07432,2,E02000364,Hackney 020
1,1214912,Restaurant/Cafe/Canteen,15.0,51.5621792,189028,512,Hackney,-0.0747361,2,E02000353,Hackney 009
7844,469922,Takeaway/sandwich shop,15.0,51.5336047,31374,512,Hackney,-0.0799066,2,E02000369,Hackney 025
4613,1606120,Retailers - other,10.0,51.5536132,HAC1625,512,Hackney,-0.0446719,2,E02000355,Hackney 011
1,1835240,Restaurant/Cafe/Canteen,10.0,51.5582645,23608,512,Hackney,-0.0624024,2,E02000354,Hackney 010
1,1904028,Restaurant/Cafe/Canteen,5.0,51.5380304,e7785887,512,Hackney,-0.0446357,2,E02000366,Hackney 022
1,1493618,Restaurant/Cafe/Canteen,0.0,51.539126,HAC1261,512,Hackney,-0.0576456,1,E02000367,Hackney 023
4613,469393,Retailers - other,5.0,51.5738407,24269,512,Hackney,-0.0729739,2,E02000345,Hackney 001
7843,468741,Pub/bar/nightclub,10.0,51.5274288,10798,512,Hackney,-0.0852197,2,E02007110,Hackney 032
7844,1771490,Takeaway/sandwich shop,0.0,51.5355014,HAC1993,512,Hackney,-0.0602162,2,E02000367,Hackney 023
1,470226,Restaurant/Cafe/Canteen,15.0,51.5499636,34111,512,Hackney,-0.0549136,2,E02000361,Hackney 017
1,1742534,Restaurant/Cafe/Canteen,15.0,51.5400456,HAC1925,512,Hackney,-0.0560572,2,E02000367,Hackney 023
1,1299376,Restaurant/Cafe/Canteen,5.0,51.5274727,HAC0015,512,Hackney,-0.0772237,2,E02007111,Hackney 033
7844,469958,Takeaway/sandwich shop,10.0,51.5649812,31850,512,Hackney,-0.072872,2,E02000350,Hackney 006
7844,653734,Takeaway/sandwich shop,10.0,51.5221051,32050,512,Hackney,-0.0816736,2,E02007111,Hackney 033
4613,470378,Retailers - other,10.0,51.5597176,35343,512,Hackney,-0.0737868,2,E02000353,Hackney 009
1,653614,Restaurant/Cafe/Canteen,10.0,51.5284181,102518,512,Hackney,-0.0805863,1,E02007110,Hackney 032
1,1418295,Restaurant/Cafe/Canteen,10.0,51.56498,HAC0931,512,Hackney,-0.1036624,2,E02000351,Hackney 007
1,1822637,Restaurant/Cafe/Canteen,15.0,51.5457997,HAC2096,512,Hackney,-0.0543555,2,E02000361,Hackney 017
1,468744,Restaurant/Cafe/Canteen,10.0,51.5660367,10884,512,Hackney,-0.0643432,2,E02006921,Hackney 029
4613,1426595,Retailers - other,25.0,51.5579445,HAC1015,512,Hackney,-0.0562614,0,E02000354,Hackney 010
1,1903924,Restaurant/Cafe/Canteen,10.0,51.5516803,3e28cf49,512,Hackney,-0.0440361,2,E02000359,Hackney 015
1,1872258,Restaurant/Cafe/Canteen,10.0,51.5471722,460eaf47,512,Hackney,-0.029478,2,E02000362,Hackney 018
7843,470012,Pub/bar/nightclub,10.0,51.5318574,3225,512,Hackney,-0.0862529,1,E02000370,Hackney 026
7844,959736,Takeaway/sandwich shop,15.0,51.53514655,185234,512,Hackney,-0.07628165,2,E02000369,Hackney 025
7843,470465,Pub/bar/nightclub,10.0,51.5371488,38081,512,Hackney,-0.0489418,2,E02000366,Hackney 022
7843,1177189,Pub/bar/nightclub,10.0,51.5378879,191025,512,Hackney,-0.0451737,2,E02000366,Hackney 022
7843,653667,Pub/bar/nightclub,10.0,51.5261609,164766,512,Hackney,-0.0794847,2,E02007111,Hackney 033
1,1640173,Restaurant/Cafe/Canteen,10.0,51.53944,HAC1709,512,Hackney,-0.05833,2,E02000367,Hackney 023
1,1700782,Restaurant/Cafe/Canteen,10.0,51.5508525,HAC1844,512,Hackney,-0.0532025,1,E02000361,Hackney 017
4613,470600,Retailers - other,15.0,51.5728197,39562,512,Hackney,-0.0721368,1,E02000345,Hackney 001
1,470027,Restaurant/Cafe/Canteen,10.0,51.5458165,32329,512,Hackney,-0.0542826,2,E02000361,Hackney 017
1,1514499,Restaurant/Cafe/Canteen,10.0,51.564073,HAC1409,512,Hackney,-0.0599315,2,E02006921,Hackney 029
1,1073898,Restaurant/Cafe/Canteen,10.0,51.5536137,189078,512,Hackney,-0.0559409,2,E02000354,Hackney 010
4613,469272,Retailers - other,10.0,51.5374586,22333,512,Hackney,-0.0607237,2,E02000367,Hackney 023
1,943377,Restaurant/Cafe/Canteen,10.0,51.5587589,185885,512,Hackney,-0.0740004,1,E02000358,Hackney 014
1,469844,Restaurant/Cafe/Canteen,15.0,51.5599611,30030,512,Hackney,-0.0569401,2,E02000354,Hackney 010
1,840630,Restaurant/Cafe/Canteen,10.0,51.5518699,27606,512,Hackney,-0.0442288,2,E02000359,Hackney 015
7843,470361,Pub/bar/nightclub,5.0,51.5525282,35241,512,Hackney,-0.0746239,2,E02000360,Hackney 016
4613,469119,Retailers - other,10.0,51.5406855,18554,512,Hackney,-0.0555973,2,E02000367,Hackney 023
7844,469283,Takeaway/sandwich shop,10.0,51.5434326,22535,512,Hackney,-0.0477357,2,E02000363,Hackney 019
1,469585,Restaurant/Cafe/Canteen,10.0,51.5638876,26509,512,Hackney,-0.0594566,1,E02006921,Hackney 029
1,1557044,Restaurant/Cafe/Canteen,15.0,51.484918,2022/00241/COMB,513,Hammersmith and Fulham,-0.201912,2,E02000388,Hammersmith and Fulham 017
7844,1619118,Takeaway/sandwich shop,10.0,51.484063,2023/00128/COMB,513,Hammersmith and Fulham,-0.201844,1,E02000388,Hammersmith and Fulham 017
1,1787459,Restaurant/Cafe/Canteen,10.0,51.50132,2024/00441/COMB,513,Hammersmith and Fulham,-0.231422,2,E02000380,Hammersmith and Fulham 009
1,917719,Restaurant/Cafe/Canteen,10.0,51.506084,2016/00220/COMB,513,Hammersmith and Fulham,-0.231367,1,E02000376,Hammersmith and Fulham 005
4613,1001025,Retailers - other,5.0,51.51863861,2017/00235/COMB,513,Hammersmith and Fulham,-0.227739006,2,E02000372,Hammersmith and Fulham 001
1,1245340,Restaurant/Cafe/Canteen,5.0,51.4763283,2020/00110/COMB,513,Hammersmith and Fulham,-0.2093846,1,E02000393,Hammersmith and Fulham 022
1,346491,Restaurant/Cafe/Canteen,10.0,51.488796,2010/00262/COMB,513,Hammersmith and Fulham,-0.22266,1,E02000384,Hammersmith and Fulham 013
1,344946,Restaurant/Cafe/Canteen,15.0,51.479272,01613/0010/1/000,513,Hammersmith and Fulham,-0.196114,2,E02000392,Hammersmith and Fulham 021
7844,345587,Takeaway/sandwich shop,10.0,51.50589,03303/0210/1/000,513,Hammersmith and Fulham,-0.227413,2,E02000376,Hammersmith and Fulham 005
4613,345146,Retailers - other,10.0,51.532391,01923/0829/1/000,513,Hammersmith and Fulham,-0.233953,2,E02000123,Brent 031
4613,345696,Retailers - other,5.0,51.478507,2002/00603/COMB,513,Hammersmith and Fulham,-0.200176,2,E02000392,Hammersmith and Fulham 021
1,345799,Restaurant/Cafe/Canteen,10.0,51.48479,2002/02607/COMB,513,Hammersmith and Fulham,-0.202349,1,E02000388,Hammersmith and Fulham 017
1,1671020,Restaurant/Cafe/Canteen,10.0,51.506085,2023/00381/COMB,513,Hammersmith and Fulham,-0.231368,1,E02000376,Hammersmith and Fulham 005
1,1317279,Restaurant/Cafe/Canteen,10.0,51.502088,2020/00594/COMB,513,Hammersmith and Fulham,-0.229318,1,E02000376,Hammersmith and Fulham 005
1,1639572,Restaurant/Cafe/Canteen,15.0,51.5064046,2023/00256/COMB,513,Hammersmith and Fulham,-0.2310454,2,E02000376,Hammersmith and Fulham 005
4613,1697491,Retailers - other,10.0,51.480559,2024/00046/COMB,513,Hammersmith and Fulham,-0.194436,1,E02000391,Hammersmith and Fulham 020
1,1691285,Restaurant/Cafe/Canteen,10.0,51.492171,2024/00013/COMB,513,Hammersmith and Fulham,-0.206913,2,E02000383,Hammersmith and Fulham 012
1,1410997,Restaurant/Cafe/Canteen,15.0,51.5030685,2021/00553/COMB,513,Hammersmith and Fulham,-0.2233218,2,E02000375,Hammersmith and Fulham 004
4613,1382235,Retailers - other,10.0,51.4839066,2021/00446/COMB,513,Hammersmith and Fulham,-0.201584,1,E02000388,Hammersmith and Fulham 017
1,346149,Restaurant/Cafe/Canteen,10.0,51.506247,2007/00079/COMB,513,Hammersmith and Fulham,-0.229575,1,E02000376,Hammersmith and Fulham 005
1,1056482,Restaurant/Cafe/Canteen,10.0,51.506656,2018/00224/COMB,513,Hammersmith and Fulham,-0.234083,2,E02000376,Hammersmith and Fulham 005
4613,345481,Retailers - other,5.0,51.504387,03045/0010/1/000,513,Hammersmith and Fulham,-0.226693,1,E02000376,Hammersmith and Fulham 005
7841,1594312,Other catering premises,10.0,51.489765,2023/00049/FOOD,513,Hammersmith and Fulham,-0.206575,2,E02000385,Hammersmith and Fulham 014
1,1005989,Restaurant/Cafe/Canteen,10.0,51.5052024,2017/00257/COMB,513,Hammersmith and Fulham,-0.2268795,2,E02000376,Hammersmith and Fulham 005
7844,1681269,Takeaway/sandwich shop,5.0,51.4851104,2023/00421/COMB,513,Hammersmith and Fulham,-0.2197713,2,E02000389,Hammersmith and Fulham 018
1,1489656,Restaurant/Cafe/Canteen,10.0,51.484198,2022/00058/COMB,513,Hammersmith and Fulham,-0.21954,2,E02000389,Hammersmith and Fulham 018
1,1089591,Restaurant/Cafe/Canteen,10.0,51.516308,2018/00368/COMB,513,Hammersmith and Fulham,-0.24808,1,E02000372,Hammersmith and Fulham 001
1,1390811,Restaurant/Cafe/Canteen,10.0,51.511188,2021/00482/COMB,513,Hammersmith and Fulham,-0.2287013,2,E02000375,Hammersmith and Fulham 004
1,1346132,Restaurant/Cafe/Canteen,15.0,51.480198,2021/00209/COMB,513,Hammersmith and Fulham,-0.1978269,1,E02000392,Hammersmith and Fulham 021
1,346219,Restaurant/Cafe/Canteen,10.0,51.506256,2008/00077/COMB,513,Hammersmith and Fulham,-0.233162,1,E02000376,Hammersmith and Fulham 005
1,1804780,Restaurant/Cafe/Canteen,10.0,51.532362,2025/00077/COMB,513,Hammersmith and Fulham,-0.235064,1,E02000372,Hammersmith and Fulham 001
1,1774297,Restaurant/Cafe/Canteen,5.0,51.515523,2024/00370/COMB,513,Hammersmith and Fulham,-0.246669,1,E02000372,Hammersmith and Fulham 001
7844,1697596,Takeaway/sandwich shop,0.0,51.5004776,2024/00052/COMB,513,Hammersmith and Fulham,-0.239358,2,E02000377,Hammersmith and Fulham 006
7844,346199,Takeaway/sandwich shop,15.0,51.511556,2008/00037/COMB,513,Hammersmith and Fulham,-0.2346,2,E02000373,Hammersmith and Fulham 002
1,1740280,Restaurant/Cafe/Canteen,10.0,51.5023583,2024/00223/COMB,513,Hammersmith and Fulham,-0.2257125,1,E02000376,Hammersmith and Fulham 005
7844,1106445,Takeaway/sandwich shop,10.0,51.4808492,2019/00054/COMB,513,Hammersmith and Fulham,-0.1992415,2,E02000388,Hammersmith and Fulham 017
1,346108,Restaurant/Cafe/Canteen,10.0,51.505169,2006/00116/COMB,513,Hammersmith and Fulham,-0.225524,2,E02000376,Hammersmith and Fulham 005
4613,346191,Retailers - other,10.0,51.514638,2008/00012/COMB,513,Hammersmith and Fulham,-0.248821,2,E02000372,Hammersmith and Fulham 001
1,1063215,Restaurant/Cafe/Canteen,10.0,51.580479,PI/000154977,514,Haringey,-0.122527,2,E02000430,Haringey 034
7844,551941,Takeaway/sandwich shop,15.0,51.5901553,PI/000141279,514,Haringey,-0.1045493,2,E02000412,Haringey 016
1,693632,Restaurant/Cafe/Canteen,15.0,51.581841,PI/000142000,514,Haringey,-0.120002,2,E02000430,Haringey 034
4613,422620,Retailers - other,10.0,51.590055,PI/000127030,514,Haringey,-0.146803,2,E02000417,Haringey 021
7844,1595904,Takeaway/sandwich shop,10.0,51.5750762,PI/000165777,514,Haringey,-0.0902253,1,E02000428,Haringey 032
7844,423117,Takeaway/sandwich shop,5.0,51.6015119,PI/000134625,514,Haringey,-0.1117443,2,E02000403,Haringey 007
4613,1716958,Retailers - other,10.0,51.5871863,PI/000166822,514,Haringey,-0.1324898,2,E02000417,Haringey 021
1,1045963,Restaurant/Cafe/Canteen,20.0,51.605577,PI/000144660,514,Haringey,-0.0692626,1,E02006794,Haringey 037
1,1613211,Restaurant/Cafe/Canteen,15.0,51.5839908,PI/000166181,514,Haringey,-0.0744646,0,E02000420,Haringey 024
1,633419,Restaurant/Cafe/Canteen,10.0,51.5901002,PI/000145435,514,Haringey,-0.06976,2,E02000408,Haringey 012
7844,608554,Takeaway/sandwich shop,10.0,51.5983652,PI/000143467,514,Haringey,-0.1023162,2,E02000406,Haringey 010
4613,422398,Retailers - other,15.0,51.578686,PI/000122529,514,Haringey,-0.099311,1,E02000427,Haringey 031
1,422005,Restaurant/Cafe/Canteen,10.0,51.578729,PI/000042513,514,Haringey,-0.082143,2,E02000428,Haringey 032
4613,1700674,Retailers - other,15.0,51.5759342,PI/000168195,514,Haringey,-0.0987474,1,E02000427,Haringey 031
1,1592671,Restaurant/Cafe/Canteen,5.0,51.5766829,PI/000165743,514,Haringey,-0.0988894,2,E02000427,Haringey 031
7840,1742013,Retailers - supermarkets/hypermarkets,10.0,51.5912317,PI/000168593,514,Haringey,-0.103826,2,E02000412,Haringey 016
1,422917,Restaurant/Cafe/Canteen,15.0,51.580256,PI/000129449,514,Haringey,-0.123806,1,E02000430,Haringey 034
1,1534887,Restaurant/Cafe/Canteen,10.0,51.579911,PI/000164589,514,Haringey,-0.124152,2,E02000430,Haringey 034
1,1686966,Restaurant/Cafe/Canteen,10.0,51.5870632,PI/000164876,514,Haringey,-0.0979655,2,E02000423,Haringey 027
7844,1405967,Takeaway/sandwich shop,20.0,51.587381,PI/000162706,514,Haringey,-0.119485,1,E02000416,Haringey 020
7843,925037,Pub/bar/nightclub,10.0,51.606562,PI/000150773,514,Haringey,-0.115616,1,E02000397,Haringey 001
7844,423512,Takeaway/sandwich shop,10.0,51.6070809,PI/000143305,514,Haringey,-0.0683034,2,E02006794,Haringey 037
7844,1800154,Takeaway/sandwich shop,5.0,51.5943579,PI/000169644,514,Haringey,-0.1097597,1,E02000412,Haringey 016
1,747590,Restaurant/Cafe/Canteen,20.0,51.597952,PI/000146960,514,Haringey,-0.110269,0,E02000403,Haringey 007
7841,1501250,Other catering premises,10.0,51.5853236,PI/000163788,514,Haringey,-0.0784212,2,E02000420,Haringey 024
7844,423294,Takeaway/sandwich shop,10.0,51.5853447,PI/000138806,514,Haringey,-0.078608,2,E02000420,Haringey 024
4613,1287488,Retailers - other,10.0,51.591115,PI/000160330,514,Haringey,-0.104519,2,E02000412,Haringey 016
4613,1137784,Retailers - other,15.0,51.5770717,PI/000157276,514,Haringey,-0.1462253,1,E02000431,Haringey 035
4613,807619,Retailers - other,15.0,51.581677,PI/000146440,514,Haringey,-0.068408,2,E02000421,Haringey 025
1,1487489,Restaurant/Cafe/Canteen,15.0,51.605051,PI/000163818,514,Haringey,-0.0684473,1,E02006794,Haringey 037
1,569462,Restaurant/Cafe/Canteen,10.0,51.590828,PI/000143052,514,Haringey,-0.102336,2,E02000415,Haringey 019
7841,631548,Other catering premises,10.0,51.584511,PI/000135877,514,Haringey,-0.076717,1,E02000420,Haringey 024
1,1790908,Restaurant/Cafe/Canteen,5.0,51.5846776,PI/000169547,514,Haringey,-0.0763121,1,E02000420,Haringey 024
1,1010923,Restaurant/Cafe/Canteen,10.0,51.5852938,PI/000147534,514,Haringey,-0.0782492,2,E02000420,Haringey 024
4613,1418107,Retailers - other,15.0,51.5842403,PI/000162804,514,Haringey,-0.0677709,1,E02000421,Haringey 025
7844,693694,Takeaway/sandwich shop,15.0,51.5843922,PI/000146284,514,Haringey,-0.0688038,2,E02000421,Haringey 025
1,422029,Restaurant/Cafe/Canteen,15.0,51.5951,PI/000043605,514,Haringey,-0.064374,2,E02000408,Haringey 012
1,715298,Restaurant/Cafe/Canteen,10.0,51.585356,PI/000145768,514,Haringey,-0.0787518,2,E02000420,Haringey 024
7844,1761244,Takeaway/sandwich shop,15.0,51.584681,PI/000133344,515,Harrow,-0.381798,1,E02000454,Harrow 022
1,1814687,Restaurant/Cafe/Canteen,10.0,51.5615158,PI/000140498,515,Harrow,-0.3576567,2,E02000462,Harrow 030
1,1803253,Restaurant/Cafe/Canteen,10.0,51.562638,PI/000140301,515,Harrow,-0.35563,1,E02000462,Harrow 030
7840,879393,Retailers - supermarkets/hypermarkets,15.0,51.587993,PI/000108030,515,Harrow,-0.332528,2,E02000452,Harrow 020
1,1866050,Restaurant/Cafe/Canteen,15.0,51.581654,PI/000140861,515,Harrow,-0.337517,0,E02000455,Harrow 023
7844,1761245,Takeaway/sandwich shop,10.0,51.597316,PI/000133345,515,Harrow,-0.3366706,2,E02000443,Harrow 011
4613,276925,Retailers - other,5.0,51.621349,PI/000087141,515,Harrow,-0.293327,2,E02000433,Harrow 001
4613,570664,Retailers - other,10.0,51.595266,PI/000083600,515,Harrow,-0.294839,2,E02000444,Harrow 012
7840,1883948,Retailers - supermarkets/hypermarkets,10.0,51.5847772,PI/000144499,515,Harrow,-0.3318361,1,E02000452,Harrow 020
1,1892959,Restaurant/Cafe/Canteen,15.0,51.5829877,PI/000144632,515,Harrow,-0.3312963,2,E02000455,Harrow 023
1,1806982,Restaurant/Cafe/Canteen,15.0,51.5722997,PI/000140427,515,Harrow,-0.3545981,2,E02000459,Harrow 027
1,816501,Restaurant/Cafe/Canteen,10.0,51.595221,PI/000105793,515,Harrow,-0.383835,2,E02000448,Harrow 016
4613,276648,Retailers - other,10.0,51.561567,PI/000056342,515,Harrow,-0.374294,2,E02000463,Harrow 031
7844,1556243,Takeaway/sandwich shop,15.0,51.596322,PI/000132301,515,Harrow,-0.295103,2,E02000444,Harrow 012
7844,1809908,Takeaway/sandwich shop,15.0,51.581654,PI/000140454,515,Harrow,-0.337517,0,E02000455,Harrow 023
4613,1388346,Retailers - other,10.0,51.596322,PI/000111950,515,Harrow,-0.295102,2,E02000444,Harrow 012
7844,1621023,Takeaway/sandwich shop,10.0,51.5649435,PI/000112188,515,Harrow,-0.3532767,2,E02000459,Harrow 027
7840,1676891,Retailers - supermarkets/hypermarkets,15.0,51.6082043,PI/000132904,515,Harrow,-0.3718143,1,E02000438,Harrow 006
7844,1705255,Takeaway/sandwich shop,10.0,51.5963961,PI/000133009,515,Harrow,-0.335217,2,E02000445,Harrow 013
7844,1314128,Takeaway/sandwich shop,15.0,51.595652,PI/000111584,515,Harrow,-0.335525,1,E02000443,Harrow 011
1,920221,Restaurant/Cafe/Canteen,15.0,51.5649482,PI/000108395,515,Harrow,-0.3658435,2,E02000460,Harrow 028
7844,1788597,Takeaway/sandwich shop,10.0,51.5727705,PI/000133578,515,Harrow,-0.3709311,1,E02006795,Harrow 032
7841,1864481,Other catering premises,15.0,51.5953378,PI/000132597,515,Harrow,-0.3354146,1,E02000443,Harrow 011
1,1354464,Restaurant/Cafe/Canteen,10.0,51.558586,PI/000111771,515,Harrow,-0.361071,2,E02000462,Harrow 030
7843,276730,Pub/bar/nightclub,10.0,51.559756,PI/000081507,515,Harrow,-0.33936,2,E02000461,Harrow 029
7840,1221378,Retailers - supermarkets/hypermarkets,15.0,51.594,PI/000111077,515,Harrow,-0.3361998,1,E02000445,Harrow 013
4613,1225815,Retailers - other,15.0,51.584567,PI/000111112,515,Harrow,-0.332538,1,E02000452,Harrow 020
4613,816570,Retailers - other,10.0,51.563921,PI/000107304,515,Harrow,-0.354848,2,E02000462,Harrow 030
4613,1812414,Retailers - other,15.0,51.5791522,PI/000133323,515,Harrow,-0.3342167,2,E02000455,Harrow 023
7843,951964,Pub/bar/nightclub,10.0,51.560415,PI/000108897,515,Harrow,-0.35812,2,E02000462,Harrow 030
7844,1080498,Takeaway/sandwich shop,15.0,51.587427,PI/000110136,515,Harrow,-0.303678,1,E02006882,Harrow 033
1,1718571,Restaurant/Cafe/Canteen,10.0,51.607263,PI/000133109,515,Harrow,-0.374814,2,E02000438,Harrow 006
7844,1617760,Takeaway/sandwich shop,15.0,51.557816,PI/000132580,515,Harrow,-0.335752,2,E02000461,Harrow 029
1,1793197,Restaurant/Cafe/Canteen,10.0,51.564742,PI/000133431,515,Harrow,-0.353708,2,E02000459,Harrow 027
1,1812421,Restaurant/Cafe/Canteen,20.0,51.5930271,PI/000140468,515,Harrow,-0.3351894,0,E02000445,Harrow 013
4613,1068827,Retailers - other,10.0,51.572236,PI/000110011,515,Harrow,-0.354635,2,E02000459,Harrow 027
7844,1666706,Takeaway/sandwich shop,15.0,51.5971573,PI/000132755,515,Harrow,-0.3371125,2,E02000443,Harrow 011
1,1814684,Restaurant/Cafe/Canteen,15.0,51.603303,PI/000140479,515,Harrow,-0.338567,0,E02000443,Harrow 011
4613,607103,Retailers - other,10.0,51.563247,PI/000105677,515,Harrow,-0.354873,2,E02000462,Harrow 030
4613,1487500,Retailers - other,10.0,51.60390032,PI/000111255,515,Harrow,-0.3556624,1,E02000438,Harrow 006
4613,276270,Retailers - other,10.0,51.5872,PI/000022578,515,Harrow,-0.332384,1,E02000452,Harrow 020
1,1080502,Restaurant/Cafe/Canteen,5.0,51.564314,PI/000110153,515,Harrow,-0.350765,1,E02000459,Harrow 027
4613,1705256,Retailers - other,10.0,51.576653,PI/000133010,515,Harrow,-0.371476,2,E02000457,Harrow 025
7844,276421,Takeaway/sandwich shop,15.0,51.604233,PI/000040647,515,Harrow,-0.355442,1,E02000438,Harrow 006
1,1265292,Restaurant/Cafe/Canteen,20.0,51.6013162,PI/000111283,515,Harrow,-0.3387641,1,E02000443,Harrow 011
4613,984242,Retailers - other,10.0,51.592874,PI/000109056,515,Harrow,-0.334255,2,E02000445,Harrow 013
7844,951946,Takeaway/sandwich shop,15.0,51.593906,PI/000105814,515,Harrow,-0.335401,1,E02000445,Harrow 013
7840,748008,Retailers - supermarkets/hypermarkets,15.0,51.581881,PI/000105902,515,Harrow,-0.333372,1,E02000452,Harrow 020
4613,276361,Retailers - other,10.0,51.589303,PI/000039948,515,Harrow,-0.363604,2,E02000451,Harrow 019
1,1866415,Restaurant/Cafe/Canteen,10.0,51.5762159,PI/000140777,515,Harrow,-0.3713382,2,E02000457,Harrow 025
1,547229,Restaurant/Cafe/Canteen,10.0,51.592764,PI/000104257,515,Harrow,-0.382363,2,E02000448,Harrow 016
4613,1647767,Retailers - other,10.0,51.576075,PI/000112121,515,Harrow,-0.370745,2,E02000457,Harrow 025
4613,551740,Retailers - other,5.0,51.60789,PI/000105352,515,Harrow,-0.374662,2,E02000438,Harrow 006
1,1825228,Restaurant/Cafe/Canteen,0.0,51.6115912,PI/000133134,515,Harrow,-0.2808176,1,E02000434,Harrow 002
7840,1314139,Retailers - supermarkets/hypermarkets,10.0,51.5770323,PI/000111596,515,Harrow,-0.3708797,2,E02000457,Harrow 025
1,276990,Restaurant/Cafe/Canteen,15.0,51.581031,PI/000089376,515,Harrow,-0.33681,2,E02000455,Harrow 023
7844,1024116,Takeaway/sandwich shop,10.0,51.584312,PI/000109498,515,Harrow,-0.331624,2,E02000452,Harrow 020
4613,1540200,Retailers - other,10.0,51.563489,PI/000103194,515,Harrow,-0.355398,2,E02000462,Harrow 030
1,772344,Restaurant/Cafe/Canteen,15.0,51.586223,PI/000106999,515,Harrow,-0.332636,2,E02000452,Harrow 020
4613,1384008,Retailers - other,10.0,51.5651016,PI/000111929,515,Harrow,-0.3530113,2,E02000459,Harrow 027
1,277158,Restaurant/Cafe/Canteen,15.0,51.573104,PI/000101114,515,Harrow,-0.371689,2,E02006795,Harrow 032
1,1843844,Restaurant/Cafe/Canteen,15.0,51.5817306,PI/000133231,515,Harrow,-0.332588,2,E02000452,Harrow 020
4613,1350656,Retailers - other,10.0,51.581697,PI/000111740,515,Harrow,-0.349573,2,E02000453,Harrow 021
7844,1833994,Takeaway/sandwich shop,15.0,51.603303,PI/000140570,515,Harrow,-0.338567,2,E02000443,Harrow 011
1,1812417,Restaurant/Cafe/Canteen,15.0,51.587993,PI/000140463,515,Harrow,-0.332528,2,E02000452,Harrow 020
1,1377405,Restaurant/Cafe/Canteen,10.0,51.564742,PI/000111844,515,Harrow,-0.353708,2,E02000459,Harrow 027
4613,547256,Retailers - other,10.0,51.563922,PI/000104968,515,Harrow,-0.354848,2,E02000462,Harrow 030
4613,771467,Retailers - other,10.0,51.583778,PI/000106874,515,Harrow,-0.340924,2,E02000452,Harrow 020
7844,1540218,Takeaway/sandwich shop,10.0,51.5811161,PI/000119571,515,Harrow,-0.336497,2,E02000455,Harrow 023
7843,1855322,Pub/bar/nightclub,10.0,51.5576428,PI/000140778,515,Harrow,-0.3357532,2,E02000461,Harrow 029
4613,1604022,Retailers - other,10.0,51.57665253,PI/000112328,515,Harrow,-0.371475995,1,E02000457,Harrow 025
4613,1604070,Retailers - other,10.0,51.5727166,PI/000132503,515,Harrow,-0.370933,2,E02006795,Harrow 032
4613,547218,Retailers - other,10.0,51.594854,PI/000104095,515,Harrow,-0.33502,2,E02000445,Harrow 013
4613,653805,Retailers - other,10.0,51.558728,PI/000105804,515,Harrow,-0.379719,2,E02000463,Harrow 031
1,1881993,Restaurant/Cafe/Canteen,15.0,51.557434,PI/000140679,515,Harrow,-0.33542,1,E02000461,Harrow 029
7844,1541817,Takeaway/sandwich shop,15.0,51.564675,PI/000112081,515,Harrow,-0.352772,2,E02000462,Harrow 030
1,1724210,Restaurant/Cafe/Canteen,10.0,51.564484,PI/000133138,515,Harrow,-0.365519,2,E02000460,Harrow 028
4613,690271,Retailers - other,10.0,51.573866,PI/000105969,515,Harrow,-0.371547,2,E02006795,Harrow 032
4613,864172,Retailers - other,10.0,51.557191,PI/000107557,515,Harrow,-0.336064,1,E02000461,Harrow 029
1,748010,Restaurant/Cafe/Canteen,10.0,51.60940933,PI/000106215,515,Harrow,-0.282409012,2,E02000434,Harrow 002
7844,1111491,Takeaway/sandwich shop,0.0,51.5594322,PI/000110568,515,Harrow,-0.3798475,1,E02000463,Harrow 031
7841,1788591,Other catering premises,5.0,51.558586,PI/000108948,515,Harrow,-0.361071,2,E02000462,Harrow 030
4613,373991,Retailers - other,0.0,51.592471,9411,516,Havering,0.180865,1,E02000471,Havering 008
4613,1782064,Retailers - other,10.0,51.556477,140935,516,Havering,0.2515312,2,E02000485,Havering 022
7844,1810434,Takeaway/sandwich shop,10.0,51.581653,141079,516,Havering,0.203962,2,E02000477,Havering 014
1,1532765,Restaurant/Cafe/Canteen,10.0,51.535601,139687,516,Havering,0.192912,2,E02000490,Havering 027
4613,1770593,Retailers - other,15.0,51.5531797,140847,516,Havering,0.2191405,2,E02000486,Havering 023
4613,1584467,Retailers - other,15.0,51.572032,139895,516,Havering,0.190956,1,E02000479,Havering 016
1,1373281,Restaurant/Cafe/Canteen,10.0,51.565297,138887,516,Havering,0.199087,1,E02000484,Havering 021
1,404651,Restaurant/Cafe/Canteen,5.0,51.528144,130982,516,Havering,0.190592,1,E02000490,Havering 027
1,1202601,Restaurant/Cafe/Canteen,10.0,51.5739471,137536,516,Havering,0.1842056,2,E02000476,Havering 013
7844,759611,Takeaway/sandwich shop,15.0,51.574516,132405,516,Havering,0.184581,1,E02000476,Havering 013
4613,1589313,Retailers - other,20.0,51.59778775,139912,516,Havering,0.2255918,1,E02000465,Havering 002
4613,1245815,Retailers - other,0.0,51.562113,137745,516,Havering,0.267583,1,E02000482,Havering 019
4613,616853,Retailers - other,10.0,51.580071,131769,516,Havering,0.182292,1,E02000476,Havering 013
7840,1777477,Retailers - supermarkets/hypermarkets,15.0,51.5509482,140878,516,Havering,0.199353,1,E02000486,Havering 023
1,373191,Restaurant/Cafe/Canteen,10.0,51.51829,13575,516,Havering,0.191936,1,E02000493,Havering 030
7840,1625735,Retailers - supermarkets/hypermarkets,15.0,51.575871,138726,516,Havering,0.182308,1,E02000476,Havering 013
4613,803715,Retailers - other,0.0,51.606764,132551,516,Havering,0.217671,1,E02000467,Havering 004
1,948474,Restaurant/Cafe/Canteen,15.0,51.575964,136040,516,Havering,0.18071,1,E02000476,Havering 013
4613,1789568,Retailers - other,10.0,51.600195,140971,516,Havering,0.220715,1,E02000467,Havering 004
1,1783621,Restaurant/Cafe/Canteen,10.0,51.565041,140946,516,Havering,0.190634,2,E02000479,Havering 016
4613,1026389,Retailers - other,0.0,51.518603,136765,516,Havering,0.191562,2,E02000493,Havering 030
1,1908214,Restaurant/Cafe/Canteen,10.0,51.561606,141577,516,Havering,0.223625,1,E02000483,Havering 020
4613,1228964,Retailers - other,0.0,51.578342,137711,516,Havering,0.17368,1,E02000476,Havering 013
1,1876430,Restaurant/Cafe/Canteen,15.0,51.567659,141470,516,Havering,0.220269,1,E02000483,Havering 020
4613,1263110,Retailers - other,10.0,51.5183232,137828,516,Havering,0.192329,1,E02000493,Havering 030
4613,1667170,Retailers - other,0.0,51.56972,140244,516,Havering,0.183774,1,E02000479,Havering 016
7843,1043422,Pub/bar/nightclub,5.0,51.614211,136840,516,Havering,0.181156,2,E02000466,Havering 003
7844,1691276,Takeaway/sandwich shop,15.0,51.5246307,140376,516,Havering,0.1748527,1,E02000491,Havering 028
4613,1354273,Retailers - other,5.0,51.5338688,138689,516,Havering,0.1925637,2,E02000490,Havering 027
4613,1062541,Retailers - other,5.0,51.520124,136932,516,Havering,0.203498,2,E02000493,Havering 030
4613,902109,Retailers - other,5.0,51.58889,135724,516,Havering,0.218388,1,E02000473,Havering 010
4613,1625742,Retailers - other,15.0,51.600195,140063,516,Havering,0.220715,1,E02000467,Havering 004
4613,1290507,Retailers - other,10.0,51.5777665,131334,516,Havering,0.1807481,1,E02000476,Havering 013
4613,1604745,Retailers - other,10.0,51.56564,139983,516,Havering,0.175368,1,E02000480,Havering 017
7844,1219749,Takeaway/sandwich shop,10.0,51.57929,135700,516,Havering,0.185098,1,E02000476,Havering 013
4613,1354275,Retailers - other,10.0,51.579263,138692,516,Havering,0.179786,1,E02000476,Havering 013
7844,1608393,Takeaway/sandwich shop,10.0,51.574508,139993,516,Havering,0.184046,1,E02000476,Havering 013
1,924444,Restaurant/Cafe/Canteen,15.0,51.558593,135860,516,Havering,0.249591,2,E02000485,Havering 022
4613,1488704,Retailers - other,5.0,51.607221,137705,516,Havering,0.219195,2,E02000467,Havering 004
1,1346343,Restaurant/Cafe/Canteen,10.0,51.5542339,138636,516,Havering,0.2484556,2,E02000485,Havering 022
7844,1592854,Takeaway/sandwich shop,20.0,51.558957,139929,516,Havering,0.235225,1,E02000485,Havering 022
1,1751499,Restaurant/Cafe/Canteen,10.0,51.559585,140785,516,Havering,0.2848,1,E02000481,Havering 018
1,1622663,Restaurant/Cafe/Canteen,10.0,51.586576,140054,516,Havering,0.200866,2,E02000475,Havering 012
4613,518891,Retailers - other,15.0,51.556362,41095,517,Hillingdon,-0.399262,1,E02006796,Hillingdon 033
4613,1666836,Retailers - other,15.0,51.528333,150844,517,Hillingdon,-0.398602,2,E02000513,Hillingdon 020
1,1641951,Restaurant/Cafe/Canteen,15.0,51.489162,150688,517,Hillingdon,-0.456193,1,E02000524,Hillingdon 031
7844,1786276,Takeaway/sandwich shop,15.0,51.5092632,151375,517,Hillingdon,-0.474272,0,E02000522,Hillingdon 029
1,1857031,Restaurant/Cafe/Canteen,10.0,51.50965883,151669,517,Hillingdon,-0.41488676,1,E02000520,Hillingdon 027
1,839008,Restaurant/Cafe/Canteen,5.0,51.579926,45039,517,Hillingdon,-0.3994834,2,E02000499,Hillingdon 006
4613,518994,Retailers - other,10.0,51.526781,42065,517,Hillingdon,-0.482052,1,E02000515,Hillingdon 022
1,1801867,Restaurant/Cafe/Canteen,5.0,51.515004,151452,517,Hillingdon,-0.395077,1,E02000516,Hillingdon 023
7844,1791694,Takeaway/sandwich shop,10.0,51.533183,151404,517,Hillingdon,-0.453076,1,E02000510,Hillingdon 017
7844,749694,Takeaway/sandwich shop,15.0,51.5462978,148744,517,Hillingdon,-0.4794798,1,E02000508,Hillingdon 015
4613,519775,Retailers - other,15.0,51.53956,46793,517,Hillingdon,-0.481454,2,E02000509,Hillingdon 016
4613,1866199,Retailers - other,5.0,51.509741,151559,517,Hillingdon,-0.4153899,1,E02000520,Hillingdon 027
7843,519766,Pub/bar/nightclub,10.0,51.57935,46423,517,Hillingdon,-0.448434,1,E02000496,Hillingdon 003
1,1648391,Restaurant/Cafe/Canteen,15.0,51.6048096,150723,517,Hillingdon,-0.4168324,1,E02000495,Hillingdon 002
1,519740,Restaurant/Cafe/Canteen,10.0,51.510526,46387,517,Hillingdon,-0.415611,1,E02000520,Hillingdon 027
1,1725699,Restaurant/Cafe/Canteen,15.0,51.470371,151121,517,Hillingdon,-0.458483,2,E02000524,Hillingdon 031
7844,1895524,Takeaway/sandwich shop,10.0,51.5036184,151835,517,Hillingdon,-0.420141,1,E02000523,Hillingdon 030
1,1625910,Restaurant/Cafe/Canteen,15.0,51.5477479,150632,517,Hillingdon,-0.4807044,0,E02000508,Hillingdon 015
1,1303358,Restaurant/Cafe/Canteen,20.0,51.545576,149718,517,Hillingdon,-0.478066,0,E02000508,Hillingdon 015
1,1789712,Restaurant/Cafe/Canteen,20.0,51.508328,151393,517,Hillingdon,-0.473645,0,E02000522,Hillingdon 029
1,1719558,Restaurant/Cafe/Canteen,15.0,51.509462,151094,517,Hillingdon,-0.414769,1,E02000520,Hillingdon 027
1,1496743,Restaurant/Cafe/Canteen,10.0,51.529624,150236,517,Hillingdon,-0.4458,2,E02000512,Hillingdon 019
7844,1682877,Takeaway/sandwich shop,10.0,51.53956,150903,517,Hillingdon,-0.481454,2,E02000509,Hillingdon 016
1,1801860,Restaurant/Cafe/Canteen,10.0,51.599897,151445,517,Hillingdon,-0.409486,2,E02000495,Hillingdon 002
4613,518729,Retailers - other,15.0,51.520587,39283,517,Hillingdon,-0.414888,1,E02000514,Hillingdon 021
7844,520422,Takeaway/sandwich shop,10.0,51.504589,52880,517,Hillingdon,-0.457992,2,E02000521,Hillingdon 028
1,519218,Restaurant/Cafe/Canteen,5.0,51.614933,44210,517,Hillingdon,-0.445835,1,E02000494,Hillingdon 001
4613,519432,Retailers - other,5.0,51.544615,45794,517,Hillingdon,-0.476757,1,E02000508,Hillingdon 015
4613,519319,Retailers - other,10.0,51.565465,45256,517,Hillingdon,-0.447695,1,E02000504,Hillingdon 011
1,520308,Restaurant/Cafe/Canteen,15.0,51.568922,51575,517,Hillingdon,-0.439843,1,E02000502,Hillingdon 009
4613,1246613,Retailers - other,10.0,51.497868,149558,517,Hillingdon,-0.413861,1,E02000523,Hillingdon 030
4613,1551849,Retailers - other,10.0,51.51255417,150398,517,Hillingdon,-0.472220987,1,E02000515,Hillingdon 022
7843,1727825,Pub/bar/nightclub,15.0,51.522812,151134,517,Hillingdon,-0.421167,2,E02000514,Hillingdon 021
4613,519501,Retailers - other,15.0,51.518382,45967,517,Hillingdon,-0.406777,1,E02000519,Hillingdon 026
7844,1707322,Takeaway/sandwich shop,15.0,51.509145,151047,517,Hillingdon,-0.474237,1,E02000522,Hillingdon 029
4613,1727822,Retailers - other,15.0,51.5463615,151130,517,Hillingdon,-0.4781901,1,E02000508,Hillingdon 015
7844,1665202,Takeaway/sandwich shop,10.0,51.5180637,150836,517,Hillingdon,-0.407116,2,E02000519,Hillingdon 026
7843,518970,Pub/bar/nightclub,15.0,51.540969,41805,517,Hillingdon,-0.490982,2,E02000509,Hillingdon 016
1,1858912,Restaurant/Cafe/Canteen,10.0,51.5088924,151677,517,Hillingdon,-0.4741115,1,E02000522,Hillingdon 029
7844,1836224,Takeaway/sandwich shop,15.0,51.5058286,151569,517,Hillingdon,-0.4193297,2,E02000520,Hillingdon 027
1,1857028,Restaurant/Cafe/Canteen,20.0,51.514122,151666,517,Hillingdon,-0.473163,0,E02000518,Hillingdon 025
7844,520148,Takeaway/sandwich shop,15.0,51.521775,49712,517,Hillingdon,-0.445851,1,E02000517,Hillingdon 024
7844,1345400,Takeaway/sandwich shop,15.0,51.564476,149860,517,Hillingdon,-0.444959,1,E02000504,Hillingdon 011
7844,1766499,Takeaway/sandwich shop,15.0,51.522003,151265,517,Hillingdon,-0.418485,2,E02000514,Hillingdon 021
4613,519648,Retailers - other,10.0,51.48918,46251,517,Hillingdon,-0.47823,0,E02000524,Hillingdon 031
4613,1486352,Retailers - other,20.0,51.544808,150172,517,Hillingdon,-0.440034,0,E02000507,Hillingdon 014
1,1845172,Restaurant/Cafe/Canteen,15.0,51.5104468,151615,517,Hillingdon,-0.3939073,2,E02000519,Hillingdon 026
4613,671773,Retailers - other,10.0,51.515004,34691,517,Hillingdon,-0.395077,1,E02000516,Hillingdon 023
7844,1902074,Takeaway/sandwich shop,15.0,51.53956,151863,517,Hillingdon,-0.481454,1,E02000509,Hillingdon 016
4613,1024174,Retailers - other,5.0,51.507849,149155,517,Hillingdon,-0.417145,1,E02000520,Hillingdon 027
4613,520004,Retailers - other,5.0,51.507231,48755,517,Hillingdon,-0.470929,1,E02000522,Hillingdon 029
7844,1622742,Takeaway/sandwich shop,15.0,51.5467709,150613,517,Hillingdon,-0.47952,1,E02000508,Hillingdon 015
1,520182,Restaurant/Cafe/Canteen,15.0,51.52604294,50159,517,Hillingdon,-0.458535999,1,E02000510,Hillingdon 017
7844,1017435,Takeaway/sandwich shop,10.0,51.497881,149147,517,Hillingdon,-0.430212,2,E02000523,Hillingdon 030
1,1705583,Restaurant/Cafe/Canteen,5.0,51.509462,151034,517,Hillingdon,-0.414769,2,E02000520,Hillingdon 027
7844,1655699,Takeaway/sandwich shop,15.0,51.5769502,150787,517,Hillingdon,-0.3982169,2,E02000501,Hillingdon 008
4613,1646929,Retailers - other,10.0,51.509462,150710,517,Hillingdon,-0.414769,1,E02000520,Hillingdon 027
7844,1694213,Takeaway/sandwich shop,15.0,51.5367843,150980,517,Hillingdon,-0.4934373,1,E02000509,Hillingdon 016
1,1768565,Restaurant/Cafe/Canteen,10.0,51.500685,151287,517,Hillingdon,-0.42137,1,E02000523,Hillingdon 030
7844,1852575,Takeaway/sandwich shop,15.0,51.53728485,151651,517,Hillingdon,-0.493384004,1,E02000509,Hillingdon 016
7843,1648399,Pub/bar/nightclub,15.0,51.489953,150732,517,Hillingdon,-0.457506,2,E02000524,Hillingdon 031
4613,520435,Retailers - other,10.0,51.531712,53018,517,Hillingdon,-0.422993,2,E02000511,Hillingdon 018
1,1882546,Restaurant/Cafe/Canteen,20.0,51.5070851,151754,517,Hillingdon,-0.4706703,0,E02000522,Hillingdon 029
1,1868178,Restaurant/Cafe/Canteen,15.0,51.6038171,151697,517,Hillingdon,-0.4819635,1,E02000496,Hillingdon 003
1,520362,Restaurant/Cafe/Canteen,10.0,51.507946,52279,517,Hillingdon,-0.416321,1,E02000520,Hillingdon 027
1,546046,Restaurant/Cafe/Canteen,15.0,51.506008,52665,517,Hillingdon,-0.419327,1,E02000520,Hillingdon 027
4613,519833,Retailers - other,15.0,51.588823,47442,517,Hillingdon,-0.481833,2,E02000496,Hillingdon 003
4613,910261,Retailers - other,15.0,51.521774,36616,517,Hillingdon,-0.445851,1,E02000517,Hillingdon 024
7844,520570,Takeaway/sandwich shop,10.0,51.605993,53994,517,Hillingdon,-0.416782,1,E02000495,Hillingdon 002
1,1646936,Restaurant/Cafe/Canteen,10.0,51.611531,150719,517,Hillingdon,-0.425385,2,E02000495,Hillingdon 002
4613,558944,Retailers - other,0.0,51.505731,54749,517,Hillingdon,-0.418804,1,E02000520,Hillingdon 027
4613,519072,Retailers - other,5.0,51.52902,42685,517,Hillingdon,-0.445662,1,E02000510,Hillingdon 017
1,1897285,Restaurant/Cafe/Canteen,10.0,51.527341,151847,517,Hillingdon,-0.399689,1,E02000513,Hillingdon 020
7844,1857034,Takeaway/sandwich shop,20.0,51.5205697,151672,517,Hillingdon,-0.4148698,0,E02000514,Hillingdon 021
1,1523924,Restaurant/Cafe/Canteen,10.0,51.509741,150299,517,Hillingdon,-0.4153899,1,E02000520,Hillingdon 027
4613,1495425,Retailers - other,5.0,51.509741,150229,517,Hillingdon,-0.4153899,0,E02000520,Hillingdon 027
4613,520309,Retailers - other,10.0,51.544808,51621,517,Hillingdon,-0.440034,2,E02000507,Hillingdon 014
7844,518883,Takeaway/sandwich shop,15.0,51.567474,40995,517,Hillingdon,-0.396477,2,E02000501,Hillingdon 008
4613,519736,Retailers - other,5.0,51.497868,46381,517,Hillingdon,-0.413861,1,E02000523,Hillingdon 030
7844,519429,Takeaway/sandwich shop,5.0,51.519655,45791,517,Hillingdon,-0.412426,1,E02000514,Hillingdon 021
7844,1774809,Takeaway/sandwich shop,15.0,51.552422,151326,517,Hillingdon,-0.452091,1,E02000506,Hillingdon 013
7843,537468,Pub/bar/nightclub,10.0,51.6010416,53374,517,Hillingdon,-0.4161549,1,E02000495,Hillingdon 002
4613,1807504,Retailers - other,15.0,51.6015132,151479,517,Hillingdon,-0.409785,1,E02000495,Hillingdon 002
1,1679725,Restaurant/Cafe/Canteen,5.0,51.5468287,150880,517,Hillingdon,-0.4808899,2,E02000509,Hillingdon 016
7844,519727,Takeaway/sandwich shop,10.0,51.528333,46371,517,Hillingdon,-0.398602,1,E02000513,Hillingdon 020
4613,1682869,Retailers - other,0.0,51.580055,150895,517,Hillingdon,-0.400479,1,E02000499,Hillingdon 006
1,1822589,Restaurant/Cafe/Canteen,10.0,51.5005181,151525,517,Hillingdon,-0.4076701,1,E02000520,Hillingdon 027
1,1682872,Restaurant/Cafe/Canteen,15.0,51.544077,150898,517,Hillingdon,-0.474078,1,E02000508,Hillingdon 015
7844,1367063,Takeaway/sandwich shop,15.0,51.492031,149906,517,Hillingdon,-0.433827,1,E02000525,Hillingdon 032
7844,1371666,Takeaway/sandwich shop,15.0,51.497988,32826,517,Hillingdon,-0.472376,1,E02000522,Hillingdon 029
7844,520208,Takeaway/sandwich shop,10.0,51.562841,50464,517,Hillingdon,-0.443716,1,E02000504,Hillingdon 011
7844,707440,Takeaway/sandwich shop,15.0,51.603483,45819,517,Hillingdon,-0.482037,1,E02000496,Hillingdon 003
1,1842637,Restaurant/Cafe/Canteen,15.0,51.5255257,151591,517,Hillingdon,-0.433712,2,E02000511,Hillingdon 018
7844,1582360,Takeaway/sandwich shop,10.0,51.50098,150514,517,Hillingdon,-0.423896,1,E02000523,Hillingdon 030
7844,1679728,Takeaway/sandwich shop,15.0,51.502611,150884,517,Hillingdon,-0.441014,2,E02000521,Hillingdon 028
7844,1725700,Takeaway/sandwich shop,10.0,51.5092243,151122,517,Hillingdon,-0.4149702,2,E02000520,Hillingdon 027
1,1622741,Restaurant/Cafe/Canteen,10.0,51.574142,150605,517,Hillingdon,-0.424051,2,E02000500,Hillingdon 007
4613,520061,Retailers - other,15.0,51.513368,49240,517,Hillingdon,-0.471228,1,E02000515,Hillingdon 022
7844,518926,Takeaway/sandwich shop,20.0,51.52536,41378,517,Hillingdon,-0.386395,0,E02000513,Hillingdon 020
7844,1686911,Takeaway/sandwich shop,15.0,51.504589,150923,517,Hillingdon,-0.457992,1,E02000521,Hillingdon 028
7843,520472,Pub/bar/nightclub,5.0,51.569295,53351,517,Hillingdon,-0.423367,2,E02000502,Hillingdon 009
4613,726474,Retailers - other,5.0,51.519018,43401,517,Hillingdon,-0.410575,2,E02000514,Hillingdon 021
4613,520581,Retailers - other,10.0,51.5079809,54097,517,Hillingdon,-0.4162291,2,E02000520,Hillingdon 027
7844,1807503,Takeaway/sandwich shop,15.0,51.497868,151478,517,Hillingdon,-0.413861,2,E02000523,Hillingdon 030
4613,736679,Retailers - other,10.0,51.487494,57086,517,Hillingdon,-0.4362,1,E02000525,Hillingdon 032
4613,1707316,Retailers - other,5.0,51.602031,150528,517,Hillingdon,-0.409064,1,E02000495,Hillingdon 002
7844,1649463,Takeaway/sandwich shop,10.0,51.51286,150739,517,Hillingdon,-0.472931,2,E02000515,Hillingdon 022
1,1830312,Restaurant/Cafe/Canteen,20.0,51.54534,151546,517,Hillingdon,-0.478507,0,E02000509,Hillingdon 016
1,1804824,Restaurant/Cafe/Canteen,15.0,51.575902,151461,517,Hillingdon,-0.42653,2,E02000500,Hillingdon 007
7844,519484,Takeaway/sandwich shop,10.0,51.5758366,45926,517,Hillingdon,-0.3966839,1,E02000501,Hillingdon 008
7841,1912208,Other catering premises,15.0,51.509249,151906,517,Hillingdon,-0.422991,0,E02000520,Hillingdon 027
7841,520367,Other catering premises,15.0,51.509249,52301,517,Hillingdon,-0.422991,0,E02000520,Hillingdon 027
1,1904424,Restaurant/Cafe/Canteen,10.0,51.5356957,151878,517,Hillingdon,-0.4898974,1,E02000509,Hillingdon 016
4613,1710528,Retailers - other,5.0,51.506008,151059,517,Hillingdon,-0.419327,1,E02000520,Hillingdon 027
4613,519947,Retailers - other,5.0,51.458863,48187,517,Hillingdon,-0.469624,2,E02000524,Hillingdon 031
7844,1587936,Takeaway/sandwich shop,15.0,51.483994,150522,517,Hillingdon,-0.448244,1,E02000524,Hillingdon 031
1,519066,Restaurant/Cafe/Canteen,10.0,51.529105,42678,517,Hillingdon,-0.444578,2,E02000512,Hillingdon 019
1,1852571,Restaurant/Cafe/Canteen,15.0,51.6025847,151647,517,Hillingdon,-0.409892,1,E02000495,Hillingdon 002
1,1884616,Restaurant/Cafe/Canteen,5.0,51.504628,151771,517,Hillingdon,-0.421061,2,E02000523,Hillingdon 030
1,519745,Restaurant/Cafe/Canteen,10.0,51.528611,46395,517,Hillingdon,-0.444624,0,E02000512,Hillingdon 019
7844,1687390,Takeaway/sandwich shop,10.0,51.5196938,150935,517,Hillingdon,-0.4126085,2,E02000514,Hillingdon 021
1,1607806,Restaurant/Cafe/Canteen,15.0,51.520535,150576,517,Hillingdon,-0.452755,1,E02000518,Hillingdon 025
7843,1868179,Pub/bar/nightclub,10.0,51.4971877,151698,517,Hillingdon,-0.4729757,1,E02000522,Hillingdon 029
7843,1630059,Pub/bar/nightclub,10.0,51.544157,150657,517,Hillingdon,-0.487877,1,E02000509,Hillingdon 016
1,1774791,Restaurant/Cafe/Canteen,15.0,51.5104468,151290,517,Hillingdon,-0.3939073,2,E02000519,Hillingdon 026
7844,1774805,Takeaway/sandwich shop,20.0,51.588475,151308,517,Hillingdon,-0.484775,0,E02000496,Hillingdon 003
1,519538,Restaurant/Cafe/Canteen,10.0,51.510509,46038,517,Hillingdon,-0.474018,0,E02000515,Hillingdon 022
7843,1799390,Pub/bar/nightclub,10.0,51.53543,151423,517,Hillingdon,-0.461203,1,E02000510,Hillingdon 017
1,1710531,Restaurant/Cafe/Canteen,5.0,51.506271,151062,517,Hillingdon,-0.469707,2,E02000522,Hillingdon 029
7844,519613,Takeaway/sandwich shop,5.0,51.509579,46166,517,Hillingdon,-0.415414,2,E02000520,Hillingdon 027
4613,1025882,Retailers - other,10.0,51.51965332,122776,517,Hillingdon,-0.412425995,1,E02000514,Hillingdon 021
1,1488299,Restaurant/Cafe/Canteen,5.0,51.504424,150205,517,Hillingdon,-0.420531,2,E02000523,Hillingdon 030
1,1204234,Restaurant/Cafe/Canteen,15.0,51.6035347,149459,517,Hillingdon,-0.482522011,2,E02000496,Hillingdon 003
7844,519980,Takeaway/sandwich shop,15.0,51.501231,48443,517,Hillingdon,-0.465871,1,E02000522,Hillingdon 029
7843,519822,Pub/bar/nightclub,10.0,51.480799,47349,517,Hillingdon,-0.490736,1,E02000524,Hillingdon 031
1,520134,Restaurant/Cafe/Canteen,5.0,51.470371,49619,517,Hillingdon,-0.458483,2,E02000524,Hillingdon 031
4613,1375890,Retailers - other,25.0,51.508806,149928,517,Hillingdon,-0.416103,0,E02000520,Hillingdon 027
7844,520294,Takeaway/sandwich shop,10.0,51.544808,51494,517,Hillingdon,-0.440034,2,E02000507,Hillingdon 014
4613,490125,Retailers - other,10.0,51.4727861,13776,518,Hounslow,-0.3864867,2,E02000541,Hounslow 016
4613,490399,Retailers - other,20.0,51.4835707,25080,518,Hounslow,-0.3074398,1,E02000531,Hounslow 006
4613,490998,Retailers - other,10.0,51.473606,6723,518,Hounslow,-0.3894125,2,E02000541,Hounslow 016
4613,1545265,Retailers - other,10.0,51.4594982,494,518,Hounslow,-0.3703135,2,E02000546,Hounslow 021
4613,491236,Retailers - other,0.0,51.4483134,916,518,Hounslow,-0.4127786,1,E02000550,Hounslow 025
4613,718024,Retailers - other,5.0,51.4695315,135760,518,Hounslow,-0.3582376,2,E02000543,Hounslow 018
7844,490351,Takeaway/sandwich shop,10.0,51.46842575,23184,518,Hounslow,-0.365224987,2,E02000543,Hounslow 018
7844,490638,Takeaway/sandwich shop,10.0,51.4722473,30676,518,Hounslow,-0.3285156,1,E02000539,Hounslow 014
7841,1209843,Other catering premises,15.0,51.4897429,137835,518,Hounslow,-0.2856721,2,E02000533,Hounslow 008
1,1810360,Restaurant/Cafe/Canteen,15.0,51.4900033,170050,518,Hounslow,-0.2873563,2,E02006972,Hounslow 030
7844,553411,Takeaway/sandwich shop,15.0,51.4708756,533,518,Hounslow,-0.3286823,2,E02000539,Hounslow 014
7844,1486703,Takeaway/sandwich shop,15.0,51.4724478,143790,518,Hounslow,-0.3852541,2,E02000541,Hounslow 016
4613,490586,Retailers - other,15.0,51.4632632,29765,518,Hounslow,-0.3861719,2,E02000546,Hounslow 021
7843,491218,Pub/bar/nightclub,10.0,51.4891123,907,518,Hounslow,-0.2879357,2,E02006972,Hounslow 030
1,814287,Restaurant/Cafe/Canteen,15.0,51.44574356,10241,518,Hounslow,-0.41071701,2,E02000550,Hounslow 025
4613,1110003,Retailers - other,15.0,51.4613098,137506,518,Hounslow,-0.375342,0,E02000546,Hounslow 021
7844,572001,Takeaway/sandwich shop,10.0,51.4868106,17762,518,Hounslow,-0.3027554,2,E02000531,Hounslow 006
4613,490020,Retailers - other,5.0,51.4696424,11650,518,Hounslow,-0.3578751,1,E02000543,Hounslow 018
7844,921886,Takeaway/sandwich shop,15.0,51.4409329,136856,518,Hounslow,-0.4149179,2,E02000550,Hounslow 025
1,1366683,Restaurant/Cafe/Canteen,10.0,51.4722825,171143,518,Hounslow,-0.3847219,2,E02000541,Hounslow 016
7844,489872,Takeaway/sandwich shop,10.0,51.4744777,1023,518,Hounslow,-0.3441255,1,E02000540,Hounslow 015
4613,1662251,Retailers - other,15.0,51.4697456,171419,518,Hounslow,-0.3595905,1,E02000543,Hounslow 018
7841,490898,Other catering premises,15.0,51.4928834,5199,518,Hounslow,-0.2671439,2,E02006792,Hounslow 029
1,491227,Restaurant/Cafe/Canteen,5.0,51.4686419,9110,518,Hounslow,-0.3618804,1,E02000543,Hounslow 018
1,1630741,Restaurant/Cafe/Canteen,20.0,51.4357539,114789,518,Hounslow,-0.4022866,1,E02000551,Hounslow 026
7844,490560,Takeaway/sandwich shop,10.0,51.4700725,29322,518,Hounslow,-0.3558381,1,E02000540,Hounslow 015
4613,772492,Retailers - other,10.0,51.4747501,135979,518,Hounslow,-0.3583224,2,E02000537,Hounslow 012
4613,1149972,Retailers - other,10.0,51.4748725,462,518,Hounslow,-0.3584562,2,E02000537,Hounslow 012
4613,490750,Retailers - other,15.0,51.4688849,3950,518,Hounslow,-0.3611288,0,E02000543,Hounslow 018
4613,1155463,Retailers - other,10.0,51.4920861,7028,518,Hounslow,-0.276323,2,E02006792,Hounslow 029
4613,491207,Retailers - other,5.0,51.4730532,9,518,Hounslow,-0.3871933,2,E02000541,Hounslow 016
7844,491051,Takeaway/sandwich shop,15.0,51.4786944,7250,518,Hounslow,-0.364569,1,E02000536,Hounslow 011
1,490111,Restaurant/Cafe/Canteen,15.0,51.4435997,13621,518,Hounslow,-0.406459987,2,E02000549,Hounslow 024
7844,1297696,Takeaway/sandwich shop,15.0,51.4725052,171070,518,Hounslow,-0.3861294,0,E02000541,Hounslow 016
1,491049,Restaurant/Cafe/Canteen,10.0,51.484303,7236,518,Hounslow,-0.3727147,2,E02000536,Hounslow 011
1,1804503,Restaurant/Cafe/Canteen,15.0,51.4902645,14624,518,Hounslow,-0.2848156,2,E02000533,Hounslow 008
1,660581,Restaurant/Cafe/Canteen,15.0,51.4378458,134846,518,Hounslow,-0.3856974,1,E02000551,Hounslow 026
1,490365,Restaurant/Cafe/Canteen,15.0,51.48266602,23639,518,Hounslow,-0.311033994,2,E02000531,Hounslow 006
1,1539413,Restaurant/Cafe/Canteen,15.0,51.4678695,171245,518,Hounslow,-0.3654268,1,E02000543,Hounslow 018
4613,491001,Retailers - other,5.0,51.4925615,677,518,Hounslow,-0.2673938,2,E02006792,Hounslow 029
4613,1380712,Retailers - other,10.0,51.4837856,6192,518,Hounslow,-0.3807999,2,E02000529,Hounslow 004
4613,490008,Retailers - other,15.0,51.4942918,11426,518,Hounslow,-0.255083,0,E02000526,Hounslow 001
1,1595787,Restaurant/Cafe/Canteen,15.0,51.5247588,PI/000293056,519,Islington,-0.0944067,2,E02000576,Islington 023
1,1625325,Restaurant/Cafe/Canteen,15.0,51.5550729,PI/000293320,519,Islington,-0.1149798,1,E02000564,Islington 011
4613,1127842,Retailers - other,5.0,51.5592161,PI/000284181,519,Islington,-0.1165109,2,E02000560,Islington 007
4613,416405,Retailers - other,10.0,51.5411241,PI/000086265,519,Islington,-0.0943285,2,E02000571,Islington 018
1,1000834,Restaurant/Cafe/Canteen,15.0,51.5515142,PI/000276234,519,Islington,-0.111218,2,E02000564,Islington 011
4613,1302621,Retailers - other,0.0,51.5634009,PI/000288165,519,Islington,-0.1285153,1,E02000557,Islington 004
4613,1469057,Retailers - other,10.0,51.5650378,PI/000291488,519,Islington,-0.1336135,1,E02000555,Islington 002
4613,1776958,Retailers - other,10.0,51.564263,PI/000296850,519,Islington,-0.108266,1,E02000558,Islington 005
7844,417443,Takeaway/sandwich shop,15.0,51.5486945,PI/000150822,519,Islington,-0.1282968,2,E02000568,Islington 015
1,1425772,Restaurant/Cafe/Canteen,10.0,51.5691212,PI/000289048,519,Islington,-0.1415992,2,E02000557,Islington 004
4613,1915926,Retailers - other,15.0,51.5393365,PI/000300644,519,Islington,-0.0977632,1,E02000571,Islington 018
1,1036106,Restaurant/Cafe/Canteen,10.0,51.5392534,PI/000280317,519,Islington,-0.1026264,2,E02000573,Islington 020
1,1844271,Restaurant/Cafe/Canteen,15.0,51.520084,PI/000296594,519,Islington,-0.1050381,1,E02000575,Islington 022
4613,415993,Retailers - other,10.0,51.5527976,PI/000002011,519,Islington,-0.1256328,1,E02000563,Islington 010
1,417674,Restaurant/Cafe/Canteen,10.0,51.5321532,PI/000151960,519,Islington,-0.105099,2,E02000573,Islington 020
1,1421962,Restaurant/Cafe/Canteen,5.0,51.5216357,PI/000290902,519,Islington,-0.0975643,2,E02000575,Islington 022
1,1689894,Restaurant/Cafe/Canteen,20.0,51.5334774,PI/000294923,519,Islington,-0.1108115,1,E02000574,Islington 021
7844,417239,Takeaway/sandwich shop,15.0,51.5269436,PI/000140543,519,Islington,-0.0965933,2,E02000576,Islington 023
1,1736565,Restaurant/Cafe/Canteen,15.0,51.5617956,PI/000296322,519,Islington,-0.1108354,1,E02000558,Islington 005
7844,717248,Takeaway/sandwich shop,10.0,51.526536,PI/000264159,519,Islington,-0.1036312,2,E02000575,Islington 022
7843,1008793,Pub/bar/nightclub,5.0,51.5578111,PI/000279016,519,Islington,-0.0908181,2,E02000562,Islington 009
7844,1320380,Takeaway/sandwich shop,0.0,51.548303,PI/000288174,519,Islington,-0.0878841,2,E02000567,Islington 014
1,1287386,Restaurant/Cafe/Canteen,10.0,51.5302491,PI/000287809,519,Islington,-0.1164095,2,E02000574,Islington 021
1,1847588,Restaurant/Cafe/Canteen,10.0,51.559144,PI/000297459,519,Islington,-0.1209861,1,E02000560,Islington 007
1,1582725,Restaurant/Cafe/Canteen,15.0,51.5593281,PI/000292792,519,Islington,-0.1212527,1,E02000560,Islington 007
1,1899877,Restaurant/Cafe/Canteen,10.0,51.5222622,PI/000300268,519,Islington,-0.1046016,2,E02000575,Islington 022
7844,1456338,Takeaway/sandwich shop,10.0,51.5659323,PI/000291390,519,Islington,-0.1069415,1,E02000556,Islington 003
1,1805506,Restaurant/Cafe/Canteen,10.0,51.5659662,PI/000297210,519,Islington,-0.1101577,1,E02000556,Islington 003
1,951994,Restaurant/Cafe/Canteen,10.0,51.542845,PI/000277704,519,Islington,-0.1034,2,E02000569,Islington 016
7844,1092953,Takeaway/sandwich shop,15.0,51.522567,PI/000280402,519,Islington,-0.0846238,2,E02000576,Islington 023
1,1656670,Restaurant/Cafe/Canteen,15.0,51.53361,PI/000293249,519,Islington,-0.1084413,2,E02000573,Islington 020
1,1823478,Restaurant/Cafe/Canteen,10.0,51.5638879,PI/000297343,519,Islington,-0.1056412,1,E02000559,Islington 006
4613,1738403,Retailers - other,0.0,51.5513106,PI/000296380,519,Islington,-0.1136497,1,E02000564,Islington 011
7844,1718867,Takeaway/sandwich shop,5.0,51.5633134,PI/000296023,519,Islington,-0.1354444,2,E02000557,Islington 004
1,1582723,Restaurant/Cafe/Canteen,0.0,51.5510349,PI/000292702,519,Islington,-0.1104878,1,E02000564,Islington 011
4613,417746,Retailers - other,15.0,51.5467932,PI/000152336,519,Islington,-0.1156971,2,E02000568,Islington 015
1,1792436,Restaurant/Cafe/Canteen,15.0,51.5331855,PI/000295874,519,Islington,-0.1094394,1,E02000573,Islington 020
1,1456320,Restaurant/Cafe/Canteen,10.0,51.5419204,PI/000290787,519,Islington,-0.1168936,2,E02000568,Islington 015
7843,1766680,Pub/bar/nightclub,5.0,51.5449187,PI/000296720,519,Islington,-0.0882423,2,E02000567,Islington 014
4613,465446,Retailers - other,10.0,51.5448175,PI/000117131,519,Islington,-0.1035919,1,E02000566,Islington 013
1,701780,Restaurant/Cafe/Canteen,10.0,51.5297794,PI/000262346,519,Islington,-0.1106907,1,E02000574,Islington 021
4613,1430833,Retailers - other,5.0,51.5301845,PI/000290875,519,Islington,-0.0984766,2,E02000573,Islington 020
7844,416046,Takeaway/sandwich shop,15.0,51.5530304,PI/000005667,519,Islington,-0.1233153,1,E02000563,Islington 010
4613,1202976,Retailers - other,10.0,51.5598853,PI/000285030,519,Islington,-0.1150694,1,E02000560,Islington 007
7840,416180,Retailers - supermarkets/hypermarkets,5.0,51.5333899,PI/000017126,519,Islington,-0.1081765,2,E02000573,Islington 020
1,1276011,Restaurant/Cafe/Canteen,0.0,51.5596742,PI/000287127,519,Islington,-0.1142414,2,E02000560,Islington 007
7841,1065762,Other catering premises,10.0,51.5689627,PI/000017415,519,Islington,-0.1209134,2,E02000554,Islington 001
4613,1439877,Retailers - other,0.0,51.5583178,PI/000291131,519,Islington,-0.1182503,2,E02000560,Islington 007
7844,1669465,Takeaway/sandwich shop,10.0,51.5583178,PI/000294846,519,Islington,-0.1182503,2,E02000560,Islington 007
1,417404,Restaurant/Cafe/Canteen,10.0,51.5700615,PI/000149866,519,Islington,-0.1143025,0,E02000556,Islington 003
1,1437203,Restaurant/Cafe/Canteen,10.0,51.5600033,PI/000287571,519,Islington,-0.114574,2,E02000560,Islington 007
1,1348956,Restaurant/Cafe/Canteen,0.0,51.5549537,PI/000287808,519,Islington,-0.1148405,2,E02000564,Islington 011
1,816984,Restaurant/Cafe/Canteen,0.0,51.5249069,PI/000270225,519,Islington,-0.1102293,2,E02000575,Islington 022
7841,1090964,Other catering premises,5.0,51.5621284,PI/000281829,519,Islington,-0.1248452,2,E02000556,Islington 003
4613,416848,Retailers - other,10.0,51.5672188,PI/000101368,519,Islington,-0.1086484,1,E02000556,Islington 003
7844,417804,Takeaway/sandwich shop,10.0,51.5484612,PI/000154066,519,Islington,-0.11821,2,E02000568,Islington 015
4613,1766668,Retailers - other,5.0,51.558342,PI/000296151,519,Islington,-0.1180762,2,E02000560,Islington 007
4613,416315,Retailers - other,10.0,51.5275507,PI/000044680,519,Islington,-0.097433,2,E02000576,Islington 023
1,1543517,Restaurant/Cafe/Canteen,10.0,51.5224682,PI/000292500,519,Islington,-0.1034399,2,E02000575,Islington 022
1,1439976,Restaurant/Cafe/Canteen,5.0,51.5367884,PI/000291176,519,Islington,-0.1031183,2,E02000573,Islington 020
1,1403351,Restaurant/Cafe/Canteen,10.0,51.5221612,PI/000289644,519,Islington,-0.0928286,2,E02000576,Islington 023
1,1712367,Restaurant/Cafe/Canteen,10.0,51.538765,PI/000295967,519,Islington,-0.0985658,1,E02000571,Islington 018
1,417718,Restaurant/Cafe/Canteen,15.0,51.56270849,PI/000152161,519,Islington,-0.13598096,2,E02000557,Islington 004
1,1679213,Restaurant/Cafe/Canteen,15.0,51.5578291,PI/000295514,519,Islington,-0.1389146,2,E02000557,Islington 004
1,1782526,Restaurant/Cafe/Canteen,15.0,51.55627,PI/000296899,519,Islington,-0.1178443,1,E02000560,Islington 007
4613,417097,Retailers - other,10.0,51.5324468,PI/000122466,519,Islington,-0.1194331,2,E02000574,Islington 021
4613,416257,Retailers - other,15.0,51.548219,PI/000032587,519,Islington,-0.1143257,2,E02000564,Islington 011
4613,1489382,Retailers - other,10.0,51.5619441,PI/000291748,519,Islington,-0.1105695,2,E02000558,Islington 005
7844,1764784,Takeaway/sandwich shop,10.0,51.5432305,PI/000296577,519,Islington,-0.1144743,2,E02000568,Islington 015
1,770752,Restaurant/Cafe/Canteen,15.0,51.5335563,PI/000270353,519,Islington,-0.1095682,2,E02000574,Islington 021
4613,770748,Retailers - other,5.0,51.5580367,PI/000263394,519,Islington,-0.1186658,1,E02000560,Islington 007
1,1763594,Restaurant/Cafe/Canteen,5.0,51.5505374,PI/000296663,519,Islington,-0.1091958,2,E02000566,Islington 013
7844,1680829,Takeaway/sandwich shop,10.0,51.5527406,PI/000295533,519,Islington,-0.1119894,1,E02000564,Islington 011
7844,416607,Takeaway/sandwich shop,15.0,51.5200613,PI/000093776,519,Islington,-0.1041885,1,E02000575,Islington 022
7841,1847604,Other catering premises,5.0,51.5479859,PI/000297630,519,Islington,-0.1065611,1,E02000566,Islington 013
7844,1618337,Takeaway/sandwich shop,15.0,51.5397673,PI/000292930,519,Islington,-0.1172132,2,E02000570,Islington 017
4613,1047267,Retailers - other,5.0,51.53614,PI/000280938,519,Islington,-0.1164546,2,E02000572,Islington 019
1,1682545,Restaurant/Cafe/Canteen,15.0,51.5270127,PI/000295523,519,Islington,-0.0964174,2,E02000576,Islington 023
1,1220244,Restaurant/Cafe/Canteen,10.0,51.5258502,PI/000285823,519,Islington,-0.0890847,2,E02000576,Islington 023
7844,1839074,Takeaway/sandwich shop,10.0,51.5601872,PI/000297491,519,Islington,-0.1153888,2,E02000560,Islington 007
1,1078955,Restaurant/Cafe/Canteen,15.0,51.5405224,PI/000282079,519,Islington,-0.1166341,1,E02000570,Islington 017
1,1497668,Restaurant/Cafe/Canteen,15.0,51.5500439,PI/000291878,519,Islington,-0.0871044,2,E02000565,Islington 012
1,1635364,Restaurant/Cafe/Canteen,10.0,51.5430704,PI/000293434,519,Islington,-0.1034339,2,E02000569,Islington 016
1,1795976,Restaurant/Cafe/Canteen,15.0,51.5295929,PI/000297101,519,Islington,-0.1024804,1,E02000575,Islington 022
1,1521330,Restaurant/Cafe/Canteen,5.0,51.5508939,PI/000291999,519,Islington,-0.109556,2,E02000564,Islington 011
4613,893247,Retailers - other,10.0,51.5497859,PI/000270493,519,Islington,-0.1088808,2,E02000566,Islington 013
1,1202896,Restaurant/Cafe/Canteen,15.0,51.5580347,PI/000282700,519,Islington,-0.120224,1,E02000563,Islington 010
4613,1210633,Retailers - other,5.0,51.5264123,PI/000285611,519,Islington,-0.0998736,1,E02000576,Islington 023
1,1867882,Restaurant/Cafe/Canteen,15.0,51.5320567,PI/000297851,519,Islington,-0.1203431,2,E02000574,Islington 021
4613,1570730,Retailers - other,10.0,51.56016,PI/000292770,519,Islington,-0.0920327,2,E02000562,Islington 009
4613,1747153,Retailers - other,0.0,51.5484441,PI/000295690,519,Islington,-0.1278167,1,E02000568,Islington 015
1,1090973,Restaurant/Cafe/Canteen,15.0,51.5634589,PI/000282959,519,Islington,-0.1186442,2,E02000556,Islington 003
1,1745234,Restaurant/Cafe/Canteen,10.0,51.5384702,PI/000294987,519,Islington,-0.1025725,2,E02000573,Islington 020
7841,1269054,Other catering premises,10.0,51.5245463,PI/000287238,519,Islington,-0.0940552,1,E02000576,Islington 023
4613,978570,Retailers - other,10.0,51.5591813,PI/000276539,519,Islington,-0.1165845,0,E02000560,Islington 007
7844,1581267,Takeaway/sandwich shop,10.0,51.5623736,PI/000292685,519,Islington,-0.1104363,1,E02000558,Islington 005
1,1135885,Restaurant/Cafe/Canteen,5.0,51.5435714,PI/000282810,519,Islington,-0.1133065,1,E02000570,Islington 017
7841,1412328,Other catering premises,5.0,51.5264972,PI/000094986,519,Islington,-0.0962371,2,E02000576,Islington 023
1,1776955,Restaurant/Cafe/Canteen,15.0,51.5687937,PI/000296838,519,Islington,-0.1115123,1,E02000556,Islington 003
4613,1497656,Retailers - other,10.0,51.540887,PI/000288375,519,Islington,-0.1029911,2,E02000570,Islington 017
4613,1567322,Retailers - other,10.0,51.5589707,PI/000292696,519,Islington,-0.1169105,2,E02000560,Islington 007
7841,1669474,Other catering premises,15.0,51.5590281,PI/000294926,519,Islington,-0.120486,2,E02000560,Islington 007
4613,1885672,Retailers - other,0.0,51.5401989,PI/000298005,519,Islington,-0.1172098,2,E02000570,Islington 017
1,1885671,Restaurant/Cafe/Canteen,15.0,51.5466175,PI/000297998,519,Islington,-0.1042382,1,E02000566,Islington 013
7841,1302617,Other catering premises,10.0,51.5303298,PI/000287338,519,Islington,-0.1063426,1,E02000574,Islington 021
1,1536069,Restaurant/Cafe/Canteen,10.0,51.5362711,PI/000292381,519,Islington,-0.1017123,2,E02000573,Islington 020
7843,1738096,Pub/bar/nightclub,10.0,51.5555884,PI/000295668,519,Islington,-0.1157231,2,E02000564,Islington 011
7843,701798,Pub/bar/nightclub,10.0,51.54888535,PI/000263921,519,Islington,-0.121765003,2,E02000568,Islington 015
1,417319,Restaurant/Cafe/Canteen,10.0,51.5679213,PI/000145088,519,Islington,-0.1115051,2,E02000556,Islington 003
1,1805662,Restaurant/Cafe/Canteen,10.0,51.5383965,PI/000296378,519,Islington,-0.104133,2,E02000573,Islington 020
1,846702,Restaurant/Cafe/Canteen,10.0,51.5243176,PI/000273046,519,Islington,-0.1077021,2,E02000575,Islington 022
7843,416466,Pub/bar/nightclub,0.0,51.5238893,PI/000089005,519,Islington,-0.1067973,2,E02000575,Islington 022
7843,1790571,Pub/bar/nightclub,10.0,51.5417896,PI/000296984,519,Islington,-0.0976465,2,E02000569,Islington 016
4613,1430814,Retailers - other,10.0,51.5347938,PI/000288875,519,Islington,-0.1043404,2,E02000573,Islington 020
7843,1635370,Pub/bar/nightclub,0.0,51.5321862,PI/000293450,519,Islington,-0.1065827,2,E02000573,Islington 020
7843,1412342,Pub/bar/nightclub,5.0,51.5619808,PI/000290669,519,Islington,-0.1050423,2,E02000559,Islington 006
1,1660386,Restaurant/Cafe/Canteen,10.0,51.5229848,PI/000294823,519,Islington,-0.1020201,2,E02000575,Islington 022
1,905191,Restaurant/Cafe/Canteen,10.0,51.5221456,PI/000273270,519,Islington,-0.0874524,2,E02000576,Islington 023
1,1865806,Restaurant/Cafe/Canteen,15.0,51.534875,PI/000297734,519,Islington,-0.1171989,1,E02000572,Islington 019
7843,1775652,Pub/bar/nightclub,15.0,51.5356457,PI/000296796,519,Islington,-0.1041897,2,E02000573,Islington 020
4613,417864,Retailers - other,0.0,51.5450852,PI/000259796,519,Islington,-0.1179744,2,E02000568,Islington 015
1,1131957,Restaurant/Cafe/Canteen,10.0,51.544764,PI/000284111,519,Islington,-0.103623,2,E02000566,Islington 013
1,631575,Restaurant/Cafe/Canteen,10.0,51.5480975,PI/000262646,519,Islington,-0.1067873,1,E02000566,Islington 013
1,1270675,Restaurant/Cafe/Canteen,10.0,51.5697444,PI/000287230,519,Islington,-0.1135941,2,E02000556,Islington 003
1,1696981,Restaurant/Cafe/Canteen,10.0,51.5485001,PI/000290126,519,Islington,-0.1279442,2,E02000568,Islington 015
1,1876301,Restaurant/Cafe/Canteen,10.0,51.5529671,PI/000297853,519,Islington,-0.1115328,2,E02000564,Islington 011
4613,1840155,Retailers - other,15.0,51.5366594,PI/000297517,519,Islington,-0.1163178,2,E02000572,Islington 019
1,1047248,Restaurant/Cafe/Canteen,10.0,51.5469762,PI/000279826,519,Islington,-0.0986271,2,E02000566,Islington 013
4613,333725,Retailers - other,5.0,51.52184,INSPF/07/030914,520,Kensington and Chelsea,-0.20889,2,E02000577,Kensington and Chelsea 001
1,334286,Restaurant/Cafe/Canteen,10.0,51.498096,INSPF/11/108571,520,Kensington and Chelsea,-0.184061,2,E02000586,Kensington and Chelsea 010
1,334387,Restaurant/Cafe/Canteen,10.0,51.521815,INSPF/92/523185,520,Kensington and Chelsea,-0.208978,2,E02000577,Kensington and Chelsea 001
4613,1790021,Retailers - other,10.0,51.522033,INSPF/25/355278,520,Kensington and Chelsea,-0.207989,1,E02000577,Kensington and Chelsea 001
1,640123,Restaurant/Cafe/Canteen,10.0,51.490136,INSPF/14/147388,520,Kensington and Chelsea,-0.156303,2,E02000594,Kensington and Chelsea 018
1,1017333,Restaurant/Cafe/Canteen,5.0,51.51451111,INSPF/17/213625,520,Kensington and Chelsea,-0.198368996,2,E02000582,Kensington and Chelsea 006
1,1831684,Restaurant/Cafe/Canteen,15.0,51.5085355,INSPF/25/361318,520,Kensington and Chelsea,-0.1985245,2,E02000584,Kensington and Chelsea 008
4613,1495579,Retailers - other,5.0,51.49764633,INSPF/22/302425,520,Kensington and Chelsea,-0.197492003,1,E02000587,Kensington and Chelsea 011
1,1468043,Restaurant/Cafe/Canteen,15.0,51.498096,INSPF/22/299426,520,Kensington and Chelsea,-0.184061,1,E02000586,Kensington and Chelsea 010
1,1704195,Restaurant/Cafe/Canteen,10.0,51.521343,INSPF/24/339853,520,Kensington and Chelsea,-0.210538,1,E02000580,Kensington and Chelsea 004
1,1833856,Restaurant/Cafe/Canteen,15.0,51.508726,INSPF/25/361686,520,Kensington and Chelsea,-0.197487,2,E02000584,Kensington and Chelsea 008
1,1540322,Restaurant/Cafe/Canteen,10.0,51.509773,INSPF/22/305462,520,Kensington and Chelsea,-0.193685,1,E02000582,Kensington and Chelsea 006
1,1739199,Restaurant/Cafe/Canteen,5.0,51.5045966,INSPF/24/345901,520,Kensington and Chelsea,-0.1938383,1,E02000584,Kensington and Chelsea 008
1,1386030,Restaurant/Cafe/Canteen,15.0,51.4066045,21/07685/RBK,521,Kingston-Upon-Thames,-0.3078152,2,E02000606,Kingston upon Thames 009
4613,1726971,Retailers - other,10.0,51.4032412,24/00190/COM,521,Kingston-Upon-Thames,-0.2744951,1,E02000603,Kingston upon Thames 006
4613,1386184,Retailers - other,15.0,51.3826132,21/15341/RBK,521,Kingston-Upon-Thames,-0.2871413,2,E02000614,Kingston upon Thames 017
4613,1386341,Retailers - other,10.0,51.4097635,21/23490/RBK,521,Kingston-Upon-Thames,-0.3048495,2,E02000606,Kingston upon Thames 009
7844,1385806,Takeaway/sandwich shop,10.0,51.4007496,21/00109/COM,521,Kingston-Upon-Thames,-0.264712,1,E02000605,Kingston upon Thames 008
7844,1852896,Takeaway/sandwich shop,15.0,51.4001482,25/00328/COM,521,Kingston-Upon-Thames,-0.2629664,2,E02000605,Kingston upon Thames 008
1,1527159,Restaurant/Cafe/Canteen,15.0,51.3992001,22/00259/COM,521,Kingston-Upon-Thames,-0.2496176,1,E02000604,Kingston upon Thames 007
7844,1386667,Takeaway/sandwich shop,0.0,51.3854773,21/97256/RBK,521,Kingston-Upon-Thames,-0.263191,2,E02000609,Kingston upon Thames 012
1,1386684,Restaurant/Cafe/Canteen,10.0,51.3988958,21/97503/RBK,521,Kingston-Upon-Thames,-0.2489107,2,E02000604,Kingston upon Thames 007
1,1513300,Restaurant/Cafe/Canteen,20.0,51.4110695,22/00191/COM,521,Kingston-Upon-Thames,-0.3037515,0,E02000606,Kingston upon Thames 009
4613,1385948,Retailers - other,15.0,51.3783637,21/03622/RBK,521,Kingston-Upon-Thames,-0.2920556,2,E02000613,Kingston upon Thames 016
4613,1385253,Retailers - other,15.0,51.3590047,05/06873/RBK,521,Kingston-Upon-Thames,-0.29484,2,E02000616,Kingston upon Thames 019
1,1386225,Restaurant/Cafe/Canteen,10.0,51.4025722,21/17434/RBK,521,Kingston-Upon-Thames,-0.2720334,2,E02000603,Kingston upon Thames 006
4613,1900616,Retailers - other,15.0,51.4106527,25/00575/COM,521,Kingston-Upon-Thames,-0.3029185,2,E02000606,Kingston upon Thames 009
1,1875708,Restaurant/Cafe/Canteen,15.0,51.3998175,25/00459/COM,521,Kingston-Upon-Thames,-0.2558947,1,E02000604,Kingston upon Thames 007
7844,1877746,Takeaway/sandwich shop,10.0,51.3841778,25/00472/COM,521,Kingston-Upon-Thames,-0.2924901,1,E02000613,Kingston upon Thames 016
4613,1699547,Retailers - other,5.0,51.4009281,24/00071/COM,521,Kingston-Upon-Thames,-0.2561366,2,E02000604,Kingston upon Thames 007
4613,1386216,Retailers - other,5.0,51.4158963,21/17214/RBK,521,Kingston-Upon-Thames,-0.2845959,1,E02000600,Kingston upon Thames 003
4613,1520057,Retailers - other,15.0,51.3641241,22/00228/COM,521,Kingston-Upon-Thames,-0.2987067,2,E02000615,Kingston upon Thames 018
7840,1824641,Retailers - supermarkets/hypermarkets,15.0,51.3992864,25/00177/COM,521,Kingston-Upon-Thames,-0.2497728,2,E02000604,Kingston upon Thames 007
4613,1386024,Retailers - other,10.0,51.4124095,21/07504/RBK,521,Kingston-Upon-Thames,-0.2864597,2,E02000602,Kingston upon Thames 005
7844,1804728,Takeaway/sandwich shop,,51.3844234,25/00089/COM,521,Kingston-Upon-Thames,-0.2934079,1,E02000613,Kingston upon Thames 016
4613,1386248,Retailers - other,15.0,51.4106013,21/18276/RBK,521,Kingston-Upon-Thames,-0.2925669,2,E02000602,Kingston upon Thames 005
1,1897250,Restaurant/Cafe/Canteen,15.0,51.410583,25/00569/COM,521,Kingston-Upon-Thames,-0.3024465,0,E02000606,Kingston upon Thames 009
7842,1386683,Hotel/bed & breakfast/guest house,15.0,51.39618058,21/97487/RBK,521,Kingston-Upon-Thames,-0.31174235,2,E02000608,Kingston upon Thames 011
1,1735473,Restaurant/Cafe/Canteen,15.0,51.4085445,24/00230/COM,521,Kingston-Upon-Thames,-0.3028173,1,E02000606,Kingston upon Thames 009
1,1638988,Restaurant/Cafe/Canteen,20.0,51.4031877,23/00286/COM,521,Kingston-Upon-Thames,-0.2742358,0,E02000603,Kingston upon Thames 006
4613,1385297,Retailers - other,5.0,51.3946076,09/25014/RBK,521,Kingston-Upon-Thames,-0.2665398,1,E02000605,Kingston upon Thames 008
4613,1385276,Retailers - other,10.0,51.3743215,08/06161/RBK,521,Kingston-Upon-Thames,-0.2979244,2,E02000615,Kingston upon Thames 018
7842,1385267,Hotel/bed & breakfast/guest house,10.0,51.400041,07/17388/RBK,521,Kingston-Upon-Thames,-0.2624097,2,E02000605,Kingston upon Thames 008
7844,1889884,Takeaway/sandwich shop,15.0,51.4132733,25/00533/COM,521,Kingston-Upon-Thames,-0.28834,2,E02000600,Kingston upon Thames 003
4613,1774816,Retailers - other,10.0,51.3816932,24/00449/COM,521,Kingston-Upon-Thames,-0.2842003,1,E02000614,Kingston upon Thames 017
1,1887717,Restaurant/Cafe/Canteen,10.0,51.3996512,25/00513/COM,521,Kingston-Upon-Thames,-0.255123,2,E02000604,Kingston upon Thames 007
4613,1386020,Retailers - other,15.0,51.378931,21/07205/RBK,521,Kingston-Upon-Thames,-0.3020069,2,E02000613,Kingston upon Thames 016
7843,1386050,Pub/bar/nightclub,15.0,51.393669,21/10062/RBK,521,Kingston-Upon-Thames,-0.290084,2,E02000607,Kingston upon Thames 010
4613,1466784,Retailers - other,15.0,51.3674259,21/00284/COM,521,Kingston-Upon-Thames,-0.3060999,2,E02000615,Kingston upon Thames 018
7843,1385863,Pub/bar/nightclub,10.0,51.4106736,21/00957/RBK,521,Kingston-Upon-Thames,-0.298158,2,E02000602,Kingston upon Thames 005
4613,1385628,Retailers - other,15.0,51.4014861,19/96609/RBK,521,Kingston-Upon-Thames,-0.2563462,0,E02000604,Kingston upon Thames 007
1,1629942,Restaurant/Cafe/Canteen,25.0,51.4014861,23/00233/COM,521,Kingston-Upon-Thames,-0.2563462,0,E02000604,Kingston upon Thames 007
4613,1385621,Retailers - other,15.0,51.363872,19/96585/RBK,521,Kingston-Upon-Thames,-0.299022,1,E02000615,Kingston upon Thames 018
1,1904697,Restaurant/Cafe/Canteen,10.0,51.475156,25/00468/COMM,522,Lambeth,-0.131361,2,E02000623,Lambeth 006
4613,1752803,Retailers - other,10.0,51.439715,24/00213/COMM,522,Lambeth,-0.106635,2,E02000644,Lambeth 027
7844,700892,Takeaway/sandwich shop,10.0,51.439769,14/00263/COMM,522,Lambeth,-0.106704,1,E02000644,Lambeth 027
4613,483840,Retailers - other,10.0,51.459826,12/00044/COMM,522,Lambeth,-0.125337,2,E02000632,Lambeth 015
1,1730309,Restaurant/Cafe/Canteen,15.0,51.4281868,24/00096/COMM,522,Lambeth,-0.1307943,2,E02000649,Lambeth 032
1,1906619,Restaurant/Cafe/Canteen,10.0,51.461222,26/00008/COMM,522,Lambeth,-0.136163,2,E02000634,Lambeth 017
1,1424412,Restaurant/Cafe/Canteen,15.0,51.4718659,21/00416/COMM,522,Lambeth,-0.1291829,1,E02000625,Lambeth 008
4613,484058,Retailers - other,10.0,51.473176,22760/0125/2/000,522,Lambeth,-0.099965,1,E02000626,Lambeth 009
4613,482967,Retailers - other,10.0,51.462331,00650/0034/2/000,522,Lambeth,-0.112782,1,E02000628,Lambeth 011
7841,1681105,Other catering premises,5.0,51.4485781,23/00253/COMM,522,Lambeth,-0.1254572,2,E02000638,Lambeth 021
1,484073,Restaurant/Cafe/Canteen,10.0,51.452786,23000/0127/2/000,522,Lambeth,-0.103028,2,E02000635,Lambeth 018
7844,1811265,Takeaway/sandwich shop,10.0,51.437819,25/00074/COMM,522,Lambeth,-0.126324,2,E02000646,Lambeth 029
7844,1775810,Takeaway/sandwich shop,10.0,51.463042,24/00291/COMM,522,Lambeth,-0.1137523,2,E02000628,Lambeth 011
4613,816387,Retailers - other,15.0,51.437524,15/00405/COMM,522,Lambeth,-0.127027,2,E02000646,Lambeth 029
1,1104353,Restaurant/Cafe/Canteen,10.0,51.4928126,19/00040/COMM,522,Lambeth,-0.120431,2,E02000619,Lambeth 002
4613,483894,Retailers - other,10.0,51.46198,12/00279/COMM,522,Lambeth,-0.114423,1,E02000628,Lambeth 011
4613,1104344,Retailers - other,10.0,51.462166,19/00031/COMM,522,Lambeth,-0.11312,2,E02000628,Lambeth 011
4613,534969,Retailers - other,10.0,51.459035,13/00022/COMM,522,Lambeth,-0.117481,2,E02000633,Lambeth 016
7844,1698049,Takeaway/sandwich shop,10.0,51.486534,24/00036/COMM,522,Lambeth,-0.119719,1,E02000620,Lambeth 003
1,1733630,Restaurant/Cafe/Canteen,10.0,51.4640833,23/00310/COMM,522,Lambeth,-0.1323228,2,E02000629,Lambeth 012
1,1539883,Restaurant/Cafe/Canteen,15.0,51.5006343,22/00216/COMM,522,Lambeth,-0.1129486,2,E02006801,Lambeth 036
1,483940,Restaurant/Cafe/Canteen,10.0,51.463601,13440/0054/3/002,522,Lambeth,-0.133662,2,E02000629,Lambeth 012
1,1831570,Restaurant/Cafe/Canteen,15.0,51.46263123,24/00460/COMM,522,Lambeth,-0.111818999,2,E02000628,Lambeth 011
1,1647481,Restaurant/Cafe/Canteen,10.0,51.4670356,23/00174/COMM,522,Lambeth,-0.0994764,2,E02000631,Lambeth 014
7844,1877943,Takeaway/sandwich shop,10.0,51.448588,25/00343/COMM,522,Lambeth,-0.125495,1,E02000638,Lambeth 021
1,925731,Restaurant/Cafe/Canteen,15.0,51.478763,16/00381/COMM,522,Lambeth,-0.12865,2,E02000623,Lambeth 006
7841,483147,Other catering premises,0.0,51.466057,05/00524/COMM,522,Lambeth,-0.150161,2,E02000630,Lambeth 013
4613,1438997,Retailers - other,0.0,51.4608762,22/00004/COMM,522,Lambeth,-0.1387446,2,E02000634,Lambeth 017
4613,484004,Retailers - other,10.0,51.430835,13630/0070/3/002,522,Lambeth,-0.0903619,2,E02000650,Lambeth 033
1,483936,Restaurant/Cafe/Canteen,15.0,51.464926,13440/0019/3/002,522,Lambeth,-0.129922,2,E02000629,Lambeth 012
1,1797962,Restaurant/Cafe/Canteen,5.0,51.4619887,25/00030/COMM,522,Lambeth,-0.1396701,2,E02000630,Lambeth 013
4613,981567,Retailers - other,5.0,51.42720032,31700/0248/2/000,522,Lambeth,-0.08743,1,E02000650,Lambeth 033
4613,1015230,Retailers - other,5.0,51.45417786,17/00389/COMM,522,Lambeth,-0.113031998,1,E02000637,Lambeth 020
1,1154136,Restaurant/Cafe/Canteen,15.0,51.428295,19/00227/COMM,522,Lambeth,-0.130799,2,E02000649,Lambeth 032
7843,484429,Pub/bar/nightclub,10.0,51.488928,67620/0063/2/000,522,Lambeth,-0.11311,2,E02000620,Lambeth 003
1,1104366,Restaurant/Cafe/Canteen,15.0,51.461221,19/00053/COMM,522,Lambeth,-0.136162,1,E02000634,Lambeth 017
7844,1769372,Takeaway/sandwich shop,10.0,51.48556137,24/00272/COMM,522,Lambeth,-0.123662002,2,E02000621,Lambeth 004
4613,1456055,Retailers - other,10.0,51.471034,22/00041/COMM,522,Lambeth,-0.1232701,1,E02000627,Lambeth 010
4613,484526,Retailers - other,10.0,51.4287,68890/0272/2/000,522,Lambeth,-0.131373,2,E02000649,Lambeth 032
1,1766856,Restaurant/Cafe/Canteen,10.0,51.42954254,24/00264/COMM,522,Lambeth,-0.100956,2,E02000645,Lambeth 028
1,860703,Restaurant/Cafe/Canteen,10.0,51.46263,14/00096/COMM,522,Lambeth,-0.111819,1,E02000628,Lambeth 011
4613,483242,Retailers - other,10.0,51.479504,05650/0038/3/001,522,Lambeth,-0.112001,2,E02000622,Lambeth 005
1,484333,Restaurant/Cafe/Canteen,15.0,51.49098,55950/0152/2/000,522,Lambeth,-0.103734,2,E02000619,Lambeth 002
7844,1878420,Takeaway/sandwich shop,10.0,51.46430588,25/00384/COMM,522,Lambeth,-0.114735,2,E02000628,Lambeth 011
7844,1424410,Takeaway/sandwich shop,10.0,51.4641891,21/00414/COMM,522,Lambeth,-0.1147688,2,E02000628,Lambeth 011
7841,1151571,Other catering premises,10.0,51.4684495,19/00213/COMM,522,Lambeth,-0.1028454,1,E02000626,Lambeth 009
4613,1474312,Retailers - other,10.0,51.462219,22/00062/COMM,522,Lambeth,-0.1130504,2,E02000628,Lambeth 011
1,710652,Restaurant/Cafe/Canteen,10.0,51.472547,14/00318/COMM,522,Lambeth,-0.121777,1,E02000627,Lambeth 010
4613,1271647,Retailers - other,10.0,51.46261978,20/00141/COMM,522,Lambeth,-0.111781999,1,E02000628,Lambeth 011
1,981375,Restaurant/Cafe/Canteen,15.0,51.486205,16/00424/COMM,522,Lambeth,-0.11943,2,E02000621,Lambeth 004
4613,534936,Retailers - other,5.0,51.441066,12/00068/COMM,522,Lambeth,-0.107356,1,E02000642,Lambeth 025
1,576800,Restaurant/Cafe/Canteen,10.0,51.504576,13/00062/COMM,522,Lambeth,-0.109812,2,E02006801,Lambeth 036
1,858070,Restaurant/Cafe/Canteen,10.0,51.453233,15/00090/COMM,522,Lambeth,-0.121318,1,E02000638,Lambeth 021
1,484174,Restaurant/Cafe/Canteen,10.0,51.486206,42470/0383/2/000,522,Lambeth,-0.11943,2,E02000621,Lambeth 004
4613,590888,Retailers - other,10.0,51.462631,13700/0376/3/027,522,Lambeth,-0.111819,2,E02000628,Lambeth 011
4613,980794,Retailers - other,5.0,51.4556427,05/00031/COMM,522,Lambeth,-0.119577996,1,E02000637,Lambeth 020
7844,1411401,Takeaway/sandwich shop,15.0,51.4480248,21/00365/COMM,522,Lambeth,-0.1011437,2,E02000642,Lambeth 025
4613,484023,Retailers - other,15.0,51.462631,13700/0376/3/023,522,Lambeth,-0.111819,2,E02000628,Lambeth 011
1,1229771,Restaurant/Cafe/Canteen,15.0,51.463257,20/00087/COMM,522,Lambeth,-0.113852,1,E02000628,Lambeth 011
7844,729732,Takeaway/sandwich shop,15.0,51.470233,14/00319/COMM,522,Lambeth,-0.13905,2,E02000629,Lambeth 012
1,1002569,Restaurant/Cafe/Canteen,10.0,51.4711,17/00320/COMM,522,Lambeth,-0.124601,1,E02000625,Lambeth 008
1,1901370,Restaurant/Cafe/Canteen,10.0,51.461764,25/00156/COMM,522,Lambeth,-0.11328,2,E02000628,Lambeth 011
4613,981589,Retailers - other,10.0,51.4927063,45110/0133/3/155,522,Lambeth,-0.116483003,2,E02000619,Lambeth 002
1,1064617,Restaurant/Cafe/Canteen,10.0,51.4692943,18/00230/COMM,522,Lambeth,-0.1157247,2,E02000628,Lambeth 011
1,981502,Restaurant/Cafe/Canteen,10.0,51.46574402,17/00169/COMM,522,Lambeth,-0.133329004,2,E02000629,Lambeth 012
1,858103,Restaurant/Cafe/Canteen,10.0,51.469327,16/00052/COMM,522,Lambeth,-0.119476,2,E02000627,Lambeth 010
4613,484195,Retailers - other,10.0,51.49421,42510/0119/2/000,522,Lambeth,-0.110515,2,E02000619,Lambeth 002
7844,1647482,Takeaway/sandwich shop,5.0,51.4645564,23/00175/COMM,522,Lambeth,-0.1146817,1,E02000628,Lambeth 011
7844,1799284,Takeaway/sandwich shop,10.0,51.4539886,25/00036/COMM,522,Lambeth,-0.1129292,2,E02000637,Lambeth 020
7844,1639984,Takeaway/sandwich shop,5.0,51.4714975,23/00151/COMM,522,Lambeth,-0.1129269,2,E02000624,Lambeth 007
4613,1475485,Retailers - other,10.0,51.470233,22/00065/COMM,522,Lambeth,-0.139049,2,E02000629,Lambeth 012
7844,483062,Takeaway/sandwich shop,10.0,51.502255,05/00156/COMM,522,Lambeth,-0.117631,2,E02006801,Lambeth 036
4613,483035,Retailers - other,5.0,51.46558,05/00108/COMM,522,Lambeth,-0.115729,2,E02000628,Lambeth 011
4613,1828698,Retailers - other,10.0,51.4546805,24/00500/COMM,522,Lambeth,-0.1201695,2,E02000637,Lambeth 020
4613,484157,Retailers - other,5.0,51.489903,41540/0006/2/000,522,Lambeth,-0.118961,1,E02000620,Lambeth 003
4613,981138,Retailers - other,0.0,51.42038345,14300/0015/2/000,522,Lambeth,-0.078697003,1,E02000650,Lambeth 033
7844,483598,Takeaway/sandwich shop,10.0,51.43267,10/00321/COMM,522,Lambeth,-0.104178,1,E02000645,Lambeth 028
4613,1271648,Retailers - other,10.0,51.461511,20/00142/COMM,522,Lambeth,-0.116026,2,E02000633,Lambeth 016
4613,946758,Retailers - other,15.0,51.489351,42500/0064/3/068,522,Lambeth,-0.1054,1,E02000619,Lambeth 002
1,1192675,Restaurant/Cafe/Canteen,15.0,51.480299,19/00276/COMM,522,Lambeth,-0.124022,2,E02000621,Lambeth 004
4613,483544,Retailers - other,10.0,51.415382,10/00184/COMM,522,Lambeth,-0.139322,2,E02000652,Lambeth 035
4613,729731,Retailers - other,0.0,51.454199,14/00314/COMM,522,Lambeth,-0.120458,2,E02000637,Lambeth 020
1,1583636,Restaurant/Cafe/Canteen,10.0,51.4815386,22/00341/COMM,522,Lambeth,-0.1283602,2,E02000621,Lambeth 004
4613,1176583,Retailers - other,15.0,51.462166,19/00264/COMM,522,Lambeth,-0.11312,1,E02000628,Lambeth 011
1,1107565,Restaurant/Cafe/Canteen,10.0,51.46477127,19/00099/COMM,522,Lambeth,-0.141561002,2,E02000630,Lambeth 013
1,1901372,Restaurant/Cafe/Canteen,15.0,51.42766571,25/00465/COMM,522,Lambeth,-0.131429002,1,E02000649,Lambeth 032
4613,925740,Retailers - other,20.0,51.439993,68900/0124/3/001,522,Lambeth,-0.126249,1,E02000643,Lambeth 026
4613,623104,Retailers - other,0.0,51.462166,13/00285/COMM,522,Lambeth,-0.11312,2,E02000628,Lambeth 011
1,1775804,Restaurant/Cafe/Canteen,10.0,51.4277465,24/00285/COMM,522,Lambeth,-0.1308122,2,E02000649,Lambeth 032
1,1906623,Restaurant/Cafe/Canteen,10.0,51.4641891,26/00014/COMM,522,Lambeth,-0.1147688,1,E02000628,Lambeth 011
1,1904698,Restaurant/Cafe/Canteen,10.0,51.4749595,25/00469/COMM,522,Lambeth,-0.1314469,2,E02000623,Lambeth 006
1,484024,Restaurant/Cafe/Canteen,15.0,51.46263123,13700/0376/3/054,522,Lambeth,-0.111818999,2,E02000628,Lambeth 011
4613,911504,Retailers - other,15.0,51.445911,05620/0284/2/000,522,Lambeth,-0.124582,2,E02000638,Lambeth 021
7844,1875615,Takeaway/sandwich shop,10.0,51.4599074,25/00330/COMM,522,Lambeth,-0.1298588,1,E02000634,Lambeth 017
4613,1229764,Retailers - other,5.0,51.4845248,20/00079/COMM,522,Lambeth,-0.1245027,1,E02000621,Lambeth 004
1,1728757,Restaurant/Cafe/Canteen,10.0,51.42703,24/00086/COMM,522,Lambeth,-0.132074,1,E02000649,Lambeth 032
4613,1113405,Retailers - other,20.0,51.4270914,19/00139/COMM,522,Lambeth,-0.1308965,0,E02000649,Lambeth 032
7844,483947,Takeaway/sandwich shop,15.0,51.463601,13440/0094/2/000,522,Lambeth,-0.133662,2,E02000629,Lambeth 012
7844,1536637,Takeaway/sandwich shop,5.0,51.4312351,22/00212/COMM,522,Lambeth,-0.1044726,2,E02000645,Lambeth 028
7844,484625,Takeaway/sandwich shop,10.0,51.448983,81110/0031/2/000,522,Lambeth,-0.120399,1,E02000637,Lambeth 020
7844,483856,Takeaway/sandwich shop,10.0,51.489286,12/00118/COMM,522,Lambeth,-0.118079,2,E02000620,Lambeth 003
7844,1805716,Takeaway/sandwich shop,10.0,51.4641891,25/00046/COMM,522,Lambeth,-0.1147688,2,E02000628,Lambeth 011
1,844299,Restaurant/Cafe/Canteen,15.0,51.460323,15/00363/COMM,522,Lambeth,-0.120451,2,E02000633,Lambeth 016
1,1897246,Restaurant/Cafe/Canteen,15.0,51.5040583,25/00455/COMM,522,Lambeth,-0.1116976,2,E02006801,Lambeth 036
7843,484164,Pub/bar/nightclub,10.0,51.488948,42470/0185/2/000,522,Lambeth,-0.11043,2,E02000620,Lambeth 003
1,1575877,Restaurant/Cafe/Canteen,15.0,51.4656595,22/00297/COMM,522,Lambeth,-0.1033488,2,E02000626,Lambeth 009
1,1426508,Restaurant/Cafe/Canteen,10.0,51.4641891,21/00435/COMM,522,Lambeth,-0.1147688,1,E02000628,Lambeth 011
4613,1080351,Retailers - other,15.0,51.44685364,18/00313/COMM,522,Lambeth,-0.119493,2,E02000638,Lambeth 021
1,484247,Restaurant/Cafe/Canteen,15.0,51.4659996,45140/0104/3/001,522,Lambeth,-0.124421999,2,E02000627,Lambeth 010
1,1766855,Restaurant/Cafe/Canteen,10.0,51.425394,24/00263/COMM,522,Lambeth,-0.1304767,2,E02000649,Lambeth 032
4613,941011,Retailers - other,15.0,51.500489,16/00433/COMM,522,Lambeth,-0.110701,2,E02006801,Lambeth 036
4613,1439839,Retailers - other,5.0,51.435122,22/00018/COMM,522,Lambeth,-0.128622,2,E02000646,Lambeth 029
1,1758386,Restaurant/Cafe/Canteen,15.0,51.4865583,24/00228/COMM,522,Lambeth,-0.119522,2,E02000620,Lambeth 003
4613,484087,Retailers - other,15.0,51.462166,26350/0029/2/000,522,Lambeth,-0.11312,1,E02000628,Lambeth 011
1,495898,Restaurant/Cafe/Canteen,10.0,51.463945,12/00225/COMM,522,Lambeth,-0.116401,1,E02000632,Lambeth 015
4613,1600689,Retailers - other,10.0,51.4656113,FR/000009642,523,Lewisham,-0.0183789,2,E02000663,Lewisham 011
1,1599795,Restaurant/Cafe/Canteen,10.0,51.4624235,FR/000007977,523,Lewisham,-0.0106854,1,E02007008,Lewisham 040
4613,1600920,Retailers - other,10.0,51.478255,FR/000010109,523,Lewisham,-0.025804,1,E02006798,Lewisham 039
4613,1840436,Retailers - other,0.0,51.420994,FR/000011263,523,Lewisham,-0.001692,2,E02006784,Lewisham 038
1,1599181,Restaurant/Cafe/Canteen,10.0,51.448162,FR/000005497,523,Lewisham,-0.040602,2,E02000671,Lewisham 019
4613,1598798,Retailers - other,15.0,51.46044,FR/000002903,523,Lewisham,-0.011414,1,E02007009,Lewisham 041
7844,1599041,Takeaway/sandwich shop,15.0,51.47567,FR/000004685,523,Lewisham,-0.034124,2,E02000657,Lewisham 005
7844,1704537,Takeaway/sandwich shop,10.0,51.48385,FR/000010724,523,Lewisham,-0.032303,2,E02000654,Lewisham 002
7844,1600005,Takeaway/sandwich shop,10.0,51.44529,FR/000008361,523,Lewisham,-0.004143,2,E02000669,Lewisham 017
7844,1866454,Takeaway/sandwich shop,15.0,51.475312,FR/000011393,523,Lewisham,-0.03532,2,E02000657,Lewisham 005
1,1636320,Restaurant/Cafe/Canteen,5.0,51.431174,FR/000010412,523,Lewisham,-0.0256235,1,E02000681,Lewisham 029
1,1775638,Restaurant/Cafe/Canteen,15.0,51.4753628,FR/000011063,523,Lewisham,-0.0281658,2,E02006798,Lewisham 039
1,1745889,Restaurant/Cafe/Canteen,10.0,51.4514827,FR/000010941,523,Lewisham,-0.0332827,1,E02000667,Lewisham 015
4613,1598851,Retailers - other,0.0,51.4561715,FR/000003370,523,Lewisham,-0.0105685,1,E02007009,Lewisham 041
7840,1600540,Retailers - supermarkets/hypermarkets,5.0,51.425947,FR/000009320,523,Lewisham,-0.051779,2,E02000687,Lewisham 035
7843,1600271,Pub/bar/nightclub,10.0,51.4559286,FR/000008825,523,Lewisham,-0.0367046,2,E02000667,Lewisham 015
1,1600518,Restaurant/Cafe/Canteen,10.0,51.4756849,FR/000009274,523,Lewisham,-0.0468582,2,E02000655,Lewisham 003
4613,1599396,Retailers - other,0.0,51.475727,FR/000006698,523,Lewisham,-0.026287,1,E02006798,Lewisham 039
7844,1866473,Takeaway/sandwich shop,5.0,51.445268,FR/000011412,523,Lewisham,-0.014002,2,E02000670,Lewisham 018
4613,1598747,Retailers - other,10.0,51.479471,FR/000002486,523,Lewisham,-0.026457,2,E02000654,Lewisham 002
7844,1677106,Takeaway/sandwich shop,10.0,51.475275,FR/000010609,523,Lewisham,-0.039541,1,E02006798,Lewisham 039
4613,1599428,Retailers - other,10.0,51.475162,FR/000006827,523,Lewisham,-0.039776,1,E02006798,Lewisham 039
4613,1600496,Retailers - other,5.0,51.439798,FR/000009229,523,Lewisham,-0.051924,2,E02000679,Lewisham 027
4613,1599962,Retailers - other,15.0,51.4757488,FR/000008289,523,Lewisham,-0.0377687,2,E02006798,Lewisham 039
4613,1598954,Retailers - other,25.0,51.461707,FR/000004099,523,Lewisham,-0.006566,0,E02007009,Lewisham 041
4613,1599749,Retailers - other,10.0,51.425835,FR/000007889,523,Lewisham,-0.042895,1,E02000687,Lewisham 035
4613,1598639,Retailers - other,5.0,51.466362,FR/000000722,523,Lewisham,-0.035158,1,E02000657,Lewisham 005
1,1646549,Restaurant/Cafe/Canteen,5.0,51.4654645,FR/000010455,523,Lewisham,-0.0358346,2,E02000660,Lewisham 008
4613,1636174,Retailers - other,10.0,51.46044,FR/000010127,523,Lewisham,-0.011414,2,E02007009,Lewisham 041
4613,1600473,Retailers - other,15.0,51.46044,FR/000009197,523,Lewisham,-0.011414,1,E02007009,Lewisham 041
1,1598779,Restaurant/Cafe/Canteen,15.0,51.456686,FR/000002732,523,Lewisham,-0.021251,0,E02000666,Lewisham 014
4613,1598732,Retailers - other,5.0,51.4802556,FR/000002266,523,Lewisham,-0.0260679,2,E02000654,Lewisham 002
1,1598680,Restaurant/Cafe/Canteen,10.0,51.460781,FR/000001564,523,Lewisham,-0.007657,1,E02007009,Lewisham 041
4613,1600913,Retailers - other,15.0,51.4622338,FR/000010086,523,Lewisham,-0.0106361,0,E02007009,Lewisham 041
4613,1599097,Retailers - other,10.0,51.4456236,FR/000005014,523,Lewisham,-0.0212445,1,E02000672,Lewisham 020
1,1599261,Restaurant/Cafe/Canteen,10.0,51.4250663,FR/000005988,523,Lewisham,-0.0048133,1,E02006784,Lewisham 038
1,1840460,Restaurant/Cafe/Canteen,20.0,51.48076,FR/000011287,523,Lewisham,-0.026618,1,E02000654,Lewisham 002
7844,1636261,Takeaway/sandwich shop,5.0,51.470571,FR/000010329,523,Lewisham,-0.028785,1,E02000657,Lewisham 005
7844,1599891,Takeaway/sandwich shop,10.0,51.4260357,FR/000008167,523,Lewisham,-0.0495943,2,E02000687,Lewisham 035
7844,1790947,Takeaway/sandwich shop,10.0,51.475256,FR/000011134,523,Lewisham,-0.027129,2,E02006798,Lewisham 039
1,1600765,Restaurant/Cafe/Canteen,15.0,51.4617455,FR/000009777,523,Lewisham,-0.0120681,1,E02007009,Lewisham 041
4613,1599969,Retailers - other,10.0,51.475612,FR/000008304,523,Lewisham,-0.038201,1,E02006798,Lewisham 039
7844,1598720,Takeaway/sandwich shop,10.0,51.4399182,FR/000002129,523,Lewisham,-0.0516075,2,E02000679,Lewisham 027
7840,1600325,Retailers - supermarkets/hypermarkets,10.0,51.477417,FR/000008917,523,Lewisham,-0.025711,1,E02006798,Lewisham 039
1,1866498,Restaurant/Cafe/Canteen,5.0,51.4713777,FR/000011437,523,Lewisham,-0.0291585,2,E02000657,Lewisham 005
7844,1599830,Takeaway/sandwich shop,10.0,51.465895,FR/000008050,523,Lewisham,-0.035754,2,E02000657,Lewisham 005
1,1727970,Restaurant/Cafe/Canteen,10.0,51.4395444,FR/000010860,523,Lewisham,-0.0518393,2,E02000679,Lewisham 027
7844,1720407,Takeaway/sandwich shop,15.0,51.4480453,FR/000010839,523,Lewisham,-0.0182039,1,E02000672,Lewisham 020
1,1598885,Restaurant/Cafe/Canteen,10.0,51.4473028,FR/000003617,523,Lewisham,-0.0195025,2,E02000672,Lewisham 020
4613,1787344,Retailers - other,20.0,51.458449,FR/000011131,523,Lewisham,0.000447,0,E02000665,Lewisham 013
4613,1599251,Retailers - other,5.0,51.4596454,FR/000005956,523,Lewisham,-0.0336516,1,E02000666,Lewisham 014
1,1599444,Restaurant/Cafe/Canteen,0.0,51.4838995,FR/000006904,523,Lewisham,-0.0309804,1,E02000654,Lewisham 002
7844,1599186,Takeaway/sandwich shop,15.0,51.442275,FR/000005569,523,Lewisham,-0.011441,2,E02000670,Lewisham 018
1,1600117,Restaurant/Cafe/Canteen,10.0,51.445124,FR/000008546,523,Lewisham,-0.022484,2,E02000672,Lewisham 020
4613,1599613,Retailers - other,5.0,51.461356,FR/000007531,523,Lewisham,-0.006552,1,E02007009,Lewisham 041
4613,1704536,Retailers - other,15.0,51.4611696,FR/000010723,523,Lewisham,-0.0062196,2,E02007009,Lewisham 041
7844,1600343,Takeaway/sandwich shop,20.0,51.4606311,FR/000008943,523,Lewisham,0.0037476,0,E02000661,Lewisham 009
7844,1828236,Takeaway/sandwich shop,10.0,51.430191,FR/000011214,523,Lewisham,0.021525,2,E02000683,Lewisham 031
4613,1598773,Retailers - other,5.0,51.4325257,FR/000002680,523,Lewisham,-0.0167317,1,E02000682,Lewisham 030
7844,1662771,Takeaway/sandwich shop,10.0,51.43263626,FR/000010531,523,Lewisham,-0.060286,2,E02000680,Lewisham 028
4613,1599372,Retailers - other,15.0,51.4456236,FR/000006579,523,Lewisham,-0.0212445,1,E02000672,Lewisham 020
4613,1600850,Retailers - other,10.0,51.480138,FR/000009952,523,Lewisham,-0.0265627,1,E02000654,Lewisham 002
4613,1600014,Retailers - other,15.0,51.445124,FR/000008377,523,Lewisham,-0.022484,1,E02000672,Lewisham 020
7844,1636194,Takeaway/sandwich shop,10.0,51.443003,FR/000010192,523,Lewisham,-0.0268979,2,E02000681,Lewisham 029
7844,1599548,Takeaway/sandwich shop,10.0,51.4717331,FR/000007320,523,Lewisham,-0.0002298,1,E02000661,Lewisham 009
1,1599002,Restaurant/Cafe/Canteen,10.0,51.464564,FR/000004361,523,Lewisham,-0.0368378,2,E02000660,Lewisham 008
4613,1884928,Retailers - other,10.0,51.4454142,FR/000011502,523,Lewisham,-0.0216277,1,E02000672,Lewisham 020
4613,1599773,Retailers - other,15.0,51.447442,FR/000007942,523,Lewisham,-0.019146,1,E02000672,Lewisham 020
4613,1745879,Retailers - other,10.0,51.4759684,FR/000010925,523,Lewisham,-0.0256771,2,E02006798,Lewisham 039
1,455456,Restaurant/Cafe/Canteen,10.0,51.405033,PI/000067122,524,Merton,-0.162761,2,E02000701,Merton 013
1,1827458,Restaurant/Cafe/Canteen,20.0,51.399733,PI/000492241,524,Merton,-0.196715,0,E02000711,Merton 023
1,999501,Restaurant/Cafe/Canteen,15.0,51.419451,PI/000115666,524,Merton,-0.202368,2,E02000697,Merton 009
1,1827455,Restaurant/Cafe/Canteen,15.0,51.4025987,PI/000492216,524,Merton,-0.1929798,1,E02000711,Merton 023
4613,1743904,Retailers - other,10.0,51.4082048,PI/000486813,524,Merton,-0.1634431,2,E02000706,Merton 018
4613,1067875,Retailers - other,10.0,51.404883,PI/000104617,524,Merton,-0.1642232,2,E02000701,Merton 013
4613,1647391,Retailers - other,15.0,51.4253772,PI/000472907,524,Merton,-0.2171731,2,E02000692,Merton 004
1,1788381,Restaurant/Cafe/Canteen,25.0,51.400689,PI/000490317,524,Merton,-0.195714,0,E02000711,Merton 023
7844,232115,Takeaway/sandwich shop,15.0,51.4157292,PI/000047061,524,Merton,-0.192007,1,E02000694,Merton 006
1,1676937,Restaurant/Cafe/Canteen,5.0,51.414038,PI/000473386,524,Merton,-0.176873,2,E02000693,Merton 005
4613,1603742,Retailers - other,10.0,51.4082048,PI/000464575,524,Merton,-0.1634431,2,E02000706,Merton 018
1,530986,Restaurant/Cafe/Canteen,5.0,51.425611,PI/000078096,524,Merton,-0.2177682,2,E02000692,Merton 004
4613,1355229,Retailers - other,0.0,51.404789,PI/000427845,524,Merton,-0.164985,2,E02000706,Merton 018
4613,801002,Retailers - other,15.0,51.404751,PI/000084367,524,Merton,-0.163146,2,E02000701,Merton 013
4613,1298838,Retailers - other,10.0,51.404789,PI/000119152,524,Merton,-0.164985,1,E02000706,Merton 018
1,1581273,Restaurant/Cafe/Canteen,10.0,51.4160958,PI/000463225,524,Merton,-0.1866282,2,E02000694,Merton 006
7844,889545,Takeaway/sandwich shop,15.0,51.411802,PI/000108815,524,Merton,-0.145478,1,E02000702,Merton 014
1,1174633,Restaurant/Cafe/Canteen,10.0,51.41695404,PI/000085539,524,Merton,-0.151798993,1,E02000695,Merton 007
7844,430982,Takeaway/sandwich shop,15.0,51.4158963,PI/000079188,524,Merton,-0.1922694,2,E02000694,Merton 006
7843,200013,Pub/bar/nightclub,10.0,51.4179334,PI/000077958,524,Merton,-0.1787028,2,E02000693,Merton 005
1,1716989,Restaurant/Cafe/Canteen,5.0,51.404613,PI/000484676,524,Merton,-0.135058,2,E02000705,Merton 017
4613,1583651,Retailers - other,10.0,51.4202734,PI/000462495,524,Merton,-0.2040751,2,E02000691,Merton 003
4613,375792,Retailers - other,15.0,51.4272416,PI/000032975,524,Merton,-0.1904641,2,E02000689,Merton 001
4613,1875165,Retailers - other,0.0,51.550162,25/00690/FOOD,525,Newham,0.019987,1,E02000714,Newham 001
7844,1389145,Takeaway/sandwich shop,10.0,51.527803,21/00354/FOOD,525,Newham,0.055372,1,E02000737,Newham 024
4613,1552695,Retailers - other,10.0,51.5419491,22/01235/FOOD,525,Newham,0.001378,0,E02000725,Newham 012
4613,1569227,Retailers - other,15.0,51.537363,22/01304/FOOD,525,Newham,0.025377,2,E02000730,Newham 017
1,1801330,Restaurant/Cafe/Canteen,15.0,51.5373417,25/00106/FOOD,525,Newham,0.0360139,2,E02000727,Newham 014
7841,1901079,Other catering premises,0.0,51.504125,25/00839/FOOD,525,Newham,0.023887,1,E02006999,Newham 042
4613,1580792,Retailers - other,5.0,51.52189,22/01405/FOOD,525,Newham,0.021028,2,E02000743,Newham 030
4613,768215,Retailers - other,5.0,51.543867,15/00005/FOOD,525,Newham,0.049562,1,E02000724,Newham 011
7844,1723249,Takeaway/sandwich shop,5.0,51.5422893,24/00299/FOOD,525,Newham,0.0374749,2,E02000727,Newham 014
4613,1823209,Retailers - other,10.0,51.534472,25/00160/FOOD,525,Newham,0.033986,1,E02000735,Newham 022
4613,1844766,Retailers - other,5.0,51.5345242,25/00381/FOOD,525,Newham,0.0335812,1,E02000735,Newham 022
4613,1685470,Retailers - other,0.0,51.537772,23/00719/FOOD,525,Newham,0.032907,0,E02000730,Newham 017
4613,1663580,Retailers - other,0.0,51.534453,23/00561/FOOD,525,Newham,0.052629,1,E02000731,Newham 018
7841,737497,Other catering premises,15.0,51.553913,14/00529/FOOD,525,Newham,0.057241,1,E02000715,Newham 002
4613,785565,Retailers - other,5.0,51.545009,13/01265/COMM,525,Newham,0.026278,1,E02000721,Newham 008
4613,1909136,Retailers - other,0.0,51.544059,26/00052/FOOD,525,Newham,0.049946,1,E02000723,Newham 010
4613,1170225,Retailers - other,10.0,51.532509,19/00713/FOOD,525,Newham,0.0527,2,E02000731,Newham 018
4613,1552559,Retailers - other,20.0,51.545978,22/01232/FOOD,525,Newham,0.049225,1,E02000723,Newham 010
1,1836298,Restaurant/Cafe/Canteen,10.0,51.532426,25/00346/FOOD,525,Newham,0.049164,2,E02000731,Newham 018
4613,640301,Retailers - other,15.0,51.536638,09/00127/FOOD,525,Newham,0.03453,1,E02000730,Newham 017
4613,979277,Retailers - other,5.0,51.53447342,17/00302/FOOD,525,Newham,0.033985998,1,E02000735,Newham 022
4613,1471223,Retailers - other,10.0,51.5266769,22/00369/FOOD,525,Newham,0.0307952,1,E02000741,Newham 028
1,934055,Restaurant/Cafe/Canteen,10.0,51.516474,16/00767/FOOD,525,Newham,0.009128,1,E02000743,Newham 030
4613,1835181,Retailers - other,0.0,51.543461,25/00315/FOOD,525,Newham,0.036752,1,E02000727,Newham 014
4613,1568324,Retailers - other,15.0,51.526829,22/01328/FOOD,525,Newham,0.060691,1,E02000737,Newham 024
1,1532209,Restaurant/Cafe/Canteen,15.0,51.53187,22/01048/FOOD,525,Newham,0.048606,1,E02000731,Newham 018
1,1099840,Restaurant/Cafe/Canteen,0.0,51.531236,19/00069/FOOD,525,Newham,0.044756,0,E02000738,Newham 025
1,1889692,Restaurant/Cafe/Canteen,15.0,51.5323875,25/00777/FOOD,525,Newham,0.0514368,1,E02000731,Newham 018
4613,1846995,Retailers - other,10.0,51.527365,25/00443/FOOD,525,Newham,0.031002,1,E02000735,Newham 022
7840,1844764,Retailers - supermarkets/hypermarkets,10.0,51.54597855,22/00177/FOOD,525,Newham,0.049224999,1,E02000723,Newham 010
4613,641100,Retailers - other,10.0,51.546521,74760/0305/0/000,525,Newham,0.024182,1,E02000721,Newham 008
1,1231317,Restaurant/Cafe/Canteen,10.0,51.517789,19/00230/FOOD,525,Newham,0.003738,1,E02000747,Newham 034
4613,640908,Retailers - other,0.0,51.510689,67390/0023/0/000,525,Newham,0.02549,1,E02000747,Newham 034
1,1411026,Restaurant/Cafe/Canteen,15.0,51.5495783,21/00589/FOOD,525,Newham,0.0250124,1,E02000714,Newham 001
1,1245711,Restaurant/Cafe/Canteen,10.0,51.5494972,20/00187/FOOD,525,Newham,0.044951,2,E02000717,Newham 004
4613,1693300,Retailers - other,10.0,51.5330073,24/00042/FOOD,525,Newham,0.0530219,2,E02000731,Newham 018
7844,1686902,Takeaway/sandwich shop,5.0,51.5363098,23/00732/FOOD,525,Newham,0.0358814,1,E02000727,Newham 014
4613,1042954,Retailers - other,10.0,51.517914,18/00107/FOOD,525,Newham,0.012204,1,E02000743,Newham 030
4613,640393,Retailers - other,10.0,51.550092,10/00502/FOOD,525,Newham,0.045371,2,E02000717,Newham 004
7844,1877276,Takeaway/sandwich shop,10.0,51.5409711,25/00707/FOOD,525,Newham,0.0107086,2,E02000722,Newham 009
1,1829396,Restaurant/Cafe/Canteen,10.0,51.5343757,25/00246/FOOD,525,Newham,0.0535986,1,E02000731,Newham 018
4613,1836288,Retailers - other,20.0,51.543299,25/00336/FOOD,525,Newham,0.032606,0,E02000720,Newham 007
7844,1624191,Takeaway/sandwich shop,15.0,51.547197,23/00290/FOOD,525,Newham,0.034452,2,E02000720,Newham 007
4613,1853569,Retailers - other,15.0,51.5463127,25/00521/FOOD,525,Newham,0.0054635,1,E02000725,Newham 012
7844,1758972,Takeaway/sandwich shop,10.0,51.5422787,24/00562/FOOD,525,Newham,0.0370451,1,E02000727,Newham 014
1,1887654,Restaurant/Cafe/Canteen,15.0,51.5448645,25/00769/FOOD,525,Newham,0.0321095,1,E02000720,Newham 007
4613,864048,Retailers - other,10.0,51.530503,07/00187/FOOD,525,Newham,0.040326,1,E02000738,Newham 025
7844,1649272,Takeaway/sandwich shop,15.0,51.537289,23/00408/FOOD,525,Newham,0.036375,1,E02000727,Newham 014
7844,1909124,Takeaway/sandwich shop,10.0,51.5414633,26/00040/FOOD,525,Newham,0.0508065,1,E02000723,Newham 010
4613,1649284,Retailers - other,10.0,51.5419491,23/00420/FOOD,525,Newham,0.001378,1,E02000725,Newham 012
1,1912187,Restaurant/Cafe/Canteen,15.0,51.5419491,26/00073/FOOD,525,Newham,0.001378,1,E02000725,Newham 012
7844,1552696,Takeaway/sandwich shop,15.0,51.5475962,22/01236/FOOD,525,Newham,0.0056065,2,E02000725,Newham 012
4613,1776427,Retailers - other,10.0,51.5130269,24/00690/FOOD,525,Newham,0.0119567,1,E02000747,Newham 034
4613,849343,Retailers - other,10.0,51.542772,74750/0111/0/000,525,Newham,0.008382,1,E02000725,Newham 012
1,1853214,Restaurant/Cafe/Canteen,10.0,51.5221163,25/00497/FOOD,525,Newham,0.0230744,2,E02000744,Newham 031
1,1377043,Restaurant/Cafe/Canteen,10.0,51.5525345,21/00255/FOOD,525,Newham,0.0522852,1,E02000716,Newham 003
1,1589983,Restaurant/Cafe/Canteen,15.0,51.53678,23/00046/FOOD,525,Newham,-0.0079937,1,E02006996,Newham 039
4613,640977,Retailers - other,15.0,51.539006,69050/0216/0/000,525,Newham,0.051435,0,E02000731,Newham 018
4613,1649959,Retailers - other,15.0,51.520147,23/00434/FOOD,525,Newham,0.018342,1,E02000744,Newham 031
4613,799752,Retailers - other,5.0,51.511057,12/00529/FOOD,525,Newham,0.032294,1,E02000749,Newham 036
7844,1843928,Takeaway/sandwich shop,10.0,51.541836,25/00365/FOOD,525,Newham,0.032959,1,E02000727,Newham 014
1,1759583,Restaurant/Cafe/Canteen,10.0,51.545032,24/00576/FOOD,525,Newham,0.049283,2,E02000724,Newham 011
7841,1601097,Other catering premises,10.0,51.5459831,23/00140/FOOD,525,Newham,0.0230732,1,E02000721,Newham 008
4613,1854980,Retailers - other,20.0,51.547043,25/00524/FOOD,525,Newham,0.0485044,0,E02000717,Newham 004
1,1865379,Restaurant/Cafe/Canteen,10.0,51.5335368,25/00602/FOOD,525,Newham,0.0566793,1,E02000731,Newham 018
7844,1780820,Takeaway/sandwich shop,15.0,51.536249,24/00728/FOOD,525,Newham,0.007562,1,E02000733,Newham 020
1,1562107,Restaurant/Cafe/Canteen,15.0,51.5400677,22/01289/FOOD,525,Newham,0.0503225,1,E02000723,Newham 010
1,1798758,Restaurant/Cafe/Canteen,10.0,51.5327586,25/00090/FOOD,525,Newham,0.0517918,1,E02000731,Newham 018
7844,1865373,Takeaway/sandwich shop,20.0,51.5368296,25/00596/FOOD,525,Newham,0.0360016,0,E02000727,Newham 014
1,1730899,Restaurant/Cafe/Canteen,10.0,51.544584,24/00355/FOOD,525,Newham,0.032173,2,E02000720,Newham 007
1,1735770,Restaurant/Cafe/Canteen,15.0,51.5474579,24/00392/FOOD,525,Newham,0.0484365,1,E02000717,Newham 004
7844,1910794,Takeaway/sandwich shop,10.0,51.54824193,26/00055/FOOD,525,Newham,0.05546328,1,E02000717,Newham 004
1,1865387,Restaurant/Cafe/Canteen,10.0,51.5467001,25/00612/FOOD,525,Newham,0.0485756,2,E02000717,Newham 004
1,1734298,Restaurant/Cafe/Canteen,15.0,51.5214577,24/00378/FOOD,525,Newham,0.021107,0,E02000744,Newham 031
1,1702401,Restaurant/Cafe/Canteen,10.0,51.5370748,24/00129/FOOD,525,Newham,0.0374007,1,E02000727,Newham 014
7841,1765627,Other catering premises,10.0,51.527365,24/00626/FOOD,525,Newham,0.031002,1,E02000735,Newham 022
4613,1691039,Retailers - other,5.0,51.550651,24/00030/FOOD,525,Newham,0.010907,2,E02000719,Newham 006
1,845313,Restaurant/Cafe/Canteen,5.0,51.534236,14/00067/COMM,525,Newham,0.053672,2,E02000731,Newham 018
4613,837098,Retailers - other,5.0,51.524682,69060/0219/0/000,525,Newham,0.057466,1,E02000742,Newham 029
1,1782513,Restaurant/Cafe/Canteen,10.0,51.542772,24/00729/FOOD,525,Newham,0.008383,2,E02000725,Newham 012
4613,849289,Retailers - other,0.0,51.520354,13/01388/FOOD,525,Newham,0.017774,1,E02000743,Newham 030
4613,640707,Retailers - other,10.0,51.5098427,13/00695/FOOD,525,Newham,0.0632213,1,E02000746,Newham 033
4613,1646067,Retailers - other,15.0,51.5511082,23/00403/FOOD,525,Newham,0.0479658,0,E02000717,Newham 004
4613,805326,Retailers - other,10.0,51.5503127,08/00347/FOOD,525,Newham,0.0055673,1,E02000719,Newham 006
1,1833714,Restaurant/Cafe/Canteen,10.0,51.55185,25/00302/FOOD,525,Newham,0.051262,1,E02000717,Newham 004
4613,640370,Retailers - other,0.0,51.50771332,10/00309/FOOD,525,Newham,0.047290999,1,E02000748,Newham 035
1,1616489,Restaurant/Cafe/Canteen,10.0,51.5177893,23/00225/FOOD,525,Newham,0.0037924,1,E02000747,Newham 034
4613,919475,Retailers - other,5.0,51.5291754,16/00094/COMM,525,Newham,0.0251683,1,E02000739,Newham 026
1,1829380,Restaurant/Cafe/Canteen,10.0,51.5341627,25/00230/FOOD,525,Newham,0.0465292,1,E02000732,Newham 019
7844,1734296,Takeaway/sandwich shop,10.0,51.531107,24/00375/FOOD,525,Newham,0.020514,1,E02000739,Newham 026
4613,1901075,Retailers - other,10.0,51.5276129,25/00835/FOOD,525,Newham,0.0565421,1,E02000737,Newham 024
4613,641051,Retailers - other,0.0,51.537643,73980/0195/0/000,525,Newham,0.031042,1,E02000730,Newham 017
4613,1823212,Retailers - other,20.0,51.55185,25/00165/FOOD,525,Newham,0.051263,0,E02000717,Newham 004
4613,1411012,Retailers - other,15.0,51.5321642,21/00575/FOOD,525,Newham,0.0155976,2,E02000734,Newham 021
4613,864137,Retailers - other,10.0,51.533732,76610/0002/A/000,525,Newham,0.052668,1,E02000731,Newham 018
7844,1758981,Takeaway/sandwich shop,10.0,51.5486893,24/00575/FOOD,525,Newham,0.0251544,1,E02000721,Newham 008
1,1217992,Restaurant/Cafe/Canteen,10.0,51.53295517,20/00028/FOOD,525,Newham,0.036370002,1,E02000735,Newham 022
7844,1318415,Takeaway/sandwich shop,10.0,51.549075,21/00004/FOOD,525,Newham,0.061826,2,E02000715,Newham 002
4613,849334,Retailers - other,0.0,51.5380127,69050/0169/0/000,525,Newham,0.0511706,1,E02000731,Newham 018
4613,1854988,Retailers - other,0.0,51.516941,25/00535/FOOD,525,Newham,0.0101743,1,E02000743,Newham 030
4613,849274,Retailers - other,10.0,51.540651,09/00398/FOOD,525,Newham,0.010899,1,E02000722,Newham 009
7844,1885847,Takeaway/sandwich shop,15.0,51.533636,25/00727/FOOD,525,Newham,0.012565,1,E02000734,Newham 021
4613,1591732,Retailers - other,15.0,51.532483,23/00067/FOOD,525,Newham,0.014793,1,E02000734,Newham 021
7840,1754693,Retailers - supermarkets/hypermarkets,0.0,51.55141413,24/00541/FOOD,525,Newham,0.049504035,2,E02000717,Newham 004
7844,782142,Takeaway/sandwich shop,15.0,51.510689,67390/0001/0/000,525,Newham,0.02549,0,E02000747,Newham 034
7844,1833712,Takeaway/sandwich shop,15.0,51.5368296,25/00300/FOOD,525,Newham,0.0360016,2,E02000727,Newham 014
7844,1827615,Takeaway/sandwich shop,15.0,51.5359227,25/00180/FOOD,525,Newham,0.0353883,1,E02000727,Newham 014
7844,1867329,Takeaway/sandwich shop,15.0,51.527365,25/00643/FOOD,525,Newham,0.031002,2,E02000735,Newham 022
1,1774324,Restaurant/Cafe/Canteen,15.0,51.5419811,24/00672/FOOD,525,Newham,0.0324426,1,E02000730,Newham 017
4613,1603113,Retailers - other,0.0,51.545632,23/00156/FOOD,525,Newham,0.031354,0,E02000721,Newham 008
7844,922319,Takeaway/sandwich shop,10.0,51.542954,16/00678/FOOD,525,Newham,0.032258,2,E02000721,Newham 008
7844,1904076,Takeaway/sandwich shop,5.0,51.537772,25/00857/FOOD,525,Newham,0.032907,1,E02000730,Newham 017
4613,1533843,Retailers - other,10.0,51.5466031,22/01033/FOOD,525,Newham,0.0293457,1,E02000721,Newham 008
4613,1720130,Retailers - other,10.0,51.534472,24/00214/FOOD,525,Newham,0.033986,2,E02000735,Newham 022
4613,1720129,Retailers - other,10.0,51.5343532,24/00209/FOOD,525,Newham,0.0346262,1,E02000735,Newham 022
4613,640608,Retailers - other,15.0,51.534373,12/00395/FOOD,525,Newham,0.036072,0,E02000732,Newham 019
1,1827622,Restaurant/Cafe/Canteen,10.0,51.5407335,25/00187/FOOD,525,Newham,0.0503699,1,E02000723,Newham 010
1,640933,Restaurant/Cafe/Canteen,15.0,51.538668,68150/1009/0/000,525,Newham,0.033683,1,E02000727,Newham 014
4613,1827645,Retailers - other,10.0,51.551777,25/00211/FOOD,525,Newham,0.047206,1,E02000717,Newham 004
4613,640919,Retailers - other,10.0,51.534373,68140/0389/0/000,525,Newham,0.036072,2,E02000732,Newham 019
1,1650670,Restaurant/Cafe/Canteen,20.0,51.5446989,23/00466/FOOD,525,Newham,0.0493655,0,E02000724,Newham 011
7844,1871671,Takeaway/sandwich shop,15.0,51.548944,25/00667/FOOD,525,Newham,0.02442,1,E02000719,Newham 006
7844,1829371,Takeaway/sandwich shop,15.0,51.537312,25/00221/FOOD,525,Newham,0.04027,0,E02000727,Newham 014
1,1854993,Restaurant/Cafe/Canteen,15.0,51.5446723,25/00540/FOOD,525,Newham,0.0498546,0,E02000723,Newham 010
4613,934054,Retailers - other,10.0,51.542612,16/00766/FOOD,525,Newham,0.050357,2,E02000723,Newham 010
4613,1657730,Retailers - other,0.0,51.54586,23/00507/FOOD,525,Newham,0.031695,1,E02000720,Newham 007
7840,1774328,Retailers - supermarkets/hypermarkets,0.0,51.52703094,24/00679/FOOD,525,Newham,0.055957001,2,E02000737,Newham 024
1,1848997,Restaurant/Cafe/Canteen,10.0,51.5521698,25/00457/FOOD,525,Newham,0.050960001,1,E02000717,Newham 004
1,1589978,Restaurant/Cafe/Canteen,5.0,51.530386,23/00040/FOOD,525,Newham,0.037264,1,E02000735,Newham 022
4613,640934,Retailers - other,0.0,51.520369,6820/0035/0/000,525,Newham,0.008031,1,E02000747,Newham 034
7844,1525419,Takeaway/sandwich shop,15.0,51.520354,20/00024/FOOD,525,Newham,0.017775,2,E02000743,Newham 030
1,1649971,Restaurant/Cafe/Canteen,15.0,51.526856,23/00446/FOOD,525,Newham,-0.006431,1,E02006997,Newham 040
4613,1853220,Retailers - other,10.0,51.518968,25/00503/FOOD,525,Newham,0.032401,2,E02000744,Newham 031
4613,1537453,Retailers - other,15.0,51.526964,22/01121/FOOD,525,Newham,0.056559,1,E02000737,Newham 024
1,849286,Restaurant/Cafe/Canteen,0.0,51.526435,13/00697/FOOD,525,Newham,0.02443,1,E02000739,Newham 026
4613,1422783,Retailers - other,15.0,51.540974,21/00682/FOOD,525,Newham,0.050961,2,E02000723,Newham 010
1,1672883,Restaurant/Cafe/Canteen,15.0,51.5417679,23/00644/FOOD,525,Newham,0.0374661,1,E02000727,Newham 014
4613,1519924,Retailers - other,10.0,51.547714,22/00928/FOOD,525,Newham,0.024826,1,E02000721,Newham 008
7844,1857330,Takeaway/sandwich shop,15.0,51.5368296,25/00550/FOOD,525,Newham,0.0360016,2,E02000727,Newham 014
7844,1912184,Takeaway/sandwich shop,15.0,51.53308,25/00876/FOOD,525,Newham,0.022418,0,E02000734,Newham 021
7844,640805,Takeaway/sandwich shop,10.0,51.525948,2330/0144/0/000,525,Newham,0.03907,2,E02000741,Newham 028
4613,849339,Retailers - other,10.0,51.534471,74230/0053/0/000,525,Newham,0.033986,1,E02000735,Newham 022
7844,1835192,Takeaway/sandwich shop,15.0,51.525266,25/00327/FOOD,525,Newham,0.028617,2,E02000739,Newham 026
4613,1672869,Retailers - other,10.0,51.5355585,23/00627/FOOD,525,Newham,0.0351269,1,E02000730,Newham 017
1,1870285,Restaurant/Cafe/Canteen,10.0,51.552671,25/00654/FOOD,525,Newham,0.052655,2,E02000716,Newham 003
7843,864046,Pub/bar/nightclub,10.0,51.55034637,07/00004/COMM,525,Newham,-0.002911,2,E02006996,Newham 039
1,1414018,Restaurant/Cafe/Canteen,10.0,51.5419491,21/00634/FOOD,525,Newham,0.001378,1,E02000725,Newham 012
4613,919478,Retailers - other,20.0,51.541973,16/00126/FOOD,525,Newham,0.001468,1,E02000725,Newham 012
7844,1910801,Takeaway/sandwich shop,10.0,51.552171,26/00062/FOOD,525,Newham,0.05096,2,E02000717,Newham 004
1,1870290,Restaurant/Cafe/Canteen,20.0,51.541156,25/00659/FOOD,525,Newham,0.050334,0,E02000723,Newham 010
1,1740125,Restaurant/Cafe/Canteen,10.0,51.53177998,24/00416/FOOD,525,Newham,0.05540268,2,E02000731,Newham 018
4613,1885863,Retailers - other,20.0,51.542818,25/00746/FOOD,525,Newham,0.042174,0,E02000724,Newham 011
4613,640324,Retailers - other,10.0,51.532956,09/00403/FOOD,525,Newham,0.03637,1,E02000735,Newham 022
4613,1901078,Retailers - other,20.0,51.538094,25/00838/FOOD,525,Newham,0.05112,0,E02000731,Newham 018
4613,1747171,Retailers - other,10.0,51.5419688,24/00462/FOOD,525,Newham,0.0372876,2,E02000727,Newham 014
4613,1827631,Retailers - other,5.0,51.54097366,25/00197/FOOD,525,Newham,0.050960999,1,E02000723,Newham 010
4613,640591,Retailers - other,0.0,51.539011,12/00297/FOOD,525,Newham,0.054752,1,E02000728,Newham 015
7844,1789966,Takeaway/sandwich shop,10.0,51.539895,24/00792/FOOD,525,Newham,0.032353,1,E02000730,Newham 017
7844,1764109,Takeaway/sandwich shop,10.0,51.52613,24/00612/FOOD,525,Newham,0.030126,2,E02000741,Newham 028
1,1691035,Restaurant/Cafe/Canteen,15.0,51.542966,24/00026/FOOD,525,Newham,0.025884,1,E02000721,Newham 008
1,1830668,Restaurant/Cafe/Canteen,15.0,51.5419491,25/00271/FOOD,525,Newham,0.001378,2,E02000725,Newham 012
7844,654087,Takeaway/sandwich shop,15.0,51.546891,10/00181/FOOD,525,Newham,0.005781,1,E02000725,Newham 012
4613,1789962,Retailers - other,5.0,51.544583,24/00788/FOOD,525,Newham,0.032172,2,E02000720,Newham 007
7844,1313793,Takeaway/sandwich shop,10.0,51.530004,20/00704/FOOD,525,Newham,0.021878,2,E02000739,Newham 026
1,1516670,Restaurant/Cafe/Canteen,10.0,51.5341905,22/00884/FOOD,525,Newham,0.0532445,1,E02000731,Newham 018
7844,1827623,Takeaway/sandwich shop,20.0,51.5214839,25/00188/FOOD,525,Newham,0.0211514,0,E02000744,Newham 031
1,1827610,Restaurant/Cafe/Canteen,10.0,51.54689,25/00174/FOOD,525,Newham,0.00578,1,E02000725,Newham 012
4613,1789963,Retailers - other,10.0,51.547197,24/00789/FOOD,525,Newham,0.034452,1,E02000720,Newham 007
7844,1784746,Takeaway/sandwich shop,10.0,51.5461963,24/00758/FOOD,525,Newham,0.0048446,1,E02000725,Newham 012
7844,1786608,Takeaway/sandwich shop,15.0,51.5528681,24/00766/FOOD,525,Newham,0.0542908,2,E02000716,Newham 003
4613,1790642,Retailers - other,10.0,51.552232,25/00018/FOOD,525,Newham,0.062834,1,E02000718,Newham 005
1,1875160,Restaurant/Cafe/Canteen,5.0,51.5368296,25/00685/FOOD,525,Newham,0.0360016,1,E02000727,Newham 014
7844,1846997,Takeaway/sandwich shop,15.0,51.5495468,25/00445/FOOD,525,Newham,0.0250054,2,E02000714,Newham 001
1,1657755,Restaurant/Cafe/Canteen,10.0,51.545978,23/00534/FOOD,525,Newham,0.049225,2,E02000723,Newham 010
1,1260376,Restaurant/Cafe/Canteen,15.0,51.5428105,20/00280/FOOD,525,Newham,0.049872,2,E02000723,Newham 010
7844,1589974,Takeaway/sandwich shop,10.0,51.537643,23/00036/FOOD,525,Newham,0.031041,2,E02000730,Newham 017
1,1207808,Restaurant/Cafe/Canteen,10.0,51.552671,19/01060/FOOD,525,Newham,0.052655,1,E02000716,Newham 003
1,1683686,Restaurant/Cafe/Canteen,15.0,51.5394297,23/00701/FOOD,525,Newham,0.0513929,1,E02000723,Newham 010
1,1875161,Restaurant/Cafe/Canteen,10.0,51.5368296,25/00686/FOOD,525,Newham,0.0360016,1,E02000727,Newham 014
7844,1663579,Takeaway/sandwich shop,0.0,51.5388971,23/00560/FOOD,525,Newham,0.0334444,1,E02000727,Newham 014
4613,1750259,Retailers - other,15.0,51.545978,24/00514/FOOD,525,Newham,0.049225,2,E02000723,Newham 010
4613,1424549,Retailers - other,0.0,51.5348078,21/00736/FOOD,525,Newham,0.0343436,1,E02000735,Newham 022
7844,1783586,Takeaway/sandwich shop,10.0,51.5496212,24/00743/FOOD,525,Newham,0.0250283,1,E02000714,Newham 001
7844,1636937,Takeaway/sandwich shop,15.0,51.523054,23/00321/FOOD,525,Newham,0.022377,2,E02000743,Newham 030
4613,805332,Retailers - other,5.0,51.5434358,12/00135/FOOD,525,Newham,-0.0067646,1,E02006996,Newham 039
4613,1767018,Retailers - other,10.0,51.533045,24/00632/FOOD,525,Newham,0.020772,1,E02000734,Newham 021
4613,1107729,Retailers - other,0.0,51.546688,18/00898/FOOD,525,Newham,0.063088,1,E02000718,Newham 005
4613,852734,Retailers - other,15.0,51.5081924,08/00401/FOOD,525,Newham,0.0219485,2,E02000747,Newham 034
1,1889691,Restaurant/Cafe/Canteen,15.0,51.5361458,25/00776/FOOD,525,Newham,0.0353423,0,E02000727,Newham 014
7844,1910796,Takeaway/sandwich shop,15.0,51.5368296,26/00057/FOOD,525,Newham,0.0360016,2,E02000727,Newham 014
4613,864049,Retailers - other,10.0,51.531936,07/00192/FOOD,525,Newham,0.046878,1,E02000732,Newham 019
4613,1099841,Retailers - other,15.0,51.537189,19/00070/FOOD,525,Newham,0.054482,2,E02000728,Newham 015
4613,640968,Retailers - other,20.0,51.545033,69040/0393/0/000,525,Newham,0.049283,0,E02000724,Newham 011
7844,1657737,Takeaway/sandwich shop,20.0,51.5395793,23/00516/FOOD,525,Newham,0.0329989,0,E02000727,Newham 014
4613,1104282,Retailers - other,15.0,51.52613,19/00020/FOOD,525,Newham,0.030126,0,E02000741,Newham 028
1,1829410,Restaurant/Cafe/Canteen,15.0,51.5335129,25/00260/FOOD,525,Newham,0.056159,1,E02000731,Newham 018
4613,1451248,Retailers - other,10.0,51.5468899,22/00040/FOOD,525,Newham,0.0058927,1,E02000725,Newham 012
4613,1750254,Retailers - other,5.0,51.551444,24/00509/FOOD,525,Newham,0.048778,2,E02000717,Newham 004
1,1762643,Restaurant/Cafe/Canteen,0.0,51.5419491,24/00603/FOOD,525,Newham,0.001378,2,E02000725,Newham 012
1,1827602,Restaurant/Cafe/Canteen,5.0,51.538094,25/00166/FOOD,525,Newham,0.05112,2,E02000731,Newham 018
4613,1875150,Retailers - other,10.0,51.5363059,25/00675/FOOD,525,Newham,0.0526079,1,E02000731,Newham 018
7844,1865553,Takeaway/sandwich shop,10.0,51.541686,25/00631/FOOD,525,Newham,0.0375201,2,E02000727,Newham 014
7844,771893,Takeaway/sandwich shop,10.0,51.533026,13/01327/FOOD,525,Newham,0.02341,1,E02000735,Newham 022
7844,1801328,Takeaway/sandwich shop,15.0,51.502225,25/00104/FOOD,525,Newham,0.04631,2,E02006998,Newham 041
7844,1514916,Takeaway/sandwich shop,10.0,51.530005,22/00868/FOOD,525,Newham,0.021878,1,E02000739,Newham 026
1,1728110,Restaurant/Cafe/Canteen,5.0,51.510689,24/00335/FOOD,525,Newham,0.02549,1,E02000747,Newham 034
4613,864060,Retailers - other,5.0,51.5368518,11/00240/FOOD,525,Newham,0.0383281,1,E02000727,Newham 014
4613,807216,Retailers - other,0.0,51.537,74090/0076/0/000,525,Newham,0.013521,1,E02000729,Newham 016
4613,640971,Retailers - other,0.0,51.534336,69050/0003/0/000,525,Newham,0.053157,1,E02000731,Newham 018
4613,640303,Retailers - other,0.0,51.534472,09/00137/FOOD,525,Newham,0.033986,1,E02000735,Newham 022
4613,1783594,Retailers - other,10.0,51.520718,24/00751/FOOD,525,Newham,0.032104,1,E02000741,Newham 028
1,640385,Restaurant/Cafe/Canteen,10.0,51.53963,10/00429/FOOD,525,Newham,0.050713,2,E02000723,Newham 010
4613,1663596,Retailers - other,10.0,51.54097366,23/00577/FOOD,525,Newham,0.050960999,1,E02000723,Newham 010
7844,640323,Takeaway/sandwich shop,10.0,51.534472,09/00393/FOOD,525,Newham,0.033986,1,E02000735,Newham 022
4613,1078117,Retailers - other,10.0,51.5377871,18/00387/FOOD,525,Newham,0.0331498,2,E02000730,Newham 017
4613,1758962,Retailers - other,5.0,51.553913,24/00552/FOOD,525,Newham,0.057241,1,E02000715,Newham 002
4613,1790646,Retailers - other,5.0,51.543787,25/00022/FOOD,525,Newham,0.0325375,1,E02000720,Newham 007
7844,641148,Takeaway/sandwich shop,10.0,51.5419491,77650/2039/0/000,525,Newham,0.001378,2,E02000725,Newham 012
4613,1829401,Retailers - other,0.0,51.5330362,25/00251/FOOD,525,Newham,0.0223983,1,E02000734,Newham 021
4613,1665425,Retailers - other,0.0,51.533636,23/00593/FOOD,525,Newham,0.012565,1,E02000734,Newham 021
1,1829404,Restaurant/Cafe/Canteen,15.0,51.51369858,25/00254/FOOD,525,Newham,0.056207001,1,E02000748,Newham 035
4613,640818,Retailers - other,15.0,51.52189,61130/0321/0/000,525,Newham,0.021028,2,E02000743,Newham 030
7844,1636952,Takeaway/sandwich shop,10.0,51.551325,23/00338/FOOD,525,Newham,0.04684,2,E02000717,Newham 004
1,1196458,Restaurant/Cafe/Canteen,0.0,51.517914,19/00882/FOOD,525,Newham,0.012204,2,E02000743,Newham 030
1,919440,Restaurant/Cafe/Canteen,10.0,51.53963,14/00097/FOOD,525,Newham,0.050713,2,E02000723,Newham 010
7844,1422785,Takeaway/sandwich shop,10.0,51.536961,21/00719/FOOD,525,Newham,0.036159,1,E02000727,Newham 014
1,1728107,Restaurant/Cafe/Canteen,10.0,51.5416204,24/00329/FOOD,525,Newham,0.0324986,2,E02000730,Newham 017
4613,1414863,Retailers - other,10.0,51.539006,21/00661/FOOD,525,Newham,0.051435,1,E02000731,Newham 018
7844,1801327,Takeaway/sandwich shop,10.0,51.545978,25/00103/FOOD,525,Newham,0.049225,1,E02000723,Newham 010
4613,771911,Retailers - other,5.0,51.545009,15/00121/FOOD,525,Newham,0.026278,1,E02000721,Newham 008
1,1843927,Restaurant/Cafe/Canteen,15.0,51.5479516,25/00364/FOOD,525,Newham,0.0546608,0,E02000718,Newham 005
4613,852776,Retailers - other,5.0,51.534399,69780/0079/0/000,525,Newham,0.046397,1,E02000732,Newham 019
7842,1231325,Hotel/bed & breakfast/guest house,15.0,51.546875,20/00113/FOOD,525,Newham,0.02767,2,E02000721,Newham 008
1,1829394,Restaurant/Cafe/Canteen,15.0,51.539542,25/00244/FOOD,525,Newham,0.055238,1,E02000728,Newham 015
4613,864080,Retailers - other,10.0,51.5321196,13/00112/FOOD,525,Newham,0.0503001,1,E02000731,Newham 018
4613,1829414,Retailers - other,5.0,51.533366,25/00264/FOOD,525,Newham,0.055103,1,E02000731,Newham 018
4613,1570895,Retailers - other,0.0,51.5303557,22/01345/FOOD,525,Newham,-0.0131843,0,E02006997,Newham 040
4613,765288,Retailers - other,10.0,51.545009,15/00025/FOOD,525,Newham,0.026278,1,E02000721,Newham 008
4613,1672871,Retailers - other,0.0,51.5331479,23/00629/FOOD,525,Newham,0.0138243,1,E02000734,Newham 021
4613,919428,Retailers - other,10.0,51.551637,13/01233/FOOD,525,Newham,0.019476,1,E02000714,Newham 001
4613,1601099,Retailers - other,0.0,51.5387501,23/00144/FOOD,525,Newham,0.0336253,2,E02000727,Newham 014
1,1753081,Restaurant/Cafe/Canteen,10.0,51.533366,24/00527/FOOD,525,Newham,0.055104,1,E02000731,Newham 018
4613,640794,Retailers - other,10.0,51.536249,14/00146/FOOD,525,Newham,0.007562,1,E02000733,Newham 020
1,1829397,Restaurant/Cafe/Canteen,5.0,51.544231,25/00247/FOOD,525,Newham,0.004033,1,E02000725,Newham 012
7844,1853570,Takeaway/sandwich shop,15.0,51.5356684,25/00522/FOOD,525,Newham,0.0355355,1,E02000727,Newham 014
4613,1730903,Retailers - other,10.0,51.54025,24/00361/FOOD,525,Newham,0.032657,2,E02000727,Newham 014
1,770150,Restaurant/Cafe/Canteen,10.0,51.5435957,15/00208/FOOD,525,Newham,-0.0066118,2,E02006996,Newham 039
4613,640396,Retailers - other,10.0,51.534472,10/00510/FOOD,525,Newham,0.033986,2,E02000735,Newham 022
4613,1867335,Retailers - other,10.0,51.534372,25/00649/FOOD,525,Newham,0.036072,1,E02000732,Newham 019
1,1870294,Restaurant/Cafe/Canteen,15.0,51.522752,25/00663/FOOD,525,Newham,0.024209,2,E02000744,Newham 031
1,640227,Restaurant/Cafe/Canteen,5.0,51.546891,07/00252/FOOD,525,Newham,0.005781,2,E02000725,Newham 012
1,1672885,Restaurant/Cafe/Canteen,15.0,51.549426,23/00646/FOOD,525,Newham,0.024642,2,E02000719,Newham 006
7844,1585044,Takeaway/sandwich shop,15.0,51.545037,23/00011/FOOD,525,Newham,0.025746,2,E02000721,Newham 008
4613,1472171,Retailers - other,5.0,51.547079,22/00642/FOOD,525,Newham,0.048452,2,E02000717,Newham 004
7843,1368958,Pub/bar/nightclub,5.0,51.5195485,21/00201/FOOD,525,Newham,0.0160496,2,E02000743,Newham 030
4613,1354381,Retailers - other,15.0,51.5368737,21/00133/FOOD,525,Newham,0.0514037,2,E02000731,Newham 018
1,1453328,Restaurant/Cafe/Canteen,5.0,51.5230721,22/00049/FOOD,525,Newham,0.0575341,2,E02000742,Newham 029
4613,1269685,Retailers - other,5.0,51.54750061,20/00349/FOOD,525,Newham,0.033539001,1,E02000720,Newham 007
7844,1844778,Takeaway/sandwich shop,15.0,51.522763,25/00393/FOOD,525,Newham,0.057725,2,E02000742,Newham 029
4613,805370,Retailers - other,5.0,51.533636,73960/0097/0/000,525,Newham,0.012565,1,E02000734,Newham 021
1,1913057,Restaurant/Cafe/Canteen,5.0,51.550939,26/00079/FOOD,525,Newham,0.048885,2,E02000717,Newham 004
1,1901091,Restaurant/Cafe/Canteen,5.0,51.546393,25/00853/FOOD,525,Newham,0.0491675,1,E02000723,Newham 010
4613,1790637,Retailers - other,5.0,51.517062,24/00800/FOOD,525,Newham,0.036511,1,E02000745,Newham 032
4613,1231320,Retailers - other,10.0,51.5361855,20/00087/FOOD,525,Newham,-0.0039361,1,E02006996,Newham 039
4613,1612272,Retailers - other,10.0,51.542555,23/00201/FOOD,525,Newham,0.04284,1,E02000724,Newham 011
1,1885851,Restaurant/Cafe/Canteen,5.0,51.517914,25/00732/FOOD,525,Newham,0.012204,1,E02000743,Newham 030
4613,1670053,Retailers - other,0.0,51.5355585,23/00603/FOOD,525,Newham,0.0351269,1,E02000730,Newham 017
7844,1833722,Takeaway/sandwich shop,15.0,51.53303,25/00311/FOOD,525,Newham,0.052723,2,E02000731,Newham 018
4613,1867321,Retailers - other,10.0,51.5009354,24/00812/FOOD,525,Newham,0.0726455,1,E02006998,Newham 041
1,1867324,Restaurant/Cafe/Canteen,10.0,51.532509,25/00638/FOOD,525,Newham,0.0527,1,E02000731,Newham 018
4613,705169,Retailers - other,5.0,51.500899,73890/0015/0/000,525,Newham,0.063484,2,E02006998,Newham 041
7844,1789970,Takeaway/sandwich shop,15.0,51.5115168,24/00796/FOOD,525,Newham,0.0129155,2,E02000747,Newham 034
4613,746074,Retailers - other,10.0,51.548323,63830/0131/0/000,525,Newham,0.05546,2,E02000717,Newham 004
4613,1552556,Retailers - other,0.0,51.525207,22/01228/FOOD,525,Newham,0.029954,1,E02000741,Newham 028
4613,1542676,Retailers - other,0.0,51.5389504,22/01161/FOOD,525,Newham,0.0510386,1,E02000731,Newham 018
4613,830651,Retailers - other,5.0,51.5327498,75990/0006/0/000,525,Newham,0.0415043,1,E02000732,Newham 019
4613,1639046,Retailers - other,10.0,51.545037,23/00391/FOOD,525,Newham,0.025746,1,E02000721,Newham 008
4613,849349,Retailers - other,10.0,51.545036,78210/0036/0/000,525,Newham,0.025746,1,E02000721,Newham 008
7844,1846967,Takeaway/sandwich shop,15.0,51.5371465,25/00414/FOOD,525,Newham,0.0355735,1,E02000727,Newham 014
1,1283081,Restaurant/Cafe/Canteen,10.0,51.543461,20/00487/FOOD,525,Newham,0.036752,2,E02000727,Newham 014
4613,1836289,Retailers - other,15.0,51.5438256,25/00337/FOOD,525,Newham,-0.0087814,1,E02006996,Newham 039
1,1065229,Restaurant/Cafe/Canteen,15.0,51.53948593,18/00303/FOOD,525,Newham,0.000119,2,E02000725,Newham 012
4613,1542686,Retailers - other,15.0,51.5367559,22/01171/FOOD,525,Newham,0.0345314,1,E02000730,Newham 017
4613,1226330,Retailers - other,10.0,51.553044,18/00206/FOOD,525,Newham,0.025481,1,E02000714,Newham 001
1,1887653,Restaurant/Cafe/Canteen,10.0,51.5376146,25/00762/FOOD,525,Newham,0.0309709,1,E02000730,Newham 017
4613,641094,Retailers - other,5.0,51.553504,74740/0855/0/000,525,Newham,0.054929,1,E02000716,Newham 003
7844,1901085,Takeaway/sandwich shop,10.0,51.5368296,25/00847/FOOD,525,Newham,0.0360016,2,E02000727,Newham 014
7844,1720140,Takeaway/sandwich shop,10.0,51.532509,24/00247/FOOD,525,Newham,0.0527,1,E02000731,Newham 018
1,1801461,Restaurant/Cafe/Canteen,15.0,51.5706059,203124,526,Redbridge,0.1287154,1,E02007018,Redbridge 038
4613,1803366,Retailers - other,10.0,51.5776379,181453,526,Redbridge,0.0658568,1,E02000765,Redbridge 015
4613,570096,Retailers - other,5.0,51.551624,178447,526,Redbridge,0.074347,1,E02000782,Redbridge 032
4613,442901,Retailers - other,10.0,51.58156,113707,526,Redbridge,0.028092,1,E02000764,Redbridge 014
4613,1801455,Retailers - other,15.0,51.561739,203116,526,Redbridge,0.085656,1,E02007019,Redbridge 039
4613,656804,Retailers - other,10.0,51.575658,180418,526,Redbridge,0.090263,1,E02000763,Redbridge 013
7840,570065,Retailers - supermarkets/hypermarkets,10.0,51.561497,174448,526,Redbridge,0.084549,2,E02007019,Redbridge 039
1,443660,Restaurant/Cafe/Canteen,10.0,51.575388,165330,526,Redbridge,0.026706,2,E02000764,Redbridge 014
4613,444016,Retailers - other,5.0,51.552347,33585,526,Redbridge,0.08126,2,E02007020,Redbridge 040
7844,1417730,Takeaway/sandwich shop,15.0,51.5511979,197122,526,Redbridge,0.0745974,1,E02000782,Redbridge 032
1,1134913,Restaurant/Cafe/Canteen,10.0,51.558074,199970,526,Redbridge,0.075289,1,E02007019,Redbridge 039
7844,444343,Takeaway/sandwich shop,10.0,51.600034,97051,526,Redbridge,0.042459,1,E02000759,Redbridge 009
1,443491,Restaurant/Cafe/Canteen,10.0,51.608452,163863,526,Redbridge,0.121001,1,E02000752,Redbridge 002
1,443814,Restaurant/Cafe/Canteen,10.0,51.558343,173366,526,Redbridge,0.109579,1,E02006800,Redbridge 034
1,1722877,Restaurant/Cafe/Canteen,15.0,51.5873468,197582,526,Redbridge,0.0702574,1,E02000762,Redbridge 012
4613,907843,Retailers - other,10.0,51.55247,180858,526,Redbridge,0.073259,1,E02000782,Redbridge 032
1,1627677,Restaurant/Cafe/Canteen,10.0,51.5514882,202341,526,Redbridge,0.0744519,2,E02000782,Redbridge 032
1,1824961,Restaurant/Cafe/Canteen,10.0,51.5768724,203195,526,Redbridge,0.0602944,1,E02000762,Redbridge 012
7844,1055141,Takeaway/sandwich shop,10.0,51.5610043,199271,526,Redbridge,0.0824737,1,E02007019,Redbridge 039
4613,1500698,Retailers - other,5.0,51.5540755,201759,526,Redbridge,0.0725645,2,E02000782,Redbridge 032
1,1791957,Restaurant/Cafe/Canteen,10.0,51.5613164,203073,526,Redbridge,0.0841261,2,E02007019,Redbridge 039
7844,570082,Takeaway/sandwich shop,15.0,51.600604,178109,526,Redbridge,0.084693,2,E02000756,Redbridge 006
7844,1358139,Takeaway/sandwich shop,15.0,51.6022012,201097,526,Redbridge,0.0839395,2,E02000756,Redbridge 006
7844,443069,Takeaway/sandwich shop,15.0,51.561811,150157,526,Redbridge,0.109769,2,E02006800,Redbridge 034
7844,1336661,Takeaway/sandwich shop,10.0,51.579504,201060,526,Redbridge,0.072671,2,E02000765,Redbridge 015
7844,943611,Takeaway/sandwich shop,10.0,51.56227493,197599,526,Redbridge,0.077644996,1,E02000776,Redbridge 026
7844,1576393,Takeaway/sandwich shop,20.0,51.555818,201966,526,Redbridge,0.071104,0,E02000782,Redbridge 032
4613,1756080,Retailers - other,5.0,51.5544519,202930,526,Redbridge,0.0727418,1,E02007019,Redbridge 039
1,1765174,Restaurant/Cafe/Canteen,15.0,51.5641148,202950,526,Redbridge,0.0971598,1,E02000774,Redbridge 024
7844,1709973,Takeaway/sandwich shop,5.0,51.5780347,202715,526,Redbridge,0.0652831,1,E02000765,Redbridge 015
7844,456409,Takeaway/sandwich shop,15.0,51.573407,176551,526,Redbridge,0.082857,2,E02000773,Redbridge 023
1,444120,Restaurant/Cafe/Canteen,10.0,51.563216,5162,526,Redbridge,0.067227,2,E02000779,Redbridge 029
7843,1801459,Pub/bar/nightclub,10.0,51.5662108,203122,526,Redbridge,0.110661,1,E02000772,Redbridge 022
1,1847826,Restaurant/Cafe/Canteen,5.0,51.5546513,180845,526,Redbridge,0.0720424,1,E02000782,Redbridge 032
1,444161,Restaurant/Cafe/Canteen,10.0,51.557896,60335,526,Redbridge,0.071602,1,E02007019,Redbridge 039
4613,443190,Retailers - other,10.0,51.60792,150873,526,Redbridge,0.035736,2,E02000754,Redbridge 004
4613,1684191,Retailers - other,5.0,51.5770302,202610,526,Redbridge,0.0656416,1,E02000762,Redbridge 012
7844,443576,Takeaway/sandwich shop,10.0,51.593842,164914,526,Redbridge,0.024567,2,E02000757,Redbridge 007
4613,444070,Retailers - other,5.0,51.549148,44398,526,Redbridge,0.07507,1,E02000782,Redbridge 032
1,1212157,Restaurant/Cafe/Canteen,5.0,51.575708,200325,526,Redbridge,0.06661,1,E02006924,Redbridge 035
1,444178,Restaurant/Cafe/Canteen,10.0,51.560437,62330,526,Redbridge,0.069294,1,E02000779,Redbridge 029
7844,442972,Takeaway/sandwich shop,10.0,51.57725,12777,526,Redbridge,0.045363,1,E02006925,Redbridge 036
4613,1662397,Retailers - other,10.0,51.5713561,202488,526,Redbridge,0.0960354,1,E02000770,Redbridge 020
4613,1797920,Retailers - other,10.0,51.556007,180833,526,Redbridge,0.0710453,1,E02000782,Redbridge 032
4613,443094,Retailers - other,10.0,51.573056,150427,526,Redbridge,0.083375,1,E02000773,Redbridge 023
1,1107202,Restaurant/Cafe/Canteen,5.0,51.5531421,199849,526,Redbridge,0.0729692,1,E02000782,Redbridge 032
1,1838485,Restaurant/Cafe/Canteen,15.0,51.5502442,203237,526,Redbridge,0.0746261,1,E02000782,Redbridge 032
7844,864211,Takeaway/sandwich shop,10.0,51.564335,181537,526,Redbridge,0.082774,2,E02000773,Redbridge 023
4613,1854181,Retailers - other,15.0,51.566534,203306,526,Redbridge,0.108645,0,E02000772,Redbridge 022
4613,765711,Retailers - other,5.0,51.559775,181028,526,Redbridge,0.078252,2,E02007019,Redbridge 039
4613,1202562,Retailers - other,10.0,51.5594095,200230,526,Redbridge,0.0740187,2,E02007019,Redbridge 039
4613,1865634,Retailers - other,20.0,51.5824137,203379,526,Redbridge,0.0754991,0,E02000765,Redbridge 015
4613,442993,Retailers - other,10.0,51.5510078,130259,526,Redbridge,0.0747902,1,E02000782,Redbridge 032
7844,1225937,Takeaway/sandwich shop,10.0,51.5900755,200376,526,Redbridge,0.0499198,1,E02006925,Redbridge 036
4613,1302022,Retailers - other,10.0,51.58105469,200813,526,Redbridge,0.073459998,1,E02000765,Redbridge 015
7844,1622188,Takeaway/sandwich shop,15.0,51.590121,202289,526,Redbridge,0.049825,2,E02006925,Redbridge 036
1,443773,Restaurant/Cafe/Canteen,15.0,51.565875,168612,526,Redbridge,0.105311,2,E02000774,Redbridge 024
4613,1154588,Retailers - other,10.0,51.60667,200029,526,Redbridge,0.055379,1,E02000755,Redbridge 005
7844,1801464,Takeaway/sandwich shop,10.0,51.5493869,203130,526,Redbridge,0.0749456,1,E02000782,Redbridge 032
1,444247,Restaurant/Cafe/Canteen,10.0,51.572952,78510,526,Redbridge,0.06383,2,E02006924,Redbridge 035
1,1847838,Restaurant/Cafe/Canteen,15.0,51.561575,203275,526,Redbridge,0.068494,2,E02000779,Redbridge 029
1,443858,Restaurant/Cafe/Canteen,15.0,51.564028,174756,526,Redbridge,0.110506,1,E02006800,Redbridge 034
1,444215,Restaurant/Cafe/Canteen,10.0,51.588901,71649,526,Redbridge,0.081342,2,E02000756,Redbridge 006
4613,443532,Retailers - other,15.0,51.570594,164591,526,Redbridge,0.101921,1,E02000774,Redbridge 024
7844,442989,Takeaway/sandwich shop,15.0,51.566518,129723,526,Redbridge,0.110088,2,E02000772,Redbridge 022
7844,443782,Takeaway/sandwich shop,10.0,51.61015,168660,526,Redbridge,0.021697,2,E02000751,Redbridge 001
7844,1400778,Takeaway/sandwich shop,10.0,51.573056,201312,526,Redbridge,0.083375,2,E02000773,Redbridge 023
4613,444328,Retailers - other,5.0,51.562999,93883,526,Redbridge,0.1102382,1,E02006800,Redbridge 034
7843,442964,Pub/bar/nightclub,5.0,51.582235,12688,526,Redbridge,0.02805,1,E02000764,Redbridge 014
4613,1589137,Retailers - other,10.0,51.5612822,201929,526,Redbridge,0.085529,0,E02007019,Redbridge 039
4613,443560,Retailers - other,10.0,51.55941,164818,526,Redbridge,0.091667,1,E02007019,Redbridge 039
4613,570063,Retailers - other,15.0,51.551624,164247,526,Redbridge,0.074347,1,E02000782,Redbridge 032
7844,443891,Takeaway/sandwich shop,10.0,51.602317,17601,526,Redbridge,0.085436,2,E02000756,Redbridge 006
4613,442851,Retailers - other,10.0,51.573407,104816,526,Redbridge,0.082857,2,E02000773,Redbridge 023
7844,1862274,Takeaway/sandwich shop,10.0,51.557741,203338,526,Redbridge,0.069691,1,E02000782,Redbridge 032
7841,1556562,Other catering premises,15.0,51.5598476,201907,526,Redbridge,0.0702993,1,E02000779,Redbridge 029
1,443528,Restaurant/Cafe/Canteen,10.0,51.553311,164562,526,Redbridge,0.087738,2,E02000781,Redbridge 031
4613,1039567,Retailers - other,5.0,51.566307,198661,526,Redbridge,0.110266,1,E02000772,Redbridge 022
4613,443452,Retailers - other,15.0,51.562276,160851,526,Redbridge,0.077645,1,E02000776,Redbridge 026
4613,809976,Retailers - other,15.0,51.565874,181310,526,Redbridge,0.10531,2,E02000774,Redbridge 024
4613,444081,Retailers - other,0.0,51.591792,45724,526,Redbridge,0.02823,1,E02000759,Redbridge 009
7844,1807664,Takeaway/sandwich shop,10.0,51.5530885,203148,526,Redbridge,0.0738643,1,E02007019,Redbridge 039
7843,443121,Pub/bar/nightclub,5.0,51.585923,150749,526,Redbridge,0.089016,1,E02000763,Redbridge 013
4613,773958,Retailers - other,5.0,51.560673,181051,526,Redbridge,0.080832,1,E02007019,Redbridge 039
7844,1684187,Takeaway/sandwich shop,10.0,51.572841,202605,526,Redbridge,0.125461,2,E02007018,Redbridge 038
1,443793,Restaurant/Cafe/Canteen,5.0,51.562434,170683,526,Redbridge,0.091532,1,E02007019,Redbridge 039
4613,947180,Retailers - other,10.0,51.548448,197632,526,Redbridge,0.0755,2,E02000783,Redbridge 033
4613,570083,Retailers - other,5.0,51.553311,178110,526,Redbridge,0.087738,1,E02000781,Redbridge 031
4613,570062,Retailers - other,10.0,51.565324,164138,526,Redbridge,0.083772,2,E02000773,Redbridge 023
4613,443009,Retailers - other,10.0,51.565418,13451,526,Redbridge,0.056029,1,E02006924,Redbridge 035
1,442905,Restaurant/Cafe/Canteen,10.0,51.562852,114415,526,Redbridge,0.092821,2,E02006800,Redbridge 034
7844,444193,Takeaway/sandwich shop,10.0,51.576946,6624,526,Redbridge,0.08361,1,E02000767,Redbridge 017
4613,668388,Retailers - other,10.0,51.588901,180450,526,Redbridge,0.081342,1,E02000756,Redbridge 006
7844,1858905,Takeaway/sandwich shop,10.0,51.5493869,203324,526,Redbridge,0.0749456,1,E02000782,Redbridge 032
4613,443819,Retailers - other,5.0,51.559931,173715,526,Redbridge,0.077018,1,E02007019,Redbridge 039
4613,1836337,Retailers - other,10.0,51.5531461,203247,526,Redbridge,0.0736017,2,E02007019,Redbridge 039
4613,1799540,Retailers - other,15.0,51.5950935,203113,526,Redbridge,0.0229582,1,E02000757,Redbridge 007
1,1541857,Restaurant/Cafe/Canteen,15.0,51.5552807,201852,526,Redbridge,0.0715373,1,E02000782,Redbridge 032
7844,1302018,Takeaway/sandwich shop,10.0,51.5769865,198702,526,Redbridge,0.0670973,1,E02000765,Redbridge 015
7844,1202557,Takeaway/sandwich shop,15.0,51.57668686,199927,526,Redbridge,0.096165001,2,E02000763,Redbridge 013
4613,443717,Retailers - other,10.0,51.547312,165745,526,Redbridge,0.076126,1,E02000783,Redbridge 033
4613,786011,Retailers - other,15.0,51.558864,181292,526,Redbridge,0.071213,1,E02007019,Redbridge 039
4613,1367395,Retailers - other,0.0,51.5795006,171738,526,Redbridge,0.0734322,2,E02000765,Redbridge 015
4613,877322,Retailers - other,10.0,51.559931,196432,526,Redbridge,0.077018,2,E02007019,Redbridge 039
4613,444168,Retailers - other,5.0,51.612244,60904,526,Redbridge,0.114692,1,E02000752,Redbridge 002
7844,1654785,Takeaway/sandwich shop,10.0,51.5638875,202466,526,Redbridge,0.0821581,1,E02000773,Redbridge 023
7844,444085,Takeaway/sandwich shop,15.0,51.565324,46143,526,Redbridge,0.083772,1,E02000773,Redbridge 023
7844,1824962,Takeaway/sandwich shop,10.0,51.5930993,203198,526,Redbridge,0.0261313,1,E02000757,Redbridge 007
7844,1901574,Takeaway/sandwich shop,10.0,51.5661549,203513,526,Redbridge,0.1102688,1,E02000772,Redbridge 022
7843,443081,Pub/bar/nightclub,5.0,51.60786,150308,526,Redbridge,0.038709,1,E02000754,Redbridge 004
4613,1204309,Retailers - other,5.0,51.57339859,200245,526,Redbridge,0.082895003,1,E02000773,Redbridge 023
4613,443008,Retailers - other,10.0,51.559136,134376,526,Redbridge,0.084369,2,E02007019,Redbridge 039
7844,1695206,Takeaway/sandwich shop,10.0,51.5905192,202674,526,Redbridge,0.0819321,1,E02000760,Redbridge 010
4613,443697,Retailers - other,10.0,51.590528,165495,526,Redbridge,0.081893,1,E02000760,Redbridge 010
1,1320521,Restaurant/Cafe/Canteen,15.0,51.575708,201021,526,Redbridge,0.06661,1,E02006924,Redbridge 035
7844,1427570,Takeaway/sandwich shop,10.0,51.575822,201557,526,Redbridge,0.065807,1,E02006924,Redbridge 035
4613,668378,Retailers - other,10.0,51.575708,180400,526,Redbridge,0.06661,1,E02006924,Redbridge 035
4613,688548,Retailers - other,5.0,51.559368,180486,526,Redbridge,0.068192,1,E02000779,Redbridge 029
1,1722902,Restaurant/Cafe/Canteen,5.0,51.554689,202764,526,Redbridge,0.0719432,1,E02000782,Redbridge 032
4613,1707413,Retailers - other,5.0,51.602686,202699,526,Redbridge,0.08694,1,E02000756,Redbridge 006
1,1574277,Restaurant/Cafe/Canteen,10.0,51.4854702,PI/000431525,527,Richmond-Upon-Thames,-0.2328643,2,E02000784,Richmond upon Thames 001
7840,1575559,Retailers - supermarkets/hypermarkets,15.0,51.4527528,PI/000455381,527,Richmond-Upon-Thames,-0.3583098,2,E02000793,Richmond upon Thames 010
1,1584083,Restaurant/Cafe/Canteen,10.0,51.4734254,PI/000293558,527,Richmond-Upon-Thames,-0.2512281,1,E02000786,Richmond upon Thames 003
4613,1574403,Retailers - other,5.0,51.4581277,PI/000433215,527,Richmond-Upon-Thames,-0.3050582,1,E02000791,Richmond upon Thames 008
4613,1574358,Retailers - other,10.0,51.4644336,PI/000433082,527,Richmond-Upon-Thames,-0.3234792,1,E02000790,Richmond upon Thames 007
1,1592328,Restaurant/Cafe/Canteen,10.0,51.4769575,PI/000463677,527,Richmond-Upon-Thames,-0.2858273,1,E02000785,Richmond upon Thames 002
1,1574701,Restaurant/Cafe/Canteen,5.0,51.448211,PI/000454009,527,Richmond-Upon-Thames,-0.3258472,1,E02000797,Richmond upon Thames 014
4613,1575416,Retailers - other,5.0,51.4735845,PI/000455196,527,Richmond-Upon-Thames,-0.2498397,2,E02000786,Richmond upon Thames 003
1,1575302,Restaurant/Cafe/Canteen,10.0,51.4441637,PI/000454902,527,Richmond-Upon-Thames,-0.3468109,2,E02000798,Richmond upon Thames 015
1,1574820,Restaurant/Cafe/Canteen,10.0,51.4609005,PI/000454160,527,Richmond-Upon-Thames,-0.3052723,2,E02000791,Richmond upon Thames 008
7844,1574882,Takeaway/sandwich shop,5.0,51.4151719,PI/000454247,527,Richmond-Upon-Thames,-0.3736345,1,E02000806,Richmond upon Thames 023
4613,1574337,Retailers - other,10.0,51.4653348,PI/000433034,527,Richmond-Upon-Thames,-0.2665676,1,E02000788,Richmond upon Thames 005
4613,1574460,Retailers - other,5.0,51.4494265,PI/000433626,527,Richmond-Upon-Thames,-0.3790378,1,E02000796,Richmond upon Thames 013
1,1616396,Restaurant/Cafe/Canteen,10.0,51.4767202,PI/000465676,527,Richmond-Upon-Thames,-0.2849722,1,E02000785,Richmond upon Thames 002
1,1574136,Restaurant/Cafe/Canteen,15.0,51.4579726,PI/000345235,527,Richmond-Upon-Thames,-0.3049056,1,E02000791,Richmond upon Thames 008
1,1629166,Restaurant/Cafe/Canteen,15.0,51.4273565,PI/000471264,527,Richmond-Upon-Thames,-0.3309281,2,E02000804,Richmond upon Thames 021
1,1574123,Restaurant/Cafe/Canteen,5.0,51.4468228,PI/000303905,527,Richmond-Upon-Thames,-0.3274955,2,E02000797,Richmond upon Thames 014
1,1784042,Restaurant/Cafe/Canteen,15.0,51.4455194,PI/000489411,527,Richmond-Upon-Thames,-0.3313135,0,E02000797,Richmond upon Thames 014
4613,1690048,Retailers - other,15.0,51.4272086,PI/000473749,527,Richmond-Upon-Thames,-0.3279963,2,E02000804,Richmond upon Thames 021
7841,1693320,Other catering premises,5.0,51.4649526,PI/000474099,527,Richmond-Upon-Thames,-0.3014539,2,E02000785,Richmond upon Thames 002
4613,1574430,Retailers - other,5.0,51.4675731,PI/000433405,527,Richmond-Upon-Thames,-0.2842495,1,E02000787,Richmond upon Thames 004
4613,1602151,Retailers - other,10.0,51.4551922,PI/000305660,527,Richmond-Upon-Thames,-0.2967178,1,E02000791,Richmond upon Thames 008
4613,1574385,Retailers - other,10.0,51.4392513,PI/000433124,527,Richmond-Upon-Thames,-0.3325494,1,E02000799,Richmond upon Thames 016
4613,1574544,Retailers - other,10.0,51.4305821,PI/000433844,527,Richmond-Upon-Thames,-0.3067975,1,E02000795,Richmond upon Thames 012
7844,1574571,Takeaway/sandwich shop,15.0,51.4665779,PI/000433906,527,Richmond-Upon-Thames,-0.2667077,0,E02000788,Richmond upon Thames 005
1,1704084,Restaurant/Cafe/Canteen,5.0,51.4826954,PI/000477677,527,Richmond-Upon-Thames,-0.2864764,1,E02000785,Richmond upon Thames 002
4613,1659287,Retailers - other,5.0,51.463708,PI/000479627,527,Richmond-Upon-Thames,-0.301633,1,E02000791,Richmond upon Thames 008
4613,1574238,Retailers - other,5.0,51.41527,PI/000423627,527,Richmond-Upon-Thames,-0.3671165,1,E02000806,Richmond upon Thames 023
1,1575030,Restaurant/Cafe/Canteen,10.0,51.4150662,PI/000454457,527,Richmond-Upon-Thames,-0.3737964,2,E02000806,Richmond upon Thames 023
4613,1724922,Retailers - other,0.0,51.4212461,PI/000482564,527,Richmond-Upon-Thames,-0.3192823,1,E02000805,Richmond upon Thames 022
1,1788411,Restaurant/Cafe/Canteen,10.0,51.412554,PI/000490326,527,Richmond-Upon-Thames,-0.3112749,1,E02000805,Richmond upon Thames 022
7843,1575069,Pub/bar/nightclub,10.0,51.4609509,PI/000454508,527,Richmond-Upon-Thames,-0.3050257,2,E02000791,Richmond upon Thames 008
1,1575664,Restaurant/Cafe/Canteen,20.0,51.4500338,PI/000462508,527,Richmond-Upon-Thames,-0.3320791,1,E02000794,Richmond upon Thames 011
7843,1659277,Pub/bar/nightclub,15.0,51.4258702,PI/000473920,527,Richmond-Upon-Thames,-0.3367947,2,E02000804,Richmond upon Thames 021
4613,1574500,Retailers - other,10.0,51.4649715,PI/000433758,527,Richmond-Upon-Thames,-0.2613106,1,E02000788,Richmond upon Thames 005
7843,1690055,Pub/bar/nightclub,5.0,51.465867,PI/000474158,527,Richmond-Upon-Thames,-0.267274,2,E02000788,Richmond upon Thames 005
4613,1574535,Retailers - other,5.0,51.455467,PI/000433830,527,Richmond-Upon-Thames,-0.2964485,1,E02000791,Richmond upon Thames 008
1,1716991,Restaurant/Cafe/Canteen,15.0,51.4658318,PI/000345516,527,Richmond-Upon-Thames,-0.2521806,2,E02000786,Richmond upon Thames 003
7842,1574902,Hotel/bed & breakfast/guest house,10.0,51.4537358,PI/000454283,527,Richmond-Upon-Thames,-0.337462,1,E02000794,Richmond upon Thames 011
4613,1690685,Retailers - other,0.0,51.4454911,PI/000477755,527,Richmond-Upon-Thames,-0.3363716,1,E02000797,Richmond upon Thames 014
7844,1575345,Takeaway/sandwich shop,15.0,51.4534451,PI/000455060,527,Richmond-Upon-Thames,-0.3686047,2,E02000796,Richmond upon Thames 013
1,1498357,Restaurant/Cafe/Canteen,10.0,51.482385,199253,528,Southwark,-0.063144,2,E02000824,Southwark 018
4613,1435843,Retailers - other,10.0,51.488467,198767,528,Southwark,-0.092415,1,E02000822,Southwark 016
4613,363190,Retailers - other,10.0,51.489741,171227,528,Southwark,-0.079023,1,E02000819,Southwark 013
4613,1128304,Retailers - other,10.0,51.488467,191132,528,Southwark,-0.092415,2,E02000822,Southwark 016
1,1615224,Restaurant/Cafe/Canteen,10.0,51.478044,200298,528,Southwark,-0.082467,2,E02000826,Southwark 020
7840,1692075,Retailers - supermarkets/hypermarkets,10.0,51.4886419,201166,528,Southwark,-0.0780898,2,E02000821,Southwark 015
7844,1759869,Takeaway/sandwich shop,15.0,51.49311,201901,528,Southwark,-0.047247,2,E02000813,Southwark 007
7843,364269,Pub/bar/nightclub,10.0,51.477996,2591,528,Southwark,-0.059298,2,E02000829,Southwark 023
1,1079448,Restaurant/Cafe/Canteen,10.0,51.473716,191876,528,Southwark,-0.07241,2,E02000828,Southwark 022
1,1522041,Restaurant/Cafe/Canteen,15.0,51.504685,199475,528,Southwark,-0.09766,1,E02000808,Southwark 002
1,1856494,Restaurant/Cafe/Canteen,10.0,51.507259,202891,528,Southwark,-0.107785,2,E02000808,Southwark 002
7843,364131,Pub/bar/nightclub,15.0,51.48273,2319,528,Southwark,-0.102967,2,E02000823,Southwark 017
4613,843052,Retailers - other,10.0,51.506666,184967,528,Southwark,-0.100618,2,E02000808,Southwark 002
7844,363345,Takeaway/sandwich shop,10.0,51.478044,172918,528,Southwark,-0.082467,2,E02000826,Southwark 020
4613,609227,Retailers - other,5.0,51.500677,182924,528,Southwark,-0.073045,2,E02006941,Southwark 035
4613,1829866,Retailers - other,15.0,51.47381,202480,528,Southwark,-0.091357,1,E02000827,Southwark 021
1,1501697,Restaurant/Cafe/Canteen,15.0,51.4679292,197455,528,Southwark,-0.0683255,2,E02000831,Southwark 025
7844,1813244,Takeaway/sandwich shop,10.0,51.504518,202534,528,Southwark,-0.0940222,2,E02000808,Southwark 002
7841,974195,Other catering premises,5.0,51.49545288,185755,528,Southwark,-0.066509001,2,E02000810,Southwark 004
1,781488,Restaurant/Cafe/Canteen,15.0,51.425013,180109,528,Southwark,-0.083479,2,E02000839,Southwark 033
7844,1623975,Takeaway/sandwich shop,15.0,51.487046,200414,528,Southwark,-0.095716,1,E02000818,Southwark 012
7841,1792998,Other catering premises,15.0,51.4744434,202333,528,Southwark,-0.0937974,1,E02000827,Southwark 021
1,1530614,Restaurant/Cafe/Canteen,10.0,51.4829636,199514,528,Southwark,-0.0655011,2,E02000824,Southwark 018
7841,1856509,Other catering premises,15.0,51.4736169,202918,528,Southwark,-0.071858,2,E02000828,Southwark 022
1,1128318,Restaurant/Cafe/Canteen,10.0,51.503851,193855,528,Southwark,-0.095044,1,E02000808,Southwark 002
1,903049,Restaurant/Cafe/Canteen,10.0,51.478045,186949,528,Southwark,-0.102398,2,E02000827,Southwark 021
7841,1813232,Other catering premises,0.0,51.504518,202522,528,Southwark,-0.0940222,2,E02000808,Southwark 002
4613,702316,Retailers - other,10.0,51.471369,184545,528,Southwark,-0.069169,1,E02000828,Southwark 022
7844,1776768,Takeaway/sandwich shop,10.0,51.4980716,202107,528,Southwark,-0.0636438,1,E02000810,Southwark 004
7844,1727204,Takeaway/sandwich shop,10.0,51.477393,201498,528,Southwark,-0.073465,2,E02000824,Southwark 018
1,1110681,Restaurant/Cafe/Canteen,15.0,51.4967804,193485,528,Southwark,-0.051066,1,E02000813,Southwark 007
7844,1829882,Takeaway/sandwich shop,15.0,51.4723656,202570,528,Southwark,-0.0694128,2,E02000828,Southwark 022
7844,364540,Takeaway/sandwich shop,15.0,51.495613,3332,528,Southwark,-0.08392,1,E02000812,Southwark 006
7844,363676,Takeaway/sandwich shop,5.0,51.474661,175982,528,Southwark,-0.06867,2,E02000828,Southwark 022
4613,365079,Retailers - other,10.0,51.488957,88684,528,Southwark,-0.091055,2,E02000822,Southwark 016
7844,765100,Takeaway/sandwich shop,10.0,51.486972,185378,528,Southwark,-0.074646,2,E02000821,Southwark 015
7844,521972,Takeaway/sandwich shop,15.0,51.453313,182508,528,Southwark,-0.093967,1,E02000837,Southwark 031
1,739764,Restaurant/Cafe/Canteen,15.0,51.494357,183932,528,Southwark,-0.091824,0,E02000815,Southwark 009
1,1530610,Restaurant/Cafe/Canteen,5.0,51.487154,199376,528,Southwark,-0.094673,2,E02000822,Southwark 016
7844,1204956,Takeaway/sandwich shop,15.0,51.4737921,195782,528,Southwark,-0.0726714,2,E02000828,Southwark 022
1,1835406,Restaurant/Cafe/Canteen,15.0,51.468211,202651,528,Southwark,-0.068496,2,E02000831,Southwark 025
1,853318,Restaurant/Cafe/Canteen,15.0,51.468193,186313,528,Southwark,-0.068554,1,E02000831,Southwark 025
4613,1340031,Retailers - other,10.0,51.471164,197876,528,Southwark,-0.069782,2,E02000828,Southwark 022
4613,364984,Retailers - other,10.0,51.444185,63679,528,Southwark,-0.068114,1,E02000838,Southwark 032
7844,1418437,Takeaway/sandwich shop,10.0,51.491291,198614,528,Southwark,-0.090223,1,E02000818,Southwark 012
4613,363842,Retailers - other,10.0,51.479312,1777,528,Southwark,-0.064959,2,E02000824,Southwark 018
1,739758,Restaurant/Cafe/Canteen,10.0,51.461554,180395,528,Southwark,-0.077674,2,E02000834,Southwark 028
4613,1400569,Retailers - other,15.0,51.4712529,198454,528,Southwark,-0.0697402,1,E02000828,Southwark 022
4613,363387,Retailers - other,10.0,51.498226,173434,528,Southwark,-0.062358,2,E02000810,Southwark 004
1,1450890,Restaurant/Cafe/Canteen,5.0,51.469934,198825,528,Southwark,-0.0673634,2,E02000831,Southwark 025
4613,363999,Retailers - other,10.0,51.473722,1860,528,Southwark,-0.068436,2,E02000828,Southwark 022
7844,1059937,Takeaway/sandwich shop,15.0,51.480328,191158,528,Southwark,-0.094008,1,E02000823,Southwark 017
7844,1813243,Takeaway/sandwich shop,0.0,51.504518,202533,528,Southwark,-0.0940222,2,E02000808,Southwark 002
1,848868,Restaurant/Cafe/Canteen,5.0,51.473552,186331,528,Southwark,-0.088775,2,E02000830,Southwark 024
7844,1358323,Takeaway/sandwich shop,10.0,51.4977196,197979,528,Southwark,-0.0725265,2,E02000810,Southwark 004
4613,364862,Retailers - other,10.0,51.472746,56499,528,Southwark,-0.068693,1,E02000828,Southwark 022
4613,1679788,Retailers - other,10.0,51.473999,192803,528,Southwark,-0.07705,2,E02000831,Southwark 025
4613,1874307,Retailers - other,15.0,51.473214,201938,528,Southwark,-0.070891,1,E02000828,Southwark 022
7841,421379,Other catering premises,15.0,51.469866,43521,528,Southwark,-0.068008,2,E02000831,Southwark 025
4613,1902080,Retailers - other,15.0,51.478377,200902,528,Southwark,-0.084671,2,E02000826,Southwark 020
1,1016898,Restaurant/Cafe/Canteen,5.0,51.499637,188412,528,Southwark,-0.096415,2,E02000808,Southwark 002
7844,733885,Takeaway/sandwich shop,10.0,51.490802,185047,528,Southwark,-0.043672,2,E02000813,Southwark 007
1,1210965,Restaurant/Cafe/Canteen,10.0,51.482859,196162,528,Southwark,-0.065155,2,E02000824,Southwark 018
7844,1699462,Takeaway/sandwich shop,15.0,51.467685,201234,528,Southwark,-0.066603,1,E02000831,Southwark 025
4613,363781,Retailers - other,10.0,51.490952,176952,528,Southwark,-0.081018,2,E02000819,Southwark 013
1,1738999,Restaurant/Cafe/Canteen,5.0,51.4741192,201669,528,Southwark,-0.0937677,2,E02000827,Southwark 021
4613,1150035,Retailers - other,10.0,51.488593,194730,528,Southwark,-0.087441,2,E02000822,Southwark 016
4613,364522,Retailers - other,5.0,51.501033,3296,528,Southwark,-0.093202,2,E02000808,Southwark 002
4613,364715,Retailers - other,5.0,51.474738,44138,528,Southwark,-0.095321,2,E02000827,Southwark 021
1,1648690,Restaurant/Cafe/Canteen,15.0,51.4738482,187118,528,Southwark,-0.0887247,2,E02000830,Southwark 024
7844,1808830,Takeaway/sandwich shop,15.0,51.4989146,202440,528,Southwark,-0.0977906,2,E02000808,Southwark 002
7844,1719532,Takeaway/sandwich shop,10.0,51.4717781,201412,528,Southwark,-0.0699629,2,E02000828,Southwark 022
1,364402,Restaurant/Cafe/Canteen,10.0,51.479953,2925,528,Southwark,-0.094729,2,E02000827,Southwark 021
4613,1264076,Retailers - other,10.0,51.4715679,197144,528,Southwark,-0.0939317,2,E02000827,Southwark 021
1,1582301,Restaurant/Cafe/Canteen,15.0,51.492357,200029,528,Southwark,-0.061468,1,E02000816,Southwark 010
7843,365120,Pub/bar/nightclub,10.0,51.500802,97419,528,Southwark,-0.094451,2,E02000808,Southwark 002
1,1158710,Restaurant/Cafe/Canteen,0.0,51.482436,193886,528,Southwark,-0.085451,2,E02000822,Southwark 016
7844,1788693,Takeaway/sandwich shop,5.0,51.4977196,202263,528,Southwark,-0.0725265,2,E02000810,Southwark 004
4613,1707094,Retailers - other,15.0,51.487979,201309,528,Southwark,-0.093948,1,E02000822,Southwark 016
4613,1537173,Retailers - other,5.0,51.4733583,198455,528,Southwark,-0.08791,2,E02000830,Southwark 024
1,1242042,Restaurant/Cafe/Canteen,10.0,51.488422,196268,528,Southwark,-0.077566,2,E02000821,Southwark 015
7844,365127,Takeaway/sandwich shop,10.0,51.46589,99302,528,Southwark,-0.0657,2,E02000831,Southwark 025
4613,363271,Retailers - other,10.0,51.473214,171954,528,Southwark,-0.070891,1,E02000828,Southwark 022
1,364352,Restaurant/Cafe/Canteen,10.0,51.5063574,2805,528,Southwark,-0.0434997,1,E02000807,Southwark 001
7840,1681597,Retailers - supermarkets/hypermarkets,15.0,51.489213,201043,528,Southwark,-0.079175,2,E02000821,Southwark 015
7844,1738993,Takeaway/sandwich shop,5.0,51.4674459,201657,528,Southwark,-0.0662871,2,E02000831,Southwark 025
4613,1419391,Retailers - other,15.0,51.365479,21/00426/COM,529,Sutton,-0.194403,1,E02000851,Sutton 012
4613,1903820,Retailers - other,15.0,51.379862,25/00585/COM,529,Sutton,-0.243652,1,E02000845,Sutton 006
4613,899201,Retailers - other,10.0,51.358545,16/00113/COM,529,Sutton,-0.143637,1,E02000856,Sutton 017
4613,898841,Retailers - other,15.0,51.363308,09/00062/COM,529,Sutton,-0.172044,1,E02000854,Sutton 015
4613,898986,Retailers - other,5.0,51.384738,11/00140/COM,529,Sutton,-0.176666,2,E02000840,Sutton 001
1,1860683,Restaurant/Cafe/Canteen,10.0,51.361088,25/00287/COM,529,Sutton,-0.192933,2,E02000851,Sutton 012
4613,1791685,Retailers - other,10.0,51.3710425,25/00018/COM,529,Sutton,-0.2095547,1,E02000848,Sutton 009
1,1845109,Restaurant/Cafe/Canteen,15.0,51.383337,25/00159/COM,529,Sutton,-0.190116,2,E02000841,Sutton 002
7844,972789,Takeaway/sandwich shop,5.0,51.362484,17/00097/COM,529,Sutton,-0.122189,1,E02000858,Sutton 019
7844,1717334,Takeaway/sandwich shop,15.0,51.356984,24/00137/COM,529,Sutton,-0.174149,2,E02000861,Sutton 022
1,1649405,Restaurant/Cafe/Canteen,10.0,51.358966,23/00340/COM,529,Sutton,-0.143491,2,E02000856,Sutton 017
4613,899053,Retailers - other,10.0,51.326113,12/00169/COM,529,Sutton,-0.154793,1,E02000863,Sutton 024
7843,904155,Pub/bar/nightclub,5.0,51.365189,16/00121/COM,529,Sutton,-0.161195,2,E02000854,Sutton 015
1,1640094,Restaurant/Cafe/Canteen,15.0,51.3677759,23/00289/COM,529,Sutton,-0.1946431,2,E02000851,Sutton 012
1,1900628,Restaurant/Cafe/Canteen,15.0,51.3806582,25/00578/COM,529,Sutton,-0.2446773,1,E02000845,Sutton 006
1,1624011,Restaurant/Cafe/Canteen,10.0,51.354434,23/00208/COM,529,Sutton,-0.217078,2,E02000855,Sutton 016
4613,754293,Retailers - other,15.0,51.3832223,15/00067/COM,529,Sutton,-0.2043972,1,E02000842,Sutton 003
1,1684612,Restaurant/Cafe/Canteen,15.0,51.3709639,23/00524/COM,529,Sutton,-0.1945486,2,E02000846,Sutton 007
1,1640093,Restaurant/Cafe/Canteen,15.0,51.343945,23/00288/COM,529,Sutton,-0.199795,2,E02006836,Sutton 025
4613,1855844,Retailers - other,15.0,51.3761694,25/00326/COM,529,Sutton,-0.2219159,2,E02000848,Sutton 009
1,1807446,Restaurant/Cafe/Canteen,15.0,51.3620734,25/00102/COM,529,Sutton,-0.1951546,1,E02000851,Sutton 012
1,1705674,Restaurant/Cafe/Canteen,15.0,51.368826,24/00095/COM,529,Sutton,-0.194984,2,E02000851,Sutton 012
1,965048,Restaurant/Cafe/Canteen,5.0,51.3656241,17/00081/COM,529,Sutton,-0.1603652,2,E02000854,Sutton 015
4613,1779597,Retailers - other,10.0,51.364479,24/00487/COM,529,Sutton,-0.152131,2,E02000849,Sutton 010
4613,1754025,Retailers - other,15.0,51.3611116,24/00353/COM,529,Sutton,-0.1916876,2,E02000851,Sutton 012
1,535834,Restaurant/Cafe/Canteen,10.0,51.380766,11/00126/COM,529,Sutton,-0.129474,1,E02000850,Sutton 011
7844,1634039,Takeaway/sandwich shop,15.0,51.343772,23/00262/COM,529,Sutton,-0.200807,2,E02006836,Sutton 025
7844,1884319,Takeaway/sandwich shop,5.0,51.371999,25/00490/COM,529,Sutton,-0.20835,2,E02000842,Sutton 003
7844,1855133,Takeaway/sandwich shop,10.0,51.379742,25/00327/COM,529,Sutton,-0.244059,2,E02000845,Sutton 006
4613,1866712,Retailers - other,15.0,51.384738,25/00416/COM,529,Sutton,-0.176666,2,E02000840,Sutton 001
4613,1337837,Retailers - other,15.0,51.360898,21/00036/COM,529,Sutton,-0.191733,2,E02000851,Sutton 012
7844,1852893,Takeaway/sandwich shop,15.0,51.383337,25/00340/COM,529,Sutton,-0.190116,2,E02000841,Sutton 002
4613,1594637,Retailers - other,15.0,51.3830296,23/00067/COM,529,Sutton,-0.1901312,2,E02000841,Sutton 002
1,1894710,Restaurant/Cafe/Canteen,20.0,51.358699,25/00504/COM,529,Sutton,-0.1444098,0,E02000856,Sutton 017
4613,1222623,Retailers - other,15.0,51.3592484,20/00025/COM,529,Sutton,-0.1401298,2,E02000858,Sutton 019
4613,1658789,Retailers - other,10.0,51.386646,23/00379/COM,529,Sutton,-0.210006,1,E02000842,Sutton 003
4613,1150044,Retailers - other,10.0,51.383114,19/00092/COM,529,Sutton,-0.188515,1,E02000841,Sutton 002
4613,1450056,Retailers - other,15.0,51.38201,17/00163/COM,529,Sutton,-0.20382,2,E02000842,Sutton 003
7844,1086228,Takeaway/sandwich shop,10.0,51.37103,17/00194/COM,529,Sutton,-0.209681,2,E02000848,Sutton 009
4613,1370478,Retailers - other,20.0,51.359124,21/00087/COM,529,Sutton,-0.142786,1,E02000856,Sutton 017
7844,945367,Takeaway/sandwich shop,10.0,51.362701,17/00035/COM,529,Sutton,-0.167717,2,E02000854,Sutton 015
7843,1769122,Pub/bar/nightclub,10.0,51.5184654,214622,530,Tower Hamlets,-0.0741439,1,E02000878,Tower Hamlets 015
1,1880911,Restaurant/Cafe/Canteen,10.0,51.5289814,217079,530,Tower Hamlets,-0.048574,2,E02000870,Tower Hamlets 007
1,703312,Restaurant/Cafe/Canteen,10.0,51.517961,156158,530,Tower Hamlets,-0.063769,2,E02000884,Tower Hamlets 021
4613,1858390,Retailers - other,10.0,51.51270654,206836,530,Tower Hamlets,-0.01403011,2,E02000883,Tower Hamlets 020
4613,88681,Retailers - other,5.0,51.5278946,23369,530,Tower Hamlets,-0.0520389,1,E02000870,Tower Hamlets 007
7844,1786983,Takeaway/sandwich shop,10.0,51.5203107,215955,530,Tower Hamlets,-0.0720541,1,E02000878,Tower Hamlets 015
1,1551052,Restaurant/Cafe/Canteen,10.0,51.519214,210640,530,Tower Hamlets,-0.06125,1,E02000876,Tower Hamlets 013
4613,1880915,Retailers - other,0.0,51.5057611,217184,530,Tower Hamlets,-0.0202962,2,E02006854,Tower Hamlets 033
4613,362299,Retailers - other,5.0,51.514526,10303,530,Tower Hamlets,-0.055094,2,E02000880,Tower Hamlets 017
4613,65899,Retailers - other,0.0,51.516582,148396,530,Tower Hamlets,-0.063582,2,E02000884,Tower Hamlets 021
4613,60601,Retailers - other,10.0,51.513153,13237,530,Tower Hamlets,-0.061796,1,E02000884,Tower Hamlets 021
1,94641,Restaurant/Cafe/Canteen,10.0,51.517331,27806,530,Tower Hamlets,-0.065943,2,E02000884,Tower Hamlets 021
7844,679403,Takeaway/sandwich shop,10.0,51.512423,19878,530,Tower Hamlets,-0.0292598,2,E02000886,Tower Hamlets 023
1,1801339,Restaurant/Cafe/Canteen,10.0,51.524803,215601,530,Tower Hamlets,-0.074088,2,E02000872,Tower Hamlets 009
4613,41450,Retailers - other,10.0,51.517806,10275,530,Tower Hamlets,-0.03982,1,E02000882,Tower Hamlets 019
1,76024,Restaurant/Cafe/Canteen,10.0,51.5333701,17870,530,Tower Hamlets,-0.0574952,2,E02000865,Tower Hamlets 002
7844,1410101,Takeaway/sandwich shop,15.0,51.503074,205278,530,Tower Hamlets,-0.0185733,2,E02006854,Tower Hamlets 033
1,783981,Restaurant/Cafe/Canteen,0.0,51.520445,194927,530,Tower Hamlets,-0.051987,1,E02000879,Tower Hamlets 016
7844,42208,Takeaway/sandwich shop,15.0,51.517961,10419,530,Tower Hamlets,-0.063769,2,E02000884,Tower Hamlets 021
4613,1856139,Retailers - other,10.0,51.5319879,217092,530,Tower Hamlets,-0.0355084,2,E02000866,Tower Hamlets 003
7841,1390312,Other catering premises,10.0,51.5200777,207919,530,Tower Hamlets,-0.0519644,1,E02000879,Tower Hamlets 016
7841,1561004,Other catering premises,10.0,51.5200777,210031,530,Tower Hamlets,-0.0519644,1,E02000879,Tower Hamlets 016
4613,362557,Retailers - other,0.0,51.522807,9351,530,Tower Hamlets,-0.060464,2,E02000876,Tower Hamlets 013
7844,50169,Takeaway/sandwich shop,15.0,51.496361,11164,530,Tower Hamlets,-0.016464,2,E02007114,Tower Hamlets 036
1,784013,Restaurant/Cafe/Canteen,15.0,51.518995,195037,530,Tower Hamlets,-0.05891,2,E02000880,Tower Hamlets 017
4613,99942,Retailers - other,10.0,51.5230971,31871,530,Tower Hamlets,-0.0545738,2,E02000874,Tower Hamlets 011
1,1711691,Restaurant/Cafe/Canteen,0.0,51.4890455,213675,530,Tower Hamlets,-0.0138111,2,E02000893,Tower Hamlets 030
4613,1720862,Retailers - other,0.0,51.5506861,212251,530,Tower Hamlets,0.0133551,1,E02000719,Newham 006
4613,1881813,Retailers - other,15.0,51.498228,217914,530,Tower Hamlets,-0.010951,1,E02007114,Tower Hamlets 036
1,1845787,Restaurant/Cafe/Canteen,15.0,51.5185789,217286,530,Tower Hamlets,-0.0673789,1,E02000878,Tower Hamlets 015
1,836382,Restaurant/Cafe/Canteen,10.0,51.509218,195476,530,Tower Hamlets,-0.078434,2,E02000890,Tower Hamlets 027
7844,1852809,Takeaway/sandwich shop,10.0,51.489698,217358,530,Tower Hamlets,-0.021233,1,E02000894,Tower Hamlets 031
1,49808,Restaurant/Cafe/Canteen,10.0,51.518051,11063,530,Tower Hamlets,-0.038353,1,E02000882,Tower Hamlets 019
1,1767280,Restaurant/Cafe/Canteen,10.0,51.529467,214469,530,Tower Hamlets,-0.0694406,1,E02000869,Tower Hamlets 006
7844,1495353,Takeaway/sandwich shop,10.0,51.5123879,208330,530,Tower Hamlets,-0.028256,2,E02000887,Tower Hamlets 024
1,449752,Restaurant/Cafe/Canteen,10.0,51.520446,153895,530,Tower Hamlets,-0.051988,2,E02000879,Tower Hamlets 016
7843,1811358,Pub/bar/nightclub,5.0,51.527892,216520,530,Tower Hamlets,-0.020342,2,E02000871,Tower Hamlets 008
1,1450797,Restaurant/Cafe/Canteen,15.0,51.51885,207259,530,Tower Hamlets,-0.077381,1,E02000878,Tower Hamlets 015
1,1437587,Restaurant/Cafe/Canteen,10.0,51.517499,208689,530,Tower Hamlets,-0.073921,2,E02000878,Tower Hamlets 015
7844,150922,Takeaway/sandwich shop,10.0,51.499027,9948,530,Tower Hamlets,-0.026261,2,E02006854,Tower Hamlets 033
4613,66804,Retailers - other,5.0,51.5152693,149892,530,Tower Hamlets,-0.0311403,1,E02000886,Tower Hamlets 023
4613,86536,Retailers - other,10.0,51.515868,22036,530,Tower Hamlets,-0.063396,2,E02000884,Tower Hamlets 021
4613,41619,Retailers - other,10.0,51.5137089,10308,530,Tower Hamlets,-0.0488287,2,E02000879,Tower Hamlets 016
7841,1676182,Other catering premises,10.0,51.5200777,212925,530,Tower Hamlets,-0.0519644,1,E02000879,Tower Hamlets 016
4613,65870,Retailers - other,5.0,51.5000705,148306,530,Tower Hamlets,-0.0262775,1,E02006854,Tower Hamlets 033
4613,92639,Retailers - other,5.0,51.514161,26189,530,Tower Hamlets,-0.043435,2,E02000882,Tower Hamlets 019
4613,1580975,Retailers - other,15.0,51.519598,211029,530,Tower Hamlets,-0.059433,1,E02000876,Tower Hamlets 013
7841,1537375,Other catering premises,10.0,51.5200194,210070,530,Tower Hamlets,-0.0522384,2,E02000879,Tower Hamlets 016
1,1745075,Restaurant/Cafe/Canteen,10.0,51.52631691,213361,530,Tower Hamlets,-0.06550796,1,E02000872,Tower Hamlets 009
4613,1583779,Retailers - other,15.0,51.517911,204501,530,Tower Hamlets,-0.0639622,2,E02000884,Tower Hamlets 021
1,1830161,Restaurant/Cafe/Canteen,10.0,51.51815,216883,530,Tower Hamlets,-0.071429,2,E02000878,Tower Hamlets 015
1,775543,Restaurant/Cafe/Canteen,10.0,51.517003,194868,530,Tower Hamlets,-0.068392,1,E02000878,Tower Hamlets 015
4613,458912,Retailers - other,10.0,51.517006,154005,530,Tower Hamlets,-0.071866,1,E02000878,Tower Hamlets 015
4613,101410,Retailers - other,10.0,51.511717,33149,530,Tower Hamlets,-0.058715,1,E02000888,Tower Hamlets 025
1,44314,Restaurant/Cafe/Canteen,15.0,51.5166372,10757,530,Tower Hamlets,-0.0750715,1,E02000878,Tower Hamlets 015
1,1336563,Restaurant/Cafe/Canteen,10.0,51.529074,204807,530,Tower Hamlets,-0.0696014,2,E02000869,Tower Hamlets 006
1,73132,Restaurant/Cafe/Canteen,15.0,51.5166837,16751,530,Tower Hamlets,-0.0675168,2,E02000884,Tower Hamlets 021
7844,1786987,Takeaway/sandwich shop,15.0,51.5203107,215959,530,Tower Hamlets,-0.0720541,2,E02000878,Tower Hamlets 015
1,948985,Restaurant/Cafe/Canteen,10.0,51.525402,197184,530,Tower Hamlets,-0.071136,1,E02000869,Tower Hamlets 006
7841,1901197,Other catering premises,15.0,51.5265399,217172,530,Tower Hamlets,-0.0566616,2,E02000874,Tower Hamlets 011
1,1794878,Restaurant/Cafe/Canteen,10.0,51.513463,215500,530,Tower Hamlets,-0.032872,1,E02000886,Tower Hamlets 023
1,1776634,Restaurant/Cafe/Canteen,10.0,51.5030789,214432,530,Tower Hamlets,-0.0143175,2,E02006854,Tower Hamlets 033
4613,43844,Retailers - other,10.0,51.505348,10663,530,Tower Hamlets,-0.058568,1,E02000890,Tower Hamlets 027
1,1644474,Restaurant/Cafe/Canteen,20.0,51.5168835,209420,530,Tower Hamlets,-0.0643662,0,E02000884,Tower Hamlets 021
1,1775880,Restaurant/Cafe/Canteen,15.0,51.519802,213156,530,Tower Hamlets,-0.075697,1,E02000878,Tower Hamlets 015
1,1495362,Restaurant/Cafe/Canteen,5.0,51.5114645,208640,530,Tower Hamlets,-0.0113728,2,E02000883,Tower Hamlets 020
1,508923,Restaurant/Cafe/Canteen,15.0,51.5238193,154244,530,Tower Hamlets,-0.0716873,2,E02000872,Tower Hamlets 009
1,1799921,Restaurant/Cafe/Canteen,10.0,51.5243653,216313,530,Tower Hamlets,-0.0342487,2,E02000877,Tower Hamlets 014
1,1763077,Restaurant/Cafe/Canteen,10.0,51.48922132,214346,530,Tower Hamlets,0.06453462,1,E02006994,Greenwich 042
4613,1224835,Retailers - other,5.0,51.5277794,203249,530,Tower Hamlets,-0.0178557,2,E02000871,Tower Hamlets 008
1,990007,Restaurant/Cafe/Canteen,15.0,51.51920319,198097,530,Tower Hamlets,-0.056825999,1,E02000880,Tower Hamlets 017
1,66474,Restaurant/Cafe/Canteen,10.0,51.5179134,149498,530,Tower Hamlets,-0.0641063,2,E02000884,Tower Hamlets 021
1,1711683,Restaurant/Cafe/Canteen,10.0,51.516903,211876,530,Tower Hamlets,-0.069954,1,E02000878,Tower Hamlets 015
1,1522870,Restaurant/Cafe/Canteen,10.0,51.517961,210122,530,Tower Hamlets,-0.063769,1,E02000884,Tower Hamlets 021
1,1537374,Restaurant/Cafe/Canteen,10.0,51.523517,209901,530,Tower Hamlets,-0.069717,2,E02000872,Tower Hamlets 009
1,65776,Restaurant/Cafe/Canteen,15.0,51.5242259,148128,530,Tower Hamlets,-0.0717239,2,E02000872,Tower Hamlets 009
4613,1904851,Retailers - other,20.0,51.5021242,210449,530,Tower Hamlets,-0.0099931,0,E02007113,Tower Hamlets 035
7844,1561015,Takeaway/sandwich shop,10.0,51.520951,210783,530,Tower Hamlets,-0.044557,1,E02000873,Tower Hamlets 010
1,1749905,Restaurant/Cafe/Canteen,10.0,51.5235036,213922,530,Tower Hamlets,-0.0380153,2,E02000873,Tower Hamlets 010
4613,149197,Retailers - other,10.0,51.5172793,9542,530,Tower Hamlets,-0.067527,1,E02000878,Tower Hamlets 015
4613,1687590,Retailers - other,10.0,51.5200184,213196,530,Tower Hamlets,-0.0576313,1,E02000876,Tower Hamlets 013
1,1193503,Restaurant/Cafe/Canteen,0.0,51.5076561,18022,530,Tower Hamlets,-0.023855999,2,E02006854,Tower Hamlets 033
4613,42821,Retailers - other,5.0,51.514137,10538,530,Tower Hamlets,-0.062562,2,E02000884,Tower Hamlets 021
1,84867,Restaurant/Cafe/Canteen,10.0,51.5181372,21119,530,Tower Hamlets,-0.0629581,1,E02000884,Tower Hamlets 021
4613,982909,Retailers - other,15.0,51.518872,198014,530,Tower Hamlets,-0.062303,2,E02000876,Tower Hamlets 013
1,1907068,Restaurant/Cafe/Canteen,15.0,51.526863,217637,530,Tower Hamlets,-0.062656,0,E02000868,Tower Hamlets 005
4613,150105,Retailers - other,10.0,51.5328051,9727,530,Tower Hamlets,-0.0537992,1,E02000865,Tower Hamlets 002
7844,42130,Takeaway/sandwich shop,10.0,51.520951,10403,530,Tower Hamlets,-0.044557,1,E02000873,Tower Hamlets 010
1,909115,Restaurant/Cafe/Canteen,15.0,51.51791,196404,530,Tower Hamlets,-0.06292,2,E02000884,Tower Hamlets 021
7841,1763075,Other catering premises,10.0,51.518025,214300,530,Tower Hamlets,-0.070987,2,E02000878,Tower Hamlets 015
1,67684,Restaurant/Cafe/Canteen,10.0,51.513153,151184,530,Tower Hamlets,-0.061796,2,E02000884,Tower Hamlets 021
1,1193510,Restaurant/Cafe/Canteen,15.0,51.5177536,202312,530,Tower Hamlets,-0.063821003,2,E02000884,Tower Hamlets 021
7844,75598,Takeaway/sandwich shop,20.0,51.522807,17697,530,Tower Hamlets,-0.060464,0,E02000876,Tower Hamlets 013
1,65628,Restaurant/Cafe/Canteen,15.0,51.517947,14766,530,Tower Hamlets,-0.026236,2,E02000877,Tower Hamlets 014
7843,112459,Pub/bar/nightclub,15.0,51.534196,4167,530,Tower Hamlets,-0.062402,1,E02000868,Tower Hamlets 005
1,1517006,Restaurant/Cafe/Canteen,10.0,51.5177784,209710,530,Tower Hamlets,-0.0741174,1,E02000878,Tower Hamlets 015
7844,1668888,Takeaway/sandwich shop,10.0,51.5192447,211980,530,Tower Hamlets,-0.0750479,1,E02000878,Tower Hamlets 015
1,362437,Restaurant/Cafe/Canteen,15.0,51.519183,153318,530,Tower Hamlets,-0.060978,1,E02000876,Tower Hamlets 013
4613,42423,Retailers - other,10.0,51.513153,10462,530,Tower Hamlets,-0.061796,2,E02000884,Tower Hamlets 021
1,1471024,Restaurant/Cafe/Canteen,10.0,51.5330155,208414,530,Tower Hamlets,-0.0302878,1,E02000864,Tower Hamlets 001
4613,100175,Retailers - other,10.0,51.5064059,32067,530,Tower Hamlets,-0.0058148,1,E02007112,Tower Hamlets 034
7844,1870502,Takeaway/sandwich shop,5.0,51.5182117,217518,530,Tower Hamlets,-0.0393015,1,E02000882,Tower Hamlets 019
7844,1786979,Takeaway/sandwich shop,5.0,51.520202,215927,530,Tower Hamlets,-0.0711336,1,E02000878,Tower Hamlets 015
7844,44135,Takeaway/sandwich shop,15.0,51.533712,10723,530,Tower Hamlets,-0.027342,2,E02000864,Tower Hamlets 001
7843,148612,Pub/bar/nightclub,10.0,51.532033,9399,530,Tower Hamlets,-0.063128,2,E02000868,Tower Hamlets 005
1,41917,Restaurant/Cafe/Canteen,10.0,51.516702,10367,530,Tower Hamlets,-0.062683,2,E02000884,Tower Hamlets 021
4613,41136,Retailers - other,15.0,51.517947,10219,530,Tower Hamlets,-0.026236,0,E02000877,Tower Hamlets 014
1,1780896,Restaurant/Cafe/Canteen,10.0,51.5264057,215287,530,Tower Hamlets,-0.066485,2,E02000872,Tower Hamlets 009
1,1527338,Restaurant/Cafe/Canteen,5.0,51.5233184,210057,530,Tower Hamlets,-0.0340236,1,E02000877,Tower Hamlets 014
1,1914183,Restaurant/Cafe/Canteen,10.0,51.51815,218776,530,Tower Hamlets,-0.071429,2,E02000878,Tower Hamlets 015
7841,1716693,Other catering premises,10.0,51.5200777,213745,530,Tower Hamlets,-0.0519644,1,E02000879,Tower Hamlets 016
4613,150163,Retailers - other,10.0,51.522154,9748,530,Tower Hamlets,-0.053082,1,E02000876,Tower Hamlets 013
7843,40244,Pub/bar/nightclub,5.0,51.5123111,10097,530,Tower Hamlets,-0.0287572,2,E02000886,Tower Hamlets 023
4613,1155305,Retailers - other,10.0,51.5277794,201568,530,Tower Hamlets,-0.0178557,2,E02000871,Tower Hamlets 008
4613,49697,Retailers - other,10.0,51.519529,11035,530,Tower Hamlets,-0.071673,2,E02000878,Tower Hamlets 015
1,1634860,Restaurant/Cafe/Canteen,10.0,51.519343,212122,530,Tower Hamlets,-0.063061,2,E02000876,Tower Hamlets 013
1,1754255,Restaurant/Cafe/Canteen,10.0,51.5181959,214075,530,Tower Hamlets,-0.0631734,1,E02000884,Tower Hamlets 021
1,1654641,Restaurant/Cafe/Canteen,10.0,51.53168106,212387,530,Tower Hamlets,-0.026924999,1,E02000864,Tower Hamlets 001
1,703318,Restaurant/Cafe/Canteen,15.0,51.516642,156176,530,Tower Hamlets,-0.057396,2,E02000880,Tower Hamlets 017
7843,78306,Pub/bar/nightclub,5.0,51.509752,18606,530,Tower Hamlets,-0.010665,1,E02007113,Tower Hamlets 035
7844,1527702,Takeaway/sandwich shop,15.0,51.5203107,210172,530,Tower Hamlets,-0.0720541,1,E02000878,Tower Hamlets 015
7841,1570340,Other catering premises,0.0,51.519802,210939,530,Tower Hamlets,-0.075697,1,E02000878,Tower Hamlets 015
1,79346,Restaurant/Cafe/Canteen,15.0,51.504233,19048,530,Tower Hamlets,-0.061267,2,E02000890,Tower Hamlets 027
4613,1377572,Retailers - other,10.0,51.5146653,207693,530,Tower Hamlets,-0.0649676,2,E02000884,Tower Hamlets 021
4613,362545,Retailers - other,5.0,51.5113616,806,530,Tower Hamlets,-0.0567315,2,E02000888,Tower Hamlets 025
1,87328,Restaurant/Cafe/Canteen,15.0,51.5046671,22525,530,Tower Hamlets,-0.0575411,2,E02000890,Tower Hamlets 027
4613,811137,Retailers - other,10.0,51.4928309,19166,530,Tower Hamlets,-0.025193,2,E02000894,Tower Hamlets 031
1,1848463,Restaurant/Cafe/Canteen,15.0,51.5101846,215670,530,Tower Hamlets,-0.0049072,2,E02007113,Tower Hamlets 035
1,1377568,Restaurant/Cafe/Canteen,15.0,51.51815,207172,530,Tower Hamlets,-0.071429,2,E02000878,Tower Hamlets 015
4613,1570336,Retailers - other,10.0,51.519184,210881,530,Tower Hamlets,-0.061078,1,E02000876,Tower Hamlets 013
1,1622295,Restaurant/Cafe/Canteen,15.0,51.5362532,211819,530,Tower Hamlets,0.0073717,2,E02000733,Newham 020
1,1858402,Restaurant/Cafe/Canteen,0.0,51.496142,217491,530,Tower Hamlets,-0.017871,2,E02006853,Tower Hamlets 032
1,1838879,Restaurant/Cafe/Canteen,15.0,51.5237783,216920,530,Tower Hamlets,-0.0740349,2,E02000872,Tower Hamlets 009
7844,943443,Takeaway/sandwich shop,15.0,51.499027,197074,530,Tower Hamlets,-0.026261,2,E02006854,Tower Hamlets 033
4613,1315149,Retailers - other,25.0,51.5614949,348636,531,Waltham Forest,0.0005769,0,E02000919,Waltham Forest 025
1,1714258,Restaurant/Cafe/Canteen,5.0,51.5837508,351070,531,Waltham Forest,-0.0248616,1,E02000911,Waltham Forest 017
4613,860606,Retailers - other,20.0,51.5595852,48160,531,Waltham Forest,-0.00874,1,E02000920,Waltham Forest 026
4613,1845584,Retailers - other,10.0,51.5701288,351743,531,Waltham Forest,-0.007933,2,E02000913,Waltham Forest 019
7841,621696,Other catering premises,,51.5720567,65161,531,Waltham Forest,-0.0407378,0,E02000916,Waltham Forest 022
4613,1663911,Retailers - other,10.0,51.6203655,350890,531,Waltham Forest,-0.0167286,1,E02000899,Waltham Forest 005
4613,515355,Retailers - other,15.0,51.5846702,6447,531,Waltham Forest,-0.0191198,1,E02000910,Waltham Forest 016
7840,1735243,Retailers - supermarkets/hypermarkets,10.0,51.5692743,351241,531,Waltham Forest,0.0115675,1,E02000918,Waltham Forest 024
4613,941711,Retailers - other,20.0,51.562481,340289,531,Waltham Forest,-0.0103449,1,E02000919,Waltham Forest 025
1,1867015,Restaurant/Cafe/Canteen,15.0,51.5704655,351841,531,Waltham Forest,0.0139433,2,E02000915,Waltham Forest 021
4613,1008560,Retailers - other,25.0,51.5755883,341762,531,Waltham Forest,-0.013828,0,E02000914,Waltham Forest 020
4613,515100,Retailers - other,5.0,51.6088739,5926,531,Waltham Forest,0.0001735,1,E02000901,Waltham Forest 007
1,1551884,Restaurant/Cafe/Canteen,15.0,51.5905496,350361,531,Waltham Forest,-0.0047018,1,E02000907,Waltham Forest 013
1,1829831,Restaurant/Cafe/Canteen,10.0,51.6103457,351670,531,Waltham Forest,-0.0176708,1,E02000899,Waltham Forest 005
1,1587169,Restaurant/Cafe/Canteen,20.0,51.5899002,350515,531,Waltham Forest,-0.0045859,0,E02000907,Waltham Forest 013
4613,1792091,Retailers - other,20.0,51.5883041,351472,531,Waltham Forest,-0.0207809,1,E02000905,Waltham Forest 011
4613,1410760,Retailers - other,25.0,51.5898883,349456,531,Waltham Forest,-0.0166121,0,E02000910,Waltham Forest 016
7844,515422,Takeaway/sandwich shop,10.0,51.5548922,7327,531,Waltham Forest,-0.0051079,2,E02000920,Waltham Forest 026
7844,1845585,Takeaway/sandwich shop,20.0,51.5832855,351744,531,Waltham Forest,-0.0271336,0,E02000911,Waltham Forest 017
4613,515290,Retailers - other,25.0,51.5910859,6237,531,Waltham Forest,-0.0082153,0,E02000904,Waltham Forest 010
1,1668871,Restaurant/Cafe/Canteen,15.0,51.5694362,350905,531,Waltham Forest,-0.0244137,1,E02000916,Waltham Forest 022
7844,1567635,Takeaway/sandwich shop,5.0,51.5759549,350418,531,Waltham Forest,-0.0147646,2,E02000914,Waltham Forest 020
1,798556,Restaurant/Cafe/Canteen,5.0,51.6171804,52912,531,Waltham Forest,-0.0171563,2,E02000899,Waltham Forest 005
4613,1883537,Retailers - other,10.0,51.5754936,351902,531,Waltham Forest,-0.017801,1,E02000914,Waltham Forest 020
1,1624122,Restaurant/Cafe/Canteen,25.0,51.5639051,350715,531,Waltham Forest,-0.0442385,0,E02000916,Waltham Forest 022
1,1498895,Restaurant/Cafe/Canteen,15.0,51.6330753,350154,531,Waltham Forest,0.0089836,2,E02000896,Waltham Forest 002
4613,1862585,Retailers - other,15.0,51.5938521,351816,531,Waltham Forest,-0.0053658,1,E02000904,Waltham Forest 010
1,1838473,Restaurant/Cafe/Canteen,15.0,51.5589668,351712,531,Waltham Forest,0.0069578,1,E02000921,Waltham Forest 027
4613,1518973,Retailers - other,5.0,51.5840991,350241,531,Waltham Forest,-0.0231739,1,E02000911,Waltham Forest 017
4613,1845594,Retailers - other,10.0,51.58202,351755,531,Waltham Forest,-0.03216,1,E02000911,Waltham Forest 017
7844,1589852,Takeaway/sandwich shop,15.0,51.5826858,350533,531,Waltham Forest,-0.0294403,1,E02000911,Waltham Forest 017
7843,1840641,Pub/bar/nightclub,10.0,51.5632931,351675,531,Waltham Forest,0.0090095,1,E02000918,Waltham Forest 024
4613,860598,Retailers - other,15.0,51.57051,338659,531,Waltham Forest,-0.02417,2,E02000916,Waltham Forest 022
4613,1779458,Retailers - other,15.0,51.5701259,351403,531,Waltham Forest,-0.0263897,1,E02000916,Waltham Forest 022
1,1814780,Restaurant/Cafe/Canteen,15.0,51.5816524,351582,531,Waltham Forest,-0.0327039,1,E02000911,Waltham Forest 017
4613,535500,Retailers - other,10.0,51.617547,63888,531,Waltham Forest,-0.0180937,1,E02000899,Waltham Forest 005
1,1845587,Restaurant/Cafe/Canteen,15.0,51.6192916,351748,531,Waltham Forest,-0.0170354,2,E02000899,Waltham Forest 005
7844,1097285,Takeaway/sandwich shop,15.0,51.5841399,346382,531,Waltham Forest,-0.0228671,1,E02000911,Waltham Forest 017
7844,1125167,Takeaway/sandwich shop,25.0,51.5817348,346854,531,Waltham Forest,-0.0344037,0,E02000911,Waltham Forest 017
4613,514980,Retailers - other,15.0,51.5879703,5737,531,Waltham Forest,-0.030338,0,E02000906,Waltham Forest 012
4613,592036,Retailers - other,10.0,51.5676224,58215,531,Waltham Forest,0.0103547,2,E02000918,Waltham Forest 024
4613,515456,Retailers - other,10.0,51.579202,7866,531,Waltham Forest,-0.0126892,2,E02000914,Waltham Forest 020
7844,1878160,Takeaway/sandwich shop,20.0,51.5702879,351878,531,Waltham Forest,-0.0093789,0,E02000917,Waltham Forest 023
4613,1042182,Retailers - other,10.0,51.55868,342323,531,Waltham Forest,0.0069019,1,E02000921,Waltham Forest 027
4613,1744339,Retailers - other,15.0,51.5710265,351281,531,Waltham Forest,-0.0237963,1,E02000916,Waltham Forest 022
4613,1668873,Retailers - other,10.0,51.5646047,350907,531,Waltham Forest,-0.0333815,1,E02000916,Waltham Forest 022
4613,1690865,Retailers - other,5.0,51.5827608,351007,531,Waltham Forest,-0.0290906,1,E02000911,Waltham Forest 017
4613,1101890,Retailers - other,10.0,51.5889456,346637,531,Waltham Forest,-0.0039781,1,E02000907,Waltham Forest 013
1,515118,Restaurant/Cafe/Canteen,10.0,51.558818,5952,531,Waltham Forest,-0.0069847,2,E02000919,Waltham Forest 025
1,552282,Restaurant/Cafe/Canteen,10.0,51.5686142,37577,531,Waltham Forest,-0.008764,1,E02000917,Waltham Forest 023
7844,1587176,Takeaway/sandwich shop,15.0,51.6109131,350523,531,Waltham Forest,-0.0177183,1,E02000899,Waltham Forest 005
4613,1913559,Retailers - other,25.0,51.591753,9102801,531,Waltham Forest,-0.00514,0,E02000904,Waltham Forest 010
4613,1613503,Retailers - other,15.0,51.5755622,350642,531,Waltham Forest,-0.012285,1,E02000914,Waltham Forest 020
7844,899270,Takeaway/sandwich shop,25.0,51.5868476,339500,531,Waltham Forest,-0.0298813,0,E02000906,Waltham Forest 012
4613,1613496,Retailers - other,25.0,51.588082,350632,531,Waltham Forest,-0.0337836,0,E02000908,Waltham Forest 014
4613,1878166,Retailers - other,10.0,51.6155355,351886,531,Waltham Forest,-0.0177336,1,E02000899,Waltham Forest 005
1,1903509,Restaurant/Cafe/Canteen,5.0,51.582188,9102747,531,Waltham Forest,-0.0313961,1,E02000911,Waltham Forest 017
1,1737652,Restaurant/Cafe/Canteen,15.0,51.5903533,350529,531,Waltham Forest,-0.0046597,1,E02000907,Waltham Forest 013
4613,1320203,Retailers - other,15.0,51.5754922,348660,531,Waltham Forest,-0.0124035,0,E02000914,Waltham Forest 020
4613,1320201,Retailers - other,10.0,51.5883481,348657,531,Waltham Forest,-0.0207213,1,E02000905,Waltham Forest 011
4613,1911643,Retailers - other,25.0,51.581478,9102800,531,Waltham Forest,-0.0185945,0,E02000910,Waltham Forest 016
4613,1783352,Retailers - other,10.0,51.5613019,351449,531,Waltham Forest,-0.0102809,1,E02000920,Waltham Forest 026
4613,621701,Retailers - other,15.0,51.55746671,67543,531,Waltham Forest,0.00646139,1,E02000922,Waltham Forest 028
4613,1469807,Retailers - other,15.0,51.5910928,350012,531,Waltham Forest,-0.0428361,1,E02000908,Waltham Forest 014
1,1344378,Restaurant/Cafe/Canteen,15.0,51.5594979,348777,531,Waltham Forest,-0.007835,0,E02000919,Waltham Forest 025
1,515086,Restaurant/Cafe/Canteen,15.0,51.5826442,59081,531,Waltham Forest,-0.0296442,0,E02000911,Waltham Forest 017
7844,1154093,Takeaway/sandwich shop,15.0,51.5889983,347132,531,Waltham Forest,-0.029976,0,E02000906,Waltham Forest 012
4613,1911641,Retailers - other,10.0,51.5825655,9102796,531,Waltham Forest,-0.0297775,1,E02000911,Waltham Forest 017
1,1698807,Restaurant/Cafe/Canteen,15.0,51.5594921,351033,531,Waltham Forest,-0.0085565,1,E02000920,Waltham Forest 026
4613,1802380,Retailers - other,10.0,51.5611669,351514,531,Waltham Forest,-0.0102724,1,E02000920,Waltham Forest 026
4613,577602,Retailers - other,10.0,51.555351,11217,531,Waltham Forest,-0.0051167,1,E02000920,Waltham Forest 026
4613,689535,Retailers - other,15.0,51.5826688,66998,531,Waltham Forest,-0.0294988,1,E02000911,Waltham Forest 017
4613,1099271,Retailers - other,5.0,51.590616,346594,531,Waltham Forest,-0.0187027,1,E02000905,Waltham Forest 011
7844,1707354,Takeaway/sandwich shop,15.0,51.5890206,351058,531,Waltham Forest,-0.0307691,1,E02000906,Waltham Forest 012
1,1913560,Restaurant/Cafe/Canteen,15.0,51.5884607,9102802,531,Waltham Forest,-0.0045479,1,E02000907,Waltham Forest 013
4613,1883538,Retailers - other,15.0,51.562483,351903,531,Waltham Forest,-0.004112,1,E02000919,Waltham Forest 025
1,1339334,Restaurant/Cafe/Canteen,10.0,51.5535894,348745,531,Waltham Forest,0.0053652,1,E02000922,Waltham Forest 028
4613,515144,Retailers - other,15.0,51.5664967,5989,531,Waltham Forest,0.0025711,1,E02000915,Waltham Forest 021
1,1867019,Restaurant/Cafe/Canteen,20.0,51.571001,351848,531,Waltham Forest,-0.0432221,0,E02000916,Waltham Forest 022
4613,515474,Retailers - other,10.0,51.5997766,8260,531,Waltham Forest,-0.0292358,1,E02000903,Waltham Forest 009
4613,1129620,Retailers - other,0.0,51.5841564,346942,531,Waltham Forest,-0.0227797,1,E02000911,Waltham Forest 017
4613,1177878,Retailers - other,15.0,51.5552096,347294,531,Waltham Forest,0.0052778,0,E02000921,Waltham Forest 027
4613,1804596,Retailers - other,5.0,51.5854843,351536,531,Waltham Forest,-0.0203977,2,E02000911,Waltham Forest 017
4613,515264,Retailers - other,15.0,51.5692207,6203,531,Waltham Forest,-0.0047693,0,E02000913,Waltham Forest 019
1,1690859,Restaurant/Cafe/Canteen,5.0,51.5637909,350997,531,Waltham Forest,-0.0112255,1,E02000917,Waltham Forest 023
1,1277156,Restaurant/Cafe/Canteen,10.0,51.6154097,348433,531,Waltham Forest,-0.0177391,1,E02000899,Waltham Forest 005
4613,1038192,Retailers - other,5.0,51.6076572,342241,531,Waltham Forest,-0.0012519,1,E02000901,Waltham Forest 007
1,1785661,Restaurant/Cafe/Canteen,10.0,51.5620825,351458,531,Waltham Forest,-0.0101747,2,E02000919,Waltham Forest 025
1,1048699,Restaurant/Cafe/Canteen,15.0,51.5871629,342621,531,Waltham Forest,-0.0208305,1,E02000905,Waltham Forest 011
4613,1048694,Retailers - other,15.0,51.5841392,342600,531,Waltham Forest,-0.023892,1,E02000911,Waltham Forest 017
4613,514521,Retailers - other,15.0,51.5759657,41616,531,Waltham Forest,-0.0116901,1,E02000914,Waltham Forest 020
4613,1045294,Retailers - other,15.0,51.5933195,342454,531,Waltham Forest,-0.0340197,1,E02000908,Waltham Forest 014
4613,1296830,Retailers - other,25.0,51.5755747,348540,531,Waltham Forest,-0.0135544,0,E02000914,Waltham Forest 020
4613,1862581,Retailers - other,10.0,51.5868068,351811,531,Waltham Forest,-0.0030035,0,E02000907,Waltham Forest 013
1,1698804,Restaurant/Cafe/Canteen,15.0,51.5639234,351030,531,Waltham Forest,-0.0063142,2,E02000919,Waltham Forest 025
7844,1908978,Takeaway/sandwich shop,15.0,51.577087,9102773,531,Waltham Forest,-0.0094041,1,E02000914,Waltham Forest 020
4613,515191,Retailers - other,10.0,51.5890192,6054,531,Waltham Forest,-0.0306825,1,E02000906,Waltham Forest 012
4613,1804603,Retailers - other,15.0,51.5964539,351543,531,Waltham Forest,-0.0354006,1,E02000903,Waltham Forest 009
4613,1908979,Retailers - other,15.0,51.5815854,9102774,531,Waltham Forest,-0.0329955,1,E02000911,Waltham Forest 017
1,577623,Restaurant/Cafe/Canteen,10.0,51.587416,65620,531,Waltham Forest,-0.0209061,2,E02000905,Waltham Forest 011
1,1690858,Restaurant/Cafe/Canteen,10.0,51.5638987,350892,531,Waltham Forest,-0.0112208,1,E02000917,Waltham Forest 023
1,1469799,Restaurant/Cafe/Canteen,10.0,51.5869936,349988,531,Waltham Forest,-0.0294707,2,E02000905,Waltham Forest 011
4613,1845588,Retailers - other,15.0,51.5610848,351749,531,Waltham Forest,-0.0102038,0,E02000920,Waltham Forest 026
4613,514772,Retailers - other,25.0,51.5748719,5198,531,Waltham Forest,-0.0140036,0,E02000914,Waltham Forest 020
4613,1845583,Retailers - other,5.0,51.5694022,351742,531,Waltham Forest,-0.0080369,1,E02000917,Waltham Forest 023
4613,515201,Retailers - other,15.0,51.5801348,6070,531,Waltham Forest,-0.026938,0,E02000911,Waltham Forest 017
4613,515169,Retailers - other,15.0,51.5804291,6022,531,Waltham Forest,-0.0391367,1,E02000912,Waltham Forest 018
4613,514568,Retailers - other,5.0,51.5845208,43963,531,Waltham Forest,-0.0007797,1,E02000909,Waltham Forest 015
1,1888449,Restaurant/Cafe/Canteen,15.0,51.5764357,351918,531,Waltham Forest,-0.0118283,2,E02000914,Waltham Forest 020
1,1051923,Restaurant/Cafe/Canteen,10.0,51.5828672,342818,531,Waltham Forest,-0.0045329,1,E02000909,Waltham Forest 015
4613,947809,Retailers - other,20.0,51.5711999,338971,531,Waltham Forest,-0.0234136,0,E02000916,Waltham Forest 022
4613,514563,Retailers - other,20.0,51.5844524,43795,531,Waltham Forest,-0.0195335,0,E02000911,Waltham Forest 017
7844,1679426,Takeaway/sandwich shop,25.0,51.58789,350936,531,Waltham Forest,-0.03357,0,E02000906,Waltham Forest 012
1,1196701,Restaurant/Cafe/Canteen,20.0,51.5770382,347346,531,Waltham Forest,-0.0097093,1,E02000914,Waltham Forest 020
1,1211931,Restaurant/Cafe/Canteen,15.0,51.5651392,347618,531,Waltham Forest,-0.0106617,1,E02000917,Waltham Forest 023
1,1407208,Restaurant/Cafe/Canteen,25.0,51.584129,349404,531,Waltham Forest,-0.0243544,0,E02000911,Waltham Forest 017
7844,1213894,Takeaway/sandwich shop,10.0,51.577086,347690,531,Waltham Forest,-0.0301297,1,E02000911,Waltham Forest 017
7844,1663908,Takeaway/sandwich shop,10.0,51.5811266,350882,531,Waltham Forest,-0.0329864,1,E02000911,Waltham Forest 017
4613,1673029,Retailers - other,15.0,51.5876538,350928,531,Waltham Forest,-0.0264827,1,E02000905,Waltham Forest 011
1,552285,Restaurant/Cafe/Canteen,10.0,51.5726137,52033,531,Waltham Forest,-0.0086325,2,E02000914,Waltham Forest 020
4613,764450,Retailers - other,15.0,51.5757859,319397,531,Waltham Forest,-0.0132855,1,E02000914,Waltham Forest 020
1,1764320,Restaurant/Cafe/Canteen,15.0,51.5669294,351377,531,Waltham Forest,-0.0345679,1,E02000916,Waltham Forest 022
4613,1255686,Retailers - other,10.0,51.5813092,348146,531,Waltham Forest,-0.0336859,1,E02000911,Waltham Forest 017
4613,705011,Retailers - other,15.0,51.5786189,139142,531,Waltham Forest,-0.0228899,0,E02000912,Waltham Forest 018
1,1779459,Restaurant/Cafe/Canteen,10.0,51.6064711,351404,531,Waltham Forest,-0.001304,0,E02000901,Waltham Forest 007
1,1042190,Restaurant/Cafe/Canteen,15.0,51.5572469,342384,531,Waltham Forest,-0.0209602,1,E02000920,Waltham Forest 026
4613,1333673,Retailers - other,15.0,51.5716961,348729,531,Waltham Forest,-0.0219057,1,E02000916,Waltham Forest 022
4613,1492682,Retailers - other,25.0,51.5756449,350108,531,Waltham Forest,-0.0139843,0,E02000914,Waltham Forest 020
4613,691118,Retailers - other,10.0,51.5530177,65866,531,Waltham Forest,-0.0048725,0,E02000920,Waltham Forest 026
4613,514971,Retailers - other,10.0,51.599773,5705,531,Waltham Forest,-0.0295536,2,E02000903,Waltham Forest 009
1,1804598,Restaurant/Cafe/Canteen,15.0,51.5603111,351538,531,Waltham Forest,0.0077528,1,E02000921,Waltham Forest 027
4613,1567639,Retailers - other,25.0,51.587497,350427,531,Waltham Forest,-0.0402042,0,E02000908,Waltham Forest 014
4613,1829818,Retailers - other,10.0,51.5805432,351606,531,Waltham Forest,-0.0330549,1,E02000911,Waltham Forest 017
4613,1862587,Retailers - other,15.0,51.5762727,351821,531,Waltham Forest,-0.0112293,1,E02000914,Waltham Forest 020
1,552296,Restaurant/Cafe/Canteen,15.0,51.5708035,63877,531,Waltham Forest,0.0146798,1,E02000915,Waltham Forest 021
7844,514865,Takeaway/sandwich shop,15.0,51.5544691,54382,531,Waltham Forest,-0.0050831,0,E02000920,Waltham Forest 026
7844,592060,Takeaway/sandwich shop,15.0,51.5893735,66222,531,Waltham Forest,-0.030364,1,E02000906,Waltham Forest 012
7844,514390,Takeaway/sandwich shop,15.0,51.581283,3430,531,Waltham Forest,-0.0331962,0,E02000911,Waltham Forest 017
4613,1231031,Retailers - other,25.0,51.5837814,347951,531,Waltham Forest,-0.0256109,0,E02000911,Waltham Forest 017
4613,1779471,Retailers - other,20.0,51.5601948,351422,531,Waltham Forest,-0.0091606,0,E02000919,Waltham Forest 025
4613,1095168,Retailers - other,10.0,51.5700344,346310,531,Waltham Forest,-0.0246908,1,E02000916,Waltham Forest 022
4613,514994,Retailers - other,10.0,51.6177578,5760,531,Waltham Forest,-0.0183301,1,E02000899,Waltham Forest 005
7843,1888450,Pub/bar/nightclub,10.0,51.5736426,351919,531,Waltham Forest,-0.0099153,2,E02000914,Waltham Forest 020
4613,515106,Retailers - other,15.0,51.5513843,5939,531,Waltham Forest,-0.0040064,1,E02000920,Waltham Forest 026
4613,515250,Retailers - other,5.0,51.5679093,6181,531,Waltham Forest,-0.0154613,1,E02000914,Waltham Forest 020
1,1639424,Restaurant/Cafe/Canteen,0.0,51.5870998,350790,531,Waltham Forest,-0.0208188,2,E02000905,Waltham Forest 011
4613,1071114,Retailers - other,10.0,51.5772771,345030,531,Waltham Forest,-0.0265131,1,E02000912,Waltham Forest 018
4613,1714281,Retailers - other,10.0,51.5707625,351118,531,Waltham Forest,-0.0246737,1,E02000912,Waltham Forest 018
1,1834619,Restaurant/Cafe/Canteen,15.0,51.5716441,351686,531,Waltham Forest,-0.0081987,1,E02000913,Waltham Forest 019
7844,1737654,Takeaway/sandwich shop,20.0,51.5662441,351243,531,Waltham Forest,0.0099764,0,E02000918,Waltham Forest 024
4613,514448,Retailers - other,10.0,51.5717701,37757,531,Waltham Forest,-0.0082076,1,E02000913,Waltham Forest 019
4613,1735229,Retailers - other,10.0,51.5679312,351224,531,Waltham Forest,0.0086079,1,E02000918,Waltham Forest 024
4613,514570,Retailers - other,15.0,51.5821437,44028,531,Waltham Forest,-0.0303587,1,E02000911,Waltham Forest 017
1,514614,Restaurant/Cafe/Canteen,15.0,51.5665371,45974,531,Waltham Forest,-0.0210041,1,E02000920,Waltham Forest 026
4613,515189,Retailers - other,15.0,51.5873148,6052,531,Waltham Forest,-0.0080192,1,E02000907,Waltham Forest 013
7844,1852482,Takeaway/sandwich shop,15.0,51.5708548,351772,531,Waltham Forest,-0.02428,1,E02000916,Waltham Forest 022
4613,1383298,Retailers - other,10.0,51.5766118,349175,531,Waltham Forest,-0.0153277,1,E02000910,Waltham Forest 016
4613,515088,Retailers - other,10.0,51.618063,5911,531,Waltham Forest,-0.0177679,1,E02000899,Waltham Forest 005
4613,1171304,Retailers - other,15.0,51.5525015,347273,531,Waltham Forest,0.0058799,0,E02000922,Waltham Forest 028
7841,1587179,Other catering premises,15.0,51.5910347,350526,531,Waltham Forest,-0.0190021,1,E02000905,Waltham Forest 011
1,1852475,Restaurant/Cafe/Canteen,10.0,51.5793321,351759,531,Waltham Forest,-0.0182548,1,E02000910,Waltham Forest 016
4613,535499,Retailers - other,25.0,51.5845489,63875,531,Waltham Forest,-0.0220554,0,E02000911,Waltham Forest 017
4613,690013,Retailers - other,20.0,51.5767625,138727,531,Waltham Forest,-0.0162593,1,E02000910,Waltham Forest 016
4613,1814774,Retailers - other,15.0,51.5715076,351575,531,Waltham Forest,-0.0224622,1,E02000916,Waltham Forest 022
4613,515243,Retailers - other,10.0,51.5833455,61719,531,Waltham Forest,-0.0237532,2,E02000911,Waltham Forest 017
1,1867012,Restaurant/Cafe/Canteen,15.0,51.5652391,351837,531,Waltham Forest,0.0098456,1,E02000918,Waltham Forest 024
7844,899260,Takeaway/sandwich shop,10.0,51.5701446,139078,531,Waltham Forest,-0.0248303,1,E02000916,Waltham Forest 022
1,1055368,Restaurant/Cafe/Canteen,10.0,51.576925,342881,531,Waltham Forest,-0.0162955,1,E02000910,Waltham Forest 016
7843,514121,Pub/bar/nightclub,5.0,51.574417,138,531,Waltham Forest,-0.0136915,1,E02000914,Waltham Forest 020
7843,1561311,Pub/bar/nightclub,10.0,51.5902985,350363,531,Waltham Forest,-0.0169408,1,E02000905,Waltham Forest 011
1,1012897,Restaurant/Cafe/Canteen,15.0,51.5703625,341854,531,Waltham Forest,-0.0244168,1,E02000916,Waltham Forest 022
4613,514471,Retailers - other,10.0,51.5716803,39254,531,Waltham Forest,-0.0082115,2,E02000913,Waltham Forest 019
7843,514156,Pub/bar/nightclub,10.0,51.5571557,147,531,Waltham Forest,0.0061135,0,E02000921,Waltham Forest 027
7843,514159,Pub/bar/nightclub,25.0,51.5679338,153,531,Waltham Forest,0.0110754,0,E02000918,Waltham Forest 024
4613,580928,Retailers - other,10.0,51.5749421,35461,531,Waltham Forest,-0.011778,1,E02000914,Waltham Forest 020
1,1639419,Restaurant/Cafe/Canteen,25.0,51.5810442,350727,531,Waltham Forest,-0.0334375,0,E02000911,Waltham Forest 017
4613,515274,Retailers - other,15.0,51.5853695,6217,531,Waltham Forest,-0.0388088,2,E02000908,Waltham Forest 014
7844,1814778,Takeaway/sandwich shop,25.0,51.5552476,351580,531,Waltham Forest,0.0056834,0,E02000922,Waltham Forest 028
4613,1809799,Retailers - other,5.0,51.5829974,351551,531,Waltham Forest,-0.0287195,2,E02000911,Waltham Forest 017
4613,1683354,Retailers - other,10.0,51.5710551,350959,531,Waltham Forest,-0.0082158,1,E02000913,Waltham Forest 019
4613,1045283,Retailers - other,5.0,51.5650517,342425,531,Waltham Forest,-0.020376,1,E02000920,Waltham Forest 026
7844,951113,Takeaway/sandwich shop,10.0,51.6184916,340545,531,Waltham Forest,0.0041211,1,E02000897,Waltham Forest 003
4613,606683,Retailers - other,5.0,51.600866,65412,531,Waltham Forest,-0.005362,2,E02000902,Waltham Forest 008
1,1071121,Restaurant/Cafe/Canteen,25.0,51.5610032,345052,531,Waltham Forest,-0.0101641,0,E02000920,Waltham Forest 026
1,804569,Restaurant/Cafe/Canteen,25.0,51.5813541,319629,531,Waltham Forest,-0.0181813,0,E02000910,Waltham Forest 016
1,1878172,Restaurant/Cafe/Canteen,15.0,51.58986,351894,531,Waltham Forest,-0.0181292,1,E02000905,Waltham Forest 011
1,1469800,Restaurant/Cafe/Canteen,15.0,51.5906261,350002,531,Waltham Forest,-0.0171719,1,E02000905,Waltham Forest 011
4613,515018,Retailers - other,25.0,51.5594937,5808,531,Waltham Forest,0.0071686,0,E02000921,Waltham Forest 027
7841,1588886,Other catering premises,15.0,51.464817,PI/000459318,532,Wandsworth,-0.181351,2,E02000926,Wandsworth 004
1,1877797,Restaurant/Cafe/Canteen,15.0,51.4468049,PI/000494849,532,Wandsworth,-0.1923632,1,E02000946,Wandsworth 024
4613,1625195,Retailers - other,10.0,51.4503781,PI/000471372,532,Wandsworth,-0.1989082,1,E02000940,Wandsworth 018
7844,1572484,Takeaway/sandwich shop,15.0,51.4289362,PI/000457325,532,Wandsworth,-0.1662964,1,E02000957,Wandsworth 035
4613,1571793,Retailers - other,15.0,51.4769001,PI/000434582,532,Wandsworth,-0.1466325,1,E02007084,Wandsworth 039
4613,1572149,Retailers - other,5.0,51.466231,PI/000436220,532,Wandsworth,-0.1691621,1,E02000930,Wandsworth 008
1,1573669,Restaurant/Cafe/Canteen,5.0,51.4360325,PI/000460148,532,Wandsworth,-0.1606167,2,E02000951,Wandsworth 029
4613,1571476,Retailers - other,0.0,51.4309351,PI/000424329,532,Wandsworth,-0.1647346,1,E02000955,Wandsworth 033
1,1571466,Restaurant/Cafe/Canteen,25.0,51.4445967,PI/000424269,532,Wandsworth,-0.1510867,0,E02000943,Wandsworth 021
4613,1849566,Retailers - other,5.0,51.4291069,PI/000493311,532,Wandsworth,-0.1657141,1,E02000957,Wandsworth 035
1,1745583,Restaurant/Cafe/Canteen,10.0,51.4335505,PI/000487331,532,Wandsworth,-0.1632844,2,E02000954,Wandsworth 032
1,1625056,Restaurant/Cafe/Canteen,10.0,51.4352259,PI/000467998,532,Wandsworth,-0.1602175,1,E02000951,Wandsworth 029
4613,1571921,Retailers - other,15.0,51.4750115,PI/000435239,532,Wandsworth,-0.1369744,1,E02007084,Wandsworth 039
4613,1571844,Retailers - other,5.0,51.47875828,PI/000434930,532,Wandsworth,-0.14057781,1,E02007084,Wandsworth 039
7844,1611577,Takeaway/sandwich shop,15.0,51.4637997,PI/000458432,532,Wandsworth,-0.1708022,1,E02000934,Wandsworth 012
4613,1571644,Retailers - other,10.0,51.4322659,PI/000425294,532,Wandsworth,-0.1641489,1,E02000954,Wandsworth 032
7841,1573383,Other catering premises,10.0,51.4711993,PI/000459319,532,Wandsworth,-0.1539321,2,E02007084,Wandsworth 039
1,1572821,Restaurant/Cafe/Canteen,15.0,51.4251454,PI/000458026,532,Wandsworth,-0.1613991,1,E02000957,Wandsworth 035
1,1572185,Restaurant/Cafe/Canteen,5.0,51.4321675,PI/000436278,532,Wandsworth,-0.1641816,1,E02000954,Wandsworth 032
1,1572011,Restaurant/Cafe/Canteen,20.0,51.4717707,PI/000435729,532,Wandsworth,-0.167575,1,E02000926,Wandsworth 004
4613,1572400,Retailers - other,10.0,51.4283497,PI/000457136,532,Wandsworth,-0.1665332,1,E02000957,Wandsworth 035
1,1636826,Restaurant/Cafe/Canteen,5.0,51.4253888,PI/000436117,532,Wandsworth,-0.1648848,2,E02000957,Wandsworth 035
1,1583659,Restaurant/Cafe/Canteen,15.0,51.4359127,PI/000394471,532,Wandsworth,-0.159859,1,E02000951,Wandsworth 029
4613,1571693,Retailers - other,10.0,51.4267039,PI/000431103,532,Wandsworth,-0.1659876,1,E02000957,Wandsworth 035
1,1844510,Restaurant/Cafe/Canteen,10.0,51.4492281,PI/000493123,532,Wandsworth,-0.1898869,1,E02000940,Wandsworth 018
4613,1571850,Retailers - other,10.0,51.4719928,PI/000434943,532,Wandsworth,-0.1666421,1,E02000926,Wandsworth 004
1,1573718,Restaurant/Cafe/Canteen,15.0,51.4703138,PI/000461273,532,Wandsworth,-0.1721196,1,E02000926,Wandsworth 004
4613,1647432,Retailers - other,10.0,51.4526664,PI/000472957,532,Wandsworth,-0.1858419,1,E02000941,Wandsworth 019
7841,1573278,Other catering premises,5.0,51.426737,PI/000459038,532,Wandsworth,-0.175758,2,E02000956,Wandsworth 034
7844,1572969,Takeaway/sandwich shop,10.0,51.4500992,PI/000458351,532,Wandsworth,-0.239857,2,E02000945,Wandsworth 023
1,1572445,Restaurant/Cafe/Canteen,10.0,51.464256,PI/000457232,532,Wandsworth,-0.1620308,2,E02000930,Wandsworth 008
1,1670025,Restaurant/Cafe/Canteen,15.0,51.4397029,PI/000423924,532,Wandsworth,-0.1549726,2,E02000952,Wandsworth 030
4613,1625060,Retailers - other,10.0,51.4260763,PI/000468541,532,Wandsworth,-0.1701119,1,E02000956,Wandsworth 034
4613,1625040,Retailers - other,10.0,51.4719748,PI/000466281,532,Wandsworth,-0.1490782,1,E02007084,Wandsworth 039
4613,1571701,Retailers - other,5.0,51.4331406,PI/000431158,532,Wandsworth,-0.1637254,1,E02000954,Wandsworth 032
4613,1721235,Retailers - other,5.0,51.4283497,PI/000484762,532,Wandsworth,-0.1665332,1,E02000957,Wandsworth 035
4613,1571958,Retailers - other,10.0,51.4353116,PI/000435442,532,Wandsworth,-0.158804,2,E02000951,Wandsworth 029
1,1572753,Restaurant/Cafe/Canteen,15.0,51.4509743,PI/000457859,532,Wandsworth,-0.1898238,1,E02000940,Wandsworth 018
4613,1572372,Retailers - other,10.0,51.4657637,PI/000450497,532,Wandsworth,-0.1779656,2,E02000929,Wandsworth 007
1,1573357,Restaurant/Cafe/Canteen,10.0,51.4627415,PI/000459251,532,Wandsworth,-0.2261862,1,E02000933,Wandsworth 011
4613,1650784,Retailers - other,5.0,51.4715276,PI/000473350,532,Wandsworth,-0.1673662,2,E02000925,Wandsworth 003
7840,1571984,Retailers - supermarkets/hypermarkets,5.0,51.4607226,PI/000435581,532,Wandsworth,-0.1637993,2,E02000930,Wandsworth 008
1,1571704,Restaurant/Cafe/Canteen,10.0,51.4521099,PI/000431186,532,Wandsworth,-0.1473625,1,E02000943,Wandsworth 021
7843,1571403,Pub/bar/nightclub,10.0,51.4254075,PI/000423847,532,Wandsworth,-0.1701057,2,E02000957,Wandsworth 035
1,1793064,Restaurant/Cafe/Canteen,10.0,51.4395502,PI/000490612,532,Wandsworth,-0.1748518,1,E02000949,Wandsworth 027
7843,1662133,Pub/bar/nightclub,10.0,51.4272575,PI/000468103,532,Wandsworth,-0.1659176,1,E02000957,Wandsworth 035
4613,1643193,Retailers - other,20.0,51.4736864,PI/000434535,532,Wandsworth,-0.1607016,0,E02000925,Wandsworth 003
1,1782260,Restaurant/Cafe/Canteen,10.0,51.4447595,PI/000435433,532,Wandsworth,-0.1511424,2,E02000943,Wandsworth 021
4613,1572029,Retailers - other,20.0,51.4702769,PI/000435820,532,Wandsworth,-0.1720875,0,E02000926,Wandsworth 004
4613,1572954,Retailers - other,0.0,51.4571884,PI/000458316,532,Wandsworth,-0.1956563,1,E02000940,Wandsworth 018
4613,428104,Retailers - other,0.0,51.5124426,01450/0025/0/000,533,Westminster,-0.1888728,2,E02000976,Westminster 017
1,1836353,Restaurant/Cafe/Canteen,5.0,51.4965773,BKXVC2-YVK12G-PRL548,533,Westminster,-0.1347988,2,E02000979,Westminster 020
4613,411069,Retailers - other,0.0,51.5205791,00160/0029/0/002,533,Westminster,-0.1558577,2,E02000967,Westminster 008
4613,1876412,Retailers - other,10.0,51.5259929,c/a1BNz00000922OlMAI,533,Westminster,-0.2045675,2,E02000963,Westminster 004
4613,411731,Retailers - other,5.0,51.5263387,00530/0572/0/000,533,Westminster,-0.2054189,2,E02000963,Westminster 004
1,1698379,Restaurant/Cafe/Canteen,10.0,51.5115257,CR0S5C-4ERWWZ-ZL8F5D,533,Westminster,-0.1180613,2,E02000977,Westminster 018
1,751054,Restaurant/Cafe/Canteen,15.0,51.5165629,00919/0132/0/000,533,Westminster,-0.1648317,1,E02000971,Westminster 012
1,1368052,Restaurant/Cafe/Canteen,10.0,51.5190747,21/00280/COMM,533,Westminster,-0.1683146,2,E02000971,Westminster 012
1,1898885,Restaurant/Cafe/Canteen,10.0,51.5215383,PMZNBE-YHHCTG-WW548T,533,Westminster,-0.1717474,1,E02000968,Westminster 009
1,1694011,Restaurant/Cafe/Canteen,10.0,51.5207034,EM7VEZ-0732NB-FWVSXF,533,Westminster,-0.1701087,1,E02000968,Westminster 009
7842,1402100,Hotel/bed & breakfast/guest house,,51.5147115,01585/0159/0/000,533,Westminster,-0.1728136,2,E02000974,Westminster 015
4613,413410,Retailers - other,15.0,51.4877341,01180/0085/0/000,533,Westminster,-0.1402445,1,E02000983,Westminster 024
4613,568269,Retailers - other,15.0,51.5229536,00530/0348/0/001,533,Westminster,-0.1940343,0,E02000965,Westminster 006
4613,1800676,Retailers - other,0.0,51.5096683,FD0EMQ-K30BX7-6YXT2Q,533,Westminster,-0.1239311,1,E02000977,Westminster 018
4613,411486,Retailers - other,10.0,51.5116639,00446/0025/0/000,533,Westminster,-0.1832976,2,E02000975,Westminster 016
1,411143,Restaurant/Cafe/Canteen,0.0,51.5136477,00201/0012/A/000,533,Westminster,-0.1389006,2,E02000972,Westminster 013
1,1809090,Restaurant/Cafe/Canteen,5.0,51.512954,LTC039-37C38W-QT2166,533,Westminster,-0.1129293,2,E02000977,Westminster 018
1,1523771,Restaurant/Cafe/Canteen,5.0,51.5224556,22/00397/COMM,533,Westminster,-0.1740603,2,E02000968,Westminster 009
7840,1643112,Retailers - supermarkets/hypermarkets,5.0,51.5257807,BKXVC2-YVK1LP-A5CQR6,533,Westminster,-0.2042155,2,E02000963,Westminster 004
1,427970,Restaurant/Cafe/Canteen,15.0,51.5063946,00943/0028/0/000,533,Westminster,-0.1493843,2,E02000977,Westminster 018
4613,411736,Retailers - other,5.0,51.5265929,00530/0608/0/000,533,Westminster,-0.2073407,1,E02000963,Westminster 004
1,1624406,Restaurant/Cafe/Canteen,5.0,51.5093988,CR0S5C-4ERWP9-5FPAX0,533,Westminster,-0.1284529,2,E02000977,Westminster 018
1,1866381,Restaurant/Cafe/Canteen,15.0,51.5100422,FMPSGG-T6C4LD-9EQPF2,533,Westminster,-0.1480258,1,E02000977,Westminster 018
1,1784339,Restaurant/Cafe/Canteen,10.0,51.4930037,PH4GD2-AZTGAH-LBX95E,533,Westminster,-0.1396699,2,E02000981,Westminster 022
1,1531165,Restaurant/Cafe/Canteen,10.0,51.5115849,22/00471/COMM,533,Westminster,-0.1347188,1,E02000972,Westminster 013
1,1576241,Restaurant/Cafe/Canteen,10.0,51.5158227,22/00748/COMM,533,Westminster,-0.1507603,2,E02000970,Westminster 011
7844,1656551,Takeaway/sandwich shop,10.0,51.5121404,EWX69Q-9AGT3X-QF39H2,533,Westminster,-0.1272831,2,E02000977,Westminster 018
4613,1679170,Retailers - other,5.0,51.510418,GK3DD1-RN56R5-NAL50E,533,Westminster,-0.1280796,1,E02000977,Westminster 018
1,1693263,Restaurant/Cafe/Canteen,20.0,51.5182342,SM2Z5D-702FEC-E1GX1Q,533,Westminster,-0.1542805,0,E02000970,Westminster 011
1,1884164,Restaurant/Cafe/Canteen,10.0,51.5109548,001Nz00000e5H65IAE,533,Westminster,-0.1329864,2,E02000977,Westminster 018
4613,1375997,Retailers - other,15.0,51.5109548,21/00357/COMM,533,Westminster,-0.1329864,0,E02000977,Westminster 018
1,412176,Restaurant/Cafe/Canteen,10.0,51.512401,00688/0052/0/000,533,Westminster,-0.132884,1,E02000972,Westminster 013
7844,1728391,Takeaway/sandwich shop,5.0,51.5121843,E9K25V-1B2F05-WW2R00,533,Westminster,-0.1384847,2,E02000972,Westminster 013
1,1592662,Restaurant/Cafe/Canteen,5.0,51.5263878,23/00085/COMM,533,Westminster,-0.1928027,1,E02000965,Westminster 006
1,1415417,Restaurant/Cafe/Canteen,0.0,51.5116305,01381/0030/0/000,533,Westminster,-0.1347602,1,E02000972,Westminster 013
1,1859905,Restaurant/Cafe/Canteen,5.0,51.5192021,EE2M5P-QCY9ZD-VHJ37H,533,Westminster,-0.1557836,2,E02000970,Westminster 011
1,1671889,Restaurant/Cafe/Canteen,0.0,51.5145853,H23C81-Y7PRBG-JYKDC6,533,Westminster,-0.137349,2,E02000972,Westminster 013
1,1341489,Restaurant/Cafe/Canteen,,51.5190934,21/00119/COMM,533,Westminster,-0.1779263,2,E02000974,Westminster 015
1,1652149,Restaurant/Cafe/Canteen,0.0,51.5113333,RT3QPQ-V868E0-RTAPY4,533,Westminster,-0.1279556,2,E02000977,Westminster 018
1,413134,Restaurant/Cafe/Canteen,10.0,51.518168,01057/0002/0/002,533,Westminster,-0.1517896,2,E02000970,Westminster 011
4613,414150,Retailers - other,10.0,51.4973579,01560/0006/0/000,533,Westminster,-0.1341186,2,E02000979,Westminster 020
7844,1886376,Takeaway/sandwich shop,15.0,51.4972337,MW5ZHP-LF32RK-5R87LJ,533,Westminster,-0.1336627,0,E02000979,Westminster 020
1,1763966,Restaurant/Cafe/Canteen,10.0,51.5148613,RCN007-C4EPL7-6CX540,533,Westminster,-0.1662786,2,E02000974,Westminster 015
7844,1199185,Takeaway/sandwich shop,10.0,51.5109447,19/00441/COMM,533,Westminster,-0.1873758,2,E02000976,Westminster 017
1,1873484,Restaurant/Cafe/Canteen,5.0,51.515467,G6B90Y-WCMMKG-93F8NC,533,Westminster,-0.1447501,2,E02000972,Westminster 013
4613,411834,Retailers - other,15.0,51.5157013,00572/0171/0/000,533,Westminster,-0.1751665,0,E02000975,Westminster 016
1,1688816,Restaurant/Cafe/Canteen,25.0,51.4972337,HPEHCX-6544MG-F28NKC,533,Westminster,-0.1336627,0,E02000979,Westminster 020
4613,413764,Retailers - other,5.0,51.5237853,01380/0016/0/000,533,Westminster,-0.2019299,1,E02000964,Westminster 005
1,715227,Restaurant/Cafe/Canteen,10.0,51.514199,14/00243/COMM,533,Westminster,-0.129856,2,E02000972,Westminster 013
1,412422,Restaurant/Cafe/Canteen,10.0,51.5193232,00808/0049/0/001,533,Westminster,-0.1629282,2,E02000971,Westminster 012
1,412796,Restaurant/Cafe/Canteen,15.0,51.5245326,00919/0453/0/000,533,Westminster,-0.1769324,2,E02000966,Westminster 007
1,1643111,Restaurant/Cafe/Canteen,10.0,51.5112211,AXBYD8-5VNPFV-0BHW7N,533,Westminster,-0.1260002,2,E02000977,Westminster 018
1,414302,Restaurant/Cafe/Canteen,15.0,51.5229828,01592/0001/0/000,533,Westminster,-0.1941773,1,E02000965,Westminster 006
1,413932,Restaurant/Cafe/Canteen,15.0,51.5168432,01469/0012/0/001,533,Westminster,-0.172267,2,E02000974,Westminster 015
1,412165,Restaurant/Cafe/Canteen,15.0,51.511048,00688/0021/0/000,533,Westminster,-0.1320602,1,E02000977,Westminster 018
1,411637,Restaurant/Cafe/Canteen,10.0,51.5090637,00515/0203/0/000,533,Westminster,-0.1359664,2,E02000977,Westminster 018
1,1702984,Restaurant/Cafe/Canteen,15.0,51.5120625,L26P20-8P8VFX-HLDF9M,533,Westminster,-0.1229392,1,E02000977,Westminster 018
1,1669410,Restaurant/Cafe/Canteen,15.0,51.4994254,EBRMSS-12HCQC-L6TM3F,533,Westminster,-0.1335011,2,E02000979,Westminster 020
1,772778,Restaurant/Cafe/Canteen,5.0,51.51232957,15/00026/COMM,533,Westminster,-0.12851985,2,E02000977,Westminster 018
1,427834,Restaurant/Cafe/Canteen,5.0,51.5175078,00572/2001/2/002,533,Westminster,-0.1774148,2,E02000974,Westminster 015
1,412362,Restaurant/Cafe/Canteen,5.0,51.5237614,00794/0039/0/000,533,Westminster,-0.169568,1,E02000968,Westminster 009
1,413338,Restaurant/Cafe/Canteen,0.0,51.5192642,01153/0027/0/000,533,Westminster,-0.1551613,1,E02000970,Westminster 011
7844,854235,Takeaway/sandwich shop,10.0,51.4895333,16/00119/COMM,533,Westminster,-0.1346255,1,E02000983,Westminster 024
1,772740,Restaurant/Cafe/Canteen,15.0,51.5145871,13/00268/COMM,533,Westminster,-0.1528138,2,E02000970,Westminster 011
1,715212,Restaurant/Cafe/Canteen,15.0,51.5130345,00953/0042/0/000,533,Westminster,-0.1473135,2,E02000972,Westminster 013
1,414576,Restaurant/Cafe/Canteen,10.0,51.5288172,05/00050/COMM,533,Westminster,-0.1650832,2,E02000962,Westminster 003
1,608627,Restaurant/Cafe/Canteen,10.0,51.5121805,00909/0004/0/001,533,Westminster,-0.1303277,2,E02000977,Westminster 018
1,1605529,Restaurant/Cafe/Canteen,15.0,51.5135875,01442/0012/0/001,533,Westminster,-0.130025,1,E02000972,Westminster 013
1,1246221,Restaurant/Cafe/Canteen,10.0,51.5181155,20/00206/COMM,533,Westminster,-0.1887774,2,E02000973,Westminster 014
1,411827,Restaurant/Cafe/Canteen,,51.5164612,00572/0135/3/100,533,Westminster,-0.1737236,2,E02000974,Westminster 015
7844,1724879,Takeaway/sandwich shop,10.0,51.5237424,AF1JVP-J5C4HG-HSVKFA,533,Westminster,-0.1973763,2,E02000964,Westminster 005
1,1650736,Restaurant/Cafe/Canteen,10.0,51.5063265,A41981-DX2F00-LXKCYS,533,Westminster,-0.1467788,2,E02000977,Westminster 018
7844,1781733,Takeaway/sandwich shop,10.0,51.5183678,E9K25V-1B2F4Z-8QQ0AH,533,Westminster,-0.1888106,2,E02000973,Westminster 014
1,1781732,Restaurant/Cafe/Canteen,5.0,51.5162264,E8GQ1W-4XKG68-T9CDBK,533,Westminster,-0.1427302,2,E02000972,Westminster 013
1,1737188,Restaurant/Cafe/Canteen,15.0,51.518342,BG50KM-7RC4G2-BANN0A,533,Westminster,-0.1680413,0,E02000974,Westminster 015
1,1403920,Restaurant/Cafe/Canteen,,51.5151231,21/00578/COMM,533,Westminster,-0.1930038,2,E02000973,Westminster 014
1,1876960,Restaurant/Cafe/Canteen,15.0,51.5209238,Q79NJB-TCGT4Y-M08CAH,533,Westminster,-0.1606295,2,E02000971,Westminster 012
7844,1637183,Takeaway/sandwich shop,0.0,51.5110835,23/00207/COMM,533,Westminster,-0.1286432,2,E02000977,Westminster 018
7842,412208,Hotel/bed & breakfast/guest house,5.0,51.5243268,00690/0002/0/000,533,Westminster,-0.1845377,2,E02000966,Westminster 007
1,1876952,Restaurant/Cafe/Canteen,20.0,51.5210429,375,533,Westminster,-0.1711185,0,E02000968,Westminster 009
1,1843876,Restaurant/Cafe/Canteen,5.0,51.511968,FTRMMS-8K1YPC-22STWN,533,Westminster,-0.1226548,2,E02000977,Westminster 018
7844,1518695,Takeaway/sandwich shop,10.0,51.5079594,22/00375/COMM,533,Westminster,-0.1233529,1,E02000977,Westminster 018
4613,413714,Retailers - other,5.0,51.5139446,01371/0011/0/000,533,Westminster,-0.1594263,2,E02000971,Westminster 012
1,1104412,Restaurant/Cafe/Canteen,5.0,51.5118857,19/00039/COMM,533,Westminster,-0.1291039,2,E02000977,Westminster 018
1,1264727,Restaurant/Cafe/Canteen,5.0,51.5157106,20/00295/COMM,533,Westminster,-0.1510676,2,E02000970,Westminster 011
1,654326,Restaurant/Cafe/Canteen,5.0,51.5248074,00293/0001/D/000,533,Westminster,-0.1760997,1,E02000968,Westminster 009
1,1424071,Restaurant/Cafe/Canteen,10.0,51.523128,21/00762/COMM,533,Westminster,-0.1739324,2,E02000968,Westminster 009
1,427708,Restaurant/Cafe/Canteen,5.0,51.5060293,00157/0020/0/000,533,Westminster,-0.1382313,2,E02000977,Westminster 018
1,1576244,Restaurant/Cafe/Canteen,5.0,51.5096014,22/00752/COMM,533,Westminster,-0.1264991,2,E02000977,Westminster 018
4613,1317149,Retailers - other,15.0,51.488193,20/00595/COMM,533,Westminster,-0.1391311,2,E02000981,Westminster 022
1,412608,Restaurant/Cafe/Canteen,10.0,51.5227403,00896/0123/0/000,533,Westminster,-0.1732849,1,E02000968,Westminster 009
1,427916,Restaurant/Cafe/Canteen,5.0,51.5157892,00848/0025/0/004,533,Westminster,-0.1744567,2,E02000974,Westminster 015
4613,1884207,Retailers - other,5.0,51.513154,M5ZNGE-QZZS7D-FHEX09,533,Westminster,-0.1310372,1,E02000972,Westminster 013
4613,1581001,Retailers - other,10.0,51.5119683,22/00783/COMM,533,Westminster,-0.1282589,2,E02000977,Westminster 018
1,412233,Restaurant/Cafe/Canteen,5.0,51.5139833,00710/0001/0/000,533,Westminster,-0.14703,2,E02000972,Westminster 013
1,410960,Restaurant/Cafe/Canteen,5.0,51.5175431,00136/0045/0/000,533,Westminster,-0.1641097,2,E02000971,Westminster 012
1,412642,Restaurant/Cafe/Canteen,15.0,51.5118135,00909/0016/0/000,533,Westminster,-0.1315677,1,E02000977,Westminster 018
4613,1540572,Retailers - other,20.0,51.5302167,00921/0320/0/000,533,Westminster,-0.1845195,0,E02000966,Westminster 007
1,1592664,Restaurant/Cafe/Canteen,15.0,51.5325236,23/00089/COMM,533,Westminster,-0.169202,1,E02000960,Westminster 001
1,414601,Restaurant/Cafe/Canteen,10.0,51.4979993,06/00013/COMM,533,Westminster,-0.144509,2,E02000979,Westminster 020
1,412289,Restaurant/Cafe/Canteen,10.0,51.5123028,00745/0030/0/000,533,Westminster,-0.1453976,2,E02000972,Westminster 013
1,641292,Restaurant/Cafe/Canteen,15.0,51.5223298,04/00013/COMM,533,Westminster,-0.1729121,2,E02000968,Westminster 009
1,1051221,Restaurant/Cafe/Canteen,5.0,51.5086345,07/00079/COMM,533,Westminster,-0.1312799,2,E02000977,Westminster 018
1,1791319,Restaurant/Cafe/Canteen,10.0,51.5119959,EFLTP6-NK689Z-T2ZP90,533,Westminster,-0.1300326,2,E02000977,Westminster 018
1,941370,Restaurant/Cafe/Canteen,10.0,51.5065925,17/00012/COMM,533,Westminster,-0.1465374,1,E02000977,Westminster 018
1,1740507,Restaurant/Cafe/Canteen,10.0,51.4916629,GZQ895-HQQTNZ-TKCM1E,533,Westminster,-0.1384856,2,E02000981,Westminster 022
1,912397,Restaurant/Cafe/Canteen,5.0,51.5193648,16/00366/COMM,533,Westminster,-0.1404548,2,E02000972,Westminster 013
7844,1099883,Takeaway/sandwich shop,15.0,51.4966556,19/00031/COMM,533,Westminster,-0.133499,2,E02000979,Westminster 020
1,1706353,Restaurant/Cafe/Canteen,15.0,51.4956471,AHN2H5-DS32WB-A3A8NG,533,Westminster,-0.1289013,1,E02000979,Westminster 020
1,1760271,Restaurant/Cafe/Canteen,10.0,51.4993727,SPQGTV-2NSDZS-F7MGCS,533,Westminster,-0.164124,2,E02000588,Kensington and Chelsea 012
4613,1595437,Retailers - other,10.0,51.5176982,01057/0008/0/000,533,Westminster,-0.1516501,2,E02000970,Westminster 011
1,1720945,Restaurant/Cafe/Canteen,15.0,51.5071899,FNS4LF-QLV269-TCZZSW,533,Westminster,-0.1269727,1,E02000977,Westminster 018
4613,1760256,Retailers - other,20.0,51.5222192,H23C81-Y7PRJG-MWX3LV,533,Westminster,-0.1727435,1,E02000968,Westminster 009
1,1843277,Restaurant/Cafe/Canteen,15.0,51.5113683,PC5ZCP-S0ML75-HDSQN0,533,Westminster,-0.1318454,2,E02000977,Westminster 018
1,1406476,Restaurant/Cafe/Canteen,10.0,51.5138706,21/00609/COMM,533,Westminster,-0.1467319,2,E02000972,Westminster 013
1,1666282,Restaurant/Cafe/Canteen,5.0,51.5123489,SNL5PW-58AETL-VK920L,533,Westminster,-0.1273405,2,E02000977,Westminster 018
4613,1396519,Retailers - other,10.0,51.497369,21/00508/COMM,533,Westminster,-0.133686,2,E02000979,Westminster 020
1,413310,Restaurant/Cafe/Canteen,5.0,51.5114325,01132/0055/0/000,533,Westminster,-0.1353159,2,E02000972,Westminster 013
1,414788,Restaurant/Cafe/Canteen,5.0,51.5114366,S00909/0028/0/000,533,Westminster,-0.131612,2,E02000977,Westminster 018
1,1357871,Restaurant/Cafe/Canteen,10.0,51.5112785,21/00203/COMM,533,Westminster,-0.125652,2,E02000977,Westminster 018
1,1516081,Restaurant/Cafe/Canteen,15.0,51.5110018,22/00333/COMM,533,Westminster,-0.1263407,2,E02000977,Westminster 018
1,413240,Restaurant/Cafe/Canteen,5.0,51.5137404,01112/0012/0/000,533,Westminster,-0.1322815,2,E02000972,Westminster 013
1,413032,Restaurant/Cafe/Canteen,15.0,51.5157974,01019/0010/0/000,533,Westminster,-0.1327018,2,E02000972,Westminster 013
1,414154,Restaurant/Cafe/Canteen,15.0,51.4972879,01560/0019/0/000,533,Westminster,-0.1336749,0,E02000979,Westminster 020
7842,414360,Hotel/bed & breakfast/guest house,10.0,51.5109911,01646/0001/0/000,533,Westminster,-0.1863075,2,E02000976,Westminster 017
4613,412133,Retailers - other,,51.5153403,00674/0036/0/000,533,Westminster,-0.1624111,1,E02000971,Westminster 012
1,1523787,Restaurant/Cafe/Canteen,10.0,51.5182507,22/00415/COMM,533,Westminster,-0.1416533,2,E02000972,Westminster 013
1,412302,Restaurant/Cafe/Canteen,15.0,51.5192438,00748/0033/0/000,533,Westminster,-0.1532883,2,E02000970,Westminster 011
7844,1843879,Takeaway/sandwich shop,10.0,51.5237424,KDKPG7-PJTGL7-3JXEE8,533,Westminster,-0.1973763,2,E02000964,Westminster 005
1,412365,Restaurant/Cafe/Canteen,10.0,51.5233784,00794/0055/0/000,533,Westminster,-0.1701183,2,E02000968,Westminster 009
1,1907894,Restaurant/Cafe/Canteen,15.0,51.5229373,GRK20V-7WK1ZV-P4C3P4,533,Westminster,-0.1738103,2,E02000968,Westminster 009
7844,1320460,Takeaway/sandwich shop,0.0,51.5098022,01598/0027/0/000,533,Westminster,-0.1379766,2,E02000972,Westminster 013
1,411485,Restaurant/Cafe/Canteen,15.0,51.5113119,00446/0018/0/000,533,Westminster,-0.1832107,0,E02000975,Westminster 016
4613,414573,Retailers - other,5.0,51.5221433,05/00039/COMM,533,Westminster,-0.1724871,1,E02000968,Westminster 009
1,1660533,Restaurant/Cafe/Canteen,15.0,51.5107487,K8M92V-YQ5M0X-VE3RSE,533,Westminster,-0.1318995,2,E02000977,Westminster 018
1,908535,Restaurant/Cafe/Canteen,15.0,51.511883,16/00312/COMM,533,Westminster,-0.1291581,2,E02000977,Westminster 018
4613,411698,Retailers - other,10.0,51.5245708,00530/0379/0/000,533,Westminster,-0.2027206,2,E02000964,Westminster 005
4613,412255,Retailers - other,0.0,51.5158426,00743/0008/0/006,533,Westminster,-0.1889252,2,E02000976,Westminster 017
1,1619550,Restaurant/Cafe/Canteen,10.0,51.514449,AKWQR2-6N20HN-Y4ZV86,533,Westminster,-0.1755913,1,E02000975,Westminster 016
7842,1172690,Hotel/bed & breakfast/guest house,20.0,51.510873,19/00334/COMM,533,Westminster,-0.1239105,1,E02000977,Westminster 018
1,589800,Restaurant/Cafe/Canteen,10.0,51.515678,00476/0050/0/000,533,Westminster,-0.1507086,2,E02000970,Westminster 011
7844,1269073,Takeaway/sandwich shop,0.0,51.5145871,20/00333/COMM,533,Westminster,-0.1528138,2,E02000970,Westminster 011
1,447069,Restaurant/Cafe/Canteen,5.0,51.5113183,10/00136/COMM,533,Westminster,-0.1326545,2,E02000977,Westminster 018
1,1131381,Restaurant/Cafe/Canteen,5.0,51.5073898,19/00154/COMM,533,Westminster,-0.1220361,2,E02000979,Westminster 020
1,1706363,Restaurant/Cafe/Canteen,15.0,51.51254481,G3LE7H-49EPV1-HTQTVY,533,Westminster,-0.1331809,2,E02000972,Westminster 013
7842,1214651,Hotel/bed & breakfast/guest house,15.0,51.510837,19/00594/COMM,533,Westminster,-0.1306709,1,E02000977,Westminster 018
4613,1804157,Retailers - other,15.0,51.5109447,AEX7QQ-NPW5R7-NR3QD7,533,Westminster,-0.1873758,1,E02000976,Westminster 017
1,413179,Restaurant/Cafe/Canteen,5.0,51.5132263,01077/0041/0/000,533,Westminster,-0.1367127,2,E02000972,Westminster 013
1,932334,Restaurant/Cafe/Canteen,15.0,51.5186743,16/00483/COMM,533,Westminster,-0.1685901,2,E02000974,Westminster 015
1,949284,Restaurant/Cafe/Canteen,10.0,51.5140298,17/00080/COMM,533,Westminster,-0.1482676,1,E02000972,Westminster 013
1,1768926,Restaurant/Cafe/Canteen,10.0,51.5246368,KL92BZ-YL68Z9-VVHKYX,533,Westminster,-0.2029198,2,E02000964,Westminster 005
1,413780,Restaurant/Cafe/Canteen,10.0,51.5144935,01382/0009/0/003,533,Westminster,-0.1310112,2,E02000972,Westminster 013
1,1010828,Restaurant/Cafe/Canteen,15.0,51.4973277,17/00390/COMM,533,Westminster,-0.138442,2,E02000979,Westminster 020
7844,1761646,Takeaway/sandwich shop,10.0,51.5138754,NPK2DW-00P9XE-A04ZMY,533,Westminster,-0.1493115,2,E02000972,Westminster 013
1,1357877,Restaurant/Cafe/Canteen,5.0,51.5204026,21/00212/COMM,533,Westminster,-0.163519,2,E02000971,Westminster 012
1,1905728,Restaurant/Cafe/Canteen,10.0,51.5122232,M4WBCF-VJGVBQ-1LFTSB,533,Westminster,-0.1347072,1,E02000972,Westminster 013
1,410786,Restaurant/Cafe/Canteen,5.0,51.513472,00007/0052/0/000,533,Westminster,-0.1227948,1,E02000977,Westminster 018
1,1728394,Restaurant/Cafe/Canteen,15.0,51.5131588,F34G51-BA5NCG-55TE14,533,Westminster,-0.1563449,1,E02000970,Westminster 011
1,1686857,Restaurant/Cafe/Canteen,0.0,51.5155951,F9L6RV-SHKGX3-V63J9M,533,Westminster,-0.1375096,2,E02000972,Westminster 013
1,1694018,Restaurant/Cafe/Canteen,15.0,51.5148613,QP7E6C-GJ0A8S-WF284V,533,Westminster,-0.1662786,2,E02000974,Westminster 015
7844,1893191,Takeaway/sandwich shop,10.0,51.4971879,AJSDM3-98K17Y-PELCLN,533,Westminster,-0.1336069,2,E02000979,Westminster 020
1,1590020,Restaurant/Cafe/Canteen,10.0,51.511743,23/00065/COMM,533,Westminster,-0.1322191,2,E02000977,Westminster 018
4613,414510,Retailers - other,10.0,51.5206173,03/00866/COMM,533,Westminster,-0.1703572,0,E02000968,Westminster 009
1,766874,Restaurant/Cafe/Canteen,5.0,51.5126757,00115/0035/0/000,533,Westminster,-0.142255,2,E02000972,Westminster 013
1,413194,Restaurant/Cafe/Canteen,15.0,51.5225408,01084/0003/A/000,533,Westminster,-0.158229,2,E02000967,Westminster 008
4613,414572,Retailers - other,10.0,51.5274902,05/00027/COMM,533,Westminster,-0.189645,2,E02000965,Westminster 006
1,411978,Restaurant/Cafe/Canteen,15.0,51.5101623,00618/0039/0/000,533,Westminster,-0.1267066,1,E02000977,Westminster 018
1,413550,Restaurant/Cafe/Canteen,15.0,51.5119625,01265/0001/0/000,533,Westminster,-0.1234333,0,E02000977,Westminster 018
1,414376,Restaurant/Cafe/Canteen,20.0,51.5114471,01652/0033/0/000,533,Westminster,-0.1277636,0,E02000977,Westminster 018
4613,411681,Retailers - other,15.0,51.5224882,00530/0332/0/000,533,Westminster,-0.1935914,1,E02000969,Westminster 010
1,413575,Restaurant/Cafe/Canteen,15.0,51.5102281,01266/0032/0/000,533,Westminster,-0.1319641,2,E02000977,Westminster 018
1,1863878,Restaurant/Cafe/Canteen,15.0,51.5237614,001Nz00000bAnLVIA0,533,Westminster,-0.169568,2,E02000968,Westminster 009
4613,412482,Retailers - other,10.0,51.5155778,00848/0007/0/000,533,Westminster,-0.174739,2,E02000975,Westminster 016
1,1438232,Restaurant/Cafe/Canteen,10.0,51.4931918,22/00009/COMM,533,Westminster,-0.1407571,2,E02000981,Westminster 022
4613,1822225,Retailers - other,5.0,51.5175078,CG636M-ZXW5P1-7W8K1Y,533,Westminster,-0.1774148,2,E02000974,Westminster 015
4613,1843258,Retailers - other,5.0,51.5013128,AXBYD8-5VNPX5-WJZE22,533,Westminster,-0.1248658,2,E02000979,Westminster 020
1,1688823,Restaurant/Cafe/Canteen,10.0,51.5111313,N0G3GK-1Y2Z4W-FZCH4T,533,Westminster,-0.1378647,2,E02000972,Westminster 013
1,1548835,Restaurant/Cafe/Canteen,,51.4949791,22/00599/COMM,533,Westminster,-0.1276176,1,E02000979,Westminster 020
1,1717025,Restaurant/Cafe/Canteen,5.0,51.5118254,PXSB95-21C3WX-XE5X5A,533,Westminster,-0.1328787,2,E02000972,Westminster 013
1,428012,Restaurant/Cafe/Canteen,,51.52264233,01066/4500/C/000,533,Westminster,-0.15579316,2,E02000967,Westminster 008
1,1371828,Restaurant/Cafe/Canteen,10.0,51.5094389,00515/0021/0/000,533,Westminster,-0.1366223,2,E02000972,Westminster 013
1,1698373,Restaurant/Cafe/Canteen,10.0,51.5246369,AG4WZN-FKV3DE-9530M7,533,Westminster,-0.2017522,2,E02000964,Westminster 005
1,1341499,Restaurant/Cafe/Canteen,5.0,51.523821,21/00129/COMM,533,Westminster,-0.2019141,1,E02000964,Westminster 005
1,1396510,Restaurant/Cafe/Canteen,5.0,51.5118863,20/00604/COMM,533,Westminster,-0.1872087,2,E02000976,Westminster 017
1,412531,Restaurant/Cafe/Canteen,10.0,51.5127048,00859/0043/0/000,533,Westminster,-0.1321942,1,E02000972,Westminster 013
1,411992,Restaurant/Cafe/Canteen,0.0,51.51367893,00620/0010/0/000,533,Westminster,-0.14232894,2,E02000972,Westminster 013
1,732361,Restaurant/Cafe/Canteen,5.0,51.5133142,08/00015/COMM,533,Westminster,-0.1230463,2,E02000977,Westminster 018
1,410995,Restaurant/Cafe/Canteen,15.0,51.5117615,00157/0034/0/000,533,Westminster,-0.1247319,2,E02000977,Westminster 018
7844,1898884,Takeaway/sandwich shop,10.0,51.5112287,PC5ZCP-S0MMBX-GR98VB,533,Westminster,-0.1315484,1,E02000977,Westminster 018
4613,413818,Retailers - other,10.0,51.5134391,01402/0011/0/000,533,Westminster,-0.1376552,2,E02000972,Westminster 013
1,1544583,Restaurant/Cafe/Canteen,15.0,51.5122196,22/00570/COMM,533,Westminster,-0.1310899,2,E02000977,Westminster 018
4613,1840649,Retailers - other,5.0,51.5153249,348,533,Westminster,-0.1637233,1,E02000974,Westminster 015
1,412488,Restaurant/Cafe/Canteen,10.0,51.5150992,00848/0019/0/000,533,Westminster,-0.1740375,2,E02000975,Westminster 016
1,1904283,Restaurant/Cafe/Canteen,10.0,51.5119771,L3916Z-45QTVK-VL5N5E,533,Westminster,-0.1290084,1,E02000977,Westminster 018
1,1694009,Restaurant/Cafe/Canteen,15.0,51.5075691,B2WQL3-C7LJ9P-LT6GF9,533,Westminster,-0.1406327,2,E02000977,Westminster 018
1,1544590,Restaurant/Cafe/Canteen,10.0,51.4971898,22/00578/COMM,533,Westminster,-0.1354221,2,E02000979,Westminster 020
1,1775717,Restaurant/Cafe/Canteen,10.0,51.5157892,QP7E6C-GJ0BEV-4K1ZRA,533,Westminster,-0.1744567,1,E02000974,Westminster 015
7844,1800669,Takeaway/sandwich shop,15.0,51.4971879,A2VL03-L13JHG-QB40RT,533,Westminster,-0.1336069,2,E02000979,Westminster 020
1,1698371,Restaurant/Cafe/Canteen,20.0,51.51216,24/00010/COMM,533,Westminster,-0.1833931,1,E02000975,Westminster 016
1,411537,Restaurant/Cafe/Canteen,10.0,51.5129563,00477/0010/0/001,533,Westminster,-0.1237239,2,E02000977,Westminster 018
1,411109,Restaurant/Cafe/Canteen,15.0,51.5109982,00181/0001/0/002,533,Westminster,-0.1368469,1,E02000972,Westminster 013
1,465181,Restaurant/Cafe/Canteen,5.0,51.514847,00953/0089/0/000,533,Westminster,-0.1334469,2,E02000972,Westminster 013
4613,412366,Retailers - other,10.0,51.523345,00794/0057/0/000,533,Westminster,-0.1701649,2,E02000968,Westminster 009
1,1411851,Restaurant/Cafe/Canteen,15.0,51.5117115,21/00627/COMM,533,Westminster,-0.130246,2,E02000977,Westminster 018
1,1889029,Restaurant/Cafe/Canteen,15.0,51.5171657,a1BNz000009pDdyMAE,533,Westminster,-0.1515275,2,E02000970,Westminster 011
1,411178,Restaurant/Cafe/Canteen,15.0,51.5276361,00243/0193/0/000,533,Westminster,-0.1961988,1,E02000965,Westminster 006
1,1775714,Restaurant/Cafe/Canteen,5.0,51.5138712,PNHTWX-WQRB00-T7JLH4,533,Westminster,-0.1297684,2,E02000972,Westminster 013
1,1770768,Restaurant/Cafe/Canteen,15.0,51.5134637,JWHF48-CRAZZ3-78DLCR,533,Westminster,-0.1121876,2,E02000977,Westminster 018
1,1450606,Restaurant/Cafe/Canteen,15.0,51.5228763,22/00037/COMM,533,Westminster,-0.1418685,2,E02000972,Westminster 013
1,1633839,Restaurant/Cafe/Canteen,5.0,51.5111808,C2XT72-5C4K5C-4KNYZW,533,Westminster,-0.1229178,2,E02000977,Westminster 018
1,1876422,Restaurant/Cafe/Canteen,10.0,51.524561,MD629N-533H60-0M98T4,533,Westminster,-0.1683683,2,E02000968,Westminster 009
1,1889036,Restaurant/Cafe/Canteen,10.0,51.4991135,JASQ3S-693JCE-W3VNYM,533,Westminster,-0.1736683,1,E02000978,Westminster 019
1,413255,Restaurant/Cafe/Canteen,10.0,51.5126264,01116/0049/0/000,533,Westminster,-0.1374434,2,E02000972,Westminster 013
1,1246220,Restaurant/Cafe/Canteen,5.0,51.5091488,20/00205/COMM,533,Westminster,-0.1328788,2,E02000977,Westminster 018
1,1411857,Restaurant/Cafe/Canteen,15.0,51.5127295,21/00634/COMM,533,Westminster,-0.178946,2,E02000975,Westminster 016
4613,1898890,Retailers - other,15.0,51.5152575,RH6PL1-VAVJKN-ZBACPQ,533,Westminster,-0.1759877,2,E02000975,Westminster 016
1,1829950,Restaurant/Cafe/Canteen,10.0,51.5095627,D7XFWE-EHTGTW-1YZXC8,533,Westminster,-0.1319625,2,E02000977,Westminster 018
1,1380226,Restaurant/Cafe/Canteen,5.0,51.5091598,21/00398/COMM,533,Westminster,-0.1349044,2,E02000977,Westminster 018
1,411157,Restaurant/Cafe/Canteen,10.0,51.4919761,00213/0005/0/000,533,Westminster,-0.1400863,1,E02000981,Westminster 022
1,1402125,Restaurant/Cafe/Canteen,10.0,51.526005,21/00561/COMM,533,Westminster,-0.1621877,2,E02000967,Westminster 008
1,412246,Restaurant/Cafe/Canteen,5.0,51.4991712,00725/0122/0/001,533,Westminster,-0.1652663,2,E02000978,Westminster 019
1,828670,Restaurant/Cafe/Canteen,10.0,51.5119338,15/00295/COMM,533,Westminster,-0.131779,1,E02000977,Westminster 018
1,1633855,Restaurant/Cafe/Canteen,15.0,51.5148878,JVD409-GAT0P8-037JYE,533,Westminster,-0.1303609,1,E02000972,Westminster 013
1,411096,Restaurant/Cafe/Canteen,10.0,51.5060406,00165/0015/0/000,533,Westminster,-0.1474677,1,E02000977,Westminster 018
1,1427809,Restaurant/Cafe/Canteen,15.0,51.5059139,21/00784/COMM,533,Westminster,-0.1377605,2,E02000977,Westminster 018
4613,1388211,Retailers - other,15.0,51.4896836,21/00459/COMM,533,Westminster,-0.1310757,1,E02000980,Westminster 021
1,1846169,Restaurant/Cafe/Canteen,10.0,51.5120625,A8XF6D-1FRCQ2-TWZDBB,533,Westminster,-0.1229392,2,E02000977,Westminster 018
4613,411128,Retailers - other,10.0,51.5182957,00189/0056/0/001,533,Westminster,-0.1887991,2,E02000973,Westminster 014
1,908532,Restaurant/Cafe/Canteen,,51.51321,16/00309/COMM,533,Westminster,-0.1879056,2,E02000976,Westminster 017
1,414065,Restaurant/Cafe/Canteen,0.0,51.5136693,01512/0112/0/000,533,Westminster,-0.1873685,2,E02000976,Westminster 017
1,1761645,Restaurant/Cafe/Canteen,5.0,51.4941955,MK8YE0-KHRB28-M7VJHN,533,Westminster,-0.1484956,2,E02000982,Westminster 023
7844,1592666,Takeaway/sandwich shop,,51.5134814,23/00092/COMM,533,Westminster,-0.1183265,2,E02000977,Westminster 018
1,1212869,Restaurant/Cafe/Canteen,10.0,51.5160125,19/00581/COMM,533,Westminster,-0.1888609,1,E02000976,Westminster 017
1,412599,Restaurant/Cafe/Canteen,10.0,51.5174361,00891/0003/0/000,533,Westminster,-0.1716523,2,E02000974,Westminster 015
1,414406,Restaurant/Cafe/Canteen,10.0,51.5350426,01721/0001/0/000,533,Westminster,-0.1901383,1,E02000961,Westminster 002
1,413302,Restaurant/Cafe/Canteen,5.0,51.5123585,01132/0016/0/000,533,Westminster,-0.1341684,1,E02000972,Westminster 013
1,988463,Restaurant/Cafe/Canteen,5.0,51.5123097,17/00237/COMM,533,Westminster,-0.1215311,2,E02000977,Westminster 018
4613,878190,Retailers - other,15.0,51.5225248,14/00304/COMM,533,Westminster,-0.1733079,2,E02000968,Westminster 009
1,1849320,Restaurant/Cafe/Canteen,5.0,51.5187502,KDKPG7-PJTGMK-NMSF9Z,533,Westminster,-0.1556434,2,E02000970,Westminster 011
1,1007352,Restaurant/Cafe/Canteen,15.0,51.4921777,01032/0016/0/000,533,Westminster,-0.1499891,2,E02000982,Westminster 023
4613,412889,Retailers - other,5.0,51.5147661,00953/0088/0/001,533,Westminster,-0.1334502,2,E02000972,Westminster 013
1,1913702,Restaurant/Cafe/Canteen,20.0,51.5067532,HQ202C-1TV3JJ-WAHKB8,533,Westminster,-0.1390808,0,E02000977,Westminster 018
7844,1243406,Takeaway/sandwich shop,10.0,51.5125857,20/00187/COMM,533,Westminster,-0.1140687,2,E02000977,Westminster 018
7842,413717,Hotel/bed & breakfast/guest house,15.0,51.5153583,01371/0035/0/000,533,Westminster,-0.1601187,1,E02000971,Westminster 012
1,428078,Restaurant/Cafe/Canteen,5.0,51.511232,01340/0001/0/000,533,Westminster,-0.125553,2,E02000977,Westminster 018
1,1209760,Restaurant/Cafe/Canteen,10.0,51.4997093,19/00530/COMM,533,Westminster,-0.1351311,0,E02000979,Westminster 020
1,414559,Restaurant/Cafe/Canteen,15.0,51.5177821,04/00433/COMM,533,Westminster,-0.1552645,1,E02000970,Westminster 011
4613,414116,Retailers - other,15.0,51.5120638,01532/0055/0/000,533,Westminster,-0.1337337,1,E02000972,Westminster 013
4613,1686870,Retailers - other,5.0,51.513128,L88J8B-M4XNJR-HRD108,533,Westminster,-0.1878368,2,E02000976,Westminster 017
1,1775723,Restaurant/Cafe/Canteen,10.0,51.5174362,RV62TP-RPN7M7-H639BL,533,Westminster,-0.1515742,2,E02000970,Westminster 011
1,414434,Restaurant/Cafe/Canteen,15.0,51.4949791,01767/0060/0/000,533,Westminster,-0.1276176,1,E02000979,Westminster 020
1,1301458,Restaurant/Cafe/Canteen,15.0,51.5276538,20/00526/COMM,533,Westminster,-0.1974127,1,E02000964,Westminster 005
1,1650750,Restaurant/Cafe/Canteen,15.0,51.5143168,HVX6ZR-NCJY4E-SYACCQ,533,Westminster,-0.1340307,2,E02000972,Westminster 013
1,428085,Restaurant/Cafe/Canteen,5.0,51.5136585,01373/0029/0/000,533,Westminster,-0.1395776,2,E02000972,Westminster 013
1,1669403,Restaurant/Cafe/Canteen,10.0,51.5077679,BDATM9-K7N72R-7LT9PX,533,Westminster,-0.1412587,2,E02000977,Westminster 018
4613,411851,Retailers - other,5.0,51.5246561,00573/0012/1/001,533,Westminster,-0.1848994,2,E02000966,Westminster 007
1,1846192,Restaurant/Cafe/Canteen,15.0,51.5166039,Q04F82-HHB10N-247HCS,533,Westminster,-0.1393133,2,E02000972,Westminster 013
4613,412783,Retailers - other,15.0,51.5219238,00919/0384/0/000,533,Westminster,-0.1722508,2,E02000968,Westminster 009
4613,1392225,Retailers - other,5.0,51.5100226,21/00495/COMM,533,Westminster,-0.1286579,2,E02000977,Westminster 018
1,1898870,Restaurant/Cafe/Canteen,10.0,51.5147415,KCGCC8-S4BHSR-RFA5SY,533,Westminster,-0.1352961,1,E02000972,Westminster 013
1,1846179,Restaurant/Cafe/Canteen,15.0,51.5147415,E9K25V-1B2F9X-295VX0,533,Westminster,-0.1352961,2,E02000972,Westminster 013
1,1633864,Restaurant/Cafe/Canteen,15.0,51.5209242,PGFZQL-GA3HJF-HHNLWC,533,Westminster,-0.171008,2,E02000968,Westminster 009
1,772743,Restaurant/Cafe/Canteen,15.0,51.5061378,14/00021/COMM,533,Westminster,-0.1360078,1,E02000977,Westminster 018
1,1553348,Restaurant/Cafe/Canteen,0.0,51.517592,00513/0098/0/000,533,Westminster,-0.1506166,2,E02000970,Westminster 011
1,412200,Restaurant/Cafe/Canteen,15.0,51.5145211,00688/0161/0/000,533,Westminster,-0.1350024,2,E02000972,Westminster 013
4613,1243399,Retailers - other,15.0,51.487558,20/00180/COMM,533,Westminster,-0.1416201,1,E02000983,Westminster 024
1,1109121,Restaurant/Cafe/Canteen,5.0,51.4936406,19/00085/COMM,533,Westminster,-0.1412719,1,E02000981,Westminster 022
4613,414197,Retailers - other,5.0,51.5113957,01576/0145/0/000,533,Westminster,-0.1183693,2,E02000977,Westminster 018
1,1898853,Restaurant/Cafe/Canteen,15.0,51.5107698,DZ631M-6FEQEK-V8BSV7,533,Westminster,-0.1292758,1,E02000977,Westminster 018
7844,1777690,Takeaway/sandwich shop,15.0,51.5117681,CCSRPS-D5Y9WE-7QPCK8,533,Westminster,-0.128716,2,E02000977,Westminster 018
1,1686877,Restaurant/Cafe/Canteen,15.0,51.5122232,PP6BKC-QDF965-J9FBJS,533,Westminster,-0.1347072,2,E02000972,Westminster 013
1,1770777,Restaurant/Cafe/Canteen,10.0,51.5150451,PW76QN-4S44G3-VPE2G3,533,Westminster,-0.1740253,2,E02000975,Westminster 016
1,932338,Restaurant/Cafe/Canteen,15.0,51.5137769,16/00487/COMM,533,Westminster,-0.1300605,2,E02000972,Westminster 013
7844,1157787,Takeaway/sandwich shop,15.0,51.5224882,19/00290/COMM,533,Westminster,-0.1935914,2,E02000969,Westminster 010
1,412404,Restaurant/Cafe/Canteen,10.0,51.5125745,00806/0019/0/000,533,Westminster,-0.178808,1,E02000975,Westminster 016
1,963668,Restaurant/Cafe/Canteen,5.0,51.5119215,17/00155/COMM,533,Westminster,-0.1877406,2,E02000976,Westminster 017
1,414038,Restaurant/Cafe/Canteen,15.0,51.5113513,01512/0035/A/000,533,Westminster,-0.1875038,2,E02000976,Westminster 017
1,414649,Restaurant/Cafe/Canteen,15.0,51.5221258,07/00063/COMM,533,Westminster,-0.1725166,1,E02000968,Westminster 009
1,1863912,Restaurant/Cafe/Canteen,15.0,51.5009418,CRFMKW-57HXS9-G6P3AZ,533,Westminster,-0.1629042,2,E02000978,Westminster 019
1,1576248,Restaurant/Cafe/Canteen,15.0,51.5163906,22/00757/COMM,533,Westminster,-0.1417435,2,E02000972,Westminster 013
7843,1470375,Pub/bar/nightclub,20.0,51.5096604,22/00131/COMM,533,Westminster,-0.1262517,0,E02000977,Westminster 018
1,414112,Restaurant/Cafe/Canteen,15.0,51.5114376,01532/0042/0/000,533,Westminster,-0.1328081,2,E02000977,Westminster 018
1,732357,Restaurant/Cafe/Canteen,10.0,51.5180988,01057/0037/0/000,533,Westminster,-0.1513888,2,E02000970,Westminster 011
1,1694014,Restaurant/Cafe/Canteen,15.0,51.5186052,L2MJHJ-AG0VZY-RJALYV,533,Westminster,-0.1373579,1,E02000972,Westminster 013
7842,1863901,Hotel/bed & breakfast/guest house,10.0,51.5221152,001Nz00000Zo8G9IAJ,533,Westminster,-0.1660736,2,E02000968,Westminster 009
1,413921,Restaurant/Cafe/Canteen,5.0,51.5169401,01464/0081/0/000,533,Westminster,-0.1355666,2,E02000972,Westminster 013
7843,411338,Pub/bar/nightclub,10.0,51.5138376,00335/0022/0/000,533,Westminster,-0.1350015,2,E02000972,Westminster 013
1,1866382,Restaurant/Cafe/Canteen,10.0,51.5152157,GS8KPA-2JAZ93-00G90M,533,Westminster,-0.1879268,1,E02000976,Westminster 017
1,411442,Restaurant/Cafe/Canteen,0.0,51.5007221,00420/0009/0/000,533,Westminster,-0.1529281,2,E02000978,Westminster 019
1,480953,Restaurant/Cafe/Canteen,10.0,51.5095848,00618/0029/0/000,533,Westminster,-0.1265862,1,E02000977,Westminster 018
1,1740527,Restaurant/Cafe/Canteen,,51.5127356,QZ0443-L2V2TV-JWSRW5,533,Westminster,-0.139226,2,E02000972,Westminster 013
1,411398,Restaurant/Cafe/Canteen,5.0,51.5161855,00398/0007/3/000,533,Westminster,-0.1521005,2,E02000970,Westminster 011
1,963664,Restaurant/Cafe/Canteen,10.0,51.5151221,17/00149/COMM,533,Westminster,-0.1611083,2,E02000971,Westminster 012
1,1545279,Restaurant/Cafe/Canteen,15.0,51.515151,22/00590/COMM,533,Westminster,-0.1355964,1,E02000972,Westminster 013
1,427774,Restaurant/Cafe/Canteen,10.0,51.5014641,00285/0018/0/000,533,Westminster,-0.1549297,2,E02000978,Westminster 019
1,772515,Restaurant/Cafe/Canteen,5.0,51.5063931,00164/0027/0/000,533,Westminster,-0.1470067,1,E02000977,Westminster 018
1,412922,Restaurant/Cafe/Canteen,10.0,51.5125679,00980/0018/0/000,533,Westminster,-0.1388582,1,E02000972,Westminster 013
1,1788613,Restaurant/Cafe/Canteen,10.0,51.5105693,PP6BKC-QDGAFD-4ANDYA,533,Westminster,-0.1240382,2,E02000977,Westminster 018
1,414111,Restaurant/Cafe/Canteen,15.0,51.5112369,01532/0034/0/000,533,Westminster,-0.132629,2,E02000977,Westminster 018
1,428150,Restaurant/Cafe/Canteen,10.0,51.5100531,01576/0417/0/000,533,Westminster,-0.1232524,2,E02000977,Westminster 018
1,1689928,Restaurant/Cafe/Canteen,10.0,51.523193,Q6L5VW-ZPRWAY-DZNRQR,533,Westminster,-0.1979025,1,E02000969,Westminster 010
1,1740521,Restaurant/Cafe/Canteen,10.0,51.5114238,N1LELJ-YDJY6Y-G5FG4H,533,Westminster,-0.1404325,2,E02000972,Westminster 013
4613,1666256,Retailers - other,5.0,51.5325752,EG9BDM-G8X7C6-8304YS,533,Westminster,-0.1699179,2,E02000960,Westminster 001
1,413445,Restaurant/Cafe/Canteen,5.0,51.5138979,01189/0063/0/000,533,Westminster,-0.1621809,2,E02000974,Westminster 015
1,413065,Restaurant/Cafe/Canteen,15.0,51.4924299,01044/0025/0/000,533,Westminster,-0.1397797,1,E02000981,Westminster 022
1,414117,Restaurant/Cafe/Canteen,10.0,51.5119947,01532/0057/0/000,533,Westminster,-0.1339094,2,E02000972,Westminster 013
1,410989,Restaurant/Cafe/Canteen,10.0,51.5241009,00154/0001/0/000,533,Westminster,-0.1746143,2,E02000968,Westminster 009
4613,412375,Retailers - other,10.0,51.5223799,00794/0105/0/000,533,Westminster,-0.1715027,2,E02000968,Westminster 009
1,1688806,Restaurant/Cafe/Canteen,10.0,51.5128462,BT6CSA-447SQE-NZTJM8,533,Westminster,-0.1337305,2,E02000972,Westminster 013
4613,414687,Retailers - other,5.0,51.5075214,09/00019/COMM,533,Westminster,-0.1302735,2,E02000977,Westminster 018
4613,680074,Retailers - other,15.0,51.5231311,01066/0001/1/000,533,Westminster,-0.156879,1,E02000967,Westminster 008
7843,1681436,Pub/bar/nightclub,10.0,51.5126659,DYJLB7-BSPRJC-QV51LS,533,Westminster,-0.1342711,1,E02000972,Westminster 013
1,1823763,Restaurant/Cafe/Canteen,15.0,51.5232934,E9K25V-1B2F8B-N2WMF2,533,Westminster,-0.1956642,2,E02000965,Westminster 006
1,1873485,Restaurant/Cafe/Canteen,15.0,51.4946477,GVBXS9-YZSY79-PZWKQN,533,Westminster,-0.1367361,1,E02000979,Westminster 020
7842,410798,Hotel/bed & breakfast/guest house,10.0,51.5079279,00012/0019/0/000,533,Westminster,-0.1388744,1,E02000977,Westminster 018
7844,1406461,Takeaway/sandwich shop,5.0,51.5120625,01265/0046/0/000,533,Westminster,-0.1229392,2,E02000977,Westminster 018
1,1650749,Restaurant/Cafe/Canteen,5.0,51.5109447,GVBXS9-YZSYQH-RAG2DQ,533,Westminster,-0.1873758,2,E02000976,Westminster 017
7844,1022902,Takeaway/sandwich shop,15.0,51.5175078,17/00457/COMM,533,Westminster,-0.1774148,2,E02000974,Westminster 015
1,414105,Restaurant/Cafe/Canteen,10.0,51.5108607,01532/0014/0/000,533,Westminster,-0.1321544,2,E02000977,Westminster 018
4613,411685,Retailers - other,10.0,51.5229828,00530/0350/0/001,533,Westminster,-0.1941773,2,E02000965,Westminster 006
1,1709697,Restaurant/Cafe/Canteen,15.0,51.4904176,QQRLQV-ER8ARB-JC43RP,533,Westminster,-0.152999,1,E02000982,Westminster 023
1,1884220,Restaurant/Cafe/Canteen,15.0,51.5158347,SC896N-3G6QCT-5MQMJD,533,Westminster,-0.1878302,2,E02000976,Westminster 017
7844,1264730,Takeaway/sandwich shop,10.0,51.5112969,20/00299/COMM,533,Westminster,-0.1318771,2,E02000977,Westminster 018
1,1688803,Restaurant/Cafe/Canteen,10.0,51.4972337,AZ3R7N-WYWLW6-RSEDXH,533,Westminster,-0.1336627,2,E02000979,Westminster 020
1,1800679,Restaurant/Cafe/Canteen,10.0,51.5109447,J86B1B-4SWLSZ-Y129ZV,533,Westminster,-0.1873758,2,E02000976,Westminster 017
1,1711409,Restaurant/Cafe/Canteen,15.0,51.5115325,JQ34NC-S0C336-ZF0TY2,533,Westminster,-0.1308586,2,E02000977,Westminster 018
4613,1435818,Retailers - other,10.0,51.5119078,21/00847/COMM,533,Westminster,-0.1318377,2,E02000977,Westminster 018
1,1859899,Restaurant/Cafe/Canteen,15.0,51.5081308,CGMYL5-1PM6A8-E4WELB,533,Westminster,-0.1363587,1,E02000977,Westminster 018
1,977268,Restaurant/Cafe/Canteen,15.0,51.5274743,17/00208/COMM,533,Westminster,-0.1891987,2,E02000965,Westminster 006
1,413398,Restaurant/Cafe/Canteen,10.0,51.4991242,01178/0015/0/000,533,Westminster,-0.1576752,2,E02000978,Westminster 019
4613,920289,Retailers - other,5.0,51.5244837,00530/0480/0/000,533,Westminster,-0.2017294,1,E02000964,Westminster 005
4613,412773,Retailers - other,15.0,51.5209692,00919/0334/0/000,533,Westminster,-0.1710062,2,E02000968,Westminster 009
1,1212856,Restaurant/Cafe/Canteen,15.0,51.5109447,19/00560/COMM,533,Westminster,-0.1873758,2,E02000976,Westminster 017
