"Intercept","IMD","Asian","Black","Other","retailers___other","takeaway_sandwich_shop","pub_bar_nightclub","supermarkets_hypermarkets","hotel_bed_and_breakfast_guest_house","other_catering_premises","log_pop_density","alpha","MSOA21CD","MSOA21NM","x","y"
-1.25321817868172,-0.205450817957555,0.00294136017157945,-0.0155971526302584,0.0350630209122866,0.00991913546655692,0.00372447701943046,0.00902949808085497,-0.0071235641578552,0.0269920551143021,-0.0149649186190688,-0.119440978291558,0.129969929471019,"E02000001","City of London 001",532485.482159412,181271.782114895
-6.86725747560163,0.0100891686401982,0.0217909128453666,0.0267298663691045,-0.00630399321115633,-0.00257985124507191,-0.0116550608008858,0.000824937990016982,-0.0273366377146358,-0.087814633238316,-0.0143866125986875,0.429923728334999,1e-06,"E02000002","Barking and Dagenham 001",548312.757365699,189881.428040392
-6.83091781818808,0.02446937826007,0.0252003447610119,0.0307858251795505,-0.0398966567655466,-0.00258058034927276,-0.0116878901398889,0.00301696114135985,-0.0249289530928752,-0.0813819651645404,-0.0161796567570145,0.412158910461225,1e-06,"E02000003","Barking and Dagenham 002",548454.861131233,188400.031730149
-6.51926288108199,0.0325433432125992,0.0281349427934933,0.0305957845743584,-0.0814269676239164,-0.00210583033490976,-0.0101855614173165,0.000905477768448392,-0.0182785543738753,-0.0748172656293372,-0.0185055556148386,0.373164281003316,1e-06,"E02000004","Barking and Dagenham 003",551009.063352634,186311.121270225
-6.73288788523886,0.0310091316584045,0.0266833867570464,0.0312377772436514,-0.0617280971245233,-0.00170528807963569,-0.0110750319350926,0.00309885749219379,-0.0240989655330625,-0.0718533356949218,-0.0177326536313668,0.396444455193946,1e-06,"E02000005","Barking and Dagenham 004",548667.16108568,186903.342288399
-6.64371627221179,0.0327009857129386,0.0274222755011601,0.0308927411104863,-0.0725005285506962,-0.0017329060317922,-0.0106313914038395,0.0023480318900058,-0.0214362354930198,-0.071911979623525,-0.0180611355582265,0.386083414019809,1e-06,"E02000007","Barking and Dagenham 006",549648.573008712,186561.042714971
-6.68971511932616,0.0360957120250806,0.0273210573386316,0.0318848234546932,-0.0713257657841239,-0.00120250295169503,-0.0109409881294705,0.00266689705015592,-0.0256403106570492,-0.0651957821258209,-0.0188923627015538,0.389236135742614,1e-06,"E02000008","Barking and Dagenham 007",548139.334746794,185911.229533402
-6.72407923484484,0.0327195887415904,0.0263968297272547,0.0318445859782372,-0.061220973438974,-0.000517543557826061,-0.011006515669367,0.00272250821268922,-0.0293689150122048,-0.0612818580335135,-0.0192839992488915,0.393610812953114,1e-06,"E02000009","Barking and Dagenham 008",546965.824618885,185757.98630461
-6.56063030717507,0.0387227491478128,0.028131731705668,0.0315590152707562,-0.0832789145467651,-0.00124356630133043,-0.0104132682349158,0.000922816844398799,-0.0231802851342468,-0.0643293453833714,-0.019481847894006,0.374754359588351,1e-06,"E02000010","Barking and Dagenham 009",549065.285181043,185295.970622999
-6.4078828400117,0.0351761095202454,0.0285853173654137,0.0308262611391508,-0.087482008709562,-0.00181651269263329,-0.00995761806612722,-0.000927841807681273,-0.0193603438722491,-0.0691386329862217,-0.019752909774091,0.360364246018463,0.00540694853516611,"E02000011","Barking and Dagenham 010",550510.098585464,185162.620415733
-6.61712348806495,0.0247979584056114,0.0250262658839667,0.0300544783217776,-0.0536511921129773,0.00189884366857031,-0.00963040890608631,0.0015621157579231,-0.0323902972836923,-0.0503698484880343,-0.0202964765695937,0.380265931171817,1e-06,"E02000012","Barking and Dagenham 011",545635.991434474,184893.272213094
-6.61865871486447,0.0379952856721016,0.0270585635487143,0.0311387808225826,-0.077302969605325,7.37508782789681e-05,-0.0105666168087182,0.00173698809428052,-0.0285661891317254,-0.0551343956732642,-0.0198547243278435,0.382339257318735,1e-06,"E02000013","Barking and Dagenham 012",547276.79004358,184855.720505038
-6.48103677418869,0.0424857666387471,0.02852666076495,0.0318268203381256,-0.08998429059292,-0.00101508519256377,-0.0103591487082636,-0.000396804706503796,-0.0242872525300635,-0.0600654352767873,-0.0203461680589683,0.365821287209018,1e-06,"E02000014","Barking and Dagenham 013",548785.518842575,184554.79661471
-6.2471509268808,0.035333207488604,0.0289128303824766,0.0304351007439709,-0.0920263301532273,-0.00154624465989768,-0.00973498948462124,-0.00272847965450198,-0.019964835237273,-0.0639514433026531,-0.0205514236736447,0.343670240911077,0.0222413847974149,"E02000015","Barking and Dagenham 014",550075.829439684,184230.971845327
-6.31709964383491,0.00928296067400491,0.0237375704596008,0.0298384113361941,-0.0272871631576707,0.0055071984733393,-0.00585310267337773,-0.000172438193926197,-0.0351512751521438,-0.0421027717556765,-0.021444121563122,0.326259578087231,1e-06,"E02000016","Barking and Dagenham 015",544029.12812224,184317.709782175
-6.49942948157049,0.0179504097622267,0.0244102036375091,0.0296089305592146,-0.0452683688417612,0.00378428763074018,-0.00795656944695726,0.000880544056722725,-0.0337120026202633,-0.0444953510611281,-0.0208037129646015,0.359134161288196,1e-06,"E02000017","Barking and Dagenham 016",544838.696322134,184459.569538096
-6.55432307617595,0.0348313662250603,0.0262044687778102,0.0295986653808078,-0.0775085054835436,0.00137894748097985,-0.0100478237101103,0.00115305635440608,-0.0304870639017336,-0.047989998776737,-0.0201391355901171,0.378220878075972,1e-06,"E02000018","Barking and Dagenham 017",546553.200750159,184299.136225403
-6.18879203100004,0.0385907882691224,0.0280938973669163,0.0293944481630516,-0.0944464324260424,0.00050545009838018,-0.00975879003113345,-0.00341100839500574,-0.0255421582018801,-0.047757966829229,-0.020860573140631,0.338034184334174,0.0215409321865083,"E02000019","Barking and Dagenham 018",548166.974134814,183259.43802596
-6.12985274055511,0.0269392073216574,0.0254973447692432,0.0255624181575556,-0.0854414057740761,0.0045975451392699,-0.00776459259159053,-0.00134001104208192,-0.0303197938392062,-0.0311500421344709,-0.0197974031472866,0.33064785463658,0.0122708366974192,"E02000020","Barking and Dagenham 019",546100.176911004,182743.676315861
-5.96400178024756,0.0349056342345001,0.0291401452756537,0.0294032431780769,-0.0980269314646175,-0.00083644245538105,-0.0089872981361744,-0.00629603486173535,-0.021555540354081,-0.052267373720102,-0.0215287249864123,0.313951016853489,0.0643045617791402,"E02000021","Barking and Dagenham 020",549508.872913767,182827.304374099
-6.33723218081359,0.0160718946248154,0.0245183271859294,0.0288006488550857,-0.045021370644467,0.00678858527865455,-0.00504008207244938,6.41754564149402e-06,-0.0334260990728078,-0.0329651848293656,-0.020771566970399,0.323090235729794,1e-06,"E02000022","Barking and Dagenham 021",544383.616418689,183516.977756292
-6.25040721708155,0.0333776876845438,0.0262271097428751,0.0273162879143903,-0.0882664997434975,0.00288981199231447,-0.00887330758818078,-0.00138296083218319,-0.0299720699781986,-0.0382817022953155,-0.0202884887259837,0.346029704547476,0.00458552828852476,"E02000023","Barking and Dagenham 022",546653.096514847,183107.949224584
-5.51737609556152,0.0232072244321161,-0.00491985263256792,-0.011072067379482,0.0806887493207083,0.0179671069529393,0.00280150428887034,-0.0129667647881826,0.0144447920728475,-0.0284932651376637,8.44169987407835e-05,0.179876248025893,0.0093076767625508,"E02000024","Barnet 001",524413.977712282,197000.436580728
-5.12648942396492,0.0241657701243542,-0.00523560614443378,-0.0133390666158477,0.0921787316113763,0.0181831827288896,0.00628314011212168,-0.00887053442174304,0.0242743952079883,-0.0271434692651127,9.7753183232451e-05,0.110317376862496,0.0209327955574058,"E02000025","Barnet 002",525971.331840814,196718.51263964
-4.61395274944745,0.0131547393117713,0.00168316491952873,-0.0153409839923841,0.0934596847912609,0.0178552896891684,0.011192919190135,-0.00530617526081636,0.0318741474726548,-0.0308043376368088,-0.0011024189772097,0.0364599177498868,0.0392703154038526,"E02000026","Barnet 003",527682.865006507,195951.661985406
-5.65928813199071,0.0174134902777977,-0.00259747439143786,-0.0161119166766206,0.077762418914754,0.0170819422582844,0.00164114195330862,-0.0143092923809959,0.00951986595160299,-0.0260035268789219,0.000515601002953858,0.208318951993418,0.012019367561337,"E02000027","Barnet 004",524409.58922393,195592.623361259
-5.13742739984709,0.0181519608786995,-0.00290255225364559,-0.0166532019537459,0.0908818979767519,0.017647382504245,0.00584140809676503,-0.00946192488586428,0.0211756750750726,-0.0256269609078229,0.000313366089902462,0.118360066389481,0.030315558482862,"E02000028","Barnet 005",526170.600804112,195510.353812209
-4.79829917104016,0.0129838616232549,0.000107205338529178,-0.017311427411239,0.0950221266722328,0.0176723204308161,0.0091869652005553,-0.00623411801725483,0.0297057051222074,-0.0278096331657345,-9.24866444305964e-05,0.0631452662063304,0.0393441175345805,"E02000029","Barnet 006",527246.244546428,195339.879317234
-5.88159012003547,0.000540738710605338,0.000872986632348747,-0.0125165003168444,0.061497796925276,0.0142511630957711,-0.00312083059464294,-0.0219976881569545,0.000460844304045927,-0.0216210859499299,-0.0022444367398888,0.27837768421665,0.0204425036205237,"E02000030","Barnet 007",522736.368379066,194775.787742494
-5.02054223209753,0.0014890545848839,0.00155153102200578,-0.0218443838685948,0.0847252263193274,0.0154743274841254,0.00522441875295377,-0.00980962140492455,0.0144044826722327,-0.0205019010899003,-0.000305973032107051,0.128976293655995,0.0481349423698763,"E02000031","Barnet 008",526484.698894305,194241.685430412
-3.99789843782191,-0.0204352810883837,0.0188106073215376,-0.0182604716408015,0.076503517580948,0.0171644505191968,0.012479242571355,-0.00212455095399571,0.0269642021871771,-0.0309066981108561,-0.00387999489439282,-0.0166429911976373,0.0798807420189233,"E02000032","Barnet 009",528839.404421925,194154.61157734
-4.20813993417556,-0.0244942488350343,0.0146311411501386,-0.0215068805882132,0.0778994451956028,0.0150258294651802,0.00984209224336785,-0.00329145678996021,0.022333085200991,-0.0204144444271938,-0.00348899136566218,0.028184192335331,0.0856854750788897,"E02000033","Barnet 010",528235.725276371,193569.210417472
-4.68617426295584,-0.0262171559114505,0.00837435822754961,-0.027300334847443,0.0749001207500666,0.0122791660208408,0.00526129015657524,-0.00841110623623338,0.007801116503079,-0.0131411067981801,-0.00242547426442835,0.124249241935728,0.074016318635931,"E02000034","Barnet 011",527072.168712592,193128.373234449
-5.08029622593279,-0.0280761843429578,0.00549731606663922,-0.0322166520215235,0.0676671542317192,0.0110739743852512,0.00142538821809832,-0.0139480389130807,-0.001556780516287,-0.0130819669828384,-0.00261641013299385,0.204073562036694,0.0440287739434623,"E02000035","Barnet 012",525825.887176229,193028.311679961
-5.44348212405777,-0.0483738394414701,0.00621076417903553,-0.00770858734498047,0.0481579231901091,0.0120936052038959,-0.00622587029198284,-0.0263771051688766,-0.00769078490334345,-0.0181758557932594,-0.00762582811808144,0.276367391312382,0.0514872874830438,"E02000036","Barnet 013",520325.557782937,193009.57171678
-5.1774111494714,-0.0566112010021982,0.00664020679062109,-0.00835127411339606,0.0461787454834367,0.0100368597096588,-0.00450543776887738,-0.0253192647239685,-0.0111562570539266,-0.0286662403191953,-0.0121143870455382,0.263806288671545,0.055033573542691,"E02000037","Barnet 014",518863.642734652,193601.778004069
-4.26496547745978,-0.0559183460828227,0.0180148289327466,-0.0303153900166719,0.0652914379286957,0.010139946330777,0.00611584554863423,-0.00400541148530696,0.00820997450854863,-0.00906210317354889,-0.00448860700824401,0.0947197998910678,0.0976700845584115,"E02000038","Barnet 015",527828.26502017,192350.458064229
-5.52123657058807,-0.0390001155946884,0.00515385194063782,-0.00851326774489667,0.0456162937356434,0.0130289921500919,-0.00767027781104756,-0.0251867594341806,-0.00504301163194184,-0.00648890221903449,-0.00550453999827687,0.279157248875995,0.0502311970799327,"E02000039","Barnet 016",521812.869360113,192190.579552239
-5.93665907565385,0.000328202078610543,0.0037939699533583,-0.011357331282444,0.0598249885300299,0.0133019422101574,-0.00549315067381661,-0.0235633540260839,-0.00369841385586419,-0.00665753265195852,-0.00552516286265242,0.28810643383806,0.0372865824137881,"E02000040","Barnet 017",523481.414245704,192439.313401176
-5.20853165352549,-0.0639355851476905,0.00814401175637448,-0.00872542882904237,0.0474059183040401,0.0117067471567919,-0.00727857873502586,-0.0234607150844257,-0.0083245636682968,-0.0173662276186479,-0.00771381509779554,0.255738417015939,0.06336020701263,"E02000041","Barnet 018",519703.352287109,191930.210757931
-4.52665077780612,-0.0705906924217303,0.0125119457678392,-0.0418188231122391,0.0511429673052775,0.00668516420165284,0.000588393588303087,-0.0148200810618746,-0.0109780728359599,-0.00567516683143032,-0.00612212844626134,0.202311444225192,0.0540395470617246,"E02000042","Barnet 019",526260.400807393,191902.020199829
-4.95801842428767,-0.042696748399764,0.00717155142200186,-0.0331900159191684,0.0559672803282564,0.00851680024529441,-0.00220612766912656,-0.0194047734466324,-0.0079818947210492,-0.00614296199061863,-0.00765766386187796,0.232000449183357,0.043485251146312,"E02000043","Barnet 020",525158.883689486,192117.714663445
-5.17576779548932,-0.0617192444927763,0.00692352663240938,-0.00886212651536977,0.0429824326644486,0.0126447299969204,-0.00881532434499072,-0.0239468962104185,-0.00649289065880732,-0.00683564868295669,-0.00625649316906779,0.255196195268659,0.0596902282900518,"E02000044","Barnet 021",521003.509091245,191593.882926682
-3.89981021965087,-0.101575853906985,0.0257750899283607,-0.0398977437490815,0.0462385397253839,0.00561306515222894,0.00438451162766234,-0.00274397185288406,-0.00248272353460701,-0.00249022112883887,-0.00724605991026475,0.117920225156686,0.101637477545809,"E02000045","Barnet 022",527904.938631386,191323.654652871
-3.87176671380222,-0.0903191473812234,0.0136156087429243,-0.0372856706931042,0.0317002556405424,0.00431458321758379,-0.00438588337011257,-0.0218500220091939,-0.0176279810969547,0.00415886890316813,-0.0158948532571184,0.184070884972212,0.0520994924078802,"E02000046","Barnet 023",525551.480983437,190761.923176171
-5.01887920998272,-0.0748730062878601,0.00884149347093917,-0.00922959776066092,0.0439758216574319,0.0126074824772869,-0.0102174932905856,-0.0207209010976796,-0.00644048546563248,-0.00625961913749696,-0.00500388695979337,0.237481740439398,0.0691765705213071,"E02000047","Barnet 024",520442.970104498,190745.35230105
-4.84085042479975,-0.0422286463188088,0.00558956886295576,-0.0115017320905318,0.0375364139164226,0.0101988627114928,-0.00870296798454315,-0.0263937595934078,-0.00970142581383939,0.00532352605035197,-0.0126944985196995,0.233816998186121,0.0581083443001844,"E02000048","Barnet 025",523469.444271885,190795.178183684
-4.90540885193517,-0.0687054431826848,0.00687637506113295,-0.00940361201058969,0.0369685408268458,0.0124917161973733,-0.0106052101535656,-0.0231410930257448,-0.00633222838109837,0.000212239856554956,-0.00646329166763437,0.237676094037377,0.064910769648184,"E02000049","Barnet 026",521559.147771176,190714.70899262
-3.4353113462666,-0.133777216319112,0.0221083670763016,-0.0528336168534245,0.0211311428863601,0.00233385518373243,-0.000754618360994656,-0.0147817621448667,-0.0200882266699538,0.00412791884408489,-0.0122254146548817,0.165283541811315,0.0519498087977724,"E02000050","Barnet 027",526728.30897367,190620.247470334
-3.63017583286542,-0.077097501697473,0.0110482113278578,-0.0201781612362646,0.0237731987719986,0.00525128186198698,-0.00800816673529225,-0.0277494246291104,-0.0198202887434527,0.010310390821355,-0.0226294672299664,0.15922819452196,0.053867822882476,"E02000051","Barnet 028",524820.375290552,189902.502247323
-2.93098099642181,-0.166206022425232,0.0263098553880764,-0.0590976225372862,0.00366206034093422,0.00124442322815972,-0.00100308613955575,-0.0146682818441952,-0.0212738678254469,0.00958897978386362,-0.0175241560733552,0.151791004494057,0.0437306409987663,"E02000052","Barnet 029",526943.881091317,189657.293280387
-4.25563537859268,-0.071556111007817,0.00659528664267314,-0.00939185658312402,0.0255832517734123,0.010535374503363,-0.0122085007555837,-0.0258661805901474,-0.00973490533585543,0.008635413748828,-0.0110988970200915,0.195489538565617,0.0672764303113059,"E02000054","Barnet 031",522609.186443502,189699.480899839
-3.67539831946759,-0.079198049197126,0.00699591439536792,-0.00996818767930768,0.017699994764251,0.00869308340840169,-0.0121025043718351,-0.0286668998395557,-0.0138818017990825,0.0115570313450995,-0.0156115657077163,0.156886899950344,0.0681438356440696,"E02000055","Barnet 032",523148.557856074,189160.09362057
-3.05203071698288,-0.135542999088668,0.0218281784875137,-0.041398019180878,0.0024223831698204,0.00398211164833053,-0.00131030062870348,-0.0224732695616773,-0.0230655856956545,0.00892015150502408,-0.0267229636020992,0.145791793630044,0.0339428876221946,"E02000056","Barnet 033",526352.925603114,188507.533295787
-3.19450325502368,-0.0887123497994204,0.00785022611997531,-0.0108600081283454,0.0105980972859721,0.00768081592456646,-0.0108285982369105,-0.0304469371041027,-0.0177929082986187,0.0117164392738861,-0.018674570382158,0.122744769116288,0.0700028730167481,"E02000057","Barnet 034",523576.306159738,188624.63509666
-3.02739045994121,-0.0971781587223475,0.0141477192658158,-0.0190441028606698,0.00678716589042056,0.00565470673596656,-0.00595157452229731,-0.0298906465767209,-0.0245648835259226,0.0113114824582511,-0.0267793895683618,0.117285752109283,0.0461977182277169,"E02000058","Barnet 035",525158.929452155,188671.391381101
-3.69692959151393,-0.0914208862568026,0.00880838132509247,-0.01183353907469,0.0237101280026811,0.0118639518293022,-0.0132699653961518,-0.0144710434933769,-0.0077082885545622,0.0099933825354296,-0.00493005610973642,0.128781630136169,0.0965249732612486,"E02000059","Barnet 036",521790.814326057,188097.699722067
-2.93412709653349,-0.0951572232719773,0.00984331878622907,-0.0127416089055056,0.00552111013875049,0.00743541107307251,-0.00748112674277456,-0.0311253819958874,-0.0220856299853464,0.00963944268227152,-0.0222301623672483,0.102335664623081,0.0651689504563461,"E02000060","Barnet 037",524289.396409165,188205.270895602
-3.06774029569257,-0.102965090547821,0.0128668865294059,-0.0170675220843794,0.00260793567411515,0.0093122502101253,-0.000567271632586163,-0.0281033967934199,-0.0245862632973061,0.00488478488645657,-0.0248846150296222,0.109208154050949,0.0450558430117527,"E02000061","Barnet 038",525174.143859394,187210.176297085
-2.93275786841535,-0.0995753837161997,0.00917415025076953,-0.0127892924556215,0.00831158961066142,0.00977656104305519,-0.00799916381888373,-0.0237554538356166,-0.0182114630427321,0.00818442255040283,-0.0138393858290338,0.0844983313780114,0.0987916185179261,"E02000062","Barnet 039",523330.580942709,187125.628287436
-2.86875604854762,-0.104348346611237,0.0102047487955415,-0.0140274343737432,0.00442077897314252,0.0101248247505371,-0.00345191874116554,-0.0263724350944059,-0.0224455838856729,0.00616520456614408,-0.0178739650786525,0.082802195246532,0.0849370082277614,"E02000063","Barnet 040",524084.043501356,186769.688235706
-3.00442861484083,-0.10829376188613,0.0114944127292072,-0.0167685364777366,0.00445606227202926,0.0115296656953903,0.00219533154675346,-0.0257313282082598,-0.0239758595361091,0.00451181264875306,-0.020430499170238,0.0896856045640344,0.069663469247432,"E02000064","Barnet 041",524712.169010478,186135.346856927
-5.54501918193262,0.0257315478862838,0.0290690428440376,0.027251366430239,-0.0894181877995743,0.00372693062039443,-0.00374165303320614,-0.0104736452215015,-0.0250860268940247,-0.0137472787646816,-0.021532850135096,0.2419849629668,0.176659641413666,"E02000065","Bexley 001",548360.50299195,180390.331120472
-5.48808120712307,0.0301498423011375,0.0308548723553421,0.0287368753123435,-0.0749895234142473,0.00693138011644123,0.00204546964808435,-0.00939280682493673,-0.0255893760440072,0.00260245096178465,-0.0201981275124713,0.188430864393993,0.232716343525624,"E02000066","Bexley 002",548001.489334768,179327.599453778
-5.48023729960718,0.0244635032636814,0.0304844360588112,0.029249082509628,-0.0852671647808425,0.00260368561077353,0.000281464879178689,-0.0118796357934197,-0.024404489218672,-0.00991216903619714,-0.0240060051895388,0.219256514470208,0.23545313281584,"E02000067","Bexley 003",549468.952314907,179398.431665616
-5.48140171548727,0.0218800240056648,0.031166608674956,0.0305579742456248,-0.0878671208900947,-0.000107618091337079,0.00231037616880258,-0.0125959907793452,-0.0237566935468562,-0.0147626534733888,-0.0269540250855157,0.22380308993612,0.257438407507773,"E02000068","Bexley 004",550748.24257366,178863.325481442
-5.40193941995384,0.0267784848139132,0.0329429798277251,0.0314996163290463,-0.0763949524991585,0.00202823655668442,0.00693372018679926,-0.0107885631834056,-0.0249416703117069,-0.000692824126975155,-0.0254849233325495,0.178738502517216,0.296188428619034,"E02000069","Bexley 005",550078.231506385,178180.150088348
-5.47202690479063,0.0369244417999543,0.0342423241319893,0.0313397634887137,-0.0586925624551923,0.008447857211992,0.0102466887671798,-0.00726572560734215,-0.0254791164599738,0.0139933059759274,-0.0197249579997743,0.131521566402196,0.291624621817205,"E02000070","Bexley 006",548276.467759098,178001.147590577
-5.48728424319889,0.033060280307826,0.0359074009073242,0.0331912711028157,-0.0664793387590899,0.00365903111710431,0.0133379298946363,-0.00760106802100826,-0.0253177008647728,0.00955083266091525,-0.0232923214808479,0.143640039375233,0.31979019145008,"E02000071","Bexley 007",549837.064536494,177250.672228525
-5.57034276327352,0.0189578396452685,0.0340667031607567,0.0340073509554139,-0.0886640453626761,-0.00503157447750876,0.0107135033091689,-0.0110118398710199,-0.0248057667276359,-0.0145750251911759,-0.0311414719629762,0.219876758222822,0.297026888526799,"E02000072","Bexley 008",552736.511675655,176997.895024562
-5.6393569807919,0.046216879062116,0.0386467969094404,0.0331246394782932,-0.0480167063415058,0.0105281887783967,0.0182418569486047,-0.00315786927847732,-0.0255934081609661,0.0245977424190877,-0.0167077610808189,0.0933410022013631,0.31013697422117,"E02000073","Bexley 009",547830.263279316,176924.955971095
-5.57094659614663,0.0267019411272479,0.0364109501950912,0.0343402919099599,-0.0767301885567864,-0.00119341697130712,0.0148423300412752,-0.00832932341203873,-0.0256806483130743,0.00191885455808313,-0.0267082123705702,0.175133153600473,0.320466150519097,"E02000074","Bexley 010",551324.881179298,176680.704250641
-5.55968926881017,0.0420209329055697,0.0396944119741476,0.0342805406290809,-0.0580684395708782,0.00644211637799411,0.0190619628687756,-0.00395737070222963,-0.0258965040117019,0.0194591166964675,-0.0193862269200271,0.102660871601271,0.324160805043413,"E02000075","Bexley 011",549001.015081102,176628.158714529
-5.91174754353874,0.0529444806452055,0.0405555163555074,0.0335007893952053,-0.0415573112111425,0.0129749302252025,0.0216289727255629,-0.000682654967875706,-0.0257167731118112,0.0311422829206661,-0.0140419095259135,0.0906457284401919,0.302377784304149,"E02000077","Bexley 013",546964.633274792,176424.001376822
-5.59362750339362,0.0332168909637903,0.0390701836820054,0.0350609148029843,-0.0704882639609648,0.000905289127538778,0.0187473715821356,-0.005829973437596,-0.0263037193129087,0.00990590027256938,-0.0235453768136956,0.142745886100001,0.3263987493532,"E02000078","Bexley 014",550652.211150874,176282.660388855
-5.8388230726633,0.04361190674201,0.0443298413271407,0.0348096199404638,-0.0666614131628682,0.00663910387289888,0.0248809202250842,-0.000374600756794395,-0.0259347272724059,0.0238293689085017,-0.0154593471730182,0.105797627815101,0.30853430362044,"E02000079","Bexley 015",548769.39549091,175474.362997799
-6.29199948609229,0.0580120424381628,0.045164477731272,0.034373287248912,-0.0509701124407862,0.0123977652650848,0.0253041255766873,0.00122939306403244,-0.0261888114631644,0.0354279353283417,-0.0130917974651185,0.113875997338986,0.298251894417158,"E02000080","Bexley 016",546346.925549511,175493.474481018
-5.84209688931708,0.0368490828671914,0.0430293372970194,0.0351937406673078,-0.0733300288257722,0.00305026209509818,0.0242658639359331,-0.00163550145973175,-0.0261376047842149,0.0173260869807389,-0.0178130401321915,0.132531613491023,0.312299210499148,"E02000081","Bexley 017",550145.98751542,175235.953536103
-6.62223689546544,0.0633127343012047,0.0430456248005757,0.0335526396245786,-0.0346666128924154,0.0141739339360141,0.0241211240802095,0.000385125470485939,-0.0259466705223608,0.0392884812376592,-0.0138444486565829,0.141546740371914,0.296324813445778,"E02000082","Bexley 018",545268.00945712,175362.859856223
-5.9119878418738,0.028090931275897,0.0419620192299247,0.0356964820867029,-0.0839317811824606,-0.00161758984071495,0.0235458138153137,-0.00339849860288044,-0.0271705843183271,0.00866381749293534,-0.0214117740451583,0.175053397226373,0.308390891985621,"E02000083","Bexley 019",551689.515490382,174881.428732592
-6.10393432491735,0.0455066990020598,0.0477624403365666,0.034510577271938,-0.0728014843803324,0.00768883431491027,0.0276534176507751,0.00172995947516667,-0.026540116141352,0.0281875154056071,-0.0130590713752096,0.11731939789899,0.287669345637852,"E02000084","Bexley 020",547931.334732379,174782.982413272
-6.41883038844246,0.047996181731442,0.0501195809081334,0.0341104609952113,-0.0760163352749331,0.0084235882274765,0.0283191658509555,0.00235436876923346,-0.0273965702392466,0.0321903346090913,-0.0132322925913018,0.143650893382578,0.274446764375028,"E02000085","Bexley 021",546747.676365086,174274.144247238
-6.6761357540815,0.046075093925874,0.0514836169985931,0.0329858646501691,-0.0797945535326013,0.00760069173451134,0.0278785693591444,0.00129494445534296,-0.0279754324656585,0.0325911198902696,-0.0147697121463536,0.180082342917693,0.264986717834542,"E02000086","Bexley 022",545878.129846993,173783.706519369
-6.25972252007212,0.0320641919858964,0.0512180694332169,0.0344789325409414,-0.0968671534045995,0.00267878896475191,0.0303711871805541,0.00250549130450621,-0.0282329710100652,0.0213975562780516,-0.0131134844331864,0.160211971555336,0.268009325179877,"E02000087","Bexley 023",549669.035864554,173548.417812207
-6.50401547881692,0.036097618683565,0.0541725813967756,0.0335163118095954,-0.0983628687458307,0.0049240954648664,0.0305554994339763,0.00325348256740408,-0.029295708055772,0.0274842771673945,-0.0129404282340516,0.172529658195461,0.247832901743511,"E02000088","Bexley 024",547642.864469048,173205.916649521
-6.86209604156059,0.0392425656784505,0.0521276117335977,0.0302803019360494,-0.0785013594576261,0.00535082116030103,0.0272897065019159,-0.000757789772074794,-0.0303825179417061,0.0276989429388722,-0.017112729067037,0.221067204771937,0.236149526347771,"E02000089","Bexley 025",545084.242585149,172914.65436051
-6.85517259429326,0.0312341322747885,0.0563404287111688,0.0302516423311919,-0.0986510161918335,0.00305328878184958,0.0292132585020094,0.000771201670209914,-0.0322189233827696,0.0233160438647432,-0.0161682688484103,0.231462315389187,0.213709780636122,"E02000090","Bexley 026",545880.41630046,172225.772467763
-6.85802673562384,0.0256724659356812,0.0586326254047052,0.0306895465738194,-0.112572336375706,0.00203260864513875,0.0308724130138867,0.00254926538564646,-0.0327175487211069,0.0217345440179833,-0.0147031355857096,0.235693419889965,0.201471606785732,"E02000091","Bexley 027",546866.936652437,171710.662483696
-6.79988407261803,0.0205052537458342,0.0595547824988727,0.0318671629694949,-0.124840693202747,0.00134707622830837,0.0325195552682359,0.00429227015820339,-0.032190108111121,0.0215249486693145,-0.0129671405796535,0.231194332981859,0.204290183997067,"E02000092","Bexley 028",548646.816585438,171467.279127572
-4.91973871505685,-0.0883228967886712,0.0106790854166222,-0.0113699247660407,0.04621863480271,0.0118901446786669,-0.0105768215657982,-0.0111812653311715,-0.00642097713809915,-0.00915398322875384,-0.00217638164187081,0.224047491161561,0.0803567003672214,"E02000093","Brent 001",519612.074402568,189690.941220268
-4.50212601641029,-0.0921623637919811,0.00990027341731297,-0.0113807667790838,0.0378057022507569,0.012699556451618,-0.0128463312579315,-0.0127610609430755,-0.00525304005690873,0.00184367875848569,-0.00185689533210284,0.190711892961315,0.0835826012179575,"E02000094","Brent 002",520666.03390685,189156.777321451
-4.66898570347385,-0.101417508445329,0.00958934101246781,-0.0156315415668841,0.0385192946994792,0.0102008831088606,-0.00987377234512044,0.00138841038047341,-0.00748017759643336,-0.0105261572373856,-0.000280180965808218,0.219413762055832,0.0996006059469383,"E02000095","Brent 003",519253.528451823,188678.065128168
-4.48733991339054,-0.120748446192565,0.00500394358628988,-0.0236662628529475,0.0220380049713843,0.00519788296684595,-0.00463741493964614,0.0149846583047936,-0.0138236722600096,-0.0413655115491047,-0.00292717772036637,0.267189687873914,0.114503918870173,"E02000096","Brent 004",517633.451297015,188209.923196932
-4.20931331553022,-0.0999730462263109,0.0100968669846909,-0.014643393520626,0.0339855896205572,0.0120848250701768,-0.0122972057369186,0.00219854444949587,-0.00522483829695879,0.00278985481715478,0.00215082092665097,0.16205520344214,0.106078738569989,"E02000097","Brent 005",520392.362146708,187860.813900338
-4.26348887129573,-0.114676846633376,0.0071387269423709,-0.021115970727865,0.0256111699632019,0.00874496489025625,-0.00794484977080027,0.0163274828610979,-0.00873901061518662,-0.0141627661211393,0.00235831680205187,0.206360129521923,0.123871991718625,"E02000098","Brent 006",518980.044437893,187546.053840423
-3.79570098950227,-0.13923353486385,0.00368879411621334,-0.0289022937660632,0.011263850156074,0.00589513643634521,-0.0034729672910781,0.0258392598742559,-0.0129619063454504,-0.0445238929123576,0.00173661989170772,0.210554383207996,0.121006247395061,"E02000099","Brent 007",517818.866103195,186969.380795865
-3.77201252908756,-0.157293990445194,0.0033967627913719,-0.030948336537179,0.00753079605350726,0.00233895551077702,-0.00182667747495203,0.0255657108866457,-0.0191157433436901,-0.0814555826751318,-0.002482218276512,0.245997726026271,0.103545341411365,"E02000100","Brent 008",516664.173832605,187130.513880428
-3.94858593269195,-0.105229666367034,0.0091522713369861,-0.0185243684846138,0.0276052554104284,0.0116210444129289,-0.0104067800753038,0.0194515107667168,-0.00568375320923063,-0.00220161332192288,0.00639452371304452,0.141295371509535,0.133141362654104,"E02000101","Brent 009",520022.325549303,186701.494315159
-3.79242668168415,-0.0834647811468718,0.0105829994470662,-0.0132943247783657,0.0292549566580686,0.0131299913943254,-0.0119644658352981,0.00504722052141551,-0.0062527925432036,0.00685021769476207,0.00257138528837636,0.10662376550592,0.125839717248138,"E02000102","Brent 010",521307.663626501,186729.578992039
-3.23402582215156,-0.0864937900231332,0.0103715954092406,-0.0130738974927795,0.0196886716640046,0.0123288300452753,-0.0088211883710206,-0.00987618886427512,-0.0128408585700208,0.00702397147241412,-0.00613032080543155,0.0735990231424187,0.129672260634321,"E02000103","Brent 011",522480.027967312,186448.664827282
-3.43162844529183,-0.131139652850171,0.00392785752812618,-0.0288655997206837,0.0091496532168522,0.00800767624949883,-0.00327562273151705,0.0290746652296854,-0.0108613435036252,-0.0342604560703626,0.00564595641410338,0.153913614710273,0.140048339056574,"E02000104","Brent 012",518492.399066939,186232.288727269
-3.15646458415018,-0.167714206907258,0.00272722749200634,-0.035762138127619,-0.00120782549140861,0.00344223215006899,-0.000675062688086774,0.0295989206890609,-0.0187304297327262,-0.091020031047152,0.00312214169321904,0.192277969553367,0.109186179756484,"E02000105","Brent 013",517044.191836494,185874.806147752
-3.86094894928761,-0.0714224246933145,0.0114227111999151,-0.0143384281466817,0.0312677002849935,0.0140448138502779,-0.00856437880618214,0.0135130338187529,-0.00780341384283629,0.000607631211048754,0.00466534098626902,0.0951506389104324,0.16737094497878,"E02000106","Brent 014",521366.887827039,185741.559181146
-2.88451985022981,-0.100380258295526,0.0111101410178934,-0.0159034889006058,0.0138111085686638,0.0135295347421981,-0.000509402715261619,-0.0187704669829019,-0.0196606045340763,0.00373725931243882,-0.0133183427785678,0.0478835971033865,0.135468564191923,"E02000107","Brent 015",523477.125499106,185579.517386727
-3.01248811659617,-0.187587658604161,0.00241641683886047,-0.0383646278823901,-0.00666130224076396,0.00093616939244354,6.9945971296161e-05,0.028636699662634,-0.0232381774127231,-0.124231719059441,0.00234501299158235,0.212991550479043,0.0843634577311759,"E02000108","Brent 016",516207.010924509,185582.174850666
-3.20024512461309,-0.0834244067756678,0.0119520447690747,-0.015202545969611,0.0242120608952156,0.0149488687393078,-0.00253711677091524,-0.00527484354879226,-0.015056970141504,0.00118372576265862,-0.00659141616087419,0.0448914961310288,0.172163493968064,"E02000110","Brent 018",522687.006854483,185289.05313072
-2.7028069927957,-0.156205522642744,0.00231806859064868,-0.0376359594573504,-0.00537173223470566,0.00572217453932419,0.000708534900196552,0.0304254746301674,-0.0165646692337854,-0.0939795828889573,0.00811179870430317,0.131433428069027,0.126361755962028,"E02000111","Brent 019",517632.47076264,184997.961329887
-3.02924744323993,-0.110636694439813,0.00376460259077757,-0.0305269639496985,0.00631121018509196,0.0110814350935235,-0.000345653772233553,0.0312617045698634,-0.00960752123280296,-0.0480713324957171,0.0108964326312533,0.08929788973117,0.177758577608935,"E02000112","Brent 020",518994.783283087,184864.566355042
-3.91332622207554,-0.0696933445291609,0.0104527294510862,-0.0182258457099592,0.0288473570702181,0.0144456719063772,-0.00576613197320887,0.0262240344254213,-0.00761824765201904,-0.0126210495746497,0.00969372073091543,0.0998262402684252,0.20837515214278,"E02000113","Brent 021",520618.728818805,184950.515017323
-2.99119330754706,-0.0871049994604709,0.0124083306924639,-0.0170684021221898,0.02742268152689,0.017024045797318,0.00297727172469369,-0.00709028424614209,-0.0167014769196257,-0.00119767580462924,-0.0106426402304896,0.0101541394919973,0.205231441112558,"E02000114","Brent 022",522920.639062718,184587.818244211
-2.55008207199932,-0.117360047348502,0.0120031017717054,-0.0198971618337213,0.0150335955980221,0.0163944751792892,0.00797476538836515,-0.0246995583994274,-0.0218249553724134,0.00255605526338229,-0.0207528992225361,0.00612319129270511,0.157904059719954,"E02000115","Brent 023",524052.767468708,184647.450664938
-3.39012747222495,-0.0704871191728295,0.0132802002273803,-0.0162648872528798,0.0341124475415631,0.0170801311887152,0.00127403996026907,0.00693294896027171,-0.014131787774561,-0.00658318039071961,-0.00385852836570285,0.0266396102835072,0.241647992138232,"E02000116","Brent 024",522309.349734133,184322.697421327
-3.87721340159286,-0.0565071042832569,0.0130719922109949,-0.0159851400654007,0.0354958277947584,0.0162465915927371,-0.00234432188231108,0.0201984362500468,-0.0107319529553077,-0.0124712236005654,0.005186795412751,0.0686349232519148,0.250825655970669,"E02000117","Brent 025",521454.530524124,184324.837592462
-2.86124808296975,-0.107613326094036,0.00334623893565847,-0.0334772706837092,0.00151775956456481,0.0108456594671411,0.00238289037531944,0.0302932981614211,-0.0119001508172324,-0.0787230698524658,0.0129178305261872,0.0829780814134597,0.185063048719186,"E02000118","Brent 026",518748.782252756,184135.131003194
-3.57487109486316,-0.0602233806697556,0.00864398001286992,-0.0245940433331578,0.0232669752455571,0.0145757797423225,0.00266035519623665,0.0279362959300946,-0.0114941082478573,-0.0435828493501942,0.0112741934549775,0.0730211351105468,0.289994424693298,"E02000119","Brent 027",520089.551705827,183435.587430891
-2.37383515606649,-0.135162151396297,0.0198408030829852,-0.0234966020666526,0.010644515129982,0.0199357214365231,0.0150897946460408,-0.0323054435681596,-0.0224763267273509,0.0037394313096446,-0.0300102537811578,-0.0218824134459247,0.149272919130834,"E02000120","Brent 028",524908.352109521,183897.508377329
-2.71654081330577,-0.126592344500376,0.00336895224086904,-0.0369751035128349,-0.00579738041797979,0.0070804579041881,0.00298931408834091,0.0278900701110697,-0.017418668224519,-0.126277857907535,0.0127118219422904,0.112026867381086,0.158916072283392,"E02000121","Brent 029",517975.64033487,183751.433298277
-2.46550116852213,-0.105180934596263,0.0121158100448539,-0.0201294590290702,0.0270458892784751,0.0195123370136884,0.0114533669519633,-0.0206352179490943,-0.0194654813897306,0.00119541301263073,-0.020884023266839,-0.0427580669917757,0.224006868748656,"E02000122","Brent 030",523507.47113827,183925.688125202
-3.49399355500439,-0.0556094711887502,0.0136561932640831,-0.0175879116164782,0.040147612411314,0.0173652542086325,0.00488706553346444,0.0165203346408723,-0.0145057694015828,-0.0190273878973016,-0.00110421091544956,0.0150245536521507,0.328632907269085,"E02000123","Brent 031",521766.609938587,183392.01928723
-2.05629447501062,-0.123256444432331,0.0172907818942521,-0.0223437665851963,0.0229219803247826,0.0232062723366927,0.018762856604336,-0.0323835251132376,-0.0216851181043431,0.00430499864404546,-0.0304728672826977,-0.0911580601829511,0.229304506381302,"E02000124","Brent 032",524171.15687388,183322.068074613
-2.60786900311765,-0.0824483311741232,0.0126720250482568,-0.0196837915877801,0.0401448082736449,0.0211916072116456,0.0143080239311343,-0.00711750694950386,-0.0177805439877589,-0.00551892988548861,-0.01770692970168,-0.072870305342925,0.306255017822693,"E02000125","Brent 033",522933.3498757,183203.038330227
-2.19399329952931,-0.140050718967475,0.0287901894803878,-0.0250004442236587,0.0109809091230804,0.0246847398351366,0.0203816491959674,-0.0374764147710412,-0.0214310508546191,0.00474374315105145,-0.0356331338508457,-0.0709840518280464,0.174947180542106,"E02000126","Brent 034",525170.550679935,183118.72709664
-7.11622704101982,0.0250880410882522,0.0477817176575826,0.0256329149980046,-0.0470556715846186,0.000269102798161608,0.0164832052461381,-0.011832992835134,-0.0418304954049283,-0.0166266957884576,-0.0308369168274938,0.319824513222092,0.191064920623767,"E02000127","Bromley 001",541918.989077798,172435.219911611
-7.11336539714103,0.0269372850081739,0.0517615249423061,0.0240800034219719,-0.0672390642073903,-0.000924681581059979,0.0258360738474848,-0.00408943563351993,-0.0364229584911203,-0.00195910682822428,-0.0208128001092877,0.297417971028144,0.166775497470072,"E02000128","Bromley 002",544232.737616002,171416.312334204
-6.4843630236703,-0.22508507637929,0.022384014344543,-0.00978285199791374,0.0637280942766497,0.00392775931720571,-0.00481781818017886,-0.00187579212255981,-0.0334749995068745,-0.106049726290897,-0.00381037484139647,0.479253369780668,1e-06,"E02000130","Bromley 004",535926.811348401,170683.341987428
-7.07355229672811,-0.269963203555812,0.0181327422090173,-0.0117117263342674,0.0504084874569996,0.00358698439408653,-0.0043382249511697,-0.00472288397825668,-0.0191328807793438,-0.117219547940654,-0.00140465093319079,0.577938072366577,1e-06,"E02000131","Bromley 005",534344.413104092,170694.371414725
-6.00570958479878,-0.15405389846719,0.0286023892087861,0.000991769052239382,0.0504622107532656,0.000595103810296463,-0.00398708392161862,0.00169626228871974,-0.040133574704408,-0.10291632808117,-0.00515100020491305,0.372362847907905,1e-06,"E02000132","Bromley 006",537163.94716518,170312.171461568
-7.17205654623017,0.0158598480252281,0.0506856525978783,0.0180673106797562,-0.0370625011544309,-0.00818092968691925,0.0220072079037532,-0.0039731204762321,-0.0389077973887037,-0.0522945544007677,-0.0256398272611446,0.350740857761306,0.094120558446484,"E02000133","Bromley 007",543264.027192414,169902.107927647
-6.09944516527421,-0.0231188086586509,0.056509298787844,0.0206211534803472,-0.0242551424431409,-0.0103653371255234,0.00812077730696914,-0.000284155791581097,-0.0535272061029036,-0.0850063520351354,-0.0320623199119216,0.2851809386204,0.0555432585118602,"E02000134","Bromley 008",540465.844483532,170057.677257873
-6.25697627758509,-0.239706667117566,0.020776461766038,-0.0082479253073857,0.0500922990615861,0.00432040224747893,-0.00465328682919004,0.00108821357668717,-0.0153755757493095,-0.11883968936138,0.0074777151474174,0.452834970663133,1e-06,"E02000135","Bromley 009",534848.22543327,169849.738923939
-7.30957923691149,0.0223510133651478,0.0497575545393691,0.0217603045511374,-0.0613145206606578,-0.00312795548203792,0.0282884168940482,0.000871747020395882,-0.0331677677422564,-0.0112881048349569,-0.0160184667998403,0.323499901937479,0.124682410873369,"E02000136","Bromley 010",545447.082248634,169710.332076654
-5.89384412716603,-0.0592984360894262,0.0430851599152601,0.0185584148585232,-0.0120669335493127,-0.00633204201147765,1.38670993928375e-06,0.00686361705864624,-0.0435998201353005,-0.0983548066815599,-0.0118797161015749,0.291363057902154,0.0305952753911452,"E02000137","Bromley 011",539003.787116077,169491.183068226
-5.83848772464986,-0.103453697276548,0.0337812998652663,0.00958234929326077,0.0220505801873349,-0.000857460621761672,-0.0025322932289811,0.00914856854154054,-0.0312747502633286,-0.103604000581328,0.000264330211885264,0.305452977483577,0.0145246752041268,"E02000138","Bromley 012",537937.340851143,169330.04039897
-5.5606873195033,-0.194389000325102,0.0249948806712964,-0.004638556653235,0.0483599007847997,0.00433351840762116,-0.00422279024986872,0.00598974503951592,-0.0212047655410031,-0.11111318172849,0.00873935608427249,0.33845688016356,1e-06,"E02000139","Bromley 013",536196.567583227,169577.255391502
-7.35114983935508,0.0211120354167288,0.0529842763837482,0.0241828350557191,-0.0831267230284964,-0.0023721210192623,0.0311044296153572,0.00356687336129857,-0.0316266000662931,0.000741763736601063,-0.0128414171311488,0.315866266831327,0.131525967090401,"E02000140","Bromley 014",546774.387125603,169414.493202171
-5.86589702883609,-0.213269459811718,0.0230527563286816,-0.00496792999270859,0.0372490721509515,0.00457959232945814,-0.00424917642722695,0.0060758731103867,-0.0102698389854609,-0.118693229360353,0.0141671520846983,0.383339406062107,1e-06,"E02000141","Bromley 015",535175.966836474,169137.335236064
-6.59481670367896,-0.00683952522806184,0.0569805466010989,0.0197046693490037,-0.0332585652324246,-0.00944389367829287,0.0139932035614009,0.00207666492101818,-0.0410277733512168,-0.0725052726057712,-0.0248172705305001,0.309889350616282,0.0656591114060613,"E02000142","Bromley 016",541532.770523792,169279.561120143
-6.54622161090163,-0.025476120081499,0.0467206744729064,0.020001818516779,-0.0261427823771147,-0.00583840082817877,0.00644564412831914,0.0114176783603296,-0.0321850456868129,-0.0887304360720759,-0.00866251510425373,0.317946388889485,0.0509725918741749,"E02000144","Bromley 018",540226.429242414,168605.662847477
-7.41611452237674,0.017651112411969,0.0542482384832623,0.0256971506948397,-0.0922672717575172,-0.00152681309283163,0.0324527688164984,0.00695369989037473,-0.0287514195888893,0.0106277789920607,-0.0102558415067752,0.314382302567021,0.131153236166543,"E02000145","Bromley 019",548661.522090254,168148.108840929
-7.12962995418948,-0.00704562085331242,0.0480305496148846,0.0175791770376351,-0.0206046538458206,-0.00511341031223273,0.0134210259410631,0.0108367912864404,-0.0258445003586186,-0.0740391414232587,-0.00806259023341179,0.351149882876364,0.0652457214360818,"E02000146","Bromley 020",541542.121967582,168082.054598415
-6.43902849511664,-0.0581587196201643,0.0382852895837018,0.0159562125755182,-0.0145242608090485,-0.00164195796334295,0.000987367072126978,0.0167810247700027,-0.0201960070580143,-0.0975453387654254,0.00518322407227749,0.327018377650025,0.0266766842113931,"E02000147","Bromley 021",539016.619959825,168012.882374129
-7.61748366980825,0.0165710356175024,0.0455192939600003,0.0157304790026953,-0.0159938007595602,-0.0058025569159182,0.0227732619312735,0.00588336910593611,-0.0248171248096383,-0.0466534133162676,-0.0105467955184827,0.376543948810132,0.066326176845196,"E02000148","Bromley 022",543508.823547856,167951.221120927
-7.65334912724589,0.0220174455679678,0.0443183087986847,0.0181113970995272,-0.0368581805718619,-0.00346060726621943,0.0293570218919113,0.00557348872340298,-0.0262752716347497,-0.0153540009202299,-0.00929838452710255,0.357058228279957,0.0960444209731822,"E02000149","Bromley 023",546404.74588831,167821.744900437
-6.28005810404701,-0.116637502731775,0.0314129676386501,0.00559455356639469,-0.00305826611397757,0.00340601240940163,-0.00277974002042433,0.018825526396061,-0.00586560986750265,-0.110178044380445,0.0170651385689763,0.35309098918646,1e-06,"E02000150","Bromley 024",537255.340938619,167439.919440205
-8.01791808393402,0.0253857234752982,0.0390501229529094,0.0129833385057423,0.000114066131404333,-0.00438038645688258,0.0268222159904902,0.00697315431839835,-0.0205806005730114,-0.0344063249361474,-0.00569946208024698,0.403232538234693,0.0611774345130966,"E02000151","Bromley 025",544765.210397764,167289.086084388
-7.8559683652308,0.00611183461754877,0.0432007504414072,0.0148226913073168,-0.00800756103771636,-0.00251742769594386,0.0182144741508944,0.0143768542536271,-0.0151085294862884,-0.0598078995944343,0.000789970434807249,0.400962894261446,0.0635096846577273,"E02000152","Bromley 026",542627.353063506,166983.045726353
-7.46706130613587,-0.0315282260695348,0.038575006712296,0.0152879848124716,-0.017088137623117,-0.000175750567111882,0.00574301441275869,0.0213926280491688,-0.0112984669107098,-0.0899760102179549,0.00880871125917994,0.405572160355731,0.0363075442491039,"E02000153","Bromley 027",540116.385673224,166903.513685984
-8.13584229601132,0.025109883146184,0.0373000400885875,0.0126780396324246,-0.000929615821679607,-0.0030740120765641,0.0285342142876377,0.00879834813313545,-0.0181918255498856,-0.0271446698298704,-0.00241766890335071,0.407738103967907,0.0692081027708263,"E02000154","Bromley 028",545894.10502675,166567.519493291
-7.92793381063739,0.0230340651988302,0.0403923841287249,0.015987632090246,-0.0223241554490965,-0.00272884193119795,0.0301604704966279,0.00879872379349712,-0.0209583557654927,-0.0155200949446574,-0.0039516106466994,0.38004411269564,0.0868417792864512,"E02000155","Bromley 029",547212.34478439,166495.729313257
-7.22835750642626,-0.0710093975923217,0.0348481789292312,0.0102731206161671,-0.0194122333246359,0.0022317516973232,-0.000270096185390981,0.0245498890776053,-0.00129222324340102,-0.104786391874359,0.0167499400266414,0.418776856732401,0.0101392045030428,"E02000156","Bromley 030",538386.12283154,166045.264281134
-8.44596954814067,0.0206707370515741,0.0368408888296275,0.0118479600486565,0.00751502348435511,-0.000859770456371817,0.0243944894806095,0.0146323741066935,-0.0094898099698152,-0.0400008447775244,0.00583260185443776,0.439304711960988,0.0631379936618007,"E02000157","Bromley 031",544507.788359662,165828.918641204
-8.26156455049976,0.0248952460558745,0.0359254047721113,0.0127905381572658,-0.0018824897973138,-0.00186230817853428,0.0301593620707395,0.0113589789462679,-0.0151728795291128,-0.0184517882741616,0.00127288089622194,0.411456050349384,0.0745437506506607,"E02000158","Bromley 032",547275.2348129,165451.044470382
-8.6603259656883,-0.00636853782759835,0.036695876995461,0.0112489610678094,-0.00421287146212783,0.00226650888515446,0.0137671045207031,0.0249494968435571,-0.000585635936515611,-0.0734813149298552,0.0152980882869445,0.494324551085111,0.0459448914564493,"E02000159","Bromley 033",542235.459977762,164792.987257028
-8.16803920936541,-0.033948889918589,0.0365789673173968,0.012429193020544,-0.0241608150579777,0.00196091401952686,0.00496476392841845,0.027650643855097,0.000897019484566567,-0.0929619442302038,0.0170221982448665,0.482850429722037,0.0221599830440529,"E02000160","Bromley 034",540101.025998087,164867.294219821
-8.735577737635,0.0263387205746939,0.0327545871916197,0.00967194313429996,0.0202577662481354,0.000129163419303379,0.0275520170450629,0.0156044192867555,-0.00637643496163778,-0.0287796833242089,0.00898690907413467,0.457541889664602,0.0594399483346877,"E02000161","Bromley 035",545833.383985006,164818.709500996
-9.22370011030709,0.00639812473628426,0.0340612848641073,0.00783218447801986,0.0170390096882617,0.00344915876004075,0.0198664967377782,0.0262102418706862,0.00552670466078253,-0.0568088592022812,0.0196104078989158,0.527119775359708,0.0506030987047747,"E02000162","Bromley 036",544372.601604599,162660.211467549
-8.89936297894402,0.0246695149548842,0.0309150768819952,0.00827717560364957,0.0245961582009354,0.00113414034863935,0.0292391363944015,0.0174208174723408,-0.00373071402647908,-0.022280834167782,0.0118884414108424,0.469225298407549,0.0643691325128228,"E02000163","Bromley 037",547432.6355701,163305.261625689
-8.295547980102,-0.0397760266290933,0.0415209068843794,0.0133631016507888,-0.0639061755418682,-0.00256194985569171,0.00286672433360889,0.0292603342475692,0.00664224547941696,-0.0933923087392279,0.0188913462162778,0.526335217090566,0.0272797644940549,"E02000165","Bromley 039",540757.585685551,159154.235048642
-4.10149864744882,-0.147974116010369,0.0168558230723202,-0.0542322878250629,0.0117686451168786,0.00920743108138389,0.00896255978491357,-0.00746096116746403,-0.0124708283621495,-0.00458771152544188,-0.0268746753917626,0.233717552222211,0.00708893762922114,"E02000166","Camden 001",527912.333197297,186727.602454997
-3.84471779966053,-0.12010761496911,0.0153017331686917,-0.0342371457002489,0.0103904997243634,0.0112619597347183,0.00821673269067082,-0.0158028878216821,-0.0182602597718644,-0.00178249244207135,-0.0289135995080367,0.181089033127398,0.00697415747954647,"E02000167","Camden 002",526612.699861753,186335.357626523
-3.43585016850807,-0.15853508381852,0.00885833244321949,-0.0469259707193064,0.0126299729235836,0.00972627654544439,0.00828874754238953,-0.00644370009181338,-0.00683543843859474,0.00356630332859147,-0.039356122756786,0.170850792343465,0.0134999785971681,"E02000168","Camden 003",528884.687233155,185690.561419261
-3.42630328576904,-0.116200242080058,0.0140317502980719,-0.0248043618202458,0.00780602178820916,0.0124130798823382,0.00802745988329785,-0.0212999216448132,-0.021620392057463,0.00111147586688631,-0.0261629766478497,0.128864542935012,0.0261210246096189,"E02000169","Camden 004",525825.216795552,185771.173110195
-2.92177068429542,-0.116618684190772,0.012289226361054,-0.0194137883682252,0.00650831889049652,0.0132262086836984,0.00591479713739161,-0.0255426991813363,-0.0235041781519675,0.00345655363894974,-0.0214590040193939,0.0723239825421025,0.082858569579707,"E02000170","Camden 005",524797.815730428,185450.685197707
-3.45610100277005,-0.158959261897483,0.0130547870638242,-0.0471855267276875,0.00983567373774278,0.0131233760434944,0.0095748120401644,-0.0124212031768446,-0.0142608580842476,-0.00122972645385869,-0.0299729465431712,0.165709925446759,0.00552242271339046,"E02000171","Camden 006",527754.083708761,185353.504755446
-3.13384606136376,-0.170404273557639,0.00863356860660967,-0.0483415754739426,0.0118539031911082,0.0126574172021609,0.00922172022708109,-0.00955833525159233,-0.0102684946830835,0.00269106531745615,-0.0349964724728576,0.141757809224269,0.010061909647751,"E02000172","Camden 007",528506.764222698,185068.585410893
-3.31096936822677,-0.142307428243536,0.0148919662780836,-0.0358576144184925,0.0093712808549544,0.0142703193431663,0.0104998346980467,-0.0164628504086994,-0.0169333832648018,-0.000732328094438134,-0.0302151960794713,0.12629942361613,0.0109103234071813,"E02000173","Camden 008",526758.078136333,185085.763236247
-2.88941180747483,-0.174693348672198,0.00380001291184934,-0.0449408726504818,0.0138545481198717,0.0103054198040511,0.00841401856636803,-0.00680911641515149,0.00071186056258772,0.00819735939950078,-0.0423597266562457,0.122080884477877,0.0135820075467777,"E02000174","Camden 009",529332.750403985,184941.023136964
-3.04012319677778,-0.127715271507057,0.0163353293812118,-0.0247448228863826,0.00695876324526843,0.0149008925353867,0.0105109871658919,-0.0242881913709047,-0.0216515210160934,0.00171493077586411,-0.0263427600169906,0.0784301908486413,0.057972016346667,"E02000175","Camden 010",525575.756463864,184916.537477495
-3.13642104721524,-0.155659460006875,0.0144372877384158,-0.0398930546860449,0.00905221451114275,0.015256056188542,0.0108460362518972,-0.0157066419307658,-0.0158836955983775,-0.000499172283410987,-0.0305829902733232,0.115376368462089,0.0105227416009609,"E02000176","Camden 011",527089.827303906,184765.355685388
-2.90794376115456,-0.177660159401023,0.00980913141817924,-0.0486493365760954,0.0108938054080846,0.0151055220268554,0.0103701989757336,-0.011723925703554,-0.0125759128552371,0.00211275221443878,-0.030755083051185,0.113965510680875,0.00952191534687995,"E02000177","Camden 012",528137.359230555,184603.192893106
-2.74456692604442,-0.12622553725471,0.0156005265610275,-0.0220292220357144,0.00825235132245106,0.0160713015963184,0.0107151943729411,-0.0281306368876535,-0.0228416494646739,0.00330719566978265,-0.0253670646989461,0.038319327220043,0.105889402834488,"E02000178","Camden 013",524926.29171923,184635.257842977
-2.94825422737363,-0.168139825661983,0.0139668962195791,-0.043520481474491,0.00925060566784859,0.0161446657974116,0.0112860016866931,-0.0149591081409462,-0.014982606559544,-9.05644467797831e-05,-0.0299770361276799,0.101314273517009,0.0116975977078088,"E02000179","Camden 014",527373.405691406,184462.040065832
-2.55536021010986,-0.185662570230991,0.00118696471837124,-0.0439861117788042,0.0147974832248804,0.00980633622396127,0.00852801508291712,-0.00707990972689141,0.00618275843642308,0.0107153742644782,-0.0416530258408261,0.0923907891124824,0.0164270555533044,"E02000180","Camden 015",529675.735514111,184479.328799922
-2.880309382305,-0.13669924012483,0.0203423532301225,-0.0271975358178257,0.0071355919111622,0.0174824603239599,0.0132520372081291,-0.0252861942298528,-0.0201157889059765,0.00159454477753648,-0.0295128561074118,0.0499628680748916,0.0687085842013967,"E02000181","Camden 016",525803.935804998,184326.47569693
-2.77787591614516,-0.163431728636199,0.0167227299442089,-0.0385138976759977,0.00900852744174511,0.017737244002952,0.0128767654146157,-0.0177314095336809,-0.0161815468908668,0.000434372460758981,-0.0317204092320349,0.0654014223371197,0.0266321953613388,"E02000182","Camden 017",526923.598555143,184047.22579294
-2.51904938421107,-0.189155061031708,0.00886781092454537,-0.0489413091956537,0.0117811413419387,0.0171767889706484,0.0116059284955063,-0.0117942761636131,-0.0124473453390564,0.00397366773523649,-0.0285480332824667,0.0705117061912976,0.0123639764271414,"E02000183","Camden 018",528206.199673593,183999.288314887
-2.22776993420367,-0.197090498944288,0.00147338970836048,-0.0465385350672883,0.0155838030070818,0.0129564213514118,0.0100359164999125,-0.0081942919638504,0.00187958569582771,0.00984344583042366,-0.0354152523155476,0.0552704265799504,0.017202731123384,"E02000184","Camden 019",529355.931515167,183919.406282626
-2.63174444206356,-0.141737920757577,0.024635568716274,-0.0273951257507317,0.00724737032153222,0.0204820810656982,0.0158881506946516,-0.0288540341116889,-0.0196642884099789,0.00276444629120272,-0.0329371370882634,0.00711839324345858,0.0964133166378525,"E02000185","Camden 020",525770.011432866,183785.310718481
-1.91124707717559,-0.206828171324752,0.00470216834399455,-0.0477895200834022,0.0156441659253153,0.0176497592881678,0.0126869325166586,-0.0089801778290007,-0.00794028022415873,0.00875614344377213,-0.0266665706730125,0.00700411006054194,0.0215101976507932,"E02000186","Camden 021",528792.591932123,183203.540572738
-1.86308970057652,-0.212304783043399,-0.00132773618842515,-0.0458749789694768,0.0176829398561715,0.0115455920089963,0.0104069782501812,-0.00767813229941858,0.0091223514029787,0.0126544872386329,-0.0316724426772712,0.0227380467021803,0.0237243140567996,"E02000187","Camden 022",529889.881137334,183330.725849517
-1.60750310736452,-0.214644331438456,0.00244166470467097,-0.044917117076021,0.0184132729521652,0.016822516272584,0.0129219625530327,-0.00666842439260734,-0.00430292372712019,0.0114369674857382,-0.0252907743886572,-0.0267497896608759,0.029153480453283,"E02000188","Camden 023",529192.258098834,182753.274022548
-1.1460581156374,-0.223407077353022,0.00169727682101464,-0.0384492559792389,0.0231935006103938,0.017536531029496,0.0136676757986955,-0.00215929083983293,-0.0053037082905461,0.0155226532146847,-0.0201503474397965,-0.0920285014733826,0.0450457834127346,"E02000191","Camden 026",529550.210569088,182038.350235421
-1.15903281039982,-0.229561639660151,-0.00198375051517889,-0.0344978453943043,0.0273949718970098,0.0106513768160922,0.0107224012612877,-0.00114432665197358,0.0120477164338239,0.0202346467196357,-0.0193769928324067,-0.0791839800181082,0.0585396974854126,"E02000192","Camden 027",531012.330625154,181974.845833191
-0.887056886586616,-0.230190820915962,-6.42446955737219e-05,-0.0316181112509143,0.0287568717939876,0.0151385735500589,0.0123904789582521,0.00250950026387982,-0.000565870305064918,0.0200713903105979,-0.0173003209415246,-0.127585729835838,0.064546317074232,"E02000193","Camden 028",530366.851557278,181625.606314881
-7.78349835150603,-0.256174985938155,0.0180345631877729,-0.00589860287577948,0.0338224915714301,0.00148462749627884,-0.00249306856063735,-0.0051673454675696,-0.00781921131708663,-0.128425436435583,0.00191311638158557,0.640062776616005,1e-06,"E02000194","Croydon 001",533140.742479936,170249.5036657
-8.75443565803399,-0.234569828377022,0.0174323862032157,-0.00190890725975152,0.0208485074997004,0.000559234098425946,0.000749104983017559,-0.00481286220205262,-0.00134802676929611,-0.130272012412684,0.00147921666635051,0.725681942661542,1e-06,"E02000195","Croydon 002",531870.270536183,170263.303604801
-8.91479542033402,-0.207281604452369,0.0187823488354051,0.00081913468234425,0.00850280233251972,0.00168397914840206,0.00268280793190796,0.000862128465701404,0.00464018708023284,-0.132583971010555,0.00710737871070491,0.71276740567762,1e-06,"E02000196","Croydon 003",531168.21901145,169566.30388784
-8.96528600068539,-0.185856160143283,0.0193000437053151,0.00156835269221665,-0.00261101326803252,0.00312301443668323,0.00519776716159518,0.00473626513134809,0.00761691282073695,-0.130940016446747,0.00931564025260177,0.696888072908448,1e-06,"E02000197","Croydon 004",530505.482521278,169151.917782399
-8.16001857556517,-0.217522347079178,0.021117019008251,0.000154974751183815,0.00669324273717613,0.00181624427104975,-0.000249997344246105,0.00288428552341348,0.00189874523935781,-0.136308360138938,0.0128038410624116,0.638963708491216,1e-06,"E02000198","Croydon 005",532346.023236662,169161.52779368
-7.65540464247322,-0.215640377418461,0.0224793554368421,3.1759240193345e-05,0.00310282024344401,0.00224895126139908,-0.00139187861364231,0.00481158766048889,0.00143163250936229,-0.135307218431369,0.0166914562207231,0.581980572603548,1e-06,"E02000199","Croydon 006",532878.712401842,168850.700157046
-6.90973993031472,-0.218237587694358,0.0226645927825615,-0.00148844229611854,0.0143466368609304,0.00279173874103804,-0.00292338538340176,0.00488161837200075,-0.00157035332608656,-0.130864456707294,0.0168037286428996,0.502353803017608,1e-06,"E02000200","Croydon 007",533689.829085359,168871.663330375
-6.36634812808789,-0.209226283818108,0.0241818769981103,-0.00201728891453428,0.00846989678029774,0.00379211862185037,-0.00334135433473659,0.00796988573812669,-0.0017090194853455,-0.125903417845477,0.0198721850618956,0.435414291146147,1e-06,"E02000201","Croydon 008",534378.817954607,168516.031145851
-8.2022631799488,-0.185535449310918,0.0229418714022064,0.00190294958106176,-0.0209037838513431,0.00368469400621195,0.00266265750875769,0.010156212571587,0.0061746177021341,-0.133595425276257,0.0182950563216437,0.614956948639087,1e-06,"E02000202","Croydon 009",531523.277190055,168372.515084619
-7.65584143251853,-0.194333111671668,0.0244344967423599,0.00151337062367613,-0.0257992294037304,0.00333393699999073,0.00044322944228901,0.0103426671276959,0.00470424044254469,-0.133018232631345,0.0217179662146553,0.565874715745286,1e-06,"E02000203","Croydon 010",532432.170902174,168140.914274213
-8.00186181386073,-0.165639830370288,0.0238669245376277,0.00245250126622869,-0.0374175995597629,0.00500380889926076,0.00473683493419512,0.0135915210118652,0.00753663731296651,-0.129542173692508,0.019895682348546,0.57692602867105,1e-06,"E02000204","Croydon 011",530963.459350888,167850.97922738
-7.00799161070849,-0.185355615967674,0.0266513266913522,0.0018126395954203,-0.042901861361185,0.00364553824081867,-0.000448044297901122,0.0130858925400566,0.00530632644744508,-0.127677271074003,0.0248789340099791,0.492820835167026,1e-06,"E02000206","Croydon 013",533048.711322964,167487.777375489
-6.38838024868739,-0.17190231734791,0.0279384368917344,0.00125017529611016,-0.0272552719302158,0.00401155144028636,-0.00259495903912099,0.0152256226843233,0.00275587128707877,-0.120806426068019,0.0237134932961458,0.413949620274647,1e-06,"E02000207","Croydon 014",534618.71049712,167263.809317907
-7.25077830719069,-0.169783370432586,0.0264691847480312,0.00268206631679224,-0.0570781066957462,0.00454098190339631,0.00250296541487084,0.0153943326504616,0.00676384808857458,-0.126671220466339,0.0238764648841633,0.506232473723029,1e-06,"E02000208","Croydon 015",531847.923954201,167193.589983128
-7.38985151063615,-0.148058485902964,0.0258174877585738,0.00317977300962317,-0.0592611541422785,0.00586546041331172,0.0061413499573841,0.0165130394215168,0.00785689145058387,-0.124161883040377,0.0220632974975056,0.498721250195583,1e-06,"E02000209","Croydon 016",530574.536008038,167010.519528343
-6.60553131398425,-0.171510404271965,0.0288889386685573,0.00240622665902631,-0.0528131296576753,0.00362326125230109,-0.00156413983528861,0.0159897042931253,0.00522510535955434,-0.12209746116779,0.0255579629634434,0.442579562396882,1e-06,"E02000210","Croydon 017",533838.220073479,166841.74105808
-6.34364156503362,-0.140093679628705,0.0306705303985857,0.00278637333109566,-0.0263014282717477,0.00412345736010105,-0.00324220172757274,0.0197933332609402,0.00122251460929533,-0.114791437365768,0.0216629558680765,0.385308151815503,1e-06,"E02000211","Croydon 018",536015.450128301,166715.638046307
-6.84453675556447,-0.148718217745018,0.0281290329540221,0.00377615027701694,-0.0764050764721609,0.00537220971565871,0.00469771742744203,0.0184123596827669,0.00712464230105575,-0.12084260238778,0.0237841231326059,0.445876473101625,1e-06,"E02000212","Croydon 019",531118.875040996,166259.635464498
-6.76025069466326,-0.164270229651263,0.028951269144327,0.00337199381078638,-0.0748406475859642,0.00419188693134314,0.00135351520265126,0.0175567838532315,0.00682958372168979,-0.122373488431923,0.0252845357330282,0.45462175359359,1e-06,"E02000213","Croydon 020",532340.985138879,166430.206835598
-6.44886651162106,-0.155262738439015,0.0308424389025947,0.00315677659116876,-0.0551171364123357,0.0034835188784973,-0.0026760970052572,0.0191334594402242,0.00480303063859203,-0.117922027598363,0.0246580187536088,0.415630645704284,1e-06,"E02000214","Croydon 021",534698.859182387,166276.033588355
-6.53778365659688,-0.160795710272131,0.0303743382365022,0.00375054408863503,-0.0702978519616828,0.00336686422874334,-0.0008815341330782,0.0181952444960226,0.00636389453572478,-0.120206627996715,0.0254078918515571,0.430548386026561,1e-06,"E02000215","Croydon 022",533465.66566391,166151.878706527
-6.35011102706221,-0.142128120042327,0.032623878628742,0.00558301460399229,-0.0742141291024274,0.0025507164846685,-0.00147523352723856,0.021152834045654,0.00619265404192914,-0.116690418783153,0.0236813098212147,0.397806143317405,1e-06,"E02000216","Croydon 023",533911.777202111,165134.352346029
-6.46408974286289,-0.14365230017544,0.0303559144312484,0.00478228834165787,-0.0840029217867284,0.00457652445630732,0.00356386521880067,0.0200683079016697,0.00665674819687599,-0.117909083517927,0.0239375183836129,0.403386869617478,1e-06,"E02000217","Croydon 024",531600.556377106,165407.563145727
-6.97705240355697,-0.0951950051507449,0.0342201843101222,0.00789792247914216,-0.0334882691693771,0.00240092512400274,-0.00290571096524581,0.0247282717317903,0.00292381687010896,-0.111541960964854,0.0197906617910227,0.420841396261982,0.00118091532866016,"E02000218","Croydon 025",537189.044567496,165416.653043647
-6.67761026852949,-0.112090629011815,0.0347110219837178,0.0075775616535317,-0.0543344249735036,0.00156481380924986,-0.00377818030273614,0.0242660710714078,0.0048073514173853,-0.11377326517397,0.0208469707005176,0.410329962283503,1e-06,"E02000219","Croydon 026",536050.610125083,164718.158433601
-6.14881950091468,-0.128482274156024,0.0329518815074531,0.00635475756957075,-0.0864787921085417,0.00376458791211621,0.00398912231468727,0.0222483167731145,0.0062833405250815,-0.114618215892791,0.0225696747674925,0.355088402976265,1e-06,"E02000221","Croydon 028",531517.935437902,163893.919191442
-6.21369632396463,-0.128348275485633,0.0344160144823069,0.00721750681598795,-0.0820908250656037,0.00212240130665645,-0.000146550182097669,0.0233801038934026,0.00590339636502058,-0.114459365499045,0.0220970484029779,0.370564617191093,1e-06,"E02000222","Croydon 029",533355.295708787,163849.148371447
-7.42464008692994,-0.0720902173505154,0.0375382939491852,0.0108780166382736,-0.0497179283305684,0.00011182301268864,-0.00194498681000567,0.0269607098831643,0.00450751263657572,-0.107334302711874,0.0187580409298961,0.457806226937119,0.0106450142759405,"E02000223","Croydon 030",537939.421064638,163527.223489044
-6.09257920041024,-0.120326840277679,0.0353431155641114,0.00778903850433267,-0.0858556894705117,0.00235750233576761,0.00218792707279425,0.0242515389764473,0.00518534261043548,-0.112366749245631,0.0212000436218282,0.345520513831287,0.00266725518213749,"E02000224","Croydon 031",532458.178608089,162826.190788991
-7.65094108692213,-0.0629215248413025,0.0384634189527839,0.0117088536976699,-0.0529532078294951,-0.000491536990178847,-0.00103355190550377,0.0275027347522313,0.00482420561022932,-0.104851429532931,0.018575987766228,0.475620523498636,0.0142987533764126,"E02000225","Croydon 032",538445.091675183,162846.60797779
-6.38978433777779,-0.112442605344683,0.0368493327297537,0.00891922182241675,-0.0773244723323994,0.000493425796737486,-0.00229783861692032,0.0254090995777488,0.00521334294285066,-0.112445730657316,0.0199210912633281,0.382199089653253,0.00425673884393942,"E02000226","Croydon 033",534727.591050093,163051.069167167
-6.99521918674247,-0.0867538316438791,0.0389483380556369,0.011187570093288,-0.0673539072718334,-0.00111909661615356,-0.00376328596751491,0.027220005030716,0.0051509421484254,-0.109848224928465,0.0183261254462373,0.43128787676895,0.00977031065921985,"E02000227","Croydon 034",536837.061832219,162597.373709997
-6.18195521929353,-0.110342714108693,0.0378054381997564,0.00913647157638388,-0.0845048959804416,0.000790095415460259,0.000354982658332964,0.0260769134931629,0.00445596580908859,-0.110477078474194,0.0192848429516004,0.351767470114667,0.00900657051121185,"E02000228","Croydon 035",533510.378747411,161892.397610009
-7.80888887518662,-0.0565855042605006,0.0397063429173107,0.0125204032141665,-0.0593375632258413,-0.0014654568139389,-0.0003293652412042,0.027846253483565,0.00522863430416292,-0.10243616977166,0.0184606515971186,0.490134007058092,0.0181481099304501,"E02000229","Croydon 036",538929.437146393,161702.819873756
-5.96728346601286,-0.112912398875798,0.0365333466945951,0.00786556974115439,-0.0837572781783733,0.00232246762778971,0.004408205315357,0.0245065923456758,0.00509529326525218,-0.11063319498752,0.0203564126906282,0.319302375998606,0.00859717238926041,"E02000230","Croydon 037",531591.320735826,161726.903704931
-5.86956175335161,-0.104831332440748,0.0362082844391542,0.00607840059116225,-0.0721526205100469,0.00357341628190641,0.00833119595446661,0.0231114016718168,0.00775894639465908,-0.107524188683609,0.020759324221979,0.288961764661942,0.0136644407550453,"E02000231","Croydon 038",530011.574440998,161127.994725534
-6.46220922657623,-0.0953151988558936,0.0408279284932164,0.01111759231346,-0.0823513622850269,-0.00134901933457378,-0.00202279288682516,0.02823406241264,0.00405089981417089,-0.108511810824806,0.0169071713932966,0.377013128334901,0.0160247629209184,"E02000232","Croydon 039",535028.01263946,160753.17025982
-5.97762562109918,-0.104093607848892,0.0395715748201529,0.00907536925866139,-0.0863996134100421,0.000981299264584824,0.00406641075119035,0.0261058952160103,0.00384999703380413,-0.107845941647899,0.0187246155378783,0.314057902816988,0.0164792122874346,"E02000233","Croydon 040",531908.649259954,160009.895639722
-5.93939295248562,-0.0993461606289232,0.0385819604618826,0.00716548244119031,-0.0742623885204162,0.00238717935259054,0.0073715538936769,0.0246508850602596,0.00634168204310098,-0.105165779983882,0.0196668537005927,0.294094361215243,0.019463965041336,"E02000234","Croydon 041",530622.468396046,159645.365752633
-6.12549782768039,-0.0986472915272502,0.0408611862054313,0.0101241766697899,-0.0865025403428446,-1.86504226620619e-05,0.00252202783220884,0.0272788804858558,0.00318093509995806,-0.106733322904148,0.0175844760400984,0.330020066150974,0.0191544124556143,"E02000235","Croydon 042",532901.537772026,159360.195721779
-6.09913322477628,-0.0866278864446844,0.0383765488608818,0.00486759337513315,-0.0583638877905523,0.0040251198616068,0.0113190901710941,0.0233192862562557,0.0105959838051572,-0.0981471913847141,0.0206131347552711,0.285680501497376,0.0267095386192328,"E02000236","Croydon 043",529297.850650842,158416.443019497
-6.09905585661621,-0.0910476069181261,0.0417516936084436,0.00850307554610212,-0.0789863516677791,0.000946720605276212,0.00652105448761922,0.0263524466076662,0.00506988338735404,-0.102069368196532,0.0182225169665484,0.30747858049933,0.0268734006182949,"E02000237","Croydon 044",531288.499089923,157493.753687814
-2.94329318297006,-0.200333028528296,0.00322665676563807,-0.0349434111500866,-0.0109221376537267,-0.00200308124429453,0.000499334568574557,0.0269325258530611,-0.0307841883258551,-0.129671245970804,0.000141471449562758,0.230199235138074,0.0523929923562776,"E02000238","Ealing 001",514638.551559879,185127.9524247
-2.73427584725835,-0.189234385901159,0.0024830783220377,-0.0398973233153988,-0.0125992778053625,0.000426347649526255,0.000636871254287448,0.0271425220151187,-0.0255124434332702,-0.145552197809567,0.00603402057014491,0.196967100153598,0.0800519789542255,"E02000239","Ealing 002",516115.349185639,184605.832694592
-3.07157255525524,-0.184454671805559,0.00457662177424252,-0.0240053528372848,-0.00987236398771035,-0.00343486894487761,0.000704764202560651,0.0262898399295237,-0.0365696644504383,-0.0959834831556544,-0.00344445229451029,0.227195213318115,0.0562766969413706,"E02000240","Ealing 003",512811.623175246,184719.562293428
-3.1440112292409,-0.181642906508567,0.00433376671083319,-0.0260596639495787,-0.0103821866941967,-0.00326095352089122,0.000548758234375002,0.0260898367051791,-0.035244477484879,-0.109359294324613,-0.000248892567234777,0.23699968538677,0.0574928214353019,"E02000241","Ealing 004",513513.812973368,184311.72060069
-2.63756734201469,-0.150548620642309,0.00314504302812724,-0.0392595833441976,-0.0118705811294516,0.00315483043505952,0.00205017234472239,0.025712331099424,-0.0222734477020338,-0.15810440975269,0.0117846270655527,0.149466064063958,0.119810129545948,"E02000242","Ealing 005",517115.095595717,183641.481233436
-3.03425299885754,-0.169168803853997,0.00403759422017648,-0.0299046337297152,-0.0121714576918478,-0.00261492889147207,0.000327536275776523,0.0241808710068417,-0.0324749463576829,-0.149582165462654,0.00578153739848672,0.224178171266787,0.0758665832289355,"E02000243","Ealing 006",514849.73673278,183450.785415881
-2.77777174652713,-0.150468371631064,0.00376109170659818,-0.0365405018984079,-0.0134652121094687,0.000164874251409923,0.0011791742177278,0.0227555541337723,-0.0267167696955934,-0.183453292488456,0.0113797065994757,0.181839083441231,0.104717931147589,"E02000244","Ealing 007",516404.149609188,183154.453253798
-3.50876807807623,-0.15140874982216,0.00567072970982824,-0.0127284648877735,-0.0070015727168477,-0.00458736338874413,0.00095751551821093,0.0255330436445215,-0.0407379495617368,-0.0874071695957072,-0.00207535594184051,0.246102185019723,0.0774856185916445,"E02000245","Ealing 008",512126.013039204,183473.254282999
-3.67870973342993,-0.138076974453024,0.00648442737501589,-0.00537776184918568,-0.00532787549657095,-0.00518605324714161,0.00129947686165348,0.0261735802060888,-0.0437521228270441,-0.0771636899053733,-0.00377888183134679,0.247516054481297,0.0828935170754557,"E02000246","Ealing 009",511049.522133961,183260.66606636
-3.5690618886795,-0.145062051783352,0.00551957785802447,-0.0156307586126874,-0.00668529199196716,-0.00431794318905856,0.000560977861594593,0.0245224169807026,-0.0387766655537,-0.103948863203814,0.00152646503264292,0.252838362216188,0.0838859368839468,"E02000247","Ealing 010",513269.846564138,183043.06430894
-3.17477747951787,-0.0772110023325788,0.00548146609721552,-0.0326683680687995,0.00376602801980221,0.00952379043828629,0.00660835835938902,0.0248540639987856,-0.0173834813341888,-0.125943003637207,0.0155531669982207,0.104723622311985,0.231827268589437,"E02000248","Ealing 011",518590.808178972,182583.946117733
-3.65127595979599,-0.121919062618309,0.00611446486706863,-0.0151101743068708,-0.00576453445000184,-0.00438883652254808,4.3737876181509e-05,0.0228970259270141,-0.0378060214220138,-0.132650191925693,0.00571514366080764,0.249224826345783,0.0980469468924855,"E02000249","Ealing 012",514313.833956786,182267.75141925
-3.06808385093935,-0.0930688995075595,0.00568467985699874,-0.0318917414215432,-0.00567335911231806,0.00312601813391328,0.0039144323665772,0.0210829026604171,-0.0241630352160419,-0.197167972137941,0.0152159306904705,0.149651780255005,0.167922719058924,"E02000250","Ealing 013",517446.753620888,182241.252431449
-3.88617393225705,-0.112807271365498,0.00673297121110224,-0.00810608523185195,-0.00342220752469226,-0.00518847436896887,0.000201264874710883,0.023416533773428,-0.0411823454907781,-0.11066685545563,0.00355707937175636,0.26166306170415,0.102643864144016,"E02000251","Ealing 014",513649.722327166,182086.061861565
-3.23011865077579,-0.0483594247724618,0.0104659573084599,-0.0241998230109241,0.0350633496433766,0.014994607333512,0.0107122048500268,0.021742507142417,-0.0164157853626009,-0.0483437165664037,0.00447953622043813,0.00681640840022324,0.408088246755145,"E02000252","Ealing 015",520555.700931461,182146.921955834
-3.5078419294846,-0.102656763230921,0.0065660856747574,-0.0191919925037316,-0.00364701686252652,-0.00350621604081958,0.000273202983654582,0.0199700615410972,-0.0343659554124192,-0.174983500723233,0.00935581953448088,0.221139704927139,0.125563008010584,"E02000253","Ealing 016",515509.302823324,181806.46089592
-4.29837934135095,-0.0870378489995973,0.00809497578393507,0.00413641661309301,0.00170014372659837,-0.00639621583486068,0.000193217517854498,0.0234376828088843,-0.0465120807583826,-0.0902737064299436,0.00125550853435456,0.276687825343808,0.118052086059245,"E02000254","Ealing 017",512942.986342606,181531.086743613
-3.37772964707947,-0.0910321362780056,0.00687714954845002,-0.023067122873934,-0.00205703274871662,-0.00195183296192404,0.00141582341117139,0.0190915194096738,-0.0309375108247165,-0.200814200708454,0.0113814551132575,0.193275888272028,0.155622269136809,"E02000255","Ealing 018",516337.325850018,181673.705751545
-3.46791666033958,-0.0671643665963976,0.0077046287179048,-0.0223061536202509,0.0038079981893973,-0.000364870563057646,0.00371140079918466,0.0184101638792049,-0.0292658888344563,-0.211147287027445,0.0125129110420619,0.170872310134285,0.203653059481435,"E02000256","Ealing 019",517059.6305505,181146.550184541
-3.06077282714183,-0.0496740657484135,0.00803901246848978,-0.0290282800158825,0.031962993358991,0.0128647638917731,0.0171580832963478,0.02051849191467,-0.0193025805506149,-0.0759549585908623,0.00663830332191644,0.00765010030279261,0.425096145288821,"E02000258","Ealing 021",519882.031972096,181179.14386797
-4.10625714923566,-0.0724191122622561,0.00818321582500889,-0.0069177371315079,0.00502751550468505,-0.00525540609511362,-2.35719513588583e-05,0.0199406261239818,-0.0396057515788219,-0.152297420292515,0.00706771501585461,0.252531397121893,0.142681295655609,"E02000259","Ealing 022",515086.678999912,181133.665134228
-4.7522480070587,-0.0514068473121668,0.00980014935944516,0.0163627035513798,0.0115825948423041,-0.00773903023379425,6.41342505661883e-05,0.0222415098364091,-0.0521044823751239,-0.0827830498908245,-0.000172793301104319,0.286127515374003,0.153294139688307,"E02000260","Ealing 023",513080.123454655,180524.628985478
-1.67563065342127,-0.12863424899989,0.00102026481643332,-0.0454804772828354,0.0528671191465737,0.0247099216221278,0.0332179146616552,0.00558532086950107,-0.0125557205569883,-0.0143279085373173,0.00220440279950977,-0.160593229688665,1e-06,"E02000261","Ealing 024",521268.499949501,180601.530654219
-1.99893411678804,-0.133268516303605,0.000546512948771011,-0.0459049452121804,0.0390492446602147,0.0199405015140898,0.0315840492426307,0.0163248385365064,-0.016717200667689,-0.041679198072798,0.0099229189045612,-0.0894773001873842,1e-06,"E02000262","Ealing 025",520206.216675974,180382.461744134
-4.97860317788185,-0.0400244622491883,0.0105360934190324,0.0254973958354775,0.0150526364806188,-0.00818274788398499,0.000192595094323263,0.0220597620692722,-0.0561823194637121,-0.0660387823913885,-0.00284447870994126,0.29149141978415,0.160495675755111,"E02000263","Ealing 026",512057.274849681,180171.772095211
-3.10523484790213,-0.0572706393923146,0.00689268426276519,-0.0300080227071653,0.0275543613265567,0.00853175370788214,0.0188741892403897,0.0186642149489158,-0.0237583118324979,-0.119787995836356,0.00806190659951202,0.0441455473011335,0.410401207321034,"E02000264","Ealing 027",519075.076322788,180242.190332954
-4.20133629223984,-0.0456784131399847,0.00939302915568379,-0.00704281218362774,0.0162837077752513,-0.0045218573213337,0.00181233767372884,0.0179167987708631,-0.0379862681497773,-0.181849865034391,0.00686320406920326,0.226859605036531,0.218059131265404,"E02000265","Ealing 028",516301.482283995,180205.944610554
-4.97572159710707,-0.0322394434921363,0.0105295286202975,0.0173207048121162,0.0193600298009915,-0.00828145012740462,-0.000270115453895033,0.0205490666667887,-0.0526919651801216,-0.0994698658367633,0.000132230406842592,0.293232843314319,0.182929224130994,"E02000266","Ealing 029",514140.359874351,179943.785172957
-4.7420365004869,-0.0349124665039729,0.0102591498031284,0.00454029688792305,0.021530948355256,-0.00671508929711728,0.000605543145377288,0.0190829508463062,-0.0446599589951437,-0.142602053228519,0.00355255243424382,0.271197644584121,0.205767263814451,"E02000267","Ealing 030",515426.278374014,179966.528486074
-3.52180060288761,-0.0508730497377117,0.0080138499124431,-0.0207739927292324,0.0230457745266629,0.00210233569157544,0.0115481641248204,0.0179912859985898,-0.0299385986886645,-0.171393924158036,0.00792459700053241,0.118948829509001,0.34275230233445,"E02000268","Ealing 031",517989.156940831,179833.425341392
-3.91255206631275,-0.0445116937824137,0.00924780832697617,-0.0115835270417455,0.0211929894943245,-0.00230073920994401,0.00546902882803403,0.0178356751326315,-0.035101875147452,-0.187441010839431,0.00644159913796506,0.176950362960562,0.283306518615874,"E02000269","Ealing 032",517110.34542829,179801.499638639
-2.74777118657374,-0.0467252225907515,0.0075175025283351,-0.0307639897656146,0.0438984994091472,0.0123098810796952,0.028140485866128,0.0147310529403449,-0.0247274188199159,-0.0877452173064229,0.000971054048787207,-0.0449443163280406,0.535845414019505,"E02000270","Ealing 033",519925.602769003,179634.600017146
-1.23513574501929,-0.142883789798103,-0.00259676717660208,-0.0509862719097764,0.0540798506777239,0.0233277051635036,0.043192590092485,0.00339280529132244,-0.0162840847917292,-0.022157533350463,-0.000528991598726676,-0.194074266298807,1e-06,"E02000271","Ealing 034",521011.264993981,179495.733065696
-4.85748119864386,-0.0217606410440097,0.010902236527409,0.00695462772693227,0.0311868984884628,-0.00689089763424018,0.00109623560422205,0.0176985717287505,-0.0464474383800181,-0.14934437043644,0.000792144132050316,0.262163005499264,0.263609144861666,"E02000272","Ealing 035",516060.846497653,179218.386013501
-5.3351724363347,-0.00989600506697303,0.0118511558730795,0.0358652153237919,0.0272010611237431,-0.00982928284662596,-0.000882050679328853,0.0196679882911804,-0.0636581540123053,-0.0681390602189106,-0.00559486360186865,0.298802795786978,0.210967155457505,"E02000275","Ealing 038",513076.7552241,178918.889118592
-4.12093785699787,-0.0328292281959095,0.00932263187338385,-0.00522464107140033,0.032588603127599,-0.00287759071649711,0.00668573418333924,0.0162921366941094,-0.0406571170930811,-0.173758458043794,0.00116948854573941,0.177086747565236,0.347189053599032,"E02000276","Ealing 039",517372.041909151,178870.155401065
-2.76684277160533,-0.0706858586756574,0.0260348530567419,-0.0105235086292287,0.0385411224866384,0.00972680709091811,0.0164803573949811,-0.00151149652376047,0.00186992662551045,-0.0738739568049358,-0.00748001109530297,-0.0538790692206224,0.0425596946904656,"E02000277","Enfield 001",535920.529742216,199516.449228722
-2.82131236514854,-0.0671281998698546,0.0297752387884041,-0.0105878195062103,0.0405484050599017,0.0107903278225283,0.0169674349864598,-0.00051353316936857,0.00334710661183355,-0.0732975483245611,-0.00732919780679454,-0.0642392414900317,0.0444443418396509,"E02000278","Enfield 002",535206.235372745,199136.886640445
-2.58101932112849,-0.0792277763291458,0.0224273110356977,-0.0113455840971607,0.0353838631562263,0.00823659566799276,0.0156021096837651,-0.00338921870417263,-0.00181964311230705,-0.0768262154645409,-0.00771638748525929,-0.0485604967187686,0.0415331197328807,"E02000279","Enfield 003",536951.189590752,198923.581698644
-3.72539740667867,-0.0277907995199989,0.0317606031058915,-0.00768989697113376,0.049547046360574,0.0166089059096729,0.0176666566372991,-0.00117519046736464,0.0206133429787962,-0.0561404131290014,-0.00493139040333628,-0.0362279629523751,0.032134365357244,"E02000280","Enfield 004",531091.167079446,199396.932743669
-2.9478314924149,-0.0603203855394206,0.0373809312018917,-0.0105972401986016,0.0432266029180884,0.0129993745097491,0.0175711829609541,0.000960862977258393,0.00590368864682978,-0.0719270343266624,-0.00706957816558028,-0.080703533440932,0.0472024592633187,"E02000281","Enfield 005",533925.281673189,198201.075695844
-2.61951327344158,-0.0707864436121484,0.0317851617325356,-0.011386850183844,0.0408054878177786,0.0105833811529807,0.0169846193440912,-0.00017525840019281,0.000391973540398242,-0.0771480769154265,-0.0078571096460832,-0.0850304443456702,0.0515290684468008,"E02000282","Enfield 006",535240.976378112,197989.038278882
-2.3817306318195,-0.0780674558545016,0.0284984243063359,-0.0120639721036345,0.0383701550512556,0.00927594996668244,0.0164241860905624,-0.0019687050421565,-0.00346299951208593,-0.0793148833939452,-0.00831769450524802,-0.0895109187901395,0.0536398097310492,"E02000283","Enfield 007",535974.793654977,197580.462348808
-3.33620148107414,-0.0427050082013638,0.0423058652934965,-0.00944304680971377,0.0460726624032771,0.0162713800477769,0.0179583231222409,0.0021933315045455,0.0122605348988061,-0.0673925196284412,-0.00598883173508695,-0.0768355900230368,0.0447964184402455,"E02000284","Enfield 008",532414.776420262,197316.468070954
-3.07244204376693,-0.0537644209426446,0.0425877422099293,-0.0104633094123634,0.0451738022204823,0.0144189677578299,0.0179768837211167,0.0027916777830384,0.0073211380150341,-0.0721316686748983,-0.00667865899209137,-0.0884965763558169,0.047098067516947,"E02000285","Enfield 009",533403.769927242,197303.715783089
-3.51341056844873,-0.0332505013421346,0.0376257904520317,-0.00905076278107483,0.048629786414792,0.0172561264871427,0.0176056504815601,0.000366396855736982,0.0168047666810433,-0.0615053272738327,-0.00572065105003431,-0.0639123903224277,0.0456740402073089,"E02000286","Enfield 010",531456.128739894,197408.645476621
-4.56249258220345,0.017160590124113,0.000874573388863015,-0.0119934488916237,0.090097696816933,0.0174907689766136,0.0127233226496163,-0.00534076708590639,0.0321293946200121,-0.0334451441002622,-0.00183362962223998,0.0316233580124056,0.0298274426012156,"E02000287","Enfield 011",527840.773221261,197705.488810246
-2.39912327342099,-0.0723753757928715,0.0376376170816583,-0.012534504259282,0.0429871924507095,0.0108422006023702,0.0171724041121868,0.000909331960365317,-0.00269875943165967,-0.081411493729893,-0.00847023531087224,-0.119141292355339,0.0617116586076629,"E02000288","Enfield 012",534907.534717884,196514.447840774
-3.66043265610873,-0.0225180706776437,0.0313036474114818,-0.0100406363805653,0.0560829687722843,0.0180608572691733,0.0168691015191311,-0.00126511728981675,0.0215347007408359,-0.0547037699065254,-0.00551901033758488,-0.0563713974674066,0.052691781068085,"E02000289","Enfield 013",530453.513227605,196695.791699881
-1.90532079774237,-0.0913913592750529,0.0252747423665449,-0.0134001317901014,0.034033185041568,0.00796477498219522,0.0155165441767772,-0.0050697408478179,-0.010203769834735,-0.0869233943296016,-0.00921238546032903,-0.111672771004439,0.0587834523982986,"E02000290","Enfield 014",536755.651901335,196474.404081777
-2.8954347962627,-0.0553795348543808,0.0477697826641025,-0.0113810355274163,0.0465664716485018,0.0143675383317528,0.0176824086679896,0.00465530196262752,0.00384575827608059,-0.075943730286756,-0.00730135211016377,-0.114488016443323,0.0583054393454574,"E02000291","Enfield 015",533372.136332747,195892.92069591
-2.59726617230816,-0.0643264474412258,0.0455271484189232,-0.0124482569173656,0.0463722287462904,0.0124805979832448,0.0176220005041127,0.00372635769561196,-0.00049695325388247,-0.0805655395161647,-0.00799671084223239,-0.127202187164798,0.060770968638288,"E02000292","Enfield 016",534157.414862516,195879.198526565
-3.19335742664673,-0.0426254446979322,0.0454479029406772,-0.010517582185051,0.0470878659074436,0.0168009493914765,0.0170925646887572,0.0033128708912889,0.00988690775950597,-0.0674783572896043,-0.00695091529885149,-0.0982848307557988,0.0643827059513621,"E02000293","Enfield 017",531996.111447058,195636.786192635
-1.50717800402732,-0.0917332108562516,0.0344501415684207,-0.0152150940180514,0.0394296542327052,0.00836148458939312,0.0161851348911456,-0.00359311972562206,-0.0147042109344509,-0.0871672604605458,-0.0103178115203681,-0.175663227657118,0.0757917877019235,"E02000294","Enfield 018",535892.069593017,194996.58919309
-3.48755376359743,-0.0287778720939298,0.0333560517958066,-0.0125226432707342,0.0570089715271815,0.0182357879187823,0.0154504676920279,-0.000767902502192568,0.0189956260060127,-0.0514132067164053,-0.0063362447848585,-0.0727287882413649,0.0770435124270832,"E02000295","Enfield 019",530229.836488039,195072.219560534
-3.87276153705694,-0.014452514654158,0.0213902605298986,-0.0139718142904512,0.070595743361653,0.0181143153970558,0.0146835951492031,-0.00277033310902794,0.0263792783554112,-0.0406591177397874,-0.00474662566869874,-0.0373513024044922,0.0665090514690043,"E02000296","Enfield 020",529285.905585775,195313.920144149
-2.8848104648181,-0.0508220936915065,0.0531796513648633,-0.0118485317486151,0.0485739770330414,0.0151691929567961,0.0170426186242056,0.00720198015401086,0.00270569183865077,-0.0773628518553076,-0.00754861458357838,-0.131286210033358,0.0697325746891966,"E02000297","Enfield 021",532972.508424737,194719.315813538
-3.14213797077157,-0.0415011383881205,0.0449519274778332,-0.0122163685009112,0.0493604740412549,0.0176530933253108,0.015641890941752,0.00360647734752954,0.0101847230078441,-0.0627973429848834,-0.0075887892988428,-0.107581070687056,0.0882685020524411,"E02000298","Enfield 022",531267.457003327,194431.843533803
-1.78088814872363,-0.0785492067923573,0.0464883485663532,-0.0152711866245962,0.0467072760321314,0.00972532443212799,0.016583885787532,0.000737054409785627,-0.0121930062540969,-0.0848806088297137,-0.010036364515239,-0.18864198650253,0.080625049951787,"E02000299","Enfield 023",534841.652895945,194376.142186135
-2.32055297935926,-0.0633855584261558,0.0535373189430572,-0.013946367501136,0.0496119840075539,0.0120754494121822,0.0167560988060204,0.00480931149256041,-0.00608910959093882,-0.0812083942576854,-0.00877508383566529,-0.167277884058053,0.0748144755292077,"E02000300","Enfield 024",533987.129379648,194283.962000976
-0.822414511037757,-0.103554242547163,0.0353295507447728,-0.0166281242600589,0.0371792342287511,0.00751911673698471,0.0156715753415641,-0.00542813462551969,-0.0232781235657345,-0.0957966488373168,-0.0119177488416039,-0.234132678345209,0.0886655009473136,"E02000301","Enfield 025",536029.132527759,193846.791140456
-2.74490642432721,-0.0544354299321702,0.0553076293333195,-0.0133550766020131,0.0472878053855101,0.0156524881800654,0.0150945673114615,0.0086678054796825,0.00074659644991423,-0.0696933301123022,-0.00867519438579325,-0.145457071192903,0.098448580744406,"E02000302","Enfield 026",532201.053579166,193546.795793953
-2.22071187815493,-0.060407472054694,0.0592907310446051,-0.0147488460058125,0.0514429225513169,0.0118637162474384,0.0153401906842374,0.00618238649470597,-0.00958661495524993,-0.0775843264843765,-0.00940809192044533,-0.185884046890304,0.08655158931125,"E02000303","Enfield 027",533684.895373705,193309.855681387
-3.2962337840276,-0.04819746823774,0.0365861055941621,-0.0179204923812173,0.0580548533407811,0.0172556767983803,0.0123201084976878,0.00273937992709506,0.0148539551209799,-0.0415794337919827,-0.00668343768574943,-0.0803690381743489,0.118860681147378,"E02000304","Enfield 028",529978.644116481,193260.420841783
-2.87263016213637,-0.0558114839223213,0.0499598197724577,-0.0148554336519834,0.0470037653264962,0.0168366218439388,0.0133604300061794,0.00677178608792157,0.00494987971188271,-0.057950915223769,-0.00868994227730839,-0.126542747084411,0.118737715937439,"E02000305","Enfield 029",531134.492657103,193207.54483112
-0.85259321575486,-0.0900787911458585,0.0500780012298908,-0.018119657408605,0.0487849922106795,0.0072709732362371,0.0152862003898074,-0.00195857581478712,-0.0262627914765863,-0.0887152410247724,-0.0125068541719391,-0.269693800999946,0.0946697667450337,"E02000306","Enfield 030",535237.493625547,192871.886390843
-2.46806760437014,-0.0566346444618958,0.0606713207843745,-0.0144145225747036,0.0494640733251461,0.0137969338495043,0.014429635044551,0.0093888907474989,-0.00585082210328032,-0.0726511914626036,-0.00927334595485692,-0.172086200199932,0.10151741628762,"E02000307","Enfield 031",532799.860486453,193000.163967466
-3.47108349221392,-0.0676628454375827,0.0333047008310359,-0.0235890153519218,0.0579337950005388,0.0134446720834949,0.0092883833708851,0.00357156246977977,0.0131299321513359,-0.0205861823844493,-0.00658172934863635,-0.0273526161603149,0.131491915342676,"E02000308","Enfield 032",529282.956433067,192382.727667438
-0.885519991681824,-0.0812143332212284,0.0561092892285093,-0.0181518797914042,0.0530540051526896,0.00680318252750614,0.0139013009999365,-0.000611020269928628,-0.031156963529425,-0.0854736320618966,-0.0137177850699862,-0.278840865874085,0.100677675820093,"E02000309","Enfield 033",534978.938969275,192086.676886493
-2.44885203766495,-0.0691971839196476,0.062740616385335,-0.0168432817220844,0.0460387316072623,0.0143349067939164,0.0113505551415871,0.0130100959180367,-0.00683431004787189,-0.061073885629323,-0.0101522355300112,-0.166595954626747,0.137062577852043,"E02000311","Enfield 035",531933.057315129,192166.2167407
-2.75211159938819,-0.0791136918635975,0.0511437684540784,-0.0194615985663726,0.0449779938625171,0.0153698484164939,0.00986315903668578,0.0104941930835116,0.00213795848832398,-0.0429572103937677,-0.00898857486908773,-0.117648010178569,0.152621065689653,"E02000312","Enfield 036",530580.663214193,192211.498284168
-5.62008493531572,0.0235929996148055,0.0282743609196023,0.0255797795724195,-0.0796960908329782,0.00822732177117486,-0.00145568904127823,-0.00760315998750478,-0.0263144539387085,-0.00168922762406279,-0.017964723544217,0.226829874464262,0.156273214352996,"E02000313","Greenwich 001",546864.026009832,180292.376540569
-5.70852000057012,0.0236869575138304,0.0278370302166919,0.0247540280782553,-0.0640182056293273,0.0124762424271697,0.00224170423077203,-0.00504722521830918,-0.0271344557401569,0.00820365364321098,-0.0154444405068426,0.20402898011492,0.141321713602217,"E02000314","Greenwich 002",545741.603542685,180154.947116856
-5.63193547992728,0.0332563505139856,0.0306464337263745,0.0280744999740443,-0.0625437269255902,0.0110558283704376,0.00435166237470036,-0.00682782859870092,-0.0263667818671824,0.0112866436315736,-0.016858009602771,0.174418581086703,0.211503969414385,"E02000315","Greenwich 003",546779.198705021,179321.773227812
-7.11832994155547,0.0704800946111932,0.0292856641902401,0.0271438222646494,0.0728944577628379,0.0237642526144156,0.016882573163758,-0.0118900740984057,-0.0285707581347221,0.0474222179509128,-0.0140108724199165,0.176061122956885,0.189778256183777,"E02000317","Greenwich 005",542504.959476933,178647.136995371
-5.90404906251162,0.0514763479384742,0.0327075016184149,0.0293531804673907,-0.0319126158864561,0.0165043913114874,0.0121495681189405,-0.00460433535107936,-0.0276456155213792,0.0273088933397609,-0.0134282565850333,0.129098788925386,0.223354786098779,"E02000318","Greenwich 006",545591.028447577,178670.597932614
-6.19220314112261,0.0584445166502657,0.0320826707315492,0.0295023387589676,-0.0124936658511814,0.0189562625380478,0.0139528563729205,-0.00501252171958578,-0.0283049473796683,0.0325675233147786,-0.0131355511982949,0.135638385592095,0.207924793336055,"E02000319","Greenwich 007",544772.526304028,178667.139702925
-5.60550537491286,0.0450297107367151,0.0343026263302576,0.0306958918519703,-0.0453422661163682,0.0127359128148494,0.0117142536881151,-0.0053797988000998,-0.0264884577474835,0.0218308318211001,-0.0160245685444025,0.114659375944745,0.267684453474935,"E02000320","Greenwich 008",546899.088793056,178202.501531097
-6.44726614178072,0.0677094997116294,0.0325938455291831,0.0305382057661318,0.00393241768902188,0.020285765451181,0.0156679489945401,-0.00547227154070332,-0.0286268174194184,0.0373382641989293,-0.0133602997585997,0.137746107386254,0.21523926862209,"E02000321","Greenwich 009",544343.511949695,178407.045492195
-6.78001727460285,0.0771025923660713,0.0328027553157301,0.0310105826783233,0.0236220530251624,0.0214835144431277,0.0169491610319548,-0.00673202727684098,-0.0285541186089867,0.0422569039635823,-0.0137397858147502,0.150138800513209,0.224579419666718,"E02000323","Greenwich 011",543855.972866411,178141.533095204
-7.56710316146401,0.0426181064077985,0.02567785113032,0.0220768927746249,0.106299580017846,0.0251041775419971,0.0150980192990343,-0.0138526854292243,-0.0274808918841858,0.0537789691042793,-0.0135638618656773,0.233494925199744,0.222921387835009,"E02000324","Greenwich 012",541762.141144956,177895.990621282
-7.38255289231593,-0.000744046833892648,0.0229484129792197,0.0194110853419875,0.10377055216883,0.0253462902832804,0.00975891943039145,-0.0106542411701767,-0.0321938663176427,0.0566615194065567,-0.0135008256811651,0.252997995848904,0.205096200063029,"E02000326","Greenwich 014",540859.622594691,177806.58802025
-7.41439093791285,0.0820283655232744,0.0317256889959462,0.0297178666891035,0.0624818132193731,0.022960918040808,0.017066413809203,-0.00942821154370907,-0.0274295960769823,0.0492634830052755,-0.0144404171301165,0.194373686732869,0.241094793425137,"E02000327","Greenwich 015",542957.338489159,177635.638441516
-6.91428133856168,-0.0514112202339542,0.0196621716466135,0.0174144692293546,0.093422350948345,0.0255029157252468,0.00238497125199144,-0.00882335779569821,-0.0406600570875377,0.0592779672987725,-0.0135088996136544,0.254969793788153,0.181056313592119,"E02000328","Greenwich 016",539930.356526644,177619.338521488
-6.61492398412731,0.0730706773651275,0.0375254681642636,0.0330788171437981,-0.00308296273788855,0.0188851540749374,0.0203037474968153,-0.00190899505858783,-0.0270035691251926,0.0413354388211043,-0.0128614909930682,0.127075664858579,0.284520041413415,"E02000329","Greenwich 017",544789.061105938,176787.512110341
-7.79328427964453,0.0376243028911914,0.025622909114787,0.0218809570875836,0.0960872816147164,0.0237962825299017,0.0130240564282864,-0.0128658733724615,-0.0270454775017241,0.0545580080654938,-0.01495215516488,0.271993792602093,0.252965093173832,"E02000331","Greenwich 019",541721.609753664,177052.313516507
-7.18573414180849,0.0806563304884737,0.0352276226009114,0.031712945988615,0.0278953449695546,0.0205506662516011,0.01884562656413,-0.00436228747318162,-0.0265644256214365,0.0465643804075081,-0.0139359451801965,0.175667927669074,0.281132188741312,"E02000332","Greenwich 020",543738.20549633,176732.438099834
-7.32675155443102,-0.0497451810595817,0.018972180293356,0.0168339724838104,0.084455240454244,0.0235281277920515,0.00343646329564118,-0.012570095048296,-0.0361966796389321,0.0567807692490541,-0.015524486689202,0.311666724948606,0.210418257780878,"E02000333","Greenwich 021",540310.324186175,176592.0085102
-8.0260913828259,0.0333126835187534,0.0254373918846463,0.0211469736415402,0.087233076934808,0.0218786626764547,0.0126498088839487,-0.0131175738339555,-0.0261420272119397,0.0537440721346466,-0.016021635500819,0.312140156757025,0.275378039253221,"E02000334","Greenwich 022",541730.195352578,176356.159830724
-7.4788024362644,0.0701727251027853,0.0361560849668744,0.0290652786259442,0.018771271365181,0.0171863078791612,0.0196018459944507,-0.005512232403713,-0.0247694750669966,0.0463224654038942,-0.0153377215802024,0.22984925174731,0.302500196817109,"E02000335","Greenwich 023",543453.903627404,175668.48966736
-7.94931385468246,0.0432211177193626,0.0307101895933685,0.0234704281634975,0.045291769933454,0.0166289862931308,0.0148597652115047,-0.012227379317721,-0.0270828470786588,0.0470316004892704,-0.0189791525057809,0.319635477605497,0.285811395855655,"E02000337","Greenwich 025",541978.776325458,175262.999925343
-7.56586640184626,0.059359178272302,0.0370223038157614,0.0271472072782911,0.00895584368806644,0.0144903832965855,0.0196699705813739,-0.00690740649086338,-0.0252787989181225,0.0438120563700763,-0.0176053247843705,0.262708258633393,0.292816102167123,"E02000339","Greenwich 027",543120.267060744,174968.409141985
-7.31661347960442,0.0509965746916669,0.0426600182995836,0.028066944759588,-0.0276927288201678,0.0103756709161763,0.0224749395859797,-0.00494969368805686,-0.0266839310889806,0.0372766607263093,-0.0185434267057263,0.254326796698174,0.274774863128246,"E02000340","Greenwich 028",543595.754443433,174128.40630065
-7.53653029150622,0.0261765735334472,0.0371778739156573,0.0250551511883728,-0.00376746539228483,0.00998595275963764,0.0142550524728824,-0.0132253164640669,-0.0340443838282134,0.0265556326582125,-0.0252728411543062,0.32415633960631,0.251280320543713,"E02000341","Greenwich 029",541520.829847804,173942.833364797
-6.99250885737537,0.0473090411392387,0.0481802718376055,0.0303182289240579,-0.0589147013710484,0.00810480636704881,0.025420788881739,-0.00186219392636356,-0.0276577900181976,0.0336596139427453,-0.0172510550062299,0.221634031541022,0.264377563074372,"E02000342","Greenwich 030",544541.933121812,173720.505265264
-7.27227308949048,0.0326127797261405,0.047457334609572,0.024257630725661,-0.0436595963560631,0.00218498470319371,0.0208458265454947,-0.00972322171005997,-0.0357021878409722,0.00470082276125083,-0.0253919771933766,0.311189871439387,0.209313891020424,"E02000343","Greenwich 031",542808.227385503,172616.731992747
-7.18810649724427,0.0328256717598929,0.0507908275951181,0.0251404719007615,-0.0610785905749943,0.00199890558526552,0.0242514759233233,-0.00618028318438603,-0.0339285876792844,0.0116073640099679,-0.0219667790720882,0.29168320726323,0.205639153926218,"E02000344","Greenwich 032",543712.480872236,172433.804414008
0.137311952593916,-0.0753768578907489,0.0288923829112113,-0.00846438464899909,0.00319447931082175,0.00953670614942033,0.0110861648997182,0.00726826403065955,-0.0480654924007069,-0.0141359890093186,-0.0458776174720946,-0.317866249350805,0.190852513604601,"E02000345","Hackney 001",533931.454707021,187874.622167829
-0.366700680325875,-0.127744999500345,0.0240640128620629,-0.0121094612170334,-0.0170767576542711,0.0102859455869692,0.00649111711769702,0.0101652441574874,-0.0273627853879567,0.00327513258072821,-0.0453618457106724,-0.221703430438283,0.179958251835928,"E02000346","Hackney 002",532380.289556417,187512.962984593
-0.0304532305452665,-0.111571548291529,0.0239498037505701,-0.00955667410677583,-0.0136985548078773,0.0101879558687006,0.00784373196482674,0.00922500972820043,-0.0353777914421141,0.00043242352088569,-0.0473043884518925,-0.267215753417639,0.190118554422402,"E02000347","Hackney 003",533029.736213923,187455.738067643
0.326048886565692,-0.081836508177056,0.0240987784636234,-0.00694733294185607,-0.00800885630947755,0.0100566100136042,0.0116828927544977,0.00618321711992829,-0.0462399246450362,-0.00726166951806479,-0.0486318731871291,-0.323159603237708,0.188778023075852,"E02000348","Hackney 004",534075.541700547,187456.620347661
0.25189524546171,-0.0917135284011496,0.017250916082841,-0.00517795272077027,-0.0213269088043645,0.0109546564382506,0.0116244084970797,0.00467964472232648,-0.0408547203933986,0.00684794001761006,-0.047049354393643,-0.298587339840971,0.187430415472406,"E02000350","Hackney 006",534063.219516578,186769.861477505
-0.730996116941591,-0.145234202451934,0.0139679475840632,-0.0117597025587399,-0.0315574811097614,0.00957199558011287,0.0055722395260767,0.00710053360682699,-0.0162874335448176,0.0156472446528742,-0.048941098527514,-0.148761079951218,0.136008078801242,"E02000351","Hackney 007",531991.48695497,186778.384793867
-0.168339552580902,-0.137757438725232,0.0138370769950323,-0.0078954211941258,-0.0339347730655799,0.00991822335590332,0.00682350764952374,0.00661278087325061,-0.0250206313709364,0.0140545593957596,-0.0487962735046366,-0.214547933521973,0.161671925583547,"E02000352","Hackney 008",532809.630064069,186601.42443571
0.0857472820332403,-0.118468822967549,0.0142029696214625,-0.00592551326496575,-0.0298453173402596,0.0103849434411196,0.008912490433606,0.00538656591668081,-0.0325506585343352,0.0127180107300096,-0.0470627646605201,-0.257008654048444,0.178148018981649,"E02000353","Hackney 009",533500.111403216,186458.939758608
0.116445203660778,-0.0857554093057279,0.0127937614211493,-0.0037834081247516,-0.0217557716032067,0.0117557444010135,0.0144516917721857,0.00419631944024463,-0.0393585755543436,0.0154627403741036,-0.0404517605426534,-0.291461079745832,0.191468587493664,"E02000354","Hackney 010",534512.29857395,185980.037440639
-0.0497234055183764,-0.0612562430034768,0.0136063417594323,-0.00203518744757558,-0.016556048239587,0.0130838099904431,0.0193282326714978,0.0023984985680959,-0.0439496166958961,0.0112653960907479,-0.0384971837544844,-0.299056344910582,0.185887903273465,"E02000355","Hackney 011",535241.701418299,186015.340582868
-0.29404618764414,-0.154594075172167,0.00804960185184436,-0.00823825189302943,-0.0384815974099778,0.00847183422531537,0.00667536187242189,0.00417113830144563,-0.0179488741370709,0.020915177890554,-0.044641332208795,-0.181044530360385,0.141649094351429,"E02000356","Hackney 012",532849.990848915,185838.870517157
-0.539271106440758,-0.0310869369061354,0.0163044498791854,0.00345077175133202,-0.00109348571983167,0.0144284983892286,0.0229570167024223,-0.00449694392502233,-0.046794656934131,-0.00662265745246323,-0.0356946688703192,-0.286680458007601,0.142976754212815,"E02000357","Hackney 013",536526.726204192,185998.503756365
0.0234742828568932,-0.137910474690509,0.00911616051036203,-0.00628423216869921,-0.031495971028242,0.0091635202144514,0.0086339887054048,0.00460908341043481,-0.0249617036382467,0.0194491105196909,-0.0410637669150194,-0.235137301513638,0.167627976346169,"E02000358","Hackney 014",533517.734333815,185684.790047818
-0.826750282957533,-0.0382417696999939,0.0142963975653802,0.00259800548137093,-0.00200876496967055,0.0152581135966593,0.0226324836014467,0.00227211101849417,-0.0449178646119976,0.0172816677851199,-0.0325250667548578,-0.259063599522309,0.176600838465331,"E02000359","Hackney 015",535924.397322096,185525.892655344
-0.1268902683435,-0.109248116417478,0.00966072058244477,-0.00393300747503404,-0.0187408496551619,0.0110074555889169,0.0121410377058784,0.0044492237434053,-0.0330851481998477,0.022845216349087,-0.0352381088595468,-0.254751021080386,0.190140432847835,"E02000360","Hackney 016",534311.074088783,185328.788766983
-0.675738404568843,-0.0842770514913388,0.0107534995236978,-0.000518865942017171,-0.0060971053486979,0.0134932042972052,0.0157996379741935,0.00605951003675166,-0.0384794474771414,0.0303539445538043,-0.0307221098087566,-0.237505119225676,0.200238778396946,"E02000361","Hackney 017",534970.471087032,184980.238075254
-1.94642837758657,-0.00528560362907323,0.018582305370066,0.0105494389136239,0.0294452034158468,0.0168706893722161,0.0216956872052774,0.00308409757146062,-0.0450886217590893,0.0124320974129343,-0.0283798524388033,-0.203018499125141,0.15243316326183,"E02000362","Hackney 018",536849.800498042,184993.965587693
-1.18220540155042,-0.0574937706076775,0.0127062758320478,0.00272270461962363,0.00392499645919047,0.0155304965735879,0.0198318317729991,0.00737550761610866,-0.0442468093979044,0.0342086218647358,-0.0289946562062872,-0.221632323295956,0.197535440296949,"E02000363","Hackney 019",535531.155250246,184909.088965787
-0.372843537544529,-0.143121778521956,0.00664784785247311,-0.00569876788666105,-0.0113884962248902,0.0088738619188585,0.0080439246128299,0.00386134607988621,-0.0246184817942249,0.0265956838365633,-0.030592521349399,-0.208616954600542,0.180367963502991,"E02000364","Hackney 020",534145.863649472,184616.309542485
-2.11481183338556,-0.057892484702019,0.0138510656846518,0.00585343183483358,0.0200446177258419,0.0168558320655804,0.0169027913504533,0.0114515362148552,-0.0497379626854775,0.0480643893538552,-0.0251190856713523,-0.149197954210486,0.207014483714913,"E02000366","Hackney 022",535740.668407259,184230.276261693
-1.38809104863252,-0.111796164399873,0.00932525973655426,-0.000939440091723251,0.00683681891981492,0.0132905629128944,0.00864052805449405,0.00799451965994973,-0.0374490377836575,0.0406618899077341,-0.025641657757376,-0.157042070158393,0.206005614297495,"E02000367","Hackney 023",534916.356419239,183984.732225009
-0.936400946154688,-0.168535323980497,0.00435289820819109,-0.00965104945891097,0.00297203776668141,0.00761274064354596,0.00233586463845035,0.00428297903591758,-0.0205071199557601,0.0310235772518328,-0.0256356048718623,-0.136303863949592,0.171653309055405,"E02000368","Hackney 024",534123.211328732,183643.895808236
-0.949397656030313,-0.202176795494622,0.000242331215044875,-0.0182051598835747,-0.00162778686762073,0.00387747770089582,0.00344733784185135,-0.000785270667379314,-0.00455870230899525,0.0270850778921535,-0.0273167147473573,-0.0888425200544384,0.120261921605217,"E02000369","Hackney 025",533303.870689581,183647.451306741
-1.57205710883245,-0.212755321719047,-0.00211572625938682,-0.0284702245365304,0.0141427602087052,0.00339296129483825,0.00544905264509154,-0.00472959343277095,0.00536291101112134,0.0248915063308166,-0.0270704490613364,-0.0114797025468327,0.0759443242110053,"E02000370","Hackney 026",532577.308705708,183227.74873348
-2.53200534144548,-0.0511641541750802,0.0134408105637123,-0.0207171917196231,0.0529345080495268,0.0229747510278838,0.0229737261850127,0.00221061838004751,-0.0186389408139415,-0.0189745967274797,-0.0162702996805847,-0.129873477819257,0.447522760297183,"E02000372","Hammersmith and Fulham 001",522362.973269155,181818.984033708
-0.701153014728238,-0.150500604640316,0.00209258164853487,-0.0490457282582343,0.057968095000146,0.0272119496350264,0.0348300320233034,-0.0223664269958208,-0.0108088929820023,-0.00108980946198779,-0.0100611937845897,-0.256280640238778,1e-06,"E02000373","Hammersmith and Fulham 002",522579.547095242,180719.7291872
-1.08200349026263,-0.13872166761416,0.000477505295829541,-0.048997808158554,0.060685307502149,0.0272513425141188,0.0380974104606155,-0.0113230642439972,-0.0108855650896694,-0.00430122502069863,-0.00539558521267264,-0.231356344762066,1e-06,"E02000374","Hammersmith and Fulham 003",522109.386959752,180473.052919019
0.0482728465330871,-0.175351241398095,0.00782567401666758,-0.0534731239431865,0.0523688872617005,0.0299496880076183,0.038475354930901,-0.046383539546155,-0.0121797198562421,0.00172371053338238,-0.0179585466602007,-0.321076556940981,1e-06,"E02000375","Hammersmith and Fulham 004",523324.585040474,180258.079747882
-0.150066283102013,-0.159472405008061,0.00461018474100832,-0.0536143409012836,0.0593720652339139,0.0295916665745864,0.0425018399225012,-0.0377485585514425,-0.01197437753121,-0.0010380878290605,-0.0148948029745151,-0.31841043561316,1e-06,"E02000376","Hammersmith and Fulham 005",522918.761368006,179823.881881643
-0.659881552373833,-0.145629546728374,-6.96744593174989e-05,-0.0528432887829787,0.0631655812359196,0.0280443400761273,0.0450714901230417,-0.0193975379438506,-0.0126003317397781,-0.00489580207489498,-0.00921678969453882,-0.275830281389634,1e-06,"E02000377","Hammersmith and Fulham 006",522253.352931962,179767.462722065
-0.197915271045862,-0.167880296900136,0.0186262548195743,-0.0533531951475985,0.0484682968520329,0.0322264720706728,0.0431136309235841,-0.0573590279217515,-0.0128528853241073,-0.000255076486649751,-0.0190023824900978,-0.316523970057764,1e-06,"E02000378","Hammersmith and Fulham 007",523603.30505311,179581.244354077
-0.86314173317851,-0.14216224371425,-0.0014203847242268,-0.0531457696075124,0.0625012226211121,0.0268345150632807,0.0480976301175133,-0.0114150718662975,-0.01497303627987,-0.0101517013620175,-0.00707140875022593,-0.254490382877523,1e-06,"E02000379","Hammersmith and Fulham 008",521848.7087818,179375.031009056
-0.295595411133859,-0.149619850318067,0.00802098771139435,-0.0546610145607856,0.0609097063669903,0.0310107758178126,0.0486739258892135,-0.0409425289079729,-0.0133714770568722,-0.00300143049746727,-0.0155816975156915,-0.321804224809291,1e-06,"E02000380","Hammersmith and Fulham 009",522925.752430196,179201.108560484
-0.983591588513201,-0.147403934748214,0.0333431265221846,-0.0487943424769812,0.0423127948596057,0.0332124277905821,0.0449012817798449,-0.0596870565069206,-0.0140752380963148,-0.00379585863612184,-0.0182176791643891,-0.265531500461833,1e-06,"E02000381","Hammersmith and Fulham 010",523752.177204541,179115.846353439
-0.748979141922895,-0.13415723299585,0.00403834708658772,-0.0537642875920864,0.0650724331772698,0.0294532163178941,0.0527905346426038,-0.025357515384696,-0.0157989761411435,-0.00840658991652226,-0.011799974810668,-0.287121921903368,1e-06,"E02000382","Hammersmith and Fulham 011",522331.755235763,178710.94300244
-2.18420143192929,-0.117002110010865,0.0532161076104927,-0.0350993608136009,0.0301799664210869,0.0319614857107534,0.0425855369224673,-0.063625917928144,-0.0180790989559129,-0.00629153877107641,-0.0166664424096225,-0.175787066947836,1e-06,"E02000383","Hammersmith and Fulham 012",524293.51365244,178685.321038369
-1.04339608886018,-0.12663621442619,0.0245368178237212,-0.0495881449626002,0.053970629472569,0.0329496185374102,0.0506382037385034,-0.0469717182247677,-0.0164044033764994,-0.00633654252352105,-0.0163228067937888,-0.278666147259915,1e-06,"E02000384","Hammersmith and Fulham 013",523209.764270333,178529.269975775
-2.64874822240968,-0.0891574045565869,0.0557171647487925,-0.0283819564905971,0.032532033590779,0.0320275747782487,0.0446244483784946,-0.0595448203048163,-0.0233359545764433,-0.00756227728698742,-0.0159426484695105,-0.156997670194862,1e-06,"E02000385","Hammersmith and Fulham 014",524236.454009646,178107.53831283
-2.64764373056618,-0.0732782350887078,0.0530048828871733,-0.00875928152410262,0.0296864617582029,0.0260543278345725,0.0380382088402881,-0.0596677760725117,-0.035012121358952,-0.00407402304408024,-0.020829377718768,-0.153885502006239,1e-06,"E02000386","Hammersmith and Fulham 015",524815.880146298,178017.480343296
-2.97503737889539,-0.0716644324835563,0.0574654669832529,-0.0272026269312744,0.0359977384373885,0.0329636716205322,0.0468870829811144,-0.0522457939562718,-0.0248065973657228,-0.0093263776038442,-0.0143020334860695,-0.146603980713529,1e-06,"E02000387","Hammersmith and Fulham 016",523987.092467243,177749.798100749
-2.80683470992116,-0.0477042730750896,0.0505366180985623,0.0111335640233944,0.0303712948112292,0.020438966030759,0.0333817643088618,-0.0517551345005277,-0.0485258195408248,-0.00138640261375367,-0.0236762289415619,-0.151300841216478,1e-06,"E02000388","Hammersmith and Fulham 017",525192.89271643,177560.608870598
-3.47722932033427,-0.0473466604855939,0.0586334005359722,-0.0284547053016526,0.0411336552582192,0.0363810777664647,0.0494900714614757,-0.0449254416223886,-0.0240956315772605,-0.0117248418664357,-0.0108832401524824,-0.12872084125865,1e-06,"E02000389","Hammersmith and Fulham 018",523602.296241024,177314.214657432
-3.1652989437327,-0.0386289848846281,0.0519132111768831,-0.00384806969872066,0.0369022282665131,0.0277547185077398,0.0397305484809715,-0.0499172723166361,-0.0362404316967311,-0.00483687061214472,-0.016492690586894,-0.141590486547569,1e-06,"E02000390","Hammersmith and Fulham 019",524423.533274798,177267.598675139
-2.73905779267388,-0.0370753612909377,0.0449626364884071,0.0272842661615131,0.0321701853087023,0.0124872176687698,0.0285213697049585,-0.0391439735948787,-0.0513632159402037,0.00182065272736718,-0.019445160066213,-0.162727593937526,1e-06,"E02000391","Hammersmith and Fulham 020",525588.165894802,176898.861632598
-3.22459099194827,-0.0187715538795141,0.044767765936075,0.0173699460819255,0.0358445793335505,0.0203329452595255,0.0325234030590667,-0.04540360965499,-0.0444105404442557,-0.000188104872594464,-0.017757209099917,-0.13607529996824,1e-06,"E02000392","Hammersmith and Fulham 021",524892.647278677,176794.624547636
-3.43385819847572,-0.0190873309649424,0.0468660857669294,-0.00127685348504159,0.042102391759527,0.029056670805731,0.0397164358379924,-0.0449510263148706,-0.0347396648328303,-0.00422859675416645,-0.0134594663577011,-0.134017173275781,1e-06,"E02000393","Hammersmith and Fulham 022",524205.688287211,176838.633907178
-2.3179679086416,-0.0554068838332116,0.0404717079430763,0.0332876295799168,0.0288790635455265,0.00588340203452557,0.0249415258393774,-0.0284785994256429,-0.0464833994605129,0.0046757404538705,-0.012432308267138,-0.189443304694067,1e-06,"E02000394","Hammersmith and Fulham 023",526113.898386832,176454.3577707
-3.73265387844649,0.00258876444362835,0.0315299320757555,0.0192481413185867,0.0410972123970774,0.0212029992979534,0.0325129556146996,-0.03903141096616,-0.0355203868203747,0.00157682283488521,-0.0110121170009864,-0.0984740577795877,1e-06,"E02000395","Hammersmith and Fulham 024",524485.74765122,176099.900200684
-3.02587148558492,-0.0326531717083184,0.0363055892146894,0.0330618468110071,0.0257996457969966,0.00650220799856728,0.0258845040604718,-0.0331833087367594,-0.0395923959795847,0.00473864325715089,-0.00881298684624097,-0.125055322998498,1e-06,"E02000396","Hammersmith and Fulham 025",525519.438803029,176000.582021773
-2.52503370303384,-0.110140134219251,0.0569040572135299,-0.0236854913495757,0.037510990583868,0.0125076501920963,0.00655203071384808,0.0160492163177837,-0.00529028538190429,-0.0301964917036722,-0.0105921900022832,-0.109892658185952,0.174933855008051,"E02000397","Haringey 001",530500.156870882,191314.67259528
-1.09923815211759,-0.0671267685441313,0.0599577477490212,-0.0170659836720739,0.0569079521052147,0.00624800020633228,0.0121273961568003,0.000580191573605973,-0.037933968713907,-0.0836442173057793,-0.016160657109118,-0.266238712738035,0.109535899629827,"E02000398","Haringey 002",534834.297424736,191281.606863286
-2.87771754005318,-0.111484564242138,0.0456735384806532,-0.0272544001775701,0.0380984619502428,0.0101679391730522,0.00623456394861999,0.00980300720233632,-0.000973200487631446,-0.0115464528861875,-0.0102396330107409,-0.0443264190486855,0.159466402475015,"E02000400","Haringey 004",529599.002955803,191244.459249577
-2.23566113469057,-0.0806594078853132,0.0706234404713766,-0.0191667817380763,0.0455175743301153,0.0106745638986386,0.00808322499559552,0.0157805929570676,-0.0188317060723953,-0.0479219794358123,-0.0125328272702469,-0.169327335996147,0.151367478008303,"E02000401","Haringey 005",532330.716795134,191204.796874297
-2.07582290357521,-0.0658994948516737,0.07127310369146,-0.0182709373903987,0.0521982879725272,0.00881693205516681,0.00874963727234608,0.0128649482117381,-0.0251034306251227,-0.0487077389826064,-0.0134622375310972,-0.189843267749817,0.136202171404501,"E02000402","Haringey 006",533071.313326518,191122.796003545
-2.39258528908749,-0.110064758588584,0.0650962885236148,-0.0227543308124811,0.0365834110567381,0.012031600741871,0.0061843991065197,0.0188247211550459,-0.0115800021732098,-0.0366406062697765,-0.0118228666427948,-0.129604265362122,0.177071812806576,"E02000403","Haringey 007",531121.888815904,191059.837899968
-2.25282108839477,-0.10361789728711,0.0690193095894933,-0.0215861251352747,0.0374201599553676,0.010713896628667,0.00645813922505208,0.0184114631773529,-0.017510063012756,-0.0366958283248208,-0.0131848251642108,-0.145265815520987,0.169258257670787,"E02000404","Haringey 008",531705.338135244,190876.291137164
-2.58880799542512,-0.144059034741557,0.0489298307095826,-0.0334326032889263,0.0266065905545796,0.00705694002646841,0.00410178568778983,0.0134603532514536,-0.00751650042302505,-0.00362623380590543,-0.012662595345938,-0.032162319960894,0.161930228597939,"E02000405","Haringey 009",529571.757049949,190367.250640115
-2.21736637367223,-0.11553373927416,0.0700577660405422,-0.0235264611428797,0.0333169559902131,0.00934003141669752,0.00490722711032315,0.0203056460476925,-0.0220404741169587,-0.0274575961425202,-0.0153774961703567,-0.130167407623556,0.178432872914174,"E02000406","Haringey 010",531685.566857346,190309.26636725
-1.67934939064402,-0.0630685278396966,0.0667056059553131,-0.0180922255896018,0.0522581300110922,0.00664044428689687,0.00792283591935719,0.0124660439949819,-0.0386594438550253,-0.0434479257179158,-0.019298632024547,-0.210779500213092,0.153469660997147,"E02000407","Haringey 011",533546.410531384,190231.061552198
-1.56788015685649,-0.0520598024366774,0.0654289101332131,-0.0167932419048963,0.057233921203656,0.00603557731984276,0.00878298856540967,0.00925579756278444,-0.0438402084475133,-0.0566769316641324,-0.0198236784916756,-0.22736585537429,0.138618955671965,"E02000408","Haringey 012",534058.044792551,190249.217180941
-2.17385567858881,-0.0912856225199801,0.0737371172216746,-0.0216774701617608,0.044483865727989,0.00749563680965731,0.00501719380865451,0.0201514234769926,-0.0313093531881391,-0.029647534605357,-0.017346454146213,-0.151000233248089,0.171707189842227,"E02000409","Haringey 013",532612.728408351,190100.858201518
-3.0215447316726,-0.15077710950561,0.03742822463239,-0.0439392760568875,0.0206068304126616,0.00354187122781943,0.00422671312308508,0.00495962249396942,-0.0072342056947175,0.00399728991899482,-0.0118733595252796,0.0664167220120908,0.114275531598631,"E02000410","Haringey 014",528618.399992884,190089.326090507
-1.10803833861287,-0.0509281889228257,0.0577351574303994,-0.0143496386739909,0.054667719267223,0.00558707209704583,0.010550289854368,0.00269107297758404,-0.051675842021375,-0.0805912233758803,-0.0239190590002809,-0.260540770680899,0.130451655315801,"E02000411","Haringey 015",534670.997817325,190040.3438734
-2.26710558710976,-0.140400933365844,0.0675040688023425,-0.0278569133450858,0.0246505572382197,0.00894253423897558,0.00303056016168709,0.0217139502982843,-0.0190643158032771,-0.0187086804627141,-0.015623301780864,-0.096996594514754,0.187499391743441,"E02000412","Haringey 016",531006.415134054,189967.336866023
-3.14702267104927,-0.15921242209832,0.0309012047252953,-0.0539760607899792,0.0127976004197006,0.00193485249884798,0.00304019687505759,-0.00325047501106182,-0.0137225121587433,0.00652099111964177,-0.0119001765487676,0.127131942547539,0.0751611542110331,"E02000413","Haringey 017",527904.044075235,189961.164778228
-1.60792332953792,-0.0755121417914219,0.0652165851384179,-0.0192284515986671,0.0450792289681354,0.00681609243752732,0.00680642298806789,0.0161347905460849,-0.0393063837262051,-0.0331960633949453,-0.0221057852922866,-0.203155180778073,0.175339488354256,"E02000414","Haringey 018",533161.797474589,189765.015449458
-2.05537777888861,-0.115566505071781,0.0705856534013205,-0.0241365159892064,0.0329252897912045,0.00784659237279594,0.00382914337125932,0.0222303012615954,-0.0292823724797844,-0.022987879046421,-0.0192699288983966,-0.136602631409538,0.188678991542407,"E02000415","Haringey 019",532099.509710221,189671.608337831
-2.07577337876143,-0.152921049265843,0.0565414375700437,-0.0318532536820287,0.0119253232965656,0.00798575015720704,0.00313447077503123,0.0168456109364722,-0.01617755200572,-0.00883403688456784,-0.0176568910564315,-0.0758953832902557,0.174323867992375,"E02000416","Haringey 020",530432.547537583,189350.605941855
-2.84111689106724,-0.164608414411787,0.0360969800147318,-0.0484711265799051,0.00742191738937066,0.0039393813229624,0.00497681548213111,0.00512302176679989,-0.00760127971182958,0.0050778694718207,-0.0145996859986433,0.0732463464437696,0.103238940481838,"E02000417","Haringey 021",528886.828521517,189166.205020887
-2.35433818735312,-0.157115520090752,0.0451744306749235,-0.0377606020588745,0.00761290440777502,0.00660305436395456,0.00434517019276,0.0113245972268262,-0.00982137238465791,-0.000598343449771344,-0.0166592831862266,-0.0161603691600239,0.141896169072177,"E02000418","Haringey 022",529682.341535431,189151.544912706
-1.78852453227892,-0.136842153823851,0.0607432269847145,-0.0267555671283362,0.016238152384416,0.00852235540676343,0.00335772798910336,0.0196520372408092,-0.0243062983165729,-0.0167683610520874,-0.0219058811225979,-0.126409602072454,0.192149545314126,"E02000419","Haringey 023",531406.703816775,189134.311878427
-1.02362284990755,-0.0742548088216194,0.053010817776677,-0.0168199872621115,0.0350348219798938,0.00751075310338303,0.00802367028134774,0.014370406260785,-0.0434255900796661,-0.0308095848202516,-0.0297512676488662,-0.242939707359568,0.192944280077437,"E02000420","Haringey 024",533192.497445094,189162.554304292
-0.731082959501239,-0.0560449862472818,0.0491872687339342,-0.0137066935605258,0.0384440576500084,0.00698227573743743,0.00981211342682771,0.00987022972281637,-0.0521458309724303,-0.0461109283161281,-0.0325646864943821,-0.277664821716293,0.175363517462684,"E02000421","Haringey 025",533954.095762378,189115.829339634
-1.00220249916226,-0.0947374501591574,0.0509141852029916,-0.0181775398758086,0.0240991744133444,0.00803093761541014,0.00659482317908054,0.0162696298431849,-0.0386096566477471,-0.0211846203999013,-0.03151683155697,-0.225101649556566,0.204317209380156,"E02000422","Haringey 026",532714.155559715,188827.262069337
-1.19198296326976,-0.119263106832092,0.0515271092333635,-0.0213774733952544,0.0149008755065,0.00846753238248852,0.00490405044078403,0.0177385515586247,-0.0311547614254699,-0.0167269332965001,-0.0298912445247351,-0.186827208807313,0.204179127492082,"E02000423","Haringey 027",532113.591848065,188694.259341371
-1.75710902369182,-0.148105524808792,0.0479918661863605,-0.0299179888860486,0.00249878981059627,0.00877635619305102,0.00401286776068551,0.0145881337385276,-0.0161172733095464,-0.00937632065666933,-0.0237724106370574,-0.0940543039529493,0.171265332480576,"E02000424","Haringey 028",530779.864727142,188605.176471889
-0.20028249306156,-0.0632793184252979,0.0379980663329452,-0.010718024477116,0.0208527052350792,0.00827413904253436,0.0107187344973032,0.00876157390300699,-0.0519394083472905,-0.030767162145415,-0.0409218444403382,-0.307312615632183,0.186586040599189,"E02000425","Haringey 029",533970.655123792,188449.174850954
-3.33092368588823,-0.172712332855391,0.0236226437797704,-0.0635281806291314,0.00435274120864488,0.0033689477132811,0.00501305912265548,-0.00831327017426132,-0.0136123770672245,0.00235768426719876,-0.021052939788687,0.186683317614896,0.0408030597390615,"E02000426","Haringey 030",527845.650342865,188264.529086458
-0.880429343569315,-0.136383176678353,0.0313283948853523,-0.0188047337937987,-0.0102687462251085,0.009792680474481,0.00529711242881606,0.0118800094538107,-0.0210973586735582,-0.001740128310561,-0.0383993957411313,-0.171693182574108,0.176577065401768,"E02000427","Haringey 031",531656.606730381,187882.645843358
-0.446855949431553,-0.0972991210546148,0.0362146097854294,-0.0137184354175059,0.00756129163526333,0.00935060384314315,0.00768071978694265,0.0124004947219343,-0.0381961901240128,-0.0117177842311239,-0.0399523919518538,-0.25701471065481,0.202381494243499,"E02000428","Haringey 032",532825.978454767,188208.119168032
-2.89044999598536,-0.161616558006475,0.0325445218176583,-0.0472811087949375,0.000927860416277228,0.0058922011427555,0.00590318723632843,0.00525290293599621,-0.00224238964795964,0.00137946933364432,-0.0206205087206897,0.0812527493720518,0.096583373898603,"E02000429","Haringey 033",529471.909791157,188227.867651761
-1.99731471331853,-0.152665231505607,0.0376413751841255,-0.0331596885606221,-0.00499535500460433,0.00839129826554064,0.00473199184032924,0.0103590136042429,-0.00863568552031516,-0.00307205508739528,-0.0266061181730762,-0.0415929320562486,0.14233764360357,"E02000430","Haringey 034",530449.305395009,188125.186986536
-3.66480487048861,-0.159942215235273,0.0222958150262786,-0.0575184160702187,0.00666081643791316,0.0057209741646754,0.00757758717594565,-0.0016737232979981,-0.00412269923266742,-0.000114213463403494,-0.0236428995203882,0.191621822248679,0.0425700434958614,"E02000431","Haringey 035",528824.28141061,187668.963130963
-1.33107615441758,-0.137968548340611,0.0262424961651313,-0.0213792769539187,-0.0117800245938275,0.00968716558291524,0.00545227149914191,0.00960912466688031,-0.0132135503012305,0.00410764658849627,-0.0386997371016819,-0.112718953907584,0.148064606077774,"E02000432","Haringey 036",531172.675803647,187645.335576483
-3.82755593550538,-0.107808196613019,0.00572428547294695,-0.015271630327659,0.0262576735118983,0.00531899234679456,-0.00316678827478597,-0.00926335265096437,-0.0166674612481057,-0.0419062428088118,-0.0193441332640736,0.187666671191774,0.0683328439908521,"E02000433","Harrow 001",516499.758090908,193256.425505975
-5.03881953091504,-0.0732913446670004,0.00830383306809137,-0.0113115243757615,0.0442915453474218,0.0090421518944314,-0.00547804987546844,-0.0160713122957056,-0.0112465868479667,-0.0274286038547547,-0.00996725319886737,0.255188601566638,0.0722604550235046,"E02000434","Harrow 002",518243.318651012,191763.791432769
-3.41430779078045,-0.127556379889719,0.00644187363735836,-0.0181443580914792,0.0237033503638681,0.0050846074488476,-0.00291662248151936,-0.00257451083044267,-0.0179808707722535,-0.0545978049759512,-0.015660907244267,0.152994289214559,1e-06,"E02000435","Harrow 003",516310.692053196,191677.657619681
-2.27217213011281,-0.181308313780721,0.00468221824460426,-0.0241359917956806,0.0016548643086331,-0.000788439856245312,-0.000954385777521452,0.00905041101975531,-0.0276159904849817,-0.0669199543967746,-0.0252448555179897,0.11575742144305,0.0587679439509738,"E02000436","Harrow 004",513676.356494471,192126.332074452
-2.61183199172101,-0.166392899792214,0.00545300587216331,-0.0229081176714845,0.0100885638017265,0.00184015782893736,-0.00187573138441289,0.00635491710307825,-0.0237511353710882,-0.0696377247123213,-0.0186872264334484,0.12024944310722,1e-06,"E02000437","Harrow 005",515130.351576953,191124.474950577
-2.3268141075484,-0.19004614253445,0.00495660540477825,-0.0253511010963484,-0.000422336594467974,-0.00176821363449183,-0.000603629270244814,0.0145730567924341,-0.0299827323024025,-0.0735617023509763,-0.0230931273870042,0.131649276665304,0.0528476213937793,"E02000438","Harrow 006",513293.203954763,191016.718497511
-5.10128304209531,-0.0753888118125733,0.00953707458294271,-0.0103561459376592,0.0475503707807868,0.0111195513399671,-0.00801351593534379,-0.0173732572627265,-0.00836848684507405,-0.0177394676241024,-0.00608539780449378,0.245699782572858,0.0733374622877356,"E02000439","Harrow 007",519203.464383787,190906.699871458
-4.05351341457894,-0.109079502903233,0.00736636800487042,-0.0163210701448011,0.032038139638147,0.00667497920017182,-0.00383393995547038,-0.00425352984702558,-0.014873088347562,-0.0482063615431565,-0.0108891531045221,0.191802000252294,1e-06,"E02000440","Harrow 008",517016.402114534,190918.285019826
-2.01870491941606,-0.210139761356453,0.00551295650682018,-0.0256572926700299,-0.00756135757705641,-0.00267133107645978,-0.000186128884615351,0.0182446821083921,-0.0352459806785673,-0.0678211846161242,-0.0231502435696031,0.119653730572429,0.0266249498295078,"E02000441","Harrow 009",511344.08898317,190881.821110027
-5.02026835615828,-0.0828141287889872,0.00956892914205341,-0.0122071957724902,0.0456387031835108,0.0101144987427376,-0.00774325104906468,-0.0117730314381771,-0.00904253177755318,-0.0209102507256615,-0.00555411970562944,0.245568328486839,0.080391922606894,"E02000442","Harrow 010",518771.631101692,190375.774315347
-2.69256891558398,-0.173209228137698,0.00534270499626183,-0.0242912677342342,0.00832756434349959,0.00108586038059008,-0.0020545900169911,0.0105243705833348,-0.025048886965821,-0.0736417439362857,-0.0162408909395781,0.138822084262706,1e-06,"E02000443","Harrow 011",515132.854626468,190273.925073765
-4.19112090005117,-0.107839133711586,0.00806838971077318,-0.0162720102193898,0.0351291052447478,0.00796677502855838,-0.00522595382846134,-0.00374394916455978,-0.0123170151179316,-0.0408268835745268,-0.00671197886969316,0.192977721717058,1e-06,"E02000444","Harrow 012",517696.896187454,190148.263782605
-3.12176931429085,-0.159974887754362,0.00542165122625982,-0.0236242853595198,0.012981949554929,0.00207218696395967,-0.00262759374911292,0.0100030824276381,-0.0226454218658154,-0.0706166135218556,-0.0127547365359194,0.168029508586312,1e-06,"E02000445","Harrow 013",515776.24748196,189819.829669607
-2.23801602390463,-0.198605727970665,0.00543277242859312,-0.0258658921872874,-0.000450515051788001,-0.00117293534547102,-0.00123653504643592,0.0167459319037292,-0.0306856862984132,-0.0804984442068435,-0.0181583822794825,0.122498521520999,1e-06,"E02000447","Harrow 015",513801.316103781,189944.843887815
-2.29540497606442,-0.206795299907038,0.00527696950344081,-0.0262455409794904,-0.00668929902573686,-0.0027323787635187,-0.000322723026282954,0.0212543696200762,-0.0345557555139062,-0.0738668739529248,-0.0197125692595716,0.147622063481047,0.0339743249447989,"E02000448","Harrow 016",512166.476993778,189626.957710617
-4.16760181889198,-0.111180052274731,0.00879999943142319,-0.016432912456321,0.0362877327753322,0.00949533268982596,-0.00693986430967306,-0.00148084220259619,-0.00955103006873618,-0.0306560014455914,-0.00227175753296656,0.178927775869881,1e-06,"E02000449","Harrow 017",518379.409232902,189344.924234565
-2.24519551993469,-0.2078177504936,0.00544022712933044,-0.0262486964193312,-0.00479002586966664,-0.00197676576773257,-0.00107880590610365,0.0209989614737759,-0.033440891976308,-0.0813694189396278,-0.0163066706068855,0.136530907300834,1e-06,"E02000451","Harrow 019",513147.890089262,189164.513785204
-2.86636371551987,-0.180329664756909,0.0050691493636807,-0.0265380007506206,0.00632469895133735,0.000519491458170226,-0.00179041077292621,0.0167690076953747,-0.0256214607458159,-0.0846906710792493,-0.0121247309116575,0.166411586956626,1e-06,"E02000452","Harrow 020",515222.542009261,189009.557560489
-2.51270367004551,-0.199636595454474,0.00520975683769197,-0.0271250501175559,-0.00105967114850056,-0.00119043392141365,-0.0015446767387195,0.0209956678851634,-0.0305131921054116,-0.0880126655132433,-0.0129161204619185,0.154411961127901,1e-06,"E02000453","Harrow 021",514334.059944707,188652.852761936
-2.45147522393268,-0.208326529926176,0.00523906674348899,-0.0260619515418315,-0.00880318126517803,-0.00298553508994088,-2.28346864760835e-05,0.0249236792521078,-0.0358301228195708,-0.0778224987669014,-0.0161493347220449,0.167579949420518,0.0310110173481693,"E02000454","Harrow 022",512000.086389909,188351.608674801
-3.03596207811598,-0.181122191016354,0.00489909579437616,-0.0278157016669303,0.00599759445132507,0.000882831643607948,-0.00227101610301755,0.019673694740928,-0.0248179387575136,-0.0861262148285795,-0.00755890714748073,0.184444102105576,1e-06,"E02000455","Harrow 023",515741.546777619,188206.058334681
-2.52164763062423,-0.20489462033541,0.00515132613561734,-0.0277858637533571,-0.00358941661820278,-0.00163824566738231,-0.00127127052034175,0.0239885530805215,-0.0316711592337725,-0.0940087671939228,-0.0110304222804904,0.162689482121524,1e-06,"E02000456","Harrow 024",514156.395703781,187994.224839139
-2.40967579210746,-0.21137048805046,0.00527031627750166,-0.0271821737462776,-0.00740240457110711,-0.00233850901715996,-0.000737898816374735,0.0254492834652626,-0.0343589240694337,-0.0883481186863402,-0.0118273912783942,0.160396561356825,1e-06,"E02000457","Harrow 025",513147.602356324,187733.8450199
-2.59446951079142,-0.209928205952557,0.0046162762523926,-0.0301100167361379,-0.00682023119593104,-0.00175675034631907,-0.000949725207733737,0.0262698081270888,-0.0318870803772695,-0.105852022930839,-0.00625115727549479,0.180854008966003,1e-06,"E02000459","Harrow 027",514318.438286472,186814.071047487
-2.78791797404953,-0.202572805030234,0.00463919125985697,-0.0283876907946463,-0.00824182578917067,-0.00281335142577247,0.000132576079390506,0.0269764839608747,-0.0341858347572538,-0.0927828942935661,-0.00949264930827529,0.203398824925113,0.0420061310771149,"E02000460","Harrow 028",513189.84742231,186636.113941684
-2.68517396573544,-0.205732436590999,0.00428541634499644,-0.0321298507522001,-0.00428969876355473,-0.000376781603559195,-0.00138551479486326,0.026200075322551,-0.0281576307028239,-0.10819502982144,-0.00311416782289358,0.18028476171826,1e-06,"E02000461","Harrow 029",515413.894562784,186767.960513704
-2.94261157779433,-0.199915547379605,0.00414711894001632,-0.0306399713588299,-0.0083890893637642,-0.00258817649259493,0.000287046038332186,0.0271728474591414,-0.0328937940994203,-0.105865485364675,-0.00543191867566149,0.222124368145683,0.0460987881661462,"E02000462","Harrow 030",513804.980693163,185898.545007827
-2.85388299031641,-0.198424452858063,0.00454020954757409,-0.0269515819635141,-0.00983244453320801,-0.00309244414313219,0.000477536558043286,0.0268191976252151,-0.0355197813939475,-0.0924352446506043,-0.00703194305188632,0.211089423373038,0.0443461813105059,"E02000463","Harrow 031",512808.983403422,185803.171633452
-6.79139377745683,0.010478604161645,0.0230323076703961,0.024513458778669,-0.0209111685829331,-0.00323330479785356,-0.0113185852399978,0.00306390666345071,-0.0144899621914763,-0.103197206846895,-0.0123948846621956,0.418532340282464,1e-06,"E02000464","Havering 001",553999.897637653,193423.399401109
-6.68605988720504,0.0149497177847307,0.025063726501837,0.0257523762447013,-0.0486280073492686,-0.00282842130395265,-0.0107154643255721,0.00323725080351605,-0.0128425495631843,-0.0981726646403913,-0.0136058164697264,0.403502152606396,1e-06,"E02000465","Havering 002",555355.562886587,192213.42875951
-6.87035012641904,0.00703596872131291,0.0214376265385192,0.0246259504179291,0.00115029756863681,-0.00343938072048754,-0.0117793906472449,0.0018827237965506,-0.0194313341599717,-0.101321373786547,-0.0122935273653202,0.430531067224902,1e-06,"E02000466","Havering 003",551347.361174558,192721.639900596
-6.7713239726299,0.015619120968858,0.024362370150408,0.0260393038177796,-0.0403241413095512,-0.0028071830443581,-0.0109725298948507,0.00296372628036916,-0.0154954740011216,-0.0958894644262708,-0.0136107709224967,0.413791414310472,1e-06,"E02000467","Havering 004",553774.410914265,191769.223543847
-6.83233847301225,-0.00170049062439357,0.0196112536955679,0.0234128299742125,0.0246511453832582,-0.00330843906397217,-0.0118502617671235,0.000126468019248456,-0.0241579864761655,-0.100159310703097,-0.0119281090555006,0.431726874255651,1e-06,"E02000468","Havering 005",549403.711597471,192432.977288573
-6.79143828522419,0.0167973824015845,0.0243887875758565,0.0265464968861943,-0.0400605280054295,-0.00277415619970253,-0.0110498738009863,0.00294556156235872,-0.0167350265745362,-0.0938216696663662,-0.0138376588429963,0.415359928556967,1e-06,"E02000469","Havering 006",552847.253450566,191207.781806796
-6.54718915409831,0.0175932621540163,0.0265345190735474,0.0268583368823524,-0.0657525269545867,-0.00270191962765335,-0.0102237478274174,0.00249757241027809,-0.0118561113258178,-0.093764761069393,-0.0152655768437201,0.385362097510756,1e-06,"E02000470","Havering 007",555880.50783144,190490.66614618
-6.84579931746985,0.0172471597054189,0.0239495242880981,0.0270398973168132,-0.033671818024036,-0.00280003662901712,-0.0112855072948963,0.00275081619952441,-0.0192412618674265,-0.0918193763465684,-0.0139827596895086,0.421655335168748,1e-06,"E02000471","Havering 008",551402.86528582,190702.16586498
-6.87300253167489,0.017140041135478,0.0236377029074654,0.0274308574472253,-0.0287487753430985,-0.00281024183438717,-0.0114518961782731,0.00253635338472376,-0.0212453805191095,-0.0903051559737976,-0.0141784435055249,0.424929054516876,1e-06,"E02000472","Havering 009",550417.498298466,190325.901079438
-6.5441890220651,0.0201643998432299,0.0268618872024403,0.0276401970056326,-0.0687413512966455,-0.00262729490570506,-0.010215088019431,0.00230750560432202,-0.0129985627440286,-0.0902301866277714,-0.0158472722659023,0.383273632163344,1e-06,"E02000473","Havering 010",554656.17177908,189503.11481832
-6.86138628481246,0.0188083616768863,0.0239636550876505,0.0281885553246675,-0.0316581965461932,-0.00264202460798608,-0.0114705942665361,0.00256960616711593,-0.0225023884021484,-0.086927188392454,-0.0147743118151356,0.421941937854824,1e-06,"E02000474","Havering 011",549769.283926154,189631.159816123
-6.67407278745231,0.0208895779023153,0.025996428652624,0.0278797704892107,-0.0578636433697244,-0.00250834888291219,-0.0106901889331336,0.00299390007743992,-0.0159014806874321,-0.0884500027388003,-0.0151817026339879,0.397657176691472,1e-06,"E02000475","Havering 012",552795.516329224,189688.571376038
-6.70502833554238,0.023698038183044,0.0261797839518263,0.0289448774851466,-0.0577886529252123,-0.00247182039687148,-0.0108950497435619,0.00323191525140479,-0.01796841979403,-0.0850904791417826,-0.0155860890772416,0.398886944123137,1e-06,"E02000476","Havering 013",551317.876330426,188960.638121918
-6.56095458553453,0.024099414891498,0.0271620855997168,0.0287072652426171,-0.0711329168945959,-0.00245347069231556,-0.0102764828264569,0.00212481898951784,-0.0151041133561434,-0.084857808514429,-0.0165855398324883,0.382561438988314,1e-06,"E02000477","Havering 014",552964.88511718,188355.822310347
-6.44623479428942,0.0222719085572467,0.0276464209231266,0.0283361196528035,-0.0773829917271417,-0.00277802468568042,-0.00991310805620661,0.000986936583173978,-0.0126229528504058,-0.0882140998338188,-0.0171994796001087,0.371640664363238,0.000219974061917093,"E02000478","Havering 015",554760.11621999,188259.723647452
-6.59544244244083,0.0260358449010224,0.0271606544442322,0.0292509036595127,-0.0702934995999836,-0.00234023054186418,-0.010421568604921,0.00236516329173056,-0.0166056611279955,-0.0822602074560415,-0.0167387572663956,0.385018712140041,1e-06,"E02000479","Havering 016",551967.896539984,187998.338586426
-6.72288650770017,0.0269613447924242,0.0264031678001054,0.0300261309040778,-0.0591703394158904,-0.00221305238627394,-0.0110010907476649,0.00317589378837893,-0.0205669405006839,-0.0795959219681876,-0.0164620658712551,0.398447876270125,1e-06,"E02000480","Havering 017",550058.937003196,188021.258376401
-6.07502435262261,0.0115711331284187,0.0285560487496604,0.0267894700569574,-0.0852021597003044,-0.00398738738699149,-0.00907917016682045,-0.00199759773137508,-0.00781796891156068,-0.0983543824172459,-0.0199423393364226,0.339911849805793,0.0362933473902353,"E02000481","Havering 018",559066.900294497,186853.061034776
-6.24316244189064,0.0170730928191256,0.0281722049705661,0.0273961062317277,-0.0821340195370869,-0.00322261726655229,-0.00952457143011544,-0.000525648607250969,-0.00999194561858653,-0.0920730699707404,-0.0183033756518493,0.353332516457034,0.0171569699135172,"E02000482","Havering 019",556493.467193229,187546.250297245
-6.37412575414968,0.0237378940043203,0.0280876661557811,0.0287226894594616,-0.081431560279059,-0.00271358373967818,-0.00979179622910512,6.78848437400857e-05,-0.0132563818399386,-0.0845711575925494,-0.0181279758822208,0.362971825371835,0.00662278317610108,"E02000483","Havering 020",553900.594248606,187127.032702818
-6.49824785777777,0.0279230280387979,0.0277736804616904,0.0295500772724302,-0.0785115021011779,-0.00226350648123157,-0.0100088557931807,0.000737559011895774,-0.0162101194972828,-0.079270827847756,-0.0180188575090237,0.373691376823084,1e-06,"E02000484","Havering 021",552366.649847226,186982.385143528
-6.22293806060123,0.0193483372528854,0.0284757403209541,0.0279800754062487,-0.0847564742264592,-0.00322519621624131,-0.00949680458935139,-0.000923734467594877,-0.0109331721034438,-0.089098500196984,-0.0187969427576619,0.349901905822044,0.0202594307873126,"E02000485","Havering 022",555221.599850388,186764.908958567
-6.28705103225835,0.024796381693871,0.028525270263522,0.0289949593250674,-0.0854375829602932,-0.00273500395662483,-0.00964463885721931,-0.00096610422797577,-0.0137059403972746,-0.081672184074371,-0.0190177198135139,0.353186572163845,0.0155603842992516,"E02000486","Havering 023",553237.478260132,186141.919137566
-5.97603863293075,0.014615130741525,0.0290428312207328,0.027789160577578,-0.0894098622798508,-0.00386099675356918,-0.0085673172812144,-0.00430795514335615,-0.0103733170535934,-0.0884093593649415,-0.0219481261886744,0.327280312188842,0.0566670567489907,"E02000487","Havering 024",556512.165251812,184739.177539714
-6.14895329468872,0.0224780673279289,0.0288968324885822,0.0286828548053366,-0.0888123204606592,-0.00307567136456309,-0.00928588964154347,-0.00242597888483661,-0.0128443590650503,-0.0822989946965322,-0.0200294967743409,0.34038354906366,0.0321233504483096,"E02000488","Havering 025",553667.599350985,185379.261036547
-6.16385728922573,0.0267256219397644,0.0290777113798959,0.0294017270312076,-0.0908516779372153,-0.00279813706140207,-0.00939852624973134,-0.00261915756698924,-0.0147674270586403,-0.0771757818891508,-0.0202171099614965,0.339580471700149,0.0314088754580976,"E02000489","Havering 026",552342.617535228,184924.104629267
-6.02687591195464,0.0254938867488579,0.0293471791495571,0.0292343777979077,-0.0938117264560397,-0.00289370881304744,-0.00885023698505525,-0.00466549221894808,-0.0150784996221423,-0.073881308246579,-0.0214365625373941,0.325889483869232,0.0539778096929298,"E02000490","Havering 027",552339.375684849,183986.403463752
-5.87807254883331,0.0284895453781243,0.0295167629248785,0.0293697634263898,-0.0971626587091263,-0.00212371147499704,-0.00805560231594213,-0.00761352799666377,-0.0182647173017809,-0.0600731515019627,-0.0226200629880287,0.306848985333816,0.0867506695655911,"E02000491","Havering 028",551092.351730769,182664.617820309
-5.70192633727852,0.018000381532888,0.0298334268544983,0.0293061992386681,-0.0971504758642273,-0.00373561860009705,-0.00583112944506267,-0.0101449044475784,-0.0160288272887743,-0.0649170758091977,-0.0260492296294212,0.292282763353632,0.131111462595124,"E02000492","Havering 029",553491.071065647,181454.099310567
-5.76882494646469,0.0214360621047819,0.0296901462618587,0.0292078512861387,-0.0963383846983598,-0.0030970363150758,-0.00688099016889446,-0.00914046776330089,-0.016361482175443,-0.0642070211581443,-0.0246058981890378,0.298023414659783,0.112259287077906,"E02000493","Havering 030",552723.264285669,182040.426361995
-2.34039595949015,-0.208604649839706,0.00548907716884973,-0.0220486084984526,-0.0127906392019576,-0.00295450431976857,0.000908201960643295,0.0223257541866619,-0.0395451404458344,-0.0697637557892438,-0.0217162856932727,0.15782642692946,0.0200404594699845,"E02000494","Hillingdon 001",508285.923976125,190862.128250027
-2.16834374703786,-0.212479927606552,0.00555901459311259,-0.0240694771636815,-0.0113914812473545,-0.00286186404490751,0.000440371943820421,0.0210849966628933,-0.0381256611598704,-0.068520477334702,-0.0220802892357517,0.140750108494523,0.0168881234446485,"E02000495","Hillingdon 002",509608.88618061,190710.709175648
-2.7477127646449,-0.192801662205452,0.00595858803437999,-0.0158762938973363,-0.0131831665307062,-0.00339019806394608,0.00230845216185574,0.0264376092750456,-0.0424212542220551,-0.0701260480067677,-0.0194269153671603,0.185267501009415,0.0295890143235342,"E02000496","Hillingdon 003",505638.714358784,189946.564452872
-2.31223320467028,-0.210100027094375,0.00561382689258231,-0.0226485105130978,-0.0110103779184326,-0.00265809824592389,1.27950124896266e-05,0.0237400503063862,-0.0384131366683397,-0.0740085212727038,-0.0172270737119466,0.151519497263552,1e-06,"E02000497","Hillingdon 004",510306.286862473,189146.212453375
-2.71230212487619,-0.196380681227272,0.00566421543605299,-0.0184570567192399,-0.0121206794917386,-0.0034591472483987,0.00167777742545205,0.0265677403819419,-0.0409153374640757,-0.0725533637704572,-0.0171454692206768,0.186246514055366,0.0316015683565748,"E02000498","Hillingdon 005",508191.177616528,188537.3241065
-2.38462694458718,-0.209632142332716,0.00553320017759369,-0.0236210706132383,-0.0103287581636173,-0.00276319511532703,-0.000180863919406562,0.0253557044070126,-0.0376327242583538,-0.0780502366774292,-0.0137943647850903,0.1587887222083,1e-06,"E02000499","Hillingdon 006",511296.290043071,187917.964722193
-2.67718894585572,-0.199086301046532,0.00546117929986529,-0.0203923850953397,-0.011543772142031,-0.00342503037677234,0.00125770451070425,0.0264782940979996,-0.0397907856421433,-0.074456519447714,-0.0158117315607586,0.185850460758526,0.0327274558821328,"E02000500","Hillingdon 007",509455.490766194,187980.744648465
-2.71944358128457,-0.199216870196746,0.0051098446155559,-0.0226532256650056,-0.0106279635386776,-0.00336041520095428,0.000818360497911198,0.0265619102692963,-0.0382260662137326,-0.0789907649091164,-0.0126485748626399,0.192751776961348,0.0388758707137521,"E02000501","Hillingdon 008",510990.960805621,186976.598199035
-3.0773386724687,-0.177867250806586,0.00574019300625777,-0.0141018063867011,-0.0105162955480331,-0.00411744156484674,0.00191802535948418,0.0273433686679869,-0.0420341412130487,-0.0737345924783749,-0.0110581024482097,0.212418614477721,0.0491499051662468,"E02000502","Hillingdon 009",509130.850781235,185879.495889204
-2.88312732321012,-0.19074292408655,0.00518792835556982,-0.0199218795283618,-0.0106769131415748,-0.00367621893714244,0.00126597624083633,0.0267470147627942,-0.0395096870048181,-0.0784440165511927,-0.0109043546233854,0.204610386343067,0.0447337960145461,"E02000503","Hillingdon 010",510549.950438025,186205.75408633
-3.1743867240054,-0.169309692390915,0.00619239790996817,-0.00991293007336404,-0.00977105099548906,-0.00426812800444034,0.00241660957933331,0.0280091696264363,-0.043702485404735,-0.0701804945122867,-0.0123146264326212,0.211462950409613,0.0539499450337321,"E02000504","Hillingdon 011",507477.512047564,186180.834954445
-3.35714303146685,-0.154722330524237,0.00680349459199675,-0.00424578542660621,-0.00831197867318985,-0.00465921453661651,0.00272611287325575,0.0285662981090192,-0.045641291653637,-0.067052335316286,-0.0117244708478351,0.215130961332526,0.0631215503912867,"E02000506","Hillingdon 013",506406.163562692,185594.989330386
-3.56282621283738,-0.142742840086618,0.00693167185777587,-0.00201393400696701,-0.00689879523127152,-0.0051553343032057,0.00207459694929735,0.0278264749282822,-0.045837605375459,-0.068627254055164,-0.0080472719609711,0.231175238638336,0.0730450566814214,"E02000507","Hillingdon 014",508606.346815755,184079.730831417
-3.75978650352549,-0.120696503245654,0.00816185799019822,0.00811863542313708,-0.00337069114635881,-0.0056429807306517,0.00275315463354921,0.0286222659227904,-0.0496779536825461,-0.061790125651697,-0.0094294718288226,0.222639609669689,0.0893238963721266,"E02000508","Hillingdon 015",506164.095086113,183536.208909286
-3.80965846119005,-0.113697239304866,0.00855932668849198,0.0113594883575989,-0.00195625909025119,-0.0057683293089983,0.00302383071535186,0.0288062795006691,-0.0509569475153429,-0.0598434838503711,-0.00986230056775854,0.217865757894658,0.0957082756058022,"E02000509","Hillingdon 016",505153.206504095,183285.102544321
-3.9396086627633,-0.106874229694378,0.00860258904403051,0.0121506005414806,-0.000325833540909269,-0.00607480795783832,0.00250042586754268,0.0279503946807038,-0.0509233600273742,-0.0606049500937986,-0.00815398291797536,0.228996461081859,0.102283767341666,"E02000510","Hillingdon 017",507076.663595062,182643.11587457
-3.95283507265435,-0.112881791869448,0.00795500571396938,0.00694922785086746,-0.0015581168520986,-0.00599485950261712,0.00175808219111554,0.0269730627991811,-0.048554018869207,-0.0657819778804515,-0.00589700897906041,0.244781944249094,0.0973076803231937,"E02000511","Hillingdon 018",509287.784075766,182667.53464598
-3.97176511445951,-0.107225046660306,0.00841813167059534,0.0107231570204208,-0.000231646168244394,-0.00611448949142596,0.00218445172423877,0.0274723968605686,-0.0501893131472104,-0.0622026236680906,-0.00717977849258828,0.236016727535209,0.102354410090929,"E02000512","Hillingdon 019",508105.329243321,182553.896469627
-4.09402215325612,-0.107544612313435,0.00771955969879498,0.00452634570733966,-0.000740047105741191,-0.00605147877324563,0.0010533282903546,0.0254954813131302,-0.0471070264882969,-0.0724133658589919,-0.00293968392687129,0.26309534616135,0.101792502140857,"E02000513","Hillingdon 020",511068.260526064,182292.519105086
-4.29486606604798,-0.0891909034618852,0.00874035736765918,0.0130593687767244,0.00306981674639165,-0.00662638529505465,0.00124931165751967,0.0255045523695486,-0.0505671970936511,-0.064910034586184,-0.00426873756522014,0.261235595493286,0.115426070038735,"E02000514","Hillingdon 021",510270.88396857,181741.319512352
-4.2143043142831,-0.077858070121541,0.010198571252025,0.0258553423262437,0.00211270255129776,-0.00672852090992764,0.00245935042172273,0.0276649293087857,-0.0566679509181892,-0.0542127000013111,-0.00878783525652656,0.225111265112642,0.11964580369684,"E02000515","Hillingdon 022",505575.15074328,181219.46956234
-4.4177874859614,-0.083795818757941,0.00848440223173153,0.0091608549157353,0.0044000556399667,-0.00661074480793135,0.000642112500027676,0.0238767196958377,-0.0485827916866416,-0.0750283408400337,-0.0011621002794148,0.278055627607752,0.121468820677221,"E02000516","Hillingdon 023",511973.004265616,181527.883591136
-4.36643303950813,-0.0759439319039922,0.00975753331520381,0.0221751482680862,0.00456997550119298,-0.00699289326819422,0.00165750103643486,0.026153111234647,-0.0546768613140989,-0.0575033052912674,-0.00651071486319831,0.247881998573706,0.123646387892228,"E02000517","Hillingdon 024",508525.174995592,181222.949466543
-4.36228255471878,-0.0696314569106258,0.0103160529504057,0.027201252446056,0.00466706110650911,-0.0070691004783525,0.00197553900083182,0.0265910091622211,-0.0570680427586002,-0.0542116050905911,-0.0078067666317758,0.236125398431958,0.127463235712555,"E02000518","Hillingdon 025",507056.947982624,180853.832685617
-4.69481810132178,-0.0601606740253405,0.00994092941823893,0.0229072399223251,0.00814268481442301,-0.00748235451972012,0.000629398402579615,0.0240086229096236,-0.054626172732068,-0.0612556517458021,-0.00409893374704496,0.277307256964395,0.134594344184968,"E02000519","Hillingdon 026",510669.140869914,180841.691605288
-4.76985591482204,-0.0465924021569485,0.0108125218239446,0.0314245036380437,0.0111247126522236,-0.00786629833837165,0.000870542842684364,0.0237270379174923,-0.0586945503632637,-0.0543405311546511,-0.00600456490732359,0.264735744797898,0.147238522759647,"E02000520","Hillingdon 027",509517.313339834,180139.069154562
-4.78088332999695,-0.0333356564417455,0.0117851739741471,0.0417754734310764,0.0104951443702605,-0.00806038393932571,0.000858555646685469,0.0236346864973255,-0.0637910532887688,-0.0487340901035523,-0.00804155413067125,0.246877753834696,0.153357898901006,"E02000521","Hillingdon 028",507633.486246248,179263.455096402
-4.58545909633172,-0.0426918642911844,0.0116261523682234,0.039893345602567,0.0082290746267331,-0.00764792933090166,0.00157383099300189,0.0249202646169807,-0.0630744198589457,-0.0488413847746966,-0.00868328848091876,0.230143882328958,0.147743544542829,"E02000522","Hillingdon 029",506090.449393625,179331.304947965
-5.09870324756885,-0.0165490407650591,0.0120859654992687,0.0448404344766528,0.0164124545860491,-0.00877277396254941,-0.000114265441115423,0.0210976130266147,-0.065457669841337,-0.0489232244578714,-0.00745080371586399,0.270656273916091,0.169525606162012,"E02000523","Hillingdon 030",509486.333418242,178940.061220206
-5.15649091775214,0.015579829903145,0.01383550000798,0.0681561551801869,0.0151599867848944,-0.00873616650556719,-0.0012768046087123,0.0171028158722751,-0.0780347892167066,-0.0399713835139862,-0.0101464536407037,0.237954934911043,0.187689758453378,"E02000524","Hillingdon 031",506657.815408983,176436.272468521
-5.40187556936061,0.015898948652443,0.0133382862448472,0.0629528280946526,0.021540898817785,-0.0097352586883446,-0.00205954010431928,0.0168471216375555,-0.0760833031185511,-0.0433176927506222,-0.0101276263785873,0.272510576435852,0.195264501926393,"E02000525","Hillingdon 032",509416.505644443,177394.058207476
-1.03643497725205,-0.136511736748667,-0.00217930774097383,-0.053741847086189,0.0633329180023548,0.0256261176197581,0.0517436397055774,-0.0088135761693757,-0.0161223918495268,-0.0180962449282376,-0.00616550643631898,-0.239141293231214,1e-06,"E02000526","Hounslow 001",521534.204611565,178509.957458122
-5.51697421353686,0.0065874188577436,0.0124928215654993,0.0490539068456802,0.0329140662704867,-0.0109207218334981,-0.0027495530430025,0.0172410940606569,-0.072997709348291,-0.0600819324378666,-0.00995639919196619,0.300582590546425,0.234312929923821,"E02000529","Hounslow 004",512845.725820314,177948.217056199
-5.40241531500277,0.00554639543558243,0.0126816803335607,0.0517144042696162,0.025968069133582,-0.0100314529402446,-0.00160711135628674,0.0178165945291589,-0.0713668053601864,-0.0504313299818387,-0.00874410578415438,0.285542093092779,0.206277401764096,"E02000530","Hounslow 005",511214.269781108,178049.601049221
-4.54190958781605,-0.0167763232256047,0.00987303653325466,0.0119150785439402,0.0477492648608669,-0.00632004231972629,0.00173970057753305,0.0126706011504473,-0.0578953485805023,-0.144840132546703,-0.00875624248136525,0.206255931981429,0.398705237875414,"E02000531","Hounslow 006",517132.706905277,177597.416590414
-0.977464200680603,-0.145185745868648,-0.00832672842081036,-0.0568287896643614,0.0611593642163407,0.0216101440962899,0.0517086729930534,-0.00559212757784548,-0.0142323918725352,-0.0439885676837724,-0.00453287266857621,-0.216353287203678,1e-06,"E02000532","Hounslow 007",520906.409982565,177276.869592157
-2.51065247220474,-0.0624820191820663,0.00434891340648334,-0.0324587441618343,0.0542145119668463,0.0101272670026555,0.0292451761406419,0.00438494990976012,-0.0318808059946847,-0.110320562958162,-0.00591381772301304,-0.0539774925473702,0.66767792340507,"E02000533","Hounslow 008",519882.988047161,177484.264734929
-5.65404267385877,0.00968725238238852,0.0123681961891729,0.0345204668634323,0.0452928993591234,-0.0106143944662461,-0.00364480836695891,0.0158381540673372,-0.0665691717361597,-0.100212137535707,-0.00946521939031235,0.314997571170498,0.288793748921761,"E02000534","Hounslow 009",515222.611906535,177899.105792702
-5.46102348437984,0.0153270838890639,0.0128190653731215,0.0592737625746192,0.0329894521206579,-0.0108985370889076,-0.00367034803193855,0.0145428881400971,-0.0791894486153486,-0.0505653112552082,-0.0117450324270956,0.282526262412054,0.238868653456986,"E02000535","Hounslow 010",511867.402999061,177035.534135591
-5.53103487280321,0.0143102652497543,0.0123972438355867,0.058970580907034,0.0405416858886783,-0.0116769349566142,-0.00603922856625754,0.0128074799414405,-0.0837274137192762,-0.0569096437164832,-0.0143410710681414,0.294314627022929,0.267625743387595,"E02000536","Hounslow 011",513069.088905046,176716.393562344
-5.61639582771489,0.0129592018312788,0.0122977343983908,0.0511063512730667,0.0460131034413785,-0.011827599639918,-0.00657050300539034,0.0133883350638621,-0.0807485292325255,-0.0713413644911312,-0.0145049501723287,0.306972358984717,0.288578995833378,"E02000537","Hounslow 012",514254.965386231,176992.753726032
-5.46986864176548,0.0264137573322091,0.0130888831904046,0.0704229080486186,0.0315237160748435,-0.0107038078481194,-0.00474353464593226,0.0119414477844527,-0.0856538687237392,-0.0440245615131176,-0.0129885369898783,0.271926586597211,0.235775862577106,"E02000538","Hounslow 013",510808.569842311,176160.304152486
-5.14586594756329,0.00355754282971604,0.0100654827849712,0.0384749481528841,0.0599209754476479,-0.010571907822437,-0.00884557271407613,0.00741334407375441,-0.0851635121320543,-0.101951427667034,-0.0180637130357211,0.267469705864179,0.369920415146526,"E02000539","Hounslow 014",516079.071866988,176209.283796793
-5.48088188029856,0.015370302618599,0.011252235924668,0.054787401948471,0.0554038157035106,-0.0120111408800955,-0.0105803266009767,0.00832429041181371,-0.0916123112274879,-0.0734146502288913,-0.0183441651708992,0.29381750005048,0.31976422545481,"E02000540","Hounslow 015",514759.641103255,175988.637280252
-5.51112648798283,0.0244352734505065,0.0124337510543458,0.0719524937156397,0.037817635956551,-0.0113869932240697,-0.00717548112149536,0.0100726888014256,-0.0918817152637287,-0.046669957131762,-0.0156005391442365,0.282251955903849,0.255604680210689,"E02000541","Hounslow 016",511828.236250157,175852.3889719
-5.49994239123341,0.0203681706624267,0.011802358647741,0.067854308088831,0.0446493977486473,-0.0117565156078758,-0.00883023769211087,0.00839642801484315,-0.0938454563288846,-0.0515196610966682,-0.0167994246797518,0.287710983094194,0.278106123584377,"E02000542","Hounslow 017",512848.103805083,175717.589713315
-5.42829419772023,0.0204433777310147,0.0109275172859176,0.0639560482942452,0.0530691849013218,-0.0117146850470842,-0.0107742382772661,0.00501732639579462,-0.097144735122139,-0.0562009709201008,-0.0176325080498165,0.283127281903364,0.304949506749798,"E02000543","Hounslow 018",513701.579603761,175290.069234053
-5.32239373180217,0.017067944646229,0.00953064555541367,0.0574518434356459,0.0637164093998854,-0.0116917565018746,-0.0136118477661566,0.00235771420569468,-0.100738499704986,-0.0671575229186859,-0.0194896599962942,0.27985209339213,0.331500347190615,"E02000544","Hounslow 019",514786.666531319,175037.275899062
-4.74664940862111,-0.004551058267472,0.00773071220964279,0.0358909284583578,0.0697870458323049,-0.0102312624633875,-0.0114319594806036,-0.000205819073605445,-0.0924319964250124,-0.0873480532390182,-0.0174012237134943,0.23387163937974,0.391794193214954,"E02000545","Hounslow 020",516050.566887169,175091.854999792
-5.42190741019291,0.0324573535865337,0.010937258957403,0.072618525971793,0.0484907741909074,-0.0105273553705828,-0.00933065081585888,0.00193474381790294,-0.097821694835523,-0.0439762008483643,-0.0156145486256042,0.268260276185343,0.290503618322988,"E02000546","Hounslow 021",512289.305084946,174517.461371054
-5.44627296963295,0.041948538159147,0.0126240967636081,0.0796196421500111,0.0344367666968063,-0.00968900696658071,-0.00593713506345845,0.00538453585242596,-0.0926857819843112,-0.0380108181277416,-0.0130075845755628,0.254910328815358,0.252005939757821,"E02000547","Hounslow 022",510016.62608538,174591.817809294
-5.46154478530566,0.0596444595621217,0.0129310654753847,0.082350488911303,0.0320093091237098,-0.00775063736258733,-0.00391813920873172,0.00127851145400727,-0.0887716126784058,-0.0322915972987573,-0.00949843987909043,0.235212046573252,0.256610419467473,"E02000548","Hounslow 023",508291.191780513,173289.554443471
-5.44753886720013,0.05037241752905,0.0106562302007835,0.0781409701349584,0.04843636245651,-0.00870413475584323,-0.00818058663364172,-0.00305320350968348,-0.0971060337293899,-0.036361740203852,-0.0130110073325064,0.251415771364214,0.295572154857534,"E02000549","Hounslow 024",511279.641591635,173404.728943616
-5.4800037148669,0.0602011802522071,0.0114547492067893,0.0818455380134062,0.0423153822347059,-0.00777209564431826,-0.00623872865337115,-0.00316193226769449,-0.0939161072607946,-0.0326882876991138,-0.0109330962667438,0.241433400386001,0.286399505697185,"E02000550","Hounslow 025",510024.077355819,172961.48972426
-5.47914976260444,0.0648859125712702,0.00919586781344938,0.0736138656011227,0.0605986431124218,-0.00665075638723306,-0.00825256843034443,-0.0101835479035626,-0.093083164991141,-0.0333389112140458,-0.0103538931137509,0.238237986990893,0.335592696735179,"E02000551","Hounslow 026",512061.794049676,172333.619056717
-5.54247975596105,0.0732437684785255,0.0114927773437255,0.0836078307426386,0.0423120586239905,-0.00633783367308246,-0.0051260528515513,-0.00630741355280296,-0.0911233431092673,-0.0289098620333867,-0.00875105955017563,0.2325931075935,0.297460373514778,"E02000552","Hounslow 027",509414.298129043,172069.409393677
-5.59577056522256,0.0816966122327587,0.00935948311926574,0.0752468931331798,0.0597567166940633,-0.00427251663592429,-0.00613539410078066,-0.0134989658113694,-0.0868123825239089,-0.0270957125943723,-0.00714400748759032,0.226887859614564,0.351449258385801,"E02000553","Hounslow 028",511424.834272172,171259.754877501
-2.59688961526055,-0.140515082827958,0.0229253743906896,-0.0341868374206878,-0.0011636157643615,0.0078482957610328,0.00616646663305291,0.00541845756053901,-0.0015005850534935,0.00587621251545546,-0.0346170263065285,0.0383317477584843,0.0957325868034587,"E02000554","Islington 001",530219.274859478,187432.968803511
-3.42976801071392,-0.145044567224817,0.0191138528655471,-0.0450012480826609,0.00598684608157808,0.00689281568418918,0.00749194273395277,0.0016697464638517,0.00252064898118086,0.00413509108948262,-0.0328499659812835,0.144743744411916,0.0538679958664547,"E02000555","Islington 002",529622.526666528,187203.707984133
-2.4668485390525,-0.140200775138345,0.0148763909994282,-0.0283544510894592,-0.00483928435368959,0.0076162203945928,0.00574278457547073,0.00510031972768848,-0.000669887912964822,0.0123841811078414,-0.0449968170751275,0.0355168673592484,0.0813290517141197,"E02000556","Islington 003",530560.927845706,186921.097502358
-3.78343293290907,-0.147568739479508,0.0132748059571824,-0.0481386277600844,0.0113459290428816,0.0075051299014334,0.00825133655395493,-0.00162596271331672,-1.39311623765135e-05,0.00367512490828454,-0.0371099592762009,0.195377734048661,0.0236516178076651,"E02000557","Islington 004",529277.059443033,186619.906494818
-2.18889517575944,-0.145721192777715,0.00995010317758245,-0.0222742163442527,-0.0112882186722177,0.00726915597298763,0.00502063905973897,0.00497346602602585,-0.00155186104653071,0.0174176422384728,-0.0517264997918301,0.0167435832605785,0.0759035074793131,"E02000558","Islington 005",531010.702794244,186444.711968979
-1.43341291335058,-0.151241209756969,0.00908585464620182,-0.0153551805737671,-0.0239875093436493,0.00762564317245746,0.00482448256187284,0.00483151597427103,-0.0074569670010218,0.0201736128353513,-0.0508850361249693,-0.0594902027167368,0.0980722593734754,"E02000559","Islington 006",531655.0923838,186233.629396086
-2.83436038848796,-0.146261238722175,0.00731464125284387,-0.0286844448877176,0.00189114471142236,0.00655067067837244,0.0056855079222137,0.00262918612027268,0.00298909909671002,0.0160849028698627,-0.0522519046598691,0.0904318157799556,0.0476774207575821,"E02000560","Islington 007",530590.183610447,186133.29332172
-3.3599835242376,-0.149601769318321,0.00735071331392175,-0.0397796975249991,0.0117158826743777,0.00715261468192293,0.0071834639026768,-0.00138685557660438,0.00181971560899734,0.00958509721764568,-0.0469440350317949,0.154303675833378,0.0253075944336048,"E02000561","Islington 008",529696.451915532,186040.21211324
-1.17472465433526,-0.160662398092426,0.00611228075374722,-0.0143772631474015,-0.024100999479291,0.0067660526240738,0.00524075158188698,0.00250920435878851,-0.0078521865237478,0.0227282900049592,-0.0464841957496702,-0.0787455785777967,0.101005440389033,"E02000562","Islington 009",532085.77054044,185658.901037178
-3.11554783991176,-0.16222794681867,0.00371913417162864,-0.0386257432291691,0.0115978629773481,0.00680624225445737,0.00717061914345682,-0.0024105237803973,0.00734145305623762,0.0126914888616814,-0.0499173146773258,0.139532875117094,0.0197844267975605,"E02000563","Islington 010",529990.132428352,185509.536445952
-2.63615024737707,-0.161083782379343,0.00346042916242368,-0.0290028885727955,0.00420418472897052,0.00540140446051598,0.00584730072230213,-0.000417666017743366,0.00566897151293598,0.0182860270484136,-0.0499804427199108,0.0836819274530402,0.0408212273179505,"E02000564","Islington 011",530893.650161988,185448.08104865
-0.431995898166055,-0.16879958781435,0.00473291880316863,-0.0104877280534618,-0.0309995333127384,0.00692186171659794,0.00669479990861773,0.00222012704006913,-0.011082785966361,0.023963975300881,-0.0386787905442552,-0.157901631216219,0.128701099789988,"E02000565","Islington 012",532880.179621729,185214.601962157
-2.11852470836276,-0.173568629083761,0.00193478734455025,-0.0255676616125799,-0.000475829259551604,0.00449302243609776,0.00606911630999916,-0.00175038504397902,0.00624610215288291,0.0220635707460425,-0.0440952752701996,0.0346034862061412,0.0531013353361334,"E02000566","Islington 013",531493.604696082,185063.193146934
-0.888655466184019,-0.182246261160005,0.0023199304235319,-0.0162761096933821,-0.0151105523924709,0.00512990289533769,0.00590942858332108,-0.0007536730643527,-0.00416207511469126,0.025012308802195,-0.0354801170861403,-0.0995729616690323,0.105642546736454,"E02000567","Islington 014",532641.043875473,184692.309407622
-2.54432102538733,-0.185597427382,-0.000395059736076695,-0.0388653411662537,0.0130766322084154,0.0056922388612766,0.00744325308354536,-0.00599402111352329,0.0126814419320844,0.0150583487631335,-0.0435517374643595,0.0955702159437624,0.0233215154251115,"E02000568","Islington 015",530448.531077361,184601.44946436
-1.7030341092319,-0.192497171521423,-0.000271858700251338,-0.0258737567556612,0.000603881485166762,0.00345978296003642,0.00641455871324434,-0.00469547808803644,0.0075295647289767,0.0244556911157322,-0.0361883909520049,0.00118571535828743,0.0606485489359985,"E02000569","Islington 016",531999.318108382,184443.190492744
-2.17574728065235,-0.201893648509214,-0.00252634757674342,-0.037080109376937,0.0124255621377015,0.00360559888617514,0.00768444041531343,-0.00793544319850703,0.016329197367198,0.0191894844680109,-0.0367458770765993,0.0655758873021654,0.0315114830285752,"E02000570","Islington 017",531157.08432179,184114.719669152
-1.58720987828393,-0.207396288775466,-0.00185107079815398,-0.0279811750291863,0.00631406824894887,0.00285036668092005,0.00612108700075503,-0.00617076726827347,0.00804835182104517,0.025045083497726,-0.0311551660500128,-0.00382221027535232,0.0643761585651396,"E02000571","Islington 018",532308.093126486,183833.818259048
-2.00728471377244,-0.212735993533942,-0.00337688222150424,-0.0427849203776552,0.0163501963479868,0.00606725529905663,0.00889352157837866,-0.0088770907552879,0.0183068048640278,0.0161447693386147,-0.0335468880666091,0.0510096195404991,0.0262605585007765,"E02000572","Islington 019",530695.827779251,183608.291819044
-1.86684380630461,-0.219351184697488,-0.00407451453286528,-0.0376769528642758,0.0153693693465647,0.00313954256118419,0.00784546710790576,-0.00906087710671139,0.0178788603978136,0.0217859460181683,-0.0301606479156831,0.0384711544277748,0.0386093407364252,"E02000573","Islington 020",531666.396585099,183446.531117076
-1.73000284512777,-0.221866016587988,-0.0038413524273594,-0.0418757078028074,0.0194844849285968,0.00669678643984258,0.00944974180088801,-0.00764674512785412,0.0186544167400498,0.0172318792373947,-0.028449002746414,0.0164141347648871,0.0344825835346824,"E02000574","Islington 021",530953.301339549,183055.830477646
-1.44043556423202,-0.228617160609067,-0.00324034587983916,-0.0360916991851331,0.0250292912945854,0.00681821494501447,0.00886005937081984,-0.00438768309342144,0.0170838791662085,0.0212755503486534,-0.0225702242550385,-0.030805964777219,0.0537611456938411,"E02000575","Islington 022",531606.876658343,182382.047369711
-1.60046680392657,-0.217758829417191,-0.00177945945064822,-0.028601535197591,0.0262888235422841,0.00520951289813254,0.00590741128449131,-0.00182656445281377,0.00834127132903507,0.0244940482398003,-0.0221319814639537,-0.0265739369260629,0.0806782777407414,"E02000576","Islington 023",532460.634316692,182359.993167537
-1.94336988958001,-0.105387062883425,0.0229230686233253,-0.022882522329752,0.0335644883143563,0.0292995051516533,0.0284673337756735,-0.0338090869753188,-0.021285737610566,0.00334333977477271,-0.0333526060672367,-0.163166967032487,0.31238995749227,"E02000577","Kensington and Chelsea 001",523991.755515497,182186.41807209
-1.99532435985949,-0.0883904549704859,0.0197982930859249,-0.0229390137688354,0.0421761520622065,0.0296101441814102,0.0304511892912956,-0.0270999389349823,-0.0202530321509023,-1.76985313595364e-05,-0.0309369576249371,-0.178187769048862,0.357241210589858,"E02000578","Kensington and Chelsea 002",523620.902326073,181919.684255478
-2.14427307448728,-0.0760748582546745,0.0261106562110287,-0.0230491812969194,0.0431807069456502,0.0326143244884642,0.035783402112147,-0.0315232521208084,-0.0205570866698377,-0.00153162530123272,-0.0315296676243264,-0.191769370216427,0.387774761775578,"E02000579","Kensington and Chelsea 003",523659.908775547,181379.551791817
-2.68409855568919,-0.0904654480465419,0.0484437868733018,-0.0197008714075082,0.0213828147867434,0.0346250607039228,0.034848848232835,-0.0525049371744374,-0.0217722217059601,0.00284345801545941,-0.035404973661434,-0.135169654330141,0.302482608231037,"E02000580","Kensington and Chelsea 004",524598.903343499,181343.664105964
-2.81762641368965,-0.0604668352783497,0.0462058466343798,-0.0199794586355356,0.0329161156993606,0.0363302241931915,0.0394638756455871,-0.0437099972666285,-0.0213502903090001,-0.00363023445690398,-0.0314385865113328,-0.159049512967479,0.394127127834888,"E02000581","Kensington and Chelsea 005",523998.04060888,180756.796714821
-3.52142772991355,-0.0575117880602511,0.0604901867207834,-0.0077596179402832,0.0172140746665698,0.0334036577496457,0.0351021744590387,-0.0572193575110441,-0.0240656023765501,0.000519099007931825,-0.0353572662298033,-0.0848309784400785,0.318717972204484,"E02000582","Kensington and Chelsea 006",525058.199613977,180708.251916202
-3.42332390831635,-0.0503108422112903,0.0596083476986174,-0.0148045640004113,0.0241182638651601,0.0368943743190646,0.0390776278040991,-0.0514062319292874,-0.0218785009868127,-0.00358844250624618,-0.031190192238082,-0.114196224414624,0.371128849354992,"E02000583","Kensington and Chelsea 007",524367.92790459,180532.239887172
-4.18136594743083,-0.0158703765557373,0.0613879174221006,0.0111770434061509,0.0207363341788383,0.0288852507466654,0.032807173779858,-0.0495169184785571,-0.0304074438056806,-0.000551396475471286,-0.0386849120894668,-0.0496438776084601,0.389936697506435,"E02000584","Kensington and Chelsea 008",525459.232118843,180069.051612414
-1.49346925107213,-0.155792798826274,0.0467345296022673,-0.0423827886353867,0.026524891723356,0.0314939973968855,0.0381953797128017,-0.0694856268007438,-0.0142049083999806,-0.0020414999221573,-0.0187071910293959,-0.201719203649621,1e-06,"E02000585","Kensington and Chelsea 009",524511.537947175,179635.869008659
-1.71251133520988,-0.122108985984111,0.0427742479495701,-0.00815855381643203,0.0241265790882631,0.0192346417070731,0.028508537174193,-0.0604286664694232,-0.0388806936756413,0.00266718542049602,-0.0304719144744334,-0.178285245449557,1e-06,"E02000586","Kensington and Chelsea 010",526050.429881814,179353.512726121
-1.80509576251709,-0.128297185696147,0.0471195848640194,-0.0227254333171338,0.0242773829826819,0.0255019748871245,0.0340513498224409,-0.0682530422320126,-0.0247352892312804,-0.000581014369741319,-0.0231968911075038,-0.179187879560263,1e-06,"E02000587","Kensington and Chelsea 011",525231.268292094,179214.744322038
-2.87306243190184,-0.0713271984100317,0.0337886850259005,0.02974874527782,0.0391701949606007,0.0157130457059915,0.021838834940313,-0.00284743467927622,-0.0655250201503167,0.0120669068347567,-0.027519174912323,-0.136096618192588,0.460123546852519,"E02000588","Kensington and Chelsea 012",527639.843541129,179109.720000154
-1.94856048987124,-0.100558896439201,0.0455433806716357,-0.00138780203511071,0.0253008150783738,0.0196302922390105,0.0301651202382487,-0.06111061859146,-0.0424867579990957,0.00145486462288187,-0.0297507678120253,-0.178304804287389,1e-06,"E02000589","Kensington and Chelsea 013",525782.252572116,178843.529286003
-0.977981706253637,-0.12355159680064,0.0309629314268621,0.0169371786277435,0.0355157322232688,0.0125517438817098,0.0228566722027066,-0.0285517494476407,-0.0714227091656049,0.0116444166342416,-0.0217483708633445,-0.266285914420422,1e-06,"E02000590","Kensington and Chelsea 014",527202.190460546,178741.950972395
-2.15029090143425,-0.103256639406246,0.0502748374911874,-0.0155541159311311,0.0257560042624012,0.0256811188811133,0.0356604337287427,-0.0669615728756204,-0.0298418323428893,-0.0022569412305777,-0.0234073879691,-0.170140799440231,1e-06,"E02000591","Kensington and Chelsea 015",525091.75847442,178662.487842051
-1.63753262577462,-0.0972908665068872,0.0387635980735867,0.0143077134689971,0.0309347283711213,0.0137051618799804,0.0259527056538216,-0.0437009122679297,-0.0609926483709453,0.00615353332350153,-0.0286931692517238,-0.211842101868702,1e-06,"E02000592","Kensington and Chelsea 016",526492.066896221,178690.135030217
-2.2530157850152,-0.0725516713902433,0.0464579598474702,0.0114477917901774,0.0287243595293848,0.0174387722042303,0.0303031770187161,-0.05256412032375,-0.05123443932606,0.00118466588390656,-0.0279466071934821,-0.176159802820408,1e-06,"E02000593","Kensington and Chelsea 017",525693.872804038,178184.043473644
-0.157526292254034,-0.156851856219356,0.0225629571775717,0.0199109715764357,0.0376640186286935,0.012028996008302,0.0178102521682096,-0.0108098893661936,-0.0727319024414408,0.016212324479869,-0.0167812901709345,-0.335392846121423,1e-06,"E02000594","Kensington and Chelsea 018",527833.89435822,178089.069729427
-1.12647753627573,-0.106040659252435,0.033330668024608,0.0239561939711224,0.0360505745538067,0.0105342008289194,0.0233976815356377,-0.0276475373272837,-0.0664773955148595,0.00968073602884713,-0.0208601958749808,-0.270833587364252,1e-06,"E02000595","Kensington and Chelsea 019",526961.665540226,177987.885261681
-1.97551860216811,-0.072761511482724,0.042340960491142,0.022537912126924,0.0317726711923863,0.0126641545788271,0.0271520756093718,-0.0410968200636389,-0.0601799143079167,0.00426628790560602,-0.0258711686762031,-0.205898720408109,1e-06,"E02000596","Kensington and Chelsea 020",526190.577238766,177884.85907205
-1.84911587483798,-0.0729236754818244,0.040406472304975,0.0284900550006517,0.0334881796714761,0.00956004865902695,0.0253082469131954,-0.0316905772499033,-0.0579633816161337,0.00528785771171606,-0.0199733050862295,-0.22526121816567,1e-06,"E02000597","Kensington and Chelsea 021",526382.930870441,177326.876255638
-1.81838695931423,-0.128820810273526,-0.0112237633899488,-0.0743974285218739,0.0630982579744817,0.00542709362176675,0.0131903913481146,-0.022946020084006,-0.020325867707304,0.00114183675914719,0.00328565919154354,-0.0349418478932064,0.278754304743062,"E02000598","Kingston upon Thames 001",518227.32491332,171043.138061405
-2.37879090168582,-0.140634567904372,0.0193847751676382,-0.069826351080634,-0.0532946805913223,0.00998319148637521,0.0188954091760003,-0.0193567405069125,0.0128587253965131,0.0167398123603006,0.00297989225941244,-0.0047252831957966,0.126692489947827,"E02000599","Kingston upon Thames 002",520915.357886725,170596.966546483
-2.15604166680405,-0.0970178803702262,0.000901907090355128,-0.0643583134191996,-0.012518678549031,0.0111150479758874,0.0198342045494326,-0.0215331596752509,0.0100532002944019,0.0235022400533388,0.00235908767139178,-0.0594210949909383,0.144753804548752,"E02000600","Kingston upon Thames 003",519471.618521839,170152.988288586
-2.26737617412223,-0.0896177373610224,-0.00560064753036147,-0.0676295908339092,0.02159560076416,0.0103417201673806,0.0176711660768191,-0.0213069135053538,-0.00109349090805903,0.0184634205897958,0.001612464229311,-0.0440539283091287,0.187839630633679,"E02000601","Kingston upon Thames 004",518373.448407341,170045.540879004
-2.83073120546535,-0.0508345001638993,0.00275393435043555,-0.0533068355360627,-0.0190910145674891,0.0144729698060894,0.0203788071080651,-0.0191447271714958,0.0145392770122307,0.0266188926645883,0.000454621819407955,-0.0412253943642634,0.120227732947089,"E02000602","Kingston upon Thames 005",518868.577761464,169099.231903731
-3.17401394919024,-0.06175967280326,0.0113929963692467,-0.0491301304669968,-0.0363007118488363,0.0153257277475629,0.0205338629792955,-0.0166167658276174,0.0190207913299316,0.0237158318399714,0.000472072339254444,-0.00825164481696401,0.109958967993538,"E02000603","Kingston upon Thames 006",519964.179459295,168874.32470468
-4.37312097438233,-0.0740913495155073,0.0301209942223794,-0.0405409306159213,-0.0444092224925445,0.0141785813721613,0.0210644214158845,-0.0108956726512429,0.0185256977810051,7.04046387346143e-05,-0.000876590539099397,0.10432809983116,0.0614781195641197,"E02000604","Kingston upon Thames 007",521583.509929801,168629.405713725
-3.8499440898756,-0.0571327076411496,0.0213588458918741,-0.0412884146752066,-0.0447432509651973,0.0161175083478538,0.0204457397470473,-0.0128658036300591,0.0192106774581213,0.0174860805038754,-0.00013979427832751,0.0429655180031622,0.0942919734876283,"E02000605","Kingston upon Thames 008",520664.530382181,168322.791445934
-3.25678615076764,-0.0242040667530171,0.00190132357108739,-0.0489075656056022,-0.0105591173463089,0.0158327633886912,0.0199971158071038,-0.0180281703408796,0.0117873712875794,0.0236802428582294,-0.000632012177560089,-0.0216278226828324,0.128952328664936,"E02000606","Kingston upon Thames 009",518109.628574234,168509.674781474
-3.57537783685949,-0.024235251354182,0.00870066972745078,-0.0408476362232238,-0.0311732043115183,0.0175029454157448,0.0207858552830263,-0.0155666538685823,0.0196904041688002,0.0247102694111437,0.000295089790548211,-0.00387557763445137,0.104976594605075,"E02000607","Kingston upon Thames 010",519194.90619953,168007.090986089
-3.87377603460466,0.00577398213537039,0.0049170162725235,-0.0394869382252905,-0.0194264985916588,0.0185298898477565,0.0204193514165919,-0.015765102938696,0.0154646846359143,0.0226936599032218,-0.000772453150895036,0.00588099952016197,0.113609334773576,"E02000608","Kingston upon Thames 011",517878.630714257,167394.02491824
-4.83296727637149,-0.0341447337278048,0.0287154194623136,-0.0296123169294624,-0.0438173959888795,0.018386669558417,0.0205244973711671,-0.00744461705645896,0.0207544806418293,0.0029256387879181,0.00245208963298166,0.103989448469839,0.0640080560331746,"E02000609","Kingston upon Thames 012",521112.484573428,167118.653389424
-4.12029806581496,0.0129636647424792,0.00796129195401638,-0.0329524881259206,-0.0290977001657775,0.019742861043424,0.0207945880384084,-0.0142023993067563,0.019531235207181,0.0235808774648444,8.47045270764883e-05,0.0161264670840775,0.0995044616641856,"E02000610","Kingston upon Thames 013",518281.784789587,166826.136122876
-4.30865557088543,-0.00866129748370197,0.0169738217175798,-0.0289512361614243,-0.0392999229011915,0.0195036447370437,0.0206581377717822,-0.0111647591708363,0.0213019848130282,0.0196164266103707,0.00124285708123531,0.0404440279439367,0.0937304820337391,"E02000611","Kingston upon Thames 014",519788.938366425,166900.945925176
-5.58132639238588,-0.0331457644853102,0.0316949033963983,-0.0240410643110295,-0.0306082234926198,0.0183074370698896,0.0216328960801961,-0.0040932258061801,0.0239079849356481,-0.0225873058460305,0.00625525497945045,0.166375557790451,0.0338131148241583,"E02000612","Kingston upon Thames 015",521886.187038532,166779.666037882
-4.47547787601931,0.0258675869511033,0.0110312315654547,-0.0252115829427278,-0.0330525659880311,0.0210503744733882,0.0207914174511446,-0.0122301536457207,0.0210510723046321,0.022738958111083,0.00104053422917783,0.032185261487893,0.0939564788723235,"E02000613","Kingston upon Thames 016",518433.369947604,166023.465406164
-4.9656314185027,0.0097615525408013,0.0219685062042348,-0.0208055887155548,-0.0428425076558458,0.0217957885567854,0.0203554473299952,-0.00709379605767975,0.0226109047057724,0.013366601735664,0.00387185647958841,0.0781605942252669,0.0801291762082948,"E02000614","Kingston upon Thames 017",519842.679730377,165512.396877125
-4.86972969140704,0.044356944460422,0.0126444561847554,-0.0174416388599519,-0.0343696720657952,0.0224294293908155,0.0207053672423026,-0.0105368606116284,0.0216768591904386,0.0207910262438992,0.00206655872676119,0.0499379194332315,0.0885979592852745,"E02000615","Kingston upon Thames 018",518166.797439034,164892.812122191
-5.24590358002272,0.0393164366672354,0.0188158405015218,-0.0122201176997357,-0.0402948255994166,0.0231986440016005,0.0204680029117719,-0.00656081782927508,0.0235723039540529,0.0141394985477401,0.00509276314361061,0.0799014438174544,0.0784635887388981,"E02000616","Kingston upon Thames 019",518897.996013069,163921.60848954
-5.49679443859047,0.0678753630518796,0.014763821046179,-0.00543658412032149,-0.0357031429273009,0.0237493176087358,0.0205941068562473,-0.00751145167136596,0.0230466564965963,0.0157371291770457,0.00494195253882014,0.0854120758657635,0.0791791992098007,"E02000617","Kingston upon Thames 020",517480.774518049,162284.733180737
-0.790743771518663,-0.221559093408742,0.00819836906194255,-0.00210093529586583,0.0472869092800174,0.0214968884757237,0.00460540539608095,0.039210821185937,-0.0428117372558783,0.0326376429959827,0.00232139868649425,-0.250505717828071,0.240354877162209,"E02000619","Lambeth 002",531171.276301548,178756.165935153
-0.929347816254253,-0.226378207902681,0.00740307889600227,-0.00184297953927346,0.0459146884563582,0.0209709110273978,0.00559956517630925,0.0398022484723629,-0.041509500881646,0.0290249135538869,0.00454168126624634,-0.233150216475518,0.271589461719384,"E02000620","Lambeth 003",530944.624003881,178266.638039614
-1.2014621754685,-0.228982965844572,0.00581053351897859,-0.000321235784001016,0.0389403437040731,0.0181143819921094,0.00804247231428,0.0355333747543718,-0.0384418825228479,0.0199350523184739,0.00465858179237234,-0.190664927130536,0.317820989639094,"E02000621","Lambeth 004",530409.375628669,177531.957141324
-1.86616915443807,-0.23326597942049,0.00365393520046126,-0.00422143210600947,0.0468595233944288,0.0169271356427958,0.00392445935213777,0.0365170548495879,-0.0338160771651388,0.0143942720794251,0.00573818824730162,-0.10750650088273,0.292631250099521,"E02000622","Lambeth 005",531361.039419251,177378.7118855
-1.66183588844703,-0.230612042447038,0.00333075393371699,0.000118045209706564,0.0336328190293888,0.0146822352786763,0.00780413445847487,0.0310007669835525,-0.034126184035037,0.0101117722798069,0.00421810939453852,-0.122278875089813,0.331406541601583,"E02000623","Lambeth 006",530284.69647588,176958.509690528
-2.34423735498835,-0.240082352374761,-9.27940246749033e-05,-0.00545445882183177,0.0445147400334618,0.0138948021890593,0.00415808310774602,0.032314527819055,-0.0305176626434803,0.000639896921598382,0.0054907338877023,-0.0324247615003894,0.301294338419223,"E02000624","Lambeth 007",531167.48974511,176790.98497722
-2.18246433630817,-0.222868427744916,0.00293995168564771,0.00335819398418037,0.0255628141705485,0.0106719433420033,0.00728890211519577,0.0243165432103441,-0.0304109481428964,0.00133835739935233,0.00254362475247467,-0.0544747446626587,0.338314957817216,"E02000625","Lambeth 008",529950.896428494,176434.122988955
-3.19147276469091,-0.243052091108737,-0.00306798339594839,-0.00796390796147325,0.0496099876464359,0.010996583017841,0.0018107649930907,0.0268716868235392,-0.0288432721867622,-0.0173673937055453,0.00298682734890056,0.0833579784818208,0.269065155638947,"E02000626","Lambeth 009",531763.159043337,176281.233098433
-2.89745964047277,-0.232395955623415,-0.00265720404507781,-0.00207519065765282,0.0329893636917596,0.0094405111690546,0.00430648773201378,0.0238485091130421,-0.0266379951384969,-0.014588782693997,0.00392411535760272,0.0460566568213989,0.301506307298097,"E02000627","Lambeth 010",530523.188447932,176035.802182997
-3.40125969046499,-0.238664066009225,-0.00568415337124323,-0.00652483915959524,0.0438074062059547,0.00906201625842806,0.00216234482278035,0.0233256200872789,-0.0257134281034747,-0.0255166415538141,0.00329725177374009,0.114497077203514,0.269259122806157,"E02000628","Lambeth 011",531214.261153658,175868.916977146
-2.96049443951514,-0.214113923390558,0.00430617200697001,0.00645438233276591,0.0155880956288923,0.00697394433372791,0.00634859280345962,0.0182456058351927,-0.0262576086879241,-0.00858334127958853,0.0015996079387302,0.0384090638261388,0.328614375455732,"E02000629","Lambeth 012",529696.327593158,175891.597584142
-3.74393130378591,-0.188237064343558,0.0141122042024916,0.0154474626316902,-0.000524498907257861,0.00245703080055446,0.00825349547259269,0.0107475221765929,-0.022898215048221,-0.00807965275224352,0.000162176892029134,0.10404845401465,0.348586256927881,"E02000630","Lambeth 013",528975.159772048,175622.448194333
-4.12843889245166,-0.253322875371951,-0.00967238556112535,-0.010917193776683,0.0532028366247769,0.00823004027735884,-0.000203587225494637,0.0185470188095171,-0.0286306182851336,-0.0459683152998544,-0.00142675951712241,0.223710984617802,0.207244367189828,"E02000631","Lambeth 014",532286.512186396,175556.412238001
-4.17712396742086,-0.223519497452457,-0.000581522618802399,1.05939614923829e-05,0.0225941935205234,0.00606922178512474,0.00326616744205155,0.0167217051873503,-0.0222111136700274,-0.034147295190293,0.00242601405609913,0.196171772198312,0.262527628231015,"E02000632","Lambeth 015",530338.134378801,175264.244467074
-4.59722717722563,-0.226695358044037,-0.00585972044734581,-0.00492161312158278,0.0370117387683751,0.00694280923506048,0.00163656159425889,0.0166771076247558,-0.0225528014807297,-0.0445413881039669,0.0015327278099536,0.252070502722588,0.22370182379122,"E02000633","Lambeth 016",531001.114134978,175093.294821719
-4.56323591461131,-0.211013665037473,0.00816883998691498,0.00684259395798323,0.00368871388872412,0.00327585771238583,0.00486917501983006,0.0126236827044665,-0.0198055226420136,-0.0299940777917122,0.00159979623039832,0.226472488872451,0.271697714533433,"E02000634","Lambeth 017",529720.025532888,175053.327201735
-5.74041046363375,-0.222734805501912,-0.00643847203762445,-0.00709801850033195,0.0415839051421612,0.00718659831545895,0.000692931677867451,0.0125889972179509,-0.0235673000050761,-0.0635497580062735,-0.00223108176508976,0.385185920953449,0.152752317001613,"E02000635","Lambeth 018",531650.343379241,174568.646231081
-5.84695672370441,-0.200113229319546,0.0152132039246016,0.0118797785222411,-0.0166356842618859,-0.000180449127498206,0.00649916295923314,0.00846725554522633,-0.0149872086413472,-0.034493815593697,0.00174393978459295,0.360583989223073,0.23873833549768,"E02000636","Lambeth 019",529241.383023638,174631.667096796
-6.66062098526354,-0.21168332868508,0.00376692880289733,-0.0027647177785483,0.023808642286889,0.00585557098562279,0.00322223392950256,0.0127499233938915,-0.0183320488799153,-0.0605846094273972,-3.92799533401539e-05,0.464736703568348,0.159658074179866,"E02000637","Lambeth 020",530851.126047957,174284.440277013
-7.46322965720158,-0.200759430357975,0.00900960615098385,0.000673909279611593,0.0124506508335179,0.00420109003362074,0.00494292799699098,0.0111623903768873,-0.0153834143018908,-0.0606605262038614,9.09024256584704e-05,0.540537742155473,0.145775184713604,"E02000638","Lambeth 021",530422.941264802,173988.18193087
-8.63641092060421,-0.188970880991969,0.0123840689793468,0.00357236642381459,0.00216872224576011,0.00281149786352105,0.00683773290459383,0.0097711091693793,-0.0124155840118181,-0.0614692465553971,0.000199487330564971,0.656667449443173,0.117924651153427,"E02000639","Lambeth 022",530045.445650539,173725.025284421
-8.7214809372532,-0.180798533238077,0.0164787099690611,0.00923917644700861,-0.0138216190995054,-0.000302294409146235,0.00806406233142068,0.00580271129469624,-0.00989571883462268,-0.055425465790635,0.000139671681326564,0.661150293273133,0.127499875885048,"E02000640","Lambeth 023",529423.914572849,173569.117344637
-9.13841474210559,-0.188455223187261,0.006145803636215,-0.0027608470378707,0.0224007232620777,0.00646655106664154,0.00498288817666393,0.00966288149518572,-0.0176191030732407,-0.0812658352731513,-0.0035709074311699,0.72038855609071,0.0470144687531437,"E02000641","Lambeth 024",531143.852688358,173457.855037026
-8.71837251484359,-0.211975272017786,0.00337762576432727,-0.0054431024188817,0.0284714439274777,0.0065429672775436,0.00232371804214133,0.00448899494274132,-0.0246486600627839,-0.096704398299723,-0.00903503347776604,0.709712191490367,1e-06,"E02000642","Lambeth 025",532107.250223948,173252.441965359
-10.6331651089697,-0.174024914438261,0.0117982705442996,0.00303984083559495,0.00562391035973971,0.00351553534529903,0.00819330920575688,0.00536915559156122,-0.0129564570607315,-0.0821858549066524,-0.00409566445098485,0.868772425604393,1e-06,"E02000643","Lambeth 026",530317.091533658,172827.31976054
-9.82180290694753,-0.197067037991141,0.0118165993131712,-0.00206156041692022,0.0206831174246896,0.00349756039865975,0.00539468429792936,0.0035714753513329,-0.0137270438329046,-0.0994505918080151,-0.00644862059232931,0.808559476270226,1e-06,"E02000644","Lambeth 027",531211.8606196,172484.203772112
-8.918547858635,-0.234818425160023,0.0125770552375448,-0.00653289555994472,0.027198139369558,0.00275180086864556,0.0022561097601974,-0.000962575058384302,-0.01610902068313,-0.109212463951599,-0.00875757243608625,0.752042038905325,1e-06,"E02000645","Lambeth 028",532164.721642052,172235.301112896
-10.9237934680213,-0.174959187791656,0.0147416085989166,0.00397598178640507,0.00454715251020728,0.0014867138921907,0.0089758434850055,0.00218479970944852,-0.00735260218058492,-0.0928502438231062,-0.00395399732000474,0.901949517048647,1e-06,"E02000646","Lambeth 029",530008.856914929,172256.002253766
-9.45742024500606,-0.216526231698454,0.0145882814220352,-0.0023450944222021,0.0225349372529763,0.0014318931784032,0.00401072396709516,-0.00191848345181372,-0.00697283805247947,-0.112097200636825,-0.00533804874870157,0.787590698629265,1e-06,"E02000647","Lambeth 030",531230.062905924,171571.555087097
-8.73387985179263,-0.249826478194501,0.0149814162456189,-0.00652195195988254,0.0277589506749674,0.00140843757412474,0.00113308863339945,-0.00497013870214496,-0.0102239145054566,-0.118045392230514,-0.00620963350670611,0.74360419560426,1e-06,"E02000648","Lambeth 031",532214.325109334,171404.730331084
-10.2079571770369,-0.193465846594069,0.0152143503006676,0.0020857586696876,0.0134507156892407,0.000461877166316337,0.00707525123376088,-0.00275228966201473,-0.00153609693420248,-0.109343939666321,-0.00379143877460698,0.844384245296946,1e-06,"E02000649","Lambeth 032",530057.55068314,171353.1844454
-8.17135436503658,-0.271438373711057,0.0156186644239945,-0.0097030165897932,0.0355707459397655,0.0016946816921815,-0.00134902164193178,-0.00744289604873246,-0.0133879980912402,-0.11954100220278,-0.00589120365229485,0.704007714875262,1e-06,"E02000650","Lambeth 033",533018.204038562,171199.02331446
-9.54764017150257,-0.203733642219909,0.0162058901220383,0.000907653051606221,0.0161916197988368,0.000911149670157408,0.00510407924002571,-0.00249210849318574,0.00182767607980052,-0.12141434822694,-0.000624687174964186,0.780351042945194,1e-06,"E02000651","Lambeth 034",530410.757276602,170571.020687383
-9.74911717542075,-0.185878662239642,0.0163905234563293,0.00185617922531284,0.00688689253103369,0.00192213463007823,0.00818763342430055,-0.00160820902351656,0.0061279714230225,-0.122870492647902,0.000767879089372352,0.783959239748642,1e-06,"E02000652","Lambeth 035",529580.756690382,170092.884934961
-5.04533856889132,-0.0618626582879703,0.0214878936283127,0.0199228058534885,0.0624009939786578,0.0208241649410511,-0.00434436675585379,0.0167554875681979,-0.0620683085051042,0.0620910540345911,-0.00944012716052398,0.0756804136315178,0.202345696987926,"E02000653","Lewisham 001",536187.43493137,178519.662949528
-4.96084743709573,-0.0757096114850636,0.0201813725973483,0.0192267295484878,0.0581536699485484,0.0217295011090522,-0.00376220412130483,0.00758796291607095,-0.0596775146218004,0.0615344474707052,-0.010716206385888,0.0826801763046158,0.182324706986523,"E02000654","Lewisham 002",536704.410719618,177939.934421057
-5.15589572543676,-0.0902058750822635,0.0171257153887927,0.0157164748296844,0.0573084165210817,0.0178139277883303,-0.00265985890259961,0.012992141029546,-0.0569119061187386,0.0356581486463293,-0.00930817260650272,0.132338584969949,0.191667177542777,"E02000655","Lewisham 003",535705.998368643,177554.670437935
-5.31673585032056,-0.131452653927227,0.0139462656700354,0.0136891350296581,0.046391854763501,0.0188290272088436,-0.00248431759580125,-0.00311051779350502,-0.0568147655740786,0.0443958411796215,-0.0130274892083278,0.193359774983559,0.138817836721086,"E02000657","Lewisham 005",536747.30305056,176556.910581166
-5.84248069958453,-0.12868939986247,0.0116560282796196,0.0109090898306103,0.0468701583621219,0.015503915289993,-0.00116077856278726,0.00689195027264952,-0.0547500822362908,0.00694058471535621,-0.011502629877212,0.263225319358849,0.156022703748172,"E02000658","Lewisham 006",535739.960255264,176545.681101102
-6.23634023091248,-0.148270259414132,0.0127646022759768,0.0129880811940126,0.0552449638808347,0.020940560779898,-0.00448403888212044,-0.0143592494731565,-0.0523766233013363,0.0591643305439846,-0.0159511111052477,0.30117877759278,0.113896807922469,"E02000659","Lewisham 007",538619.742513435,176123.257899615
-5.5723899334244,-0.165504220757236,0.010987661167901,0.0108960680929776,0.0437305280696789,0.0181451618345625,-0.0030422463154488,-0.00845529631748105,-0.0569027973640315,0.0432731865420094,-0.0145469391114902,0.256841767658688,0.108358254845164,"E02000660","Lewisham 008",537093.258244866,176047.872058877
-6.87295959578212,-0.100992353175778,0.0161365578761382,0.0152897373173363,0.0638128040192942,0.0215899895437605,-0.000862187879869195,-0.0136550155972432,-0.0449229098377932,0.0563483530284143,-0.0167460317902886,0.322421385427564,0.160544944301838,"E02000661","Lewisham 009",539470.64832982,176060.523779581
-6.36201889166642,-0.180481266617703,0.00680425667370477,0.00641631303070993,0.0390929611220363,0.0143512305135652,-0.00138022675775884,-0.00092585778559314,-0.0563797194038696,-0.00714050586251226,-0.0150504182037761,0.379120050784086,0.0974904774408562,"E02000662","Lewisham 010",536121.05308666,175638.939230198
-5.96382677871449,-0.198158103850811,0.00848422390278335,0.00920237318694151,0.0395757500538292,0.0176944103490849,-0.00398683015542301,-0.0137077985608339,-0.0577790815520905,0.0443304541898062,-0.0163829809651406,0.331605101346586,0.063412165651268,"E02000663","Lewisham 011",537529.992599691,175557.394505503
-6.87547577393342,-0.116803383395834,0.0167705693967275,0.0148979580957856,0.0445335543876283,0.0168059683275472,0.000506252802401312,-0.0145020940763841,-0.0489418285062023,0.0425209174516282,-0.0211957914317814,0.358338604594339,0.115700899252696,"E02000665","Lewisham 013",539311.78727164,174872.327407634
-6.62902989957318,-0.224908003563523,0.00407898422052398,0.00534327594062456,0.0341079974357317,0.0147667585397544,-0.00380151531290692,-0.0125696672919343,-0.0594277597686262,0.00914892241408506,-0.0179324111594499,0.449162385755698,0.0197625264806294,"E02000666","Lewisham 014",537092.452903805,174929.107628824
-7.29254643413254,-0.246144353594671,-0.00020437757226007,0.000740429618699455,0.0335300285391458,0.0124723089933622,-0.00327817704330117,-0.0105626629515141,-0.06023075484079,-0.0251063553699569,-0.0196415534271598,0.558643552037986,1e-06,"E02000667","Lewisham 015",536612.776949395,174500.080455156
-7.13644540932838,-0.0694722549146054,0.0237977587434384,0.0186248074867411,0.0303535982256468,0.0131391823437319,0.00385288001866275,-0.0131725168137891,-0.048169319260173,0.0252318137993734,-0.0254833472340209,0.36100414756785,0.143199231307688,"E02000668","Lewisham 016",539747.845227288,174245.008662741
-6.72189294173987,-0.173132106699616,0.012212757119234,0.0101424935077209,0.0391621841093553,0.013236889195361,-0.00184337101853999,-0.0152374218282751,-0.0583434749298982,0.0211734844698975,-0.0241214452577766,0.414032924035985,0.0117091699391511,"E02000669","Lewisham 017",538781.521794676,174130.473908398
-6.79186817674357,-0.210922351093662,0.00818071415256683,0.00525349382554816,0.0393196704710231,0.0107893066882301,-0.00260376386498309,-0.0155697054013561,-0.0626607950764117,0.00407875739450488,-0.0243928377871569,0.47026608872783,1e-06,"E02000670","Lewisham 018",538210.194480987,173825.93070337
-7.51352872268593,-0.272157563087296,-0.0043127999746549,-0.00562029237244414,0.0403559733913801,0.00995384799329386,-0.00231929533776762,-0.0106052887696401,-0.0580788884046702,-0.0500234151662863,-0.0219097157040861,0.622211241035629,1e-06,"E02000671","Lewisham 019",536212.390360127,173758.272188228
-7.16071712361858,-0.245938383364741,0.00333583416993906,-0.000717001275018072,0.040248009266717,0.00970565128766083,-0.0028765607346516,-0.0150319476541815,-0.0636915296524503,-0.0211868075735992,-0.0240810895544586,0.554534353021321,1e-06,"E02000672","Lewisham 020",537350.170177931,173698.177140139
-7.56654852272068,-0.27518885256915,-0.00787083301765257,-0.00830643744792719,0.0410035667734755,0.00879821098748249,-0.00122052894136627,-0.0067898443623698,-0.0484851444943498,-0.0798937327074556,-0.019054302557003,0.638860109452334,1e-06,"E02000673","Lewisham 021",535196.555469758,173523.421954582
-6.91917487656895,-0.140927454763404,0.018560397497125,0.0106501813981892,0.0337273344762975,0.00750433309678824,-0.000417917881552115,-0.0135422100212337,-0.0621196464849981,-0.0138170109138604,-0.0305423592647693,0.437839453679923,0.00138586939105134,"E02000674","Lewisham 022",538963.708562082,173249.682432072
-7.15049432482971,-0.00952276731187435,0.0355710283456436,0.0238615781765282,-0.00626654970348311,0.00553880677619883,0.00817322956396335,-0.0126181192398316,-0.0495882403976193,-0.0101198768978737,-0.0317946107029752,0.346114284023307,0.163622328567932,"E02000675","Lewisham 023",540364.288603985,173177.551992056
-7.51749090056002,-0.25343321168329,0.00209576471387494,-0.00707364083658816,0.0489290770527842,0.00712910210367717,-0.00274928679125679,-0.0119668995024444,-0.0552770904246718,-0.0642213771373639,-0.0222171521422097,0.621042801875882,1e-06,"E02000676","Lewisham 024",536178.552549043,172982.562100827
-6.99105772329562,-0.185437546588358,0.0137076802422812,0.00335282797474039,0.0445173071503197,0.0043365681704557,-0.00210596003040657,-0.0136980882014637,-0.0664027752921079,-0.0336806729015354,-0.0294885943158244,0.504081297198092,1e-06,"E02000677","Lewisham 025",538146.337127239,172859.8116794
-6.8432674414816,-0.0449847966969773,0.0328519835251421,0.0189364756446029,0.0103674510061432,0.00138641948089315,0.00427155220965842,-0.0117327597967316,-0.0595843581335849,-0.0425603095346876,-0.0361843300438861,0.36824567199062,0.0853239856423586,"E02000678","Lewisham 026",539712.973610245,172626.804574213
-7.50528348280803,-0.2468400247941,0.0112505236651709,-0.00951425805049428,0.0558936651301087,0.00468164202448245,-0.00347361369696551,-0.0113083576488091,-0.0503355624947192,-0.0787542597552838,-0.0197966927576035,0.621539037731933,1e-06,"E02000679","Lewisham 027",535906.096582866,172357.934644563
-7.70609816722639,-0.275696755626694,0.0115412492090397,-0.0130098000866624,0.0487680734203699,0.00437594001773254,-0.00311472838089441,-0.00934142754598821,-0.0406553924890291,-0.096764229554806,-0.0157928677755168,0.666747635578575,1e-06,"E02000680","Lewisham 028",534876.167310915,172446.957292052
-7.26046659967845,-0.203826121332887,0.0127639743354424,-0.0029170039829752,0.0559115688121172,0.00338924318188248,-0.00307121610523216,-0.0127828998029861,-0.0614204787521355,-0.0595054326119006,-0.0256725181951782,0.56159911277662,1e-06,"E02000681","Lewisham 029",537095.14079238,172393.090484919
-6.60758043109687,-0.120331382147454,0.0243590164997468,0.0093492283692861,0.0420663901686431,-0.000734606166568531,-0.00106291278424663,-0.0110690000116941,-0.0676615265582299,-0.0531784307027853,-0.0343353512456004,0.422550339192532,1e-06,"E02000682","Lewisham 030",538635.031297404,172140.756671477
-6.8752198373485,0.0124820297888337,0.0486866549712127,0.0249476864716052,-0.0436994174249118,-0.00354746854152964,0.0126896288265933,-0.0117732838548974,-0.0504484679987023,-0.0479622420891536,-0.0364802702383875,0.328178296251925,0.151712803441596,"E02000683","Lewisham 031",541276.847508919,172013.867915331
-7.56986177803806,-0.278762296743102,0.0166180261232732,-0.0146260890086716,0.0534703419592059,0.00352401925523834,-0.0040406715618201,-0.00831609046820191,-0.0331319085492122,-0.104057274375106,-0.0114645165012116,0.652689069096399,1e-06,"E02000685","Lewisham 033",534751.245747087,171754.754386477
-6.50833453731292,-0.139283789566103,0.0284321920504923,0.00353141174234479,0.0544462124196172,-0.00193068187523115,-0.00332218047633093,-0.00559109421439865,-0.0585651339000122,-0.087206869438385,-0.0205711367861227,0.431527740330822,1e-06,"E02000686","Lewisham 034",537631.752666304,171188.535356794
-7.19290751945321,-0.242886839518383,0.019505500524849,-0.0116891336008559,0.0614276461391094,0.00378443813938059,-0.00455286402229986,-0.00685912492502027,-0.0406679005002814,-0.0972794026423095,-0.0118144210505269,0.581202113683933,1e-06,"E02000687","Lewisham 035",535744.027370426,171450.836810022
-9.84895156032258,-0.0920809475847544,0.0343397278711761,0.0122472898861887,-0.0550534353351955,-0.00232504646054491,0.0273125093093753,-0.0148163891767192,0.0237996492200152,-0.0790141319219878,0.00117775838306999,0.69493425149912,0.0851739643955416,"E02000689","Merton 001",525394.730959179,172039.747576867
-5.43427694791307,-0.113666549778903,0.04037254292039,-0.0351775123729346,-0.0465532344025069,0.00372966221411928,0.0264450680013422,-0.0150948082457776,0.0190407894887509,-0.0426164731623044,-0.00217391525326276,0.254490893516094,0.0745767855380012,"E02000690","Merton 002",523069.649059791,171419.17006552
-9.9832722901184,-0.100618876694018,0.0327969494927436,-0.00627888377200796,0.0128764125104663,-0.00220872757311979,0.0306556663331486,-0.0175184147760492,0.0251519537592168,-0.0839086069477824,-0.0042168314518951,0.707609333247798,0.0325914398499426,"E02000691","Merton 003",525332.585713905,171053.415323161
-8.63528667963108,-0.0946845469624535,0.0380299078570208,-0.0219919965612065,0.0175060546836221,0.000606137197257576,0.0315881098966728,-0.0176674123996882,0.0253612725504782,-0.0642234721770725,-0.00523188517983472,0.553776012924115,0.00640758117913925,"E02000692","Merton 004",524245.434420047,170693.326808483
-10.5766187590881,-0.126839293192287,0.0217586269473264,-9.88031946795876e-06,0.0189282592070731,-0.000627620819316598,0.0232584774235077,-0.0142089352154087,0.0180793125716574,-0.098638575673128,-0.00415854910570602,0.808037796453989,1e-06,"E02000693","Merton 005",526802.234417784,170503.247705329
-10.2535703768329,-0.108334731857875,0.0264130427066824,-0.00420006640906563,0.0296794137235807,-0.00088930384389315,0.0276510468102679,-0.014658049917076,0.0226643289920041,-0.0907566089271673,-0.00346408838978042,0.744884994073571,0.0107892176024148,"E02000694","Merton 006",526048.882107922,170521.380885454
-10.2258980075976,-0.16948597274131,0.016148028143123,0.00243654766203174,0.0020527588663515,0.00150248188250998,0.0128119015330703,-0.00596978006455498,0.00916517014448344,-0.11779609459842,-0.00265405586995846,0.822283605605695,1e-06,"E02000695","Merton 007",528554.683548239,170257.605181657
-10.2586139378484,-0.140788176774458,0.0187998425944061,0.000469495797582864,0.0102983119976452,0.00118843591629012,0.0193552772264628,-0.0103323524069125,0.0167248905395188,-0.110772609770155,-0.00277974471732509,0.792347954062411,1e-06,"E02000696","Merton 008",527464.962950383,170088.992337983
-9.73158076771445,-0.0954349188737202,0.0294537755514062,-0.01280380033633,0.0491846863364052,0.00114278595234482,0.0301171441809295,-0.0154684575877209,0.0259927238859978,-0.0811120804482072,-0.00137975253795626,0.664546843703423,1e-06,"E02000697","Merton 009",525391.172917752,169947.77443306
-5.34403023701246,-0.0943843009326338,0.0341635640274923,-0.0383337198895578,-0.0227709008163966,0.00865560673219534,0.0242672504350365,-0.0133248734607622,0.0195217885269668,-0.0255785741815757,-0.00392135005239256,0.221574643119842,0.0346459947889192,"E02000698","Merton 010",522660.961451526,169811.664821772
-8.6397153993791,-0.0831949502579021,0.034331461521448,-0.0235645172958985,0.0385466657525505,0.00455887878524182,0.0304065507704552,-0.0145039972061581,0.0255499042471939,-0.0663629126720842,-0.00179589436205272,0.533716675232132,1e-06,"E02000699","Merton 011",524251.96785698,169610.628088781
-9.7242911962812,-0.108799390834826,0.0235847103104825,-0.00664826080256667,0.0352605769291189,0.00286637409165657,0.0251399214558151,-0.0111008784947584,0.0251746733927598,-0.0982802524628113,0.00164565802225475,0.68507837405419,1e-06,"E02000700","Merton 012",526468.899095937,169450.430901624
-9.69396747855683,-0.147169186223344,0.0181048089098177,0.000118248886856384,7.94169083374397e-05,0.00313081052307729,0.0160754958472908,-0.00466630287541512,0.0169442258117028,-0.119566977733622,0.0012490883792486,0.739565304078857,1e-06,"E02000701","Merton 013",528038.859252059,169471.624270075
-8.97891225394139,-0.148180948964207,0.0197261782730209,0.00104910066559205,-0.0129737594185362,0.00478397373606655,0.0122435041894302,0.0041236150966735,0.0142700771687569,-0.125751308778041,0.00893338736987795,0.662122292634503,1e-06,"E02000702","Merton 014",528807.23112859,168771.769995352
-9.11863984961133,-0.0841802115041845,0.0297786391352626,-0.014728826705752,0.0469331968466778,0.00522203178812802,0.0288281694019794,-0.0113530926099156,0.0279796373818377,-0.0835030656329039,0.00550509155981068,0.579235432970015,1e-06,"E02000703","Merton 015",525199.201296599,169086.45947205
-6.7519615647464,-0.0723402140474483,0.0340540859183922,-0.0288054194097846,0.00590239923037945,0.00991651210867256,0.026257489188778,-0.0105326088257622,0.0239436277122651,-0.0500795371023215,0.00023598650851644,0.329395400613917,1e-06,"E02000704","Merton 016",523236.552165655,168943.453637427
-9.16112515431399,-0.166649279739718,0.0186818497609928,0.0014988071694146,-0.0094135170690381,0.00410369426590862,0.00919565226017557,0.00416700193660183,0.0107353945495606,-0.127483698149468,0.00760869485027327,0.701014164850766,1e-06,"E02000705","Merton 017",529492.031875746,169043.945040085
-9.21350111457114,-0.121216940471196,0.0213861888433429,-0.00255312240066219,0.0113629560441488,0.00422873916336856,0.020000825344513,-0.00449298143619497,0.0225977222204771,-0.114460579487621,0.00635559035568354,0.650479648069379,1e-06,"E02000706","Merton 018",527297.48222978,168989.292333451
-8.40487884884591,-0.154134420582419,0.0219937015230546,0.00219694545010993,-0.0276617356810224,0.00547726048537602,0.00800994316106429,0.0112708870089955,0.00981892706522056,-0.128491061274845,0.0156948352622288,0.606836572482373,1e-06,"E02000707","Merton 019",529929.143247653,168160.335725549
-6.25774394730176,-0.0532676226990125,0.0324277189048258,-0.0243122759698559,-0.00724537253074206,0.0140051808872439,0.023957766180164,-0.00673991335294055,0.0255403182846123,-0.044515245903984,0.005136279976028,0.254758966555211,1e-06,"E02000708","Merton 020",522861.195662569,167954.812628386
-7.99811513792278,-0.0620819781422667,0.0314395176680829,-0.0175427006692763,0.0313193249715284,0.0106770155388698,0.0273555394791669,-0.00692309519473261,0.0290019780170294,-0.0774126625855989,0.0102921825574748,0.431449809648912,1e-06,"E02000709","Merton 021",524307.512734783,168039.855098583
-8.22472945584741,-0.113922305880464,0.0238019395165994,-0.00123032107523655,-0.0100907554260568,0.00647730713884293,0.0170232441009584,0.00467879321968201,0.0209995530673543,-0.118656649170503,0.0156076225894087,0.535461863773485,1e-06,"E02000710","Merton 022",527715.016397053,167877.300091066
-8.42673611650692,-0.0843331980691187,0.0270265376814798,-0.00840485614049529,0.030557366831916,0.00760020820043783,0.0246231712511939,-0.00312763669508231,0.0280556303019916,-0.0990739494104692,0.0144167896706092,0.504851474369887,1e-06,"E02000711","Merton 023",525907.365765289,168095.889411872
-7.93953722830396,-0.0694497414424417,0.0287649736998292,-0.00975587995429194,0.0250514215278505,0.0102183278192221,0.0249508131420104,-0.00123013801806528,0.0292689232873834,-0.093753715171556,0.0174655437068291,0.431710255188251,1e-06,"E02000712","Merton 024",525395.573552891,167284.670898399
-7.17472716420738,-0.0464405273593731,0.0304987445245071,-0.0147130297411001,0.0131525905854461,0.0142492359385735,0.0252987605731308,-0.00234428235367587,0.0300099032423412,-0.0742370219847283,0.0143330376632896,0.327345779457565,1e-06,"E02000713","Merton 025",523822.593505187,166884.424844993
-3.49942299038325,-0.0410052344945258,0.0160105597598197,0.016616835784226,0.0334541268841355,0.0109476685572028,0.00510677383470271,-0.0145884699707396,-0.0317527317931701,-0.0541124073289709,-0.026473178692266,0.0398302936078732,0.0220591093495909,"E02000714","Newham 001",540356.267302032,185666.21700037
-5.47995433969973,-0.0166422671331366,0.0190875304193433,0.0245416162567251,0.0069551987221571,0.00506677935256203,-0.00472176773356558,-0.0061084467155335,-0.0385820402288683,-0.0590647340500454,-0.0219342254085994,0.267618890232374,1e-06,"E02000715","Newham 002",542949.120227284,185728.237257484
-4.64835744723409,-0.0339585663606126,0.0163824301236723,0.0198985682842195,0.016321639258524,0.00687641365655493,-0.00146199249637685,-0.0112011117557611,-0.0373370953509944,-0.0634999388439466,-0.0224322170388102,0.190571966328109,0.000543123791772817,"E02000716","Newham 003",541978.456688226,186009.339477769
-4.99873894295739,-0.024855068320908,0.0181567717047605,0.0231017352324434,0.0159557053146534,0.00719115946003815,-0.00176362565091786,-0.00825034867771809,-0.0375720064766157,-0.0559530119242563,-0.0229951142662344,0.207795461346651,0.00387881589286839,"E02000717","Newham 004",542215.429924872,185425.732568559
-5.72671182740713,-0.00984034711774298,0.0204313402142735,0.0265796223353547,0.000954980173173985,0.00521052839056669,-0.0049121303337554,-0.00408486691357091,-0.0380920239372243,-0.0544584318575678,-0.022113124721246,0.282541211528475,1e-06,"E02000718","Newham 005",543152.043703145,185307.484656533
-3.31659478405239,-0.0290568487240323,0.0178259400279418,0.0178497668244674,0.0456663498535802,0.012847202729728,0.00807551575846926,-0.0101082210285653,-0.0320028333695879,-0.0428191208063499,-0.0271754115383376,-0.0168720125177266,0.0399592024062357,"E02000719","Newham 006",539710.286371341,185294.203590575
-4.35002336837538,-0.0338536616327877,0.0170888965133952,0.0202914917878316,0.0355615439303265,0.00986673601111389,0.00260388369480583,-0.0107382727648408,-0.0338516489951539,-0.0523807037768971,-0.0243426162674323,0.122302295190382,0.0133613311538289,"E02000720","Newham 007",541064.247915412,185311.15523072
-4.44973938577992,-0.0271435461197498,0.0187082593599395,0.02215149114289,0.0518664706248899,0.011512062224652,0.00463336176189139,-0.0068697552659531,-0.0338875301180731,-0.0417019383279861,-0.0244183267151745,0.0972381057882449,0.024528031669205,"E02000721","Newham 008",540630.528007901,184831.915343631
-3.92434329980626,-0.0172658765915064,0.0198998772869105,0.0207924211229927,0.0626281410815422,0.0138884757126259,0.00864200106031702,-0.00387095191134821,-0.0347143845165833,-0.0288118852272507,-0.0253743888656581,0.00956502127280018,0.0511273951733035,"E02000722","Newham 009",539682.460656564,184714.791470361
-5.40792954838179,-0.0151002548547382,0.0204282729417679,0.0269921376896395,0.0100512252738302,0.00790430392048647,-0.001339103145633,-0.00388909787461036,-0.0379495427238003,-0.0475235103918399,-0.0228003132918716,0.226384120345325,0.0022171557400676,"E02000723","Newham 010",542367.282263806,184649.076181006
-5.07235216912149,-0.0218079944378877,0.0194621060874516,0.0252912268104226,0.0269907477724019,0.00931064990451861,0.000700027885122288,-0.00587082555809231,-0.0365276112883102,-0.0452771927456128,-0.0233942685564337,0.182343215492129,0.0108799794996551,"E02000724","Newham 011",541764.107042836,184651.890984831
-3.73727455714179,-0.00099384463043778,0.0215173443330977,0.0203846825853174,0.0716692443076941,0.0157464433186076,0.0122836674783313,0.00097118699124585,-0.0373031714539627,-0.0143137086737721,-0.0250656849861082,-0.0444628713042645,0.0757199995012959,"E02000725","Newham 012",538982.963799752,184530.744347035
-5.23224778362988,-0.0186609444685364,0.0207194098130016,0.0271308769339805,0.0429843810922323,0.0107262443719117,0.00250680306782624,-0.0025489499990461,-0.0363090867107536,-0.0378105772908264,-0.0228524912507222,0.168671333447668,0.0152846295097969,"E02000727","Newham 014",541355.006230572,184258.690557688
-5.85949598680429,-0.00405501715174035,0.022190611767212,0.0288596537000101,-0.0057206644626111,0.00719712592242399,-0.00303711263430209,-0.00194662152886334,-0.0372282935776646,-0.0431756344775619,-0.0222791563277178,0.270417716595231,1e-06,"E02000728","Newham 015",543042.020002655,184340.724572216
-4.85252742030095,-0.0130680909313467,0.0217243232020532,0.024823986123371,0.0781159304756869,0.0139698363691495,0.0071819175546876,0.00112423403847699,-0.0369663238548726,-0.0205252056931613,-0.022836528168745,0.0809432595473449,0.0468956273641255,"E02000729","Newham 016",540129.874420618,184105.282610663
-5.10156755505566,-0.017488237417172,0.0211465590011905,0.0263507180853822,0.0621224339951546,0.0124472281602861,0.00468185679002408,-0.00125575360544192,-0.0359609320162302,-0.0287621352535534,-0.0227135765954152,0.130028855972434,0.0309737849474701,"E02000730","Newham 017",540804.456678257,184081.652609542
-5.68163436340906,-0.00834262003918838,0.0223988126219325,0.0292474126687027,0.00973463844906997,0.0100062434624401,0.000196817009166431,-0.00174122102908946,-0.0367093018893981,-0.0328085983345853,-0.0220474627742592,0.223308306027461,0.0100669153206604,"E02000731","Newham 018",542361.34317988,183721.495170924
-5.58031191185226,-0.0116746966983417,0.0223244201000036,0.0292930495606285,0.0332316307181463,0.0113781527405357,0.00223928824111241,-0.000642488085215866,-0.0366891322961906,-0.0287928950511037,-0.0218808045772602,0.191306942207571,0.0180740987513264,"E02000732","Newham 019",541739.597847549,183649.331181869
-5.1464399142647,0.00136456328391023,0.0246561928173158,0.0248676998012409,0.104675592373262,0.0166594794297684,0.01073960689802,0.00953872238309026,-0.0436065523912106,0.0058916108756467,-0.0207998119789428,0.0550553713140785,0.0802570142159611,"E02000733","Newham 020",539355.861913579,183611.610469274
-5.56940987161638,-0.00235114535331771,0.0243809740308118,0.0280131279696828,0.100858133567964,0.0152369694577542,0.00800790534191057,0.00794568790964998,-0.0402465437804953,-0.00521159166095632,-0.0204502121440387,0.111191482177408,0.0542951487286473,"E02000734","Newham 021",540041.243659716,183548.9362414
-5.67593230253076,-0.00890764648076839,0.0233381767886284,0.029205300216335,0.0707544732523438,0.0138160751788145,0.00521255132001285,0.0030131541508219,-0.0372805246876707,-0.0146861043930422,-0.0205374654523267,0.156221830257668,0.0387489307279473,"E02000735","Newham 022",540946.632293956,183349.34053881
-6.16165576796859,0.00837588904965945,0.0242163619709406,0.0295641053534094,-0.0266278670660119,0.00905726295393371,-0.00207045854455462,-0.000694754674953405,-0.0347288551566311,-0.0287376197636692,-0.02089692848074,0.282834541353588,1e-06,"E02000736","Newham 023",543513.969289699,183257.818177297
-5.86227365154768,-0.00266363015014207,0.0233454932810807,0.0288320331873306,-0.00200187981163347,0.011380891904379,0.000724895851546358,-0.00161468498699876,-0.0347688152546373,-0.0218845874742764,-0.0206334462313555,0.231821099835853,0.0176864413436273,"E02000737","Newham 024",542698.464248644,183071.756641792
-5.79490301849937,-0.00648481823907671,0.0233929228964263,0.0295121406186149,0.034012277731083,0.0131694773825862,0.0034583815150016,0.000346215620967488,-0.0357361973142639,-0.0162745732495363,-0.020242129013603,0.192170606480998,0.0292320402962684,"E02000738","Newham 025",541821.006252824,183021.77348266
-6.00364786912572,-0.00149249521755584,0.0248903173678659,0.0291308906958486,0.0943093183626296,0.0159516870249745,0.00719907369080766,0.0065224359476823,-0.0395443736373387,0.00296869202517334,-0.0184707868546086,0.151100634831302,0.061626767615051,"E02000739","Newham 026",540539.596580451,182858.668158375
-6.17717799245693,0.0024951856187295,0.0275648510937683,0.0273304564041142,0.129065499008157,0.0185658958459351,0.0108146600204711,0.016608343477404,-0.0484797779582659,0.0294993547350653,-0.016738378581477,0.116278041509053,0.0978998820507421,"E02000740","Newham 027",539362.923984097,182650.20198835
-6.09911050075809,-0.000953553598940694,0.0246545020448166,0.0295200152699675,0.0691356126909091,0.0159030642976948,0.0063861295939874,0.00326460473451313,-0.0365198284744812,0.00161779590541294,-0.0178886625611799,0.175808860992453,0.0542076126022875,"E02000741","Newham 028",541233.624248445,182503.026543304
-6.06750060986605,0.00794857192430461,0.025450792396798,0.0313936458722818,0.00657173759617622,0.0136823152646782,0.00375527905906198,0.000296524162684559,-0.0354079036256435,-0.0142259030157531,-0.0195153301630955,0.21259924568065,1e-06,"E02000742","Newham 029",542411.298291283,182379.190016003
-6.74812804846465,0.00578637756111303,0.0277692922519874,0.0296942728587723,0.130047001815267,0.0187992605623351,0.00978045382579568,0.0144475728170175,-0.0445873080071906,0.0298541037052155,-0.0150758947868844,0.169155250360701,0.0880465272159505,"E02000743","Newham 030",539960.498489565,182131.304589362
-6.61444741458762,0.00724504947261483,0.026612071808282,0.0297653964202865,0.106293725955311,0.0183652081845218,0.00893479730913574,0.00818108136810923,-0.0394720824594829,0.0217059012289819,-0.0152838311599633,0.177512134015078,0.0790633474715905,"E02000744","Newham 031",540649.755265246,181964.950598108
-6.39129070721574,0.0180644291597531,0.0274372683093309,0.0334743791452939,0.0322735665740486,0.016368859616096,0.0069927252189056,0.00244848966090042,-0.0355789774938889,-0.000138455558043777,-0.0174597217988396,0.195321832684802,1e-06,"E02000745","Newham 032",541858.535034566,181770.500179257
-6.0954115140007,0.0228025911511108,0.0256919305098511,0.0274796808115261,-0.0504620913956127,0.01193943386141,0.000349951112889137,-0.00132015307971265,-0.0317902279055052,-0.0125696617345659,-0.0187992366750802,0.25726280851218,1e-06,"E02000746","Newham 033",544107.176063904,181813.807362904
-6.98212169414303,-0.00343627077150442,0.0283214252906985,0.0272087299138371,0.134512731562227,0.0210500728635339,0.0103436422607174,0.0164609800746108,-0.0476553930014569,0.0480009178635161,-0.0133696388087335,0.17977954779591,0.113303324351982,"E02000747","Newham 034",539614.60693682,181342.990609062
-6.30243767693058,0.03113729470313,0.0276903533910475,0.0316199311148175,0.00483752007623277,0.0175386476888254,0.00773418732631371,-0.000928834547432827,-0.0326532729191242,0.0056167553666109,-0.0169822729102582,0.189799189285832,1e-06,"E02000748","Newham 035",542499.150323574,181153.555467087
-6.70575391140639,0.0104809547651002,0.0268113416389405,0.0282928785485801,0.0926437219356357,0.0204083678347031,0.0102268965933093,0.0034545994094426,-0.0359776314237222,0.0315997043400653,-0.0134354049037811,0.180006684178989,0.0966765184355326,"E02000749","Newham 036",541046.858248414,181103.016973687
-2.01843745793954,-0.124636356495433,0.00984538549712864,-0.0090176292211095,0.00271119132985747,0.00751373124339769,0.00513347295415167,-0.0221104900233532,-0.0314822386276783,-0.102706353856682,-0.0136067830217432,0.012982914432716,0.01314417998284,"E02000751","Redbridge 001",540415.761334705,192643.267114189
-6.64235563663413,-0.0134251312007725,0.0182328660946467,0.0213739747218214,0.0383965439570182,-0.00302527368875152,-0.0112612803009563,-0.00138413499449766,-0.0295524838042125,-0.100464547628691,-0.0113471349999397,0.419080543629794,1e-06,"E02000752","Redbridge 002",547536.769062635,192330.003297724
-6.07403762498812,-0.0327588266318116,0.0163714969114354,0.0164631066025128,0.0407396173480886,-0.00216527520869882,-0.00953755960951147,-0.00430990587750498,-0.0382355617913581,-0.101187644681025,-0.010811666065791,0.378274918642794,1e-06,"E02000753","Redbridge 003",545514.309982798,192235.045048212
-3.12272326906293,-0.106420730441298,0.00930721512069712,-0.00605097704584987,0.0103477469600533,0.00572751801905905,0.000258787103603775,-0.0211182282756849,-0.0373346229680023,-0.0978240638943211,-0.0131815067464312,0.134337361193236,0.00157500697885192,"E02000754","Redbridge 004",541504.063779986,192097.290186148
-3.8098930652583,-0.089352584528789,0.0103399613732587,-0.00154393562908381,0.0147509767661867,0.0041894300958584,-0.00246973371757099,-0.018823998316347,-0.042082311078342,-0.0969520656592833,-0.0129798720201017,0.198699638473134,1e-06,"E02000755","Redbridge 005",542185.932827539,191592.871954895
-5.67941914314305,-0.0400789878095446,0.0154838140384501,0.0148169949757858,0.0323725835728098,-0.000822331397011714,-0.00859544838528154,-0.00754367256948388,-0.0432461790672399,-0.0971080182791777,-0.0119266160328215,0.34747632077647,1e-06,"E02000756","Redbridge 006",544438.456721257,191117.717383921
-1.6569117209931,-0.121940501408373,0.00948590864797107,-0.00523498820260138,-0.0142345156626747,0.00809870969860499,0.0045120168429006,-0.0286331994353272,-0.0393199940437032,-0.10277476033263,-0.0191788909550411,-0.0133730789365133,0.00558456333443611,"E02000757","Redbridge 007",540141.203685704,190676.862457369
-4.47308258982257,-0.0667480346204024,0.0123445812200262,0.00607319312830533,0.015055581968026,0.00277907030478367,-0.00497136209426677,-0.0158005761433016,-0.0454314000462714,-0.0932403070590642,-0.0140496844595272,0.250750428803519,1e-06,"E02000758","Redbridge 008",542802.809342842,190503.039035553
-2.88750414501564,-0.101636301081654,0.00930985908184161,-0.00249007038334363,-0.00504611064305074,0.00625299855717915,0.00024950143330729,-0.0242527352012219,-0.041147661081382,-0.0966774965763171,-0.0166360520657748,0.113755947935525,1e-06,"E02000759","Redbridge 009",541240.154963793,190326.416099843
-5.44107755045596,-0.0424474324261803,0.0151069607534589,0.014410489617709,0.0255902342343482,0.000340575603643624,-0.0079401897021839,-0.00953209889130689,-0.0444361305389042,-0.0919810515831895,-0.0133632834769333,0.32544176873371,1e-06,"E02000760","Redbridge 010",543881.281642452,190213.504934537
-5.05463900292345,-0.044990069418963,0.0146862872116718,0.0141091126804853,0.0170020241758931,0.00200452881975376,-0.00675860267922133,-0.0119895056064918,-0.0438009315646114,-0.0846540410825225,-0.0160567105392108,0.285621922881009,1e-06,"E02000762","Redbridge 012",543225.816162466,189088.559657557
-6.59159122624389,-0.00686015866404603,0.0194088506089585,0.0245867540373253,0.0230376047251002,-0.00238572569044488,-0.0112931707447705,-0.00174202858519796,-0.0339233721384896,-0.0908365834621966,-0.0135695185453831,0.40961506014674,1e-06,"E02000763","Redbridge 013",546408.532831075,190182.703941769
-1.67710744977881,-0.107306589444792,0.00992901832077247,-0.000866557128851492,-0.0225374780443988,0.00822499356002917,0.00391173319697053,-0.0293316702268217,-0.0399459908262858,-0.0955601018035868,-0.0254259795076024,-0.0174774121827635,0.00455631683096033,"E02000764","Redbridge 014",540138.052025348,189084.566802157
-5.45320444628517,-0.0346066946313742,0.0160644000270011,0.0178163320192351,0.0212203313470073,0.00120219329421108,-0.00792731480210091,-0.00924414167175615,-0.042650612154788,-0.0830238063984832,-0.0160799381317471,0.313497171604974,1e-06,"E02000765","Redbridge 015",543645.305298506,188830.22611606
-5.94995811170617,-0.0220074791404487,0.0178334110033853,0.0222330695673526,0.0227587983772147,-0.000229293304098037,-0.00954070819758623,-0.0056620218278443,-0.0409660115014877,-0.0836605614857164,-0.0155039252813305,0.352068033099155,1e-06,"E02000767","Redbridge 017",544340.893353274,188791.849462822
-2.9136955960244,-0.0785725016800468,0.0110780035794329,0.00491213587785151,-0.00925512211773168,0.00693956211118099,0.000562508760645015,-0.023417174083521,-0.0392557692919812,-0.0842119522638107,-0.0231318608629105,0.0887302025586354,0.00073409847377578,"E02000768","Redbridge 018",541088.497644971,188307.604828552
-6.49256187798592,-0.000615181222927675,0.0208101006554588,0.0273436417415365,0.00656328766076492,-0.00113553487753791,-0.0109778321025644,-0.00148955345095524,-0.0367706388417031,-0.0786527500294727,-0.0166812932335359,0.390725182024811,1e-06,"E02000770","Redbridge 020",545387.026180438,188109.888839176
-6.7094110744657,0.0105624827035912,0.0223769624535148,0.0287386785880962,-0.00938778208011263,-0.00174395850049864,-0.0115242359365385,0.00040527639876018,-0.0327556546438145,-0.0782495478744358,-0.0166938632249951,0.408427184036136,1e-06,"E02000772","Redbridge 022",546448.993814685,188125.129893736
-6.12148693885263,-0.0111681392018911,0.0193654483793926,0.0250053726339657,0.0133550966569789,0.000429760950062387,-0.009628976642063,-0.00417070478191534,-0.0391755564974604,-0.075058171412842,-0.0176795829675417,0.355975411542763,1e-06,"E02000773","Redbridge 023",544402.759177245,187654.863749822
-6.6445946780279,0.00953703920946679,0.0225360970252101,0.0300464590544004,-0.00910860216933752,-0.00134722486816159,-0.011373994074275,0.000234155897076972,-0.035332585204143,-0.0753146016908249,-0.0175014830247386,0.398800922467648,1e-06,"E02000774","Redbridge 024",545631.068032568,187559.503673563
-5.94440057426564,-0.0135600111179651,0.0191244517697038,0.0247380187948028,0.0101244135589545,0.00129946879597142,-0.00881963132881424,-0.00495809355185503,-0.0394699915793931,-0.072050543357515,-0.018557290377415,0.337028634694215,1e-06,"E02000776","Redbridge 026",543971.767044735,187196.566227958
-3.25459455820957,-0.0598602643583332,0.0129195988882157,0.0109934020934352,0.00953361189770934,0.00828875931571162,0.001867498949476,-0.0207964632826587,-0.0346399272322037,-0.072230416528824,-0.0246090377456234,0.0791710646788028,0.00458037967295399,"E02000777","Redbridge 027",540939.690528277,186865.617284587
-5.41362026823117,-0.0231261705921357,0.0177395798908077,0.0220930185534525,0.0118745761946306,0.00339856229533718,-0.00637763536293597,-0.00783937853357984,-0.0396024818592566,-0.0683061603211627,-0.0201642928740259,0.282572481785465,1e-06,"E02000779","Redbridge 029",543175.059588004,186749.070152312
-6.68173905131098,0.0193196629074313,0.0242502406179922,0.0311625239224702,-0.0329308258040943,0.000384241356870776,-0.0105545558087158,0.00132482412844588,-0.0337954720025703,-0.0613301907255568,-0.0196300525782746,0.390718202665352,1e-06,"E02000781","Redbridge 031",545484.598836042,186007.59503587
-6.01146816999999,-0.004552082392258,0.0209800909334058,0.0275001166478796,-0.00543627117483229,0.00334611959731517,-0.00717321190970755,-0.00276789369763208,-0.0379611126630297,-0.0587123907085653,-0.0210655814024703,0.321794809647131,1e-06,"E02000782","Redbridge 032",543691.755036167,185711.190649119
-6.3683639419011,0.00773148257233332,0.0229965008558227,0.0296687417676967,-0.0216485565049798,0.00318198397741769,-0.00796215797657266,-0.000329742235245032,-0.0359664201285236,-0.0528238110005252,-0.0210395679253885,0.349333271916439,1e-06,"E02000783","Redbridge 033",544268.825735138,185218.550398657
-3.83531730344459,-0.0422788830368007,0.0574143290611494,-0.0416143301386477,0.0461629751057022,0.0396319393174567,0.0567403922612642,-0.0297781841055005,-0.0192135295897634,-0.0246734985101708,-0.00621836430098252,-0.105041854027695,1e-06,"E02000784","Richmond upon Thames 001",522500.9255279,177097.013956487
-2.82720042115579,-0.0750260315624503,0.0072452882266061,-0.00326816171696025,0.058855465868156,-0.000763700048886997,-0.00152692138605944,0.00931629283455874,-0.0482010906518694,-0.158752160147126,-0.000694339045386439,0.0260516813198711,1e-06,"E02000785","Richmond upon Thames 002",518272.10949915,176339.438894494
-2.6007222540834,-0.0695065770305573,0.0187888678011276,-0.0423396718983369,0.0408198782980373,0.0220569989101639,0.0308365369274863,-0.0229785294539786,-0.0308414391485007,-0.0899906308545485,-0.00804677488441734,-0.0825855199895673,0.755934846910733,"E02000786","Richmond upon Thames 003",521653.183950323,175894.21348566
-1.46743629820044,-0.127658913070046,-0.00511450821503512,-0.0315325600563509,0.0629525193588254,0.00827864886000563,0.0189230635699156,0.00161391517451941,-0.036818333337261,-0.121462873017853,-0.00630673267051408,-0.107855134169379,1e-06,"E02000787","Richmond upon Thames 004",519377.003659195,175964.81847416
-1.67367180029283,-0.125313885061258,-0.00703769268963308,-0.050487918311841,0.0560351401398192,0.011790733107474,0.0246147920466696,-0.0147273756075362,-0.0360898527747467,-0.109011374873301,-0.0128984658685311,-0.0749238754938692,0.677811241245345,"E02000788","Richmond upon Thames 005",520493.556749511,175334.395153833
-1.77575921439436,-0.136121532735036,-0.00829258444230095,-0.0451715803482429,0.0784818300218933,0.000645934165835222,0.00845000638001074,-0.0145037297327659,-0.0543270883136935,-0.0906856462964798,-0.0105210914367224,-0.00887624104299849,0.545323432540015,"E02000789","Richmond upon Thames 006",519043.641496211,174485.845476845
-4.11573763098058,-0.0355138109959156,0.00360768117108622,0.0178948243119089,0.0785385458538784,-0.00870780080339922,-0.0108984066870006,-0.00564640556626325,-0.0911328312266282,-0.0872953329456268,-0.0149009749142235,0.193837645536233,0.428114459471792,"E02000790","Richmond upon Thames 007",516714.493732276,174635.375839534
-2.67790700810769,-0.0979723944925895,-0.00280321147425021,-0.0210331241934207,0.082659559146607,-0.00380282045146061,-0.00176325942525265,-0.0106549562890302,-0.0720372278934106,-0.0944865127145145,-0.0104690299823517,0.0738764469963286,0.506590006315166,"E02000791","Richmond upon Thames 008",518092.176395473,174525.800449788
-3.31261409441893,-0.0694497217677049,-0.000672124378021203,-0.00703201996105627,0.0874399526548281,-0.00594655352944256,-0.00634839159829243,-0.0116006979325453,-0.0798382689313898,-0.0785842225156858,-0.00905447989441946,0.125288001847279,0.46546360568427,"E02000792","Richmond upon Thames 009",517253.214541573,173961.48714041
-5.25431543583319,0.0288797917357546,0.00876789421796031,0.0602792218887359,0.0666318943361032,-0.010236957038216,-0.0123636499385131,-0.00346645482671375,-0.0992699938563118,-0.0530757905318608,-0.0161117243426126,0.257831197445892,0.337995867309524,"E02000793","Richmond upon Thames 010",514133.185075581,174056.657717985
-4.81726861923988,0.00772687877589013,0.00585217583168631,0.0398085728943203,0.0805391681839332,-0.0094431338022515,-0.0131236930012682,-0.00721918411304966,-0.094327901209224,-0.0657443280820665,-0.0146853330441592,0.230367436859184,0.382010682235565,"E02000794","Richmond upon Thames 011",515538.53425914,173920.257948057
-1.15214217070189,-0.181686757570911,-0.0129345297836146,-0.0807130890906907,0.0557805939046043,0.00219434697320208,0.016956767567593,-0.0241233297781427,-0.0255725633519341,-0.0382367209479074,-0.00379599351240804,-0.0439680760463187,0.396542996872224,"E02000795","Richmond upon Thames 012",519707.404825412,172838.135566829
-5.345210199681,0.0435047118711776,0.00885906545064124,0.0673488443102428,0.0641690870710203,-0.00898292073511319,-0.0109547644958552,-0.00631108883559694,-0.0982086949024629,-0.0432714414450589,-0.0140840048793636,0.250937251844092,0.331090610909847,"E02000796","Richmond upon Thames 013",513241.66180837,173404.765066718
-4.33526793169031,-0.0107018482715975,0.00297361479728221,0.0202883077624902,0.0892452249500463,-0.0070589293519023,-0.00953880909530512,-0.0121392504683061,-0.0850567646301176,-0.0617875533564138,-0.00925043859521378,0.185488924025036,0.417782163117592,"E02000797","Richmond upon Thames 014",515972.351354076,173286.051809056
-5.15787000494883,0.0461548314328265,0.00648840234506075,0.0516893787093156,0.0803705955686023,-0.00638870671512381,-0.0096513693136978,-0.0129981774668208,-0.087007634785047,-0.0425158034688797,-0.00897451966563759,0.218802027318378,0.375992143690863,"E02000798","Richmond upon Thames 015",514183.091045886,172436.742775764
-4.51718118293951,0.00665150081464121,0.00247375836984864,0.0207106296027939,0.0940303497459543,-0.00487412823137691,-0.0076807480129568,-0.0156300116667179,-0.0783413963517107,-0.0486928126092111,-0.00553212971883683,0.179663964153609,0.41332179695636,"E02000799","Richmond upon Thames 016",515551.846761419,172385.692380372
-3.27720413817061,-0.0660173935480151,-0.00410010604882903,-0.0224808509693276,0.100580145156547,-0.00212922479053309,-0.00209473057467134,-0.0186376024639914,-0.0651962747932575,-0.0460269992952735,-0.000759235045211375,0.100478352678989,0.434727379767324,"E02000800","Richmond upon Thames 017",516880.941280172,172333.043712309
-4.40129819890716,0.0029525131895349,0.000558877116618112,0.00739668095646152,0.0981063103976318,-0.00159757780180659,-0.00397728346839492,-0.0184382755552947,-0.0687241500364743,-0.0391949521368851,-0.00188494166250301,0.157121243415535,0.418485177471005,"E02000801","Richmond upon Thames 018",515688.708763175,171601.093951093
-5.09224026610203,0.0530802206469509,0.0044380092588823,0.0348701816113407,0.0899055364624824,-0.00138557448952075,-0.00523012251160908,-0.0181590483094216,-0.070918725403588,-0.0333865036421647,-0.003418567647389,0.18434049372594,0.402986252805903,"E02000802","Richmond upon Thames 019",514526.740535518,171080.195115254
-5.46623844492208,0.0761680229496414,0.00740725207758825,0.060367096201119,0.0753603673896971,-0.00303231649870256,-0.00650211503369946,-0.0163668174042508,-0.0802855203016852,-0.0296021002149328,-0.00564665446764335,0.212035866089234,0.382567016007375,"E02000803","Richmond upon Thames 020",513074.087667022,171127.618504706
-4.32976019010918,0.00859212880695499,-0.000553094177541649,-0.0122220856423807,0.0859908353147226,0.00565845417454066,0.00348262393323398,-0.0202532401271822,-0.0471765989874455,-0.0181586703011384,0.00130341033340134,0.11424682453381,0.378473139118606,"E02000804","Richmond upon Thames 021",515823.074916133,170124.887258231
-3.12260791766294,-0.0567891044654992,-0.00593034759698062,-0.0518255165829742,0.066929496803889,0.00918227792177412,0.0117614802217655,-0.019995591304265,-0.0227596115418694,-0.0017531028039716,0.00238032300032157,0.0248482770587035,0.295711445462932,"E02000805","Richmond upon Thames 022",517238.107942422,169979.518946315
-5.03237849777219,0.0557244913964379,0.00370385943139637,0.00619386420258083,0.0802143274953667,0.00757161510575489,0.00373613796144362,-0.0190484249568494,-0.0467488167414584,-0.0158293376892377,-0.000337932058160378,0.136816706859597,0.384812964701145,"E02000806","Richmond upon Thames 023",514835.392211437,169121.895391766
-5.19727580693759,-0.0601675369328442,0.0215568133326981,0.0168633862947896,0.0655164723559994,0.019482182790381,-0.00347634345127613,0.0299083347066729,-0.0658186856202437,0.0744244269456162,-0.0101785087511534,0.0876173582304875,0.223382620169864,"E02000807","Southwark 001",535950.816876416,180089.720210474
-1.02153515374096,-0.200190614271913,0.00794407735599386,-0.00449737481032974,0.0434171504771324,0.0153575687105534,0.0014797359534472,0.0249578598825072,-0.0302189050696787,0.0312113815284708,-0.00769683407543836,-0.199003086233888,0.174731548023691,"E02000808","Southwark 002",532166.574632004,180073.021530194
-3.09338288940589,-0.119366363812101,0.0153188338423444,0.00791894010317921,0.0667086699600329,0.0159781175042031,-0.00580528871142333,0.0274016942655708,-0.0495407009961327,0.0410581465574207,-0.00635191151829806,-0.0632061712959133,0.216235183392826,"E02000810","Southwark 004",534150.854516132,179376.48145301
-1.91638881031515,-0.168239540416067,0.0108814128446385,0.00207690160493923,0.0534910726522218,0.0155977291415736,-0.00290356180273843,0.0292071325189544,-0.0403334893715119,0.0328410271819386,-0.00546194066243099,-0.140503626751701,0.204155224854236,"E02000812","Southwark 006",532997.492079261,179403.930914107
-4.32803324211837,-0.0792631495792488,0.0196689474978209,0.0147952114224153,0.0696336671305372,0.0178767157899979,-0.00578327935385868,0.0256520504225273,-0.0591188510177794,0.0579002551994431,-0.00841645218595092,0.0207301530428312,0.221346314411763,"E02000813","Southwark 007",535309.065140629,179333.350935063
-5.19123907789503,-0.0568208665677136,0.0221734532198527,0.0189356446607535,0.0664337752658671,0.0208506063881103,-0.00353326625699889,0.0237583008510934,-0.0647256724678901,0.0704225121949676,-0.00991881508183787,0.080690950064749,0.215673891347656,"E02000814","Southwark 008",536246.931896039,179394.02640593
-1.34989836069982,-0.192632685226302,0.00973690886199824,0.000137081200574164,0.0497355251674887,0.0179865943479483,-0.00114299918555011,0.0331874425715745,-0.0392963012910985,0.0324624943112799,-0.00248863093349071,-0.192639832447495,0.208677415442784,"E02000815","Southwark 009",532313.640126106,179190.244341504
-3.72354326176753,-0.113859138082008,0.0150973039049117,0.00920007708875997,0.068434972449154,0.0163976347881238,-0.00472697071108742,0.0253771001744788,-0.0524520786387581,0.0356277609322205,-0.00589103251279691,-0.00124729502510624,0.223128027280188,"E02000816","Southwark 010",534424.963917561,178621.667623153
-4.29001894864804,-0.0893867482125083,0.0180516574949854,0.0136805605870793,0.0691938733553375,0.0174969605510169,-0.00507979590896902,0.0230606437952468,-0.0571397548298579,0.0461671416157841,-0.00734012062978799,0.0306318777069722,0.219490532083421,"E02000817","Southwark 011",535059.358675264,178639.96157825
-1.93146102846256,-0.186540627095788,0.0094277008986991,0.000677046082409526,0.0545718604446622,0.0178199083370775,-0.00136910661915509,0.034303197896497,-0.0406312696712854,0.0285695932445683,-0.000286272417312789,-0.137985822336375,0.229428055459824,"E02000818","Southwark 012",532548.094812838,178582.888156483
-3.21213399825508,-0.138440421589964,0.0125822423253018,0.00531886723650686,0.0660545742991661,0.0163651277593394,-0.00388628860381358,0.0280472486953822,-0.04808751306358,0.0280898603526532,-0.00386761402107964,-0.0330986441045232,0.226576726707846,"E02000819","Southwark 013",533784.335583648,178543.169805166
-1.53200729773628,-0.212493588396487,0.00755586635683962,-0.00169740316850718,0.0504151843255072,0.019349204078766,0.00140724966504644,0.0383225339963501,-0.0386815205579773,0.0274001178116517,0.0034872670329321,-0.169796799954965,0.252268804218849,"E02000820","Southwark 014",531832.885247055,178237.807705468
-3.15173061642662,-0.159942973664658,0.0100268664770142,0.00236113818091136,0.0638291669193633,0.0162155107715653,-0.00259859139222776,0.028894781278223,-0.0450505023569277,0.0195267216025657,-0.00228801561282763,-0.0188975461271034,0.233354140530062,"E02000821","Southwark 015",533471.089020247,178093.000505125
-2.53598417110459,-0.185155156272272,0.00842384927811442,-0.000259036703112366,0.0595173976250541,0.0172521414454152,-0.0013096199021773,0.0332051508656373,-0.0409662683925333,0.0210251925527859,0.000605377427053899,-0.0714182846085537,0.2417361856416,"E02000822","Southwark 016",532819.089341984,178067.320256245
-2.37343314625706,-0.209176476662342,0.00609715611629378,-0.00293245243955138,0.0560579197759163,0.0171212230868616,0.000621662598774301,0.0352268672137702,-0.0372433782865188,0.016636193647184,0.00321409956391657,-0.0711431575676884,0.258930826672057,"E02000823","Southwark 017",532328.078360841,177681.310878789
-4.35326340043277,-0.12826382296348,0.0119666291748349,0.00694612510033853,0.0649315611800846,0.0153532369034242,-0.00301161207339416,0.0203227714440681,-0.0510966103580769,0.0146083966056902,-0.00636204250101076,0.0927640275177056,0.217495000969225,"E02000824","Southwark 018",534549.121582045,177638.658777947
-3.7476779441546,-0.182943059827894,0.0063494883931236,-0.0010161376266493,0.0620963640295079,0.0141891320260574,-0.00162950956004157,0.024632848091727,-0.0433688335984056,-0.00253119355548613,-0.00285142529052311,0.0802847768506075,0.23151452672393,"E02000825","Southwark 019",533573.652278858,177226.72670524
-3.34355630302344,-0.212659187448015,0.00369114398662542,-0.0047389931584501,0.0597736590856574,0.0142508022654351,-0.00047059926888113,0.0282086601683621,-0.038905243268445,-0.00454034918171095,0.000155833069704975,0.0582727725298203,0.245400990741962,"E02000826","Southwark 020",532971.438697793,177071.086501703
-2.90947053647476,-0.232987117959702,0.00151818517359492,-0.00688178159851274,0.0557224406887118,0.0144419833696355,0.00118294807595894,0.0317080512910348,-0.0341418440219826,-0.00180097412538991,0.00332791045968444,0.0232321671300334,0.266550895131082,"E02000827","Southwark 021",532271.0986437,176953.416227305
-4.61320018057141,-0.166078986353278,0.00676959843784942,0.00131869642559506,0.060632101623133,0.0129977534166458,-0.00194016427841016,0.0172280420796869,-0.0476089939563749,-0.0131629409526684,-0.00691332061166142,0.173148357878007,0.205579098285203,"E02000828","Southwark 022",534322.025720463,176842.99546817
-5.37455058995592,-0.139407872570657,0.00954128257020153,0.00637954641253357,0.0561251065417732,0.0138803460955064,-0.00164676939775077,0.0127382846425655,-0.0523687166742571,-0.00690438406552427,-0.00948076635436016,0.229405625980512,0.184565433659989,"E02000829","Southwark 023",534994.406115359,176761.546201155
-4.08982754183159,-0.2389636513379,-0.00155322559175738,-0.00856816555458261,0.0570338956691309,0.0107211181327296,-0.000636155983544233,0.0201008113437067,-0.0371395913900217,-0.0350857964423833,-0.0033992643392947,0.189839454703788,0.212795827700713,"E02000830","Southwark 024",533207.225213779,176207.919411428
-4.85720802429685,-0.21153659082087,0.00128738825954573,-0.00458143920977532,0.0558724108926264,0.0108110658469377,-0.000996261929989366,0.0145211561494219,-0.0434374056464126,-0.0373426421916159,-0.00764933340747049,0.254761687239562,0.184417219667615,"E02000831","Southwark 025",534025.6360581,176108.515525185
-6.3292366168834,-0.18670089000974,0.00364510593620562,0.000928903732849581,0.0464078030515191,0.0116810105260139,3.60704735821904e-05,0.00825281324468841,-0.0515861569145609,-0.0396747251620113,-0.0127740136381859,0.393300769482259,0.132854919889937,"E02000832","Southwark 026",534945.969080079,175819.129369525
-4.61594692974973,-0.255716791666434,-0.00776800056235439,-0.011084834891671,0.0541560134493239,0.00797376093975273,-0.000807842891706554,0.0142288185551192,-0.0329478050928413,-0.0560669813482213,-0.00547071531152116,0.284627597319067,0.17237065371189,"E02000833","Southwark 027",533033.340785707,175379.200482751
-6.08166040367025,-0.243871600900333,-0.00379723724423873,-0.00717841375891951,0.0466380695560469,0.00898105107028157,6.33117069023402e-05,0.00772471997643232,-0.0430316911724839,-0.0633752214503368,-0.0120122176578477,0.432354462174347,0.10843436287298,"E02000834","Southwark 028",534319.801879149,175068.848782708
-7.3457711036262,-0.239641513369033,-0.00120252996627162,-0.00175358343734897,0.0343979095393168,0.0111518963688638,-0.000466340126759546,5.83332669070833e-05,-0.0549963369636734,-0.054194996402357,-0.0177677614459875,0.560261211431369,0.0361439126017165,"E02000835","Southwark 029",535501.815480569,174841.420126263
-6.08296679077742,-0.256128521952009,-0.0105017742580723,-0.00955622157513142,0.0462441008763652,0.00803508785994592,-0.000247417122780644,0.00659041049059142,-0.0361369331502668,-0.0742677066502047,-0.0111559598771634,0.456078400767234,0.0846026481927384,"E02000836","Southwark 030",533643.874777118,174620.678852096
-7.15964417315983,-0.240991731246596,-0.00896584699835091,-0.00839096302122733,0.0385237466132003,0.00807084855998537,2.12050290023615e-05,0.0040873257126675,-0.0316046646147692,-0.0884053716769266,-0.0107733478845607,0.568876806699844,0.0314709672896738,"E02000837","Southwark 031",532970.528372891,173960.449670556
-7.59384538974871,-0.267238153278123,-0.01276906612869,-0.00732693599321867,0.034775384743358,0.00921259318525966,-6.56666506368168e-05,-0.00136402060641386,-0.0426873048878544,-0.0857484781375294,-0.0167549261044737,0.634288724920648,1e-06,"E02000838","Southwark 032",534406.05988623,173921.71068905
-7.96132790697067,-0.273755961071025,0.0125903104331343,-0.0118045829209608,0.0374377383279504,0.00337565421267447,-0.00154029977030921,-0.00536092595983242,-0.0279533197866462,-0.110003364318559,-0.0118313125534235,0.689191558462357,1e-06,"E02000839","Southwark 033",533648.481653015,172353.476081775
-7.52368941608974,-0.101576387823095,0.0264547844680224,-0.00125577952372243,-0.0210326242473611,0.0076883568717626,0.0171328670814054,0.00804531900679278,0.0213233383492841,-0.114070771111431,0.0193337344949679,0.444873177050772,1e-06,"E02000840","Sutton 001",527484.618597314,166913.914774194
-7.27469158756954,-0.0799943800106283,0.0275361028447977,-0.0043843041461227,0.0036807661869705,0.00944834148846279,0.020851632193401,0.00546298546059752,0.0257568687573298,-0.102838679100294,0.0206242986879345,0.380365464290957,1e-06,"E02000841","Sutton 002",526330.564474553,166443.008371811
-7.21620633169275,-0.0549747254320252,0.0289293745745901,-0.00854506694677504,0.0121880678375123,0.0126965135745582,0.024264594441906,0.00190629597590126,0.0302594686890014,-0.0889448112572727,0.0198816180309584,0.338701568151118,1e-06,"E02000842","Sutton 003",524755.469821751,166084.513580558
-6.82750552525748,-0.106403588933669,0.0278330420511904,0.00148279449769945,-0.0421722546944811,0.00722875064963958,0.0137394549621199,0.0136777605695538,0.0163362154087243,-0.116105661561525,0.0215635737855946,0.382467064759309,1e-06,"E02000843","Sutton 004",528135.391053305,165926.764035297
-6.79469595512209,-0.0937056180447406,0.0277133966639885,-0.000513477718089687,-0.0212528571932134,0.00813620566719525,0.0165343168173312,0.0113453587554925,0.0202026220244504,-0.110512369742112,0.021692553772042,0.35522886244844,1e-06,"E02000844","Sutton 005",527360.478246642,165782.515630205
-6.294813270095,-0.0308164474486198,0.0299956616459426,-0.0146317391777985,-0.0119094545597898,0.0173009371840877,0.0231120370547407,-0.0007729051939723,0.029340462729962,-0.0540494771593908,0.012934568189344,0.226742952515659,1e-06,"E02000845","Sutton 006",522708.12734303,165981.650493623
-6.99260553717768,-0.0713721250735521,0.0280559844440133,-0.00444066500463368,0.00276079002607197,0.0104496216712598,0.0213511821727123,0.00634671426835974,0.0268716851538011,-0.0994974994887919,0.0218134833093729,0.338387140131852,1e-06,"E02000846","Sutton 007",525892.86999623,165685.26068468
-6.58336802919582,-0.0332470869802408,0.0296139350881919,-0.0113874823768453,-0.0047494120859449,0.0164741602885949,0.0239549586730381,0.00134967137026866,0.0309118734907976,-0.0684216874597343,0.016428280786721,0.253304783923226,1e-06,"E02000847","Sutton 008",523223.294631632,165447.787948115
-6.76235961802337,-0.043898882558489,0.0288582880615247,-0.00769479681633418,0.000610780219511611,0.0143818574451506,0.0237766546718092,0.00367797012106008,0.0308980930782181,-0.0816795237287937,0.0200122051038028,0.280851483724568,1e-06,"E02000848","Sutton 009",524070.296825338,165018.46523065
-6.35928571592877,-0.113365776427958,0.0294293872516371,0.00316078244661482,-0.0591929092041242,0.00627794270327462,0.0111676522344564,0.0168988678901181,0.0126386542657228,-0.115663734685224,0.0224714421653175,0.345920218236012,1e-06,"E02000849","Sutton 010",528808.982381929,164945.704237518
-6.71009453709749,-0.128622200113774,0.0284580443770656,0.00374562643127927,-0.0743664036701822,0.00618201704880449,0.00852288385263882,0.0180087715737707,0.00978035038764152,-0.118903818332739,0.0225115304786101,0.407580913565774,1e-06,"E02000850","Sutton 011",529699.029214029,165792.465449302
-6.70444782404448,-0.0711645145829236,0.0285459300339721,-0.00284458737963647,-0.00650170183015549,0.0103034956084099,0.0202169017265704,0.00922748544910799,0.0256332917698689,-0.0998773465069674,0.022801564085562,0.310177248465953,1e-06,"E02000851","Sutton 012",526018.817894071,164633.663049773
-6.54879139660436,-0.0826297754677753,0.0284514193731948,-0.00118558784924393,-0.0154793425969228,0.00901172216718709,0.0178902427510948,0.0114951294182417,0.0221912645285666,-0.104577243353989,0.0226694596968404,0.311800377854771,1e-06,"E02000852","Sutton 013",526793.938996798,164719.15585395
-6.79212073458745,-0.0568266298118222,0.0286539742081394,-0.00496049147251836,-0.000704477229794317,0.0122552359588718,0.0224740594933759,0.0065212672461195,0.0291480386821228,-0.092011495405841,0.022233451056908,0.299252804149817,1e-06,"E02000853","Sutton 014",524988.166104995,164604.720564785
-6.30061519404369,-0.0946304436054696,0.0291761688957379,0.000987398000912692,-0.0337417351103127,0.00769845246857526,0.0149056094382645,0.0148545002069386,0.0178227380414771,-0.108628007369534,0.0225617718670511,0.30674768863329,1e-06,"E02000854","Sutton 015",527657.598724089,164347.644766357
-6.53945467674345,-0.0472175250411087,0.0284642066958027,-0.00504632019443647,-0.00692367403815392,0.0135967904671759,0.0225717099272628,0.00668453257527946,0.0302853229697137,-0.0835074044582688,0.0216388052470078,0.263897947054957,1e-06,"E02000855","Sutton 016",524136.684384647,163697.747958762
-6.07322634284067,-0.112004918559662,0.0314856718920188,0.00412638979790262,-0.06453884750499,0.00546570219940238,0.0100258551155502,0.0191337429939459,0.0110384717646889,-0.1129477988604,0.0224975224776551,0.315198874599145,0.00192610683219725,"E02000856","Sutton 017",529207.841842538,163695.644731568
-6.6269405417634,-0.0638880882853562,0.0290886771608685,-0.00279248106472504,-0.00946946508353444,0.0110123144193676,0.0207842711290542,0.00984157954107604,0.0268459143463208,-0.0958168116139439,0.0232991025831996,0.293275713363138,1e-06,"E02000857","Sutton 018",525550.75741486,163607.283208731
-6.09242404666186,-0.120617840925412,0.0326927707283348,0.00573287017665923,-0.0804925923889716,0.00439954912786363,0.00696968590482324,0.0211628852257442,0.008037160627349,-0.114474525281727,0.022529401971458,0.334713079424439,1e-06,"E02000858","Sutton 019",530312.938307134,163572.117467899
-6.0415430337968,-0.101106525694927,0.0314564103498682,0.00286637960442535,-0.0511616088897865,0.00631468434893861,0.0124107117905622,0.0183909264516722,0.013568633851729,-0.108411874575917,0.0222190869351748,0.292741662104242,0.00715811443255164,"E02000859","Sutton 020",528451.424290245,163237.271777525
-6.49095943183861,-0.0721510530133856,0.0295350310522449,-0.00142008222647886,-0.0168987917754955,0.00985263346624834,0.019144455574149,0.012046367616891,0.0243612355885787,-0.0990022905535112,0.0235753699485354,0.291541553187491,1e-06,"E02000860","Sutton 021",526178.063407445,163185.038744623
-6.33166440953608,-0.0809076341007267,0.0300965743882085,-0.000200767997283184,-0.0249127371682005,0.00869645442310511,0.0171576529578956,0.0143100987153505,0.0218103696673677,-0.10108074829521,0.0236448700385202,0.288329362426578,1e-06,"E02000861","Sutton 022",526857.097780007,162705.766105374
-6.03249817601649,-0.095803424756878,0.033098291989177,0.00339433781747148,-0.0512666796888854,0.00598549890002622,0.0121429772495144,0.0198151771037476,0.0145154613109514,-0.105725744763717,0.0226855059909108,0.285111905756571,1e-06,"E02000863","Sutton 024",528593.828704074,161586.631898787
-3.15109977387905,-0.016201265546705,0.020365580988488,0.0138226834965349,0.0523596433840959,0.0184489022049725,0.0180831212165479,0.0122702951855232,-0.0530086413260639,0.0398055055232129,-0.0240969690051052,-0.109681685021651,0.177328273980588,"E02000864","Tower Hamlets 001",536801.765497257,184035.86565295
-2.15076117674876,-0.114380308495264,0.0102257133757231,-0.000367296452517242,0.0213040994427841,0.0144858159188771,0.0045567660651371,0.0124387738398044,-0.0431892805301351,0.0496482094061118,-0.0217730080235916,-0.0947855843225236,0.212730266721909,"E02000865","Tower Hamlets 002",535070.148424527,183239.159322518
-3.56230423707394,-0.0543361074209224,0.0174174977357621,0.00988119672513759,0.0462276525844093,0.0190148529312105,0.0119148499370729,0.0187355434554285,-0.0632862080472426,0.0669913697499126,-0.0206326219621199,-0.0410041017777836,0.21661408986615,"E02000866","Tower Hamlets 003",536118.603077967,183271.365462734
-4.32987506139346,-0.0187449625621437,0.0240683562777541,0.0173941712280351,0.0839162455005323,0.0196730661033065,0.0145930179876731,0.0189927733943098,-0.0605000855249572,0.0532754435040595,-0.0207268256321142,-0.0284925423206693,0.175230199122178,"E02000867","Tower Hamlets 004",537217.034709593,183273.338175106
-1.62893791953662,-0.149997900546364,0.00671124950856227,-0.00625791021371108,0.0175872902293129,0.0106319258724475,0.000350898899859174,0.00942378325256584,-0.0299395616208485,0.0401157859220226,-0.021769788421295,-0.102467037984523,0.190382007297293,"E02000868","Tower Hamlets 005",534532.091827277,183042.974347218
-1.41359134094231,-0.18352910454072,0.00302902239460178,-0.0139860631546788,0.0181119431379109,0.0067916486003381,-0.000180424325297076,0.00553908374878875,-0.0143398518189073,0.0322546652792304,-0.0220235082036479,-0.0832608051676867,0.152667344517283,"E02000869","Tower Hamlets 006",533882.180931196,182816.805075868
-3.10289513513735,-0.0948377066608066,0.0134042931758057,0.00363914886711133,0.0360917985748752,0.0170635899944748,0.00457975839336736,0.0182355674387168,-0.0555936601899452,0.0621193829783616,-0.0190336338270783,-0.0387231350787498,0.221933232214805,"E02000870","Tower Hamlets 007",535460.375679255,182771.55922924
-5.42814807196874,-0.017981882588456,0.0275799817242779,0.0214368618331159,0.1147934247869,0.0205470051412159,0.0126043989194812,0.0236751370627782,-0.0612216401908257,0.0572780747494837,-0.0174118932636945,0.0436812488732612,0.156697224314722,"E02000871","Tower Hamlets 008",537882.235296635,182557.134884287
-1.70543974373025,-0.175573450560936,0.00452305703098819,-0.0115650556930536,0.0272943622809252,0.00788741126524844,-0.00197950836128803,0.00878472138728812,-0.0168737059068893,0.0349273430902285,-0.0197613954510835,-0.0736858282434885,0.160834433721805,"E02000872","Tower Hamlets 009",534035.977448441,182398.718542441
-4.00717986850226,-0.0722594863821621,0.0172156531508349,0.00830860665633287,0.0513703275110746,0.0193325297729025,0.00639442054984283,0.0227850441339123,-0.0672680775489009,0.0738123065563217,-0.0176703615558033,0.00922284906906701,0.224913326366389,"E02000873","Tower Hamlets 010",535925.673467696,182504.803735411
-2.87029533014514,-0.11308366348682,0.0118286697514754,0.00119203664671356,0.0360018279052365,0.0155259170948319,0.000747824875010172,0.0179140696998342,-0.0487186157390483,0.0568845356799583,-0.0179943431376507,-0.0426322914261568,0.214874190075729,"E02000874","Tower Hamlets 011",535176.497445256,182440.85939832
-5.42971378513966,-0.0291396095969368,0.0263085631450099,0.0189565528639391,0.0992802205547216,0.0213206126257459,0.0105264640985467,0.026669988904875,-0.0689004546690513,0.070286404602955,-0.0167865798215152,0.0596996567547781,0.18642861587753,"E02000875","Tower Hamlets 012",537318.815984416,182238.345431267
-2.38809438726841,-0.136843832320913,0.00942361578815492,-0.00254944019617032,0.03502085971419,0.012992033233853,-0.00212091457951553,0.015668394045037,-0.0367841070543418,0.0481610349256123,-0.0176313334852498,-0.0629825288428528,0.198484297501808,"E02000876","Tower Hamlets 013",534759.814770147,182194.908538499
-5.34766072505817,-0.0422153344851563,0.023818063306711,0.0159125552963599,0.081602749862287,0.0214175739550001,0.0078167947299722,0.0283059070895094,-0.0749140068272751,0.0806319133325788,-0.0160485351745484,0.0774006745773058,0.210610595831255,"E02000877","Tower Hamlets 014",536763.568600849,181980.329555016
-1.92842881103923,-0.171878906432168,0.00568626417108837,-0.00980205189791265,0.0371316379956028,0.00872601952177261,-0.00289680447495739,0.0118154106639507,-0.0171617370667043,0.0350084223833068,-0.0167747239782223,-0.0693030627437604,0.159088674886435,"E02000878","Tower Hamlets 015",533895.079981502,181772.540175824
-4.01901061452122,-0.0911845722826107,0.0160545714840099,0.00757608711113048,0.0506690858476296,0.0173152259026345,-0.00120953472537155,0.0256981593158447,-0.060095341063878,0.069141556846883,-0.0145159616229172,0.0273392751600996,0.222840405046003,"E02000879","Tower Hamlets 016",535526.274829227,181628.678795339
-3.05737362438699,-0.120683814237913,0.0122677160797012,0.00192676131079518,0.0455307807843146,0.0144968538747171,-0.00343733409594525,0.020896477482167,-0.0449826463277141,0.0550748558071949,-0.0149149187095383,-0.0280818505374846,0.20798789976201,"E02000880","Tower Hamlets 017",534986.787514011,181619.672126119
-6.22183535220133,-0.0202406157059137,0.0289053483176175,0.0236583073170534,0.119558031772475,0.0217344587257193,0.0104521814557197,0.0256084595908008,-0.060742103602326,0.0632261208101557,-0.0145073017572697,0.108817621226323,0.15472833644421,"E02000881","Tower Hamlets 018",538282.093085874,181602.299897946
-4.9860796792512,-0.0643428343614438,0.0202245662679436,0.0124369003575515,0.0632114559177581,0.0200634754650158,0.0028542910737196,0.0290746962879771,-0.0721655057942534,0.081208312931317,-0.0145102727722411,0.0788746395392125,0.225907445784591,"E02000882","Tower Hamlets 019",536109.538874059,181579.606991823
-6.12107057065202,-0.0268372590228352,0.0283010000240861,0.022391817027486,0.107321585791797,0.0223814578857308,0.00884181607173928,0.0262700876579984,-0.0642270634248443,0.0694880163651704,-0.0140566258563518,0.108224526237529,0.172729408013928,"E02000883","Tower Hamlets 020",537947.157227997,181268.107791443
-2.38121250836217,-0.146908980630331,0.00966764481602375,-0.00213002332395212,0.0454571491813412,0.0111744436998289,-0.00539492095670407,0.0181997865588527,-0.0298860410859029,0.0411420893883929,-0.0138144378243975,-0.0661715674386795,0.182939533948219,"E02000884","Tower Hamlets 021",534263.351019503,181246.603280418
-3.69596440465306,-0.103092377369409,0.0152427807424592,0.00685434999220068,0.0529607959929194,0.0154585806499373,-0.00484229573488109,0.0258409828214767,-0.0522613447933752,0.0607855465255284,-0.0125468230840625,0.00532054299019117,0.21500413649628,"E02000885","Tower Hamlets 022",535176.891869801,181091.092296544
-5.58643238053342,-0.049226018987819,0.0239744566374315,0.0167277402394857,0.0774335848307682,0.0217667571477846,0.00426570536708876,0.0295947725427848,-0.0718337541287843,0.0806278276917254,-0.0135029621210388,0.101449063230539,0.215588623801907,"E02000886","Tower Hamlets 023",536694.144750366,181036.290835029
-5.90680374477132,-0.0354736982494672,0.0269037408259802,0.0203407923778506,0.0924562260219004,0.0226183126973317,0.00667406344340519,0.0273928925162022,-0.0686622860818634,0.0759730764706779,-0.0136387160844795,0.103756698795691,0.193979919591839,"E02000887","Tower Hamlets 024",537423.105483326,181016.80714904
-4.38385014964535,-0.0844715488554575,0.0180381178779432,0.0106772845134964,0.0595527178177143,0.0176572139703298,-0.00346889962551391,0.0288632667722128,-0.0606175919764647,0.0696302378714577,-0.0119833914702496,0.043151965980132,0.222320456646175,"E02000888","Tower Hamlets 025",535550.313322982,180886.257601441
-2.8931798191748,-0.125259277770891,0.0133831839128058,0.00410328282232905,0.0564737023394549,0.0135641805050701,-0.0063019161657737,0.0235290611816835,-0.042280863192654,0.0463238770715981,-0.0109121546454792,-0.0557393344283766,0.201141798141495,"E02000889","Tower Hamlets 026",534473.749855697,180589.486016871
-2.81200229800713,-0.126230799995025,0.0136289951006613,0.00453155730254637,0.0582266809305752,0.0138020258478203,-0.0064310313242285,0.0241259208072902,-0.0424984496925075,0.0445943800851905,-0.0100808774177493,-0.0671739883186053,0.201677188969278,"E02000890","Tower Hamlets 027",534344.14713449,180399.507465472
-5.60663063433595,-0.0551024932855676,0.0225507739633106,0.0185598245018267,0.0832617428513341,0.0254000645094587,0.000787658372444173,0.00538782233570384,-0.0548613257137671,0.0649032922771119,-0.0125713978253394,0.109379713829115,0.173851222286671,"E02000893","Tower Hamlets 030",538312.680000644,178817.782974235
-5.13276735725741,-0.0639402761261802,0.021931117146951,0.0183379133938286,0.0718089641476389,0.024199467821705,-0.00132807969293745,0.00827536317909338,-0.0581410248518826,0.0653799957057107,-0.0118797290242635,0.0752926745017692,0.185588779622164,"E02000894","Tower Hamlets 031",537582.449927374,178670.784891026
-1.10873424690583,-0.117486511698096,0.019367839576528,-0.0144237224225634,0.0218161999883861,0.00725012966042142,0.0136932417425478,-0.0107365913242622,-0.0209498766632581,-0.107957301990886,-0.010723533130631,-0.148374921869298,0.0599628710515503,"E02000895","Waltham Forest 001",537872.578331195,194780.005338128
-1.45231190306626,-0.123764183205617,0.0134544197506318,-0.0129148212624896,0.0136531450342843,0.00729181573455478,0.0108085502828749,-0.0139145467194571,-0.0221580606756112,-0.106295327570613,-0.0104970047172284,-0.0820790913266261,0.0412862228777313,"E02000896","Waltham Forest 002",539198.58191395,194616.858400866
-1.10811642085712,-0.136994570009211,0.0123722776241352,-0.011979679126304,0.00285251472008058,0.00792335481249993,0.00947015002821334,-0.0196684739784059,-0.0296213700162409,-0.112858623300118,-0.0129959483001467,-0.0957687991486889,0.0320383411541106,"E02000897","Waltham Forest 003",539312.679575108,193053.749911181
-0.400017610494458,-0.138711860767537,0.0175889406567877,-0.0140420149963889,0.0088250086935058,0.00777302910266109,0.0124799537186519,-0.0163296499043062,-0.0323641159811552,-0.123267870766486,-0.0134633410583601,-0.193308758436773,0.0574700280881249,"E02000898","Waltham Forest 004",538163.342516713,192946.57964298
-0.109172005797338,-0.13360541826296,0.023474219428215,-0.015634569827463,0.0175014586068909,0.00729996901556137,0.014180317469331,-0.0128641887022676,-0.033094425197133,-0.125968446135712,-0.0136697140347119,-0.248284300145798,0.0766574544970366,"E02000899","Waltham Forest 005",537340.568145645,192931.976961498
0.193348200471605,-0.128930878583432,0.0284732211280051,-0.015376183799083,0.0207223494617639,0.00690728095735223,0.0145303756164665,-0.0125492062259695,-0.0397282113203614,-0.130781189673342,-0.0162078797925071,-0.29366957366121,0.0921015099943381,"E02000900","Waltham Forest 006",536827.40062487,192132.118148854
-0.73156416185958,-0.136788832819417,0.0131872970346585,-0.00930190927042706,-0.00585121484072979,0.00850628608507654,0.00927975695395681,-0.0247655370490677,-0.0380637273110256,-0.116591159982802,-0.0173938740530159,-0.131910804892412,0.0322122217723376,"E02000901","Waltham Forest 007",538949.014869252,191749.95381188
-0.040343265848457,-0.135440802677075,0.0190600297868539,-0.01002424011847,0.000262305297896441,0.00795291226800194,0.0121949577414575,-0.023391121428543,-0.0461951580616007,-0.131438698250506,-0.0206777743263049,-0.227369808991813,0.0583373545020233,"E02000902","Waltham Forest 008",537870.821140362,191326.343200347
0.199351600867908,-0.112592050680139,0.0366415260692215,-0.013324626787247,0.0271741635963284,0.00567698420889999,0.0140725869043703,-0.0136497147386576,-0.0526982275888639,-0.136110286160153,-0.0221303184260421,-0.31471832785196,0.101453712025515,"E02000903","Waltham Forest 009",536336.419213624,190955.778401361
-0.512484825310908,-0.132474681909527,0.013129738921372,-0.00619533539536842,-0.0157801929948151,0.00883958605438358,0.00885958442483942,-0.0295351088778261,-0.0457997962770579,-0.113889093429826,-0.0232417141972891,-0.14940727892188,0.0272540448469496,"E02000904","Waltham Forest 010",538780.351907135,190593.337408585
0.289985742306608,-0.123556337707541,0.0214040732954148,-0.00654654735211732,-0.00337417463689546,0.00781530813803471,0.0131526230511191,-0.0250153988687836,-0.0574290903551108,-0.127770605804682,-0.028786494719334,-0.273076276123364,0.0690464413437669,"E02000905","Waltham Forest 011",537364.725666631,190196.731495067
0.438732313022427,-0.112394519970783,0.0280679156546207,-0.00708209720802396,0.00636616944140822,0.00647205691020524,0.014254981276157,-0.0219852578765513,-0.0649932886367718,-0.132931058832837,-0.032444617539729,-0.310324178948659,0.0836843260817635,"E02000906","Waltham Forest 012",536715.438773793,189820.096272403
-0.0456899515512577,-0.128617711418126,0.0144029538445212,-0.00383552908419826,-0.022840360040831,0.00902626057084893,0.0100490605291813,-0.0311529359871944,-0.0526159307014157,-0.111003061375514,-0.0313336795476103,-0.202508042659543,0.0327257305874318,"E02000907","Waltham Forest 013",538315.562223892,189619.986995933
-0.215898531026887,-0.0707228566948697,0.042360578453031,-0.00972546565886887,0.0352783159317895,0.00555391232318299,0.0132011399510603,-0.00841963459013888,-0.0634813333972999,-0.106811747376931,-0.0321478553322538,-0.306154578836536,0.118518128777099,"E02000908","Waltham Forest 014",535581.893592601,189603.655063555
-0.32800935283593,-0.125837470692157,0.0123548921413047,-0.00303960266599826,-0.027667178729899,0.00919307748545405,0.00831653002477908,-0.0318422304401096,-0.0480963363726742,-0.104334366006221,-0.0314188130776776,-0.163141845870638,0.0218270805228872,"E02000909","Waltham Forest 015",538766.05167708,189298.264173449
0.629480594426992,-0.123853748432937,0.0180829208585192,-0.00311393861279183,-0.0230655040362517,0.00860513742306839,0.0132018942629247,-0.0287301919044842,-0.0593270795623402,-0.108122321296297,-0.0401967069132177,-0.289910485038172,0.0557915967383167,"E02000910","Waltham Forest 016",537425.347887274,188906.343250677
0.650362774669786,-0.10527244183415,0.0240176316861575,-0.00378984511585467,-0.00719866494655005,0.00767553229527343,0.014617960244328,-0.0219615682164376,-0.0649647429207417,-0.100340813648211,-0.0422660847286862,-0.32585062552776,0.0866057661925711,"E02000911","Waltham Forest 017",536625.117627397,188860.188150899
0.633618837860258,-0.0816115810519829,0.0269263813569125,-0.00506012900722874,-0.00208031241178187,0.00819240275454857,0.0153198250890556,-0.00951905145704451,-0.0601449491514109,-0.0620663932008818,-0.047361001931353,-0.351680606098846,0.128333917868296,"E02000912","Waltham Forest 018",535685.081707018,188174.107920574
-0.0687796635028683,-0.115619453178162,0.0124698002168198,-0.000826037144301804,-0.0323870773229856,0.00975662806748146,0.00911517329888687,-0.0307564752983517,-0.0446607566982295,-0.0935534070501926,-0.0380024573462679,-0.199142515045105,0.0260571014402587,"E02000913","Waltham Forest 019",538611.054508763,188188.194051914
0.686107545445018,-0.119885441253065,0.014637623568803,-0.00201481023567573,-0.0341628091939796,0.00993777960666569,0.0130446192110229,-0.0285471216120576,-0.0500785303849027,-0.0922592236343851,-0.0439623303900465,-0.288006686550575,0.0465527404904123,"E02000914","Waltham Forest 020",537759.859026064,188009.935776596
-0.815461591953358,-0.104737297442729,0.011509756984056,0.00107398901833908,-0.0283869297878458,0.0093316105011047,0.00666276089810692,-0.0305540834645994,-0.0403096570704113,-0.0911338915490842,-0.0336912156293208,-0.122544276044995,0.0169037220675235,"E02000915","Waltham Forest 021",539280.213471403,188158.263678788
0.687226409988999,-0.0816659877464748,0.0179177553681322,-0.00245997686354995,-0.021413253950081,0.0108771677495004,0.0191070124871431,-0.0117529363220294,-0.0533467739686786,-0.0425698743139833,-0.0469705377020113,-0.345874117423113,0.122047086762404,"E02000916","Waltham Forest 022",536276.630224818,187235.11810211
-0.111621221482541,-0.0765618229625726,0.0138748128861926,0.00400339175879877,-0.0166497828562617,0.0119908031284866,0.0129819451579592,-0.0261381849193231,-0.0421800481862267,-0.0782803563438691,-0.0422665523608918,-0.250072878115868,1e-06,"E02000917","Waltham Forest 023",538090.593389153,187168.273739525
-1.57303315828364,-0.073402100854281,0.0125102149972887,0.00670553116259295,-0.00813893091000417,0.0101270817053865,0.00701774544467033,-0.0267429745396376,-0.037296910556033,-0.0792291059841084,-0.0325510534478689,-0.0861781739297479,1e-06,"E02000918","Waltham Forest 024",539536.180484895,187150.673090244
-0.795569730381566,-0.0587378208516819,0.0145099592337688,0.00769459385392294,-0.00275119477056205,0.0124776335060722,0.0124517880588494,-0.0228024960898645,-0.0375579564062196,-0.072212068382721,-0.0379517162491967,-0.2063546169447,1e-06,"E02000919","Waltham Forest 025",538476.846585683,186696.983012213
-0.657879267826952,-0.031786111151374,0.0162548584923945,0.00837950182144497,0.00727369649713651,0.0144126152964998,0.0175395544665139,-0.0162770378648591,-0.0374189895079338,-0.0560030486606327,-0.0396618930650919,-0.264738108405593,1e-06,"E02000920","Waltham Forest 026",537640.142884669,186317.602689528
-1.66294191981872,-0.0421231217374971,0.0156842673957314,0.0119598704070533,0.0178806158396088,0.0129553684293054,0.0117985839387849,-0.0176824675822389,-0.0333429532949867,-0.0641847504331786,-0.0334621916941305,-0.150377414707822,1e-06,"E02000921","Waltham Forest 027",538885.521099878,186164.51729863
-2.53130222900367,-0.043433290028918,0.0154985666644424,0.0138362529120444,0.0256931819794907,0.0118618405947326,0.00861354823547873,-0.017096624335507,-0.0334515535785903,-0.0628955817149221,-0.0298760430987782,-0.0565237905829226,1e-06,"E02000922","Waltham Forest 028",539591.731862418,186023.295631527
-3.60831877250086,-0.0971412246265386,0.0300331522752916,0.0321279522990614,0.0266866063005168,0.00540655362621275,0.0158000564756968,0.00273990625267863,-0.0365666892894305,0.00482055630298284,-0.00822795753501908,-0.0287517657220088,0.535423324586975,"E02000923","Wandsworth 001",527790.041433007,177060.190960286
-4.17580246902048,-0.100330016264622,0.0311683094200997,0.0335281287444618,0.0151320087152972,0.00124681136470999,0.0143626813885306,0.000936827005225261,-0.0275306541242318,0.00176471914407668,-0.00518491097379181,0.0452079454735632,0.518080122808637,"E02000925","Wandsworth 003",527711.115492102,176525.087237255
-5.46325056198312,-0.0423247875515136,0.0341013947076127,0.0437150060109426,0.0129691838319519,-0.00240230945996992,0.0129912545495537,-0.0110072560174706,-0.0213090177070164,-0.00299247521592856,-0.00821287828312202,0.14850207898139,0.579279036279858,"E02000926","Wandsworth 004",526835.063918881,176249.314266672
-3.95520890079018,-0.150397498620476,0.022978393162957,0.024329181564301,0.00221988047309927,0.000384219474742845,0.0113933538259013,0.0057548062991508,-0.0232930831477884,-0.00168740317078883,-0.0015308824747393,0.0822941050766947,0.418047419627147,"E02000927","Wandsworth 005",528319.117945372,175940.035467841
-4.88799225763545,0.0243805751270222,0.0187678455361705,-0.00211843492106767,0.0518792285809733,0.0378646871049723,0.0427346762757823,-0.0289236561948022,-0.0186665730565172,-0.00634906904910214,-0.00153466082749174,-0.0277622273313822,1e-06,"E02000928","Wandsworth 006",523375.70379607,175759.313914999
-5.98028601389541,-0.0527453264447598,0.0316653954888678,0.042638658172074,-0.00320688992709984,-0.00606220721771045,0.0116484289760578,-0.0124903103993273,-0.0150547424467783,-0.00450410749808572,-0.00426543391855282,0.230118511532972,0.515555136873133,"E02000929","Wandsworth 007",526736.489764444,175664.465991091
-5.20378799320045,-0.102630830033087,0.0314305832585436,0.0350092187012073,-0.00657441371749223,-0.00485665475317324,0.0122479087290007,-0.00330122345636159,-0.0179196373409221,-0.0027678189391145,-0.00162064358681269,0.181068052754976,0.457843799717147,"E02000930","Wandsworth 008",527533.246548786,175731.818798254
-5.30241057673963,-0.1505499586824,0.0242320285555915,0.0259722433418235,-0.022329628986267,-0.00454064293334612,0.00934265479280235,0.00107098462637184,-0.0159228524579938,-0.0102997659188572,0.000605453609716676,0.25150552389486,0.341299833971915,"E02000931","Wandsworth 009",528164.10124717,175099.318933061
-4.93496139308948,-0.0138679042451632,0.0219992816708528,0.0344809169769289,-0.00372407852175594,0.00841662132402662,0.0239950006122077,-0.0301409833249798,-0.0217599402267349,0.011204268335281,0.00139804792822781,0.0807656229486988,1e-06,"E02000932","Wandsworth 010",524950.880920375,175114.515431044
-4.80399541496569,0.0054418872148167,0.0153366805047421,-0.00464241506358673,0.0319311488718363,0.0329266044438991,0.0390519930979871,-0.022907712188904,-0.012029213800154,-0.0270391140739351,-0.00231227690621697,0.00709333122315103,1e-06,"E02000933","Wandsworth 011",523029.475772516,175044.151097436
-6.59963990172585,-0.0663706284526566,0.0305769611162284,0.0417798025246487,-0.0290088992891947,-0.00823264747968858,0.01092093996718,-0.0134582704393063,-0.00989697789767275,-0.00411510029006662,-7.0834784166567e-05,0.323531674813721,0.432992696516832,"E02000934","Wandsworth 012",526610.344416673,175102.206727266
-2.50127992527215,-0.0937920733153801,0.00764407943433712,-0.042578053465366,0.0275007056744157,0.0175324392223636,0.0244570218184328,-0.0229020145612087,-0.0232294828498127,-0.100364042486709,-0.00505540341417171,-0.048687967374831,0.630793998295184,"E02000935","Wandsworth 013",521670.000220281,174688.302416669
-5.65502008961015,0.00909075133854967,0.0111294537408184,0.0264391828414052,-0.0204849869510932,0.0139051465497385,0.0175779054401604,-0.0199540436852763,-0.00246361416224097,-0.0278071411979038,0.0017027654413694,0.154888604929852,0.503304634359899,"E02000936","Wandsworth 014",524048.773110464,174493.250100112
-7.46601055687902,-0.128079170200356,0.0279097787011869,0.0312908466196678,-0.051988909223849,-0.00877205410175267,0.0095760075127943,-0.00697246549651689,-0.00671451146994343,-0.0184263728375196,0.00246810927472746,0.483733289257374,0.264064479178492,"E02000937","Wandsworth 015",527353.815318528,174216.674363071
-4.1884004643586,-0.0441174257420887,0.0168156836667314,-0.0123548395805638,-0.0110955307126698,0.0179936625949189,0.0220050557679498,-0.0191097447093547,-0.00233015143620766,-0.079531791857298,0.00401517374099922,0.0521538833594918,0.499666696821754,"E02000938","Wandsworth 016",522902.580256046,174116.307085059
-7.1131439720751,-0.161219374299215,0.024774756341372,0.0239867740588415,-0.0432982040743153,-0.00644856347198604,0.00882153181187412,-0.000742810880069317,-0.00924454792047481,-0.02715589877244,0.00209902785755361,0.470745096892717,0.232964603427273,"E02000939","Wandsworth 017",528144.757235831,174253.137303244
-7.88148525588942,-0.0529227598731728,0.0236417674110906,0.0399226628829675,-0.068900629786685,-0.00293087193390807,0.0118690982487245,-0.0171579213503559,0.000225655399936264,-0.00991441091250334,0.00275503663998004,0.467652571038114,0.311669791802264,"E02000940","Wandsworth 018",525609.332084291,174183.022594718
-8.20788957433612,-0.0891290129232629,0.0278339453826321,0.0381019790991852,-0.0698996846558541,-0.00779183489779066,0.0108401577784136,-0.0139915581011243,-0.00206289413979081,-0.0130408903388497,0.00362161729776292,0.535017054775921,0.270712931818246,"E02000941","Wandsworth 019",526382.98452076,174166.978322693
-7.14252135974469,-0.0302289528169531,0.0219392551242931,0.0335604528609151,-0.0708516955472281,0.00378599836810899,0.0160119353847722,-0.0165724929147197,0.00613015072775166,-0.0252538925834148,0.00375077080738954,0.362768101036347,0.318264100563471,"E02000942","Wandsworth 020",524781.083317253,173899.322947773
-8.26508614725938,-0.170349720765951,0.0225200868083258,0.0190866546019341,-0.0414595350040057,-0.0050543895379434,0.00908814847607086,0.000249815024824776,-0.00721484043042289,-0.0405349985689592,0.00143384019947151,0.606102637992734,0.169982443997358,"E02000943","Wandsworth 021",528436.055151694,173769.853610673
-6.03974093919007,-0.0303216761730725,0.0231496854213786,0.0200664174865559,-0.0641463562636064,0.00823922518014685,0.0199562362325723,-0.0154117630413101,0.00968422510239566,-0.0494070608185733,0.00530519042159107,0.239231071901988,0.340216772288085,"E02000944","Wandsworth 022",524094.970738745,173680.686121349
-4.20871698295931,-0.0939330683994922,0.0332057683860514,-0.0353851183876633,-0.0419169318041632,0.011498435956498,0.024349401676067,-0.0162397236320704,0.00980745532619349,-0.0644288271129757,0.00763257917243336,0.10644691705915,1e-06,"E02000945","Wandsworth 023",522542.243719637,172939.249451993
-10.405536988667,-0.111588910142074,0.0272246636777023,0.0303581640471647,-0.0879272852616088,-0.00481372572460106,0.0140650409562296,-0.0124254847016505,0.00545882836687952,-0.0389347105651698,0.00235652098782221,0.793408369320894,0.121832071281499,"E02000946","Wandsworth 024",526454.245404055,173290.855715004
-8.85920973417308,-0.0657821718497778,0.0295774094877397,0.0313663262002557,-0.0901867807587213,-0.000831780200913256,0.0187998601255416,-0.0146927638494571,0.012995634601993,-0.0419156153436555,0.00419904854253788,0.577604307453814,0.172695754441118,"E02000947","Wandsworth 025",525315.714819325,173289.170624664
-11.7013565879461,-0.165250376100115,0.0168353754227541,0.0102025413562783,-0.0227592855106835,-9.20600374077465e-05,0.0118306955889088,-0.000238900824775955,-0.00616167497390545,-0.0753780374954172,-0.00284965207146416,0.974880923970967,1e-06,"E02000948","Wandsworth 026",529060.578114261,172610.378191335
-11.5907953703438,-0.147419565016829,0.0236705248084252,0.0214977378406932,-0.0690630059485998,-0.00405029081283994,0.0138486503164471,-0.00782770151025608,0.0013414643275475,-0.0509816015040397,-0.000294595128914438,0.95079305636197,0.0615240393843582,"E02000949","Wandsworth 027",527457.815453183,172936.78491922
-6.52425484637966,-0.0614139742589263,0.0338322734647887,0.011264085933901,-0.0818709748296646,0.00394780187597778,0.0257345276313383,-0.0121716702870902,0.0197524487820267,-0.0666928192462956,0.00625746043470578,0.314119126756448,0.211046013072793,"E02000950","Wandsworth 028",524165.953009595,172883.157591392
-12.1416458198781,-0.160280483671116,0.0201182282211998,0.0156097112688307,-0.049731628485075,-0.00228915416643803,0.0138776921152319,-0.00563160986472532,-0.00143917154127522,-0.0658851007238403,-0.00246102272991533,1.0206507317104,0.0118969026890722,"E02000951","Wandsworth 029",528086.553170977,172616.729362014
-12.1869232166361,-0.164608279634493,0.018430070406808,0.0121597744583686,-0.0346694674930466,-0.00131848318707714,0.0133405656306295,-0.00398975637236142,-0.00256848497555482,-0.0770083119704981,-0.00325410234723254,1.02877874894187,1e-06,"E02000952","Wandsworth 030",528533.869047241,172414.450908417
-11.3636602186927,-0.117857197866272,0.0280223645374459,0.019563909133701,-0.0709574521605002,-0.00320186920418331,0.0206527351046462,-0.0138553616461373,0.0145497850359677,-0.0689887856092727,-0.000803525317472765,0.895697437967972,0.0491495054991857,"E02000953","Wandsworth 031",526319.843336314,172314.100480626
-12.1626355169569,-0.161626498744247,0.0196937155578922,0.0124358530406424,-0.0413647095448011,-0.00188963198662533,0.0155905608619107,-0.00891710778436362,0.00229161760988679,-0.0837183897556763,-0.00484429380735113,1.0263795852825,1e-06,"E02000954","Wandsworth 032",527871.978912197,171979.484119972
-12.1038563389408,-0.156313277209126,0.0205307097220541,0.0120721532466208,-0.0392911199534938,-0.00232925221108828,0.0170220994019707,-0.011213770187319,0.00557993373950587,-0.0879956380365628,-0.00535464324299539,1.01525502286351,1e-06,"E02000955","Wandsworth 033",527530.061197079,171796.377252926
-11.2871718139366,-0.133016813717237,0.0235556537473602,0.00951583151551519,-0.0261749584731631,-0.00237364618561208,0.0213564914239153,-0.0126341272016757,0.0133556002575152,-0.0933934179115963,-0.00402049707695973,0.898619698724218,0.005142344362279,"E02000956","Wandsworth 034",526821.802225112,171480.691319022
-11.2924869522275,-0.159260524596993,0.018232312300383,0.00602540664734637,-0.00859988875826857,-0.00116997624963845,0.0167331631986833,-0.011581759261787,0.00746667699542707,-0.102048902274014,-0.00586956272858262,0.92883425806368,1e-06,"E02000957","Wandsworth 035",527726.956548666,171092.754607897
-11.050834977937,-0.178106857877038,0.0159858217005899,0.00504399036088758,-0.0034708673257438,-4.31910043604979e-05,0.0118282296558309,-0.00661035352236974,0.00189999745565557,-0.104990087065714,-0.00445026925630253,0.92087118983092,1e-06,"E02000958","Wandsworth 036",528788.982336377,171219.399022244
-10.5212347394284,-0.185405653997005,0.0156335796696249,0.00349140072624106,0.00341123352109613,0.000512198730383022,0.00974719588482687,-0.00489693174056452,0.00199119116439004,-0.110673745338886,-0.00346763732895156,0.870089914513242,1e-06,"E02000959","Wandsworth 037",529258.053765356,170992.308063714
-2.42460599882375,-0.181801476695383,0.0158262737244932,-0.0430755796775939,0.0103815176661013,0.0199222642977283,0.0141657909137146,-0.01561339868246,-0.0154687103042412,0.00228680259064225,-0.0315940178469334,0.0312145003594767,0.031060439806803,"E02000960","Westminster 001",527370.678981384,183386.743348355
-2.38764944781439,-0.151403975501434,0.0275585869391068,-0.0294322704546881,0.00789334615591085,0.0231268529647616,0.0181464425765022,-0.0296433197130387,-0.018294773739067,0.00388942468653282,-0.0369042620028588,-0.0284459759593798,0.108674135950547,"E02000961","Westminster 002",526063.880018864,183245.327727674
-2.21228148737082,-0.164747030325748,0.0240244300737227,-0.031758862178064,0.00983627142373524,0.0232919246256649,0.0179597348347022,-0.0228613399259099,-0.0175563333063575,0.00482447477516792,-0.0392273374648378,-0.0375575417404405,0.0979021276127789,"E02000962","Westminster 003",526798.351656741,182761.796197689
-0.98609531094534,-0.183689638628539,0.0144530357856327,-0.0409160608375681,0.0274253388210371,0.021858712375323,0.0225841040958203,-0.0443052244030944,-0.0193956629232332,0.00373062634007429,-0.0237460177649354,-0.155146362651059,1e-06,"E02000963","Westminster 004",524308.002395089,182648.119959732
-2.13963511007034,-0.12877922148441,0.0342059923455253,-0.0237620292118064,0.0158903522577418,0.0287613994529877,0.0257060572774228,-0.0440992885148081,-0.0214470330316832,0.00600513260004226,-0.0377400204911248,-0.115292109661227,0.222509096143254,"E02000964","Westminster 005",524873.895902588,182523.786046084
-2.26648392979077,-0.138151190782071,0.0380146879998956,-0.0248922196943019,0.0097273879137738,0.0281014891455059,0.024285053290685,-0.0428326191381607,-0.01987840680363,0.00569336304876055,-0.0392368665462649,-0.0908877396370095,0.181176851044237,"E02000965","Westminster 006",525551.155171536,182464.259583292
-2.250815829009,-0.142354051854647,0.03493453525673,-0.0234363057405109,0.0102926153278792,0.0267242734126364,0.0229186669999998,-0.0353531900191032,-0.0201305999530043,0.00596360667640677,-0.0404511924094699,-0.0847026701766648,0.16995520214955,"E02000966","Westminster 007",526150.089904123,182252.240438149
-1.98368441407663,-0.191521253191062,0.0142730233867737,-0.0398400405277897,0.0137063553387927,0.0211751947392707,0.0156483106123605,-0.0121352136788384,-0.017733358926719,0.00602564095494458,-0.0286230846898635,-0.0257342808673407,0.0537679359553215,"E02000967","Westminster 008",527883.155683204,182546.475348918
-2.18067389996841,-0.151772154714656,0.027528194599501,-0.0225110479177919,0.0119237786691242,0.0241106175920239,0.0195347029245467,-0.0228733692896627,-0.0207854174627747,0.00631727882859038,-0.0430715782035073,-0.0706245919929137,0.14569687150603,"E02000968","Westminster 009",526964.219053125,182063.405542461
-2.48842875424258,-0.11885153973929,0.046208206854706,-0.0199362922561677,0.0115237623905795,0.0307350456167678,0.0287108346443161,-0.0514639158042951,-0.0210410597286024,0.0057910248539272,-0.0401549319549051,-0.107865251455739,0.220687940581712,"E02000969","Westminster 010",525457.949846061,181815.726308678
-1.45495516077664,-0.180349252311597,0.0141614449053663,-0.0177278911638441,0.0206573859094145,0.0214602254739204,0.0162894329871263,-0.00422166372944951,-0.031045055598122,0.0123301228070222,-0.0280054883684787,-0.126477947069905,0.13003947088793,"E02000970","Westminster 011",528366.269372988,181393.746487416
-2.07941666602286,-0.149950002442033,0.023184794049427,-0.0140357569089436,0.0162605933056639,0.0219455882928695,0.0177709868829516,-0.0125751754034763,-0.0287223168774635,0.00783697363694337,-0.0394742179761267,-0.0859763012746158,0.168855235321832,"E02000971","Westminster 012",527625.545529365,181524.758599455
-0.814222022825066,-0.210852762421516,0.00682470209987268,-0.0208133206289528,0.0263191773435637,0.0214607653321061,0.0152054657625873,0.00292466539554154,-0.0282253199251742,0.0183820337864585,-0.0179074833038394,-0.177085869678922,0.100701244031573,"E02000972","Westminster 013",529180.596623707,181227.771463664
-2.85243291336535,-0.097042632172432,0.0510518732506591,-0.0136016596867426,0.013383085711027,0.031008329326885,0.0307400196547646,-0.053717929154302,-0.0231177241919333,0.00459816396352472,-0.0392576212785069,-0.0994282288848091,0.253755569426305,"E02000973","Westminster 014",525452.923636288,181365.681109662
-2.59797131691924,-0.113587266258761,0.0340164649549136,-0.00382876254693346,0.0162725942973107,0.0225917098262505,0.0209456231466521,-0.0227058389880274,-0.0296161464048294,0.00630913377119414,-0.0469037676804687,-0.079065130251657,0.231040040560295,"E02000974","Westminster 015",527027.195014512,181253.574154764
-2.92549692415851,-0.0908979416895229,0.0436385276712536,-0.00134786797586383,0.0160067526012964,0.0249665535983887,0.0253822438671123,-0.0366269274651029,-0.0281679792667008,0.00542320772912337,-0.0460254186480467,-0.0811222418747431,0.261783642387312,"E02000975","Westminster 016",526394.63516271,181127.948103737
-3.24391908515081,-0.0738029483390411,0.0508215162910073,-0.00144566539615941,0.0163458192430268,0.0275336213126735,0.0293041036754777,-0.0461517124646923,-0.0279182832603825,0.00389927516391103,-0.0410679724430784,-0.0768413292887255,0.287797466897781,"E02000976","Westminster 017",525856.369317783,180960.095629965
-0.232284026640095,-0.222956046957523,0.00728583342475029,-0.0097858585185737,0.0363595390868768,0.0236800557099072,0.0143288490187594,0.0173054439473146,-0.0500563647650115,0.0260712736504558,-0.011706999072212,-0.271495043029039,0.153235553858452,"E02000977","Westminster 018",529629.630166646,180418.066833469
-1.14455907699111,-0.156759964099952,0.0285625210535759,-0.00640205290816375,0.0291037200114023,0.0164677642184055,0.0215402010406347,-0.0281820868839678,-0.0546871417586369,0.0101458464726484,-0.0217493638426804,-0.203382182171735,1e-06,"E02000978","Westminster 019",527333.13591258,179978.215315835
-0.0283415224343413,-0.221143103996939,0.0100726858655589,-1.52699346376586e-05,0.0434211471128344,0.0257725991841081,0.0145609225112849,0.029818542864319,-0.0670599961578855,0.0314839782808427,-0.0056806112308482,-0.335192370610952,0.241131935877694,"E02000979","Westminster 020",529583.590122293,179418.029276444
-0.290890017948663,-0.222640676566107,0.00941482571014732,0.00107080314782122,0.0441239773380508,0.0242543578938836,0.0126258881287784,0.0362306003361185,-0.0581252153202735,0.0312943890009668,0.000319200168818863,-0.3145013273523,0.28665871517154,"E02000980","Westminster 021",529849.364461891,178670.139069717
-0.58416138960773,-0.193528613868341,0.0120281198305953,0.0084795333549243,0.0440869842091298,0.0218021009882002,0.0166144845948928,0.0278376008015922,-0.0622269049468867,0.0264970752557835,-0.00390377695831546,-0.302999697954186,0.352335284406746,"E02000981","Westminster 022",529122.159004529,178488.732602683
-0.971840702586693,-0.162474798066478,0.0153312663585376,0.0153904530393251,0.0453753094730987,0.0198639648560263,0.0190308085305086,0.0206495284005476,-0.0661939007782706,0.023541871355984,-0.00865601519841562,-0.283803456577781,0.401366632150456,"E02000982","Westminster 023",528658.052448281,178493.882893123
-0.624754008211948,-0.21037275307012,0.00971439445256926,0.00510957921134495,0.0416149269095645,0.0210299955272705,0.0138793164971224,0.0324193490021576,-0.0532637229927002,0.0261464520543933,0.000433727575903364,-0.283244066281346,0.340198906208474,"E02000983","Westminster 024",529508.668857668,178129.434375327
-6.3169508706971,-0.00863420971582978,0.0536824895398136,0.0212831260389201,-0.0252334312368818,-0.00976532880145626,0.0106214301034261,-0.00728184323916152,-0.0571049155957987,-0.0734035184587828,-0.0401524302866291,0.301293351390085,0.0834592574271844,"E02006782","Bromley 040",540860.642418247,170949.738890624
-6.43502036774872,-0.0317457826466232,0.0417187692118759,0.0194797498418405,0.00235873143833893,-0.00531546448447483,0.0052368894526372,-0.00957784095326319,-0.0637281878596525,-0.0671565899672446,-0.0412241073196565,0.333312765550969,0.0687135612963334,"E02006783","Lewisham 037",539891.234990542,171785.629049521
-6.18823746378462,-0.078602400101542,0.0402176773321129,0.0142289485384747,0.0244772732017857,-0.0068329091442639,-0.000604681140889783,-0.00552958606562735,-0.0678209342547102,-0.0834835908756815,-0.0328415286209413,0.354461296327404,0.000230931327969161,"E02006784","Lewisham 038",538860.620099159,171123.239009216
-6.17955195251537,0.0629876226588585,0.0398325605431121,0.0334753740913631,-0.0271001954666033,0.0160348687935709,0.0214700451543471,-0.000768728060401158,-0.0265840788365122,0.0364196250886131,-0.0128064942800787,0.0978721885577427,0.296531013764928,"E02006785","Bexley 029",545903.460740443,176630.845401026
-5.9130302962193,0.0561746993194315,0.0358306535544857,0.0317365036667211,-0.027491784931543,0.0160827648180727,0.016335146167769,-0.00320038883290949,-0.0270012810550381,0.0309008958816808,-0.0136086193555758,0.101092033339858,0.268794281045505,"E02006786","Greenwich 033",546040.773081253,177716.62092686
-5.65350746823666,-0.162204955563185,0.0273709979923175,-0.000123819163151448,0.023131986885214,0.00433882911418404,-0.00356169018266182,0.0123591794418763,-0.0110012160336135,-0.112357212646561,0.0156114374277769,0.319109654927343,1e-06,"E02006787","Bromley 041",536417.655877345,168510.839661421
-6.11980981339928,-0.179469332174344,0.0266370846794363,-0.000666622520769354,-0.00170629653872309,0.00457237448538842,-0.00330861118565992,0.0134177444973402,-0.00113305877460125,-0.119517203344118,0.0212735594341016,0.385652510398536,1e-06,"E02006788","Croydon 045",535195.883319228,167887.00266559
-8.94521169791916,-0.0214660790441107,0.0380616245501131,0.0116886953250087,-0.0415071982007754,0.000992420327760871,0.0084374373948788,0.0281804516241413,0.0087589566886548,-0.089276470428052,0.0214327247536555,0.561234423020247,1e-06,"E02006789","Bromley 042",542781.156446467,160023.581593816
-1.34960541950153,-0.145130799479311,-0.00326436166149149,-0.0506164943815182,0.04923002077701,0.0202104687361574,0.0430491548269086,0.0079454262576613,-0.0187359473642584,-0.0372294423784028,0.00205656591973529,-0.164674929577132,1e-06,"E02006791","Ealing 040",520491.014330113,179151.380590675
-1.589069720936,-0.136574000156989,-0.0028043257655732,-0.0465113331811385,0.0469455474206661,0.016456879036344,0.0407029447132029,0.010653383415663,-0.0215674839540684,-0.0609139953482954,0.00407035907450348,-0.130307087645436,1e-06,"E02006792","Hounslow 029",519999.222764534,178610.920967743
-2.15086165284702,-0.0387309974108437,0.0587648048004082,-0.0119349217242644,0.0465781456414537,0.0137178588111901,0.013592966157048,0.00586938697853266,-0.0150477360531863,-0.0620759619504138,-0.01146730040196,-0.201216009660982,1e-06,"E02006793","Enfield 037",533308.906350851,192110.320257156
-1.72785085978203,-0.0348939888646287,0.0589488843446873,-0.0135691652914118,0.0524507752512458,0.0108163961653482,0.0122397145664879,0.00367617635714477,-0.0272086019216604,-0.0614342998904698,-0.0152098418488587,-0.231425919596295,1e-06,"E02006794","Haringey 037",533814.612422684,191241.588318331
-2.44192086255354,-0.210593555825381,0.0051508360190603,-0.0259174265060834,-0.0097143957992313,-0.00256749968710678,-0.000699485493507881,0.0257559273468798,-0.0359123996883019,-0.086669015043146,-0.00978207986021285,0.167346444234256,1e-06,"E02006795","Harrow 032",512621.84963751,187029.667974629
-2.87651704388317,-0.175228150183853,0.00606752919431942,-0.0127323854471432,-0.00779949928398259,-0.0036553713452429,-0.000790221722488686,0.0251837613415998,-0.0407777718466473,-0.0856846007723859,-0.00462280090631827,0.185527050129539,1e-06,"E02006796","Hillingdon 033",511142.019838187,185045.893120289
-4.99593632702092,-0.0966530495573453,0.0178467554579133,0.0171071702273009,0.0541335777442041,0.0205029100182334,-0.00289978358966056,0.00285187343473681,-0.0570252815245898,0.0546104663347239,-0.0113874067754823,0.11333267276481,0.168514385125763,"E02006798","Lewisham 039",536776.105042327,177337.332238927
-6.77341853574824,0.0304563657990919,0.0262514031442983,0.0321539320522385,-0.0533515929585746,-0.00163846881731362,-0.0114456756462913,0.00310324700072126,-0.0275511421968013,-0.0703467332278182,-0.0181469686077876,0.40041664964589,1e-06,"E02006799","Barking and Dagenham 023",547548.505972958,186808.861360041
-6.77322958616942,0.0238433818634,0.0249588443575993,0.0321456288893199,-0.0359220196822971,-0.00135310562375246,-0.0115582071720266,0.0022470388954874,-0.0317100575459213,-0.0699009687044485,-0.0184412721823502,0.402819138146441,1e-06,"E02006800","Redbridge 034",546403.645925221,186862.129199086
-0.461185668475761,-0.223675094296133,0.00755929468081273,-0.00560093798802371,0.0446753495893734,0.0203659782071175,0.00716938007926568,0.0309693848076133,-0.0422895382477746,0.0321707943169006,-0.00437386177252613,-0.265522447192709,0.185790855986503,"E02006801","Lambeth 036",531003.592079835,179737.885935879
-0.874665559209808,-0.210328819024565,0.00861041511376812,-0.00249111964237229,0.0466925500421675,0.0191421756338535,0.00270700334923266,0.0337024891975936,-0.0392758693430548,0.0332718085937799,-0.00233478760757538,-0.23354679436075,0.203026968654434,"E02006802","Southwark 034",531662.18315369,179382.395200031
-6.50129974139982,-0.0546210052744954,0.0294763076663835,-0.00269937497527205,-0.0150852425380678,0.0119990363702959,0.0212897979235528,0.0104466692633619,0.0284827906824811,-0.0882060773535536,0.0233859095508407,0.270423977316024,1e-06,"E02006836","Sutton 025",524693.567372607,161932.836849332
-5.44481369730423,-0.0483329968576593,0.0239467944618067,0.0201922505250125,0.0743775492730082,0.0238201263828345,-0.000129564553175442,0.0163604359239374,-0.0628018037507688,0.0707807264091242,-0.0117005528333871,0.0860754925637494,0.194457515792854,"E02006853","Tower Hamlets 032",537406.603637998,179371.055705823
-5.83860429655124,-0.038580734204396,0.0259781538654689,0.0208962193533621,0.0822330330358345,0.0231762687448539,0.00359830927553307,0.0237219286996206,-0.0661630131414888,0.0752350686549773,-0.0124296982634886,0.106118925679979,0.19666569129737,"E02006854","Tower Hamlets 033",537416.207657147,180220.641135736
-3.73379228169,-0.135391634807265,0.00597840500181674,-0.0216781884189937,0.0224860328452313,0.00501281149039126,-0.00369537880102782,0.00706065215813784,-0.0165891347575523,-0.0584798147104205,-0.00703083680378134,0.192616891966019,1e-06,"E02006882","Harrow 033",516913.262093985,189319.109105821
-0.629710019394186,-0.0684597916824883,0.014425116869963,0.00164788407774909,-0.0217167998617629,0.0150092477132919,0.0160891649846183,-0.00867048342235392,-0.040833525025337,-0.00285385245054358,-0.0514675050129254,-0.224226255265079,1e-06,"E02006918","Hackney 028",535153.915216537,186787.939436089
-0.590020902455541,-0.0745219143781323,0.0159220368369594,0.00031968726711424,-0.0230470794065243,0.0152498986741959,0.013767613148086,-0.00556653815529149,-0.0386864757354286,0.00480144879570973,-0.0545387453639266,-0.224718487377501,1e-06,"E02006921","Hackney 029",534582.592671579,187045.35238983
-4.84936697456668,-0.040229951110715,0.0152551184509543,0.0164510696087219,0.0152580109862883,0.00352653956525865,-0.00552756894589383,-0.0123094640241605,-0.0411983257803544,-0.0758450997601945,-0.0191582865142868,0.248475602443014,1e-06,"E02006924","Redbridge 035",542803.307595691,187767.642284259
-4.05947537243339,-0.0677832737945867,0.0120962839058557,0.00678680275008837,0.00476260920072215,0.00413708483501053,-0.00374701597367625,-0.017780001274452,-0.0438206072431848,-0.0869094569979453,-0.0172790465117096,0.207130411811686,1e-06,"E02006925","Redbridge 036",542273.797639913,189351.065128616
-7.59019094520089,-0.00735071350118888,0.0260090153317309,0.021776211075335,0.0477669882545078,0.0175933906060232,0.0083042026750886,-0.0132630094666341,-0.0348373808700215,0.0460970643934488,-0.0209359007726221,0.328411492986777,0.237619719382409,"E02006927","Greenwich 034",540690.76243836,175179.258560366
-5.07841713275918,-0.0908943936152257,0.0184195091630692,0.0164023758793143,0.0645142690994314,0.0234499626726799,-0.00367451127976571,-0.00235828613402798,-0.0563027429187148,0.0621364942401313,-0.0127607153524814,0.110257602745931,0.165412678109324,"E02006928","Greenwich 035",537702.353009456,177610.999394066
-6.78164978311297,-0.0423193958874372,0.0215629008209542,0.0189605352236992,0.0972966682909797,0.0258638676537341,0.00385613595480438,-0.00481749026154173,-0.0422001657620416,0.059911446876969,-0.0126665463574012,0.221531103463925,0.167473556523558,"E02006930","Greenwich 037",539775.383069745,178275.199173359
-5.90752782903229,-0.104652926658666,0.0160329201159898,0.015132153269648,0.0690203284042768,0.0240414466682356,-0.00460841077521686,-0.00971145036263887,-0.0527372323164514,0.0615734137989622,-0.014107423178499,0.215359901929173,0.147008041963172,"E02006931","Greenwich 038",538620.662756862,177151.178319436
-2.10144623573807,-0.1540346776514,0.0114642755391827,0.00178196428290521,0.0544864284782442,0.0139476706031878,-0.00436421722937852,0.0249172425527458,-0.0382621032929078,0.0357279542339131,-0.00872783581494514,-0.120167983900107,0.192440057272803,"E02006941","Southwark 035",533491.878662998,180038.062119913
-2.23094079643863,-0.153006395348819,0.0119713334107354,0.00321046538090214,0.0570241881802098,0.0149083071596171,-0.00409080299432358,0.0274541350827876,-0.0418622043530641,0.0351492515606414,-0.00687926854535823,-0.116299800564553,0.202093075423845,"E02006942","Southwark 036",533412.46427827,179616.178159746
-4.18999195316904,-0.0796800043182199,0.00683388263440072,-0.0106817952247648,0.0284672414716814,0.0123646604488673,-0.0104321022255569,-0.0221142546629399,-0.00651944999105053,0.00184686970474954,-0.00664286069413987,0.174716995128601,1e-06,"E02006953","Barnet 042",521756.232660488,189981.546178683
-4.09826662766115,-0.0862813124846638,0.00798761640471053,-0.0104870956821671,0.0301338750136883,0.0129139721384,-0.0116015723137326,-0.019234296451368,-0.00537736118547999,0.00167578605573533,-0.00400929785869468,0.158395702950526,1e-06,"E02006954","Barnet 043",521395.744853562,189532.123274409
-2.64546081464628,-0.141073685445328,0.00447413296077742,-0.0294828439916959,0.00886835442817254,0.012335054777956,-0.00292523332890105,0.0287347551994645,-0.00685233424641441,-0.0306902107007944,0.0139823716860468,0.0482787495437783,1e-06,"E02006955","Brent 035",519145.962026962,185786.90334406
-3.04248210855334,-0.115631999989897,0.00605437795709909,-0.0266946255203428,0.0181348988572645,0.0145044568752145,-0.00292523704466785,0.027692911538603,-0.0050282921840706,-0.0204454286982133,0.0163784478006753,0.0515133336975688,1e-06,"E02006956","Brent 036",519710.668886464,185402.413698468
-2.91412299110232,-0.118946769530503,0.00587268995735368,-0.0363410553664449,0.0077445675812026,0.0102875787000322,0.0114134976945718,0.0245444521220421,-0.0210870971060208,-0.13812094152966,0.0226601637016255,0.0827758895319659,1e-06,"E02006968","Ealing 041",518535.558909046,181443.901979872
-2.99977987754704,-0.103704931309426,0.00724819664904449,-0.0279378401304323,0.0118923787540131,0.00534460624325435,0.00859597072850241,0.0225473154240929,-0.0255690405185037,-0.173682209207466,0.0201115479890664,0.0929466542846265,1e-06,"E02006969","Ealing 042",518051.054431283,180703.212379316
-4.60043931470904,-0.0189920782388083,0.0141168540513817,0.0413028531294862,0.0259147760380399,-0.00958423172085669,-0.00860363877468099,0.0193427561269219,-0.0619023955928351,-0.0785846214467748,0.000149665246095499,0.21649606825067,1e-06,"E02006970","Ealing 043",512250.975175774,179233.39572816
-4.66821229069882,-0.0155413667409831,0.0142115985794353,0.0450486681951084,0.0255895228616035,-0.00960741027559935,-0.00813085234883847,0.0191612749641725,-0.0642631234113888,-0.0701777471191317,-0.000855910260106442,0.21870389154021,1e-06,"E02006971","Ealing 044",511530.200619734,179087.899230229
-2.77098431862423,-0.0961863587814566,0.00575410642559682,-0.0249545681210241,0.0373962595792972,0.00639329082086687,0.0179226117852805,0.01850822865692,-0.0287063948110229,-0.13891472391019,0.0114638336648343,0.0160782266451927,1e-06,"E02006972","Hounslow 030",518701.937949885,178684.411615005
-3.35533697871854,-0.0625823555434013,0.0101357035821613,-0.00409812542856235,0.0442658620149248,-0.00120802365636207,0.00227546869217186,0.0169017831013507,-0.0373143129053655,-0.174467715347815,0.00736115008564306,0.0772937866793617,1e-06,"E02006973","Hounslow 031",517895.856101728,177869.198762372
-6.41539057842919,-0.149169351898449,0.0309328637666423,0.00479161269096253,-0.0787904275809421,0.00363318490522825,0.00105013024359771,0.0198011547411622,0.00663630203351052,-0.118467476061343,0.0243190647870149,0.406176411810047,1e-06,"E02006987","Croydon 046",532638.776551783,165512.535375282
-6.23451002115429,-0.136260523118313,0.0325894102781101,0.00604632173604587,-0.0816297279185262,0.00321795909787921,0.00142081823405418,0.0218024767633518,0.00627636046060031,-0.115676212331624,0.0231111329502612,0.375348850104742,1e-06,"E02006988","Croydon 047",532627.662828236,164547.835532756
-6.40896454535771,0.0724939500414644,0.0308211028049451,0.0322473112350731,-0.0203995449042594,0.0193788198268352,0.010818409007485,-0.00831298012035887,-0.0292090222987645,0.0199935604071094,-0.0168307200808595,0.168973650719702,1e-06,"E02006991","Greenwich 039",543966.21456617,179141.902828682
-7.00963656847388,-0.0205532015408349,0.0272905853068494,0.0265266506293056,0.0806535305523112,0.0238777537795427,0.00861019506462543,0.0064200382470176,-0.0447332892638912,0.0582471116801401,-0.0141357808068253,0.209593769954151,1e-06,"E02006992","Greenwich 040",539425.139411225,179145.516391415
-7.32787681940309,0.0081945192466538,0.0280842775622779,0.0286934814109568,0.0733681523304592,0.0242185624025183,0.0121739468173449,-0.000707434246092478,-0.0360391322979586,0.0532498414985816,-0.0141344442577025,0.224274378741908,1e-06,"E02006993","Greenwich 041",540385.63859716,178953.534992912
-7.13730687553423,0.0757672411823794,0.0307785172868917,0.0336391406805027,0.0355803219678558,0.0232237374824867,0.0152662089538385,-0.00928880029638042,-0.0293177712506392,0.0382541575900682,-0.0160402783046938,0.185607272021508,1e-06,"E02006994","Greenwich 042",542233.9672257,178993.525427483
-2.65563086146809,0.000597489075103856,0.0203900194671477,0.0185866964379816,0.0503345300721929,0.0167568176298981,0.0173001879171803,-0.00178723043070679,-0.031635507419989,-0.027195469085955,-0.0302907593797499,-0.147373702394295,1e-06,"E02006995","Newham 038",537917.070755759,184982.459535484
-3.17629556255054,0.000681937628931611,0.0212165042638162,0.0205965511367194,0.0630463413665911,0.0162606495926028,0.0152486696500147,0.000473781402913441,-0.0332442691982405,-0.0298764497986897,-0.0281976256598002,-0.102269302412126,1e-06,"E02006996","Newham 039",538497.973707661,184746.3503113
-4.74868958545459,-0.0061633639826286,0.026232285632234,0.0255494410703887,0.0962153517697174,0.0178362694877992,0.013859002710226,0.0141654055433804,-0.0450027051553519,0.00846639510904065,-0.0228541020066487,0.000389498337831813,1e-06,"E02006997","Newham 040",538215.55191704,183512.20477774
-6.44498110244931,0.052405050381992,0.028888252117941,0.0315044897884578,-0.00300625836071104,0.0193834305349516,0.0098051460440085,-0.00484044693151826,-0.0306419431005182,0.0162214487224628,-0.0166577336027571,0.182976168531037,1e-06,"E02006998","Newham 041",542883.561550059,180245.653340163
-7.25643587507018,0.0265380176353577,0.030250058346554,0.0335695633199173,0.0737601345928662,0.0217930815033476,0.0121849994895172,0.00398288630283634,-0.0358271711854709,0.0391788483130526,-0.0136170951261756,0.205593255491577,1e-06,"E02006999","Newham 042",540846.50402984,180141.65157339
-5.92134934692196,-0.170696081711063,0.0111239354862971,0.0116700603870366,0.0459988251946308,0.0194536275490589,-0.00431393403477571,-0.0144110489164762,-0.0553423779716986,0.0563165864276994,-0.0159077123748907,0.293592508452154,0.0928708116703158,"E02007008","Lewisham 040",538003.41345475,175900.487534233
-6.28669064623343,-0.202492120338759,0.00853953143733485,0.00908012046214352,0.0419112034067522,0.0166115199759741,-0.00395058476606227,-0.0163355156957142,-0.0576740289044889,0.0427529770349399,-0.0189981933097343,0.374078534442235,0.0306204234002564,"E02007009","Lewisham 041",538272.481738251,174993.897194018
-6.78936547533692,0.0116957815144331,0.022360750293552,0.028172439369245,-0.0104370403184257,-0.00215106864181476,-0.0116387794619307,0.000744268045981253,-0.0303013251056431,-0.0817197868969727,-0.015810384591367,0.41823966710865,1e-06,"E02007017","Redbridge 037",547209.621587126,188714.593423384
-6.80964332983358,0.0209344617757641,0.0243057795580448,0.0306777966748163,-0.029689400609429,-0.00215744859005901,-0.0117452238774951,0.00214673387339626,-0.0290626576381493,-0.0776888325833512,-0.0168364626180086,0.412160478442143,1e-06,"E02007018","Redbridge 038",547311.57605941,187941.782332966
-6.27577969898764,-0.000569996206313718,0.0212026591025797,0.0280686751249775,-0.0045660027401237,0.00114179331135637,-0.00941554227908176,-0.0021752243208263,-0.0377859225369304,-0.0664167290198822,-0.0194566165955039,0.359288899560752,1e-06,"E02007019","Redbridge 039",544346.962162576,186519.978600253
-6.35104451974068,0.00376254860973465,0.0219859126529166,0.0288199985755134,-0.0112667847663009,0.0016766036566509,-0.0091368590955634,-0.00129800908099132,-0.0368763987655604,-0.0616993371452609,-0.0201394912445883,0.360196467611551,1e-06,"E02007020","Redbridge 040",544409.317925574,186061.014857306
-1.31296642998701,-0.195380879885906,0.00995021641421731,0.0102226235873277,0.0340167837637771,0.0149768408572272,0.0135591374843983,0.025011716513292,-0.042816314022688,0.0171336472801255,-0.000573538815753267,-0.203343910492937,0.388462964042982,"E02007083","Wandsworth 038",529189.209605018,177375.532542245
-2.33432820056081,-0.184215332438447,0.0134388154382357,0.0148189798461082,0.0206615124645488,0.00848395646207969,0.0117394868473368,0.0168775232660574,-0.0324659593597779,0.00678623896765561,-0.00139310699030555,-0.0815486750168975,0.403719378327777,"E02007084","Wandsworth 039",528943.740975134,176636.763861614
-0.247225231853431,-0.170300698697527,0.00444890714374702,-0.00900646770742563,-0.0215721607085191,0.00664888003402037,0.00697372437701393,0.00246559857231194,-0.0135962107219314,0.0243467626462433,-0.0330376534593694,-0.188156768299635,0.15008115745877,"E02007108","Hackney 030",533489.026967412,184760.666751074
-0.482027089088481,-0.181606741327757,0.00288927770597802,-0.0117468220630105,-0.0144392568906014,0.00585114599921295,0.0053670681805835,0.00123013419552581,-0.0118995599487059,0.0257066065972436,-0.030446300118187,-0.155100190687275,0.144395389046929,"E02007109","Hackney 031",533483.858319839,184306.034956007
-1.53340038974956,-0.209950046794408,-0.00118237674338053,-0.0252961624510064,0.017826733129093,0.00412699968338823,0.00405062619140526,-0.00186439678633471,0.00123003938905684,0.0264641306028223,-0.0245642308074222,-0.0290301083098832,0.09515740845986,"E02007110","Hackney 032",532932.42663868,182900.197208887
-1.60622551281092,-0.203464753554315,0.000332050334046727,-0.0215498865070455,0.0232564569479546,0.00495614894554976,0.00174842212573057,0.00187726372783272,-0.00295264116396043,0.029012971034123,-0.022209550579291,-0.0397543042463408,0.116158982470838,"E02007111","Hackney 033",533316.311079251,182586.568230349
-7.0012242243931,-0.00885310774063108,0.0309042003633384,0.0290242725542857,0.106466933123588,0.0205601650481693,0.0110956552120455,0.0243048976976296,-0.0538067225951933,0.0537552396601369,-0.0154342846200249,0.180887458803114,1e-06,"E02007112","Tower Hamlets 034",538973.160875022,180908.735208383
-6.31139919856723,-0.0223373622640687,0.030396444254558,0.0255658551591931,0.0920283903388186,0.021083913423156,0.0104864950525643,0.0267553758821726,-0.0587800178778314,0.0605205773211846,-0.0156759605465644,0.122897077414335,1e-06,"E02007113","Tower Hamlets 035",538263.070527507,180486.974742482
-5.77689000751303,-0.0416718157660267,0.0247697596643092,0.0205113924241258,0.0851314644779823,0.0246712963496577,0.00277845317775196,0.0132799636679944,-0.058588034398343,0.0683446553657895,-0.0124631323582217,0.106152040036863,0.179426327912267,"E02007114","Tower Hamlets 036",538076.976649236,179498.497462725
-1.41978867119037,-0.226380238300256,-0.00261884766172299,-0.0425683213729325,0.0223238808739112,0.0113337324589475,0.0111928205445674,-0.00478023765589483,0.0132682348089529,0.0162298885888517,-0.0249587014327409,-0.0325032718097171,0.0366000082930346,"E02007115","Camden 029",530405.673682391,182562.10740517
