"Intercept","IMD","Asian","Black","Other","retailers___other","takeaway_sandwich_shop","pub_bar_nightclub","supermarkets_hypermarkets","hotel_bed_and_breakfast_guest_house","other_catering_premises","log_pop_density","alpha","MSOA21CD"
1.43960939820016,0.0601637262854023,0.00646704530203297,0.00958763245156157,0.0263416380235487,0.00762933731707825,0.00827785508834534,0.01619067125795,0.0311074770350463,0.0216244860611847,0.0115422638939393,0.150575424356964,0.0670791657860901,"E02000001"
1.21592058065549,0.0497854995999962,0.00442692595233845,0.0119885965755609,0.0379842246942089,0.00527738814017754,0.00584271689263332,0.0144092761249728,0.0169893474219225,0.0314154297800715,0.0122557425299965,0.126018897244123,0.000209893388903762,"E02000002"
1.23742311332141,0.0502292087782196,0.00472700528501951,0.0120096646988749,0.0410765561059602,0.00549449517236372,0.00598868732378631,0.0142089485173621,0.0170227243741098,0.0310970909240396,0.0125155309490012,0.127755202769569,0.000170459458391887,"E02000003"
1.26712769018852,0.0509720083845678,0.00508293745863516,0.0119046100436987,0.0438783652786954,0.00607981930645911,0.00634609286079764,0.0154513365029701,0.0168523759729743,0.0315695494372722,0.0129494538938545,0.13009021394318,0.000475757304366569,"E02000004"
1.2021651618129,0.0489804263783365,0.00478849320024595,0.0116933253902888,0.0408793314364516,0.00546491880271076,0.005953090575261,0.0140255458570404,0.016589805678687,0.0296964680280447,0.0122011933214565,0.123712919892597,0.000186730797307194,"E02000005"
1.22162198838192,0.0494681935148324,0.00490885801405924,0.0117379842878614,0.0420010223104724,0.00570043031064507,0.00609889086551955,0.0145095471639883,0.0166140446623938,0.0302329355563659,0.0124670647415226,0.125537358622568,0.000244559308217048,"E02000007"
1.19194708908831,0.0486096315983094,0.00482033719339346,0.0116543843964163,0.040777606017957,0.00541230545206775,0.00590808328006133,0.013986540531304,0.0165588264161072,0.0287171038643259,0.0120121932220427,0.122573115373848,0.00019098877167883,"E02000008"
1.16412489667314,0.0485440874298506,0.00471467423832336,0.0116534608592103,0.0398064512312607,0.00514737948830609,0.00574070915044294,0.0137258258319437,0.0165666043654318,0.0277028531705447,0.0114653517839162,0.119654158753939,0.000158936668533156,"E02000009"
1.20820331815637,0.048722007352549,0.00493129065193618,0.0116767797834753,0.0416352555088337,0.00562605030385172,0.00602711679422362,0.0145495205490119,0.0165372551126297,0.0290182732357712,0.0122493742011274,0.124121027415215,0.000305159044156566,"E02000010"
1.2579017020472,0.0506489314886145,0.00512490774086443,0.0119688735857285,0.0441329717291671,0.00605581031312854,0.00639981935236399,0.0154909255228279,0.0168307400903105,0.0307456982748197,0.0128946274564309,0.128934179164994,0.0586230630836029,"E02000011"
1.13397668623575,0.048745404960978,0.00469146942997676,0.011813451743893,0.0392633798728016,0.00486295047836016,0.00555970175841917,0.0139766774617434,0.0163526529297806,0.0259372179719327,0.0105023998040467,0.116220176756519,0.000164600395389332,"E02000012"
1.16952635734233,0.0482640020520783,0.00482022018528286,0.0116912582046992,0.0402592640701821,0.00524337386835633,0.00578443099999756,0.0140484571707692,0.0165490644839269,0.0272112567372174,0.0115073517776031,0.120117698141709,0.00019932369441558,"E02000013"
1.21679244515941,0.0488663350596962,0.00499478198161036,0.011761309983296,0.0417614225867235,0.0056531202884636,0.00602842411734144,0.0149096995965668,0.0166731599829765,0.0285602554687026,0.012232854083318,0.125052015691521,0.000466829211797021,"E02000014"
1.30013988607458,0.0523622104532486,0.0053585008554881,0.0124839361790215,0.0469081573842033,0.00627250850050958,0.00675489899477336,0.0159317121430342,0.0173431802548442,0.0310149571105094,0.0132788825654361,0.132944970323362,0.0690870699012842,"E02000015"
1.1351880190823,0.0488811866485327,0.00464781124509046,0.0119285220089494,0.0380962598696162,0.00456701137909206,0.00540898886947035,0.0144466905628618,0.0161469642672343,0.0243962515916476,0.00955256731203689,0.11669348481538,0.000243526296381882,"E02000016"
1.13564544966161,0.0492346193960815,0.00474020207951596,0.0120630307934232,0.039106090065574,0.00471798372026775,0.00548575959668319,0.0142791301492368,0.0162612691872391,0.0250497587884345,0.0100088215040922,0.116372346731959,0.000183768644200176,"E02000017"
1.1592915973494,0.0486092627201387,0.00483806383997556,0.0118413509747012,0.0401363799436837,0.00511393320390192,0.00570822803603715,0.014289171656132,0.0165568645661534,0.0262423905257648,0.0110839376524618,0.118894009277536,0.000205995142609938,"E02000018"
1.27610343713032,0.052111164980277,0.00531424367354539,0.0125651084189485,0.0455098992158242,0.00586725049534548,0.00645166808225223,0.0157563788765393,0.0175365922450563,0.0284301981491728,0.0124175949524529,0.130670419830128,0.0667558699141427,"E02000019"
1.21947280795099,0.0520322189423449,0.00514553671033759,0.0125301373522106,0.0428646503160407,0.00524737941804494,0.00597816713031766,0.0156079178992683,0.0172177937797571,0.0255423654560585,0.0109741257411929,0.124789222248382,0.0518486937474782,"E02000020"
1.4310179646566,0.0579627131294976,0.00594440694059606,0.0137224441878708,0.0538437627624525,0.00683022472550994,0.00750651152706908,0.0173344495879788,0.0188535916712914,0.0323492835107046,0.0142519877663795,0.145882719028686,0.0881842280063749,"E02000021"
1.14927330720137,0.0492455097499004,0.00474671515871134,0.0119821269093214,0.0386117994732429,0.00462158133032176,0.00542658022328581,0.0147861636378315,0.0161721312414043,0.0239640103487019,0.00963101454809569,0.118149659037453,0.000673157060618236,"E02000022"
1.19263168315734,0.0499864606643527,0.00500433589818563,0.0121033278321555,0.0414734316332453,0.00522260965373696,0.00583486982587009,0.0151523490114782,0.0169088454756747,0.0257812123594417,0.0110783740814173,0.122254018699353,0.0506198654388082,"E02000023"
1.50695641866357,0.0713995499651939,0.00671802165311106,0.0137908692602302,0.031462685961227,0.00883757009653381,0.00938964602884579,0.0172452271676916,0.0167621865391874,0.0437597864101485,0.013478625260321,0.155424298986157,0.0730874847139838,"E02000024"
1.43864929800484,0.0692555068350454,0.00782174562847116,0.0125081603793976,0.0304861950019938,0.00869011903018467,0.008986145355868,0.0163091152594957,0.0182807828702591,0.0432240063500799,0.0128121749258445,0.147670288963897,0.0690223147054314,"E02000025"
1.42955739568097,0.0700241682988514,0.0101416107209455,0.0122865394180286,0.0306831253339577,0.00906989162125432,0.00916996682575392,0.0157908388544544,0.0205213663669551,0.0461155715802963,0.0127329327170053,0.145281435025842,0.0676411198530127,"E02000026"
1.549381127069,0.0731564794828085,0.00672562567428384,0.0156484664752572,0.0318729834052688,0.00895681066257904,0.00970814288481113,0.0174881354416211,0.0161121900865069,0.0420955780938212,0.0139258023048631,0.159796208242674,0.0770057641873442,"E02000027"
1.47026880218314,0.0700467704616323,0.00826835121431947,0.0129890770789714,0.0307962499249331,0.00883010080175067,0.00931701497865453,0.0165374761789156,0.0188011066407515,0.042348878748249,0.0130857460894697,0.150994785672181,0.0731550851773058,"E02000028"
1.44882170873152,0.0701371501524668,0.00980033892426184,0.0125361303243613,0.0309186347603806,0.00903791467590099,0.00932753016840905,0.0160774565932028,0.0206495680025552,0.0441182374356074,0.0129104670391789,0.147666155052188,0.0711579320564514,"E02000029"
1.69696688204357,0.0826712753153286,0.00584673611677238,0.0221075341835675,0.0342410324451987,0.00946395964555867,0.0103150567035814,0.0189723180423498,0.0143117497516652,0.0404430788016432,0.0155568091730517,0.174107045146016,0.0852101816650498,"E02000030"
1.51054277372957,0.0710561089418341,0.0090219169331577,0.0136202479946701,0.0312939215882064,0.00899295351437154,0.00964437477266994,0.0166375498568624,0.0191794360614744,0.0399462884627177,0.0133517272375131,0.155221713007174,0.0791173491374252,"E02000031"
1.45244308654676,0.0731162463947858,0.0133890608516256,0.0126120349362814,0.0312957526806639,0.00961661905608625,0.00975367632923556,0.0157173183100602,0.0225149842228346,0.0476214835837532,0.0131262399334668,0.145440281216825,0.0774890360888159,"E02000032"
1.47950287699973,0.0723937048555484,0.0128150771953911,0.0128213600043535,0.0317996487479742,0.00947545351510874,0.00985751767582216,0.0159591310741239,0.0226961842123818,0.041841662511668,0.0132583597414545,0.149198833985151,0.0819586523914643,"E02000033"
1.54138733058676,0.0718161974597151,0.010530491301417,0.0138599870263173,0.031881448359327,0.00917773184018266,0.00978756065314266,0.0165087754949552,0.0200537054231135,0.0365781442446974,0.0134953614582133,0.158109283565965,0.0847929685709591,"E02000034"
1.60647847054704,0.0732276414459814,0.00819997637841824,0.0165874019900448,0.0318577062852643,0.00899456876440616,0.00971244673294272,0.0170184853952536,0.0165706437584948,0.0352548421661271,0.0139801304400846,0.166272726329221,0.0825310357787685,"E02000035"
1.81883006026705,0.0803622479700201,0.00535687948699307,0.0177924204489275,0.0320193863989812,0.0094518075317418,0.0097466515352755,0.0195549341197401,0.0131655929021877,0.0383175603611156,0.0168022748384748,0.190758042420865,0.0866223359366898,"E02000036"
1.84480939357333,0.0798276993034119,0.00534991216614072,0.0175631707750562,0.0305075397141198,0.00945445727117581,0.0093482081126956,0.0190590049239038,0.0132731983897684,0.0416198974664943,0.0170551187537987,0.19414130877361,0.0865836045927549,"E02000037"
1.59432631401083,0.0734294838121987,0.0130812126152458,0.0137790855827046,0.0330879073711779,0.00954118524490752,0.010018197903238,0.0163714500420538,0.0226855146526441,0.0353772224904316,0.0136927815413702,0.16276044064319,0.0893246212013803,"E02000038"
1.75599559172405,0.0807878519575795,0.00541808718395619,0.0185040962864453,0.0323468958965527,0.00940198809146759,0.0101342420350266,0.0195018355061387,0.0130124082994011,0.0348397725515555,0.0165185304985882,0.18299643575335,0.085985795546337,"E02000039"
1.77705407458935,0.0832252524507343,0.00608311610895928,0.0219975280100345,0.0338785674736147,0.00949514263798361,0.0103639076283124,0.0191277013117534,0.0138587712192524,0.0347059270099154,0.0163242150774702,0.183932663440519,0.086453280247482,"E02000040"
1.83175196871666,0.079411064731217,0.00535659306161834,0.0168972404719028,0.0300948166193272,0.00930941866874643,0.00949626270282477,0.0191876744723944,0.0128620964912091,0.0380478882881595,0.0165480600156279,0.192934494826113,0.0848997331107065,"E02000041"
1.68456383006576,0.0734141496962739,0.00919719589096388,0.0176856805400668,0.0321195709636018,0.00910622497696406,0.00961047094015031,0.0170419057809849,0.0167538672143153,0.0317375240951978,0.0144800813071158,0.17510803078353,0.0844631142640926,"E02000042"
1.70728921192011,0.0769662466421394,0.00747779433732113,0.0201333228729272,0.0324358726569003,0.00919472374652772,0.00977495076396754,0.0176790090889207,0.0147834992870807,0.0326173631203184,0.0149888043729652,0.177105398507331,0.0844531297583968,"E02000043"
1.75457653066285,0.0792422481368955,0.0052937339471569,0.0171135631686203,0.0301419692997239,0.00927483394655827,0.00982402699212155,0.0192586881222479,0.0126812907429461,0.0347785777683488,0.0162133014914345,0.183719114850395,0.0843675890247721,"E02000044"
1.74414790432109,0.0734165042635642,0.0137795772846049,0.0147984743102026,0.0339494864388965,0.00967653806139914,0.00990379269558029,0.016890370098642,0.022970503241774,0.0318437077884875,0.0142765288577631,0.180386306450438,0.0921509836308677,"E02000045"
1.71276208263543,0.0717707533866131,0.00800933465014559,0.0200847938735912,0.0302472544690461,0.00889746909193021,0.00926338837260361,0.017609002391257,0.0141977594376518,0.0290872734823524,0.0154712646228236,0.178826179185727,0.0821401959708519,"E02000046"
1.77384990129085,0.0791156033175624,0.00538503188424864,0.0165454035168633,0.0291688009948619,0.00918275108584536,0.00972638667221773,0.0190137104011837,0.0124893029570755,0.034869065071492,0.0160632318657717,0.186288071010578,0.0838682767668601,"E02000047"
1.71209027707865,0.0755231028662534,0.00580262115801829,0.0186612268016563,0.0290864643662576,0.00917949985314913,0.00983810102738729,0.0189775004417401,0.0127894122520331,0.0309034959079757,0.0165286748886953,0.178904464438343,0.0835548346741445,"E02000048"
1.72138121135045,0.0791982192224551,0.00534866689063313,0.0170197985946623,0.0289881855362758,0.00922487045120022,0.00995238177382324,0.0192262191937923,0.0124469804806141,0.032992494339975,0.0161004900987789,0.179890893710721,0.0836978380292638,"E02000049"
1.71116749487143,0.0683158436726027,0.00999588862498287,0.0182364248439378,0.0308056235711276,0.00877007532155261,0.00894882404926917,0.0170453805525949,0.015935518386511,0.0281344675672889,0.0149395514993925,0.179005469701251,0.0798619088940911,"E02000050"
1.69383464292332,0.0690861164196175,0.00700124754876159,0.0188231547749535,0.0253994932594225,0.00866810374161852,0.00903065547059495,0.0183637119632083,0.0128526280816897,0.028323448053563,0.0159697019049209,0.178050390965991,0.0786325343605833,"E02000051"
1.69204337742439,0.0646244670379162,0.00992004840221745,0.0188580788781227,0.0271066994573265,0.00833293787238877,0.0081826987826484,0.0177000008517325,0.0146147866283656,0.026286787658201,0.0150225750668261,0.177670254503413,0.07068200098344,"E02000052"
1.66797075784597,0.0763631695186901,0.00545083775321193,0.0169418750863402,0.0260781666169254,0.00909666756345302,0.00988093962637548,0.0193835347539956,0.0121753895541351,0.030642059316016,0.0162819568122473,0.17421725043225,0.0810223641369344,"E02000054"
1.63169234481363,0.0728272753196493,0.00555600185652499,0.016582940393081,0.023608123848113,0.00885672039359914,0.00950110949135178,0.0194395860461923,0.0120113599305084,0.0290366051255381,0.0161466916440451,0.170827135238697,0.0780578850808811,"E02000055"
1.54294641639647,0.0610395541281057,0.0084312422216198,0.0185760171025727,0.0196659537142312,0.00747412554810928,0.00724992138188114,0.0185317671368787,0.011869512447573,0.0229192491700142,0.0148078656154631,0.161975343989981,0.0567293975068982,"E02000056"
1.58271844062857,0.0691556282934897,0.00571140947125464,0.0161845016580036,0.021367196126688,0.00850424851515895,0.00896382089627047,0.01942508238907,0.01181894354517,0.0267407500684152,0.01570908903484,0.165987605814667,0.0740946016656293,"E02000057"
1.53983714328942,0.0617664437199985,0.00703733737688903,0.0167606006509443,0.0197163609423827,0.00766455844049462,0.00780013541701487,0.0186181951768869,0.0117210478059505,0.0243306679417691,0.0150752149954671,0.162204087928847,0.0650231163579415,"E02000058"
1.56172914949967,0.0764836799133363,0.00542465166431914,0.0162321688731118,0.0228065646606602,0.00877587313193411,0.00970076229297592,0.0180703311748998,0.0116186213159176,0.028792300382305,0.015066923943209,0.162095631386868,0.0808173992638088,"E02000059"
1.50901154375774,0.0638368905210731,0.00602957887589942,0.0158270724461619,0.0193133901658704,0.00788914608308004,0.00810994714170705,0.0190297546434357,0.0114959692335169,0.0234971962986264,0.0150424890926921,0.158550814403787,0.0676172656087011,"E02000060"
1.37660681015605,0.0580563299638537,0.00661279545995645,0.0152507558524595,0.0170845328587833,0.00699344432906242,0.00693302564660515,0.0184443283167406,0.0107299881069691,0.0175249032551725,0.0143025996289077,0.14429092085672,0.0541793243130273,"E02000061"
1.52505216480353,0.0689348905960161,0.00582653950405091,0.0160365644081089,0.0193479638398283,0.00836024340452522,0.00878068974817689,0.0194609648033309,0.0117039687695656,0.0225846797604522,0.0149053625323845,0.159347092841684,0.0737938948991663,"E02000062"
1.45175222953256,0.0641543481919817,0.0060830321242893,0.0157461417413707,0.0180789092510196,0.00778833562594414,0.0079653139649221,0.0193724414349377,0.0113663116806385,0.0196108940636697,0.0144672311831797,0.151755039434064,0.066627435137928,"E02000063"
1.36256766174081,0.0603150794176141,0.00642503227755528,0.0154819353338297,0.0173100104073592,0.0073124648492813,0.00723463011100031,0.0189920467698468,0.0109451953284703,0.0166980627777967,0.0140912552165614,0.141969370531705,0.0596935848220297,"E02000064"
1.77672616067822,0.0746221779114825,0.00723629220948083,0.0162250276119432,0.0724797289343415,0.00815958723322063,0.00935490482243961,0.0204326218924056,0.0229975586940419,0.0342414824895315,0.0165641573954592,0.180033534232784,0.123599183425927,"E02000065"
1.98466190985857,0.0828685112333451,0.00794668313510774,0.0173198722551342,0.084174629404538,0.00906895436317225,0.0106564871818355,0.0218672186528854,0.0251263390257029,0.0345976020590556,0.0182341207005808,0.200774322495026,0.142157766217877,"E02000066"
1.9623328265542,0.0810285860010077,0.00792970425010536,0.0171974372209532,0.0838872907571035,0.00927921881509695,0.0104560257352559,0.0217017699603856,0.0247817283568154,0.0370876550988882,0.0190321418326728,0.198209738517821,0.146741790429392,"E02000067"
2.04499436409605,0.0830911028487013,0.00836160943667566,0.0176366398113414,0.0904201502612103,0.0101643200865322,0.0110100234565273,0.0222321531563069,0.025591466768914,0.0404416797204691,0.0210234235246766,0.205748496447228,0.161153886973806,"E02000068"
2.21842404064389,0.0896843128459072,0.00910907080226064,0.018510802769967,0.100477343979448,0.0112325579635829,0.0123370150984541,0.0233522303016627,0.0274362553049627,0.039603708178155,0.0227072640495419,0.222731568835109,0.176320225091397,"E02000069"
2.21368992965836,0.0898005225899811,0.00887945726197096,0.0182732626502929,0.099365206727939,0.0105691939945994,0.0124718731784771,0.0233005994085594,0.0272112460958367,0.0356657623387914,0.0207242082954104,0.223043636750374,0.166579374633083,"E02000070"
2.34358490957818,0.0934777094867445,0.00983109099030183,0.0190314825945722,0.109193104023191,0.0124120310253982,0.0135502384838456,0.0240148723256806,0.0284985028990291,0.0390174287569267,0.0238903093089713,0.23451939157258,0.188096015029328,"E02000071"
2.29769677743816,0.0896620048982963,0.00998837666135202,0.0190094373522341,0.109266892436856,0.0130023204209948,0.0128046339514798,0.0234314290957535,0.0279063916740814,0.0483422290032385,0.0259241390462012,0.228839410313085,0.197518722558172,"E02000072"
2.35299722086286,0.092516664463311,0.00979744419011874,0.018756346365992,0.110034044607241,0.0118005616537463,0.0138079718377951,0.023854674172187,0.0282355325900368,0.0355173674009062,0.0218250874763356,0.236238308595402,0.179666168110537,"E02000073"
2.39426804068364,0.0938520333611471,0.0104743798682303,0.0194206798297323,0.113870753463063,0.0135032038847277,0.0137500581761067,0.024004863049352,0.0287934511502115,0.0431572145236697,0.0258861419591544,0.238596391923469,0.200567021006068,"E02000074"
2.44531362975244,0.0953093316450143,0.0105464716680819,0.0193228454255432,0.115559771446525,0.0133084977250931,0.0145431979570683,0.0244119856227988,0.0291649976271134,0.0377960540608591,0.0241548723360571,0.244567407397884,0.192634747355467,"E02000075"
2.34401200395372,0.0915858530401606,0.010061016951695,0.0186597077406198,0.110916996622185,0.0117239293501466,0.0137737547856029,0.0235587156788266,0.0279584371016185,0.0345803265609409,0.0208814209712402,0.235183163431376,0.177909133213853,"E02000077"
2.47061005744809,0.0961290014303744,0.0110149894223061,0.019700750236906,0.117802792176272,0.0141888521859897,0.0145289760878657,0.0243407472036835,0.0293472394877228,0.0414738751501916,0.0260327165012132,0.246188232847336,0.203000879527758,"E02000078"
2.45929731289896,0.0937704744382748,0.0112924905833263,0.019363986813339,0.117960660500348,0.0140203015798132,0.0146523131133387,0.02366288343988,0.0289531394906009,0.037771234264036,0.0235899962255164,0.245490817707844,0.192058656644892,"E02000079"
2.4145799643836,0.092592170371426,0.0115436406635844,0.0191265435205672,0.1174200482659,0.012944010101072,0.0140292264388262,0.0234372921863852,0.0285770194281195,0.0350817655716395,0.021207759940779,0.241161922492054,0.184916598679706,"E02000080"
2.4661637930147,0.0942198174081025,0.0113309075908285,0.0195747608744393,0.118018373289619,0.014397909103,0.0146538187320851,0.0236598837769827,0.028968547063978,0.0399979433421883,0.0247222140394735,0.245884989109946,0.198473692214097,"E02000081"
2.35805083033142,0.0920470874102157,0.0116777898758568,0.0190744714096124,0.114488041938322,0.0120895186118162,0.0133690352634924,0.0231308733177688,0.0280469203391956,0.0342998303272777,0.020119240157755,0.235606291405259,0.181843793668573,"E02000082"
2.48182406599323,0.0945093422538812,0.0117028435631087,0.0199118617087013,0.119309623112194,0.0149184970930419,0.0145787928433638,0.0236376558292004,0.0290668408105976,0.0439708379655828,0.0261927517456591,0.246867063106434,0.2076581235909,"E02000083"
2.43282174708464,0.0919755265186075,0.011880872351854,0.019260259951558,0.117956867742588,0.0140181549744187,0.014330982656968,0.0228901661018563,0.0286621951458799,0.0372012388390789,0.0223868566042392,0.242550346488977,0.185775433215511,"E02000084"
2.4250115961757,0.0912923805794829,0.0129570396604385,0.0193415433913659,0.119969163416793,0.0139602067332281,0.013857969564848,0.0223899002688971,0.028708008287914,0.0371559613182049,0.0216150285214885,0.241115332077122,0.182571045685891,"E02000085"
2.42811086434345,0.0914339082662985,0.0145902046495312,0.0197077557615514,0.122877705827248,0.0139860204106242,0.0134968606153115,0.0220637873703094,0.0289356685537585,0.0384692331443244,0.0216891615236265,0.240301284072588,0.182028236366447,"E02000086"
2.4786232642951,0.0927650347507881,0.0132474408867417,0.0198716153152869,0.1199409967866,0.0154301411467761,0.0146838796766754,0.0227006880392025,0.0292330833425826,0.0415501597959744,0.024114587923966,0.246224257391659,0.191701712082287,"E02000087"
2.4229915631736,0.0912066834622032,0.0143387129756513,0.0196560084893327,0.121085020479696,0.014799914695225,0.0139339519902892,0.0218706611197421,0.0291207766375015,0.0403585314655136,0.0224527294795657,0.239605948623336,0.179808164049552,"E02000088"
2.37394738392001,0.0911172861929421,0.0166484773546685,0.0202407974507931,0.123774942857732,0.0137478224859179,0.0130006576403043,0.0213401667644977,0.0288902314963227,0.0426375435407128,0.0218839089210761,0.232738803848371,0.174776695108598,"E02000089"
2.40310029764363,0.0921219304596447,0.0186222632458602,0.0203464643242375,0.12759902722245,0.0144286666969671,0.0131981444642648,0.0211128800090167,0.0295554241474756,0.0467826430197733,0.0227987621721117,0.234052981688757,0.171803992582237,"E02000090"
2.4362594925151,0.0930032287955373,0.0196452872118405,0.0203445263900067,0.12940692839597,0.0150204880887688,0.0134425420793904,0.0210881316820055,0.0299973657189746,0.0490578855046542,0.0234415777505962,0.236860066331913,0.170895110368517,"E02000091"
2.47255075962066,0.0932675721696359,0.0185507408124163,0.0202998771379151,0.12669188374263,0.0157485917589702,0.0139549972123101,0.0214622081354458,0.0302131717629015,0.0485752481961617,0.0240160898608143,0.242034217382396,0.175870024045917,"E02000092"
1.75272192366749,0.0778846290271674,0.00558774054020611,0.0162340175418107,0.0286201123020427,0.00892554911788784,0.00958674312359477,0.0177709095233942,0.0122351697496926,0.0359544824816257,0.0155345784202532,0.18416959666099,0.0829349586796745,"E02000093"
1.64937517285027,0.0777813123012881,0.00547622819747022,0.0161330249555023,0.0267601188477887,0.0088890461760151,0.00981974210468764,0.0178541910812662,0.0119169450176405,0.0328028497830103,0.0152183597982957,0.172015498813269,0.0823356496832458,"E02000094"
1.66791317646528,0.0758567848535312,0.00556302732361391,0.0162017175354513,0.0272552849869988,0.00853050360938964,0.00948882863255238,0.016005493748027,0.0119075767692515,0.0363014162879347,0.0147013164759115,0.17477148662372,0.0833142423794209,"E02000095"
1.64938534594378,0.0741373390236505,0.00510999973124436,0.0167125739637375,0.0264637562377547,0.00800518064116571,0.00899662933416903,0.014480796151599,0.0116832071578461,0.0458957880877634,0.0142405716073967,0.173308484503169,0.0801450472333432,"E02000096"
1.55689258339177,0.0763841104391913,0.00549028887279514,0.0161187162212831,0.024911926277177,0.00850441576520254,0.00969913231720163,0.0160948590198736,0.0115395312552066,0.0317340695822779,0.0143262993222087,0.161582603213351,0.0836878170640519,"E02000097"
1.60378798179202,0.0748900188596486,0.00544201146955176,0.0164432478993563,0.0260727859449432,0.00820283978291409,0.00941655081890836,0.0149798757494775,0.0116576554738185,0.0374536941118213,0.013989485930747,0.167581914490376,0.0847281613872345,"E02000098"
1.63053891460931,0.0735255067088214,0.00502691109889334,0.0168707369431007,0.025930534336685,0.00781580976411335,0.00898046731388786,0.0153545117203422,0.0113263891703518,0.047705060635393,0.0136373922122069,0.171248423761856,0.0798178827276693,"E02000099"
1.58903234169962,0.0713802152231082,0.00450492366716798,0.0169446299024282,0.0252716204670558,0.00742729466381141,0.0083531071493649,0.0147601137696032,0.0109691718785037,0.0548451577642593,0.0133746016618926,0.166996462903837,0.0717857871784933,"E02000100"
1.56138729032149,0.0781680508283904,0.00563910124682936,0.0166705457202895,0.024807208070364,0.00838837135809534,0.00979191120709417,0.0159902613471648,0.0115801723170052,0.0319723675057426,0.0139038079480384,0.161789018093536,0.0882674251107327,"E02000101"
1.54317243113589,0.0778607095110562,0.00562369503130952,0.0165221125794356,0.0224292798340041,0.00858233971614531,0.00970222536411713,0.0170148749112379,0.0116062319130077,0.0265594001215151,0.0144768042615587,0.159759257424679,0.0857405092521844,"E02000102"
1.55509165326671,0.0734689668526822,0.00584721192198756,0.0164635849028953,0.0202536907460363,0.00865550582723621,0.00930963503486011,0.0183837773126976,0.0119120032996329,0.0228654281062978,0.0150075215663002,0.161956590901443,0.0821197732956133,"E02000103"
1.57466694661573,0.0739193591427964,0.00518441869368378,0.0168873576270447,0.0251823862998092,0.00790662013879281,0.00919595923226614,0.0151919374996669,0.0112422493473182,0.0417849569717108,0.0134910261348061,0.164484753345636,0.0831796355000568,"E02000104"
1.54336215631151,0.0699077190778212,0.00437733032867946,0.0170414824833839,0.0247261024347148,0.00731926827758543,0.00823969744954443,0.0146051119188381,0.0105442901914264,0.0556145070727311,0.0129098212391844,0.161889321352309,0.0704042391563155,"E02000105"
1.57256109835172,0.0786764328180097,0.00599035809959423,0.0171440712989815,0.0221737000817257,0.00870388247742366,0.00967853446530473,0.0162036604097055,0.0120245674538621,0.0236052023341946,0.0146427975892496,0.163011090365713,0.0927920978352422,"E02000106"
1.52167313782372,0.0690067316533472,0.00654797440991339,0.016769348492286,0.0190667074320914,0.00851159746504574,0.00865473141105464,0.0194757112754321,0.0120993244841273,0.0193761699019927,0.0151973556820867,0.158478864043582,0.0793587299381952,"E02000107"
1.50251456726209,0.0681915776448477,0.00419276627098944,0.0171911334263323,0.0240759576469124,0.00703683619862596,0.00782013066978688,0.0140115730821115,0.010338402274387,0.0584373034600128,0.0125109903671567,0.157496486057566,0.0622918458638342,"E02000108"
1.58383962585582,0.0736127887537631,0.0065467067202055,0.0172357835446271,0.0203867700976045,0.00888494187594593,0.00919832733595013,0.0180465038445108,0.0124972599600028,0.0204255255650048,0.0156808224541942,0.164921551218023,0.0898577795326613,"E02000110"
1.55317433182304,0.0721121111671452,0.00457605573079288,0.0174960376399799,0.0248929740134083,0.00765557089103754,0.0085204635348946,0.0150128133379403,0.0105715957984886,0.0533234890254305,0.0131795091293573,0.162387660143499,0.0740868134608743,"E02000111"
1.61614721668436,0.0810342747830006,0.00565758480028467,0.0180117173408897,0.0253163291842938,0.00853687650870895,0.00966608271862278,0.0155735864990908,0.0116000450882772,0.035692150825457,0.0140449423712687,0.167654181818876,0.0903760724390084,"E02000112"
1.6427132408663,0.084382296104469,0.00645494632066675,0.0182087241819388,0.0241062892870781,0.00904255666099196,0.0101729476845491,0.015686859975768,0.012502016465952,0.024238310487846,0.0147266211541441,0.169874873974131,0.10134037640046,"E02000113"
1.6228801106367,0.0749231111831344,0.00719436421783506,0.0179455247305444,0.0210309662857118,0.0093282873090761,0.00930668023018858,0.0189053563488185,0.0130714499670058,0.019820843984625,0.0166608504053744,0.168670429553372,0.0968873079539962,"E02000114"
1.48581671063161,0.0678134716892181,0.00716023902509696,0.0172937303213812,0.0193836827629517,0.0086141805731218,0.00841592171682476,0.0204166311881364,0.0123792092917443,0.0178896057798303,0.0157443100794244,0.153830547655611,0.083351418778815,"E02000115"
1.66711216390076,0.0791817616160421,0.0073015736400531,0.0184313131870134,0.0224030011182645,0.00962873795550722,0.00970502359772786,0.01748120804683,0.0134294975043567,0.0204368672235341,0.0167255591215733,0.173024860146146,0.105494125633363,"E02000116"
1.70156633770702,0.0845355351642574,0.00718198449073565,0.0187773961990109,0.0238952720198227,0.00967961066847725,0.0102009929622538,0.0163347633616831,0.0133733143485296,0.0214304448612036,0.015972508430671,0.17624694310622,0.109269703072759,"E02000117"
1.62879909393974,0.0841689744813883,0.005570915778921,0.0187433556636976,0.0259348355810928,0.00879181655024699,0.00956828899369944,0.0159419262579496,0.0115384720743695,0.0382650212035529,0.0143336610382161,0.16833608184673,0.0896346735510475,"E02000118"
1.78732747026546,0.0944247340798623,0.00750947695282074,0.0202586337097485,0.0263853689687512,0.0102141228555735,0.0110368107003384,0.0166497414347485,0.0136848891146992,0.0238275627469706,0.0161398407067856,0.184053481923677,0.11455042817786,"E02000119"
1.40097728156961,0.0659422193014362,0.00911918823777234,0.0175433448044005,0.0198937297417819,0.00835216331920163,0.00814128993790946,0.0211203739443275,0.0124163347210684,0.0166512111100035,0.0159312612281869,0.143108809723308,0.0795398294726554,"E02000120"
1.55547330930698,0.0795384081422293,0.00484628230032974,0.0186671323966534,0.0255578581240079,0.0082961177784719,0.00887210964233873,0.0155487681213484,0.0109119243349768,0.048391719863737,0.0138517607785223,0.16073584954378,0.0792449549763724,"E02000121"
1.63916983236874,0.0757624866913816,0.00797333069254784,0.0186104272077823,0.0217497916120404,0.00978803768063424,0.00948339736340838,0.0213429488535563,0.0136419269836747,0.019479030176991,0.0176967052023509,0.169538182059124,0.101829210722112,"E02000122"
1.79056473436246,0.0885868324746671,0.0083222666428588,0.0200370923426491,0.0251580194278387,0.0106478489690233,0.0107081516976095,0.0173117120044514,0.0146861921637297,0.0213895154010987,0.0175587200572727,0.184944739039826,0.123028482728367,"E02000123"
1.5668810675508,0.0735578897123505,0.00904452795902676,0.018917063425194,0.0218369692638163,0.00967475018390833,0.00939123790240071,0.0221560221255554,0.013751562449848,0.0188605690610249,0.0176999986008618,0.16062312250345,0.100804041519037,"E02000124"
1.75510596171839,0.0838183936716403,0.00876339532885954,0.0199164180657241,0.024130243291227,0.0106958258177528,0.0104615135308523,0.0201445157536853,0.0148611015859955,0.0208451600598878,0.0190386157283373,0.181050843030161,0.120105235804467,"E02000125"
1.43495994632889,0.0681512251635166,0.011282363418074,0.0184641892290568,0.0210238816901204,0.0087886930136299,0.00864808488819261,0.0213268268928428,0.0131463139403373,0.0171030015617249,0.0167737741295308,0.145299557271755,0.0847477377913242,"E02000126"
2.51907154768778,0.0988036073955983,0.0179294982254066,0.0228681388240298,0.122025209029514,0.0142757969480022,0.0125451532915645,0.0225498096118162,0.0313353360595458,0.0702922514571796,0.0217783031940446,0.249287333685683,0.171137160663173,"E02000127"
2.40722155699911,0.0936533441704488,0.0216076362362106,0.0214151060559357,0.130731786632823,0.014282569847398,0.0126562270029408,0.0208223462911924,0.0299463964651073,0.0664949763930185,0.0234642270853915,0.232144422082735,0.160944975114028,"E02000128"
2.53911327228081,0.0868253912653687,0.0103570757881337,0.0142304244619366,0.0558908635496619,0.00997067305589969,0.0100601493479054,0.0220933675264365,0.0262827659029609,0.0500140115259423,0.0143722640808443,0.271872027059894,0.000257510564788511,"E02000130"
2.36713023649822,0.086538744018401,0.0099314909333684,0.0133799629267241,0.0502407347866314,0.00934162718401155,0.00934315881120222,0.0203677126555841,0.0236709143464534,0.0488791087697738,0.012971859633207,0.252960233394674,0.000205899064732243,"E02000131"
2.49459290967607,0.0865928684724962,0.0105234793398588,0.0152027676897797,0.0676738376506498,0.0103438071246647,0.0104319128589797,0.022214640675456,0.0277850530301753,0.0517647700712276,0.0156489665919575,0.264732171689982,0.000525079011792537,"E02000132"
2.51506115731783,0.0949201109238326,0.0251394281699478,0.0219504890412807,0.137620267225082,0.0152418561748056,0.0124907972197616,0.0207441420087759,0.0318306168013544,0.0967312318472599,0.0255134363628597,0.241291756186622,0.143471311900969,"E02000133"
2.51720857323496,0.0924845963140506,0.0177171431305365,0.0194809506009372,0.118990574005889,0.0137988255574437,0.0116559243190392,0.0218823548263968,0.0322809895159624,0.0742657409453921,0.0219608036090886,0.251165216931455,0.118663233328375,"E02000134"
2.33209890348789,0.0833342910292679,0.00997894978165894,0.01365802669174,0.0597938934055934,0.009468069847725,0.00961260082821455,0.0208816842907378,0.0249383804822259,0.0486918018427556,0.0136789381429099,0.247918931843758,0.000235579253152987,"E02000135"
2.4646082122812,0.0940936096991303,0.026546708113998,0.0211120793055977,0.13794931837373,0.0150423594208308,0.0128214504598906,0.0202721236557378,0.0305222341516947,0.0819550831120503,0.0251724628429005,0.23450331907911,0.151863129404306,"E02000136"
2.5833649828335,0.090235306904889,0.0130170463764338,0.0185017089748894,0.105675139992712,0.0123742460567252,0.0113711076641916,0.0228558566963343,0.0307002897638095,0.0593574699858076,0.0189695660241009,0.265704936120913,0.0931100804655248,"E02000137"
2.45545008444301,0.084157265172285,0.0109086039861046,0.0165292762714493,0.086716409358113,0.0108430177973342,0.0106947327057383,0.0219256493237741,0.0280654780766027,0.051745164826993,0.0165534551823955,0.256703564302283,0.0771825572421902,"E02000138"
2.46987510767617,0.0829743879201596,0.010120365622814,0.0149595459506266,0.070852795406245,0.00996778727036315,0.0101923814534184,0.0213193624226812,0.0264618509066344,0.0491849132334089,0.0149427023033688,0.262223400207969,0.000350306012407476,"E02000139"
2.5615434295031,0.0965853648642406,0.0289681329825267,0.0213110114350018,0.145230002524297,0.0157308445308822,0.0133293433162031,0.0205599398825081,0.0312248492416958,0.0798909578274114,0.026095794556481,0.242790646948583,0.15871655233248,"E02000140"
2.30434768788958,0.0799880807081936,0.00994204855975462,0.013837223897258,0.0686094005063632,0.00953502171985854,0.00976811928750792,0.0207928778237784,0.0253712650158947,0.0483611783217563,0.0145211479545474,0.243722870339227,0.00027120977101255,"E02000141"
2.51224543265515,0.092099545308638,0.022200505841946,0.0204566499458979,0.133845463413987,0.0146061441283284,0.0119771383727856,0.0212648913839489,0.0320843768861519,0.0780939185090757,0.0238173295337795,0.244041104090832,0.1248810454959,"E02000142"
2.49521475681092,0.0873648683739985,0.0150474154301138,0.0195645576198567,0.123750338118759,0.0131178949617432,0.0115401888906866,0.0220501783010879,0.0305223004697055,0.0617798184645608,0.0200536866899442,0.249330851031214,0.105562464756416,"E02000144"
2.58615587469813,0.0960782041424672,0.028790437788284,0.0209443951484112,0.144526100218862,0.0160286634238447,0.0135116661892088,0.0205757081206356,0.0308893984523006,0.0756451022146914,0.0262463053871697,0.246350550405643,0.164637746524009,"E02000145"
2.48465034085193,0.0881768563987951,0.0187453128959178,0.0202661884330065,0.13592368397619,0.0138137515620297,0.0118056493350675,0.0210995462811284,0.0308083475004024,0.0669031988133216,0.0218440789812162,0.242439179960328,0.117078652146581,"E02000146"
2.49790637996229,0.083031307335245,0.0120520213062944,0.0181053792529393,0.110166002760043,0.0118455694950283,0.011092049373678,0.0220286515313401,0.0288900471490643,0.0527917468758168,0.0179118813583116,0.255860498240381,0.0860577187002355,"E02000147"
2.61590328141148,0.0933058641715576,0.0281805954114761,0.0213733075657788,0.147165620036548,0.0152087596731723,0.0124718223012362,0.0206379994669604,0.0323509961469716,0.0832390022157813,0.0260232969693965,0.250265206244586,0.129609530809722,"E02000148"
2.58134927166056,0.0939930371103077,0.0299324186657954,0.0209106135467743,0.145377832409701,0.0154405947659774,0.0129266621324354,0.0200757524389258,0.0311943501997781,0.0908625027147815,0.0261824994718502,0.245508767569359,0.147372824631958,"E02000149"
2.4657521999309,0.0773088791453135,0.0105094749517552,0.016111786809263,0.0960452231319016,0.0106392755106414,0.01052703005583,0.0210308592259457,0.027029852847548,0.0493271368722344,0.0166651591469316,0.257368812743854,0.00125596549102307,"E02000150"
2.69243475809235,0.0942558250600147,0.0304616943693362,0.0216789352932904,0.151514095208176,0.0154938371178198,0.0127499251918495,0.0204679612776795,0.0327193933755926,0.0876263572713964,0.0270149922484329,0.257520510367634,0.131650414098343,"E02000151"
2.59982364155961,0.0892779831236628,0.0215121643368063,0.0208346890933677,0.144948174247147,0.0143329480324739,0.0121682927193003,0.0208938545654737,0.0314313207047033,0.0678547135009095,0.0230988745724642,0.252902320652539,0.12092770597208,"E02000152"
2.42609263835919,0.0809513830969703,0.01292626046014,0.0183642150961158,0.120786654115432,0.012145430415289,0.0110837078323432,0.0215064470361014,0.0289370703525935,0.0531922146752947,0.0182750156242348,0.243990755265854,0.0929931068183107,"E02000153"
2.71030264596394,0.0937674282861115,0.0310116504962749,0.0212622081303802,0.151924546825969,0.015419696078988,0.0128817682249742,0.0202366885608521,0.0325212085276038,0.0869503731256282,0.0270402429766594,0.259753709286015,0.137414762270184,"E02000154"
2.68430838851836,0.0942621125437065,0.0315139712342968,0.0209487244545596,0.150924008143659,0.0156328519194201,0.0131040852363939,0.0201404196499555,0.0319745666054375,0.0909082869814981,0.0269291964727896,0.256250114121251,0.148650094191955,"E02000155"
2.43642228840391,0.078256967902575,0.0112306582848196,0.0166336097003678,0.107683835507374,0.011152520428556,0.0107183826033939,0.0215740507628702,0.0280105082996114,0.0503693607506141,0.0172945315339805,0.250434815523317,0.0728112098069135,"E02000156"
2.73383981624981,0.091261651106412,0.0262915580166872,0.0210910625470926,0.150840725344893,0.0148091448299604,0.0125850087014875,0.0204908098488635,0.0324864674247011,0.071929878142113,0.025258799522818,0.266041964723745,0.128140978718052,"E02000157"
2.77420383146104,0.0941415409953501,0.0320648727895066,0.0211108531028246,0.155055602288131,0.0156030902535843,0.0131458918396335,0.0202470090376564,0.0328701588143953,0.0860709466046086,0.0274422392852001,0.266442000176176,0.145784227461098,"E02000158"
2.60358810401227,0.0829123835882577,0.0153962389878134,0.0193155425910626,0.139578224319588,0.0130899941745698,0.0115639500998228,0.020963931652153,0.0305980113382971,0.0554784780668588,0.0197820265282489,0.259259948285186,0.106517569965871,"E02000159"
2.47890705660939,0.0798751946054623,0.012523833060019,0.0177257399715787,0.123371147692885,0.0119305658330376,0.0110497172002546,0.0220262747864609,0.0295112777596315,0.051864130534324,0.0180777349272033,0.250366761672665,0.0854099940395399,"E02000160"
2.8382123600378,0.0926316195349121,0.0289963199472585,0.0212975122844555,0.15587488957379,0.0151615005000195,0.0129110264334514,0.020484948771175,0.0334286915000916,0.0741798825369431,0.0264650605849932,0.276362716386789,0.133253619348573,"E02000161"
2.83132516973654,0.0862524773854788,0.0186895825064891,0.020288722371245,0.154732553113732,0.0140716765651656,0.012284357290775,0.0209526268074782,0.0327018628396881,0.0585111917514594,0.0217331150812121,0.281311060627021,0.121460096390063,"E02000162"
2.90304132899648,0.0927847977641278,0.0295317513769049,0.0211175279389763,0.157678911892682,0.0152602186594283,0.0131438572221851,0.0204210935856313,0.0339934718551607,0.0731337742544361,0.0268506800964981,0.283957243750037,0.143588539971404,"E02000163"
2.55028349377584,0.0827656216672523,0.0137768129900813,0.0168652885347078,0.134426724730185,0.0123177593210282,0.0113099994617124,0.0232471457118629,0.0313914765413586,0.0525477041353795,0.0186316638897043,0.255399677378545,0.0961325355450361,"E02000165"
1.09849762735071,0.0466370327307015,0.00741052157606522,0.014624178371983,0.0147171774136259,0.00536336656480057,0.00541992001016913,0.0140075383148642,0.0115140807910097,0.0124205115817938,0.0134247052165117,0.113533432681588,0.0264638263314055,"E02000166"
1.0774418359802,0.0487668436343857,0.00730091598326201,0.0146443381064561,0.0145606800065071,0.00558672393138478,0.00530863819645576,0.0149118805046518,0.00984925746165567,0.0119893276477437,0.0133627918626402,0.110634798091169,0.0274372101318459,"E02000167"
0.968026564000668,0.043000598184523,0.00680776547879611,0.0127760470515548,0.0139650379217454,0.00548328644916878,0.00561479142934628,0.0128145609785351,0.0142737755604455,0.0117524693670273,0.0139044756111783,0.0986638932093381,0.0222158107923297,"E02000168"
1.1422167859586,0.0523058369709089,0.00758077803672065,0.0146348916672861,0.0156111486893966,0.00621116501168788,0.00584510162784282,0.0166492073087316,0.0100336952407287,0.0130589166704172,0.0135081353701057,0.117327458928485,0.0416136287933825,"E02000169"
1.33580995153743,0.0604861929328997,0.00681452489448631,0.0158150972777148,0.017579799738382,0.00741717278120612,0.00723144743680251,0.0192405987823098,0.0110935279401039,0.0159317989625316,0.0141877425315291,0.138369663541591,0.0626028122464952,"E02000170"
0.966657120600653,0.0447161874220918,0.00753002940250146,0.0146448365629662,0.013749168064439,0.00527262442899643,0.00529007929568718,0.013163273660098,0.0110926902614525,0.0113510241826156,0.0142405227548069,0.09768330153333,0.0176981899194422,"E02000171"
0.93142127239963,0.0426479569915309,0.00690779335654088,0.0135846917050439,0.0134784594253603,0.00545260151492143,0.00549125501355863,0.012622162254109,0.0132417323247512,0.0111721177834099,0.0142544396011175,0.0939998836525343,0.0184447544559618,"E02000172"
0.991685845651055,0.048076965658969,0.00788285384461632,0.0145972523489107,0.0145282391802769,0.00555226045138889,0.00540136098822977,0.0146305252469916,0.0100244669734287,0.0116106891990888,0.0139552443181905,0.0998561370748659,0.026078383246278,"E02000173"
0.933021794716853,0.0416384197759167,0.00615075813792162,0.0126632369979604,0.0137465111282144,0.00571272279862747,0.0057385385343277,0.012551845221369,0.0171233890640563,0.0115541370864241,0.0143702177131351,0.0944600039299184,0.0193843725519522,"E02000174"
1.19851232277794,0.0564147214266756,0.00834518323910799,0.0155061507138699,0.0169633125714448,0.00681278643533248,0.00651945171998721,0.0180543234753102,0.0106883721725622,0.0139730364327413,0.0139909267939506,0.122345286531413,0.0535212481308727,"E02000175"
0.967969990784131,0.0467250312753732,0.00788329534365898,0.0147673260498253,0.0142130860994603,0.00550245883788549,0.00542185481868415,0.0140088831505621,0.0102953018991124,0.0114913390781893,0.0144842897359901,0.0970916954573468,0.0237979352999283,"E02000176"
0.925382539472389,0.0432141068043448,0.00718384673128097,0.0143005800802078,0.0134136823540515,0.00550491827905578,0.00547481479674861,0.0127526344782292,0.0123348170496086,0.0111314679363739,0.0146827972436013,0.092792380244575,0.0183781578796434,"E02000177"
1.35231879025016,0.0626895080038007,0.00804889164874019,0.0165979401730183,0.0186484984614529,0.00779823788192638,0.00753731331316105,0.0203555804214884,0.0116183106958644,0.0159129179659704,0.0149637622535391,0.138944961157973,0.0692051679092066,"E02000178"
0.954665991339079,0.0455223486174903,0.00785021510530447,0.0148038361952794,0.0139451880711445,0.00552990405799223,0.00548259009442384,0.0135459615356266,0.0106631110388149,0.0114538597174453,0.0148902259775072,0.0956046702446994,0.0234351307077334,"E02000179"
0.923250384758272,0.0408248264814053,0.00574062911086182,0.012357118461332,0.013815392197215,0.00580639914890744,0.00584100867633296,0.012600240690491,0.0188988720291026,0.011723448189096,0.0141390287906509,0.0934052933599564,0.0198269874453427,"E02000180"
1.20403671681522,0.0577851728715695,0.00954774838592446,0.0161078543776951,0.0175321011914562,0.00698422789541901,0.00677192872947826,0.0182813852509121,0.0110764862551464,0.0140534713412787,0.0146196817496632,0.121857723731985,0.0561373128536645,"E02000181"
1.0274711854532,0.0497582883601576,0.00858934714801705,0.0155751001085512,0.0151303828200499,0.0060205048759323,0.00593867741448447,0.0149482323527842,0.0107453475688131,0.0121901486875836,0.0154004254760547,0.102827537148345,0.0364230724855444,"E02000182"
0.925986378159991,0.04327374912218,0.00707844164833383,0.0144608860953433,0.0134867103907678,0.00577844914961585,0.00564012013705385,0.0128780845769373,0.0130890161649685,0.0111597074162946,0.0152017971724323,0.0925407172267854,0.0200905774170299,"E02000183"
0.913669815977812,0.0410863285143019,0.00581536001446656,0.0126753355433021,0.0135972255290393,0.00590147192764558,0.00586530120842161,0.0127004396857007,0.0178804841287217,0.0113591128694514,0.0142874112469621,0.0920387981094024,0.0200730934304846,"E02000184"
1.27637811694346,0.0613566510548231,0.0106633023401539,0.0171291012749039,0.0187664512556572,0.00755968805972348,0.00740531537690567,0.0193281846877643,0.0118169381342926,0.0149098081381862,0.0155797800396488,0.128742886688377,0.0642410955475987,"E02000185"
0.946596901534368,0.0426830521634746,0.00640325923760626,0.0134366173932633,0.0139001730038061,0.00623518240041667,0.0060343496081253,0.0132523706276579,0.0168506430693341,0.0114542517479457,0.0154980733546929,0.0950998729122655,0.0244646093852624,"E02000186"
0.935337974480945,0.040931893839605,0.00551556214009388,0.0120061478689514,0.0140890869933359,0.00599132606914635,0.00606473364557301,0.0130421007253531,0.020590741615634,0.0118988650399815,0.0136212780125312,0.0947562059484978,0.0229765376293674,"E02000187"
0.971493006791279,0.042633237417605,0.00611900226161907,0.0125546530632587,0.0143311829354621,0.00636458018249683,0.00625225449759301,0.0136176076861505,0.0197298988155536,0.0118522461045301,0.0152665526693437,0.0982156204361596,0.0280451581222525,"E02000188"
1.05811342246739,0.0446669885606342,0.00619183944200481,0.0114950849588979,0.0153584786677062,0.00675466411407983,0.00663406560520661,0.014442542969382,0.0230475493226384,0.0127830468142822,0.0151152361601961,0.108235093310787,0.0367003120279551,"E02000191"
1.12849959400826,0.0474916129021694,0.0056642493967248,0.0102768331511729,0.0169676753424062,0.00652137956547642,0.00688557960392709,0.0143988061887849,0.0274594375102974,0.0149509807747623,0.0120305139882025,0.116803893456141,0.0411375159872936,"E02000192"
1.15403486730119,0.0481837553779389,0.00603678574205891,0.0103718887143704,0.0167438827786371,0.00690047636439362,0.00698616589272488,0.0148757165878782,0.0271453860510819,0.0144088435594222,0.0131501965232892,0.119376050971343,0.0445107457975923,"E02000193"
2.35881028514849,0.0845025024513558,0.00997516262130098,0.0126353166645774,0.0541996170555732,0.00900976044969479,0.00899660369855839,0.0202009172721477,0.0232665005735374,0.0500727080930968,0.0129609634307055,0.252041220774568,0.000196133019471958,"E02000194"
2.3789860104561,0.0815095943465558,0.010053074163186,0.011968284474678,0.0553185742081108,0.00882028060724927,0.00862802971648343,0.01986754923736,0.0229217367275386,0.0505705819822775,0.0131861356404997,0.254808439917056,0.000193151773144966,"E02000195"
2.34581498314989,0.0764283799274847,0.0100821041496896,0.0114158659387488,0.0610169541992458,0.00875810101189417,0.00857849963431747,0.020557689871281,0.0237002198289471,0.0504835408034966,0.0140528665909282,0.250786234770939,0.000201359635130644,"E02000196"
2.31772462860285,0.0727138338992066,0.0101112881475742,0.0112229472955516,0.0650435561747136,0.0086987519551935,0.00847589662539775,0.020729379959625,0.0239339962111822,0.0501172789464805,0.0148334109844453,0.247352879815684,0.000218280138495698,"E02000197"
2.29563306241698,0.0783550560129974,0.0100505169395816,0.0117746669885135,0.063536730902107,0.00891384791738546,0.00893078179466586,0.0212504950168746,0.0243531290374364,0.0507497972834071,0.013955234987345,0.244158198828365,0.000204105856035316,"E02000198"
2.26996691128632,0.0787199061407561,0.0100870029275166,0.0121119208931502,0.0674535555223676,0.00905048543983853,0.00916243617986552,0.0216631404169452,0.0250176040982836,0.0506344971584291,0.0144407427472042,0.24035781078184,0.000212411255236423,"E02000199"
2.23597499152086,0.0791375373045798,0.00999546598448823,0.0125918158562759,0.0672618127582462,0.00913254102195107,0.00934588802364192,0.0212018060786846,0.0249719035177945,0.049738383896174,0.0143925207885614,0.236236522972979,0.000225250724517177,"E02000200"
2.25558622198075,0.0786341839098466,0.0100159483867453,0.0132670270973623,0.0735948138223841,0.00939955557428629,0.00963884921409556,0.02113032089466,0.0254037475785585,0.0492441713864968,0.0151643720271506,0.237400060233856,0.000250672995013555,"E02000201"
2.23899709829183,0.0735031724980025,0.0101012058772004,0.0114706483396001,0.0712452481092366,0.00883997213380077,0.00868792995805967,0.0214652164404486,0.0248094297762211,0.050453833697029,0.0148106357000239,0.236899173227802,0.000229041370762587,"E02000202"
2.21214478952129,0.0753480876193961,0.0101073407795147,0.0118221366961316,0.0738259281360889,0.00897482208349707,0.00895585883188422,0.0216681123190537,0.025076951096989,0.050408381666427,0.0149734350577601,0.232940306361352,0.000228176381550266,"E02000203"
2.1963633800026,0.070671578174446,0.0101510785543092,0.0114127756485941,0.0750364617518373,0.00877437769001459,0.00851650576187651,0.0213716434569103,0.0249044777889575,0.0500072662688047,0.0151851938040552,0.231545528236156,0.000256698318381519,"E02000204"
2.15480351495489,0.0741091567653636,0.0101269275731656,0.012058984306054,0.0784756524444103,0.00905853866614616,0.00908452108226741,0.0213607457112993,0.0248520391634995,0.0496767094339061,0.0154150200130635,0.225330300503408,0.000248483215765909,"E02000206"
2.17815583199417,0.0733888547113649,0.0100668725487729,0.0129471827430886,0.0808034515971208,0.0094187056547483,0.00954839241800642,0.0206541515286979,0.0249375778155703,0.0486809859511806,0.015710286181935,0.227487846397973,0.000306158234537443,"E02000207"
2.14262757919956,0.0718250303972282,0.0102074437478419,0.0116637822807573,0.0795414263227047,0.00887619614718235,0.00867145488359158,0.021539929320478,0.0249238783220539,0.049851039403785,0.0154260950913917,0.22406856651151,0.000261356220463673,"E02000208"
2.13110844355442,0.0686072359831776,0.0102544447999467,0.0114606776510456,0.0794613315539846,0.00871535921366798,0.00837916893061664,0.021241945687055,0.0248787739751704,0.0495130916496495,0.0153408387941924,0.22318880835296,0.000298380992760298,"E02000209"
2.15664807627375,0.0728792263208019,0.010225188167609,0.0124427146859634,0.0824346504577903,0.00928292942890648,0.00933982462513318,0.0210368682693854,0.0248424355555349,0.0491612006486716,0.0158454313219927,0.224749593225017,0.000282144895282059,"E02000210"
2.36689088543826,0.0751336644238395,0.0104416278177487,0.0146008396811216,0.0916047500298724,0.0101832945905529,0.0101940228043757,0.0208416715416324,0.0262458578494012,0.049285854659117,0.0164995360516974,0.247140404335544,0.000453558895075496,"E02000211"
2.0986319344054,0.0687528905719127,0.0103699337700102,0.011586972632844,0.0830161661150196,0.00876560384818009,0.00845013181102983,0.0213707287378309,0.024793310693085,0.0494641164278142,0.015487427703812,0.218478763397023,0.00030836626297618,"E02000212"
2.12815997061396,0.0712891547551364,0.0103850883250045,0.0118618611262503,0.083833597991916,0.00900208554418751,0.00883494377103527,0.0215776375669819,0.0248211024652575,0.0497296857940356,0.015801821552356,0.221402614944184,0.000278060040317632,"E02000213"
2.24877892503451,0.0734809987835525,0.0104577530749664,0.0131278619915162,0.087904218061379,0.00970562851290341,0.00975063248635219,0.0210308367581561,0.0255073354197836,0.0492932625064802,0.0162803711668822,0.234321364814689,0.000337553424060535,"E02000214"
2.1383466744214,0.0715915621915425,0.0103990481067258,0.0122222544346226,0.0848227413243192,0.00923200183835469,0.0091949697569965,0.0211469023550816,0.0247876735935262,0.0492958590843924,0.0159642400539772,0.22223131319674,0.000302459652281779,"E02000215"
2.14478722032311,0.0710948044442495,0.0106001349879035,0.0123884143339054,0.0881310027121005,0.00939438398695221,0.00932995210725364,0.0210265997061917,0.0250763416077527,0.0492125779616089,0.0161141685746352,0.222220426409004,0.00041596255784128,"E02000216"
2.07696352132323,0.0678823775830476,0.0105011371888708,0.0116997655731291,0.0851052139954508,0.00883228469600153,0.00855437687646352,0.0212853295872337,0.0245473597383119,0.049387941812804,0.0156070131505227,0.215431071306789,0.000354935225928456,"E02000217"
2.40231866984918,0.077336244472919,0.0109213991873839,0.0156105175247623,0.101576710368985,0.0107395496674139,0.0105475706110098,0.0213724015917431,0.0275314552960246,0.0502265360573771,0.0170736562389128,0.24835326855238,0.0651766105142063,"E02000218"
2.27279694024861,0.0753247865324842,0.0108653947242411,0.0139998691115713,0.0964761957623887,0.0102521130443851,0.0101874727510621,0.0212049196605044,0.0267531327781218,0.0497123464598871,0.0167738860160371,0.234591867041198,0.00120212061757073,"E02000219"
2.07670448613476,0.0665741718394974,0.0107630175743899,0.0118277469000133,0.0871470767764397,0.00892495983635988,0.00860933317623562,0.0212264479084741,0.0245228551935039,0.0495282003984239,0.0157190581231153,0.214990467318449,0.000684660874440096,"E02000221"
2.11295588577671,0.0695475891335104,0.0108524787766571,0.0122206888539047,0.0905436057345299,0.00933057504084997,0.00915412355421119,0.0212328081959075,0.0252235901260423,0.0494788963532264,0.0160774529062017,0.217985545980643,0.000847169829841651,"E02000222"
2.37767190791152,0.0790393805930521,0.0116170759164758,0.0156065856069265,0.109522808046231,0.0110297615154579,0.0106839504238605,0.0219825165516657,0.0285291380802466,0.0508756754557293,0.0175219981669079,0.242820609416148,0.0720474597459427,"E02000223"
2.09667880966851,0.0679966587633183,0.0110558779618861,0.0121379764277673,0.0911040750325996,0.00925252265679789,0.00894779596334173,0.021388892770716,0.0251964373760426,0.0498063160864012,0.0160066310715632,0.21605677553791,0.0594609285916268,"E02000224"
2.39555234236947,0.0796964918846338,0.0119381341896451,0.0158237485732327,0.11371564926399,0.0112264412975358,0.0107671159409838,0.0222199941780648,0.0290140638694148,0.0511612406764497,0.0177081028251342,0.243610280109372,0.0758310187998287,"E02000225"
2.16174965055919,0.0730599934741693,0.0112244183940003,0.0128937900607787,0.0963359698870209,0.00989280801295294,0.00973569994854881,0.0214823994444701,0.0264263030384325,0.0498085447457426,0.0165637192776686,0.221654215313865,0.0620818651627968,"E02000226"
2.33339089338183,0.0788258557436069,0.0118076694212975,0.0145278802398976,0.107609252623455,0.0108081256700044,0.0105933614411976,0.0221123712918379,0.0283111581896958,0.0507624243918964,0.0173975707521602,0.238244129558142,0.0698445571421414,"E02000227"
2.13054684999208,0.0708959753607838,0.0114975435322253,0.0126050368005191,0.0966042164448029,0.00971187787950622,0.00942094436055922,0.0217750970386733,0.0263308106810233,0.0502858572224311,0.0164287404131154,0.218094243422799,0.0644435385983445,"E02000228"
2.41134635440569,0.080261830300571,0.012350680275711,0.0158216909603784,0.1180315694493,0.011411660519265,0.0108410464710522,0.0224647484065982,0.0295570308112099,0.0514092187967953,0.0178783283155514,0.244135269427118,0.0803633276944879,"E02000229"
2.09138674272311,0.0677573701533388,0.0113694139240413,0.0121995725846326,0.0901423365255465,0.00930793062063955,0.00890554541658117,0.0216412584918682,0.0252287323198738,0.0503770879917932,0.0161135675715426,0.215567697852286,0.0637896830641786,"E02000230"
2.07136508021521,0.0677318715837361,0.0116151971442378,0.0121234199480576,0.0848651543186058,0.00922896862440539,0.00881795642797193,0.0215816306171147,0.0250149919931632,0.0506629560039811,0.0162570843222936,0.214371431985095,0.0686099402582278,"E02000231"
2.23266042130147,0.0758739582878734,0.0121982062900313,0.0134190117822651,0.105527345201047,0.0104380360859671,0.0101549890344311,0.0224400664917504,0.028032388739615,0.0509792443429863,0.0170644650361666,0.227076561349914,0.07169422310918,"E02000232"
2.12757313598308,0.0700298846635856,0.0120255238336166,0.012595101163232,0.0948939425610859,0.00976987096771175,0.00930763515111754,0.022307509208861,0.0263523295290814,0.0513147154242724,0.0165626006226349,0.218104649327632,0.0713788851980817,"E02000233"
2.06786913679882,0.068958970727687,0.0119756551572535,0.0123822286648981,0.0879054504171392,0.00954869674834097,0.00907480340459367,0.0219103064341832,0.0255941589886728,0.0511337355739947,0.0164767535178867,0.212795100568123,0.0741760425975371,"E02000234"
2.14147534434275,0.0716079039155787,0.0121944821225171,0.0128631249896871,0.0989611894235843,0.0100213772532427,0.00955030359014931,0.0223496260234702,0.0270482235523131,0.0512460384705361,0.0166902796799299,0.218382528454421,0.0740113736097834,"E02000235"
2.01386062319574,0.0689842493600527,0.0121183762857236,0.0123421648489774,0.0818519169350795,0.00947144593729731,0.00903676902402559,0.0210143382216789,0.025278277423485,0.0506374593326068,0.0166010151912458,0.207653413591266,0.0828112451443975,"E02000236"
2.09341701801056,0.0713931159448582,0.0126147034912523,0.0127901491433387,0.0930135456354468,0.0100506054273854,0.0095027529977845,0.0225334432557202,0.026780345875999,0.0518962366044028,0.0168748425697405,0.213881217106406,0.0836356458428657,"E02000237"
1.3430918602868,0.0638735864449937,0.00398445158882657,0.0169760674332613,0.0223719726213973,0.00646214506276327,0.00721215199904315,0.0127675714877892,0.0102447667854332,0.0463069959199421,0.0118310297114858,0.13969269297848,0.0501810085801573,"E02000238"
1.43666829365166,0.0669312652975477,0.00413502648801362,0.017284220840277,0.0234951558358738,0.00694929860322894,0.0076345246507631,0.0135707453269094,0.0101644847870446,0.0557832311953448,0.0122518549372514,0.149929852977536,0.0580898212799504,"E02000239"
1.13050626624006,0.0531519180105438,0.00379937479049766,0.0161501975379538,0.0201900099230881,0.00628634639223891,0.00701847886701815,0.0122811426510735,0.0106275435514844,0.0313591412623803,0.0120322245029382,0.116029116952043,0.0452743753866216,"E02000240"
1.25933223113439,0.0585000780471322,0.00390577116855309,0.016654982861161,0.0211282459322494,0.00640019026248567,0.00712128202022732,0.0125116632342831,0.0106684123464974,0.034676108268522,0.012015023409469,0.130639033496076,0.0461242777036874,"E02000241"
1.50397417388921,0.0735988350578555,0.00445769162283852,0.0182159389809823,0.0247767722954773,0.00766408567783328,0.00826359653519903,0.0146586051719835,0.0105183830862398,0.0558935679250132,0.0131547147167253,0.15612742307245,0.0673598146564705,"E02000242"
1.35746935464772,0.0644827842688015,0.0041411530061692,0.0171998430342013,0.0226653182347156,0.00676469811577652,0.00748379305604771,0.0130106691744912,0.0107171816301206,0.0431316234067726,0.0122614210460808,0.141044290206857,0.0507589166706686,"E02000243"
1.45709336719271,0.0715207873741466,0.00437464481604436,0.0180559748059812,0.0242277269326574,0.00735229647479705,0.0080267111709527,0.0140093052933635,0.0106168747876492,0.054692271092501,0.0128858472248308,0.151117256386306,0.0605816829407823,"E02000244"
1.10063883904822,0.0519610038137824,0.00393876870544103,0.0166370313089333,0.020651257231303,0.00657656479714534,0.00732100459507327,0.0125729072771907,0.0115174566481274,0.0293804883357375,0.0127397168913187,0.111977395250105,0.0480617731068692,"E02000245"
1.0554911681039,0.0502619371170587,0.00397874842354975,0.0171602263757092,0.0208924047585527,0.00666524854363417,0.00744665086239567,0.0126071669322789,0.0120511313327898,0.0280356957105514,0.0132072825992247,0.106248500066805,0.0494094389685609,"E02000246"
1.25333760442718,0.0579714445627057,0.00405768048052124,0.0168914471515789,0.0215061894719214,0.00671920045387528,0.0074632169979412,0.0129182083082636,0.0114779508891943,0.0326414292029559,0.0126876297325479,0.129565372350815,0.0499846087640696,"E02000247"
1.68693574401148,0.0955130797503679,0.00575845815993509,0.0206037672263488,0.0275227228216865,0.00954241689428964,0.0100399982027012,0.0165149169643502,0.0121449675489798,0.038170869406831,0.0155103840969105,0.17231717071535,0.0962585851311203,"E02000248"
1.38812343052641,0.0647501952778075,0.00431901433514132,0.0175201761770287,0.022954550299414,0.00704406972059935,0.00790074758363192,0.0134659937252508,0.011862103824829,0.038000881682542,0.0130683694817544,0.144314844600168,0.0540961230219716,"E02000249"
1.59733620672888,0.0876302668024545,0.00498630421915884,0.0197480026131698,0.02655844328108,0.00834307377745864,0.009129682198491,0.0153566692970869,0.011475398712123,0.0544855470237337,0.0143435897186652,0.164012292398496,0.0772032002174019,"E02000250"
1.31516431850567,0.0609432181951976,0.00428003171660272,0.0174718774417364,0.0223985805293167,0.00704873740072679,0.00790689795843036,0.0134851691980488,0.0122932404806972,0.034286564558527,0.0133480371762906,0.136037724981862,0.0548764032820334,"E02000251"
1.91904256802144,0.103122550962197,0.00916364817266143,0.0221829884268547,0.0280811296315594,0.0115870581438957,0.0128162578547467,0.0179728478591424,0.0157349828191216,0.0237727711464865,0.018309755396529,0.196382882772217,0.136879814507565,"E02000252"
1.47154442811269,0.0732268841103088,0.00461655641833767,0.0182729776268702,0.0245086124321909,0.00740880077531796,0.00839241777107031,0.0139882589960305,0.0118480546107433,0.0455617303054783,0.0134907661890279,0.152442086805191,0.0616448424277717,"E02000253"
1.24165127501361,0.0578253749865203,0.00432776927858364,0.0179797209171815,0.0223335886680919,0.00718418621627031,0.00808745951493969,0.0137072075900909,0.0131515176402072,0.0318062727778891,0.0140090490525155,0.127137248970148,0.0589393835643105,"E02000254"
1.53844489064303,0.0803456363794596,0.00485642022811634,0.0190824515431853,0.0257197666898062,0.00778380019760005,0.00883497328557311,0.0145403422511523,0.0118103693022574,0.0504989044762372,0.0139614418252403,0.158749677766561,0.0699617039608519,"E02000255"
1.66161193704382,0.0927025341582532,0.00538150920483207,0.0205738875291052,0.0276400868233657,0.00846132142857882,0.00985068362257386,0.0154593730566964,0.0125885964061771,0.0531810683192035,0.0150332696910435,0.170424450954589,0.0836968013309848,"E02000256"
1.97946212226944,0.111506410760547,0.00855610306875085,0.0233289594482624,0.0299700782249233,0.0119623861924221,0.0139571689282239,0.0186503087875955,0.0159711010245308,0.0268690963513554,0.0190096873258771,0.201550687737215,0.141434154634683,"E02000258"
1.50420098595887,0.0747086597234916,0.00480251553965072,0.0185951462346874,0.0247905664283024,0.00756029811353363,0.00869945103081402,0.0142095661462425,0.0128173097596024,0.0418368342546657,0.0140531770575724,0.15588365458613,0.0659482986448371,"E02000259"
1.26822662620849,0.0604084108769745,0.00456137895628309,0.0189799816165512,0.0231515165045641,0.0075388274760647,0.00852009202832811,0.0142378016173842,0.0142918657582031,0.031770999806993,0.0148642481082848,0.129165512219893,0.0689388586717848,"E02000260"
1.16413559524542,0.0670197855641167,0.00610381282632689,0.0159274764478558,0.0162058824079713,0.00707555476706122,0.00825293693066891,0.0133528675250857,0.0109142965077147,0.0140920421203065,0.0131723517490827,0.117120121954041,4.73786542694559e-05,"E02000261"
1.16625984407464,0.0694417393297974,0.0052516316243607,0.016192801883481,0.0168527675290127,0.00679878952653394,0.00856776660046036,0.012457719074861,0.010287403834869,0.0169969313724789,0.012785831151467,0.117237149009253,4.70020670458347e-05,"E02000262"
1.23065302587266,0.0586188854576021,0.00455461555709095,0.0199089149337473,0.023324100399625,0.00755664102681274,0.00848695827630462,0.0142584801846799,0.0148329513743875,0.0300522681634103,0.0151783654089545,0.124376557516329,0.0708773775262208,"E02000263"
1.97091350910851,0.115834975716205,0.00729653611593802,0.0242698164572797,0.0318956491359629,0.0115675794252629,0.0144668723475157,0.0185750838920826,0.0162048672130753,0.0335211823221247,0.0190793091703685,0.199652171171598,0.139558533873096,"E02000264"
1.67008013849978,0.0931279826734981,0.00561675826117656,0.0209105167482874,0.0279015529969294,0.00841313030046059,0.0102388691043473,0.0153397327386578,0.0140216958661263,0.0480600586513992,0.0154828896699427,0.17119579250084,0.0867120565342563,"E02000265"
1.40200224500863,0.0706140236439479,0.00494614793961713,0.0196409659868863,0.024499910277633,0.00790553568069196,0.00913009438007766,0.0147526199121684,0.0149702584223783,0.0348017498004307,0.0153555430217282,0.14328591558331,0.0778046501948134,"E02000266"
1.59081347698523,0.0844471651657837,0.00535339941191883,0.0201547713992122,0.0265202234066792,0.0081486505690977,0.00969138824136285,0.0149610701712009,0.0144116240912116,0.0414631747421484,0.0153287681256662,0.163617971668538,0.0830069827245324,"E02000267"
1.8642747953013,0.111198560826351,0.00660055550664347,0.0237583202133887,0.0313881708529263,0.0101563072475699,0.0129808094961323,0.0173276103645456,0.0156120484048674,0.0451539114602757,0.0178407000340871,0.188859078710055,0.121347478895421,"E02000268"
1.76995684985045,0.103753649030889,0.00617767980636981,0.022611681767483,0.0299937272249074,0.00918968574457557,0.0115521396389097,0.0162614878303195,0.014931198734874,0.0496318569112663,0.0166724510076222,0.180037186655906,0.104478075708137,"E02000269"
2.10629517922295,0.121623620510368,0.00926543657870893,0.0260897124091164,0.0336740684270782,0.0133200905479438,0.0176384205467894,0.0202937692942647,0.0190185433497421,0.0299371480777558,0.0210252482206941,0.212223788905376,0.17290071007452,"E02000270"
1.15804820395299,0.0691169861748939,0.00633443864561939,0.0166304344987282,0.0166003560881568,0.0073466305626108,0.00991215901384391,0.0137284681863364,0.0115899366521453,0.0154729768361026,0.0133072734961423,0.115006796402233,4.6921636222656e-05,"E02000271"
1.69694413840786,0.095838563245521,0.00593921491075451,0.0220668477207957,0.0287000624489762,0.00876701095517856,0.0109575539061158,0.0156894137473801,0.0158942082414303,0.0441017548818654,0.0164735939574506,0.173158620880374,0.0996433431195419,"E02000272"
1.32099512111517,0.0683743141752808,0.00500867056139756,0.0218193923534395,0.0248831921218162,0.00812867448120193,0.009286058667829,0.0150880746125471,0.0166141051769434,0.0313990952363921,0.0163288353898402,0.132438613317201,0.0860757739954684,"E02000275"
1.89045732356808,0.112133524984238,0.00681691894029963,0.0248874563334399,0.0322718308032748,0.0100220221581763,0.0134281034639668,0.0171119027891725,0.0177987055876446,0.0501759871068711,0.0182441143219552,0.191393404245518,0.125466000655403,"E02000276"
1.29910831289262,0.06583914020451,0.00618954793123909,0.0116570110498882,0.0270154332696427,0.0085385664011623,0.00891105749530487,0.0155432996788875,0.0199699627624793,0.0721229057699601,0.0116810764074685,0.132228822378645,0.0548394838796888,"E02000277"
1.30523437110823,0.0666681479751591,0.00679642721422487,0.0116466846881969,0.0272213278894746,0.00860500307438093,0.00882386621265668,0.0153404658886529,0.0201083407485472,0.0730758781374604,0.0117708988577886,0.132648398319935,0.0548337930099206,"E02000278"
1.28722661058048,0.0642882747782516,0.00562192352401883,0.0116390973557573,0.0266593870934846,0.00844682059128318,0.00906492693837154,0.0157950124186834,0.0199316051787688,0.0690685668830048,0.0115669614154765,0.13123285582372,0.0544894964793015,"E02000279"
1.37349570371891,0.0695590260953117,0.0113453109379961,0.0118302626796213,0.0278913250479571,0.00902105267635127,0.00879228053264032,0.0143438719203243,0.0195298611665137,0.0626983043743213,0.0120963252123,0.138784286918722,0.0553098802145432,"E02000280"
1.29493764890783,0.0665849675683369,0.00812552042417844,0.0115152325239754,0.0269808182730497,0.00860489119050662,0.00860267822858296,0.0147303653975747,0.020029268422436,0.0701241373669051,0.0117906970295717,0.131188426161372,0.0547755035828191,"E02000281"
1.29560170780215,0.0667116492721242,0.00689154417983021,0.0116198467798205,0.0272303409022293,0.00856741370674011,0.00880068070383645,0.0156243702390926,0.0203404840586466,0.0741556018423517,0.0118226026772181,0.131402491315512,0.0553771122331299,"E02000282"
1.29238104514455,0.0662345925339671,0.00632183501092009,0.0116341170666268,0.0271715818815427,0.00850760605000804,0.00891889378675214,0.0158112514143508,0.0204330037558265,0.0745613056928526,0.0118047096423463,0.131217278295734,0.0558468417463166,"E02000283"
1.31597533238977,0.0676660076340052,0.0103893690662261,0.0116444836369842,0.0270932198036721,0.00884628467005871,0.0086369274882852,0.0145151173398534,0.0197655020720628,0.0670908200143525,0.0120053321801362,0.132607515488681,0.0562139382136151,"E02000284"
1.29308835717949,0.0666710822581319,0.00917967317242078,0.0115257392236994,0.0269770600542901,0.00867251279657191,0.00858023260800319,0.0148599989568337,0.0199233659693135,0.0700198116918458,0.0118526867435068,0.130517909295158,0.0548729107587827,"E02000285"
1.3494842575026,0.0693678415676658,0.0112053302980286,0.011851475665916,0.0275702243211769,0.00901898103913824,0.00879450469838862,0.014411369535562,0.0198136763171256,0.0639059301416251,0.012200238698802,0.135899718933065,0.0581082775736505,"E02000286"
1.41644632883883,0.0700952944754663,0.00965496415225224,0.0121451617385191,0.0304313302572349,0.00901137176078982,0.00892246031434991,0.0155380755752591,0.0197345597314571,0.0488504593258551,0.0124977595712846,0.144062102388223,0.062140736541563,"E02000287"
1.28111371877427,0.0667183759743215,0.00748717788381956,0.0115890234390365,0.027235701397609,0.00853057731601227,0.00872496662098917,0.0158028086146434,0.0206865516992074,0.0748507613231103,0.011892838611791,0.129430047554253,0.0563389046297246,"E02000288"
1.38472608512115,0.0714274052391728,0.012080491010383,0.0121439851157315,0.0285000358265303,0.00924589181660529,0.00903826556654181,0.0147125566561817,0.0201949750925948,0.0599557180070585,0.0124550036186988,0.139086802133272,0.0620258975137545,"E02000289"
1.28802945123512,0.0647878843520419,0.00573686902684886,0.0115394513417414,0.0268915569295142,0.00833847624875995,0.00901877258922213,0.0158261206654537,0.02067835640268,0.0709667613117036,0.0117331002457099,0.131237141739339,0.0567625323900514,"E02000290"
1.27160785311903,0.0665153170949489,0.00946789805634923,0.0115288324235459,0.0269586134166205,0.00861345794404251,0.00854277094770174,0.0155255265003425,0.0201494279945031,0.0702059001607844,0.0119581774399334,0.127726614744861,0.0569294124538844,"E02000291"
1.27054803126794,0.0664746492809718,0.00868601120122414,0.011537856041755,0.027137704730094,0.00854992433523879,0.00861492853583004,0.0158809098015953,0.0204711849755422,0.0734169708722725,0.0119104208942564,0.12781294721626,0.05621828382116,"E02000292"
1.30858703669151,0.068602571418411,0.0106830717915683,0.0118390305612319,0.0273223783922122,0.00890756206267515,0.00872564564042056,0.0149724972033106,0.02019605187139,0.0651177911447165,0.0123125228602289,0.131215101769247,0.0620198696681146,"E02000293"
1.31029276542597,0.067300837198233,0.00674681944234983,0.0117410935640821,0.0276293720450212,0.00844833574273727,0.00897160385824301,0.0159410268912606,0.0216249663709884,0.0792478753624431,0.0120008299409673,0.132964494683261,0.0592876720735881,"E02000294"
1.38853832179622,0.0725359274179033,0.0125559769480451,0.0123830576774918,0.028814285287163,0.00938041043474301,0.0092687803921999,0.0150698624982362,0.0210250678689084,0.0570693750272963,0.0127841245875315,0.138849302314154,0.070576418811441,"E02000295"
1.41851801653991,0.072255238150952,0.0127024407786216,0.0123452791613778,0.0299471448308169,0.00943270917378133,0.00937147316984416,0.0153044332181784,0.0211933751191785,0.0521531836600603,0.0127891453536446,0.142272734814758,0.0696890499035267,"E02000296"
1.27579488426555,0.067511282835399,0.0102232777336402,0.0117464143391567,0.0273712949916432,0.00876663458201675,0.00865556904682428,0.0166283415223082,0.0204962794755814,0.070138105131836,0.0122584600004341,0.127423210516923,0.061483608484132,"E02000297"
1.34410234375707,0.0715475436240069,0.0116368513802248,0.0123677947037677,0.0282727267819791,0.00922540917961189,0.00912128064043776,0.0156079759473871,0.0210724990968029,0.0621198683619336,0.0128154425167508,0.134098807389559,0.0716466859693057,"E02000298"
1.28632037194573,0.0671064271184512,0.00824976482982371,0.0117088019857012,0.0276283840766728,0.00843462403100885,0.00876329468911824,0.0159153046243483,0.0214916197685974,0.0770373691347405,0.0120517123183199,0.129670474259115,0.0592647902079258,"E02000299"
1.26771740334224,0.066730859162721,0.009347756859086,0.0116442192613435,0.0274394533651316,0.00852597885234752,0.00863914996279663,0.0163127140994505,0.0209547585901049,0.0741546477880704,0.0121046291331611,0.127038825143073,0.0594362285634646,"E02000300"
1.36640371099958,0.0678346303354763,0.00666522486034736,0.0118585028513608,0.0278846697466233,0.00829582258313479,0.00904104316791499,0.0160204274846071,0.0224004712038227,0.0776033337916604,0.0120667398282803,0.139871651143482,0.0617003759402703,"E02000301"
1.31535582970209,0.0705017271994801,0.0109582003940507,0.0122747740285895,0.0283173365903313,0.00899917246517178,0.00901136203869606,0.017620212593913,0.0213917139121596,0.0662715231274453,0.0128548057278588,0.130994030051405,0.0719341885676166,"E02000302"
1.30457324815446,0.0677929738103298,0.00992303782513791,0.0118424831823731,0.0279290597639979,0.00860295013545778,0.00875479112555287,0.0169749998546776,0.0214542609910732,0.0734375712563362,0.0123749036095475,0.131007639508076,0.063882075401309,"E02000303"
1.46199228160577,0.0763883661531355,0.0142099344027918,0.0130903884559007,0.030755991501875,0.00990147575829422,0.009999736954735,0.0163417835613125,0.0232942978314163,0.0538874835136728,0.0135280871034626,0.145447530329333,0.087723514418542,"E02000304"
1.38339764259475,0.0739432356704426,0.0122927873073979,0.012811067075374,0.0292247998841804,0.0094157699393867,0.00948828636172896,0.0171570317513958,0.0222870401915853,0.0600870659355272,0.0132817975461373,0.137749220934354,0.0821286725594295,"E02000305"
1.44096385170609,0.0702246816942104,0.00852033154307144,0.0121764652605891,0.0289055027807192,0.00841599749992604,0.00906540703630059,0.0161926321943262,0.0229533037521962,0.0796890397122404,0.0122586310094306,0.147845621665847,0.0625971945040287,"E02000306"
1.34747738868584,0.0706054673650682,0.0107759910134714,0.0122828203391891,0.0286948872463288,0.00891611609742102,0.00905612211848721,0.0182964703687755,0.0218433940682519,0.0702313997046144,0.0128943398291059,0.134993975523171,0.0716749913583833,"E02000307"
1.57206549067648,0.0776623605778262,0.0153167449047344,0.0133280101613242,0.0326322948862591,0.00999353628707804,0.0102907780287767,0.0164849865812946,0.0250451946000131,0.0441388153803884,0.0137989190207205,0.157929282802489,0.0949638298539661,"E02000308"
1.53818634664518,0.072000394776331,0.00928161985619887,0.012370917432742,0.0295679935913795,0.00838821404939322,0.00916372097839781,0.0163016322325914,0.0233963704397205,0.0772755356415457,0.0124195802156777,0.159155205184848,0.0648526048827398,"E02000309"
1.54643105505002,0.0773452235514172,0.012446049745073,0.0131628632950304,0.0306394860406352,0.00950030740608909,0.00981060201167541,0.0198889897887858,0.0236037446333841,0.0665507281029321,0.0136720975627778,0.156905862111819,0.0868949867337149,"E02000311"
1.569041039818,0.079453215696368,0.0141171588177599,0.0135176036692775,0.031222501741796,0.00992506733586045,0.0101945563376473,0.0188407803417625,0.0244773683014367,0.0556266754280301,0.0139317249210597,0.158166547329405,0.0966014099879344,"E02000312"
1.73022943566216,0.0737434802609753,0.007009637903871,0.0159424151586612,0.0695273600933077,0.00760238224521357,0.00895158732305534,0.020152320282695,0.0225804361184449,0.0315061639217898,0.0152425158873566,0.175658900892327,0.112168107833157,"E02000313"
1.6966469979364,0.0724716074883267,0.00679797746820196,0.0155394236309272,0.0673198019226847,0.00707157169805976,0.00848819799512035,0.0202058105495051,0.0220507797593377,0.0298445580611864,0.0142461611697346,0.172769201366975,0.103551401437789,"E02000314"
1.92529351215983,0.080816760627902,0.0076565014861409,0.0168988619656907,0.0809063532836331,0.00834476953978536,0.0101367081513246,0.0214288281181877,0.0244160519173067,0.032412898050279,0.0167872988569373,0.195226464388442,0.131273739987901,"E02000315"
1.97297724439498,0.0892380121972973,0.00893560930175293,0.0174325092751302,0.0775571177357927,0.007427959064981,0.0101260931254421,0.0237770568329092,0.0234429246923202,0.0284857663935898,0.014015351737166,0.201128026107364,0.121319183007839,"E02000317"
2.07699727580291,0.0857803159312904,0.00825292329778844,0.0174799100558774,0.0885200695164962,0.00845638751445346,0.0109982777437949,0.0224803215894193,0.0250765847277018,0.0315895938443289,0.0169806304717952,0.211210352664449,0.138101801763091,"E02000318"
2.01183783251568,0.0851813512619668,0.0081909502773539,0.0171459707937502,0.0842020164452622,0.00788831687264993,0.0104282567334679,0.022468677379133,0.0242299300787707,0.0304998548142561,0.0157833961153086,0.2048045175756,0.130152233182397,"E02000319"
2.18443422381266,0.0884479795167397,0.00864554849848057,0.0180087587161172,0.0965793738088308,0.00965327240332683,0.0120932169790515,0.022935072925486,0.0265017187314557,0.0335854911849086,0.0190706847235165,0.221089780928108,0.155782451798384,"E02000320"
2.03074250028481,0.0871976674090765,0.00848092793092988,0.0173266041271565,0.0849394326144644,0.0078829288014911,0.0105821249786924,0.0227565421034997,0.024282979246049,0.0302451939670295,0.0156268836389324,0.206616092101515,0.132881383689778,"E02000321"
2.07365900076604,0.0905050664237044,0.00894665987365302,0.0177487372324965,0.0863737985073612,0.00800940939819266,0.0108722016099462,0.0232964063126065,0.0245953890088762,0.0301003257168157,0.0156762671921825,0.210870356113167,0.137821196488508,"E02000323"
2.12893387862631,0.0943931934300183,0.0100464111165084,0.0188923572670022,0.0829802960113504,0.00830242270720145,0.011369141122966,0.0247900000755731,0.0252647338429258,0.0286895028856092,0.0148346954867905,0.217253405662166,0.138883015025385,"E02000324"
2.07215430329569,0.0882904275806917,0.00950212099917878,0.0178370669133593,0.0711387306874643,0.00811230260671258,0.0110098752919854,0.0235192373518583,0.0254668365845303,0.0274931626998583,0.0135557169039852,0.21399275039986,0.130547776120004,"E02000326"
2.13544808496053,0.0950702609162795,0.00979397379338019,0.0185422521325182,0.0875222398075761,0.00833575281648303,0.0113471217074979,0.0240896059163733,0.0251903927027099,0.0298150527421795,0.0157458947682008,0.217061480355496,0.145726075039193,"E02000327"
2.09357759229465,0.0866217427647638,0.00950770267882851,0.0171252694172552,0.0612406945554754,0.00818050461569867,0.0115482741750576,0.0230347156491724,0.0271914370132857,0.0267311638441959,0.0128129495377368,0.218400711568829,0.126251947021666,"E02000328"
2.28455606822317,0.0933588982965613,0.0100250426915865,0.0186311802724512,0.103304338748623,0.00993388948290805,0.0127520443572797,0.023626495646509,0.0269510787373155,0.032310041067911,0.0183800025054386,0.23082356939806,0.168103199068186,"E02000329"
2.2243685290776,0.0969542815654398,0.0109325574258528,0.0197600420143183,0.0861415979429228,0.0090933816664212,0.0120735618342382,0.0248487255037778,0.0265568944897072,0.0295192908889935,0.0157802881843162,0.227063757643947,0.154562999831199,"E02000331"
2.26565305935618,0.09662446793669,0.0105314322739394,0.0191434681416887,0.0995995190823902,0.00955238505233811,0.0124384530550106,0.0239493887198585,0.0267439011305403,0.0315556531427724,0.0177116582461878,0.22903931629726,0.166881033988561,"E02000332"
2.23976478871892,0.0956077344035144,0.0114601790492198,0.0188857431434452,0.0682277056717504,0.00964951662311954,0.0127519483932614,0.0242839564013306,0.0287289640621748,0.0286845170150222,0.0146411215381155,0.232112008769071,0.150325956436919,"E02000333"
2.38081287387853,0.102639265331263,0.0127453025837201,0.0215290010310061,0.0953155620265592,0.0102596222198085,0.0130486773031062,0.0256319443388093,0.0282150231365899,0.0310214775233487,0.0173775839109853,0.241998942847667,0.171987320460065,"E02000334"
2.4167410641924,0.0988958090892205,0.0128625516032883,0.0206463661243994,0.112238736687374,0.0113171293826729,0.0131469348937274,0.0245068449032158,0.0282876391667776,0.0334008567017826,0.0195974196126072,0.242529432362677,0.186175415990963,"E02000335"
2.46615177792849,0.102564119472561,0.0145213031277035,0.0223868809881876,0.105529031990191,0.0116291731110406,0.0131319577859471,0.0251282241223396,0.0291836078405281,0.033958324749626,0.0189665879991046,0.248922720324941,0.184450977275421,"E02000337"
2.42865598399145,0.097435860038175,0.0141894747420111,0.0211884732852008,0.114177418355288,0.0119791080727583,0.0129771780034332,0.0240273130262062,0.0285027297998727,0.0348695575279258,0.0200182159897002,0.242976220334626,0.187019762676606,"E02000339"
2.41018555129229,0.093913062242554,0.0151323520588154,0.0209253191141064,0.118826745805717,0.0128000648458221,0.0128664513935184,0.0228584646301561,0.0285883244120908,0.0378183997495951,0.0208398303468208,0.239253313604357,0.184618642587366,"E02000340"
2.52733904086262,0.101992897903169,0.0160148243735786,0.0229816822447182,0.108956404437816,0.0131335587866798,0.012903458643231,0.0242571188587563,0.0308310618118049,0.0438976128217504,0.0197824658979434,0.254501467862234,0.183829671303473,"E02000341"
2.40415304557665,0.0919943246974293,0.0154710837050472,0.0203305759020122,0.12252681696948,0.0133815933570458,0.0130529106945646,0.0221312204852229,0.0287420719877129,0.0391594544055068,0.0214508013569794,0.237367484162875,0.182222723286407,"E02000342"
2.47675364512322,0.0962255503762716,0.0185671484051352,0.0224938830577916,0.125529617548139,0.0139709182325013,0.0126278755229907,0.0222359379226193,0.0301249791765253,0.0583835575962991,0.0221239402826514,0.24342255344662,0.174437187857104,"E02000343"
2.45212918463179,0.09443658914283,0.0196920325081004,0.0218727075325879,0.129429244540856,0.0140245990713506,0.0127631175352242,0.0216540507914224,0.0297821471763751,0.0551740169779115,0.0227315570841371,0.239084008793051,0.172708326474596,"E02000344"
1.75266813151115,0.0802573214835889,0.00853636837011128,0.0123825413252668,0.0356157193080029,0.00813612758218418,0.0106353427251495,0.0192850557065392,0.0288771201243314,0.0467593261406639,0.0143662807101798,0.182927100034167,0.0870307772349952,"E02000345"
1.61834937389069,0.0761503290551482,0.00842787986252859,0.0125033688417408,0.0348016904098157,0.00809740571812138,0.00976663798792387,0.0191514572726378,0.0283537747406725,0.0353605466123284,0.0152893609848484,0.167604894064505,0.0837266180831303,"E02000346"
1.66692430993606,0.0802738655098166,0.00829810379674953,0.0124704457822236,0.0361914058433241,0.00814169979869725,0.010175700203269,0.0192442752810885,0.0290349809954657,0.0378393522333756,0.0149247171044491,0.172596012021215,0.085465215335723,"E02000347"
1.76020422686729,0.082033848093143,0.00818168461855728,0.0124248829013617,0.0368607586990103,0.0079819979847362,0.0106678034648377,0.0193582963455034,0.0293850707192271,0.0441911081416828,0.0143461922662486,0.183512816842708,0.0853854299101303,"E02000348"
1.69287800886301,0.0798881176733369,0.00748901182371604,0.0122829454004369,0.0374493811158719,0.00753433040249138,0.0101736988647875,0.0189678420493952,0.0292310735748075,0.0364711632013657,0.013579329594505,0.176159556697915,0.0803578343583668,"E02000350"
1.44410045875077,0.066624664344016,0.00724807040885812,0.0121908885727542,0.031588223805305,0.00734459842900292,0.00884979228718972,0.017735537792196,0.0269371902800478,0.0290887709019749,0.0150971430145212,0.149239625660299,0.0697986509070589,"E02000351"
1.52063002683147,0.0730468093148762,0.00722572878847892,0.0122918682162139,0.0355991210917098,0.0075304276792351,0.0094443087227749,0.0183923176166081,0.0284805483233073,0.031386276913332,0.0144690240644702,0.156790642990018,0.0744698373388373,"E02000352"
1.60669694097876,0.0772288790556051,0.00728134687338972,0.0123126066420782,0.0375622485572456,0.00754509526345728,0.00979193949671061,0.0187851833447262,0.0293082181992223,0.0330606099279152,0.0137904671675451,0.166222997209961,0.0770776107354736,"E02000353"
1.74624238761264,0.0799082686349821,0.00739491259825233,0.0124955052692977,0.0400184897739682,0.00733624160494543,0.0103418414556929,0.0196788331047259,0.030038185099021,0.0345886044971278,0.0131229087093639,0.182229703587213,0.0796052035138603,"E02000354"
1.75134156101057,0.0791321350744622,0.00707172870420758,0.0123609926734337,0.0394235197815154,0.00691516669035235,0.0103399255971258,0.01873461552479,0.029357926573205,0.0362865971309212,0.0128393884575307,0.183408713868411,0.079285204336912,"E02000355"
1.4193890788353,0.0674985717416894,0.00675853849619141,0.0121630455767248,0.03556182401518,0.00711122514106979,0.008928253004592,0.0179356524252806,0.0282106514569276,0.0285030766164042,0.0137331910863989,0.145774118429539,0.067025235623947,"E02000356"
1.63979509629446,0.0723870671282366,0.00604031004546993,0.0120634157690394,0.0369940667076883,0.00614133705879316,0.00969566229031939,0.0168480152540298,0.0282746661831528,0.0408075553389978,0.0121593216027996,0.172095985423852,0.0707851570355073,"E02000357"
1.57846180682052,0.0749859649306664,0.00713112029915554,0.0124326918562348,0.0389669159771587,0.00743705568337462,0.00968497986580846,0.0192226990298484,0.0298033872994039,0.0307002420016077,0.0134275476923769,0.162974460106171,0.073216532996804,"E02000358"
1.69277780873024,0.0737070774371295,0.00643356603771398,0.0122331333909956,0.0384818600013201,0.006380317393487,0.00998525766140701,0.0177824996023925,0.028723640100949,0.0359154202784721,0.0122264603750534,0.17778107226679,0.0761217180752671,"E02000359"
1.69469442634117,0.0761863511946928,0.00730641206151316,0.0125241461673484,0.0404803665736798,0.00733740893112853,0.0101269412391874,0.0199965424239678,0.0300209316823851,0.0318614443722312,0.0128208874313632,0.176562666715849,0.0777489077175553,"E02000360"
1.72724257826526,0.0749156926977686,0.00718242720263236,0.0125474123138761,0.0408633944861488,0.00705044238752828,0.010321203922777,0.0202682818297351,0.0296771645654441,0.032668914713015,0.0124956827807967,0.180751774826687,0.0804115409502273,"E02000361"
1.60880425632969,0.0672476539793836,0.00580196077402502,0.0121787297052087,0.0372933578712534,0.00582495802253052,0.00942627415919362,0.0166236215910055,0.0284294693240025,0.0362227803045775,0.0115094184860864,0.169226415107894,0.0702629639124006,"E02000362"
1.73640505184353,0.073902737331608,0.00693214330460633,0.012572903110486,0.0405687899510851,0.00673047300357413,0.0102844883732715,0.0199329612311546,0.0295563683054242,0.0344215529238331,0.0123541406184268,0.182225482771954,0.0806272094686314,"E02000363"
1.62591283928323,0.0727718728357989,0.00729174604238093,0.0124859471789957,0.0405767618549008,0.00743115123058877,0.0100318865447826,0.0201821520277894,0.0308975852412284,0.0300572804291696,0.0125921348087434,0.168659952371599,0.0761176303147324,"E02000364"
1.73711986660442,0.0715754078861743,0.00699703343804116,0.0128035257534501,0.0417444429123492,0.00672868394583313,0.0105162623950658,0.0205715278354564,0.0307440071061568,0.0357230994221374,0.0123322262957449,0.182260565729765,0.0837964450589434,"E02000366"
1.66135373664271,0.0704042985335545,0.0072060266024972,0.0122155970213718,0.0413383263217694,0.00710386420259899,0.0104774903563112,0.0205711468942906,0.0308679349107506,0.0314749844060246,0.0123045414089604,0.173294071322194,0.0820376278971148,"E02000367"
1.53130283585596,0.0674087476895316,0.00714932010359429,0.011469196151084,0.0397611699752312,0.00737378804424392,0.00970821926380804,0.0195924007354964,0.0322664280028844,0.0286353761672262,0.0121751461727226,0.158293100124954,0.0753972670455971,"E02000368"
1.39875084009615,0.0600649165350269,0.00660707486291426,0.0111309652645577,0.0353103688881187,0.00701787268974532,0.00834009059147756,0.0177284495621435,0.031412853547351,0.0255984233458376,0.0119673698031935,0.144559768629218,0.0632228500645615,"E02000369"
1.21053890172176,0.0504343177989187,0.00575947887052931,0.0102153772803445,0.0233206234351322,0.00642503213804975,0.00724169100315137,0.0154762348441982,0.0288714975223207,0.0204370636321215,0.0113673978680169,0.12558604802579,0.0500829893769098,"E02000370"
1.97899285699172,0.100204694375519,0.0109059393459113,0.0227155716695271,0.0286918555707228,0.0125146314320425,0.0132297991425578,0.020281144550982,0.0173929256781046,0.0234953398468252,0.0208714266681591,0.202470197854265,0.150342223370615,"E02000372"
1.07010443796433,0.0577675817799571,0.00578529217921279,0.0152154970290561,0.0150408622095005,0.00673160717335436,0.00634780245162061,0.0146234769042863,0.0106141345137575,0.012615251992169,0.0124894301700343,0.107849576774705,4.94534118219904e-05,"E02000373"
1.15607812137333,0.0644229311299052,0.00616908853470985,0.0159028155997512,0.0160600124329846,0.00706422345583612,0.00765690871790454,0.0145832885263297,0.0111013123425681,0.0133798708950932,0.013109477690141,0.116552046029953,4.95059438396403e-05,"E02000374"
1.04779073871615,0.0553598174507559,0.00582663696700157,0.0155806201154986,0.0149071532226794,0.00698503648712165,0.00597041120488013,0.0158080389425039,0.0108844121582237,0.0124876085560394,0.0125397414868463,0.105099538818776,5.13198156291492e-05,"E02000375"
1.08075709603069,0.0587789766472235,0.00615695620666378,0.0158668852113538,0.0154628442571453,0.00697839665845354,0.00713428518818279,0.0155159353175658,0.0113475384100235,0.0129313228151559,0.0127610314041157,0.10820121686782,5.02301951733325e-05,"E02000376"
1.15142038663294,0.0648659230256823,0.00656542231177103,0.0163954340479067,0.0162059860045544,0.00717018867460991,0.00877946871652567,0.0150192325009305,0.011731130618017,0.0136862604029394,0.0132469075658512,0.11520891237955,4.95733751895875e-05,"E02000377"
1.07866155301137,0.0567366006444197,0.00642570556879761,0.0162343171694583,0.0156130149825276,0.00720737718422872,0.00674121663648412,0.0166277231523736,0.0116181074669288,0.0127770124032772,0.0128930915701547,0.107863174543403,5.24043389429214e-05,"E02000378"
1.17234393098918,0.0680230021370318,0.00702752409576001,0.0170428484914494,0.0165802447483493,0.00744308112687094,0.0103840287899835,0.0148088928303964,0.0122913935315508,0.0144392399805099,0.0135589771562667,0.116301214928096,4.90975027027794e-05,"E02000379"
1.11182834895617,0.061224718726749,0.00679748903112516,0.0166882934896798,0.0160803915657495,0.00719421047884715,0.00897721545162611,0.0159375876854356,0.0123479133514976,0.0133752645047577,0.0131719318246115,0.110482591706079,5.1010118129763e-05,"E02000380"
1.09226956731115,0.0566572625637501,0.00759699578687254,0.0164121557708954,0.0161024581804398,0.00718247408313243,0.00740661402596955,0.0169297872633468,0.0121096431375848,0.0129530516007309,0.0130506423695026,0.108915261499702,5.28427993763356e-05,"E02000381"
1.15739591661418,0.0666165460831384,0.00761621650160704,0.0177164337452369,0.0167066083215691,0.00754968093975632,0.0116447451915198,0.015451418857316,0.013384867151674,0.0143750676626676,0.0137081787162234,0.113613006414991,5.09564931754402e-05,"E02000382"
1.17413052364329,0.0555917452165547,0.012118520570672,0.0162059570069687,0.0170391918590487,0.00735474505353414,0.00757218158501825,0.0175758370019821,0.0129828330182926,0.0132030467647621,0.0136416171927813,0.116997577115993,5.66569216863507e-05,"E02000383"
1.11298895246167,0.0608883192785705,0.00789766829435083,0.0174007315587775,0.016580942248484,0.00727846441811375,0.0103433507747455,0.0163963975927323,0.0135347642150465,0.0135312862766914,0.013473868570364,0.109439271175513,5.17932650225955e-05,"E02000384"
1.25300260865708,0.0587765679242923,0.0146939428115925,0.0171812995994448,0.0182243214151184,0.00763864653946931,0.0100403088864683,0.0180319451121738,0.0154281474271635,0.0137389289312523,0.0145024969902639,0.123490055546253,5.65698239419648e-05,"E02000385"
1.22367487600441,0.0563845104281599,0.0132676538493277,0.0156217825241658,0.0177790808564611,0.00791849844015229,0.00934253881297091,0.0182100710753346,0.017661578124493,0.0135538320601645,0.0156588646900273,0.121418626458922,5.40991348613166e-05,"E02000386"
1.28392722772327,0.0610764463552004,0.0164362608043811,0.017770309507966,0.0187676742043925,0.0077470757054622,0.0114529232570661,0.0176236042406789,0.0166306409329819,0.0141228431757226,0.0146863265589002,0.12506019563281,5.68270089261375e-05,"E02000387"
1.24577744941383,0.0567009059173595,0.0139160377214294,0.0141387724302465,0.018016632550804,0.00839371265326665,0.0107685205045155,0.0179916945094486,0.022903084304769,0.0137978560878069,0.0173632453620054,0.123028990297572,5.2553863064337e-05,"E02000388"
1.36933087647225,0.0672268523422355,0.0196745391030639,0.0193149778702155,0.0203315481279317,0.00822529567040674,0.0121969720668923,0.0175311447954808,0.0192733114343703,0.015264181879328,0.0154308177296725,0.131135504925935,5.96037927739459e-05,"E02000389"
1.29368890885627,0.0613066931414959,0.0166073604155304,0.0165000066822376,0.018772585481682,0.0083520610929795,0.0115173782961834,0.018108821636742,0.0214402887574167,0.0144066633593293,0.0165122051161776,0.125698337216405,5.39023437282739e-05,"E02000390"
1.25370253260159,0.0578762794089434,0.0143585123708786,0.012448008634169,0.0184056042567076,0.00883401714096538,0.0112228941569691,0.0170586556322333,0.0256539088067973,0.0141284852165229,0.0170778682072023,0.123281834540657,5.19919659923226e-05,"E02000391"
1.31775659054072,0.0616394193157444,0.0168198490129002,0.0145240340471897,0.0191253240562093,0.00905412744330792,0.0116130472641203,0.018227617233326,0.026088794336189,0.0148298814897859,0.0188910734966788,0.128046276121831,5.22064372075039e-05,"E02000392"
1.3304458100917,0.0645850883742409,0.0179804536034181,0.017014356629982,0.0194735569182388,0.00878409672833357,0.0116898660361503,0.0180281140138884,0.0238510408376489,0.0152149825215718,0.0175442547809909,0.128047170825259,5.47300824065053e-05,"E02000393"
1.2743548394565,0.0592079982203392,0.0143211866042748,0.0115943969698305,0.0198771628631617,0.00910519109813436,0.0112434139620533,0.0162177379095402,0.0252762430840089,0.0144395451260065,0.014817151213387,0.125770784819765,5.37864177203546e-05,"E02000394"
1.38672151732017,0.0656682888218581,0.0172776854280761,0.0149647565020085,0.0206985636920561,0.00954177689403004,0.0117088979678542,0.0179038505491544,0.0274205190392283,0.016299775474292,0.0200182518863756,0.135239316872669,5.39336180934947e-05,"E02000395"
1.35044202698837,0.0622933344479101,0.0158058109875833,0.0123707462104889,0.0217821773161683,0.00949839624651477,0.011519770188898,0.0170714706638602,0.0260868446459105,0.0156279339429436,0.016295603585574,0.133111368648709,5.28543682895431e-05,"E02000396"
1.83668014927823,0.0838720540299237,0.0149158809614033,0.0139430960361867,0.0325048361455605,0.0101102625875041,0.0104533103547689,0.0206136918642361,0.0263723250933078,0.0524449944360342,0.0143949294149293,0.189639663149906,0.104311779679535,"E02000397"
1.62131990245089,0.0736555305170207,0.00993211555285352,0.0125620484637888,0.0303318775889848,0.00846771358899788,0.00944689489190937,0.0165628344572871,0.0242339533648483,0.0759531997737262,0.0127237121260715,0.168580552882649,0.0687918030324947,"E02000398"
1.76442201709731,0.0792027218196962,0.0151941096480653,0.0136386343655484,0.0324294185165541,0.00984736887213162,0.0100981801808367,0.0183419024507,0.0263280102388318,0.0401849071352472,0.0141981747596026,0.181668412221943,0.101204762406588,"E02000400"
1.82215470381889,0.0809680733393546,0.0130305930025602,0.013387904139465,0.0317305016492985,0.00950856121649728,0.010167070581806,0.0207145754521657,0.0251410504936253,0.0676506630056653,0.0140083694851509,0.189599439404098,0.0899515954297692,"E02000401"
1.77022002729798,0.0784057087144975,0.0121859431720818,0.01308787937295,0.0313028408092326,0.00920421890630638,0.00992473972371839,0.0201130303839756,0.0247614375898842,0.0705137343721042,0.0137400855074274,0.18428755694023,0.0823874515835065,"E02000402"
1.89443936664401,0.0840240692244613,0.0144893392672708,0.013911098469823,0.0325547159730491,0.0100107403572472,0.0104834806652409,0.0211938337049379,0.0264552434458583,0.0585066816668159,0.014471444336216,0.196861597049181,0.102550670119278,"E02000403"
1.85674656061449,0.0814305255318824,0.0136398616732869,0.0135375592272597,0.0318832702735414,0.00961668137156018,0.0102298903835451,0.0208501044283229,0.0258775610614719,0.0610662997633936,0.014275829185711,0.193405864410987,0.0959651603162474,"E02000404"
1.89875638634156,0.0781778749432181,0.014951408695172,0.0139926095349273,0.0328591783359871,0.00988552968257522,0.00993940324792666,0.0201820328758305,0.0278636403527466,0.0364899224826653,0.0147951601801804,0.197970072274593,0.101836144028371,"E02000405"
1.85994384310404,0.0805541653150785,0.0136408490633536,0.0135362345777176,0.0319895287714949,0.00951847237269714,0.0101789458790006,0.0209763548251384,0.0266776311212119,0.0576852094993055,0.0145764070613659,0.193927276715611,0.0968344702556201,"E02000406"
1.79607708409071,0.0768850099979741,0.0117584285820591,0.0129849902892879,0.0318178154257129,0.00909248423390542,0.0101862806074109,0.0197163671780724,0.026167888954276,0.0709668711207875,0.0140622873860606,0.187682340472633,0.0841580559403685,"E02000407"
1.78461989288116,0.0768231781669593,0.011361887032559,0.0129557951318621,0.0320761623428423,0.00901777359719596,0.0101873994064547,0.0186243026960817,0.0262906948038537,0.0747834395263008,0.0139098715492982,0.186497116946552,0.0806443003153546,"E02000408"
1.89914698365983,0.082174033140662,0.0135804155567845,0.0135317683154491,0.0328451889888943,0.00955386115614512,0.0105922501702707,0.0214068220064756,0.0272134782346485,0.0677002638158556,0.0147362140706763,0.198132538710862,0.0934316780010485,"E02000409"
1.87071206944502,0.0705381287841219,0.0137493430374647,0.0147241877172622,0.0329060176116537,0.00959335020921494,0.00934550319945832,0.0187737831889025,0.0246221147606447,0.0297172096198962,0.0148992121675896,0.196164893197911,0.0905430596805722,"E02000410"
1.72717341909803,0.0745034187366928,0.010345060974844,0.0126057809944173,0.0315041677699717,0.00856545205605624,0.0100292227916291,0.0169326042563998,0.0264814337782718,0.0743889260028185,0.0134055004562355,0.180706959054384,0.0772612405042317,"E02000411"
1.8947421404694,0.0814345878260539,0.0143852199975583,0.0139565888229382,0.0327102977057975,0.00978818217829969,0.0102096213321618,0.0214886885440046,0.0280472680904892,0.0516120318756887,0.0151418874535503,0.197356149400805,0.102950667379485,"E02000412"
1.7952934933984,0.066113972083,0.011912316803866,0.0163229236355654,0.0310593992291063,0.00909120636190116,0.00876653156478646,0.0178157627443054,0.0195621801231435,0.0274703919182555,0.0149029679127669,0.188738844886436,0.0805846848207098,"E02000413"
1.84902205069129,0.0787258911792505,0.0121695000597061,0.0131662601967575,0.0326333780855345,0.00924730999368294,0.0104909964812522,0.0205437384833963,0.0273192216593144,0.0684138571204031,0.0146473474988646,0.193325318678842,0.0902963246411347,"E02000414"
1.87427836804149,0.081715110160504,0.0136174610307865,0.0136321700831789,0.0331346978578383,0.0094962088958949,0.010451941187395,0.0214870256529228,0.0279338754415705,0.059518539817042,0.0152155576605005,0.195203345814068,0.0972511815760539,"E02000415"
1.82730839152238,0.0751752697908442,0.0130717537508964,0.0137097694002512,0.0318669250634804,0.00929193544020821,0.00954248647392976,0.020449780381231,0.0280451296411113,0.0392611456539242,0.0153617463659526,0.191080749017568,0.0954549582528676,"E02000416"
1.7985303382677,0.065934955847013,0.0118977801933549,0.0147782772977564,0.0292716882925632,0.00892673932335247,0.00862507699513746,0.0190271971809946,0.0231045502167913,0.0275921168626783,0.0150975687983431,0.189614025265776,0.0802636427335596,"E02000417"
1.79210450757885,0.0696409855736259,0.0122445311810075,0.0136867890096333,0.0304746494697852,0.00897547985619185,0.00900565102908246,0.0194847218460038,0.0262630112258218,0.0314275662470341,0.0151903363017766,0.188275272528141,0.0869774996949675,"E02000418"
1.80700347567137,0.0776750502518577,0.0126482020693018,0.0135471783321278,0.0327377145397306,0.00921579652824384,0.00989556006826281,0.0208330653849684,0.0282457469523305,0.0473291104999379,0.0156133242312491,0.188342999778145,0.0960461979028191,"E02000419"
1.80274768518817,0.0773610666909394,0.0108440056501626,0.0129123076572773,0.0331040793961407,0.00897101107019185,0.0104800716849296,0.0201315186474544,0.0279723572732252,0.059263098774017,0.0147905510866057,0.188546033525,0.0922077346120561,"E02000420"
1.80594792431514,0.0762779524178816,0.0102416386421016,0.0126683484093558,0.0330874481678306,0.00874269150527862,0.0105839578426354,0.019091991335665,0.0281726527931228,0.0678204373737566,0.0144494322944276,0.189376329363168,0.088369647570938,"E02000421"
1.80154931724055,0.0798702463073447,0.0110144302586433,0.0131055985689135,0.0342322016940954,0.00902668408002311,0.0105038278952721,0.0205116403203438,0.0286474619650742,0.0528655881433756,0.0154405163752037,0.187782154524809,0.0954945267123177,"E02000422"
1.79390252074513,0.0799475996847568,0.0114155909769266,0.0133074933257481,0.034368315411803,0.00905941589611017,0.0102617439327231,0.0207512952344285,0.0287744746600222,0.0481343817143385,0.0158924557935201,0.186698672668676,0.0961151132918119,"E02000423"
1.76321946590976,0.0723526146906168,0.0115245087440118,0.0134210794294663,0.0320110615557705,0.00884203262361514,0.00935298906772151,0.020040288861169,0.0278669953846394,0.0379782150128945,0.0157637309726612,0.184574898887666,0.0892155622115887,"E02000424"
1.79145109976072,0.0784686141380966,0.00939235631849958,0.012520085827753,0.0344977948613587,0.00847717467569526,0.0107850661098034,0.019379755081761,0.0288439971994192,0.0572141715731178,0.0146257574333747,0.187518739935403,0.0892724786356936,"E02000425"
1.53994952220194,0.0584167115632121,0.00924730011071565,0.0173545425091987,0.0200575709539137,0.00747553793931088,0.0071040583996813,0.0178336774870843,0.0146328911149751,0.0213152907758436,0.0145441484821258,0.161906977161272,0.0552782495441669,"E02000426"
1.67008891352059,0.0740567404792146,0.00950508952020819,0.0128437495372286,0.0336345045428511,0.00840734053752458,0.00958263369409238,0.0195362514121831,0.0280659999912397,0.0365991511811495,0.0158409442355987,0.173843522215379,0.0861599579700437,"E02000427"
1.73002672275809,0.0796361828213615,0.00952331543088686,0.0127048240525785,0.0350374524367627,0.00858099959278617,0.0103190168059668,0.0198145792678408,0.0287169007262479,0.0438240903831759,0.0152285030844217,0.179891392812532,0.0918264604695966,"E02000428"
1.70032565770136,0.0630547195132764,0.0106635048927897,0.0142644156109681,0.0260752957363894,0.00819063643910795,0.00822644801621696,0.0187946229863814,0.0237040910436128,0.0269273739978155,0.0153720307745498,0.179456069188667,0.0718186009078076,"E02000429"
1.72738206773413,0.0684023509772928,0.0107536035708809,0.0134191695600189,0.0301544128569611,0.00848843934304463,0.00896887082013791,0.019502983597116,0.0270359027826552,0.033151679273791,0.0158479458541862,0.18144438607032,0.0812140631346289,"E02000430"
1.46431072084074,0.0545040468739953,0.00905094205793732,0.0148043999837626,0.0193483006541367,0.00686736782246752,0.00691162439337766,0.0167440792657995,0.0172159278425879,0.0194358339345546,0.0145216554423289,0.154360553724225,0.0533087661267649,"E02000431"
1.59238778941768,0.0675940982073214,0.00890562025973008,0.0125876532399182,0.0298966899641116,0.0079746886768765,0.00895881190025886,0.0186454762593661,0.0268539680640823,0.0321323128073464,0.0154562811313774,0.166366612790823,0.0779069073067704,"E02000432"
1.75317332143171,0.0756215603332953,0.00537054409080354,0.0174333737965429,0.0274591270634202,0.0090540022796295,0.00906491475841404,0.0162565908576415,0.0131986350679369,0.0465990434898969,0.0167402667082399,0.184367601390364,0.0852977324198939,"E02000433"
1.81048489282906,0.0783095421538558,0.00532345121395961,0.0167728358441438,0.028530352702407,0.00905141628323746,0.00914412096545108,0.0177965991231268,0.0127727444666297,0.0411062479857525,0.0162107236038492,0.190946343629907,0.0827456451037221,"E02000434"
1.50239524481619,0.0663888713980242,0.00452972436318023,0.0150497463325698,0.0237791360091494,0.00746006092835393,0.00795608203830134,0.0139464519471847,0.011276812446596,0.0447990587729046,0.0144159859136696,0.157874841236634,0.000140784885093022,"E02000435"
1.45685981800422,0.0612536721700141,0.00465098520383855,0.0168688839145075,0.023668291733897,0.00772003496721001,0.00831327135881705,0.0129574178690684,0.0119304888640942,0.0489624906302592,0.0154428759184426,0.152312930710619,0.0718212396737156,"E02000436"
1.37119169453429,0.0597383583967601,0.00420463428696075,0.0149857500648358,0.0221706163425219,0.00694563573747488,0.00763286323042403,0.0124467403022245,0.0107076238474007,0.0464637534460376,0.0138994241700183,0.143626529699678,0.000134941520712954,"E02000437"
1.35750827455295,0.0585056232892509,0.00429078409155232,0.0165006646072895,0.0225746067644406,0.00720248551019138,0.00791343364614476,0.0124023251771663,0.0113748710697059,0.0476847551287643,0.0146591643979744,0.14142087901537,0.0647677140904782,"E02000438"
1.81665878908713,0.078437598196223,0.00543819019713061,0.0165182347049559,0.0291234405675262,0.00910282487188128,0.00938473411064996,0.0184086842864147,0.0125868211597706,0.0382932309804373,0.0160882444291319,0.191567568837262,0.0833482263694575,"E02000439"
1.54801453751499,0.0687443674021581,0.0046263460716972,0.0148799886104449,0.0244423109689606,0.00749424637173647,0.0080401436359525,0.014579445795278,0.0112245092388709,0.0434769947248729,0.0142960710398661,0.162945725104461,0.000133915541443359,"E02000440"
1.2000564064505,0.0527243236128594,0.0037079815791288,0.0159601815619764,0.0204152807339578,0.00632928936548944,0.0071443707172157,0.0115888826561337,0.0105179434940775,0.0387261923939428,0.0135309719867434,0.124415298960346,0.0529917395368156,"E02000441"
1.7898589739361,0.0777670430269072,0.00548548591475333,0.0164747277529008,0.0286576021183693,0.00892564799024439,0.00931787910466925,0.0175949319937612,0.0124702385030291,0.0393921103172829,0.0157756909948914,0.188635863058128,0.0827166186999082,"E02000442"
1.30908541527344,0.0582219131399636,0.0039417871139193,0.0146822434677658,0.0215450091223935,0.00659217080552284,0.00737871725321216,0.0119248711581538,0.0102386505304166,0.0457111684316765,0.0132016564092544,0.136856972337943,0.000123998343951644,"E02000443"
1.52929583682109,0.0683560762122738,0.0046810713217199,0.014575253730407,0.0243865297967571,0.00744986371747116,0.00808622365043602,0.0147419466334081,0.0110441573603019,0.0415209411930145,0.0139442588227699,0.160846173781836,0.000127780848895126,"E02000444"
1.35604381091101,0.0608739971898286,0.0039765868987826,0.0145773627873378,0.022065013874799,0.0066064067341582,0.00741513957276864,0.0121614034315514,0.0101575951375985,0.0456685795495202,0.0130037484208849,0.142129726039964,0.000115720996330932,"E02000445"
1.16998656238902,0.0524646763923533,0.00360776193777238,0.0146071379057173,0.0200321564355698,0.00613567304814085,0.0069721430643684,0.0112206069415175,0.00987960241748666,0.0436801810389536,0.0126801099366371,0.121443436334522,0.000137110459409755,"E02000447"
1.16930776814782,0.0527610037192371,0.00368569109595172,0.0157085566941559,0.0202891872648923,0.00628115317765311,0.00710176938313125,0.0118061798568974,0.0104176461276797,0.0389007240813278,0.0130606548525743,0.120828073341685,0.0520813308411901,"E02000448"
1.50019297147895,0.0675861016966218,0.00477976732417743,0.0142891868846366,0.0242308835244066,0.00738941054402259,0.00817096633629552,0.0147437900106766,0.0108078742133506,0.0389990465523348,0.0135436081215594,0.157550381878363,0.000123216923620804,"E02000449"
1.07464666817387,0.0496694723420781,0.00335956738591011,0.0143674255441336,0.0190144121606739,0.00574998700574477,0.00662319692361621,0.0110394792251762,0.00953686415144576,0.0396531185414217,0.011914205315011,0.110832480616033,0.000143530027184152,"E02000451"
1.29273283876068,0.0586581636339011,0.00378986605969679,0.0147325804539503,0.0214432421219358,0.00632469123345078,0.0071889983553975,0.011913273132956,0.00987980335443328,0.0469102530301459,0.0125665807604287,0.135073243245895,0.000115665240282189,"E02000452"
1.11916953326057,0.0525935076207484,0.00343035703949021,0.0142725835496925,0.0196306596987081,0.00585615766112667,0.00675195160599071,0.0112419053265281,0.00946576630435976,0.0428169836113928,0.0117439228221566,0.11569981667247,0.000120934156561758,"E02000453"
1.09804902974629,0.0509057854187593,0.00357915211782297,0.0155267779630841,0.0196309677654861,0.0060284535485896,0.00685986069350193,0.0121460302894271,0.010165172156259,0.0347083803994596,0.0123698291792407,0.112781578808297,0.0473891802281031,"E02000454"
1.29280942685164,0.0597867588446478,0.00363284620859614,0.0145020016576866,0.0214150726255483,0.00611306468939744,0.00703454912216548,0.0119519296615261,0.00949460248769979,0.0464076927670335,0.0118516764047257,0.135217586275274,0.000105583944119052,"E02000455"
1.07855041048308,0.0516616530139647,0.00336103730365735,0.0142712799202812,0.0192509618590776,0.00569829175628838,0.00660703557542774,0.0115159147309881,0.00932371146537221,0.0417737893485439,0.0113247937251749,0.111067996168068,0.000122396356861541,"E02000456"
1.02195620149954,0.048721304599508,0.00330870260403903,0.0144198969051507,0.0185837570419063,0.00555055372213363,0.00644400133196696,0.0116604107997609,0.00936102899087963,0.0371537151270978,0.0112308658863489,0.104740110907955,0.000143340950231296,"E02000457"
1.08458206576925,0.0531497140427521,0.00335081957034625,0.0145255135925904,0.0193986270522072,0.00558587355875859,0.00650585279831671,0.0117048829253251,0.00917874160265981,0.0417198701793613,0.0107702154023092,0.111620909036341,0.000120557333614629,"E02000459"
1.11867682543759,0.0531834654274854,0.00367385495246061,0.0156698345816909,0.0200191296508015,0.00611526618314478,0.00692079419119843,0.0123194724840513,0.0101572707405752,0.0364727778844356,0.0118844311187475,0.114847985142476,0.0477212238773723,"E02000460"
1.20490501890336,0.0581094165231598,0.00338880963990756,0.0145587923258803,0.0205838710074129,0.00570193412617946,0.00666327974469266,0.0120512388757825,0.00902505867943365,0.045741648746912,0.0107599027789551,0.125288386160885,0.000104729947222883,"E02000461"
1.19686626621918,0.0573278614717907,0.00379794136960925,0.016168006424144,0.0208661898532051,0.00623888768877172,0.00701764690237892,0.0124284255112658,0.0102064960151896,0.0396915535175493,0.0118025551887981,0.123458121555384,0.0485104013014479,"E02000462"
1.10386766983731,0.0521710711758536,0.00369125082649314,0.0158251981841809,0.019834455632083,0.00611379574593239,0.00689049193376293,0.0121750005781218,0.0102850364339795,0.0327894589546252,0.011846740227478,0.113189929965425,0.0451329854669501,"E02000463"
1.48273589469039,0.0581477732999551,0.00524518973465826,0.0139070590419227,0.0465511576938816,0.0070616585617082,0.00706959325836599,0.0165798884894227,0.0189428638975346,0.0392558376624408,0.0143394093233661,0.153838831181912,0.000329621809102586,"E02000464"
1.49034857654835,0.0583723994682783,0.00542976064514918,0.0134752958675995,0.0495739906580969,0.0071062131547772,0.00710200922170342,0.0168880293520792,0.0188134813438407,0.0389230052429395,0.0142722821437891,0.154114347344956,0.00035671687988146,"E02000465"
1.3665122219147,0.0547377813686454,0.00480746600671335,0.0134058494002492,0.039468204283956,0.00636058322753986,0.00657128442434829,0.0156622132342439,0.018228367415237,0.0364724204175745,0.0136914907767367,0.142177700991843,0.000289483457620928,"E02000466"
1.41177838545233,0.0561688094260953,0.00516990913238299,0.0131037199904625,0.0463385382557,0.00666244456338301,0.00677512932157293,0.0161473996560095,0.0182850484369233,0.0369424885744956,0.0138156460314151,0.145979633035934,0.00031321187609358,"E02000467"
1.2731270520777,0.0520641691261031,0.00444995231115145,0.0130178316897552,0.0299346802102417,0.00580328683900784,0.00619895776779319,0.015209190746941,0.0177282978320161,0.0346426220593347,0.0130930855861592,0.133185320332857,0.000285195574137531,"E02000468"
1.37603312216628,0.0550319379219662,0.00507826375015439,0.0128912137510128,0.0452915436444164,0.00645565689066868,0.00662763755469,0.0158019183078394,0.0180134931294187,0.0358800465399239,0.0136016695953424,0.142204464544016,0.000285574069503419,"E02000469"
1.47354662333187,0.0578231866276179,0.00549857243892843,0.0130852715514336,0.0498184038957298,0.00709028357356825,0.00709421825954477,0.0171274360712695,0.018537610574619,0.0381986098090074,0.0141639233564029,0.152100060379314,0.000479369941739033,"E02000470"
1.32424552491385,0.0533330700601315,0.00490179005886981,0.0126302501029134,0.0432916390111088,0.00611962608631257,0.00639596337272108,0.0152589128811169,0.0176518407757008,0.0344414561759834,0.0132699376598612,0.136869520192755,0.000249923825614195,"E02000471"
1.29030631713875,0.052172955912183,0.00477971147251427,0.0124419656446794,0.0419086660259302,0.00587744960091967,0.00623483083846856,0.0149058022111462,0.0174173863438265,0.0334555188402515,0.0130182072662279,0.133408313598976,0.000228665630614572,"E02000472"
1.42385976874047,0.0563056353434063,0.00539719976938831,0.0127856547180661,0.0484272074162947,0.00685465555657443,0.00691632267442983,0.0167547860665343,0.0181332641424385,0.0366793386399617,0.013902845637413,0.146777416670997,0.000454436834994074,"E02000473"
1.25857213160198,0.0510871341670776,0.00472050398955335,0.0121932843864845,0.0411116538528907,0.0056861997133029,0.00610879420897077,0.0146024002498462,0.0171513704901923,0.0324045865393766,0.0127488722554433,0.130043186134959,0.000210956614541286,"E02000474"
1.35644607254054,0.0543069696819362,0.00516007221391546,0.0125702846620064,0.0458407065763994,0.00642486089285562,0.00660643773683402,0.0158180428575618,0.017725099488289,0.0349241134182688,0.0134762480980942,0.139820412831517,0.000293174668821658,"E02000475"
1.31150311255251,0.0527239769546838,0.00505122288316804,0.0123284122570888,0.0445334308651933,0.00615241638331876,0.00641745273632567,0.0152760836685904,0.0173789108088502,0.0334814835809938,0.013212193057055,0.135090516563953,0.000243800244796043,"E02000476"
1.35031754001462,0.0539778005830303,0.0052324173410144,0.0123820426547186,0.0462414726829009,0.00648465811410435,0.00664577716570735,0.0160997033934238,0.0175533604213252,0.034471628737054,0.0134783925702923,0.13895435007724,0.000392730320592907,"E02000477"
1.41773295664938,0.0560427375338369,0.00543564172327548,0.0126373265559978,0.0484853491268774,0.00690367897914197,0.00695143431053173,0.0170591218838131,0.0179849949566308,0.0364209585450949,0.0139387879827555,0.145993223453252,0.0582345478683653,"E02000478"
1.31395481763893,0.052764475097135,0.0051377452002186,0.0122091818668206,0.0450930861506834,0.00627106272391224,0.00649474150974956,0.0156540104382485,0.0172877146539238,0.0333686155730362,0.0132456578809779,0.13513743613945,0.000324525658589321,"E02000479"
1.25348551569973,0.050743097320282,0.00491030582808997,0.0119829959104068,0.0426216147843126,0.00580690538907037,0.00618396349798281,0.0146496432757152,0.0169307273702069,0.0316564662573183,0.0127542459933453,0.129027816340499,0.00021412785511568,"E02000480"
1.6419497113175,0.0634731003985509,0.00623321339656004,0.0140122782303251,0.0588221176715553,0.00833175730082214,0.00853172430498773,0.019166712614038,0.0197748857470162,0.0435955734429835,0.0160186169692599,0.168637209809807,0.0962658222940759,"E02000481"
1.51818632584716,0.0596351415241299,0.00581218218345113,0.0133143576995443,0.0533591586845987,0.00755674480017958,0.00769987010838521,0.0180753343556436,0.0187815643329432,0.0394085062522705,0.014881247517355,0.156020405946341,0.0759631021292698,"E02000482"
1.39114918041471,0.0554420754894741,0.00543545942344793,0.0125917955339122,0.0484931571592738,0.00683365665908035,0.00699902112229644,0.0168981163968632,0.0177883790588203,0.0355015866751077,0.0139261413919258,0.142873076965882,0.0623904130128948,"E02000483"
1.30063611607964,0.0522849230099978,0.00514887636863993,0.0120671360034083,0.0448460640303232,0.00628529869605775,0.00649731996586584,0.0158594740346643,0.0171039148551198,0.0328853717956126,0.01315769953631,0.133612882966978,0.000740760802900924,"E02000484"
1.48711769526754,0.0587399004298398,0.00577369794384343,0.0131983732915317,0.0528522590264978,0.00743251643739978,0.00763390268479643,0.0178911799315459,0.0185413727417228,0.0383406625563441,0.0148156855474368,0.152560657086352,0.0755683721703832,"E02000485"
1.38729483262728,0.0554932709254976,0.00550579439576012,0.0126950946107694,0.049383139294574,0.00687931024581219,0.00715107084200294,0.0169459565801208,0.0177887645508243,0.0351620576867884,0.0140915820971886,0.14211329194628,0.0681642986646496,"E02000486"
1.57493669212183,0.0615302637045294,0.00618523263328242,0.0138735766605421,0.0585530268817487,0.00809517417912775,0.00849650442190261,0.0187093565681864,0.019368529310295,0.0408577427601926,0.0159443769581196,0.16096246874227,0.0984977563005288,"E02000487"
1.44300353026665,0.057478541580159,0.00575446965086456,0.0131366470688143,0.0526390922645946,0.00726504182564503,0.00762699491366821,0.0175642810669439,0.0182786760157781,0.0366385686351811,0.0147419840683651,0.14750277239062,0.079379278767369,"E02000488"
1.39896362638648,0.055995159872572,0.00565931802821354,0.012962299222911,0.0512590517991812,0.0070007397085167,0.00740715790960809,0.0171638224397146,0.0179798271659283,0.0349740678556373,0.0144395327755655,0.142856703315434,0.0769425577964136,"E02000489"
1.44766483498562,0.057747243759904,0.00590420424786299,0.0134268937047173,0.0545998589627498,0.00730860164611469,0.00782824535863239,0.0176681429370222,0.018511531607035,0.0358348265601992,0.0150112575913564,0.147457020439519,0.087849368991338,"E02000490"
1.50247411917502,0.0603052033334101,0.00620534321773934,0.0140960572099385,0.0584161327864413,0.00745286515507296,0.0081233101533193,0.0181273520363836,0.0193431891288547,0.0353795670425616,0.0154048209561284,0.152672858001232,0.0988409151999883,"E02000491"
1.66755685988197,0.0655267776191483,0.00677860274445589,0.0149659285858102,0.0679716716573868,0.00861778601743527,0.00921024590612435,0.0196818040858827,0.0208239176649301,0.0407454798804719,0.0175551737375924,0.16889580599875,0.121364711741178,"E02000492"
1.59490863101291,0.0632229667373648,0.00651939841897321,0.0145700408980828,0.0637589298779121,0.00813007319141044,0.0087842160682816,0.0190379879909072,0.020117656365585,0.0385188933479881,0.0166039437490553,0.161737982087571,0.111507535891858,"E02000493"
1.03552247603952,0.0497049950384963,0.00356031620740894,0.0162600252129955,0.0198295117209311,0.00601272451771841,0.00677985917434798,0.0114586824312377,0.0103551360970602,0.0304141286697969,0.0131715409529327,0.10497323931414,0.0453745943854395,"E02000494"
1.07791501584904,0.0500338757702323,0.0035392898897526,0.0160049502392553,0.0197372655128795,0.00600272946432316,0.00680043599515956,0.0114026980542032,0.0102561046806229,0.032304820497561,0.0131195680222731,0.110277114500066,0.0468210239906364,"E02000495"
1.01642184882143,0.0500576456531464,0.00382266383959162,0.0176521357069858,0.0207670031445629,0.00625802121708952,0.00701087325079484,0.0125705827873579,0.0110016767567695,0.0285653933152028,0.0137410932899977,0.101476064830473,0.0450830956925999,"E02000496"
0.959010336095196,0.046364361742477,0.00328297817487019,0.0148645338505701,0.0184767916260409,0.00552071228693135,0.00635202785622216,0.0112311121584101,0.00960023718264948,0.0298269745033277,0.0119101605441447,0.0972265822545687,0.000173688606237009,"E02000497"
1.00195752635439,0.0493194590894891,0.00373511761389052,0.0168388372419612,0.0201079833157315,0.0061133424630852,0.00687958094783149,0.0124999408984545,0.0106925793610918,0.0286259704254218,0.0131060702734369,0.100409005617586,0.0428637803891735,"E02000498"
0.956811204285259,0.0460157012350274,0.00328063548791558,0.014684596198613,0.0182400268543576,0.00546190490187137,0.00631922242987143,0.0115897017075873,0.0095024356116097,0.0301207873205874,0.0114708829712207,0.0971578809445916,0.000156302222166382,"E02000499"
1.00214160818078,0.0490295021966118,0.00367540822654504,0.0163527506603517,0.0197627827877478,0.00604177845792295,0.00681549430993462,0.0123814690994624,0.0105039864512106,0.0289183805547692,0.0127284786854318,0.10083273069988,0.0425504167225078,"E02000500"
1.01395294115089,0.0490548357688667,0.00363353580387464,0.0158490192141939,0.019491594778437,0.00602056939587558,0.00680055841352715,0.0121858918004324,0.0103562569692857,0.0294585042565203,0.0122482324253206,0.102614218995389,0.043224134478867,"E02000501"
0.998262741112637,0.0491524394327582,0.00387237401147068,0.0172631341885959,0.0204888087165821,0.00632630590183764,0.00710845473928837,0.0124654923479679,0.0112723918091332,0.0275011106059003,0.0131613704570617,0.0995394120689288,0.0435292594642292,"E02000502"
1.00017483303298,0.0488727197139065,0.00373065414862668,0.0163035306618216,0.0197837009195462,0.00613398433650249,0.00690340999162247,0.0122200169553239,0.0106794925988169,0.0283759996155301,0.0124922924591604,0.100582471249243,0.0428397398589046,"E02000503"
1.01151371975046,0.0498196444531164,0.0039560097531715,0.0178679543442462,0.0210327118504511,0.00646809033530947,0.00725392928617414,0.0127328962195767,0.0116485711082189,0.0272428253128983,0.0136124602882316,0.100565537015831,0.0460570179265444,"E02000504"
1.032826907986,0.0504642821037803,0.0040589307203994,0.0185700720770119,0.0217149912244779,0.00666924398859798,0.00746012155104108,0.0129611253572871,0.0122686233273892,0.0269226466227137,0.0140223348044888,0.102503917155793,0.049398787749594,"E02000506"
1.03158524921494,0.0499496524282577,0.00404004648522969,0.0182361879074436,0.0215063620111008,0.00669782936794785,0.00750744278189806,0.0127359288766229,0.0124418796133503,0.0269155336315002,0.0137833105964344,0.102635781155675,0.0490707527674177,"E02000507"
1.0752207730355,0.05149078127917,0.00419326236463385,0.0194119115319883,0.0227075927779489,0.00699400222924042,0.00778197234266956,0.0132013022493899,0.0135030627272708,0.0266199048201101,0.0144198867149914,0.106851630881868,0.0566995044002207,"E02000508"
1.09216246648108,0.0520818020164903,0.00424269915899324,0.019776410437675,0.0231135583361707,0.00709426637096031,0.00786531850204146,0.0133640948266152,0.0138722786586922,0.0265817939865599,0.0146008610794959,0.108562375380207,0.0601232604116425,"E02000509"
1.08697829857916,0.0516512554774017,0.00420411591845,0.019336503909537,0.0227010266986758,0.00705633168198426,0.00784533353194113,0.0131606064133876,0.0137568178474003,0.0267360927489073,0.0143801150498428,0.108314753896025,0.0588150319989189,"E02000510"
1.0671556842761,0.0507070102655085,0.00411223437526276,0.018428309783493,0.021888590191017,0.00690757705636752,0.00771651167507246,0.0128901534858145,0.0131190179697207,0.0271548788732521,0.0139560839702032,0.106672253073733,0.0545682451606558,"E02000511"
1.07924839340085,0.051254548353233,0.00416746394483894,0.0189537875205755,0.0223565532296261,0.0070023648315935,0.00779993693690786,0.0130344393012359,0.0135223864817301,0.0268855054277205,0.0142035628650049,0.107697741148061,0.0573196570973861,"E02000512"
1.09732865251089,0.0516051996674074,0.0041078157800504,0.0178531099072942,0.0215766291809232,0.0069103462054695,0.00772664217659359,0.0129881855544768,0.0128600019494878,0.0283355687728608,0.0137480329540579,0.110622219968203,0.0543658051904316,"E02000513"
1.10915027439842,0.0520845120394465,0.00419865255679465,0.0186513281894429,0.0221649062267382,0.00706921615617254,0.00789241768966983,0.0131656288389615,0.0135672302004354,0.0278818035220876,0.0141891160430649,0.111436481092122,0.0586753426953879,"E02000514"
1.15347354569788,0.0541046684871081,0.00443289531665306,0.0213249221899086,0.0244582804319807,0.00742037696169334,0.00822228044155501,0.0137416863747232,0.0155209361515255,0.0268470282453861,0.0153449391512763,0.114728039233738,0.0678533372314046,"E02000515"
1.16641111471824,0.0544359095340389,0.00424447228396754,0.0180918941918376,0.0220453350619149,0.00711883022272458,0.00796006265551135,0.0134527799369292,0.0132684356734013,0.0296973270642159,0.0140604696550646,0.11841824943015,0.059339566016609,"E02000516"
1.13329237733672,0.0532186092486022,0.00432704767357272,0.0200654774085251,0.0232234046449353,0.00726290715680598,0.00809430016172837,0.0134295509121596,0.0146200643668053,0.0273350348708855,0.0148092267811763,0.113292157237394,0.06350993194553,"E02000517"
1.15583551951788,0.0542116081924546,0.00442207176233907,0.0210482944675833,0.0240703787213649,0.00740248504266153,0.00823016919728815,0.0136665224345295,0.0153902726872692,0.0271325750185904,0.0152429350912324,0.115234543499437,0.0673919304469281,"E02000518"
1.16833907689972,0.0548057186477735,0.00437925796225654,0.0197488994141475,0.02294809018387,0.00731589795168228,0.00819456767310938,0.0137262643263446,0.0144648989899414,0.0285686699228314,0.014841487572539,0.11756404417474,0.0644259432737741,"E02000519"
1.1886153221407,0.0560727432098482,0.00449797819092414,0.0209787062477969,0.0237681136450232,0.00747995618411892,0.00836628070153278,0.0139200014186858,0.0154078567162978,0.0281549827443427,0.0153595001195503,0.11907352902289,0.069506151855542,"E02000520"
1.22907027158772,0.0582253407634384,0.00469498387613027,0.0230621206738519,0.0253104148104245,0.00770849191777197,0.00864009566741472,0.0143482768270734,0.0169625347956464,0.0278951315726301,0.0162724183367174,0.122343330439241,0.0759337648853968,"E02000521"
1.21844022460532,0.0573251128328451,0.00466173165158611,0.0229763771949125,0.0255459405822333,0.00770227718300544,0.00858616149646046,0.0142219142783178,0.0170265972784377,0.0274973518581316,0.016213971390965,0.12115999478068,0.076900790156105,"E02000522"
1.25797778994441,0.0607506568957439,0.00478199989089025,0.0232091005957683,0.0250853138953787,0.00778509586519851,0.00879068588400463,0.0146928900647786,0.0169673875297395,0.0287136963696329,0.0164045551884207,0.125465665901564,0.0777617130132879,"E02000523"
1.36570955040917,0.0681502756366497,0.00536877058232981,0.0279874414999483,0.0290342865472982,0.00830670951326897,0.00959080806429681,0.015877923371352,0.0208382285646739,0.0289111746558689,0.0189104178816933,0.13418255544327,0.0951555342928673,"E02000524"
1.35197396655084,0.0686948128496877,0.00523284236583309,0.0267831813216013,0.0272523229885479,0.00821763620409519,0.00949811477117945,0.015870497219663,0.0195332558786353,0.0293980656577384,0.0180701618856215,0.133389557881329,0.0893717353121579,"E02000525"
1.16936959844159,0.0696896392652317,0.0072534840044435,0.017778927422434,0.0169145998807535,0.00785108400303756,0.0116804854104082,0.0148010971707758,0.0130214245588182,0.0156247976556063,0.0137134088833204,0.114571161376466,4.95114113784746e-05,"E02000526"
1.36593090689784,0.0742170299625053,0.00530259563793838,0.0244914331172478,0.0261781528340731,0.00846625266891327,0.00985124665995663,0.015636209206846,0.0185824694491591,0.0312789075465123,0.0173595967195906,0.13529219500298,0.0951862206020686,"E02000529"
1.3206071980958,0.0677203303158603,0.00506962973685583,0.0244761310059252,0.0258080275879807,0.00814971149196535,0.00933308014921361,0.015374395400932,0.018048021485712,0.0299139401576808,0.0171498118901773,0.13110214789132,0.0874304801621081,"E02000530"
1.89192701927169,0.111253692956315,0.00705656733351126,0.0272057034695221,0.0328320523709671,0.0104473717019352,0.0140155710189402,0.0172909940403538,0.0214669766926517,0.0473825546145125,0.0195482143762398,0.190365454908456,0.143946860766898,"E02000531"
1.22413509139896,0.0738959879489884,0.00748044946797979,0.0201638203956528,0.0181638083002601,0.00859909008351479,0.0124245055407852,0.014915286905459,0.0150846760400353,0.0197999515051869,0.0143454990561054,0.118844647176222,5.29054239290203e-05,"E02000532"
2.23299661779493,0.129498738738247,0.0103660153778674,0.0323019163909607,0.039235187837553,0.0150080108515453,0.0207268313435867,0.0223036536305241,0.0256317980512341,0.036710718288695,0.0239880079056747,0.221554030911419,0.228002442952332,"E02000533"
1.58802114616436,0.0911523287213127,0.00599047954671122,0.0242417050933584,0.028326638208473,0.00906566246957601,0.0113379266102466,0.0159080897018888,0.0192238874278434,0.0376887751344555,0.0175653364351249,0.159331631610399,0.110849032696871,"E02000534"
1.37938710969302,0.0754095406316785,0.00541626767318268,0.0265155772326051,0.0270678371476729,0.00856574217619452,0.0100323044795172,0.0158109109621327,0.0198850008278217,0.0306294918910173,0.0181601518323995,0.135523761454194,0.0987257747740715,"E02000535"
1.43033082261031,0.0823888407248405,0.00573026834168066,0.0273718965872696,0.0278319953248938,0.00893989489983562,0.0107598110885157,0.0159955919089882,0.0212036716371281,0.0317854614869999,0.0185836963074089,0.139723150305292,0.108178695637774,"E02000536"
1.47687212460696,0.0866405972897981,0.00591671965245079,0.0265744151258728,0.0280775036835545,0.00915006746588528,0.0112697464960615,0.0160197101328682,0.0212285370150743,0.0337255706881917,0.0183840324776567,0.144972540687956,0.113530040953124,"E02000537"
1.41884522905964,0.0778331989612362,0.00561823044434116,0.0288216936702256,0.0285344140899658,0.00869846787950292,0.010319641890668,0.0161867525321288,0.0216800346819903,0.0303859953114192,0.019217467039588,0.138465467996671,0.10274902260016,"E02000538"
1.76222293307855,0.102580247054302,0.00678619139242212,0.0295250374978032,0.0314661841944758,0.0102663495357132,0.0133705738211897,0.0164652456702772,0.025141004327123,0.0408585173873333,0.020044585224496,0.175089167231277,0.142176223497474,"E02000539"
1.55653295995269,0.0924437568484445,0.0063481123867653,0.0293290554455478,0.0298437889569512,0.00970665715760844,0.0123285416551765,0.0160773276059609,0.0247600807946733,0.0352157565746861,0.019608078786216,0.151676142696616,0.127828068468938,"E02000540"
1.46013045634493,0.083427658482328,0.00588495029082638,0.0298722573039409,0.0293309420046391,0.00900864524262835,0.0109220734592952,0.0163936356342524,0.0231737741451171,0.0310863287360142,0.0197256162455018,0.141621367677313,0.110108457031426,"E02000541"
1.48031673445571,0.0867110866429966,0.00604709261451524,0.0299557252488628,0.0294940604926303,0.00925197182000578,0.0113723531704246,0.0162101895734357,0.0238874828489944,0.0318960383062328,0.0197546389796842,0.143232815739206,0.116470804503335,"E02000542"
1.51931334461434,0.0900492014097753,0.00631310386617584,0.0307192815822795,0.0304418082696904,0.00961166615150144,0.011974077451228,0.0161269295872625,0.0255566737265824,0.0330235013476923,0.0201938805156746,0.1466014928132,0.126193377768947,"E02000543"
1.61573716682797,0.0955605772657263,0.00675927949147305,0.0321943652856079,0.0321517337953089,0.0101581683994548,0.0129102161959076,0.0163117421823273,0.0282883956820131,0.0356738222076565,0.0209337067335208,0.156222750677005,0.138162387950369,"E02000544"
1.77380612141201,0.102818658322539,0.0071225931305912,0.0324479558624647,0.0333142911645192,0.0107919556327137,0.0135222766906519,0.01645467572176,0.0284020681788393,0.0396666623132012,0.0212618793795113,0.174379880507774,0.154567843740973,"E02000545"
1.52509130578678,0.089238929504065,0.00636299134367909,0.0320914023763328,0.0317412439102133,0.00948546356887276,0.011671552372336,0.0164436228544141,0.0258146997854248,0.03184861516515,0.0209700089538223,0.146677130432115,0.125621030850318,"E02000546"
1.48998481079415,0.0836112663377058,0.00607373805624308,0.0315219557205357,0.031419662700025,0.00903126551079578,0.0109121205205628,0.0166553157541333,0.0243229140299588,0.030660900395898,0.0208850335015281,0.144124354538261,0.115302306812038,"E02000547"
1.50672502468,0.0835896886131058,0.00620356804827014,0.0323037810537633,0.0329195402495406,0.0090308983072478,0.0108095513999148,0.0166336654044799,0.0246016450085905,0.0305377435313355,0.0214840880729276,0.145622185295307,0.122925076029797,"E02000548"
1.56792346086482,0.0910656517065614,0.00668448935511777,0.0340559447445828,0.0346097569037036,0.00962136667128354,0.0117635248598316,0.0169702246234811,0.0268976608398954,0.0317412281179421,0.022155505584515,0.150124949819763,0.133617212079285,"E02000549"
1.56346509398899,0.0897655364199702,0.00664814913653306,0.0341043538007605,0.0350542646978101,0.00947125673660986,0.0114876583202761,0.0170553879154736,0.026412884869089,0.0313398870014928,0.0223223392685628,0.14988565449013,0.133334991662205,"E02000550"
1.64199484103092,0.0954338938562985,0.00731516440691548,0.0367957619486006,0.0394071171861946,0.0102415323879477,0.0123180773680944,0.0175936295549004,0.0287839478713772,0.0328310476411693,0.0233671280896672,0.155908518070225,0.152236951838721,"E02000551"
1.58924602149668,0.0911467126120835,0.00687827988048814,0.0351414034331813,0.0370450390146769,0.00959860135592941,0.0115410141200593,0.0172943099148613,0.0268460174816493,0.031484539265867,0.0228720899705403,0.15192918913331,0.141711771582115,"E02000552"
1.68026817000409,0.0968303323657109,0.00767365486155504,0.0383542674782553,0.0430665140593564,0.0104530991001136,0.0123282876828142,0.0181253617756981,0.0290423860436524,0.0329859422654193,0.0241594789099513,0.158952776819725,0.163389744809009,"E02000553"
1.51112574790938,0.0595329496936209,0.00894088092514647,0.0126620241733881,0.0230656296539044,0.00739822715883349,0.0079597100735502,0.0174426516778222,0.0240043649844499,0.025181398510316,0.0149250573277784,0.158833608492534,0.0648711691703954,"E02000554"
1.38575576300458,0.0535827453718961,0.0085895629574704,0.0130526438113505,0.0194159615253502,0.00675198214280431,0.00707473152705151,0.0162294667629708,0.0205110497226,0.0198123760811047,0.0145590572866919,0.14550472629532,0.0532152949898262,"E02000555"
1.38263268622936,0.05717877482354,0.0078723708452488,0.0122338150745852,0.02190916287423,0.00705555364611934,0.00773860928809143,0.0165213935246991,0.0240963615986619,0.0234457278318816,0.0153020341281129,0.144381858841458,0.058444958995611,"E02000556"
1.1458224926442,0.0469752420435575,0.00750297519163807,0.0128109847669397,0.0159500405291815,0.00591348908618879,0.0061049695256816,0.0142082761279509,0.0168474828886388,0.0145973682944921,0.0140731175407721,0.11893254156034,0.0359527157192871,"E02000557"
1.27665033971997,0.0558704167168726,0.00696668069311386,0.011933664354004,0.0221134146630427,0.00680731662411086,0.0076379578377901,0.0159709936748986,0.0245208159597878,0.0226879224098023,0.0155971404551769,0.132155170999905,0.0540170584218532,"E02000558"
1.29073997907091,0.058843249421901,0.00662108394053628,0.0118867927970866,0.0259224085723705,0.00682645030371968,0.00802768761331608,0.0164737028565644,0.0257132426796991,0.0248072519786945,0.0150824144223768,0.133046627160711,0.0581945255911043,"E02000559"
1.13554382897155,0.0493338032042907,0.00648800868861618,0.011649880417784,0.0181038085352994,0.00631480766783452,0.0068560934047444,0.0145184944894318,0.0225125584926622,0.0180474605067555,0.0150504300178979,0.117069885922946,0.0428894193078972,"E02000560"
1.0366317850854,0.0447928487016884,0.00654678167988022,0.0119088376331056,0.0152106124821201,0.00583894743008255,0.00609323703627892,0.0133543328878862,0.0181925854382101,0.0137415147263955,0.014146039918383,0.106537958409245,0.0311378905049336,"E02000561"
1.24500880933348,0.0571439528270392,0.00621965409093227,0.0117049277261826,0.0268721341449496,0.00661876152270321,0.00792557685467766,0.016315869966465,0.0262279246970396,0.0243745489152165,0.0139059703515896,0.1279046572283,0.0564004677826377,"E02000562"
0.997238404221747,0.0432312263473966,0.00614053912349279,0.012119538954882,0.0150012943985963,0.00592568427083058,0.00603347549021876,0.0130662661068392,0.0202938364951445,0.0135204707726154,0.0148537978109945,0.101792226618087,0.0257008541359869,"E02000563"
1.04628281735001,0.0457879173777266,0.0058264195417019,0.0114016678788016,0.0173293841468866,0.0060340288372912,0.00657024207792772,0.0138904717565305,0.02292840768206,0.0166725016249043,0.0142419714856954,0.107236408753216,0.0367475012749284,"E02000564"
1.35750533910145,0.063134773239272,0.00652915226637838,0.011932190109962,0.0344634481111832,0.00689244037033581,0.00850328643476828,0.0176130358023272,0.0281134951804275,0.0267311967847055,0.0129528534604442,0.139333057129284,0.0626200587944986,"E02000565"
1.08269623518318,0.047441958218093,0.0057160266399386,0.0113275213994175,0.0194899721247948,0.00610085516303848,0.00684107227158062,0.0145483285441545,0.0249301455025124,0.0186218083383759,0.0134008771445827,0.11108685495279,0.0412824627402001,"E02000566"
1.25903214674314,0.0563507628726945,0.00613673405523588,0.0114422867309093,0.028842317844185,0.00659059775475565,0.00785938693878812,0.016679986319163,0.027565792411724,0.0242107838726429,0.0123329604776012,0.129544829678775,0.0563293919760969,"E02000567"
0.952142572256084,0.0410272130504236,0.00547610135593467,0.0116302665297266,0.0148279357721594,0.0058085778908119,0.00602587504465707,0.0129039785614888,0.021576797947372,0.0132023613469873,0.0134872856645731,0.096984574782291,0.0241604214028116,"E02000568"
1.11829229143471,0.0482208452971718,0.00566776011731799,0.011121638608322,0.0212059707689625,0.00615143844801464,0.00696518385916428,0.0150182089038429,0.0263509889203327,0.0196093943951627,0.0122123917967596,0.115084567603461,0.0438271562433068,"E02000569"
0.988520974108394,0.04188997417393,0.00529460022481133,0.0111480853371231,0.0160805554816257,0.00583209158473451,0.00623727773017056,0.0133712694258437,0.0241954395872656,0.0146480841516702,0.0123624796963555,0.10121495471714,0.0286951653107682,"E02000570"
1.15480690497559,0.048819010253681,0.00567987818673041,0.0107753825660183,0.0220926899701657,0.00623429634068536,0.00703226465136934,0.0152156619708839,0.0276735440220483,0.0198753457408802,0.0116174405570382,0.119288630649928,0.0457195007720737,"E02000571"
0.960642710961011,0.0408893377119074,0.00526473459161624,0.0114298684027377,0.0148883767529514,0.0058804131681939,0.0061256587598669,0.0130896105743203,0.0232529550722337,0.0130578118290637,0.0126057588031409,0.0980106074049602,0.0243137893967763,"E02000572"
1.04715757303444,0.0438585327753205,0.00532879758729126,0.0107864502985229,0.0173759016386125,0.00598471320685944,0.00645622806318653,0.0138626863715677,0.0265753742038437,0.0159053087678162,0.0116032545632744,0.107785251947734,0.0329387516753823,"E02000573"
0.997672530236018,0.0421850028835615,0.00525195957006576,0.0109359781799605,0.0154547570418496,0.00596866056256078,0.00632369792057183,0.0134076247597908,0.0246511000441382,0.0136454787533994,0.0120146388425402,0.102312871986298,0.0286982274604704,"E02000574"
1.12594637104534,0.0472725624224488,0.00552033818896134,0.0103338855823957,0.0178957461624077,0.00635755318141035,0.0068453194953804,0.0142817085351897,0.0281182473690279,0.0160223355126402,0.0115371561890599,0.116544604106948,0.0397986902299557,"E02000575"
1.25893187314359,0.0520356359316668,0.00583853220160624,0.009782910274791,0.0229798750267994,0.00674543783160703,0.00742293410200527,0.015355190798104,0.0299035733416099,0.0197296871115832,0.0113638789015519,0.131064274845719,0.0521893483314957,"E02000576"
1.68518933972301,0.0802341968519207,0.011020430638515,0.0205769406501925,0.0242496731096213,0.0110039078702896,0.0108965873446997,0.0219969816597641,0.0152788102013241,0.0206603923308985,0.0191317041113742,0.1716478786756,0.119738309956363,"E02000577"
1.78905619729455,0.0859470665919283,0.0112336970095905,0.0214384531879787,0.0257633257043177,0.0117445285662848,0.0118801144905804,0.0218839125221619,0.0160995308531756,0.0218015577773397,0.0199486860636692,0.182441731664623,0.131699786812115,"E02000578"
1.88015950038076,0.0901480474585458,0.0132980346479365,0.0222309030822571,0.0273444689469574,0.0124260011857831,0.013079990064817,0.0224745129751061,0.0169114836115534,0.0227577654896124,0.0206266302686992,0.191166692519119,0.140711436529702,"E02000579"
1.77095320009152,0.0811662877344956,0.0163586237368337,0.0208926176624494,0.0256371479807494,0.0115719903407532,0.0114761484317197,0.0232957313408767,0.015790776572026,0.0211775493132403,0.0195746719664808,0.178998224742777,0.120344935271886,"E02000580"
1.96238523833984,0.0912398316136177,0.0182725735352567,0.0223059541042669,0.0285743741496499,0.0127397404364469,0.01374472824354,0.0233638038003271,0.0173149562937699,0.0233283809293152,0.0210440110515965,0.198390529451441,0.144865998053161,"E02000581"
1.8839790681716,0.0822119593927236,0.018462716704695,0.0208144237595025,0.0268235502607334,0.0120638518864087,0.0118391667241997,0.0239851345376592,0.0164913955149757,0.021998115856194,0.0204568857316504,0.191200023925217,0.1290641069793,"E02000582"
1.97336718885348,0.0889662657029065,0.0201022312030548,0.0217908460818158,0.0284012242258998,0.0126125027451877,0.0133032062346871,0.0238156054829623,0.0171358414677975,0.0231576826012798,0.0209674235091647,0.199410169678452,0.14246552568436,"E02000583"
2.06697066406021,0.0868548622933296,0.0197030328114956,0.0211112693713513,0.0286568482741037,0.0130725669588559,0.012486868682395,0.0243537648874414,0.0181820709859034,0.0236372864473419,0.0224005097781145,0.211299695655451,0.149960277532387,"E02000584"
1.08868554187046,0.0528337324275298,0.00906052880852095,0.015536632665886,0.0156376045602454,0.00731724499940014,0.00582798937959025,0.0172575479923806,0.0112426628827869,0.0125998223925635,0.0131720555240223,0.109072638661823,5.71163947086743e-05,"E02000585"
1.08339363960974,0.0497643105449578,0.00853405931909176,0.0140113899927997,0.0158704637790476,0.00784959172855101,0.00572781252514859,0.0172153147853974,0.0168812789968019,0.012222220503271,0.0171829942379426,0.108667634482992,5.44922301785815e-05,"E02000586"
1.09855349281876,0.0520423027251409,0.00917664801968027,0.0151179423987337,0.0160805861280894,0.00764344943819784,0.00586132313738566,0.0177452350175773,0.0131815592894033,0.0125609013732978,0.014587764246864,0.11004034687873,5.53201339380855e-05,"E02000587"
2.32919586676884,0.0932516953788312,0.0190428408270425,0.0174488293674622,0.0299586116678879,0.0143252315073521,0.0129495029156297,0.0219363196302892,0.0316037808703917,0.0246512634623377,0.022648440552915,0.241987152717499,0.171506882296936,"E02000588"
1.11705595733773,0.051556931831065,0.00924743463083236,0.0137935460978721,0.0164337492086904,0.00799873529064915,0.00631029405107078,0.017683291905473,0.0180936639418898,0.0126139394362484,0.016901557029632,0.112039482302022,5.33940628066026e-05,"E02000589"
1.04448576315466,0.046260445869059,0.00844503523439074,0.0100707618389212,0.0145854762437989,0.00764876557869434,0.00606104161729,0.014376790916731,0.0246966863466155,0.0118358808306975,0.0150283872194406,0.105360472280511,5.18152187122053e-05,"E02000590"
1.15749266507317,0.0542137235837499,0.0106101611317369,0.0154387428722714,0.016860567368137,0.00782401837427318,0.00699216997253216,0.018229548865915,0.0152611250439596,0.0130240687845323,0.0153312607080422,0.115762919904718,5.50240286115883e-05,"E02000591"
1.0778213118757,0.0487433345778847,0.00875366529845109,0.0112778560970331,0.0157598859786908,0.00789591181795021,0.00629931910005392,0.0159432920696113,0.0229766108933208,0.0122399116220118,0.0166981598497046,0.108362186303481,5.13196289039967e-05,"E02000592"
1.13351954861703,0.0521295250554439,0.0103332051616031,0.0126058115642084,0.0167890633660772,0.00802205768002209,0.00764739700320071,0.0172026458861783,0.0207464432083386,0.0129355032499682,0.0165573086912914,0.113421654585811,5.16803838936562e-05,"E02000593"
1.04341742041442,0.0467779030580327,0.00892534822134822,0.00946199279148862,0.0141470364371168,0.00747741199652369,0.00687164392855454,0.013820891289255,0.025546228582163,0.0117322210812987,0.0134417748278255,0.105118276394219,5.294764008736e-05,"E02000594"
1.09258337970244,0.0498742706168353,0.0094029196317262,0.010184869131389,0.015867524389623,0.0078332622439747,0.00764082781096122,0.0150971953872062,0.0249986631867685,0.0123311749991029,0.0143593557527675,0.109800697844198,5.21058894298492e-05,"E02000595"
1.13798943634116,0.052193952268904,0.0103750089758872,0.0113113440478003,0.0169977793001653,0.00814362674384278,0.0085652378697075,0.0164514750012583,0.0242737156836606,0.0129022524606581,0.0161712126992233,0.113769173297722,5.17425184716475e-05,"E02000596"
1.17185423380879,0.0542238820488938,0.0113957392719551,0.0110837889409911,0.0176482409791893,0.00830328788522317,0.0102193322189199,0.0160077495509892,0.0249857348794403,0.0132092006120519,0.0148723366645729,0.116666680782568,5.27684407317606e-05,"E02000597"
2.21058623331059,0.112135910460709,0.0115570635391819,0.0454737170427797,0.0669710902331742,0.0135951144780605,0.0135638430803818,0.0210833845479325,0.0315556975408534,0.0549219598084734,0.0280440834470894,0.21439879477228,0.17890255072729,"E02000598"
2.13709913230437,0.103091924719041,0.0161108126449332,0.0353372572779645,0.0781731649104335,0.0120234886961308,0.0118849098352488,0.0201547390940358,0.0286418724069345,0.0561749281687404,0.025795616137892,0.209389874313993,0.144745995078518,"E02000599"
2.06274392967157,0.100544542834578,0.0119994776517119,0.0380875157163753,0.0764039233428615,0.0122470580799979,0.0121338364696701,0.0202062330007113,0.0287011041252857,0.0555636778250013,0.0255983081109581,0.200451475238407,0.150485778205045,"E02000600"
2.13335164345479,0.104602371623236,0.0117393559227601,0.0428581943868211,0.0741869094972445,0.0128473846023955,0.0126951133136799,0.0206493365819911,0.0300891489688368,0.0554076037856261,0.0266126997250819,0.206427538149546,0.160512360189797,"E02000601"
2.02997104297061,0.0949321617752412,0.0117749804557471,0.0371292433674143,0.07874195324584,0.0120795203737306,0.0115262275606911,0.019991360990423,0.0287507983194281,0.0561194048112354,0.0246833999658525,0.197349818680652,0.143438867967247,"E02000602"
1.99523736611149,0.0911515512484932,0.0133025446730542,0.0319706059285078,0.0810616073551709,0.0117566283268421,0.0109275129799209,0.0197366880214141,0.0281885973480203,0.0594632983863538,0.0240280076052918,0.195161910313873,0.135811786038965,"E02000603"
1.94128706746366,0.0848418124658172,0.0169225412886314,0.0229327560389447,0.0793201012524467,0.0113519077285649,0.00981633210301607,0.0193781703053657,0.0272323014381481,0.0641005587022362,0.0231191309134817,0.191906115529225,0.122950310502589,"E02000604"
1.94521504434266,0.0865298240327158,0.0155543285624064,0.025874666142847,0.0816694569339303,0.0115390273674343,0.010305395703464,0.0195376357811698,0.0278362118511334,0.0627485257393472,0.0234514600801853,0.191022448267363,0.127543922876961,"E02000605"
2.05191901989073,0.0947329970098531,0.0116426639226257,0.0383794615564978,0.0779716251690845,0.0121843879351876,0.0115174590315998,0.0200683342713175,0.0293746422576775,0.0552227391596445,0.0247235232707292,0.199690312000174,0.147592499424135,"E02000606"
1.9725434544618,0.0878734109582503,0.0121258017955469,0.0314301121411553,0.0800613521423007,0.0117251451656967,0.0107087137738924,0.0196173506390839,0.02838545773177,0.0582014012373455,0.0236289957371698,0.193578705574764,0.136784795118672,"E02000607"
2.01644098469738,0.0897810105347461,0.0115675596565079,0.0351258811694586,0.0782187309040356,0.0119106450257126,0.0109504236358645,0.0197639109631624,0.0292294277978211,0.0554958928331032,0.0239240196885183,0.197646351346264,0.144982286215548,"E02000608"
1.87183454202595,0.0809797856311111,0.0164599915354723,0.019853696820608,0.0790863674162534,0.0111967041413145,0.00962083419596848,0.0192494324951401,0.0271120450979583,0.0627383259704102,0.0225749851079066,0.184808008735269,0.118989023023814,"E02000609"
1.97437198592087,0.0855250346830069,0.0116512858095404,0.0307581804208019,0.0790752570676788,0.01173925049741,0.0105403535058619,0.0195540714831734,0.0288562338012909,0.0571350741538302,0.0234368379626883,0.194725772296864,0.140194177297742,"E02000610"
1.91468131600296,0.081768185851068,0.0134397330228896,0.0232639785458739,0.0803487380493508,0.0115617917993893,0.0101042210558139,0.0194463598021578,0.0281715884251986,0.0619113622125256,0.023103556229907,0.189659212817131,0.130967770435076,"E02000611"
1.84369802535536,0.077761021705712,0.0159420673432739,0.0172346697792484,0.0748168644800357,0.0108064436867946,0.00915260276114414,0.0191535509480911,0.026118311337458,0.0606957989912687,0.0219668681717594,0.18389893804175,0.112219479015634,"E02000612"
1.94861097073865,0.0816461762498965,0.0118080150222056,0.0260358817692384,0.0792712468581616,0.0116845021701189,0.0102536808361214,0.0194869730551966,0.0288373059733001,0.0590205236039455,0.0231847357258194,0.193690017026876,0.139063314455026,"E02000613"
1.90022659588873,0.0788097322673412,0.0145094102033029,0.0189292117778747,0.0793393975186797,0.0114364275815042,0.00979626275037228,0.0193753387375149,0.0281480233224969,0.0617469884809,0.0227374576802336,0.189369953115898,0.128194691720057,"E02000614"
1.9248641419055,0.0782006123740505,0.0117083984769116,0.0219154307742063,0.0782879703041896,0.0115750740674267,0.0100209376937592,0.0193910799144675,0.0288702002409074,0.0587905272631793,0.0228990053242348,0.192751250748816,0.140658766993319,"E02000615"
1.90496463075437,0.0761894793535071,0.0131562326416556,0.0172825223553444,0.0775873530415986,0.0113705288875206,0.00973734779459387,0.0193502684093744,0.0285945582685194,0.0594135115277593,0.0225272396653583,0.191570608168805,0.135428006353899,"E02000616"
1.90960643217486,0.0745200436044933,0.011812607492422,0.0169419536090594,0.076452408370811,0.0113021776203101,0.0097599895673713,0.0193256147431002,0.0290372337173832,0.056586075565456,0.0224114430875726,0.193116805767888,0.147416843018642,"E02000617"
1.70061902376709,0.0749213048079772,0.00876852103027372,0.0120786625682302,0.0290315330105331,0.0111618865050493,0.0107128724645276,0.0186531860996111,0.0340340913015276,0.0227443323378057,0.0142890248565968,0.17585112669136,0.10314198361735,"E02000619"
1.75101782781905,0.079535807441828,0.00953785575998066,0.0130739562370247,0.0310362527690903,0.0117839180101505,0.0114817872429238,0.0193923775274705,0.0343121986725315,0.0233330258820531,0.0157083670433595,0.180075940274885,0.113198980190042,"E02000620"
1.82982071098069,0.0889716211860727,0.0113836652285257,0.0147334608314355,0.0336186262588712,0.0124747586760245,0.0124867971481135,0.0204290280102461,0.0345740735825248,0.0245043726019225,0.018110617600991,0.186314848864532,0.128990588930853,"E02000621"
1.80301295005392,0.0884945862477397,0.0103477631782998,0.0141569335413072,0.0406649412384786,0.0117854234094462,0.0119272055687434,0.0196858925536761,0.0336679383908179,0.0280410166275111,0.0161453039887565,0.18371781310183,0.120614054782923,"E02000622"
1.87610456050743,0.0955452845693467,0.0132152339169876,0.015449247210791,0.0378597614426833,0.0123990573737396,0.0127629519483129,0.0206977640711493,0.0342178895292584,0.0268427925962623,0.018516098188824,0.189791755434611,0.134794652395496,"E02000623"
1.8304626134203,0.0944163137321212,0.0113273743859296,0.0148789317494264,0.0437054705739978,0.0119286820674964,0.0121157016730381,0.0199882878870812,0.0333981765731899,0.0309993388052487,0.0171200441764355,0.185167968602579,0.124990180387129,"E02000624"
1.93487637573251,0.0992574472116605,0.0162092440307598,0.0158022268504372,0.0397341064940711,0.0121754631818974,0.0128873788714499,0.0207448038630167,0.0334650107741947,0.0280319144469432,0.018603082791307,0.195179313540351,0.138520941030748,"E02000625"
1.78681541342169,0.0935448327008256,0.0106715663555493,0.0142861567012454,0.0435590757805173,0.0113670199051935,0.0113610103900242,0.019209795896977,0.0316632439720603,0.0355658342879366,0.0158006404198208,0.181033227030917,0.117120246699047,"E02000626"
1.89345554728817,0.0995588982805136,0.0153279051717339,0.0153734043494492,0.0448029373910498,0.0116866534972806,0.0122200868209105,0.0201479983848509,0.0324711262725575,0.0325813530202456,0.0176946609325353,0.190533835344691,0.128230919582718,"E02000627"
1.8175000304366,0.0974617951602748,0.0126355886822987,0.0146399075356538,0.0442541653161688,0.0113555239660325,0.0114580048587097,0.0194242510964554,0.0314976780537057,0.0362447768900463,0.0165001570517496,0.183284347484698,0.118423764921823,"E02000628"
1.99633686159167,0.101228845371497,0.0187912681510009,0.0159128466757626,0.0431394952182137,0.0119697442975583,0.01284083412412,0.0207333610801054,0.0324037402936039,0.0298413802227166,0.0184497287359536,0.201144916669202,0.138334899661232,"E02000629"
2.06937860230434,0.103729823639359,0.0199533298185815,0.0164918949650553,0.0436047921235996,0.0123329791764117,0.013417761693317,0.021180930898196,0.0318196370293601,0.0291333166683028,0.0189003354366741,0.208724134123634,0.147689380542634,"E02000630"
1.78798611308019,0.0937519893099486,0.0108594977178143,0.0138915567721035,0.0417026479262618,0.0109225019410167,0.0105587216621327,0.0184867767462647,0.0295383715300329,0.040916445032446,0.0149860631500936,0.182020296532711,0.105405511283924,"E02000631"
1.95510035039894,0.102455503477366,0.0175308236319704,0.0150208398771655,0.046506925792521,0.0112466355159412,0.0117367048305847,0.0198929978672572,0.0308250363115942,0.0358374788967626,0.01713563742846,0.197156280796497,0.120604540026864,"E02000632"
1.90787989856227,0.100838227015506,0.0161767380937932,0.0143291329399322,0.0451165940413193,0.0108408086635594,0.0109914627230356,0.0191344096627891,0.0299117094977302,0.038857294844136,0.0160646425296164,0.192998640334961,0.109334956653445,"E02000633"
1.9742765739143,0.101509073959489,0.017540353683709,0.0152160679166371,0.0462849054183577,0.0112307138141337,0.0118850156836223,0.0200946001387726,0.0302633621687677,0.0337027509872307,0.017410588404078,0.199725092964339,0.125067381860927,"E02000634"
1.93306038503804,0.0955999138244886,0.0149613591019541,0.0132320583827011,0.0414818333437917,0.010071397194741,0.0099752363623033,0.0181046616290829,0.0276258513823329,0.0414105899615187,0.0147633756223614,0.198885626587189,0.0927219606959713,"E02000635"
2.02071589857409,0.102672125139627,0.0173891959159514,0.0151500585253746,0.0480764739289121,0.0111882088818653,0.0116955244178279,0.0200341733756032,0.0292601369053123,0.0348763109487068,0.0172000867589905,0.205362346303531,0.121166866035312,"E02000636"
1.969811502353,0.098097426679534,0.0146092772878079,0.0135333032316267,0.0426552627911351,0.0100389292456151,0.0102434052734007,0.0185835596643675,0.0277727072201272,0.0402120882075183,0.0153473133166659,0.202917078396228,0.0946720318636832,"E02000637"
1.99332175114646,0.0963026680292483,0.0141174042819566,0.0133735712449679,0.0423692036605559,0.0098611311835707,0.0101551223156603,0.01848648089365,0.0271192795171264,0.0391598796702768,0.015328257442622,0.206475384607298,0.0920620925228654,"E02000638"
2.08789454894819,0.0951521681610961,0.0139184168682537,0.0131655906146118,0.0425378625544362,0.00981236447878304,0.0100750746019236,0.0183548726831076,0.026459355840278,0.0388312214465745,0.0151734503794639,0.218257313332163,0.0875036607420462,"E02000639"
2.05280150522989,0.0928959974978884,0.01406573075574,0.0131124103465096,0.04389362539255,0.00985566372185871,0.0101471574107086,0.0184087558000214,0.0261185988697964,0.0361551040358555,0.0153798068258534,0.214200006104596,0.0909894333838605,"E02000640"
2.20919609235507,0.0871017419308394,0.0122272406065412,0.0118563979486018,0.0369079297632904,0.00897480111300092,0.00910429878138172,0.0169903343696625,0.0243443839105401,0.0410621945114253,0.0137339456410174,0.235526162112367,0.0702215317393839,"E02000641"
2.17803834880148,0.0799135819799907,0.0110356188397356,0.0107561006783045,0.0346944140082257,0.00825856802183831,0.0083023364743962,0.0160396342036688,0.0220815412340585,0.0424444270997891,0.0124556997138475,0.233762204761798,0.000814458022782406,"E02000642"
2.20718590235878,0.0796693356271905,0.0110816509918317,0.0109104346069396,0.0357058264576552,0.00863200555092056,0.00868665820238908,0.0164698707631905,0.0223128571476955,0.0392169294070317,0.0128662352268429,0.237007346741905,0.00109772441278709,"E02000643"
2.27216472870998,0.0818755472015034,0.0105883442291609,0.0115149397208905,0.0368881431966713,0.00862806642693883,0.00849239775088516,0.0167060928251125,0.0221279152735411,0.0439419792272112,0.0128637414677943,0.244272040515359,0.000244928992266033,"E02000644"
2.33095604196189,0.0852144420946757,0.0101978115577675,0.0120690869687745,0.0390433291239835,0.00864057291000556,0.0084197404321131,0.0170727611984309,0.0218248676885671,0.0473164065668268,0.01267980489127,0.250566668434405,0.000213116924321072,"E02000645"
2.31288749697375,0.0799520125977072,0.0110483623238832,0.0112922580108543,0.0401304109440641,0.00899335533529073,0.00878607779088655,0.0172579361970194,0.0226148657010721,0.043065286369804,0.0133294296858111,0.248750714341411,0.000240991845473097,"E02000646"
2.30915759192451,0.0811407110817314,0.010179520294172,0.0119424858975029,0.0433645068066733,0.00869650210011545,0.00834186629203801,0.0177155564181552,0.0219175298565707,0.0478358477568222,0.0129117494800087,0.248100084597321,0.000202537697940186,"E02000647"
2.34348491139785,0.0850895174054109,0.00997191106362583,0.0124709570045586,0.0444405950606876,0.00870506847703351,0.00842946810729147,0.0180509473275213,0.0218266429594538,0.0494143633083201,0.0126433235430501,0.251519326257034,0.000196813080895275,"E02000648"
2.35713797775377,0.0782757907918498,0.0106030054463452,0.0115989652053117,0.0479268338855195,0.00895170115882667,0.00860041665716175,0.0184634819879647,0.0227637208464694,0.0485222888634445,0.013773775752015,0.253359136239881,0.000203495230837227,"E02000649"
2.40754155806666,0.0878416214801234,0.0099466317448677,0.0129673371514772,0.0467128048064711,0.00895307519228583,0.00878884207241335,0.0189999721761832,0.022324155051422,0.0496795013893325,0.0126790956553898,0.258249595696209,0.000193619215556437,"E02000650"
2.34297640217669,0.0761915403914519,0.0102245190650301,0.0115481682167697,0.0541189190300417,0.00873743930080704,0.00839277483598301,0.0191303305637934,0.0226775081055831,0.0501302782837471,0.0137457052943055,0.251377126592549,0.000199473904683403,"E02000651"
2.34680444048724,0.0727525330436283,0.0103164765013882,0.0112267110422287,0.0587062115201652,0.00873204416673547,0.00845325792005255,0.0199162580665804,0.0232564553082715,0.0501283506351283,0.0150850758414863,0.251580291909705,0.000211119846269063,"E02000652"
2.01409239020998,0.0816608045905503,0.00993148510676138,0.0155691326830491,0.0472408550077469,0.00909794228712881,0.0125888983582479,0.0214238307550293,0.0306339632021196,0.0439788170269675,0.011330141774515,0.211074078215355,0.106037282789757,"E02000653"
2.01813866994565,0.0839011704765346,0.010416004699935,0.0164187374546317,0.048754520710181,0.00892626473009512,0.0125859510504869,0.022585779781417,0.0292015608755104,0.0390883600773943,0.0113124695117989,0.210876759232599,0.106893655364705,"E02000654"
1.96406351908309,0.0852595153339076,0.0101415538922258,0.015409009634279,0.0454105905155675,0.00934490985570215,0.0121778502610288,0.0200466431812935,0.0294012743805649,0.0443689018834487,0.0117227183500866,0.204950649731262,0.106528234709015,"E02000655"
2.10240220796636,0.0924819033996147,0.0110451987072115,0.0171743773283252,0.0487799137282873,0.00946204187678648,0.0120536251242133,0.0230690906327532,0.0280004435635434,0.0456081093239471,0.0121157519994309,0.219441039016099,0.106686826880881,"E02000657"
2.04679493490312,0.0911898329465664,0.0104851064941845,0.0161967199304922,0.0456634040659386,0.00939733184012504,0.0118215496835254,0.0203838580604501,0.0279509480631657,0.0471427451464932,0.0124359534141313,0.213908578719267,0.105270772208451,"E02000658"
2.18750163504794,0.0941377028062553,0.0110120055926328,0.0165122935779075,0.0507465119988953,0.00972138608198624,0.0122503266912241,0.0237213033358666,0.0287648865227504,0.0299349851094576,0.0126546949296808,0.229100683393657,0.122829200280965,"E02000659"
2.12424223494969,0.0937603605329346,0.0108173721811443,0.0167184295310837,0.047878699167053,0.0095179991070992,0.0116989028298657,0.0233294603845588,0.0276079709266081,0.0450062255421099,0.0122992819472398,0.222157077098325,0.104416578141517,"E02000660"
2.22479107957118,0.0953364974237665,0.0114889548084754,0.017598218611475,0.0567126614729828,0.0099084906246146,0.012641876030293,0.023725983273449,0.0295216075191028,0.0289782416403588,0.0137938944312518,0.232202546400284,0.139981075308333,"E02000661"
2.13070787663801,0.0947442806366918,0.0104803635271878,0.0164263911645405,0.0457904444663626,0.00947714212292079,0.0113093445111265,0.0212285836931822,0.0268811899476769,0.0523927644987578,0.0128608949351266,0.223409292402998,0.0969986028594848,"E02000662"
2.16236073535334,0.0950636097941167,0.0105272475995886,0.0159759664477156,0.0462716689273321,0.00963112246790751,0.0113787178133029,0.0235542385775776,0.0275141385799956,0.0445124562828279,0.0125457570302338,0.226908123121415,0.101049284154258,"E02000663"
2.31016261829682,0.100157813517735,0.0120489267626886,0.0180655111875843,0.056382684369907,0.0112974395820585,0.0124776858572454,0.0240374750864343,0.0305277166001443,0.0379268144019417,0.0150028304188775,0.241024427310433,0.140869277061225,"E02000665"
2.14294033368594,0.0926652785358018,0.00979841941835531,0.0148294771976492,0.0428620638867441,0.00916389629714951,0.0106540618134331,0.0223344316607441,0.0263223282482423,0.0507445628490031,0.012560801872315,0.226039590417488,0.0812119846957639,"E02000666"
2.1569692808753,0.0908228404962255,0.0093482678697874,0.013877188950792,0.0411046209195884,0.00894035441322791,0.0102650480273156,0.0214081013610974,0.0255367931415999,0.0564456191278549,0.0127063923147222,0.228539120459542,0.000451905458642196,"E02000667"
2.43378841757609,0.104651182347466,0.0132355456288544,0.0200168301342486,0.0679208866747313,0.0123403966910897,0.0128400220359134,0.0243424273530781,0.0319878295930549,0.0474111547894212,0.0168235404472177,0.252405366096845,0.154131278771721,"E02000668"
2.25247177280099,0.0990310839526919,0.0108936563287902,0.015979056740264,0.0474402890424401,0.0108624101154701,0.0114696276161135,0.0233761449577178,0.0291502204407138,0.0539132239081649,0.0144905721702621,0.236359755010615,0.106930028824293,"E02000669"
2.29006919119875,0.0983940940828423,0.0103952643840103,0.0149365353680311,0.0442930203089136,0.01022788461934,0.0110913015282493,0.0234803644989737,0.0286529874902394,0.0609289810745775,0.014352485315526,0.241841767742524,0.000358050189988946,"E02000670"
2.32954264054566,0.0969634684505832,0.0109967694449471,0.01331794060141,0.0417944774107565,0.00932123825294142,0.0103663319023621,0.0218140680581412,0.0258567728536674,0.0606324844838526,0.0136381203515084,0.247545572059288,0.000222386798647591,"E02000671"
2.35702708490747,0.0992171595951712,0.0104736981133941,0.0142232743171014,0.043144927077772,0.0097278249054095,0.010792044457548,0.0234805904008937,0.0279698693352793,0.0632179110163228,0.0144433294839409,0.250097521668125,0.000250207777131212,"E02000672"
2.30767769287144,0.0931724494785251,0.0126985351903044,0.0124019031737491,0.040539855271287,0.00914649790882485,0.00983272423477678,0.0197657887608503,0.0241067177131039,0.0586397981323897,0.0129783948578248,0.245355528789562,0.000214498470637838,"E02000673"
2.38624410452404,0.099739853564264,0.0113122326009187,0.0162170224809401,0.0536795339376411,0.0111954384253177,0.011527209803496,0.0232925788987475,0.0299918274594362,0.0706524504108102,0.0157117681584988,0.251134077942448,0.102110845641955,"E02000674"
2.53013321658799,0.103832429421915,0.0146497576046194,0.0214702781708942,0.0899946977084061,0.0133676989062402,0.0126197301790832,0.0235716198060807,0.0324783598148196,0.0652864298820353,0.0188467305146608,0.259197034486609,0.161492771314216,"E02000675"
2.37215709968452,0.0951592181189417,0.0118615873844317,0.0128658182005562,0.041930769855636,0.00936505665666643,0.010278936814368,0.0218135917380423,0.0258028705818766,0.0571728416561173,0.0140145000451478,0.252561981906286,0.000212824386238046,"E02000676"
2.46111815658302,0.100042621565501,0.0112179744341718,0.0148479937493333,0.0487136069424056,0.0104090335939978,0.0111047912495928,0.0236173711210135,0.0294788288015496,0.068765382710952,0.0158436931360887,0.261111659488549,0.000289869897357771,"E02000677"
2.52943228309206,0.101453202678449,0.0135396413441392,0.0190175891946911,0.0793584975810184,0.0126563030984054,0.0121206448393132,0.0232916824434825,0.0319191360010018,0.078485505889765,0.0184000266830952,0.262439702032297,0.137830755874068,"E02000678"
2.42366662334893,0.0924743939470847,0.0117526031672535,0.0128872420644311,0.0432306616537233,0.00974660198191111,0.0101694302280987,0.0217920268760951,0.0258012791071527,0.0531028634842067,0.0141369732510149,0.258689977471167,0.000212288372286946,"E02000679"
2.3556102264686,0.0905332082409245,0.0113518001939805,0.0125480984689832,0.0414770560221143,0.00932021407128902,0.00949536891430204,0.0198857259539439,0.0237900258610326,0.0520091637621584,0.0131357550597918,0.251598764246957,0.000209074148616259,"E02000680"
2.48445070747223,0.0956401040860397,0.0116495378817416,0.0137036448965654,0.0460192726587284,0.00993901980651935,0.010633340682155,0.0231137849416366,0.028065496321514,0.0575133902343905,0.0155139869292861,0.26494504283543,0.000236463173230939,"E02000681"
2.48720628856275,0.0979325594905369,0.0120366900155871,0.015710055559408,0.0603930579918671,0.0110102416580709,0.0112036980391529,0.0233393881617323,0.0304888899988368,0.0695061277912658,0.0172030656502263,0.262430050203795,0.000460777406126135,"E02000682"
2.55932685356302,0.0995403484837182,0.0174010314284837,0.0223251405960341,0.118900490996519,0.0144488328992201,0.0124162750948161,0.0224962771988684,0.0325225407009716,0.0846255615139824,0.0217737200243415,0.255139809672438,0.161109098015789,"E02000683"
2.41568380063699,0.0894690802114966,0.0104158672680712,0.0130463871575645,0.0440992813402814,0.00951149519310762,0.00946255603443429,0.0204310126864783,0.0238208087361974,0.0492541537169904,0.0131722164670611,0.258708893698395,0.000202284936146151,"E02000685"
2.49169485285324,0.0916786832322128,0.0111920041010456,0.0149999914365617,0.0609235966110563,0.0106868506517672,0.0106821885006112,0.0228953715245723,0.0293661303010011,0.0552136977403565,0.0165721414175011,0.264196308093699,0.000396436201923545,"E02000686"
2.47503619538898,0.088515881187982,0.0106204700199213,0.013398084451233,0.0474256042500865,0.00984970820375116,0.00991175959455957,0.021830841184134,0.025578740301049,0.0496804861227118,0.0139993467072855,0.265124673627423,0.000224431514701709,"E02000687"
2.67137352939605,0.0883697981794728,0.0150597828887207,0.0140383479413521,0.0581287391224086,0.0110754033381598,0.0104492369115189,0.0219006558015619,0.0266473664308519,0.0512889856939888,0.0232841452785592,0.285657784060543,0.131739565152349,"E02000689"
2.39952628309874,0.0925861494201368,0.0167033191482112,0.0247340867092293,0.0673050772467682,0.0122388277044164,0.0107512181169239,0.0206323947617208,0.0282764660493997,0.0563375896134024,0.0261403546597798,0.248666549706603,0.15716504005071,"E02000690"
2.59454335806701,0.0823603494752568,0.0135546539692769,0.0137694189191788,0.0600043942950734,0.0107984369056976,0.0098672203363324,0.0214469835507795,0.0260068163733141,0.0591828335188603,0.0239599719915438,0.277652397084629,0.109216634444209,"E02000691"
2.41858437558841,0.0797200267659531,0.013893503012505,0.0164220262272554,0.060768663181693,0.0110406618579618,0.00955870082793648,0.0203232687036429,0.0259511292190527,0.0597925964910296,0.0238957024220737,0.256623243881456,0.11682157220373,"E02000692"
2.43114693172218,0.0761549055524775,0.0114902771774928,0.0114490667888027,0.0594693030519271,0.00957352541216752,0.00928843793430663,0.0208141504361521,0.0243547341354973,0.0528203493533068,0.0203312026007911,0.260453832884281,0.000634206594912062,"E02000693"
2.4418280298787,0.0770098662134308,0.0119777465715421,0.0120667222053401,0.0581984526333902,0.00993024784739494,0.00935577933432501,0.0206225487271088,0.0246094502191435,0.0537843618860554,0.0216257771598135,0.261508584003333,0.0841792988010926,"E02000694"
2.37462478348319,0.0730851831567017,0.0107138121853988,0.0111888806646769,0.0596131819177169,0.00893566847829837,0.00875863262354157,0.0203442044284645,0.0236738562999235,0.0508982754383858,0.016919858259792,0.254501111112601,0.000238340297193589,"E02000695"
2.37648219293168,0.0727753322640135,0.0109668222904574,0.0112954767947477,0.0615765176119932,0.0091440539666418,0.00898073323629903,0.0207093668461281,0.0236936569544652,0.0510425116567702,0.0189953383789255,0.254400374130203,0.000379083936310429,"E02000696"
2.36238994747931,0.0751325390980072,0.0120084817229753,0.0130655833110412,0.0595604348172537,0.0100359015860485,0.00923083747078614,0.0203012175834645,0.0245495403820258,0.0551527009198216,0.021841260395682,0.252094781468914,0.00136274442501039,"E02000697"
2.11468954430319,0.0831626547938354,0.0158570024562372,0.0213206777244538,0.0722673987179238,0.0114283598473883,0.0096638421284878,0.019597933072871,0.0268661178401506,0.0637551408570097,0.0236108417003729,0.21607938065187,0.125199284926509,"E02000698"
2.27379920134228,0.0761658245241258,0.0129996507243547,0.015229280740391,0.0627986289350382,0.0105373708215064,0.00923558970390266,0.0198606764658943,0.0252083296665773,0.0612384290794127,0.0224862004544399,0.240283120326927,0.000502166989785667,"E02000699"
2.35770699543076,0.0722291885155122,0.0113011101947855,0.0121098201253749,0.0642862509156202,0.00939340188207337,0.00910912614327129,0.0210384283133411,0.0238162491196214,0.0508482437864016,0.0204973943332896,0.251718963027363,0.00147356461332649,"E02000700"
2.35349168937621,0.070090916543907,0.0106672937577678,0.0113453939333154,0.066543902046138,0.00889049866224854,0.00875236664562063,0.0211131784991052,0.0234638088124966,0.0501308439222925,0.0182933029015061,0.251408413900789,0.000327774954616073,"E02000701"
2.27044749743611,0.0677028837473018,0.0103097152546098,0.0112386649404447,0.0690606186938212,0.00864793094801696,0.00842515702117411,0.0208506675343749,0.0233040174329588,0.049312282136819,0.0166327739582401,0.241710587706192,0.000307560232161416,"E02000702"
2.24466071323868,0.0723904989851278,0.0117671903802779,0.0131633668246128,0.0615121127958317,0.00970556596139131,0.0090356132211088,0.020024135059803,0.0239778022433662,0.0530655311367792,0.0208170565284335,0.238480377115981,0.000640861041099351,"E02000703"
2.05890287936908,0.0762106125637612,0.0140597309691429,0.0167950471705461,0.0680489172090533,0.0106860120978459,0.00907286004564386,0.019304465704925,0.025389707057017,0.0639245752543518,0.0222270533125628,0.212966992307651,0.0015265184370956,"E02000704"
2.31603023894949,0.0696339254291473,0.0102355286230315,0.0111797568347972,0.0673267387141899,0.00866897932128882,0.00842537373859948,0.0208406039641782,0.0237103841451919,0.0497260768484331,0.0159655140261178,0.24712241289278,0.000246183073851586,"E02000705"
2.27657038390534,0.0684981097907,0.0107271580195727,0.0115594483363185,0.0661926546848782,0.00888840468510615,0.00872473260290697,0.0209446692889245,0.0230355136123757,0.0492178408240923,0.0186457040716775,0.242637112699677,0.000704395228038907,"E02000706"
2.21719181980295,0.0683096757120429,0.0101489456203589,0.0112474895605965,0.0723208074484732,0.00864665428336449,0.00836175957772177,0.0209011685168304,0.0240803242737037,0.0495876767578228,0.0154044011264791,0.234851753481015,0.000275254773454769,"E02000707"
1.88151022060994,0.0741037025520544,0.0139808286672359,0.0158753765274419,0.0687248672872886,0.0103672101722195,0.00881846299894037,0.0189488757202239,0.0248543076055882,0.060318257963925,0.0214087976541011,0.191817222050338,0.00063577371916756,"E02000708"
2.09174697763035,0.0717443040136699,0.0121942576096429,0.0137493166226383,0.0645982358636414,0.00972646026179004,0.00888752977517788,0.0196441807185911,0.0240618848676327,0.0553682892686084,0.02080099299182,0.219685475443697,0.000686365775967201,"E02000709"
2.17497192414339,0.0664000064609612,0.0105542465661792,0.0115613586013739,0.0706765469687711,0.00867490873944399,0.00848240262226459,0.020902751781693,0.0230906748401521,0.0485089446955594,0.0171067688096426,0.230313442112464,0.000611448293787351,"E02000710"
2.11901623379062,0.0676553700262149,0.0109627021444467,0.0120740914935904,0.0626381062122162,0.00889568357136736,0.00865540408792128,0.0197203969779029,0.0228777931157304,0.0480122198391592,0.0187454343431679,0.224696451572912,0.00161564484505204,"E02000711"
2.06460336016935,0.0679238298676555,0.0111820018946561,0.0123285912708579,0.0639469566835009,0.00891941629500764,0.00865618382116328,0.0196436462794634,0.0232910541953845,0.0487514713811818,0.0189339534917966,0.21788831174013,0.00458603370654098,"E02000712"
1.90837924421985,0.0702863608787773,0.0122774280012446,0.0134674900341624,0.0656164598120911,0.00948568155453802,0.00864848049411774,0.0192293914724936,0.0239605151118785,0.0540786127444071,0.0203779059208,0.197717227909429,0.00101041182034822,"E02000713"
1.20744551807913,0.0465858871672168,0.00410764157754934,0.01070738035751,0.0321052563708784,0.00466147201015597,0.00623903168805868,0.0154637101065498,0.0194007704937704,0.0253638800646816,0.00911212206448295,0.126744845619691,0.0312360858455424,"E02000714"
1.11247444080783,0.0476411416932885,0.00416639413995187,0.0113721657909921,0.0364931897671221,0.00439266811493193,0.00529806215218416,0.0145695183677239,0.016447774929264,0.0251992557557403,0.00923786069748633,0.114785656320565,0.000402575951847208,"E02000715"
1.13349187928788,0.0472611417878558,0.0040059478254773,0.0111368831107281,0.0357837081074208,0.00437435458811866,0.00537460605822908,0.0148729690528727,0.017053605789853,0.0253352394601538,0.00905721736869051,0.117578739774089,0.0221712268249922,"E02000716"
1.13504469338215,0.0470821528166245,0.00413094228708844,0.0112223976379991,0.0364513559823782,0.00443519821640858,0.0054615364168002,0.0147677989857721,0.016782992195529,0.0247504131012563,0.00901138771778091,0.117602900770588,0.0243593804074213,"E02000717"
1.11841911633892,0.0477906247289044,0.00428443890882179,0.0114739076590796,0.0368376023083131,0.00442703034358832,0.00533021298594208,0.0144911274443045,0.0163117874453604,0.0248581081958382,0.00925915002303998,0.115352992808575,0.000357330362397423,"E02000718"
1.2739894172049,0.047396711710743,0.00434897730543631,0.0109044268013523,0.0322691585365177,0.00483723942344687,0.00672194818639615,0.0156555946031691,0.0211641879891398,0.0255990667466015,0.0094279274742081,0.134212389669769,0.0383226586024038,"E02000719"
1.18657588428932,0.047268064928241,0.00424179945079924,0.0112705986603061,0.0359526872183014,0.00463231357994022,0.00600378747657051,0.0153349486807504,0.0182995233071722,0.0247139266861543,0.00900932494218181,0.123589607435377,0.0280202915893978,"E02000720"
1.22806973691121,0.0478902956240465,0.00448933337478986,0.0116062678299665,0.0368961912461688,0.00480566759621445,0.00644459720072651,0.0155885692160075,0.0193566092296602,0.0244478049580378,0.00917312966433072,0.128017278494354,0.0330039460331452,"E02000721"
1.28344756347413,0.0486053313815433,0.0046021078121812,0.0113766336626379,0.0347128402529425,0.00494111307810599,0.0069814102726785,0.0156311051030633,0.0216554916793796,0.0250738316523572,0.00954922892224448,0.134624678421314,0.042112295457102,"E02000722"
1.16900287781621,0.0475885181121087,0.00439208182276704,0.011531079073307,0.0375036342161979,0.00450008492698395,0.00555750926566884,0.0148716656215241,0.0167633242825419,0.0240793653859792,0.00906491072658269,0.121277505923221,0.0258051989006457,"E02000723"
1.18983787708961,0.0475939518206243,0.00442284398129387,0.0115941040111358,0.0378762277987581,0.00462775250892758,0.00586648629320052,0.0151913143076154,0.0173781185387018,0.0241273124209786,0.00903834078040511,0.123588526406295,0.0283468177874847,"E02000724"
1.36136293814551,0.0525639846625718,0.00489297977162584,0.0115383835759462,0.03518009090065,0.00508562611227187,0.00750568335240335,0.0156527193722521,0.0237551627948281,0.0259586267216039,0.00998267504863539,0.143034287081771,0.0500038689394487,"E02000725"
1.23509960202946,0.0486355717845664,0.00473853762435765,0.0121073030446533,0.0393184912951479,0.00479299447852898,0.00624965216379978,0.0155711538177799,0.0182573111672025,0.0238641045068383,0.00915747587486517,0.12830726562865,0.0311812903252057,"E02000727"
1.14815097919619,0.0478691369059017,0.00446133716955785,0.0115503374254174,0.0371641771495564,0.00447568368478796,0.00542259007686052,0.0146385479842666,0.0162946351195767,0.0239286530753796,0.00915251237177236,0.118769115356572,0.00195237156410487,"E02000728"
1.27289466834288,0.0500744093115694,0.00487797768746009,0.0121194408776337,0.039234216894644,0.00501244656094088,0.00700592599237305,0.0157549164046556,0.0208472999953463,0.0242893153443066,0.00949893347335088,0.132308095493617,0.0417343685176546,"E02000729"
1.24795571746245,0.0491570571713716,0.00484406693791101,0.0121945949944553,0.0398282678490342,0.00493182096816024,0.00665442530827011,0.015735594895347,0.0192528703238085,0.0239512577947777,0.00928124105027014,0.129482645877968,0.0366619122329276,"E02000730"
1.22688305710983,0.0493146851908778,0.0047388079163595,0.0119978763370231,0.0391239334896516,0.00470584203089032,0.00589365843345847,0.0155621678175135,0.0171410574090098,0.0236398428113755,0.00925230252684327,0.12737442156276,0.0319723885528034,"E02000731"
1.26060964940171,0.0499570801804721,0.00493655183602277,0.0123422526759337,0.0404065428714388,0.00486002789844766,0.00628328607039451,0.0158906151254722,0.0179954741063832,0.0236647918532004,0.00930067173475869,0.130876018112338,0.0344752660342648,"E02000732"
1.35438138810632,0.0563083790570459,0.0052873014313595,0.0124072693432445,0.0413019889196445,0.00518193432512138,0.00772789826943917,0.0160106129840646,0.0232448770409916,0.0247298755829197,0.00999229641609673,0.140514790462026,0.0523621396763769,"E02000733"
1.31928398830899,0.0541362176827322,0.00529469662980663,0.0127757330269984,0.0433236775743473,0.00515507353918746,0.00733745694573675,0.0160781845011254,0.021711945615393,0.0241792860345051,0.00973158426651827,0.136298700679276,0.045897959293749,"E02000734"
1.2939232447152,0.0519485299692631,0.00524823018922687,0.0126974024129666,0.0428104714952382,0.00507452494235696,0.00690131343639101,0.0163311041437867,0.0194904148475566,0.0238151788567472,0.00949674261975611,0.133813832758328,0.0416688782477934,"E02000735"
1.17954972450413,0.0493120790539517,0.00467877044828539,0.0117624218308917,0.0380643552533318,0.00456560308901971,0.0054724665727821,0.0152720602204262,0.0163150898127471,0.0234012871425654,0.00934275088581535,0.121991751867535,0.000315178392707075,"E02000736"
1.2651164045671,0.0517259982485082,0.00494931930221254,0.0122931669843648,0.0407263028134342,0.00485706431814361,0.00605286419335209,0.0163310761364496,0.01730345944035,0.0237260826007878,0.00955024186469895,0.131126724139232,0.0379158494334858,"E02000737"
1.31005437300266,0.0528486362148473,0.00525108753276915,0.012731380709526,0.0426274849138455,0.00504141811380808,0.00657028809080185,0.0167503157777486,0.0183988643281808,0.0238024809598126,0.00957735620347982,0.135738526863449,0.0409116204281197,"E02000738"
1.33529583325341,0.0557808466957807,0.00554369967942141,0.0128908460006642,0.045673324872141,0.00520557824340774,0.00732600521871838,0.0169646926100869,0.0205301291373921,0.0240818105864056,0.00975154350271572,0.137495580439096,0.0494908122569433,"E02000739"
1.41668644272683,0.0621392908215717,0.00588772994571686,0.0129806037394514,0.047369594651889,0.00528663943719789,0.00810195161680645,0.0173831065832251,0.0233286879663731,0.0243903165178691,0.0101673974616151,0.145810850486815,0.0597021140798986,"E02000740"
1.37604776036343,0.0575872496072144,0.00575320682905477,0.0132798291561912,0.04687164310449,0.00529758679332288,0.00722166218698376,0.0178188856845587,0.0197154403859839,0.0242253537614293,0.00988656624225944,0.141808082057588,0.0499330450574516,"E02000741"
1.2381596219957,0.0509079469855623,0.00490210456182041,0.0115005684651153,0.0382261121924744,0.00457688709535656,0.00575134222408652,0.0161383726011266,0.0168853014342584,0.022607514180244,0.00904330554601887,0.128748654324892,0.000140673110999966,"E02000742"
1.45834262654897,0.0636855792645157,0.00618315045683284,0.0133476893056831,0.051773658468797,0.00534807642984138,0.00797319926683161,0.0185030156386687,0.0221227214936135,0.0244324291843509,0.0101570371329231,0.149698022802276,0.0595687344782342,"E02000743"
1.45584884582089,0.0637807087870847,0.00622873278159068,0.0135514073831676,0.0521076698955573,0.00543631802080818,0.00777347201442142,0.0188730095261524,0.0209029924661619,0.0245890548868723,0.0101689094281387,0.149287450119477,0.0583569754571258,"E02000744"
1.29035143377472,0.0549109666142036,0.00536511871143164,0.0117285093497748,0.0396597935552037,0.00462803177036695,0.0060203601172017,0.0169248437130846,0.0174118914932952,0.0225099603740324,0.00904286608955446,0.13400164316568,0.000117565003018927,"E02000745"
1.2185767916449,0.0516849154663915,0.00481462109688225,0.011647671465896,0.0397612570826501,0.00465448392953268,0.00547580563598318,0.0164574507410022,0.0166051755068378,0.0233174355789595,0.00969563105561588,0.125964273993581,0.000160052257789276,"E02000746"
1.58476952213611,0.0664831510632047,0.00663661227237381,0.0135794240955215,0.054476911119314,0.00551140258776209,0.00841210011448785,0.0202010830450213,0.0228793009462738,0.0245427037899205,0.0104356916524233,0.163773760434021,0.0697852505101515,"E02000747"
1.30783026402347,0.0570514752066473,0.00540776937035245,0.0118123606790511,0.0406026554092136,0.00465982181082503,0.0058811795662655,0.0175344382302047,0.0171588204858308,0.023001149830666,0.0093551037422743,0.135636739126224,0.000119527465930632,"E02000748"
1.56322926850212,0.0696341231081073,0.00677314696150547,0.014139956078039,0.0563498743905999,0.0057287298641944,0.00809639522198899,0.0204069407162135,0.0206905901806426,0.0252030838907196,0.0106018493925724,0.160267948203715,0.0682406512278803,"E02000749"
1.18772645663107,0.0523317165411301,0.0037803659095426,0.0100162247924087,0.0204823839521461,0.0056375449765462,0.00667657503186727,0.0160586274663196,0.0186024689264257,0.0358399094277629,0.0105473072415785,0.124551062041037,0.0356204635776082,"E02000751"
1.23364394617242,0.0513736018448451,0.00428361754861907,0.0130628005382964,0.0234151422528233,0.00551189862035381,0.00598599295080867,0.0151275772692228,0.0178070055262349,0.0340119438208881,0.0127693771577671,0.129468136587851,0.000269780609296633,"E02000752"
1.21741854065273,0.0519599491124528,0.00418792463558356,0.0131236697626034,0.020240459794814,0.00534568558272555,0.00580730294086922,0.0154112656537579,0.0183263654503663,0.0338990342964573,0.0124588433758212,0.127800899026865,0.000271655104262344,"E02000753"
1.13640493921199,0.0512521077414322,0.00377564982219755,0.0104925031893478,0.0189231077173043,0.00512390199713159,0.00590838820430945,0.0161985458064188,0.0180969810195207,0.0337475318668244,0.010863433460386,0.118918259303022,0.0289156926475595,"E02000754"
1.12633991829766,0.0508647596917234,0.00382883626146454,0.0110520892820076,0.018522254950809,0.00487465767134439,0.00559571309710998,0.0161041134671676,0.0179773662380005,0.033047447253454,0.0111119342442667,0.117840447347832,0.000452418549436353,"E02000755"
1.17686298002954,0.0514880429853066,0.00410710585476148,0.0125325167421476,0.0209769093247933,0.00495133635680701,0.0055551258639246,0.0155669606629745,0.0181732042520972,0.0325480032243814,0.0119203410419744,0.123290349410606,0.000229829630647126,"E02000756"
1.14286032159386,0.0503281151586301,0.00370498667422947,0.00982614872748091,0.0203313740143199,0.00474804479769582,0.00601839104470687,0.0161618266708417,0.0187209275997538,0.033007557633871,0.0107432510867337,0.119974249868893,0.0277082420458736,"E02000757"
1.11348239231281,0.0500723403865004,0.00384914977171879,0.0113635752684754,0.0193038920589333,0.00459342447995439,0.00534680544963414,0.0157350225843965,0.0176354044243762,0.0315908633926702,0.0110844173649084,0.11650308091448,0.000255507770894924,"E02000758"
1.10871477562008,0.0494880241712712,0.00371230454884383,0.0103202772858682,0.0194616668903422,0.00452307377060887,0.00549779219890436,0.0159191195089734,0.0179426765083873,0.0319775765650097,0.0107446893165346,0.116205437211867,0.00033514841050886,"E02000759"
1.13967160478485,0.0506385819507437,0.00401737859915874,0.0120255763983279,0.022198206801343,0.0046904338951623,0.00539318260204848,0.0154746173668694,0.0177924781676202,0.031197049589075,0.0113641642823867,0.119123687782476,0.000211468331888642,"E02000760"
1.10568097938782,0.0495414135239627,0.00389507365871532,0.0115176080556729,0.0251024424144397,0.00446147076882533,0.00525602310308528,0.0153056692646101,0.0172811487283104,0.0294711060886034,0.0105256602397693,0.11518923867215,0.000212083337266798,"E02000762"
1.19493656251668,0.0500845944121279,0.00420533712174381,0.0121450982135192,0.032440833084696,0.00500342598604584,0.00566063116659112,0.0147583727526859,0.0173903650995725,0.0312717725281453,0.0119761586901447,0.124471803191085,0.000205496857815611,"E02000763"
1.13273838981308,0.0482615810934981,0.0035973258976153,0.00967239565536058,0.0208382772826939,0.00438443492116307,0.00565573900468404,0.0155494721443147,0.0183623403829586,0.0307986525073317,0.0101722903709894,0.119360841449567,0.0248222734743481,"E02000764"
1.11244590278224,0.0495588362995284,0.00396421230203918,0.011650854178224,0.0288775882609189,0.00450305411122843,0.00528954541811895,0.0151717074461646,0.0172719077789083,0.0291276288671114,0.0105139246958254,0.115499203725059,0.000205043064190492,"E02000765"
1.1449904387597,0.0502219171659199,0.00410553271277988,0.0119207243007714,0.0343346682407026,0.00463438294315534,0.00539235272856946,0.0150507825911332,0.0175315074387226,0.0294055278640321,0.0108872825013813,0.118418343717207,0.000183027254252113,"E02000767"
1.09129737153364,0.0469973524238254,0.00356830362745558,0.00999752788471495,0.0222379233211972,0.00424751062758666,0.00528793640414644,0.0150147214687421,0.0171795124528294,0.0285526048052261,0.00962507251019485,0.114629341961378,0.0222242223069119,"E02000768"
1.15172460325418,0.0492795977367323,0.00422160265497575,0.0116483125245922,0.037263194245177,0.00474885556966235,0.00548667360466962,0.0144427947903592,0.0171159806648807,0.0288081101251743,0.0109629113176933,0.118908768011773,0.00016795495881696,"E02000770"
1.16443708543922,0.0487676468253903,0.00433285428771911,0.0115992381566077,0.0375086803333505,0.00490788646044175,0.00559669826435262,0.0140922397676573,0.0168644074550525,0.0291446656214035,0.0113609104007829,0.120365871319525,0.000166386945527164,"E02000772"
1.11922150904643,0.0489840894647268,0.00412460697418889,0.0115265917808878,0.0368705296761599,0.00457319760348895,0.00536340394262173,0.0146858827711671,0.0169840306560439,0.0278624559024303,0.0103124977069305,0.115212088282262,0.000185779471009417,"E02000773"
1.1648650800214,0.0495799194448303,0.00437591852438461,0.0117731046313217,0.0383971261142353,0.00484867591182724,0.00556346452194309,0.0142370079721822,0.0171062891342854,0.0286563670828475,0.0111315053969446,0.120148391507897,0.000146713127848477,"E02000774"
1.11798093479575,0.0491602808309,0.0041577001809099,0.0116335252507386,0.0372628609746072,0.00452708989245148,0.00534399656006865,0.0147632829731133,0.01692821357868,0.0273454676742642,0.0100813085945419,0.114958859968162,0.000181622638828646,"E02000776"
1.1349653211837,0.0464050257338983,0.00372717715170902,0.0103000525156916,0.0293646257566921,0.00435754583491088,0.00552977798862805,0.0150564644800976,0.0177199152755454,0.0265426342705669,0.00907577053370931,0.11896196330594,0.0235901638413585,"E02000777"
1.10552052601021,0.0484549079278279,0.00407228288702797,0.0114821275522984,0.0364297038410646,0.00439914683407993,0.00526441732673153,0.0147736323865874,0.0167340329002049,0.02644780346246,0.00958482355474493,0.113816677631593,0.000245530852533592,"E02000779"
1.13783743896121,0.0489593546799858,0.0045464960090864,0.0117180683114479,0.0388605742973809,0.00482981859712019,0.00554848435296139,0.0139787217828342,0.0165623321322699,0.0269491183668976,0.0106422369349624,0.116848068763744,0.000142398790763886,"E02000781"
1.12161549223258,0.0488092647200507,0.00437975225219692,0.0117767955468829,0.0377638382530384,0.00450385941071212,0.00536270588234115,0.0144850357018982,0.0164441442225604,0.0256440275795589,0.00964383343897262,0.115296628795389,0.00019102609229471,"E02000782"
1.12525438108386,0.0489961591197591,0.004553920704653,0.0118950076139577,0.0383516476122027,0.0046024612197801,0.00542161505538073,0.014282568039392,0.0162993344660285,0.0254223787401997,0.00980837496685128,0.115470309176904,0.00017204918478209,"E02000783"
1.41710936212908,0.0764325719427629,0.0188587778848169,0.0216458950048702,0.0213428420224535,0.00890091665444235,0.0128604334885028,0.0170055996245682,0.0195431891687727,0.0179666443120845,0.0155174303682878,0.135149899296239,6.45894540577107e-05,"E02000784"
1.17550075644454,0.0690424039368501,0.00461229698833648,0.0176293346176956,0.0184960793917672,0.00704148757942069,0.00966565978767539,0.0117652281555312,0.0172319729764847,0.0363217993198298,0.0130711588261763,0.117231925260876,4.82195358878402e-05,"E02000785"
2.48058933283667,0.135071832006061,0.0268305379333675,0.0380416995609776,0.0478350203341219,0.0170909080983758,0.0218473570818369,0.0261302553835395,0.0378152218749904,0.0376187363097632,0.0296361823403778,0.238994061572696,0.296437755190485,"E02000786"
1.29074172992075,0.0751388127770194,0.0063170382314541,0.0210534655920093,0.0197146131861151,0.00868566261365698,0.0114118380681649,0.0135138907341465,0.0207640796489596,0.0324754184433164,0.0151628814953299,0.127026002982101,5.45618759221087e-05,"E02000787"
2.39611032643654,0.132042390385815,0.0151519268048854,0.0397404010600314,0.0467254979637349,0.0158749652354966,0.0194943338250238,0.0229847382283792,0.0368573167477183,0.0426256348126749,0.0281942467280149,0.235913613873841,0.271855235799272,"E02000788"
2.24031808890491,0.124977314177277,0.0105283177190283,0.0406301859349673,0.0454806329046872,0.0148063192748171,0.0159801833482993,0.0201471400053996,0.0352409249492311,0.0466975117968298,0.0278347830313039,0.220190781713283,0.231173103160529,"E02000789"
1.94729002225988,0.111359777130268,0.00791608390333527,0.0362547231763031,0.0370898056068084,0.0117364594006396,0.0141449404592076,0.0172214721442199,0.0315137769110353,0.0433362531981184,0.0230975469964854,0.191619050987564,0.17285755461333,"E02000790"
2.0963184766565,0.11883671680836,0.00903406501315035,0.0386628157341989,0.0416892300798615,0.0134874213531763,0.0148956768324087,0.0186306482245378,0.0338777880865288,0.0480322290817151,0.025525125377379,0.205885691019066,0.205839994699991,"E02000791"
2.03204073610494,0.114098698376656,0.00859830431213538,0.0388019329877639,0.0417630953764074,0.0126133888045881,0.0141214605339704,0.0180694536704574,0.032873850064311,0.0453052193696124,0.0248524738268866,0.199378703760411,0.19036899298021,"E02000792"
1.6144827851582,0.0949058977100588,0.00694883996326968,0.0340121867942074,0.0344799221483302,0.0102683120150078,0.0127068088727477,0.016636676374029,0.0289450094661701,0.0343231622542179,0.0218782362644638,0.154746426886106,0.143967198943731,"E02000793"
1.80231841340728,0.103906892792467,0.00766779269551016,0.0367140697230818,0.0380111733485146,0.0111719593427,0.0136506229345919,0.0171410157741707,0.0312545885543046,0.0385610524332952,0.0230773367211274,0.174483524541132,0.161622536201929,"E02000794"
2.31174644494733,0.124522225814347,0.0126366493472294,0.0434092909165212,0.0552624547585972,0.0144747793674698,0.0153903263886103,0.0212815507596304,0.0332252278237031,0.0475416362311177,0.030276405023943,0.226590591532717,0.217344219931191,"E02000795"
1.61745092519214,0.0947010472345843,0.00706073819600095,0.0352412599902928,0.0363069372355145,0.0102122368480088,0.0125064874539242,0.0170391084594322,0.0289180848708962,0.0333517454596429,0.0225323469159098,0.154239040874588,0.145364795228548,"E02000796"
1.91438420777384,0.107771665797155,0.00818791648366541,0.0389668773718485,0.0423742987879286,0.0117601055627592,0.0137119607051021,0.0178024119100997,0.0319397363457276,0.0400908792526987,0.0242500469574533,0.185997531974828,0.175499223988406,"E02000797"
1.74537603462208,0.100191801430096,0.00790398138938783,0.038873942842743,0.0434469657302248,0.0111186072336114,0.0132000716079158,0.0179756027242803,0.0310772144066439,0.0355719672368751,0.0242265594376155,0.165757610672176,0.166691467393274,"E02000798"
1.93020501087298,0.107395247437678,0.00859861150525082,0.0412375602331784,0.0481844986803378,0.0120066851662314,0.0137434489836906,0.0186040748968066,0.0323811604580826,0.0395092453751505,0.0255299541311915,0.185738793016073,0.180872900744758,"E02000799"
2.13470597698253,0.114180277821372,0.00946221623407581,0.0428546242222417,0.0533883918692893,0.0131086096142516,0.0139209736669933,0.0196426038479456,0.0330809257111899,0.0461569966792636,0.0273459913602897,0.208490068667469,0.19417277699231,"E02000800"
2.02866671210723,0.10957574873565,0.00926986233674879,0.0436526111124331,0.055098203528838,0.0125904516822076,0.0138164089694206,0.0196053074953096,0.0330132060424375,0.0409923057446687,0.0271686251895667,0.19520836301013,0.189943037478887,"E02000801"
1.90312987916406,0.105181616110163,0.00905893776543986,0.0434475169179607,0.0550006333372811,0.0121592319687289,0.0136738485889276,0.0195497267862113,0.0326608415487606,0.0376606536353137,0.0269248502848866,0.179893007183328,0.187385169868643,"E02000802"
1.76451410479645,0.100261643226041,0.00831575568036471,0.0408240846986113,0.0487811544951882,0.0112617627590966,0.0130377506207689,0.018804934745804,0.031006744933563,0.034716881289656,0.0253779681467676,0.166054038133268,0.176596940073306,"E02000803"
2.18642579710822,0.111138618469312,0.0105931158910932,0.0466601091462884,0.0656470763704063,0.0133941601582832,0.0138095987263531,0.0212339481611789,0.0338566378944151,0.0441457937419555,0.0291446283426354,0.211220844766179,0.195936754365958,"E02000804"
2.18997808745695,0.106857525173619,0.0112462163309599,0.0441304021365091,0.0685859244905554,0.0132371662908252,0.0131225403458488,0.021072064688008,0.0319169262783258,0.0524983004428521,0.0276295057709848,0.213549434404138,0.180536731004552,"E02000805"
2.05934700992909,0.106134378323142,0.0103539855975443,0.0450932547169682,0.065349480551725,0.013023315010949,0.0135721337115137,0.0211928683841901,0.0337706347098834,0.0404341040129093,0.0287144010789326,0.196745703859836,0.200034726683787,"E02000806"
1.95244032603743,0.0762107639428282,0.00878998473115661,0.0141972106274546,0.0463546036980435,0.00851488612051103,0.0119681715507904,0.0215047584650198,0.0330037002109036,0.0406817102258253,0.0115419141645173,0.205134935413346,0.101735279015605,"E02000807"
1.58009320713104,0.0670520651154453,0.0072275423615253,0.0102225807667917,0.0282043536632514,0.00885058711526728,0.00921695658614529,0.0168351664833235,0.0321224623358331,0.0228011817813391,0.0117437236668569,0.165167834827361,0.0810281935790033,"E02000808"
1.7280666361066,0.0772010316840921,0.00832867708898879,0.0123037940837438,0.0422461924868506,0.00929277121767889,0.0109646118549789,0.0171252437449447,0.0319098272110822,0.0305457941882099,0.0114428568967769,0.179118892400032,0.0956895202847858,"E02000810"
1.66909607232966,0.0720912720658721,0.0077583939666487,0.0112039710012449,0.0379448537100303,0.00918588010136041,0.0102812331637442,0.0168361391003178,0.0315936047106699,0.0260304977203264,0.0115337731222153,0.173685420391116,0.089314933414559,"E02000812"
1.82005493385818,0.0779469906809691,0.00884308284722717,0.0135512792705496,0.044419152400758,0.00921507806762738,0.0116630050237506,0.0187518444447329,0.0319312829757738,0.0380652549166567,0.0113103629782103,0.18938537365936,0.100847154157163,"E02000813"
1.97372484787158,0.0772094693623893,0.00910874386210919,0.0148046696706056,0.046671626131396,0.00849789020278529,0.0121626712820709,0.0213229678687974,0.0313818692671952,0.0393563526587584,0.0113153544816869,0.207455747740899,0.1035745727528,"E02000814"
1.68218380038471,0.0733296216369321,0.00805483491797535,0.0114011973863156,0.0348518503786655,0.00979683307968422,0.0104652657187257,0.0175539399797904,0.032613627848585,0.0249536518702109,0.0121235540673572,0.174797578397145,0.0926166006280223,"E02000815"
1.74714527013633,0.07988622594358,0.00880399323749266,0.0130035314940615,0.0424948295890553,0.00936977535051294,0.0112398865160556,0.0172562246183746,0.0311591605728553,0.0324750722207051,0.0115173800881751,0.180784384031921,0.100736600922839,"E02000816"
1.80799308705674,0.0802845861449378,0.00913081649273558,0.0137364496941542,0.043819185538524,0.00938303857289484,0.0116841651762662,0.0181291190224217,0.0313043426395252,0.037808852533909,0.0114151010015252,0.187602311062515,0.102927336108378,"E02000817"
1.72152035526165,0.0777056899892165,0.00859339138740965,0.0121454488822956,0.0393887010255464,0.00996013954021452,0.0109094856824787,0.0177622230215463,0.0320735530806398,0.0264694067410666,0.0124067121871097,0.178096272098228,0.0993134700769326,"E02000818"
1.75657279675288,0.080380596536377,0.00880495755227503,0.0127335547439907,0.0422025262394173,0.00953024065603754,0.0111287760790202,0.0173063022528888,0.0314832376422676,0.0301428843934663,0.0118202118581471,0.181824350382546,0.100844905097785,"E02000819"
1.74287844581988,0.0800688968842022,0.00914071587717839,0.0127083126507589,0.0370551180823936,0.0108724314344581,0.0113003030178323,0.0186578732556296,0.033190075523091,0.0257514266508428,0.0138016621541799,0.179532530628565,0.106977374122276,"E02000820"
1.75826290457075,0.0822157841935275,0.00903759022225607,0.0129045372419709,0.0421668586739446,0.00974127978772391,0.011154814517468,0.0175532836059891,0.0311953275320225,0.0300067931532783,0.0122143277021234,0.18156279874175,0.103633868101269,"E02000821"
1.7624417114847,0.0828714755338067,0.00914146876796988,0.0128551707100163,0.042174900087574,0.0101424053843784,0.0112019171361099,0.0180557215219781,0.031861935512874,0.0287580146562642,0.0127979032448535,0.181610063999744,0.105300758099098,"E02000822"
1.77232934513134,0.0851131596077502,0.00950745398388401,0.0132606183923446,0.0423247311881634,0.0106560680504936,0.0113663707176429,0.0186128847078077,0.0322670538825281,0.0290267822671869,0.013774598437269,0.181856673036449,0.110423120639091,"E02000823"
1.79185058273916,0.0832516639618887,0.00939447087542617,0.0137721506606103,0.0425657323484038,0.00949840074850313,0.0114415628656749,0.0177809569445096,0.0300181180518631,0.0361765802778136,0.0120046564001284,0.185395180511031,0.105405413058487,"E02000824"
1.78392787035189,0.0861060134020999,0.00950060268406267,0.0136023664696006,0.0424510133501202,0.0100134675624043,0.0113099696892415,0.0179530201001855,0.0304457680535879,0.0344532807645204,0.0128878648406029,0.183680497503546,0.108469844489481,"E02000825"
1.79360329883495,0.0885383678552765,0.00967867954947395,0.0136992089211303,0.0431315032568207,0.010500105780199,0.0113702695180332,0.0184681986909484,0.0312086357168225,0.0341069259329002,0.0136793043728478,0.183928229539915,0.11160956798602,"E02000826"
1.79995049893447,0.0906523713877383,0.0100080039271698,0.0139339359343388,0.0438135940400058,0.0111090279132737,0.0115148964899207,0.0190658776047675,0.0321330544989767,0.0333105697009926,0.0147745519231847,0.18357988418435,0.115655647474288,"E02000827"
1.80049828491982,0.0855009112508694,0.00953001947939467,0.0139865392936891,0.0418837567341651,0.00972631258239893,0.0112227534352002,0.0179415732260731,0.0290302327702817,0.0396371876927731,0.0126230072392459,0.18606988924092,0.106039276438104,"E02000828"
1.9023273985781,0.0876680315118405,0.00990020369094766,0.0148487015355177,0.0431011036003661,0.00957453990115914,0.0115330189525299,0.0187575933659737,0.0286472584235898,0.043915125171244,0.0125416006578639,0.197725976382252,0.106003649479204,"E02000829"
1.79408749193829,0.0900045809512578,0.00961770916513841,0.0139084337431163,0.0419264165659917,0.0106201242132937,0.0109585239663181,0.0183352644206135,0.0296562723145698,0.0406928361260364,0.0139724904795723,0.183959464102603,0.108423865052462,"E02000830"
1.82517533220724,0.0883374839751948,0.00945590125148463,0.0140619514673999,0.0413285553184869,0.0101594244120066,0.0109261659265208,0.0181224372505773,0.028385570135131,0.0428827794808419,0.0133784677700191,0.188510896457092,0.105037716939898,"E02000831"
2.00977589157799,0.0923244766412933,0.00983627780251539,0.0151540717480953,0.0425612413258517,0.00987026103295523,0.0111119162938496,0.0189863781085083,0.0273543956141903,0.0495280861975071,0.0132359841686219,0.209952317141765,0.100083467763029,"E02000832"
1.79329846523775,0.0893803769668054,0.00971019173235825,0.0134763084123256,0.0400798634923471,0.0104929523350572,0.0101546175893689,0.017915113752925,0.0279473882031788,0.0422769038040105,0.0141370753272718,0.184506727270087,0.0998197363765703,"E02000833"
1.94880801884549,0.0876108661735706,0.00900809157031657,0.0133517152202247,0.0394384158030022,0.00982888835640017,0.0100889978687706,0.0178902116130308,0.0259467505900603,0.0473535825255075,0.013348117517093,0.204350839690504,0.0915778462501876,"E02000834"
2.15828020792421,0.0914582381728347,0.00941537862001365,0.0142128595007772,0.0417411805573919,0.00938390525287864,0.0103574552318554,0.0196674892075234,0.0253271735506489,0.0572146820761304,0.01298474990612,0.228379901454935,0.0765248703460029,"E02000835"
2.00323572263936,0.0867402808257881,0.0103963258134152,0.0123437589601955,0.0383743979093049,0.00964684344806407,0.00946396197845116,0.0173410683171186,0.0251927910558105,0.0455476876480019,0.0133886513053942,0.211058516374896,0.084386281315301,"E02000836"
2.16758211893331,0.0829189150117668,0.0132012750390522,0.0111557683034018,0.0370273473035974,0.00880566073364383,0.00868449321295945,0.0166081972793969,0.0234011818465057,0.0443505561863972,0.012803096022184,0.230942501872453,0.0711373547495723,"E02000837"
2.23101831696586,0.0869304503719437,0.01232633593167,0.0115665509490829,0.0387962135111685,0.00880510895455768,0.00916878642295336,0.0176816649826573,0.0229292596304521,0.0532353840659467,0.0123878767189538,0.237829958998429,0.000261146168540766,"E02000838"
2.34821416375336,0.0871035480314628,0.0103344528537891,0.0120905668423822,0.0398685619330647,0.00880820837604712,0.00866437909567355,0.0179221193940662,0.0221101325536745,0.0500158644851456,0.0125509362653859,0.252063890925736,0.000212042139137305,"E02000839"
2.13172427085693,0.066845374723926,0.0107981180762238,0.0117389559353529,0.0728796764859462,0.0086827319412912,0.00851267715386358,0.0210063897705304,0.0238470681227414,0.0485390606473354,0.0168265575643473,0.224701331135888,0.000707039701428799,"E02000840"
2.00546810739002,0.0659071086748572,0.0107348600208904,0.0117063457772956,0.0655063968945509,0.00852893224243558,0.00842709926997291,0.0194471535902971,0.0231752932230523,0.0468114296622178,0.0170908002239166,0.211222073703865,0.000810975830363382,"E02000841"
1.88921479893881,0.066942287555365,0.0111714082393265,0.0122123371383929,0.0636900745302255,0.00875714835823959,0.00844318784084712,0.0189017684965062,0.0233337517734266,0.048654503628567,0.0185510692861219,0.197130785225861,0.000719193692999683,"E02000842"
2.05244464783139,0.0664499248907881,0.0106772108132959,0.0116003875055859,0.0755421376112714,0.00860397266144593,0.00834476932452032,0.0207872872563104,0.0242523973522072,0.0487651635531582,0.0157986116789233,0.214846919625283,0.000711983652588224,"E02000843"
1.99353735481673,0.0657471157568192,0.0106271263182567,0.0115309164746519,0.069994405641349,0.00847127427989153,0.00831590721303003,0.01982788628594,0.0236218795751611,0.0475200749771626,0.01594942216242,0.209078400011378,0.00104169017341006,"E02000844"
1.77315024614192,0.0710432071915711,0.0134346464082526,0.0140843351055705,0.0677605157607846,0.00971576389557728,0.00855865052211465,0.0187836508373323,0.0244708507376614,0.0548765354749559,0.0205751967666198,0.179972557305619,0.00046332479841186,"E02000845"
1.89973098214189,0.065242456729485,0.0106414744853557,0.0116191286316793,0.0640778191665127,0.00840929589056433,0.00830070340636504,0.0187272334466948,0.0230368346472544,0.046453681658387,0.0168642111229745,0.199005148924175,0.000586580447285039,"E02000846"
1.79469897347784,0.0698555385201725,0.0127823653649389,0.0133722020895366,0.0666963326826837,0.00939688353710161,0.00854568088276541,0.0189076374003577,0.0244258215788172,0.053312130168376,0.0201344528016618,0.183553346598513,0.000546719163974771,"E02000847"
1.79289016096403,0.0671598694288567,0.0115625382536953,0.0123358805242916,0.0645538981862536,0.00881095737705368,0.00837909610675133,0.0185869767149318,0.0237667123370519,0.0492642228382899,0.0187218156585878,0.1850833258108,0.000535216638511406,"E02000848"
2.01390200622864,0.0666162297763733,0.0106625429490159,0.011572985070062,0.0782656292529555,0.0086024215314636,0.00827541814646632,0.0207997957825641,0.0244100546325759,0.0489266959275539,0.0154899993571577,0.209636372963383,0.000768177782851321,"E02000849"
2.08860208533155,0.067291619353609,0.0105569840410385,0.0115850223946029,0.0825544453406923,0.00867954560106897,0.00831424242017141,0.0212714147697641,0.0248039135247413,0.0494042644458015,0.0154852081438681,0.217590385081617,0.000389421175969775,"E02000850"
1.845372168663,0.0650529321018772,0.0106034717734011,0.0115105927177252,0.0649789415896024,0.00833345344074419,0.00822616933352524,0.018462908554634,0.0233141803535969,0.0464145775158989,0.0163866197239259,0.192398214414665,0.0004999335619407,"E02000851"
1.88332858206344,0.0651766957298096,0.0105490022854599,0.0114389632870666,0.0669625779552627,0.00833441662788338,0.00821624235870366,0.0188462132372374,0.0234565363824151,0.0466305165262624,0.0158818797949957,0.196614841648437,0.000532679638555939,"E02000852"
1.80178103634884,0.0654837055139235,0.0108695930097814,0.011749380859045,0.0639445292780093,0.00845189552397974,0.00825939138748739,0.0182971148067736,0.0233570219274576,0.0470007593330637,0.017320348620035,0.187059025366739,0.000501792821871496,"E02000853"
1.92985156311835,0.066007350084943,0.0106593678478736,0.0114816405083034,0.0714581221062412,0.00843841885653554,0.00825152851766168,0.0195972164180402,0.0240011212127701,0.0476258013062236,0.0156330736627319,0.20113422663819,0.000627655880597092,"E02000854"
1.73907451367087,0.0656534619592093,0.0111889354632863,0.0118729202580126,0.0641124990668696,0.00852827197232305,0.00820865973102875,0.0179951870297882,0.0235281897840784,0.0472722852740009,0.0176582483092145,0.179211808618658,0.000435539914471595,"E02000855"
2.00514683155835,0.0662116376035683,0.0108305776995518,0.0116476515042477,0.0793393414559035,0.00868149659963238,0.00834476468151816,0.0207680342437212,0.0242265273432936,0.0491811008806817,0.0155894538543472,0.208304577215748,0.0593866883164927,"E02000856"
1.80157673028827,0.0652261510834106,0.0107357367561494,0.0115551689576721,0.0651495982402555,0.00835779075768443,0.00821874640602451,0.0181697489670867,0.0235949004272935,0.0465169524923059,0.0165614740391973,0.186987969511582,0.000456166407862696,"E02000857"
2.05061287693947,0.0660102714165467,0.0108345723797933,0.0117344815189858,0.084023209019142,0.00881992502122872,0.00844930791404442,0.02124035133264,0.0243619113111952,0.049609213805555,0.0156536818053981,0.212672178492986,0.00167586419016542,"E02000858"
1.9722456923153,0.0667444686122869,0.0109891740337469,0.0116902743448867,0.0761193457127,0.00866328184834469,0.00839240088975702,0.0202737303142155,0.0243443809854015,0.0488663957756074,0.0157746691840906,0.204949486071414,0.0638250878054116,"E02000859"
1.82323387509116,0.0653730582617213,0.0106830048532758,0.011483187384211,0.0665887528375432,0.00834929237753488,0.00821773783334132,0.0183318737389999,0.0237632119723593,0.0465693738752561,0.016138036199472,0.18935980299661,0.000445935895467118,"E02000860"
1.8278704830322,0.0649566201209405,0.0105859107010518,0.0114044625917868,0.0675651839410078,0.00833278621497421,0.00816794029861398,0.0184053456948308,0.0234298171079025,0.046568152974298,0.0157072270297228,0.189849096815104,0.000430088489094296,"E02000861"
1.93957635153079,0.0655948856324056,0.0109823703524233,0.0116301245478971,0.0753479835151344,0.00870752378141434,0.0084118283300491,0.0199801727321171,0.0239267886704471,0.0486480490265729,0.0157912664312678,0.201293166376781,0.000419288205023411,"E02000863"
1.64133132113016,0.065674312601677,0.00610440248733935,0.012395033321712,0.039821186866858,0.00588673125953991,0.00970561465248314,0.0181623754490981,0.0291426855350266,0.0339657417358108,0.0114972782428482,0.172724056540258,0.0766057389434629,"E02000864"
1.64139179664287,0.0687272611838841,0.00722002741059353,0.0113268681209021,0.0417038508060609,0.00707898350154333,0.0106392626124869,0.0205121530672131,0.0324371935979478,0.0322209119026396,0.0122190778166165,0.171060031634893,0.0850484435945937,"E02000865"
1.72417304380688,0.0683456901554309,0.00694134601618341,0.012358261886094,0.0429057908940214,0.00654809817886937,0.010561956471428,0.0207664350442501,0.0318196838790959,0.0380506687487158,0.0121237337917752,0.181019074325134,0.0873802152108608,"E02000866"
1.62108919881303,0.064060646389173,0.00616065394862993,0.0122433804729997,0.0417922128016796,0.00571511688487738,0.00959516377789099,0.0189041675840759,0.0284022322139872,0.0293006586247474,0.0112748131245785,0.170371119682771,0.0775305411966527,"E02000867"
1.55853129180209,0.0674462802618738,0.00722954034450318,0.0106277362223051,0.0407093006649106,0.0073269478570465,0.0102450923108425,0.019766826392678,0.0330334058672542,0.0297770168809679,0.0120705399282967,0.161433273779616,0.0807953612572095,"E02000868"
1.47669013412225,0.063347281851694,0.00689714427234725,0.00997184792091342,0.0384239815974976,0.0073813167995832,0.00914408412687118,0.0184027622216053,0.0328994367087662,0.0271474751499101,0.0118358414950836,0.15284340051505,0.0728241410652661,"E02000869"
1.68342351532033,0.0685890078033554,0.00722563451697016,0.0112441095213529,0.0427774068123028,0.00699598687464135,0.0107403802203397,0.0207404733409581,0.0330016057184155,0.0348048539912142,0.0121743722863406,0.175958484803344,0.0885222479577391,"E02000870"
1.55950870552661,0.0646286973158732,0.00627233480574873,0.0128064918633252,0.0445891935560795,0.0055645282850641,0.00920267699211065,0.0195635805925401,0.0267340649645212,0.0254924925708646,0.0109159682590491,0.162592515977543,0.0752885648116821,"E02000871"
1.51322284103567,0.064908182051062,0.00703066551478625,0.00979621203932948,0.0398067321447366,0.00763306877435658,0.00951776600831144,0.0185192416475368,0.0334370246900391,0.0275884562613087,0.0118151207884112,0.15663681297057,0.0760827074242151,"E02000872"
1.72107011141427,0.0682863469255546,0.0071572430450991,0.0117028349956228,0.043520326618673,0.00677766058558789,0.0106572782492812,0.020962832761249,0.0326706069438225,0.0374671330172946,0.0120346440929814,0.180469287410378,0.0900288945125252,"E02000873"
1.63655618223876,0.0686110749857238,0.00731249405778274,0.0107197195540215,0.0425262545735841,0.007215513276817,0.0107196520465388,0.0202419548990951,0.0333270606304173,0.0329298984869687,0.012036286726216,0.170335889797289,0.0875176481797713,"E02000874"
1.65699636824619,0.0663430757856317,0.00663013190177881,0.0129444637243729,0.0445473666054994,0.0059156468191396,0.00974140564038466,0.0208952793624979,0.0286271962971591,0.0274982520311585,0.0112705475352479,0.173581447485582,0.0832751236905318,"E02000875"
1.5766375925637,0.0679559306563721,0.0072931593242059,0.0101915721947568,0.0415098165544385,0.00747214999768662,0.0104024369520781,0.019413923433401,0.0330877171550879,0.0305576350061548,0.0118339086828026,0.163425506933458,0.0840507266773802,"E02000876"
1.74412633359937,0.0683178248294653,0.0070565339053022,0.0129962608803479,0.0450148999859296,0.00639483247413781,0.0103000734124975,0.0213395623472774,0.0307826581053509,0.031743295000427,0.0116012901198404,0.183180073802369,0.0895137178927843,"E02000877"
1.54178119947714,0.0655859441592857,0.00704134688279446,0.00994836074897057,0.0404456113681783,0.0080124870046873,0.00954810536059979,0.017891211693144,0.0331200158533995,0.0268314631661866,0.0116431573166798,0.159768871556853,0.0767205826829294,"E02000878"
1.74427950763739,0.0715788895824565,0.00772521632101021,0.0121490701400572,0.0452392584866275,0.00763953974375487,0.0111558431028472,0.0208108300490804,0.0338913463106064,0.0362590423110256,0.0118971947594919,0.181928987950416,0.0927921081410546,"E02000879"
1.64343587708117,0.0704313502733136,0.00756095068152862,0.0111170636874144,0.0432704269775905,0.00788443607129435,0.010714355013066,0.0196334325576135,0.0332048851367602,0.03215664559177,0.0117370995773725,0.1704719543154,0.0881367271044019,"E02000880"
1.58183089741482,0.0659158975252019,0.00664453917636123,0.0133398075393555,0.0465042416507106,0.00565980650293832,0.00906528480037237,0.0210235964418192,0.025876976053822,0.0246529802429019,0.0107666516315445,0.164552888775177,0.0786396279487778,"E02000881"
1.80280531837447,0.0709110984747928,0.00758702736912683,0.0128972171559029,0.0455500671987477,0.00710726038112841,0.0109026278980992,0.0214285620333476,0.0330076409340512,0.0370877520966193,0.0118156079596469,0.189187696371521,0.0938189836316783,"E02000882"
1.65412339105815,0.0671299413241134,0.0068671926646013,0.0135606812791193,0.0457636787753453,0.00590624697817726,0.00941590898641909,0.0214102760106818,0.027038356437946,0.0252230745112997,0.0109451836161924,0.172892601253922,0.0844340051662865,"E02000883"
1.61558957957011,0.0697343900956094,0.00742389592506037,0.0107779278606173,0.0422808754723714,0.00850121817041199,0.0102898238667721,0.0182121000796902,0.0330612630272414,0.028607503613066,0.0115654215351266,0.167286336871061,0.0835013539649779,"E02000884"
1.73757699002735,0.0732933609592979,0.00799964771186484,0.0122489072580508,0.0447889881280747,0.00839584559937095,0.0111490112514214,0.0200935786325903,0.0335681122812595,0.0345311349140523,0.0116925406520057,0.180615159472571,0.0927070726010734,"E02000885"
1.80659817188585,0.0700997624528558,0.00748683664004668,0.0134977006879684,0.0446951587161149,0.00676376953570771,0.0104811048971952,0.0214534529289907,0.0306552180698498,0.03108358946643,0.0114519168532525,0.190135041799396,0.0935574028640451,"E02000886"
1.74980699115211,0.0687920038674623,0.00719072945438033,0.0137502318707717,0.0450850012315958,0.00628852437073681,0.0099178219534532,0.0216312685571212,0.0287658232427923,0.0269644904232789,0.0111853020437107,0.18383227624755,0.0902303282441167,"E02000887"
1.79391642174147,0.0735197536983493,0.0081103840245883,0.0128470918076881,0.0449548546920008,0.00814701719976992,0.0113323427563701,0.0205829295354376,0.0332189118085683,0.0368850774168953,0.0116310047481603,0.187312176585606,0.0951493597082953,"E02000888"
1.66762210079432,0.0727837326583777,0.00775814203174683,0.0115076673991084,0.0425104398839505,0.0088565656668723,0.0106218860405888,0.0179179553025614,0.0323288468508417,0.029990487351904,0.0114024966567479,0.172793098297362,0.0888871108783888,"E02000889"
1.6740092494252,0.07321475362703,0.00779166992308351,0.0115463047646015,0.0422776587325338,0.00895342086329537,0.0106317412220991,0.0176254509785797,0.0322255540496499,0.0296550093092203,0.0113846426836039,0.173502679112586,0.0893608162630419,"E02000890"
1.98623635080015,0.0755999945153687,0.00853090736535853,0.0156794495051656,0.0520541864583356,0.00713290193202957,0.0111273825899391,0.022267504612763,0.0281938240948678,0.0259995432296701,0.0112467922873461,0.20912322060169,0.104099459811994,"E02000893"
1.93424532700421,0.0759728886767266,0.00888635627671471,0.0155011109880791,0.0487614644670403,0.0074490148927292,0.0116081972916307,0.0220916032880646,0.0285070951315761,0.0277923860245105,0.0110645084554819,0.20313164694171,0.103503962806938,"E02000894"
1.31866136110224,0.0606434330905832,0.00481896107835031,0.0111836690502338,0.0256289744939727,0.00780734977868263,0.00888682517622038,0.015824186886259,0.0209011868553198,0.0557096904118119,0.0113153645581207,0.136577902164997,0.0559463867660357,"E02000895"
1.2762621919977,0.0555924314988149,0.00412271963889658,0.0106898406078347,0.0233795607629623,0.0071294851808164,0.00819829935697922,0.0156136090153751,0.0197915637856404,0.0440207578334554,0.0105688350663375,0.133277187667496,0.0495735056639366,"E02000896"
1.29995209052648,0.0559339814232273,0.00399831956467787,0.0104626365058279,0.0228401762905338,0.0064814209478004,0.00773589539553552,0.0160105648847451,0.0198875078303503,0.0402822890809503,0.0107060302105071,0.136580963364233,0.0445575855555125,"E02000897"
1.4045620345803,0.0610731175897699,0.0044684926999573,0.0111147849365003,0.0250290226523586,0.00721372522855126,0.00856864384380745,0.0161060346403357,0.0213526068740326,0.0476246973135671,0.011291110929551,0.147443113228748,0.0535984078882297,"E02000898"
1.45837619075285,0.0654194522521926,0.00515879849763194,0.0116191649836491,0.0266815993719603,0.00771769755496064,0.00901982341453389,0.0161880410383248,0.0223351758958401,0.0575900538792641,0.0117662562914131,0.152502868841475,0.0595565309832125,"E02000899"
1.50402502940325,0.0681909953596671,0.00567770348395876,0.0119625171036395,0.0275294837196358,0.00776407908935427,0.00922908957130638,0.0164445559159672,0.0234519272940333,0.0625102227100517,0.0121257780348016,0.157206877433771,0.063034003523419,"E02000900"
1.27641486809926,0.0556405383407354,0.00398610648181811,0.0103910516916728,0.0227616721877348,0.0059843969945132,0.00748928060925447,0.016575301084804,0.0206091668443632,0.0384949007998705,0.0112213781040284,0.133985733255821,0.0422796815588984,"E02000901"
1.37652261635626,0.060731702548812,0.00446453545358952,0.0111206575549897,0.0248257502886888,0.00675924022567074,0.00853928685075176,0.0171936222910959,0.0228923081440498,0.044882966841888,0.0119312835465693,0.144164797415929,0.0521844289044194,"E02000902"
1.55441540660813,0.0714540753536647,0.00673065992896473,0.0123121197188705,0.0287065910160413,0.00783690153405798,0.0096440814969394,0.0171122576837714,0.0255628050887,0.0716835807855438,0.0126992735801432,0.162055307487717,0.0657464333675393,"E02000903"
1.24382152774824,0.0540961488511053,0.00390953985778617,0.0103577863018374,0.0224626542276642,0.00542955197654809,0.00708186504730936,0.0169267421000017,0.0212309822090469,0.0360807120531045,0.011476464939421,0.130563554158005,0.0380109858949438,"E02000904"
1.38372630384805,0.0607369597786388,0.00458270228668612,0.011193788045711,0.0253561362628407,0.0064698888565107,0.00863796655656864,0.0174782732046011,0.0248417040750335,0.0444612412502614,0.0121294745453288,0.144914129516244,0.053999387472856,"E02000905"
1.49477203485804,0.0662981293897999,0.00559139095797905,0.0116962282722636,0.0276229943673343,0.0070271330008902,0.00941451696326972,0.0178687993976566,0.0271306882723416,0.0563855592708824,0.0127263076401917,0.156378121497009,0.059886824714597,"E02000906"
1.25965351253387,0.054025322781937,0.00392753377488431,0.0105243508853106,0.0231184067369756,0.00530075561846244,0.00710564733664848,0.0170808449308526,0.0226003610681625,0.0355252681280636,0.0114755496332428,0.13233206313995,0.0389196873204101,"E02000907"
1.64566558084818,0.0716206372004054,0.0082777919480806,0.0120653624549041,0.0303388615526883,0.00780749659950826,0.00987383891428985,0.0167427179063129,0.027399767174922,0.0691244565176486,0.0129548189055403,0.172472697000223,0.0716297150452704,"E02000908"
1.21494607273387,0.0515445227813587,0.00377195348245954,0.0101603712603053,0.0222946472798057,0.00489742422531003,0.00651133945908428,0.0165698591657813,0.0211846454235165,0.033524156434885,0.0110137638986349,0.127886136217703,0.0336291276335078,"E02000909"
1.37699650250707,0.0591877416627457,0.0044067868884584,0.0111454778518486,0.0260692524980183,0.00583712800775985,0.00816494511648658,0.0178845145502728,0.0256799393842471,0.0399122769727302,0.0121874605516899,0.144552342756778,0.0485599603519785,"E02000910"
1.49951854087691,0.065153405309177,0.00541541130739919,0.0114756508408329,0.0287049020062936,0.00659085446790498,0.00923211150660849,0.0178474371398081,0.0275487069064465,0.0502251416051352,0.0126752386877484,0.157303898519642,0.0601606773573908,"E02000911"
1.68049800613332,0.075148578832176,0.0076552241391997,0.0119526533052233,0.0342235269356015,0.00730022147550618,0.0102247437116628,0.0175512998418536,0.028583103978018,0.055634126767392,0.0136381436976254,0.176010997805575,0.0737952847545481,"E02000912"
1.25307061092849,0.0507652920170986,0.00383863810616022,0.010298094205318,0.0237479238868006,0.00485761977162493,0.00651604638990037,0.0166263042009354,0.0213664050081295,0.032584064791847,0.0108642540015722,0.132385287958991,0.0349833668197699,"E02000913"
1.36531079843308,0.0565881899718085,0.00430021853363389,0.0110456424172421,0.0268490773731706,0.0054338404586757,0.00757511269697436,0.0176404422904411,0.0244050577911006,0.0366924300035459,0.0118808586823358,0.143841536806579,0.0445845780136569,"E02000914"
1.19958390460435,0.0485442874252078,0.0037019245054702,0.00986647355352223,0.0226131227721335,0.00458390113860115,0.00605916057962173,0.0158717417242792,0.0196903441941349,0.0307360496737464,0.0102212611377777,0.126852885509834,0.0302432874421618,"E02000915"
1.6287753687245,0.0736898790740853,0.00641381744246879,0.0118999337145907,0.0353997527070853,0.00656690742748024,0.00986765978852649,0.0174303502417479,0.0279552748679859,0.0478329349389,0.013015545083241,0.17056392378787,0.0694442906227044,"E02000916"
1.17769011496269,0.0447793076483345,0.00360236183722216,0.0092794605524899,0.0227117584688531,0.00429587017390723,0.00586215229213492,0.0150352708741392,0.0200744589058346,0.0290294991142218,0.00971946781636933,0.124994260291317,9.29368280449564e-05,"E02000917"
1.14919861978075,0.0437300030173852,0.00352324163065214,0.00917430851163695,0.0226161667734312,0.00424038683630158,0.00559495994784169,0.01480872301691,0.0184055518936562,0.0270754655353935,0.00902378194236089,0.12198014491085,0.00012750870122172,"E02000918"
1.1765904034019,0.0430234454411109,0.00358681943350169,0.00916628081697378,0.022818469599608,0.00419573115742167,0.00574777331224869,0.0146672901744212,0.0195832197014802,0.0271929046892889,0.00922748151100083,0.125185823796352,9.31658728233083e-05,"E02000919"
1.20170959905348,0.0457381265145602,0.00383891408586763,0.0093001908445096,0.0247097002169317,0.00417923468952576,0.0059573035270893,0.0143086132290087,0.0206548137313208,0.0286649989452551,0.00955911659275972,0.127515871782438,7.8418909747718e-05,"E02000920"
1.17485528296507,0.0419487941840619,0.00364010763435464,0.00915820822952104,0.024121878034754,0.00416211515477085,0.00573814001932055,0.0144375587914243,0.0195274924411737,0.0255520448515247,0.00887008069498143,0.124991803226342,9.4719097915303e-05,"E02000921"
1.15645986287465,0.0420549285511488,0.00367407064324231,0.00929541084516719,0.0258856355432731,0.00421597952380173,0.00571889290072014,0.0145041210987467,0.0189255225798542,0.0248672500026963,0.00864988208899365,0.122617000752361,0.000107034971725445,"E02000922"
2.42016513649466,0.113689687192087,0.0226951170913332,0.019863504141195,0.0338126173489986,0.0150786794851343,0.0167050361424881,0.0231932963687248,0.0358737846871917,0.0251169951242255,0.0226241634848206,0.246242280598323,0.199066603242767,"E02000923"
2.39764153704733,0.115161265041183,0.0242723227412808,0.0198743957027325,0.0362751566510164,0.0150054656532128,0.0167764339100613,0.0231982716439704,0.0348317315427703,0.02564308718469,0.0224096667513963,0.242204349265671,0.198751398821412,"E02000925"
2.43705210780854,0.116624321187893,0.0264120175629536,0.0214234300151076,0.0375538247191487,0.0154429761867742,0.0178534747006218,0.0231728371022264,0.0343451529270204,0.026161557570027,0.023970774994942,0.244491102612874,0.221361069881115,"E02000926"
2.18628276090337,0.108078005785461,0.02210154266061,0.0177961517550367,0.039398037840774,0.0133796097430196,0.0148813466013134,0.0220500183717011,0.0328004573399379,0.0266767739600339,0.0202608765461873,0.220287416049166,0.168758166462745,"E02000927"
1.64169741030566,0.0805353749016487,0.0198307058771798,0.0217382010418899,0.0248451236804034,0.0106346843289243,0.0127293181146733,0.018352704062268,0.0292698079162692,0.0206076159236766,0.0218501195567868,0.160482021951223,7.93203027407898e-05,"E02000928"
2.32769202533758,0.111760356629002,0.025042611458232,0.0204514556807937,0.0403838692020009,0.0145498194387715,0.0167969449044905,0.0225315570045881,0.0330299443512537,0.0264871416316038,0.0229291051712284,0.233571161469109,0.208556567099576,"E02000929"
2.26889461128881,0.11051866092437,0.024234114366318,0.0190659512643388,0.0412421536406638,0.0141087734646937,0.0159215194768042,0.0224091902608041,0.0326790466417906,0.0268763409476784,0.0214190796374789,0.227733810474577,0.187803655030246,"E02000930"
2.08810957220781,0.10251832920933,0.0203277042460759,0.0168252951621047,0.04726670203467,0.0123805615777278,0.0133290094029558,0.0210307860835392,0.0304711808323803,0.0296467328830086,0.0190388253651346,0.21079782639486,0.153115439256092,"E02000931"
1.72821402108037,0.0731443536382312,0.0164787888334676,0.0137683904529112,0.0319018960670641,0.0101440340139709,0.0121110336145622,0.0183047515021186,0.0271455438877182,0.0200577034197668,0.0183060111321175,0.17654714645734,6.25625013251435e-05,"E02000932"
1.80282615179208,0.0869617962945605,0.0174297186370615,0.0235683734084188,0.0307474638085547,0.0110781477271704,0.0125177089679751,0.0182055616287948,0.0294103963121288,0.0252791091044131,0.0239273722903582,0.180287406894866,9.30701939867376e-05,"E02000933"
2.28544853694641,0.108045302235109,0.0233963316188043,0.019535154515678,0.0466138750566828,0.0137571802035192,0.0156059898905708,0.0220599986473154,0.0319232773662137,0.0283503124599411,0.0219281055643823,0.230636064734267,0.194376467519621,"E02000934"
2.51785736197639,0.134654158798667,0.0213537675807462,0.0388552852685373,0.0514171654403307,0.0164830325425583,0.018595403389731,0.0244347545296153,0.0391530055481503,0.0431896685060683,0.0310863863423613,0.247645157912539,0.289475784789856,"E02000935"
2.56446118052013,0.123553669042447,0.0220615201049766,0.0262490527423553,0.0500300249433909,0.0147681100682057,0.0169679087917796,0.0240250681666948,0.0353575946552225,0.0340474428739435,0.030724438847608,0.260386849208503,0.260814849457184,"E02000936"
2.11784204304878,0.0982864700816522,0.0189314870517281,0.0161374349627799,0.0515761956593124,0.0118653941785273,0.01225074686044,0.0203603029022824,0.0287153596009889,0.0311603801281528,0.0184748141051665,0.216343783522694,0.142294293556458,"E02000937"
2.60176699755222,0.13198475215914,0.0214726167466009,0.0331751575725977,0.052473301205776,0.0156053670536735,0.0168486571362168,0.0239855264965868,0.0364836874890248,0.0431759100480879,0.0324376259367442,0.261551040257635,0.275527750920236,"E02000938"
2.05396333115379,0.0982593881329048,0.0178596576393961,0.01536993728365,0.0500526510012468,0.0114142922160299,0.0117034128885611,0.0198991691889033,0.0282511650157258,0.0327366949152149,0.0175037022263301,0.209710907482214,0.12722691507255,"E02000939"
2.5089554974071,0.106531345974905,0.0205329532828899,0.0192118033100052,0.0549582083013428,0.0127301719609275,0.0146237497667884,0.0220647021643998,0.03076381463239,0.0318895560154768,0.0222513186915767,0.260030211394757,0.186841335289098,"E02000940"
2.3602147494623,0.102554266388772,0.0201584868494427,0.0175720787182563,0.0542016256506899,0.0125299297934347,0.0133543459390089,0.0213007449346681,0.02973211877143,0.0315786390762187,0.0200513963006197,0.243568576657673,0.162094114130306,"E02000941"
2.65294923825823,0.11103724348078,0.0198404972554193,0.0212328270739301,0.0566652496804585,0.0129824749749533,0.0149357931057802,0.0229792625868797,0.0314487395686992,0.035515034405731,0.0258267043578289,0.276310017102531,0.2094306932004,"E02000942"
2.05306660668783,0.0951422529410126,0.0158886744597572,0.0140695667184514,0.048603793413625,0.0106081017987717,0.0108127036912482,0.0191376536745137,0.0268425029784622,0.0345698486884786,0.0164277323596097,0.212052109039769,0.107674305367726,"E02000943"
2.65984805432463,0.116527161725898,0.0195044247810391,0.0243931496689593,0.057542350358243,0.0134681522046471,0.0146963878341273,0.0234003761075463,0.0321599653658368,0.0411801536630532,0.028833629439592,0.275580100820766,0.228801973641344,"E02000944"
2.12732409705198,0.0937370405671566,0.0150064267437978,0.0275241797354512,0.0471529254552923,0.0112183900968004,0.0114130393037943,0.0182258507679796,0.0275150284461834,0.0406458504408473,0.0242246947059921,0.218302009878921,0.000162705833563954,"E02000945"
2.53346097183759,0.0941741846339033,0.016713001850973,0.0144255416549781,0.0534028570322604,0.0112369294940762,0.0112766772425212,0.0204576754120712,0.0269892167850587,0.0350704797059372,0.0180775856290024,0.268586205766852,0.127119255433461,"E02000946"
2.66721347261295,0.0989984321866629,0.0177451217702352,0.0170433606032011,0.0568722267043458,0.0117915615714611,0.0123901390941832,0.0220883599555262,0.0285167510449213,0.0383102223595615,0.0223369981619096,0.282274143854238,0.163373422716528,"E02000947"
2.26950619353277,0.0806893084644154,0.0115800521776803,0.0107007509536976,0.0406905949971218,0.00904599608417852,0.00903710579936481,0.0171200351784896,0.0225428463564787,0.036623319250282,0.0134275390918287,0.243517393873656,0.000955624613370337,"E02000948"
2.42990117088185,0.0888109386729209,0.0143204142176879,0.0121739068075781,0.0489890963594196,0.0102653494996751,0.0101650043963553,0.0189562802149599,0.0250543876493571,0.0343008690069084,0.0158438281448817,0.259087681494438,0.0970616910767777,"E02000949"
2.65713510524321,0.103660571823137,0.0178154442170379,0.0212191097191262,0.0613454089727562,0.012503065361145,0.0122743633722158,0.0224911350169376,0.0295359920845098,0.0495056006770046,0.0271540825288508,0.278925062037852,0.194388573387076,"E02000950"
2.35519910475572,0.0840608334753803,0.0125048045030424,0.0108846964691647,0.0451748946646563,0.00951612931057743,0.00947742990643435,0.01797877313681,0.0234556944150259,0.0347224694131989,0.0144783389694859,0.252279522863199,0.080165283539841,"E02000951"
2.3435781944482,0.0823082142441558,0.0118911573157341,0.0106999910527949,0.0441557638886811,0.00931430648026213,0.00926613681691904,0.017767299581797,0.0230301164173497,0.0375527388295457,0.0140950387318006,0.251472887288479,0.00040047225268299,"E02000952"
2.56317935565832,0.0870520932836821,0.0141428446554588,0.0121941904598326,0.053209384559273,0.0103763009810413,0.0102165572590781,0.02067628893615,0.0256571779132833,0.0417116303962226,0.0189968340082215,0.274444966257866,0.110156491718723,"E02000953"
2.35450318826617,0.0805514342767327,0.0117526603591762,0.0103706472738726,0.0460791364700415,0.00930930275394039,0.00928545053321279,0.0184872922612279,0.0233693110261469,0.0385354566259471,0.0152517604059927,0.2527885186369,0.000350724675311502,"E02000954"
2.41670893180956,0.0815751449381152,0.0119733300609302,0.0105195228759736,0.0488649675524795,0.00947947174567441,0.00944700930399826,0.0192141586093256,0.0240050484111551,0.0419443102089398,0.0164224233945867,0.259483612497628,0.0003443678112252,"E02000955"
2.40037230310408,0.0793238569010282,0.0119371794488083,0.0106564237617208,0.0500905508007735,0.00954423734692173,0.00933174972572469,0.0197396139948871,0.0241824785095864,0.044336471197628,0.018252070675097,0.257657301489841,0.0817236883360102,"E02000956"
2.43445662880707,0.0789143082238576,0.0115280699745336,0.0109403595890271,0.0545081175739695,0.00942108857580218,0.00934450357247265,0.0201061176521097,0.024433726883547,0.0503569442678692,0.0177186414053428,0.261213134827665,0.000272804781242007,"E02000957"
2.37947423436198,0.0775567352065545,0.0110777592533569,0.0110528019042029,0.0504462600960991,0.00914805929375789,0.008979550115933,0.0192507694159696,0.0236232927823116,0.0485812787402296,0.015364135782418,0.255606182392869,0.000216352245244025,"E02000958"
2.35031314850029,0.0758010042680105,0.0106986782779841,0.0111700727830258,0.0509384322480721,0.00895219240766012,0.00868826140582408,0.0191318761577474,0.0231599059187369,0.0490326762863129,0.0147720438733391,0.252486916615057,0.000209423232680302,"E02000959"
1.05694573946364,0.0494716731561624,0.00867166524602884,0.0163863868188213,0.0152638765864749,0.00640010147883056,0.00626076239764711,0.0147652401427339,0.0119855935483723,0.0124834104716818,0.0170274755178823,0.10581033120645,0.0375241403033691,"E02000960"
1.30544085329177,0.0627624114344409,0.0114445225920199,0.0181207404388552,0.0192808872471806,0.00788773710269794,0.0078070153601836,0.0191983130848272,0.0124559522355316,0.0152675333211182,0.0166077371971897,0.131070865054382,0.0672572479191725,"E02000961"
1.29297008041927,0.0600403196994007,0.0110141943256628,0.0186620660656075,0.0187684710516871,0.00792325924870566,0.00785705875064338,0.0178621679365189,0.0131048189751892,0.0150895075491451,0.0185887430461985,0.129948781746286,0.06357496006068,"E02000962"
0.900796354513127,0.0447857921539104,0.00482275924571552,0.0133881471388317,0.0133561842082435,0.00544256122986608,0.00476710417187012,0.0155258349570883,0.00941235694827583,0.0107347568946006,0.0120062939432383,0.0908923491057669,5.8484045900235e-05,"E02000963"
1.55141500596443,0.0730585711302503,0.0126026581682128,0.0195573254791153,0.0227120632364096,0.00981908663396632,0.00960052884936707,0.0224936605758339,0.014154271869659,0.0186059305586259,0.0179091114075722,0.156980695777938,0.0977687057287313,"E02000964"
1.48702384721691,0.069516769997475,0.0133894897884991,0.0193648562977374,0.0220401982271276,0.00928515511336091,0.00910471614937621,0.0216288626677233,0.0138320360281995,0.0175242944815463,0.0176437357651117,0.149741674323365,0.0874675921852112,"E02000965"
1.46531917681083,0.0670303583385418,0.0131104374139995,0.0194101407847507,0.021508667233584,0.00919122125954536,0.0090461796235234,0.0203290194936806,0.0140776534630697,0.0172287016194549,0.0183963362292927,0.147691990144862,0.083790415568593,"E02000966"
1.17252592123164,0.0506575292345414,0.0090545456783922,0.0163754177987036,0.0164386162572197,0.00729504162231059,0.00700530722081854,0.015487442518301,0.0155400602566397,0.0135546733430951,0.0187303505664532,0.118736061741438,0.0464735077023395,"E02000967"
1.45809200328558,0.0631970635987423,0.0123274220599215,0.0191495189567274,0.020771537659866,0.00902732565944473,0.00884422997972749,0.0189613161219673,0.0149938917863807,0.0168299712232337,0.0209874083843926,0.14792156550884,0.0776456391314792,"E02000968"
1.61316162879128,0.0731746722056138,0.0149392514667968,0.0200592016042379,0.0236720829155795,0.010281426947564,0.00996993551570957,0.0226852958324465,0.0147892754962615,0.0189719257186487,0.0186749977565495,0.16285450472558,0.0994247743746086,"E02000969"
1.43945194973903,0.0567186371193,0.0102710879459486,0.0135119610103061,0.0195342653699866,0.00872890911098511,0.00833515347179045,0.0174844391461816,0.0240985082950729,0.0161041507632569,0.0205436721002738,0.148832073685385,0.073842358741673,"E02000970"
1.55820736820166,0.0617643368104257,0.0125317576545033,0.0167133057192794,0.0213982148026453,0.00938576790382881,0.00911416253473987,0.01870874040884,0.0194193541082457,0.0175636014423206,0.022483011494199,0.160400086358141,0.0846431605238386,"E02000971"
1.30600316295032,0.0529214274670574,0.0078540299608453,0.0111486971742256,0.0180361741452658,0.00803975619033137,0.00768418358161968,0.0163957912212688,0.0259708398790572,0.0149876233779428,0.0178565778689234,0.135227540944853,0.0623275251992417,"E02000972"
1.704000538821,0.075361260833112,0.0159813783485006,0.0201554827724916,0.0247314888246487,0.0109254865858434,0.0105454586524214,0.0230406109556635,0.0154377171315498,0.0200149403787449,0.0193944297553769,0.172586898623009,0.108853588005636,"E02000973"
1.7127428300821,0.0686672384216333,0.0144244509494884,0.0185803986481722,0.0236176705405756,0.0105582217453977,0.0100614894346882,0.0203484528088805,0.017965702631042,0.0193909019647657,0.0236196642875136,0.175931312392801,0.102037585021457,"E02000974"
1.76162577108299,0.0729917813803371,0.0154667296859784,0.0198220068408905,0.0247048286030932,0.0111401894813711,0.0105026643884863,0.0217697241249942,0.0168114644064858,0.0202130222948587,0.0219248988904649,0.180096945174786,0.110418745997073,"E02000975"
1.78798695073224,0.0758980107447017,0.0164235391376872,0.0198942824694248,0.0254554644082973,0.0114093501420034,0.0108440629396587,0.0226045262780749,0.0163269440786278,0.0208398252765979,0.0206448065906041,0.182233498092154,0.117348087121853,"E02000976"
1.48494445616896,0.0610697921080182,0.00821522610824624,0.0107957788918964,0.0203281701027029,0.00914005144485642,0.00834332541103242,0.0170581195741491,0.0308643375780891,0.017204824214505,0.0168629401796589,0.154530863062515,0.0809930596723702,"E02000977"
0.992840176722554,0.0414429770997109,0.00776346374705222,0.0110200785356567,0.0133405104169728,0.00711105009367075,0.00530818392916578,0.0131298635698761,0.0214065219834487,0.011306593223785,0.0165861006573765,0.100584861884252,5.43159364191897e-05,"E02000978"
1.7325283366629,0.0737239343130746,0.0100100173563209,0.0125505033137142,0.0239425794064724,0.0116172638402418,0.0098734039678361,0.0188484854784038,0.0346337406314153,0.0200801491819248,0.0180700846249335,0.179369815605107,0.110227135091578,"E02000979"
1.81542026677744,0.0807499918003541,0.0106810706738279,0.0137764332247573,0.0265645073924321,0.0126416486670846,0.0112546339606253,0.0200099513138997,0.0357928836460516,0.0215075370668639,0.0182672571387157,0.186728667758501,0.121999076288992,"E02000980"
2.01378264140954,0.090060188854829,0.014190144743519,0.0155386003279708,0.0280149004202785,0.0135689960228643,0.012410706557482,0.0211006851598113,0.0366835462032314,0.0223312684345805,0.0196887678826924,0.20691773030407,0.144359049185804,"E02000981"
2.21872354886656,0.0965358471508267,0.0175534592953635,0.016836708625809,0.0295136905172377,0.014368170326415,0.0133779496610775,0.021970689101119,0.0375115198725971,0.0235660594994163,0.0208161300724332,0.228521797721138,0.161190004940395,"E02000982"
1.94179065785684,0.0900126437822823,0.0132482861740957,0.0153764638282387,0.0287492898873647,0.0133714452870049,0.0127055287463511,0.0210870880999665,0.0363066424228992,0.022453478513478,0.0192835719094948,0.198564471927508,0.139160861863098,"E02000983"
2.53131403164881,0.0952220918660588,0.0173150842572706,0.0203044869130666,0.116718718410657,0.014248199947863,0.0119112044455864,0.0218263885098953,0.0326249426945063,0.0879156100945795,0.022370770706462,0.253064080488974,0.138308312471505,"E02006782"
2.56291809776489,0.0985993655653121,0.0145738517703141,0.0190211102492519,0.0956050354053011,0.013022135541957,0.0118304822866379,0.0228463899310445,0.0324741000358905,0.0835148463480425,0.0199593394211178,0.263239109413362,0.1312335470628,"E02006783"
2.51129215334985,0.0950689449437943,0.013574291387919,0.0168708068760518,0.0844060422356038,0.0118587458671983,0.0112138750981154,0.0231555153063188,0.0318356006454817,0.0654030101405047,0.0188626380643633,0.260776177451992,0.0912252501344365,"E02006784"
2.35647011924528,0.0926622580327046,0.0101271774113458,0.0187462174724884,0.109785592993496,0.0110625527649047,0.0135598160400626,0.0237838550352844,0.027799000777773,0.033535869080259,0.0199525282674213,0.237347304687453,0.175701940286879,"E02006785"
2.2185262598345,0.0895279804393894,0.00893597294795973,0.0180913401091496,0.0990081172386109,0.0095552786936473,0.0123786336094806,0.0231264474779335,0.0264470652185029,0.0327019363281116,0.0185632188143973,0.22463562487491,0.157238127681996,"E02006786"
2.39313769346179,0.077377456957479,0.0100430947859766,0.0150786093820903,0.0807421095560877,0.0100352537900303,0.0102043443534747,0.0207498856637056,0.0261860855793561,0.0484214885267993,0.0156465613942414,0.252138992298225,0.000466370234415492,"E02006787"
2.26366683485501,0.0754074276694924,0.0100253140905831,0.013790618238845,0.0801549495945783,0.00966372095703444,0.0098338934246848,0.02069165935815,0.0254157967691832,0.0486368521905035,0.0157270566991403,0.237397154621129,0.000313282937484953,"E02006788"
2.59883134424172,0.0799192788456297,0.0135414186721296,0.0175732475778451,0.135405937254236,0.0124085153148195,0.0111532161579205,0.021555718980528,0.0309389763399771,0.0524679361037829,0.018579020737187,0.261526603909911,0.000378721571424244,"E02006789"
1.15137258775354,0.0697922692443635,0.00575736397898959,0.0167944873937301,0.0168763137938139,0.00729704022376999,0.0102300970123809,0.0133002449467695,0.0114767674692126,0.0171740985902109,0.0131444097666321,0.114101885661375,4.65435789799639e-05,"E02006791"
1.14177170596846,0.0694553866822535,0.00536459682935382,0.0169686865987101,0.0172459963086104,0.00727925457570563,0.0106658764768513,0.0129298387441345,0.0117947483813727,0.0202836406788729,0.0129560687165075,0.112840743142681,4.60734386670932e-05,"E02006792"
1.17470310436814,0.0584215836982517,0.0074138908871404,0.0101034041068842,0.0245570614924942,0.00722481305166655,0.00745743956150051,0.0153258629150557,0.01916396428474,0.064151031848125,0.0114079702637284,0.119585323552785,8.93302862007031e-05,"E02006793"
1.28949443426556,0.059031538383069,0.00738212406304714,0.0102227462120369,0.0253716788289252,0.0070473789849913,0.00756962463310089,0.0151135785059728,0.0200164272574908,0.0644903321247763,0.0112614821203079,0.133566921536968,8.55439973565749e-05,"E02006794"
0.977372150411292,0.0468546925950835,0.00322152639389019,0.014257761078062,0.0180497271507811,0.00540760626991787,0.00628719052049468,0.0113903324984427,0.00927891926577771,0.032262762355336,0.0108739553452471,0.0998543682823131,0.000136007102087024,"E02006795"
0.84872047567982,0.0424557940498056,0.00322768355930175,0.0140936728621921,0.0176010999685936,0.00539058117002659,0.00621366568115037,0.0109523396458811,0.00971344521330111,0.026131833971079,0.010840974600362,0.0846896189360706,8.57011194622244e-05,"E02006796"
1.99930576241458,0.0859616625496874,0.0106120968017172,0.0165732488388122,0.0485447259287794,0.00905830715889896,0.0122518968134546,0.0224875106014846,0.0282219146704771,0.0393939769929737,0.0113991185555102,0.208341016702201,0.106392690627577,"E02006798"
1.19000278935388,0.0489869207433784,0.0047073293027207,0.0117060875381458,0.0401862390927182,0.00526703890301587,0.00583073547045105,0.0137863669996588,0.0166976072848771,0.0290653748478324,0.0119248428183916,0.122565833875329,0.000155989146477373,"E02006799"
1.17191861896411,0.0492556314420145,0.00457295851443415,0.011738014700713,0.0393300139095652,0.00502782975288179,0.00568091599366341,0.0138536487105288,0.0168412512880519,0.0284496388421108,0.0114316785382706,0.120721808357106,0.000140171170430669,"E02006800"
1.57096171153756,0.0666859867954126,0.00766516307528612,0.0105814568889698,0.0235821217753703,0.00975229367937271,0.00906042164782213,0.0173123239403264,0.0331875073818781,0.0204017684603596,0.0132837422328558,0.163643025376197,0.0861314907265902,"E02006801"
1.63148154581864,0.0703416072450165,0.00783867953465534,0.0109167028755816,0.0278195855500528,0.00991683689252543,0.00981014655242169,0.0175523164154394,0.032970232670765,0.0226295047707407,0.0125531200659232,0.169832961715509,0.0902782764777124,"E02006802"
1.77203680788853,0.0656727738602552,0.0110838816287901,0.0116709347300474,0.0657240157984958,0.00846597322427178,0.00824263018764843,0.0178565171848498,0.0239760249659618,0.0466312856270577,0.0169183964845843,0.183047164478225,0.000418823827201654,"E02006836"
1.94464561819282,0.0745277175038642,0.00853794530269895,0.0153065354413538,0.0483768911577043,0.00727701838944135,0.0113963947688934,0.0223715614258889,0.0295490645112137,0.0284107933793267,0.0112087212902282,0.20473559863593,0.102350250817996,"E02006853"
1.86006442123511,0.0712398148649873,0.0077744434347885,0.0145511024252311,0.0466960606867052,0.00671434641017658,0.0104964819084829,0.0220254090549033,0.0293364371402597,0.0275489715983939,0.0112171437258673,0.195926838097989,0.0965196736610095,"E02006854"
1.4563280467514,0.0655391222704117,0.0043147163351085,0.0145552701800401,0.0233134919568983,0.00689270041872766,0.0077389049492127,0.0131671688752872,0.010421467851435,0.0448653551503073,0.0131632509075324,0.153119756636608,0.000112965980613332,"E02006882"
1.15345168822549,0.0538033094136913,0.00495322626631701,0.00896886386363028,0.0271771043681171,0.00460537998700347,0.00693284358805962,0.0138558237737218,0.0221428368622841,0.0314559739429765,0.0108712760518573,0.119957390391861,4.87630903894177e-05,"E02006918"
1.16165626968373,0.0550752218061403,0.00523214394583732,0.00908561118630644,0.0272007261290896,0.00478804328893869,0.00716592826554913,0.0140247465540935,0.0224745951956931,0.0287022547383868,0.0113655797215082,0.1205031873283,4.9207079988522e-05,"E02006921"
1.09344761802176,0.0483810838688166,0.00385178734788439,0.0112364824200884,0.0317075587200577,0.00433823048304093,0.00520084848809552,0.0150029062228993,0.0168815163907639,0.0275045843424656,0.00972168552878129,0.113219616585538,0.000263139902134776,"E02006924"
1.08922977144558,0.0489905473096973,0.00373189412025164,0.0109017084361426,0.0209725013686166,0.00436187888148968,0.00522007970303465,0.0153530162887602,0.0171718230251883,0.029872201594882,0.0103899265862641,0.1139118268001,0.000253274553284875,"E02006925"
2.38989636164522,0.101437814848875,0.0135553730521469,0.0210646220645558,0.0792468284837354,0.0115816378878787,0.0130492350488156,0.0246829261545796,0.0304182576420337,0.0336921178361119,0.0170672235105909,0.245731677331257,0.170477232135749,"E02006927"
2.01161926376177,0.0832620291982408,0.0102457325093026,0.0163152908318219,0.0501202102055907,0.00825553570138077,0.0123037776556851,0.0229879366488377,0.028274921338812,0.0291838327147152,0.0112991282178162,0.21036973427759,0.108972645173493,"E02006928"
2.0328281662241,0.0815200119724906,0.00871317862061864,0.0164431707626282,0.0597467502707313,0.00743935854048242,0.0108061368972002,0.0223731166559539,0.0262907896626404,0.0260163638262288,0.0120572147351024,0.212698698242961,0.113176983770855,"E02006930"
2.13411755219237,0.08751453167075,0.0104679463162223,0.0164079857026872,0.0524220079868839,0.0084484198856418,0.0124651771968131,0.0232590422627953,0.0285497461974827,0.0270067194329975,0.0119283718512103,0.223970234016498,0.118749523082302,"E02006931"
1.64947240896589,0.0707394598463062,0.00752589925500233,0.0109677153131282,0.0397972932470835,0.0088873443952175,0.0101547096048184,0.0167095766551233,0.0317606392124349,0.0267827014650654,0.0113528584961556,0.171545644366056,0.0856727150328148,"E02006941"
1.66974085814295,0.0722480192486002,0.00772625138920862,0.0112624801050883,0.0397524521185895,0.00905526220189997,0.0103335363376965,0.0166869977047009,0.0315838740067864,0.0270158789794053,0.0113906434236115,0.173610449781971,0.0886241781391309,"E02006942"
1.48991818523978,0.0697486040308308,0.00474307174949701,0.0148692955188382,0.0234464572614404,0.00803700274916244,0.00892186598620964,0.0174939405754986,0.0108672115443137,0.0304927469225097,0.014567461021681,0.155425391092236,0.000152750312793484,"E02006953"
1.47787763467286,0.0702663424088339,0.00480592984164153,0.0145658258073643,0.0234933661493359,0.00799409767551741,0.00896670632918151,0.0173104565497394,0.0107755766467251,0.0307335090335683,0.014402622509589,0.153941467362137,0.000145187770324027,"E02006954"
1.22854746677573,0.0644053569026294,0.00428241164326121,0.0140376122506682,0.0201950538657264,0.00626254125715972,0.0076463743668319,0.0127640961076676,0.00912784497754367,0.0316311672265216,0.0109911386443785,0.126741455678994,8.61460676775558e-05,"E02006955"
1.18963928085417,0.0641906195967404,0.00431557215342657,0.0139721390672116,0.0187881729150125,0.00616948533184331,0.00756169700839885,0.0124246823046233,0.00906282307802906,0.0235026683774276,0.0109296788658609,0.122306521523522,7.92373366269367e-05,"E02006956"
1.09957733575363,0.0673089203207443,0.00390504662296962,0.0156090375607122,0.018722531931602,0.00584658848268379,0.00704380193395344,0.0109122724650652,0.00870436813596149,0.0320678544604743,0.0108314631802171,0.110635078782609,5.20154650825458e-05,"E02006968"
1.09373456203658,0.0661059434581181,0.00390253891607825,0.0152397116041058,0.01867363552445,0.00566626812720762,0.0072733589305221,0.0105961805780245,0.00906555318376594,0.0365501920305535,0.0105977928099455,0.11030535567149,4.8390266347029e-05,"E02006969"
0.876655002773728,0.0453676155898444,0.00326927788653,0.0129639943998893,0.0177981998198946,0.00552816865840628,0.00674770669513251,0.0109753995249194,0.0122974557290384,0.0262215762611931,0.01100411221484,0.0879084290679197,5.30909141185345e-05,"E02006970"
0.877458663320022,0.0450276435410763,0.00329499433435337,0.013306413643313,0.0180885850305264,0.00555118087872726,0.00673223953798135,0.0111173671598454,0.0126819922010751,0.0254853049331687,0.011246452749638,0.0878578663219724,5.40300122148315e-05,"E02006971"
1.10215669162957,0.0676895629032314,0.00438902508234606,0.0158770470936731,0.0179968371795616,0.00623057299658025,0.00913467403273499,0.0112237269288524,0.01119815622676,0.0309277276222026,0.0116232944212646,0.109924639404165,4.38701759246283e-05,"E02006972"
1.10198970549716,0.0666936635519919,0.004180497212019,0.0154895264934123,0.0182729806505784,0.00604999148608205,0.00873822873440746,0.010813407496482,0.012249329451013,0.0362833470052583,0.0114442814291057,0.110419816438543,4.4060599823671e-05,"E02006973"
2.08523870964018,0.0691650588648623,0.010464391907236,0.0118853285077314,0.0851013904144914,0.00899444876488586,0.00883160787403606,0.0211092712140567,0.0245288896762735,0.049244085650696,0.0157630365905569,0.216186869343206,0.000347156222337242,"E02006987"
2.0775093799054,0.0680439875684029,0.0106180106021904,0.0119259450620963,0.0869518796255511,0.0090276507013339,0.00882038226707278,0.0210270744070371,0.0245975724402989,0.0492057786692574,0.0157771601562663,0.214922689835692,0.000488649348037758,"E02006988"
1.42525913173104,0.0631200476622421,0.00593326537568017,0.0126255642402733,0.0488448828174663,0.00501888942644116,0.00628515628768385,0.0184350050448648,0.0180920028816096,0.0255600898313765,0.0111299135617232,0.14706281111254,0.000113147517431545,"E02006991"
1.57851230084758,0.0591611708523046,0.00616399207604152,0.0119148741832981,0.0395103364966136,0.00487407503203994,0.00756690676407398,0.0176920205328808,0.0213925566906962,0.0226678500664731,0.00911432786314411,0.167241775137473,9.48842154779637e-05,"E02006992"
1.5536585592601,0.0624328042095615,0.00626719229549541,0.0121482850508309,0.0426589817380608,0.00502541181605045,0.00716983145728538,0.0179993597954251,0.0197008059084235,0.0234536428699854,0.00946269634739214,0.163525830831577,0.000102602448098691,"E02006993"
1.48981851462641,0.0658074393551187,0.00647120227482271,0.0128563424188089,0.0468932690373115,0.00501662864180009,0.00658861320567523,0.0189981086816825,0.0180839372964405,0.0250694316562116,0.0103639497545307,0.1547273824035,0.000107923656835522,"E02006994"
1.13431942960943,0.0441322222567871,0.00395086601877793,0.00904788145293322,0.0260745676084962,0.00394632460214481,0.00576097466644194,0.0132861975786039,0.020972158841276,0.0243233742957963,0.00890237846779724,0.119792041128117,6.36143611919005e-05,"E02006995"
1.13596125962233,0.0427999960026087,0.00393220329834524,0.00916858209821534,0.0267244237189246,0.0039736570105097,0.00580054163266707,0.0133637209105678,0.0203639086375093,0.023029498999681,0.00873868721562396,0.120026330503929,7.18471331321819e-05,"E02006996"
1.05910023427493,0.04503177924293,0.00422315445713584,0.00878183419444705,0.0293488516988833,0.00384551151041776,0.00573392523780571,0.0132992709154801,0.0202338451823705,0.0219333052716314,0.008630500219699,0.110381413800309,6.44888578434397e-05,"E02006997"
1.34870681784806,0.0597391278878009,0.00566176738832621,0.0120562560335168,0.0430189311084409,0.0047312358312035,0.00592167871647627,0.0181042524919933,0.0172762938558546,0.0237942509438927,0.00979778549395395,0.139666846181075,0.00011398032276641,"E02006998"
1.43960063392411,0.0604423092813356,0.00604844868952183,0.0117136683623106,0.0435520399675932,0.00469383367589492,0.00645216947592063,0.0178340839064203,0.0182200163894401,0.0233585948820286,0.00912094680960838,0.150356850513606,9.85562483563668e-05,"E02006999"
2.15008823706468,0.0937523408941308,0.0107790633523227,0.0162424554171088,0.0483716316464849,0.00970968950425227,0.0118063210775539,0.0237727415102906,0.0280150152340063,0.0352119993157111,0.0123750691137014,0.225147924407374,0.111984023387382,"E02007008"
2.1622681576462,0.0968549786609014,0.0105529960548584,0.0156248165011971,0.0451907097912581,0.0101623987298095,0.0113558795009266,0.0235002930260236,0.0281773260086851,0.0432044920370662,0.0132118324316452,0.226608437053568,0.103172560734924,"E02007009"
1.18134145079659,0.0488736308571445,0.00437059037511937,0.0116927815648192,0.037617246767214,0.00503726328914024,0.00568462885573469,0.0141244686505728,0.0168307834830453,0.0299370518008649,0.0117349297942924,0.122258579028622,0.00017937822376919,"E02007017"
1.19316884810988,0.049198910889008,0.00454159528296215,0.0117644909076008,0.0391528896376335,0.00515178631371991,0.00576296819919237,0.0139535477984923,0.016866697186208,0.0297283079400693,0.0118907796883408,0.123238954969151,0.000157481685085152,"E02007018"
1.12531206167459,0.0491724137929379,0.00433173186881379,0.0117289423016972,0.0381069370590173,0.00460732291883829,0.00541133339083641,0.0144795505522083,0.0167224592240871,0.0268622128443129,0.0101264502047764,0.115604531010087,0.000159165698875082,"E02007019"
1.12005494129819,0.0488974371711945,0.00439402532268113,0.0117026366991023,0.0380796367152009,0.00460889377307903,0.00541345708963138,0.0143337264286576,0.0165079556117355,0.026337991628379,0.010002852987608,0.115000247440605,0.000162831436914148,"E02007020"
2.0877404929236,0.0999907928622578,0.0174046952621615,0.0167484506986919,0.0317624033292496,0.0136324626253599,0.0140029340096588,0.0219040801441742,0.0359450868446999,0.0238967245473862,0.0199972627377856,0.212415323009683,0.154323778723334,"E02007083"
2.13158954294419,0.104895518845357,0.0199546250319731,0.0171318213261302,0.0348818742584152,0.0133133162310106,0.0142506386291785,0.0219181262892117,0.034413846381127,0.025224950430917,0.0199833454454882,0.215806924887624,0.159503625054488,"E02007084"
1.48763015849276,0.0687391770188373,0.0069320851043827,0.0121840877972944,0.0381429997268707,0.00725170488801189,0.00917321973044549,0.01897571494616,0.0301257361628068,0.0281960505007784,0.0126376806826244,0.153243529200096,0.0685282068533187,"E02007108"
1.43730556923423,0.0646579820919788,0.00678802247659413,0.0117507041239416,0.0371182748704835,0.00709611937637365,0.00877382259991595,0.018485508017783,0.0301824524095089,0.0272276396427387,0.0122279787338048,0.14814910623568,0.0668657809074398,"E02007109"
1.30522965212585,0.0541106794971967,0.00605900486118452,0.00991713308600011,0.027720826700656,0.00676710259109441,0.00769442115850524,0.0162329917168012,0.0304816541718693,0.0223370459551493,0.011477963874156,0.135665940487597,0.0571446093015193,"E02007110"
1.41776384046261,0.0589141839914291,0.00652691308586141,0.00992826814252424,0.035238903240746,0.00725892791681202,0.00838578633914925,0.0172151879839939,0.0326077446313618,0.0245647220341919,0.0117078248076036,0.147087156833825,0.0650432266657432,"E02007111"
1.27892034308912,0.0510488124761526,0.00535140937244619,0.0101475735732261,0.0349542622070053,0.00416593887856083,0.00630053740741291,0.0165862892544713,0.0202166748483143,0.0222729285053393,0.00855157949350007,0.134194765762557,7.71118372013144e-05,"E02007112"
1.24739028540342,0.0504973248907411,0.00545143891621058,0.0102746400730029,0.0322743132656786,0.00425375189285078,0.00663698124977296,0.0165899290989369,0.0215429210191136,0.0219736256535984,0.00859599086046216,0.130732879823332,7.03719848315533e-05,"E02007113"
1.91815840208561,0.0726035277096873,0.00801486419361302,0.0151881960662523,0.0503272084085679,0.00678931596416536,0.0106015249355197,0.0221983111071873,0.0283030503237117,0.0260050935771899,0.0111435086386192,0.202002024200148,0.099312598976037,"E02007114"
1.00417060320622,0.0428190702391087,0.00546401357853221,0.0111157577180337,0.0151028082501568,0.0061941927404341,0.00640191510117482,0.0136388960502343,0.0238184967314755,0.0129641179147184,0.0127489792445755,0.102793606239576,0.0300014677029771,"E02007115"
