"Intercept","IMD","Asian","Other","retailers___other","takeaway_sandwich_shop","pub_bar_nightclub","supermarkets_hypermarkets","hotel_bed_and_breakfast_guest_house","other_catering_premises","log_pop_density","alpha","MSOA21CD","MSOA21NM","x","y"
-2.70613984290538,0.0368429109806128,0.00777192268983552,0.02692794779776,0.00569986017032043,-0.00684563419393728,0.0113394956269619,0.00189174039630886,0.0312523529826949,-0.0218545797883645,-0.161751859145424,0.134764904007991,"E02000001","City of London 001",532485.482159412,181271.782114895
-5.77179627716788,0.0118101858734852,0.0229821680152794,-0.0418327372694697,0.00198623759037657,-0.00573658884317097,0.00498621903579911,-0.0151315268415116,-0.0949726097370765,-0.0117655496693685,0.280399536058515,0.00375586329228953,"E02000002","Barking and Dagenham 001",548312.757365699,189881.428040392
-5.51225872353259,0.0119203038048962,0.0241427843816838,-0.0560151697971236,0.00217480621300896,-0.0061354937073926,0.0018137586986675,-0.0127218002413413,-0.0929297167315133,-0.0132847651884563,0.254446489800732,0.013437382410053,"E02000003","Barking and Dagenham 002",548454.861131233,188400.031730149
-5.32676179174627,0.0140136929553467,0.0241753741994714,-0.0683427570342481,-0.000911297680823477,-0.00568468946797544,-0.000346490759650432,-0.0057523769600531,-0.109008129853975,-0.0108053871321843,0.243435002548572,0.0567883531530098,"E02000004","Barking and Dagenham 003",551009.063352634,186311.121270225
-5.33837364638755,0.0120884484027777,0.0238238311526079,-0.0635082448452429,0.00189457315792561,-0.00697161002871353,-0.0016238874587227,-0.0125549747198698,-0.0903671615430047,-0.0129864870039424,0.24596374904289,0.027128035526695,"E02000005","Barking and Dagenham 004",548667.16108568,186903.342288399
-5.25509802727856,0.0130291717841244,0.0243968786014895,-0.068204561676251,0.000561719090983299,-0.00648398047308873,-0.00139485371291234,-0.00874755826036778,-0.0985223167212209,-0.0123231816090719,0.235641693637703,0.0419292720613062,"E02000007","Barking and Dagenham 006",549648.573008712,186561.042714971
-5.21638018519663,0.0112976753803074,0.0229189683740802,-0.0688239561344149,0.00183161436337347,-0.00839734021783265,-0.00498624778104771,-0.0154111117716945,-0.08402346703096,-0.0129245046714612,0.249862959002649,0.0335395057034496,"E02000008","Barking and Dagenham 007",548139.334746794,185911.229533402
-5.71371696225577,0.00893545867487867,0.0192929743363759,-0.062462457769523,0.00267468057819747,-0.00950149840678623,-0.00448084036070871,-0.024903706438543,-0.0709981011685894,-0.0120054428178353,0.331485577593933,0.0116748085145195,"E02000009","Barking and Dagenham 008",546965.824618885,185757.98630461
-5.00067000067718,0.0122406525189525,0.0236445869598071,-0.0769822688770941,0.000247325972591973,-0.00787903618403967,-0.00433342113007867,-0.0116027545052488,-0.0913344238010802,-0.0110007620343401,0.226520058382423,0.0615635863887159,"E02000010","Barking and Dagenham 009",549065.285181043,185295.970622999
-5.07499534117175,0.0140478505761247,0.023882278723153,-0.0757669468507103,-0.00150337516345486,-0.00597442448322705,-0.0024170841439961,-0.00739409947174124,-0.105810095606455,-0.00922935116038964,0.22586742285149,0.084188945130813,"E02000011","Barking and Dagenham 010",550510.098585464,185162.620415733
-5.81578850079387,0.00503490999459266,0.0149287639394681,-0.0784371590944786,0.00232699241343724,-0.0107127272735752,-0.00409558923700066,-0.0355479010515637,-0.0553420685191385,-0.0137133146615474,0.39992144046613,1e-06,"E02000012","Barking and Dagenham 011",545635.991434474,184893.272213094
-5.45093873795688,0.00813614130107525,0.0195491032001501,-0.0761949646401109,0.00197194136445547,-0.0108997629755649,-0.00535444970428474,-0.02334160204513,-0.0669879885835453,-0.0117956819052141,0.317802991647527,0.0259145735592674,"E02000013","Barking and Dagenham 012",547276.79004358,184855.720505038
-4.94081551333488,0.0109992298744526,0.0226755553277119,-0.0833344880608425,0.000218933626097877,-0.00924008386104395,-0.00422114132770816,-0.0139736086038618,-0.0825531560531197,-0.00919200486774105,0.23682725218471,0.0758703341124419,"E02000014","Barking and Dagenham 013",548785.518842575,184554.79661471
-4.81286948952424,0.0134581150923971,0.0234352542754797,-0.0839385061011533,-0.00209237619225404,-0.00679162265502034,-0.00387745036026401,-0.00917157308575806,-0.100119726835386,-0.00702478621556375,0.211061534907909,0.118603716903312,"E02000015","Barking and Dagenham 014",550075.829439684,184230.971845327
-5.35004359895499,0.00438883409574214,0.0123089511099004,-0.0819119777138462,0.00619041410681427,-0.00553681658869229,-0.00348733576385335,-0.0385728615108885,-0.0457133534706538,-0.0146368065716772,0.345762090950403,1e-06,"E02000016","Barking and Dagenham 015",544029.12812224,184317.709782175
-5.63005834663289,0.00433843090671685,0.0134274615484866,-0.08538282594959,0.00377247356703588,-0.00894915595075996,-0.00331023994310842,-0.0377977152832254,-0.0482832534328766,-0.0145031685587867,0.38713102032071,1e-06,"E02000017","Barking and Dagenham 016",544838.696322134,184459.569538096
-5.59208463794929,0.00507007703182632,0.016990592297115,-0.0867066567635377,0.00178523723630638,-0.0120425448426071,-0.00379582630017873,-0.0304877208157768,-0.0543615744344437,-0.0130277597795547,0.370466184035253,0.0101315934546915,"E02000018","Barking and Dagenham 017",546553.200750159,184299.136225403
-4.82600364019282,0.00747895898196126,0.0208777266187617,-0.100022198480323,0.00049967073889772,-0.0124275932013703,-0.00164203651543984,-0.0200093960698746,-0.0573885663442597,-0.00780816972605001,0.263181703460248,0.0961135714509887,"E02000019","Barking and Dagenham 018",548166.974134814,183259.43802596
-5.0463621744988,0.00234618086434964,0.0167945148792356,-0.114623937632971,0.00296409598165479,-0.0119388628627451,-8.32061246826927e-05,-0.0334131024429763,-0.0351611639307042,-0.014044688309104,0.333841579062951,0.0100930714844198,"E02000020","Barking and Dagenham 019",546100.176911004,182743.676315861
-4.51051772377231,0.0100539781865677,0.0219835490684838,-0.0923729987535406,-0.000713426240618249,-0.00878900300870797,-0.00665992598918401,-0.0147626402914835,-0.0660740971762155,-0.00435809208031528,0.202871677629892,0.168167199595532,"E02000021","Barking and Dagenham 020",549508.872913767,182827.304374099
-5.2916922029502,0.00271424101980006,0.0134219166756501,-0.0937081263133289,0.00675971276909128,-0.00565714029210306,-0.00224826040394972,-0.0379014047566752,-0.0364156409982761,-0.0147840795819835,0.341540925268945,1e-06,"E02000022","Barking and Dagenham 021",544383.616418689,183516.977756292
-5.16528592783683,0.00367371396929509,0.0175406835236135,-0.107307793963653,0.00165967723672177,-0.0133699524028577,-0.000337885066502461,-0.0299702372563587,-0.0419000475358843,-0.0133762262436637,0.3403386099476,0.0258223146098102,"E02000023","Barking and Dagenham 022",546653.096514847,183107.949224584
-5.68218290155626,-0.0165346897195269,-0.0110893381102333,0.0927901287600275,0.0186912103879512,0.00462010981715414,-0.0186337094454011,0.0202598421366951,-0.0420623142795195,-0.00267565619558906,0.242183991631593,1e-06,"E02000024","Barnet 001",524413.977712282,197000.436580728
-5.38336257133241,-0.0212109326796641,-0.0107629967948839,0.109642653711088,0.0210567085589794,0.00886317648005152,-0.0131620426217407,0.0384275305777248,-0.0398514029852146,0.00118391609739629,0.166808918146865,1e-06,"E02000025","Barnet 002",525971.331840814,196718.51263964
-5.14083872124948,-0.0233318170152392,-0.00395373329355336,0.119152401342085,0.0234254659109168,0.0126364018121869,-0.00619529851968155,0.05544517935129,-0.0415922001432274,0.00359933344434603,0.0913354062366634,1e-06,"E02000026","Barnet 003",527682.865006507,195951.661985406
-6.03613253469879,-0.0206380031693538,-0.00589806422213492,0.0946309254886246,0.0192286677172976,0.00414027502401119,-0.0197287000314131,0.0145005734169999,-0.0383796113315562,0.00119127817343367,0.274592286047364,1e-06,"E02000027","Barnet 004",524409.58922393,195592.623361259
-5.61767022530573,-0.0248546085212977,-0.0069977236031528,0.113378980176142,0.0218756211991271,0.0094572383914642,-0.0132607662383239,0.0361768559651168,-0.0423452285128595,0.00381460949367138,0.18348719939181,1e-06,"E02000028","Barnet 005",526170.600804112,195510.353812209
-5.37534470505383,-0.0251691256662246,-0.00388171706758446,0.120210021060321,0.0234636802273237,0.0119495208370864,-0.00782563961039927,0.0506720169567385,-0.0432193812580796,0.00450541186356583,0.122929416807956,1e-06,"E02000029","Barnet 006",527246.244546428,195339.879317234
-6.66790524224669,-0.00953559600400439,-0.00193190066784203,0.0739227745731538,0.0157561891020272,-0.00101811861888221,-0.025653213994347,0.000648972095610957,-0.0330939488252533,-0.000365822340110334,0.366069850146917,1e-06,"E02000030","Barnet 007",522736.368379066,194775.787742494
-5.99277803500687,-0.0294191576211218,-0.00110706599145484,0.116307441866583,0.0220520385287368,0.00995222848081915,-0.0127797501639791,0.0335979461520767,-0.0417429163311149,0.00693664470926033,0.215836440937642,1e-06,"E02000031","Barnet 008",526484.698894305,194241.685430412
-5.1518563713252,-0.0253185176151034,0.00435145540207769,0.127614477747418,0.0245579169067512,0.0126394101124918,0.0023900832048141,0.0512960821047011,-0.0470197508385012,0.00390752584921936,0.062543271380562,0.000873970959417026,"E02000032","Barnet 009",528839.404421925,194154.61157734
-5.6213364195686,-0.0267610901265484,0.00664319322635977,0.123418355956223,0.0228904774295701,0.0111135872209064,0.000444349452771819,0.0483086730929215,-0.0437975750868081,0.00567402629989282,0.126035891253997,0.00175180534970637,"E02000033","Barnet 010",528235.725276371,193569.210417472
-6.29885466266418,-0.0307395333810019,0.00745703296505501,0.114658388121508,0.021179037253306,0.0099034025145719,-0.00896917447792058,0.0350143881144702,-0.0364406605968504,0.00811303066974385,0.23541145881366,1e-06,"E02000034","Barnet 011",527072.168712592,193128.373234449
-6.39855002781236,-0.0288965273299961,0.00518840400081951,0.104741427303623,0.0200519722574433,0.00704875435194915,-0.0201599065753124,0.0122570489244991,-0.0297993155183185,0.00712112653402364,0.28475115232503,1e-06,"E02000035","Barnet 012",525825.887176229,193028.311679961
-6.85072125435143,0.00847547873530913,0.00404363635897814,0.0422554523272681,0.0128423549217191,-0.00798943759502314,-0.0272194025970401,-0.00549384620479771,-0.0194971378278176,-0.00520527768760215,0.388234511353756,0.054206684849651,"E02000036","Barnet 013",520325.557782937,193009.57171678
-6.51994579689632,0.0111522894274699,0.00476020540384071,0.0380864848532034,0.010256900392059,-0.00595236139809272,-0.0278606640812163,-0.0102323065415347,-0.0334412434008529,-0.0129078577757137,0.364432875034985,0.0615109994173404,"E02000037","Barnet 014",518863.642734652,193601.778004069
-6.30538412965661,-0.0260418061660628,0.0163339325841748,0.106126011698896,0.0184552223461434,0.007944124815843,-0.00123197832479802,0.0345516087862202,-0.0276363028546519,0.00469084571613095,0.226741639676607,0.0271953277669506,"E02000038","Barnet 015",527828.26502017,192350.458064229
-6.92958443481365,0.00347207691249395,0.00316495043820673,0.0510717758396734,0.0148886777851692,-0.00938263977766354,-0.0262527467139345,-0.00251335715951639,-0.012258100022477,-0.00134711027046671,0.390300441363787,0.0354201199532598,"E02000039","Barnet 016",521812.869360113,192190.579552239
-6.51889068399673,-0.0106569870579426,0.00221473984242125,0.0762577415725083,0.0166425397751856,-0.00390127686391319,-0.0261054612763647,-0.00163663406456223,-0.0187716830813274,-0.000913359122970426,0.338869097457819,1e-06,"E02000040","Barnet 017",523481.414245704,192439.313401176
-6.82410897716476,0.0105866267846922,0.00838615265740947,0.0488975254525893,0.0139212943524353,-0.0092143943222008,-0.0251872376396558,-0.00610614863927915,-0.0179713557925003,-0.00524113783110678,0.355350039918953,0.067300628915509,"E02000041","Barnet 018",519703.352287109,191930.210757931
-6.03709242343066,-0.0236345056185442,0.0142090701903502,0.0840437955631191,0.0181992048060451,0.00482919146731235,-0.0190101609893194,0.00524189661530896,-0.0136633771127733,0.00333944424149999,0.251246110706113,1e-06,"E02000042","Barnet 019",526260.400807393,191902.020199829
-6.17009031910525,-0.0204188017940593,0.00823673755341923,0.0838144292536112,0.0174780689043335,0.00158366103625405,-0.0252501755230116,-0.00288779204037569,-0.0156820243652265,0.00166689346423526,0.288048083309285,1e-06,"E02000043","Barnet 020",525158.883689486,192117.714663445
-6.99927182171989,0.00785630091565511,0.00615262353881985,0.0469027048468423,0.0151101341407812,-0.0112179429405135,-0.0248375005087656,-0.00271279839169896,-0.00885775148530018,-0.00104908509828667,0.382888481455839,0.0556149225140855,"E02000044","Barnet 021",521003.509091245,191593.882926682
-6.10154179831777,-0.0168232546726044,0.0309616375116436,0.0713990896159848,0.0154947936451764,0.00422995780363958,3.15294042776286e-05,0.024664871290589,-0.00570405507218048,-0.000507122690886108,0.214362154081763,0.0887259260904363,"E02000045","Barnet 022",527904.938631386,191323.654652871
-5.06875037080633,-0.00939776745950143,0.0183388618903535,0.0494207120752991,0.0127072874475886,-0.00322006972621764,-0.0291269658164776,-0.0178742344193415,0.00532357880469862,-0.012350446242622,0.200725782906826,0.00627622561586424,"E02000046","Barnet 023",525551.480983437,190761.923176171
-6.85638707228407,0.0107278853543488,0.0103493133035082,0.0532981788810946,0.0160841901784447,-0.0128041488350317,-0.0221131376341298,-0.00315653279518919,-0.00710151652596344,-0.00021302177260616,0.336181106794381,0.0672459363484916,"E02000047","Barnet 024",520442.970104498,190745.35230105
-5.71605948553167,0.000517552414193704,0.00608435224654924,0.0583721266165171,0.0123726667446848,-0.0132483930546292,-0.0276449124890634,-0.0101967183009257,-0.00495161756131857,-0.0126497889336822,0.275800327153958,0.000797454494351853,"E02000048","Barnet 025",523469.444271885,190795.178183684
-6.72955300268892,0.00757673093925256,0.00763437886069531,0.0498698570679711,0.0154198221681974,-0.014446904907717,-0.0233565763621178,-0.00259132561372199,-0.0025393583480287,-0.00117634940133484,0.348056951400801,0.0477419584196169,"E02000049","Barnet 026",521559.147771176,190714.70899262
-4.94528120939094,-0.0082046189537664,0.0319960003941774,0.0319293670130123,0.0132307766032837,0.00053789791453421,-0.0188161177592147,-0.00304890777737237,0.0151192945623022,-0.0115142267078395,0.153124595727898,0.0574628765983473,"E02000050","Barnet 027",526728.30897367,190620.247470334
-4.36718361012034,0.00424136755295979,0.016637481923105,0.0318794142809566,0.00790239153995735,-0.0114668812694945,-0.0342158409613897,-0.0267333126441845,0.0103857802772898,-0.0241806307874514,0.158328199959084,0.00278696635469714,"E02000051","Barnet 028",524820.375290552,189902.502247323
-3.77958904270776,0.0033929390546247,0.0451126431280875,-0.0131290393191329,0.0102234993941286,-0.000987445233824176,-0.0226396276188322,-0.0133557756954323,0.0306845078220761,-0.0247642558065061,0.0491310080242369,0.0616521091692101,"E02000052","Barnet 029",526943.881091317,189657.293280387
-5.46876949723725,0.00954903552437018,0.00868044349258591,0.040508718800742,0.0118224524822664,-0.0197200086121063,-0.023580765387692,-0.0091177904806664,0.00588653232861045,-0.0105479603125201,0.243054474377435,0.025926464984043,"E02000054","Barnet 031",522609.186443502,189699.480899839
-4.61925038228563,0.0129851806380663,0.0100433230992761,0.0257495772894768,0.00874119224609635,-0.0207640241520728,-0.0258013378274896,-0.0169569148820683,0.0108270071928999,-0.0170173005572625,0.177523725991465,0.0216286909561931,"E02000055","Barnet 032",523148.557856074,189160.09362057
-3.31907729247871,0.00931665333137026,0.0340800271708802,-0.013621064876234,0.00805051750308358,-0.00290724621913827,-0.0329303313510506,-0.0300712016275564,0.0294345950040585,-0.032898662302091,0.0374165741335255,0.0252281036146903,"E02000056","Barnet 033",526352.925603114,188507.533295787
-3.99063269236161,0.0163742274987402,0.0121472422286383,0.00944362109575449,0.00667112164006372,-0.0202409885175423,-0.0282449684047842,-0.0242120763259594,0.0151459678842515,-0.0205877176196397,0.128463972411546,0.0171459540214424,"E02000057","Barnet 034",523576.306159738,188624.63509666
-3.40703712426014,0.0140378048845923,0.0228421143448038,-0.00309887201038614,0.00567152921934253,-0.0106795346602728,-0.0388090312622623,-0.0356467839626505,0.0216726715522182,-0.0318609280929302,0.0731422176494389,1e-06,"E02000058","Barnet 035",525158.929452155,188671.391381101
-5.08775910904308,0.0139525918506889,0.0135193513688482,0.031927838638672,0.013551273825665,-0.022908507407422,-0.0119118542669877,-0.00609193468438853,0.0137141538387459,0.00138486066140517,0.166805542338684,0.0575042357885351,"E02000059","Barnet 036",521790.814326057,188097.699722067
-3.49563307375528,0.0183409138043399,0.0153818320396034,-0.00624206807579225,0.0058150493093432,-0.0151285731479255,-0.034438259292745,-0.0325808993817226,0.0196564833508901,-0.0258107261580091,0.0876837313636187,0.00416374049798632,"E02000060","Barnet 037",524289.396409165,188205.270895602
-3.58341483272735,0.0163011314912542,0.0167449002069746,-0.0098788032250893,0.0082374451591828,-0.00390488231120871,-0.0332614903761039,-0.0341205860478391,0.0152488540434603,-0.0265123781388422,0.0795357025914733,0.0111235155571151,"E02000061","Barnet 038",525174.143859394,187210.176297085
-3.8141938496372,0.0191479013508362,0.0147539472807395,-0.00701184251087918,0.00868526368393708,-0.0186528465916657,-0.0188251598304796,-0.0251480746707894,0.020434118357196,-0.0109402120626207,0.0937395515850791,0.0646766746868209,"E02000062","Barnet 039",523330.580942709,187125.628287436
-3.63558588703134,0.0201795444740735,0.0157523599309431,-0.0153312919662789,0.0085709712986012,-0.0118469331983451,-0.0241437849546374,-0.0320097001623262,0.0193072491446683,-0.0167978305125825,0.0806734910505718,0.0504546456183626,"E02000063","Barnet 040",524084.043501356,186769.688235706
-3.85686736556323,0.0174721204990145,0.0151303916421134,-0.00888802460355158,0.0107476766430562,-0.00173285334901473,-0.024088908819622,-0.0327323868836085,0.015345318209512,-0.0205792005456531,0.0850260661759234,0.0518462955352847,"E02000064","Barnet 041",524712.169010478,186135.346856927
-3.54160014560444,0.00699236470876765,0.0223835757889773,-0.0713608602199022,0.00430726957312551,-0.00619731691100957,-0.0147166962949727,-0.0213618623375177,-0.0139326569660075,-0.00570817110555702,0.0768178326666145,0.286109301454888,"E02000065","Bexley 001",548360.50299195,180390.331120472
-3.49980215084094,0.00765446256173848,0.0240350107501112,-0.0276466788932615,0.00938995528472379,0.00365110722433571,-0.0139703563557401,-0.0225353950622529,0.00344935143376233,-0.00598118356732553,-0.000807244367878255,0.334802645707366,"E02000066","Bexley 002",548001.489334768,179327.599453778
-3.5437284359371,0.0105611927114987,0.0224232122102609,-0.0246028499998907,0.00462178021734538,0.00153051006612043,-0.0177294381488881,-0.0204380111667125,-0.00891489654132619,-0.0100413237687174,0.024261507497078,0.368046840855371,"E02000067","Bexley 003",549468.952314907,179398.431665616
-3.56587270702118,0.0138329882182971,0.0223009195684856,-0.00150972043488409,0.00161121664518334,0.00607898789611335,-0.0184451073666938,-0.0200405856986847,-0.0167377914045572,-0.01425419445965,0.00936625611879044,0.396545111303859,"E02000068","Bexley 004",550748.24257366,178863.325481442
-3.7307060599034,0.0136584693234811,0.0243485138097578,0.0100937600701362,0.00530895302867,0.0107544391532376,-0.0158070389371452,-0.0210829486263117,-0.00213676027180963,-0.0136707019615068,-0.0101348199422157,0.400291760557895,"E02000069","Bexley 005",550078.231506385,178180.150088348
-4.06611230087853,0.0112040216403975,0.0262724739594908,0.00835473563264826,0.0116606398256058,0.014311187562661,-0.0114954928964445,-0.0211463996325321,0.0133368529010617,-0.00757564693114454,-0.0091900431037716,0.370716762270231,"E02000070","Bexley 006",548276.467759098,178001.147590577
-4.263301856937,0.0150082052820091,0.0279432131080982,0.0168605941890595,0.00738097978108001,0.017468911393058,-0.0108314251956652,-0.0207141558673856,0.00701340887411661,-0.0127641975581964,0.00547016782244792,0.395202707979481,"E02000071","Bexley 007",549837.064536494,177250.672228525
-4.67014869070344,0.0207155990394713,0.0262354470689759,0.00862836356434798,-0.00233916938227072,0.0154664111512288,-0.0124332326990472,-0.0194625627642403,-0.027572259407163,-0.0234031693057344,0.0934762763396872,0.375688646713539,"E02000072","Bexley 008",552736.511675655,176997.895024562
-4.79265883045074,0.0123623211076205,0.0320399771713418,0.00902807317641151,0.0139818414789848,0.0224712424359695,-0.00589099784137877,-0.0203921151729936,0.0225635247276156,-0.00497380173979039,0.0201470826936938,0.372632035708723,"E02000073","Bexley 009",547830.263279316,176924.955971095
-4.6638818027708,0.0186240961769601,0.0297447521294684,0.0140380683333482,0.00256120560953046,0.0192981569097828,-0.00962591855068015,-0.0207382482658746,-0.00371733562374762,-0.0178834855694554,0.0552142253866344,0.388693762114578,"E02000074","Bexley 010",551324.881179298,176680.704250641
-4.75965441345114,0.0149647702525479,0.0328312378279872,0.00920804228891145,0.0102634877810526,0.0224273266212674,-0.00614086951801389,-0.0204697374052332,0.0161565952127269,-0.00914655868773333,0.0253480673642228,0.379298072282566,"E02000075","Bexley 011",549001.015081102,176628.158714529
-5.4869618503168,0.0114287843380084,0.0364457764791493,-0.00222991594961258,0.0161849236200135,0.0251155943058654,-0.00255621175291393,-0.0187247073121591,0.02991605725656,-0.00234127584113503,0.0752031087002651,0.377592794610548,"E02000077","Bexley 013",546964.633274792,176424.001376822
-4.94207707296578,0.0178415763514345,0.0323767104145858,0.00849098719447084,0.00512439238854336,0.0221140763851998,-0.00657036361687428,-0.0200659870463323,0.00597841050854598,-0.0137557902275607,0.063221053734116,0.382041072637737,"E02000078","Bexley 014",550652.211150874,176282.660388855
-5.68281963350362,0.0167515476385409,0.0442441887264408,-0.0271543800015498,0.00995079892762996,0.0279281945234025,0.000318171000857548,-0.0200816263178475,0.0209598293009189,-0.00686662660806224,0.099451397485098,0.35264130290949,"E02000079","Bexley 015",548769.39549091,175474.362997799
-6.67344972225399,0.0132752650166912,0.0508696341573569,-0.0590437474845845,0.0140848826731424,0.0266994582959856,0.000636904633926768,-0.0159114630546003,0.0337269667606703,-0.00370918331203023,0.202341321304236,0.378055677922813,"E02000080","Bexley 016",546346.925549511,175493.474481018
-5.62815306779778,0.0191308314873898,0.04428470990127,-0.0260359957575285,0.00613169321205969,0.0279948469685487,-0.000464835631150019,-0.0214680978763435,0.0119080619034383,-0.0106091269554722,0.1057141533626,0.343908245902791,"E02000081","Bexley 017",550145.98751542,175235.953536103
-7.20500297854318,0.00590364239455589,0.0395506222581224,-0.03814854584664,0.0109314589260774,0.0292579617082981,-0.0103824579195,-0.016058825414114,0.0254710790540057,-0.00821084813207756,0.3089536897582,1e-06,"E02000082","Bexley 018",545268.00945712,175362.859856223
-5.76052760046373,0.0214328623907423,0.0433554473120282,-0.0255104051839453,0.00210726541075151,0.0277561380451362,-0.00109180845288796,-0.0225552774917792,-0.000315329737390583,-0.0142830195503063,0.136195276308294,0.336460379421956,"E02000083","Bexley 019",551689.515490382,174881.428732592
-6.43332317964616,0.0172204780181704,0.0550386155754539,-0.0706596319199217,0.00994477176331131,0.0298904077179196,0.00355458036545041,-0.0196964518763816,0.0258766750755085,-0.00495796858858437,0.173119245510132,0.332251799312833,"E02000084","Bexley 020",547931.334732379,174782.982413272
-7.20723017116014,0.0172103883313852,0.0638151130081162,-0.107784326657349,0.00843176456341945,0.0297328959439886,0.00333024597553107,-0.0187729591689637,0.0293043950002017,-0.00589956862473395,0.266830393982301,0.315464964550156,"E02000085","Bexley 021",546747.676365086,174274.144247238
-7.82426520690875,0.0167079249875188,0.0676664565198963,-0.120260301216245,0.0050735137207325,0.029283039991997,0.00133229886368452,-0.0191173166118775,0.0286770116231344,-0.008694508086161,0.352313931650244,0.289526950098679,"E02000086","Bexley 022",545878.129846993,173783.706519369
-6.76971418223451,0.0216435302688966,0.063619497183013,-0.104487228018024,0.00459723649489764,0.0329995876445445,0.00576275962565609,-0.0248799928395993,0.0174907729310886,-0.00695592014139441,0.215846095829871,0.275985980901362,"E02000087","Bexley 023",549669.035864554,173548.417812207
-7.32956686418933,0.019976483430682,0.0699928770516069,-0.129009460639356,0.00470096813063177,0.0326243997815856,0.00562120539407165,-0.024093964274244,0.0241809953719347,-0.0062125502441066,0.281215961768871,0.259659588480105,"E02000088","Bexley 024",547642.864469048,173205.916649521
-8.29089669735484,0.0139041286592539,0.0666850355737225,-0.105774727232497,-0.00199140486867485,0.0289028375284986,-0.00252651508971495,-0.0237953480026779,0.0115554958084675,-0.0126625923862253,0.438654170803704,0.235862355924857,"E02000089","Bexley 025",545084.242585149,172914.65436051
-7.88222288333645,0.0146049060989642,0.0652203731736695,-0.100047304806927,-0.00254203488398765,0.031519030756172,0.000824708823300608,-0.0279456188334608,0.00841967197683619,-0.0103488983802856,0.385032652101331,0.203349554450075,"E02000090","Bexley 026",545880.41630046,172225.772467763
-7.67542926704858,0.0159827753752274,0.0649200894427626,-0.101592422397665,-0.00201707394551551,0.0336011817246987,0.00388448103062644,-0.0304055805929196,0.00939192156970047,-0.00803597384947009,0.350738522506883,0.188958557009859,"E02000091","Bexley 027",546866.936652437,171710.662483696
-7.53975862933047,0.0203951964764946,0.0688657486200445,-0.122444529217677,0.000191198208947786,0.0353020793363503,0.00741599103170389,-0.0315074656700123,0.0162114404693354,-0.00633063231846686,0.314434664424839,0.19442579273238,"E02000092","Bexley 028",548646.816585438,171467.279127572
-6.56434889351952,0.0132824808395741,0.0145994709755214,0.0600040001294326,0.0171919276428701,-0.0127941434661885,-0.0163506841437241,-0.00360404205760864,-0.00765970804313416,0.00161778746758934,0.26780882210685,0.0759543594984602,"E02000093","Brent 001",519612.074402568,189690.941220268
-6.20984002831047,0.0125438879940792,0.013640341970702,0.0518864859175295,0.0170191996301486,-0.0163944410088777,-0.0146958982700956,-0.00240783233906331,0.00361106852843966,0.00394827797272088,0.245121050022896,0.0687359354482839,"E02000094","Brent 002",520666.03390685,189156.777321451
-6.23679761524507,0.0141915339664751,0.0159504779284458,0.0578802101223605,0.0175595041643144,-0.012634898266242,-0.00563096433402277,-0.00300417149001474,-0.00579646875210264,0.00546733518112357,0.216730431043016,0.080783071489688,"E02000095","Brent 003",519253.528451823,188678.065128168
-5.97643333861221,0.011207435808082,0.0115801320833369,0.0432795885972631,0.0118289783980679,-0.00613073066238872,0.00990108336147387,-0.00839950775842784,-0.0400611563088914,-0.000368529255535755,0.240513465764539,0.105107557942573,"E02000096","Brent 004",517633.451297015,188209.923196932
-5.79591468554647,0.0139085463394923,0.0162344788308977,0.0507264168639293,0.0182341772901607,-0.0176179564940326,-0.00250031341459737,-0.0011355911716686,0.00727359467719078,0.0101419897231245,0.17578872980019,0.070477949556282,"E02000097","Brent 005",520392.362146708,187860.813900338
-5.90548198140263,0.0139634254527585,0.0158224211942223,0.0510068169227168,0.0167219151545285,-0.0120555486686803,0.0117879402021668,-0.00330038670609028,-0.00609599029014678,0.00971615089235013,0.180653134847938,0.0935412307713485,"E02000098","Brent 006",518980.044437893,187546.053840423
-5.61356879888934,0.0093657182472038,0.0103757411668927,0.0343099783982066,0.0115621233333788,-0.00602068212249556,0.0241769414345632,-0.00789546737407082,-0.0431880452845991,0.00588627284560899,0.211466444871654,0.121857102955347,"E02000099","Brent 007",517818.866103195,186969.380795865
-5.92102413628147,0.00903913206243167,0.0077023308319042,0.0285749254515669,0.0061475583274617,-0.00141200933180262,0.0263955609311152,-0.0141379987454381,-0.096353155261094,-0.000998503383963187,0.285750382741654,0.118220268983924,"E02000100","Brent 008",516664.173832605,187130.513880428
-5.71339736505632,0.0146013853894757,0.0183941272254165,0.0503866909070517,0.0201899238804624,-0.0174140300564459,0.0145516266667625,0.000283738584951554,0.00455868704579689,0.0177997193080432,0.139051248214669,0.0711136987254204,"E02000101","Brent 009",520022.325549303,186701.494315159
-5.1066754160187,0.0137872761562445,0.018196098845206,0.0392923556481327,0.0169648497903662,-0.023597687829051,0.00139484150941888,-0.00303383132994952,0.0144007521230381,0.0114411667108888,0.123267590662563,0.06563433987835,"E02000102","Brent 010",521307.663626501,186729.578992039
-4.29951000805282,0.0163188780613167,0.0176503768668329,0.0117760449910404,0.012317715824293,-0.0227535797273714,-0.004093717372928,-0.0155118656394817,0.0205689126564975,0.000655389395085374,0.0975684333344566,0.0864756949495574,"E02000103","Brent 011",522480.027967312,186448.664827282
-5.29184624180092,0.00926694833389507,0.0117540325422249,0.0320213646080097,0.0137916975734894,-0.00903186971709343,0.0290064515553349,-0.00632488356710789,-0.0270177760514632,0.0121094375917499,0.165502813004591,0.119343989455881,"E02000104","Brent 012",518492.399066939,186232.288727269
-5.26094541694966,0.00566580894464771,0.00602425374554488,0.0170854101141525,0.00584961152343204,-0.00141560174485389,0.0323833575864837,-0.0154824670576071,-0.0986506079408245,0.00592609755157528,0.241718124431956,0.116791174019801,"E02000105","Brent 013",517044.191836494,185874.806147752
-5.19699059484471,0.0120958279515495,0.0204710068734472,0.0390816462923448,0.0187068635516029,-0.0217279201686378,0.0159546288620084,-0.00453735264388328,0.0141304664269757,0.0157084993249664,0.118628052001675,0.0886538298176431,"E02000106","Brent 014",521366.887827039,185741.559181146
-4.01520407536006,0.0168808130878099,0.016811206956883,0.000995711125326543,0.0129493661813361,-0.00806978771374728,-0.0107128141137736,-0.026778608095213,0.0188093898371511,-0.0105250157189554,0.072348065770587,0.122622082419295,"E02000107","Brent 015",523477.125499106,185579.517386727
-5.56616122168123,0.010640088840408,0.00719810084916953,0.0139062311357226,0.000927564141639665,-0.000939678527208071,0.0340894390489044,-0.0240313939596459,-0.127506341335665,0.00170418048513172,0.290394367700777,0.0989185761178666,"E02000108","Brent 016",516207.010924509,185582.174850666
-4.25565173548659,0.0130746591293899,0.0186182810690592,0.019355351288775,0.0156476207652892,-0.0118141469596161,2.84912453502184e-05,-0.0186703591727909,0.0170731791483656,-0.0025442237734302,0.0644259071443757,0.142738305311952,"E02000110","Brent 018",522687.006854483,185289.05313072
-4.69315422948642,0.00207114103432251,0.00548826943890691,0.00803001974102549,0.00676464237952178,-0.00277825535888613,0.0316717352160485,-0.0168868961927773,-0.0972409500441536,0.0113273575950955,0.204895525435236,0.108635671554857,"E02000111","Brent 019",517632.47076264,184997.961329887
-4.75890765495798,0.00333887295549263,0.0102661985037727,0.0168697723296592,0.0135924898261201,-0.00829271906922268,0.0342179425769821,-0.0115056806196784,-0.0391448840399036,0.0167579790405281,0.155955976061944,0.125837756772264,"E02000112","Brent 020",518994.783283087,184864.566355042
-5.38908491787243,0.00877444476713651,0.0191837762636105,0.0382708033515121,0.0200206527736351,-0.0151167192217636,0.0346106642025215,-0.00633188981388431,-0.000656355428293025,0.0203668353768022,0.133848852679036,0.124677838719707,"E02000113","Brent 021",520618.728818805,184950.515017323
-4.22209607660422,0.0107457592039426,0.0178594492750597,0.0262689934564801,0.0172560218157531,-0.00235124154795703,-0.00489259115192358,-0.0208235670003062,0.0149183882819767,-0.00792732268165159,0.0456604501202625,0.183011360594199,"E02000114","Brent 022",522920.639062718,184587.818244211
-4.1640190552246,0.0152271946815671,0.0199751981949177,0.00570012485157656,0.0160230056281815,0.00484228420510376,-0.0193239666314827,-0.0295647794217345,0.0164817700526407,-0.0198332605503402,0.0613330798478279,0.137896102459161,"E02000115","Brent 023",524052.767468708,184647.450664938
-4.47135382278322,0.00679964694377195,0.0190978119673556,0.040310687495534,0.0193979768146027,-0.0043887463394182,0.00824545372935671,-0.0148213146038302,0.0098286827056879,-0.00013510211950021,0.04722389223405,0.201853754800242,"E02000116","Brent 024",522309.349734133,184322.697421327
-5.13566013760412,0.00621418846502242,0.0212759154501023,0.0451260655811252,0.0209154827788344,-0.0111681595314776,0.0301933765432486,-0.00869293335170933,0.00327367823282614,0.0144930485648769,0.0969039650995157,0.175953945768343,"E02000117","Brent 025",521454.530524124,184324.837592462
-4.2320898937629,-0.000840166518667135,0.00870378238038964,0.0068791710142533,0.0112895715532955,-0.00450032221841777,0.0323530028333794,-0.0163830604806751,-0.0920591259714442,0.0173083519065213,0.140341130630848,0.124532786776245,"E02000118","Brent 026",518748.782252756,184135.131003194
-4.16003980206243,-0.000853191297990973,0.0145651600867265,0.0236774254875528,0.0173553293490798,-0.00223183108193662,0.0357646651640984,-0.0155805578904175,-0.0617851958555476,0.0153689929784267,0.0657513332632388,0.230182539844776,"E02000119","Brent 027",520089.551705827,183435.587430891
-4.40729172735208,0.0140825252269488,0.0344965433478352,0.0045486678763114,0.02175660927989,0.0153825512550458,-0.0302535920524664,-0.028972891997904,0.014204122637301,-0.034654569026164,0.0465069914945631,0.113718374511715,"E02000120","Brent 028",524908.352109521,183897.508377329
-4.08142909141552,-0.00132046304094797,0.00730990359639104,-0.000266333531844583,0.00600049810643308,-0.00179083959245507,0.0285698903793578,-0.0228979452133717,-0.143967108544678,0.0152057124416568,0.164529848854097,0.10914383562085,"E02000121","Brent 029",517975.64033487,183751.433298277
-4.15765498551622,0.0101496252676473,0.0200287024017482,0.0258322040815837,0.0201889492212908,0.0101893401896972,-0.0182131424020234,-0.0252107956592138,0.0140628522629503,-0.0184764737591515,0.0229015367675659,0.20614254615871,"E02000122","Brent 030",523507.47113827,183925.688125202
-4.43839570786692,0.000620550792920276,0.0185208894558506,0.0531482171912922,0.0220347583625358,0.00298119290595755,0.0225775134332202,-0.0128512857040885,-0.00322755000980119,0.00396336993811398,0.0202137985651109,0.277386133282373,"E02000123","Brent 031",521766.609938587,183392.01928723
-4.3293830262511,0.0109118685086801,0.0355032311178538,0.0177433281602012,0.0248377309955711,0.0202333868315321,-0.0348614663015092,-0.0285793585295893,0.0131684323292916,-0.0309452413361201,0.0101527797013606,0.201619036292985,"E02000124","Brent 032",524171.15687388,183322.068074613
-4.06631744238372,0.00186302410049348,0.0188602338777934,0.051070610814035,0.0252141125141785,0.0169988783216353,-0.0111137613564417,-0.0188462194546035,0.00995244691740396,-0.0147357577322474,-0.0272596454273208,0.275958861699217,"E02000125","Brent 033",522933.3498757,183203.038330227
-4.15091538892869,0.0144823316260951,0.043577959123271,0.00590095065255667,0.0262683400348349,0.021880415405326,-0.045155958995852,-0.0275415347332215,0.0143841771743694,-0.046406603527752,-0.0136303505826027,0.137254600957355,"E02000126","Brent 034",525170.550679935,183118.72709664
-8.18820499803512,0.0206390552764698,0.0612315171315696,-0.0490974977728693,-0.00896229004983706,0.012269925734968,-0.0187341357786458,-0.0476872492200935,-0.0543331396698103,-0.0483783641043347,0.499434175921637,1e-06,"E02000127","Bromley 001",541918.989077798,172435.219911611
-8.07995962064986,0.0101365153050161,0.0653009488437477,-0.0703225863801058,-0.0141587043713967,0.0270660122883018,-0.00777529566105962,-0.0371334466642169,-0.0392239460246494,-0.0226120013557037,0.47156927695432,0.134549796542039,"E02000128","Bromley 002",544232.737616002,171416.312334204
-8.84403772475592,0.0375498588251175,0.0255968334819341,0.050360925590767,-0.00131790642543519,-0.00569952700999613,-0.0055248845574638,-0.0412012868365413,-0.116874680364037,-0.0107869295343042,0.533842580519021,1e-06,"E02000130","Bromley 004",535926.811348401,170683.341987428
-9.61344045338976,0.0381316979221419,0.0192174111068521,0.0772835348833482,-0.000644570465402459,-0.00696596987978842,-0.010381017999669,-0.0159858138197497,-0.13472888072356,-0.00706311819889728,0.606180247208931,1e-06,"E02000131","Bromley 005",534344.413104092,170694.371414725
-7.46744280251684,0.0381781567074551,0.0394697494826084,-0.0165537396910475,-0.00424802976010589,-0.00287759590489172,-0.00155528014952529,-0.0669601005202571,-0.115242336987449,-0.0133244120869983,0.406493991716598,1e-06,"E02000132","Bromley 006",537163.94716518,170312.171461568
-7.27072135331174,0.0128584827411432,0.0666800055710578,-0.0262122443631991,-0.0192578837487702,0.0257781364132276,-0.00372223950433845,-0.0457432949893847,-0.0430545668137601,-0.03226956981052,0.380070114463281,0.043985605493896,"E02000133","Bromley 007",543264.027192414,169902.107927647
-7.23339591460036,0.0266512937181322,0.0825619946161306,-0.0321510914113896,-0.0192968654231505,0.00915349189960539,0.000687076683517804,-0.0769134066598224,-0.0933348749892526,-0.0514783889568951,0.395320176303333,1e-06,"E02000134","Bromley 008",540465.844483532,170057.677257873
-9.26903239240724,0.0396645920856014,0.0237732230143153,0.0489803473492973,0.0013182469320752,-0.00595915007691841,0.000717213971241652,-0.0165498910361948,-0.143254337382892,0.00615625182127913,0.552894805194687,1e-06,"E02000135","Bromley 009",534848.22543327,169849.738923939
-7.65818344614699,0.00307968776255275,0.050542607175846,-0.019469014085632,-0.01585395601621,0.0341831343201569,-0.00213809742482176,-0.0398568245503708,-0.0327451199019936,-0.018628798957604,0.420390209735257,0.0311205908605717,"E02000136","Bromley 010",545447.082248634,169710.332076654
-6.86384779160509,0.0310266130074456,0.0624799444030709,-0.0540543674926557,-0.00911625313462161,0.00250993354959474,0.00520232581325281,-0.0694317921611419,-0.122283600649091,-0.021281329956224,0.350830580906452,1e-06,"E02000137","Bromley 011",539003.787116077,169491.183068226
-6.6142516304888,0.0364987196749709,0.0440633053879584,-0.067770590666051,-0.00268652811249279,-0.000304403377159502,0.00528708412865616,-0.0559007559315992,-0.115330068353015,0.000379241184941512,0.31034519146286,1e-06,"E02000138","Bromley 012",537937.340851143,169330.04039897
-7.86376710807307,0.039101917681837,0.0296844909613195,-0.00621038169164353,0.00128760172165745,-0.00431170253732658,0.00347475058809383,-0.0339675968768947,-0.125842893239514,0.00882960603454962,0.417957997695801,1e-06,"E02000139","Bromley 013",536196.567583227,169577.255391502
-7.77560713345466,0.00609246519979579,0.0496476366845524,-0.0355148987922881,-0.0105210418121405,0.0357505960950184,0.0023711421412013,-0.0374938019849634,-0.025652306617897,-0.0125339312850965,0.408049982878236,0.058438133563134,"E02000140","Bromley 014",546774.387125603,169414.493202171
-8.7782135134436,0.039633065321214,0.0267958633280689,0.0045387436776197,0.00273684069972742,-0.00463878636571695,0.00696685418255534,-0.0161843197096708,-0.140932826988122,0.0164419446143129,0.501276523982,1e-06,"E02000141","Bromley 015",535175.966836474,169137.335236064
-7.06978197741716,0.0190681508866208,0.071653772500458,-0.00597805483160804,-0.0162320287107619,0.0179420159350593,0.00540036154927237,-0.0524821490148798,-0.0660534247049294,-0.0376838440145568,0.34428529298156,1e-06,"E02000142","Bromley 016",541532.770523792,169279.561120143
-6.95769027936484,0.0211334746599639,0.0605490201583302,-0.0152947377975671,-0.00652394537002548,0.011287048114351,0.0137761380878583,-0.0440478785829912,-0.096845546133496,-0.0172068623193343,0.319319630814356,1e-06,"E02000144","Bromley 018",540226.429242414,168605.662847477
-7.85728783955648,0.00745280475470418,0.0455446465203151,-0.0271686669932111,-0.00681789413147023,0.0374369087909496,0.00718495321883681,-0.0341429329344104,-0.0136261430751812,-0.00803840600082302,0.394622012209885,0.0681571727948051,"E02000145","Bromley 019",548661.522090254,168148.108840929
-7.38390052643557,0.0120934444673231,0.0524008213642763,0.0195675061409634,-0.00625583625010335,0.0200769657667912,0.0154484650401402,-0.0273929395070093,-0.0598425770524023,-0.0128651881368888,0.346441430715833,1e-06,"E02000146","Bromley 020",541542.121967582,168082.054598415
-7.32513522761204,0.0230039531568703,0.0413481574760763,-0.016654129072198,0.00136918710741395,0.00499762841367979,0.0190280163996064,-0.0251654416945151,-0.10601034431379,0.00786463744898215,0.35311055536811,0.0035940989211262,"E02000147","Bromley 021",539016.619959825,168012.882374129
-7.56060245303658,0.00428663598297564,0.049033189620819,0.0311804881200171,-0.0108139751561062,0.0306358159947307,0.00925963768608288,-0.0227345302665976,-0.0208778617648452,-0.0147770293397736,0.368080229690261,1e-06,"E02000148","Bromley 022",543508.823547856,167951.221120927
-7.79658998748499,-0.00295797525101184,0.0369646389301309,0.0241900901645162,-0.0125585443638473,0.0380839502162783,0.00360189625190241,-0.0298661940164918,-0.0155781975008122,-0.0117498458348027,0.417861301186678,1e-06,"E02000149","Bromley 023",546404.74588831,167821.744900437
-8.02298194138495,0.0271957082449496,0.0329030417193363,-0.0327812158327478,0.00510573393521229,-0.000899601281859592,0.0211590055387593,-0.00938666638130639,-0.117204610567084,0.0198623476907765,0.430941057767647,1e-06,"E02000150","Bromley 024",537255.340938619,167439.919440205
-7.80444881947607,-0.00126746016432222,0.0384613513532912,0.0395063551554866,-0.0096169288018295,0.0351067452493804,0.00905326358903437,-0.0168779203610983,-0.00592191190791563,-0.0078891392280493,0.395456136587423,1e-06,"E02000151","Bromley 025",544765.210397764,167289.086084388
-8.03313618466799,0.00283313300061632,0.0400697442056402,0.0425737094297262,-0.00115963625412249,0.0266589529124324,0.0201094405516922,-0.00817345124914496,-0.0333705097034887,0.00245798213373527,0.394984001960909,1e-06,"E02000152","Bromley 026",542627.353063506,166983.045726353
-8.02485964326216,0.0114672337324113,0.0387353839863924,0.0227861847790789,0.0045695341946636,0.0126445287613418,0.0282122801785232,-0.007265985215926,-0.0842051070738646,0.0122644347572304,0.399061859888191,0.0172918028043476,"E02000153","Bromley 027",540116.385673224,166903.513685984
-8.02694580041809,-0.00585984376186388,0.0303959755821173,0.0479419303995989,-0.00801152257145491,0.0385468834366749,0.00986648368268538,-0.0128128487469307,0.00653344304913273,-0.00221583600194163,0.417711900685714,1e-06,"E02000154","Bromley 028",545894.10502675,166567.519493291
-8.02342406570206,-0.00663364362464274,0.0287095473371021,0.0442665384578335,-0.00919651171202379,0.0402980215670676,0.00754744453742038,-0.0201122229341026,0.00326188328711069,-0.00445272596770891,0.427286101267793,1e-06,"E02000155","Bromley 029",547212.34478439,166495.729313257
-8.63621684462047,0.0153669521460631,0.0331643758571232,0.00624840187805588,0.00772141891611495,0.00319167508312803,0.0325620273086031,0.00320671279136551,-0.10504441115821,0.0191672392153318,0.479735095683732,0.00496653323377711,"E02000156","Bromley 030",538386.12283154,166045.264281134
-8.42102356601271,-0.00603218602496182,0.0294417431441838,0.0611309664078533,-0.00043248567574477,0.035386202324486,0.0196937711992391,0.00170841616222235,0.00491241629720755,0.010156494329125,0.428663011058509,1e-06,"E02000157","Bromley 031",544507.788359662,165828.918641204
-8.30232698165745,-0.0104089489901641,0.0221054812843281,0.0598725622532194,-0.00562703880882008,0.0416816081016303,0.0114778517459798,-0.00770808912511857,0.02115867632838,0.00424530596498731,0.44231640270735,1e-06,"E02000158","Bromley 032",547275.2348129,165451.044470382
-9.20592065042755,-0.00220655702606867,0.0285266333487974,0.0603803662721763,0.00912927007225633,0.0234969019350636,0.0358724311237073,0.011171549056379,-0.0420113706433327,0.0232605318681886,0.499517255486905,0.0262746932060207,"E02000159","Bromley 033",542235.459977762,164792.987257028
-9.13998597318304,0.00464271799246582,0.031506131629516,0.0422895710955358,0.0095300339884957,0.012205432170274,0.0383822181350526,0.0097153066165183,-0.0791445243789749,0.0206340628676792,0.511416939705029,0.0247908538134707,"E02000160","Bromley 034",540101.025998087,164867.294219821
-8.66949858035496,-0.0103351243346377,0.0225356267095585,0.0704206587412128,0.000467654092402412,0.0391726316597847,0.020054704243622,0.00598598190778959,0.0224035012939531,0.0152107168387243,0.452983825343192,1e-06,"E02000161","Bromley 035",545833.383985006,164818.709500996
-9.80081704819948,-0.010773731412663,0.0183304267516586,0.080144650714946,0.0118256882941352,0.0314048280385041,0.0375140548643205,0.019496616047143,-0.00841312854053599,0.0319535748444288,0.552699041169016,0.019296687917046,"E02000162","Bromley 036",544372.601604599,162660.211467549
-8.94797706988314,-0.0136425185492951,0.015789131449233,0.0822241826428022,0.00212871993018936,0.0413744333640787,0.0210984530188675,0.00920510577464287,0.0331882023110522,0.0199784790218722,0.480556898291488,1e-06,"E02000163","Bromley 037",547432.6355701,163305.261625689
-9.56757586211744,0.00184862435718432,0.0365980154424076,0.0376556756571813,0.0047725731092482,0.010101654939934,0.0416660823760402,0.0170967212243604,-0.0721154600667441,0.0176885758808147,0.580039873364241,0.0566050997266906,"E02000165","Bromley 039",540757.585685551,159154.235048642
-3.78758497651949,0.0120377013906094,0.0110573841872798,0.00609117039879453,0.0090582820492913,0.00515848500805575,-0.0198912577912896,-0.0149717403715205,0.01717801276521,-0.0463911767180766,0.0756933425111855,0.0203162369764011,"E02000166","Camden 001",527912.333197297,186727.602454997
-3.99834335707829,0.0140431587090433,0.00945646858220728,0.00346050403741808,0.0105504891302154,0.00547609906759557,-0.0259038134772854,-0.0287808178476145,0.00894622174481988,-0.0304118141911142,0.101707002330633,0.00463445690114401,"E02000167","Camden 002",526612.699861753,186335.357626523
-4.04957659687018,0.0158280175732647,0.00522408984986556,0.00926138148280875,0.00891760373659507,0.00622348844694861,-0.0083701581947023,-0.00183780753723052,0.0157466665824802,-0.0570526216138071,0.08970096327782,0.00673879334600008,"E02000168","Camden 003",528884.687233155,185690.561419261
-4.24072251458532,0.014321877766934,0.0125050763957891,0.00132784987387731,0.012496633596987,0.00645451037519775,-0.024532955114324,-0.030316568922129,0.00951744624717096,-0.0281623343126368,0.114551773423483,0.01284547716989,"E02000169","Camden 004",525825.216795552,185771.173110195
-4.12678058159903,0.0161302693010082,0.016993338758509,-0.00333995119368752,0.0131756670763135,0.00335082859373147,-0.0213318305512474,-0.0316163594851522,0.0152006114767901,-0.0219388046001556,0.0897858976736036,0.067776782535321,"E02000170","Camden 005",524797.815730428,185450.685197707
-4.03086493713284,0.0167733321151767,0.00525480661722895,0.00599909117112042,0.0113589160781354,0.0062721269972589,-0.0167694556959674,-0.0230760423321114,0.0107765909706273,-0.0425485545176528,0.0943169420505508,0.00337033303532202,"E02000171","Camden 006",527754.083708761,185353.504755446
-3.88517807539385,0.0181702208682298,0.00390066561633959,0.00626872029547157,0.0106574578544712,0.00567489912181633,-0.0135127047649067,-0.0134353412069638,0.0133217852947471,-0.0490471533022035,0.0753510683189912,0.0050139091290614,"E02000172","Camden 007",528506.764222698,185068.585410893
-4.17216253088833,0.0166840787527483,0.00813799072195535,0.00321952374278663,0.0129279616765749,0.00749334254424003,-0.0213065015407032,-0.0293459873901439,0.00998806280207041,-0.0355630559387995,0.103866502217086,0.0075773806501379,"E02000173","Camden 008",526758.078136333,185085.763236247
-3.81834387180712,0.0197089543337082,0.00308998166726459,0.00595008982442545,0.00783330126498446,0.00536057911362264,-0.0101078075372379,0.00436833698567424,0.0173528593226904,-0.0552860763742268,0.0634739782021747,0.0104828005996384,"E02000174","Camden 009",529332.750403985,184941.023136964
-4.37938398745611,0.0145318084271144,0.0182217081356084,0.00245475431046227,0.0156876263138547,0.00946526129478179,-0.0222112248294892,-0.0295122428055627,0.012390868178434,-0.0315792921325163,0.100277938732705,0.0369360106813106,"E02000175","Camden 010",525575.756463864,184916.537477495
-4.06706882702666,0.0178654348667229,0.00731542729196894,0.00315983317776015,0.0128806921189917,0.00735591547696146,-0.0195428589814184,-0.0287088110593503,0.0103795509445474,-0.0383777436265053,0.0906996562440765,0.00889161820673127,"E02000176","Camden 011",527089.827303906,184765.355685388
-3.87938516838423,0.0192871226215649,0.00385335196486119,0.00351358571854005,0.0118065956518577,0.00582669739623137,-0.0166120714541637,-0.0215259735694448,0.0119339565980649,-0.0428822750389407,0.0755340706804877,0.00562240685588325,"E02000177","Camden 012",528137.359230555,184603.192893106
-4.40576091589446,0.0146882968698488,0.0252245054290108,0.00133811432821103,0.0172350164280759,0.00958642892493203,-0.0223045828200131,-0.0300112900327469,0.0147886479462688,-0.0279827206438851,0.0830548694769653,0.0802778769197634,"E02000178","Camden 013",524926.29171923,184635.257842977
-3.9912842213207,0.0189273147705478,0.00603705754566677,0.00290308437987827,0.0128744256522406,0.00706910616081295,-0.0183275601318088,-0.0280261640399803,0.0107259920179374,-0.0400565947998797,0.0825054301297747,0.00891584509390192,"E02000179","Camden 014",527373.405691406,184462.040065832
-3.68193429515153,0.0228412702552545,0.00102927940788571,0.00320642774406557,0.00634874792909561,0.00462131471358256,-0.0122381704166259,0.0116483962841987,0.0194950187607342,-0.0545795231247378,0.0491859472238241,0.0133579333512058,"E02000180","Camden 015",529675.735514111,184479.328799922
-4.24667983445856,0.0159010975236638,0.0201996605074874,0.00339663335601488,0.017895729119351,0.0116373365798909,-0.0236800742683211,-0.0287049094136333,0.0129484136126774,-0.0395962959361353,0.0694540741357944,0.0466925801891342,"E02000181","Camden 016",525803.935804998,184326.47569693
-4.00110480897973,0.0192623625501745,0.0100384781963237,0.00243232288750988,0.0150647307990408,0.00881706651800331,-0.0195445437994591,-0.0288861122731952,0.0115810329678959,-0.0438936848429195,0.0671498692713419,0.0219469553082023,"E02000182","Camden 017",526923.598555143,184047.22579294
-3.84141891558852,0.0213730457214696,0.003479161222561,0.00127432527442766,0.0120308238364712,0.00569588194502164,-0.0175989670031535,-0.0230434090935896,0.0119332510926867,-0.0411900085671763,0.0687023409229253,0.00986097116409981,"E02000183","Camden 018",528206.199673593,183999.288314887
-3.60453322817698,0.0248504899056189,4.7873240270945e-05,0.00134900964454827,0.00799170837664003,0.00383841483358248,-0.0156203103823852,-0.00103069333074398,0.0166148803679638,-0.0505026265400504,0.0435906742048741,0.0139440775710226,"E02000184","Camden 019",529355.931515167,183919.406282626
-4.08563339194271,0.0167614139987622,0.0260398178305532,0.0034190842613264,0.0207636024770253,0.0144447319737002,-0.0288878779336988,-0.0279326306147212,0.0139316408100389,-0.0457981883533496,0.0289867029758956,0.0725205846791392,"E02000185","Camden 020",525770.011432866,183785.310718481
-3.5941108724742,0.026628640955496,0.00108191952343667,-0.000107807080365809,0.0106141692338518,0.00504250884059058,-0.0176420084638391,-0.0182377428031578,0.0138317072715141,-0.0398300564170161,0.0339242913050952,0.0190348146957295,"E02000186","Camden 021",528792.591932123,183203.540572738
-3.42104668632642,0.0289190938753551,-0.000688489391193418,0.000278490213526021,0.00588564154413102,0.00292160032834714,-0.0153965621366487,0.0105521100461609,0.0185098208571018,-0.0500704593111344,0.0150304776073537,0.0229151146713,"E02000187","Camden 022",529889.881137334,183330.725849517
-3.3494014637602,0.0306085821629862,-0.000600373433017851,0.000432476882166232,0.00984263758517996,0.00467400053363648,-0.0167072006787599,-0.0150021655233248,0.0161198251524245,-0.0382343605928921,-0.00228443483758656,0.0249464584020223,"E02000188","Camden 023",529192.258098834,182753.274022548
-2.91295102503591,0.0371201949992868,-0.000511029452657548,0.00400103572637974,0.0105101092096128,0.00493581401421575,-0.0115678137257298,-0.0205566263812518,0.0200688971673587,-0.0345681424084989,-0.0801676088610676,0.0404252860237446,"E02000191","Camden 026",529550.210569088,182038.350235421
-2.72736630221696,0.0400779518755224,0.00166660279201562,0.00502435071127625,0.00350855597026111,0.000132658975920051,-0.00462147767822903,0.0132136066495179,0.0240936401037364,-0.0398121342151303,-0.11295293667833,0.064327703475046,"E02000192","Camden 027",531012.330625154,181974.845833191
-2.59086008156175,0.0415462337003132,0.00149989703007258,0.00956748121810745,0.00847641905690549,0.00237187201162683,-0.00105401991197711,-0.0130292854199037,0.0237374375927201,-0.0376172639449292,-0.143117929958216,0.0612894204563035,"E02000193","Camden 028",530366.851557278,181625.606314881
-9.78610448943975,0.0398288784878353,0.0170993648161976,0.0754582700927315,0.000942715706210732,-0.00514637061188093,-0.00589490345234829,-0.00342690806426653,-0.145938797318686,-0.000685448438977624,0.60608810611244,1e-06,"E02000194","Croydon 001",533140.742479936,170249.5036657
-10.1061366866723,0.0398199816775463,0.0142619715760007,0.0660212849030959,0.00129071467048149,-0.00209504106415786,-0.00591260210279141,0.00238874587482612,-0.14397198066878,-0.00185021820077261,0.639628641964777,1e-06,"E02000195","Croydon 002",531870.270536183,170263.303604801
-10.8404942777239,0.0410595922704726,0.0158699481678597,0.0361272230498643,0.0026145325204323,0.00135241690452292,-0.000906207592006148,0.00792974969318326,-0.150719155111807,0.0025817519480067,0.71046199845804,1e-06,"E02000196","Croydon 003",531168.21901145,169566.30388784
-11.1291803445934,0.0404685390036547,0.016872905136429,0.00622832210204127,0.00365398020011569,0.00439479397292585,0.00117662459567249,0.0113405420205149,-0.15065032799972,0.00457248267675969,0.743635944216148,1e-06,"E02000197","Croydon 004",530505.482521278,169151.917782399
-10.335776169324,0.0409888865135521,0.0203101201825691,0.0338741925490899,0.00340269454865941,-0.00173547639138822,0.00759187311167802,0.00294028482689015,-0.153672254704487,0.0112918665053112,0.648743058167308,1e-06,"E02000198","Croydon 005",532346.023236662,169161.52779368
-10.2750875246341,0.0406074828290116,0.022856985564549,0.0188460846212775,0.00412420374938692,-0.00214000233642101,0.012528146734936,0.00060704566671466,-0.153958820774601,0.0162801632348768,0.641836274776242,1e-06,"E02000199","Croydon 006",532878.712401842,168850.700157046
-9.9689819959431,0.0402415527043995,0.0241329227601105,0.0178036222835338,0.00372205516912896,-0.00340367723028002,0.0112976766269645,-0.00359485705463968,-0.152766699343023,0.0177195096235941,0.614274219276175,1e-06,"E02000200","Croydon 007",533689.829085359,168871.663330375
-9.57104592801588,0.0390350724897214,0.0264620150354799,-0.00832201093304828,0.00397881217528373,-0.00367750436879902,0.0129214731279832,-0.00559566732575041,-0.147381426957838,0.0214696173550093,0.581749561990008,1e-06,"E02000201","Croydon 008",534378.817954607,168516.031145851
-10.6975206489436,0.0395252764931669,0.023100087957093,-0.0187803673300297,0.00564264093788088,0.00169273037991978,0.016774984286712,0.00713519122570792,-0.150744536692886,0.0176155633648844,0.689530459499998,1e-06,"E02000202","Croydon 009",531523.277190055,168372.515084619
-10.4664715223111,0.0392478564565764,0.0252395312784431,-0.0232214551001506,0.00585684754874722,-0.000430483265269591,0.0205098696180801,0.00281640466937421,-0.15001874231436,0.0212301915907067,0.666748266654085,1e-06,"E02000203","Croydon 010",532432.170902174,168140.914274213
-10.5162811464589,0.0384251269905467,0.0243030296696329,-0.0450777558277667,0.00675744857078302,0.00352057938301394,0.0206206451016061,0.00894699446323073,-0.147719737642531,0.0187489189172269,0.672752417422218,1e-06,"E02000204","Croydon 011",530963.459350888,167850.97922738
-10.2745951765959,0.0380923633902885,0.0279807376231988,-0.0534431707970739,0.00631206069901946,-0.00144225123988317,0.0244092736610541,0.00102746964183347,-0.145270236676404,0.0249525187520059,0.658043522866435,1e-06,"E02000206","Croydon 013",533048.711322964,167487.777375489
-9.76095641815697,0.0345933960807211,0.0297166479488191,-0.0547242479156987,0.00534742453096652,-0.00287918260775434,0.0214966400661209,0.000630814642548142,-0.138816170309965,0.0257815670352331,0.61754428906165,1e-06,"E02000207","Croydon 014",534618.71049712,167263.809317907
-10.2246417091422,0.0381191879210716,0.0276385187816502,-0.0668277235853577,0.00748591021231386,0.000702400368003713,0.0279124436004286,0.0039718551462436,-0.143264103012443,0.0234937552489868,0.647547052973048,1e-06,"E02000208","Croydon 015",531847.923954201,167193.589983128
-9.87750480805422,0.0375666407067056,0.0264729051460163,-0.0737359141992251,0.00806351215512466,0.0041281426003819,0.026557949767612,0.00830933403662401,-0.142365015745693,0.0188170570875129,0.606942834448366,1e-06,"E02000209","Croydon 016",530574.536008038,167010.519528343
-10.0038832531334,0.0355383741214285,0.0302492932861993,-0.0716771250767845,0.0060204024009535,-0.00248301625093063,0.0256595363736464,0.0017468536888505,-0.139276977928783,0.0262759655443291,0.642929539287702,1e-06,"E02000210","Croydon 017",533838.220073479,166841.74105808
-9.15933752114736,0.027286901146027,0.0311446886177647,-0.0392752901369159,0.00606469270273293,-0.00239124856970966,0.0251055949273201,0.0020109326767415,-0.12643743346495,0.0234282315985984,0.555637522808378,1e-06,"E02000211","Croydon 018",536015.450128301,166715.638046307
-9.17135656755137,0.0379953916468936,0.0291021362617452,-0.0930198386956164,0.00818175221954955,0.00173830393095155,0.0315653802829718,0.00462123788505347,-0.135376542392331,0.0202169654012291,0.536577479451819,1e-06,"E02000212","Croydon 019",531118.875040996,166259.635464498
-9.58408445885417,0.0378307412767713,0.0299502695659669,-0.0905766163472742,0.00716718904654886,-0.000554481515888173,0.0297761343361093,0.00243235548593111,-0.136170101387464,0.0240889095793427,0.5892423020398,1e-06,"E02000213","Croydon 020",532340.985138879,166430.206835598
-9.76743363979948,0.0304353122204329,0.0316371764366113,-0.0654216175508194,0.00582163111876824,-0.0029516557552296,0.0270975969711375,0.00400890213532448,-0.132604217071213,0.0252677106708638,0.626204709415882,1e-06,"E02000214","Croydon 021",534698.859182387,166276.033588355
-9.61297701085063,0.0348718759601234,0.0314322599272318,-0.0848869020536855,0.00625954967424776,-0.00226121877644577,0.0289445888937325,0.00264044167310409,-0.133541151418946,0.0250825714279771,0.602676787952982,1e-06,"E02000215","Croydon 022",533465.66566391,166151.878706527
-9.11066004817772,0.0307470449093471,0.0333245064644086,-0.0775115588009967,0.0055592094248925,-0.00293599226623262,0.0310303827874075,0.00487278383430473,-0.1259961609336,0.0225240145446288,0.554363266005207,1e-06,"E02000216","Croydon 023",533911.777202111,165134.352346029
-8.51697884784925,0.0379865044766247,0.0315485686453209,-0.107822947253071,0.00735123635676774,0.000349272145690363,0.0331382037660399,0.00309215514742701,-0.128357404790014,0.0200280137368205,0.47314022704584,1e-06,"E02000217","Croydon 024",531600.556377106,165407.563145727
-9.11289518975898,0.0179300075611007,0.032878868035394,-0.0140677996906125,0.00760814285829832,-0.000507573881563315,0.0337557573151791,0.0076309110407649,-0.114513609742534,0.0202103695956003,0.544243064908755,1e-06,"E02000218","Croydon 025",537189.044567496,165416.653043647
-9.21111809408589,0.0208750868691842,0.0340187539264942,-0.0365559634947044,0.00619139540216471,-0.00242346632554519,0.033634994781279,0.00887627062491184,-0.119153041579838,0.0201976124283308,0.566026564589909,1e-06,"E02000219","Croydon 026",536050.610125083,164718.158433601
-7.70999859738595,0.0343907709827623,0.0341828587837769,-0.0970178536011409,0.00633121436483816,0.00161008134123311,0.0335877669079466,0.00396353244122713,-0.119045752788718,0.0178463889363755,0.383022574361727,1e-06,"E02000221","Croydon 028",531517.935437902,163893.919191442
-8.36196550569876,0.0304479137848121,0.0355619770144399,-0.0800973229048345,0.00487660501028018,-0.00257054496874026,0.0339928642570521,0.00600398330150533,-0.119244061830697,0.0189501109570286,0.469160833750294,1e-06,"E02000222","Croydon 029",533355.295708787,163849.148371447
-9.0926834163452,0.0115885594841276,0.0355627017950228,0.0086806969821246,0.00699230476917843,0.00150718452605794,0.0398045006466885,0.0112802563508707,-0.101399426826131,0.0160343648206081,0.536053462059139,0.0222002836391758,"E02000223","Croydon 030",537939.421064638,163527.223489044
-7.67916982622328,0.030485056093694,0.0367946219493922,-0.0790701977039335,0.00489438322464398,-0.00012988120347145,0.0348746620413751,0.00552652312481596,-0.113941281369937,0.0167053562048718,0.383910036428076,0.00244237086875639,"E02000224","Croydon 031",532458.178608089,162826.190788991
-9.15411959510717,0.00916184024314783,0.0360473839806321,0.0175977901422816,0.00675204358455227,0.003094579941805,0.0409129861731208,0.0125763109202765,-0.0954130092601745,0.0156762482629475,0.539642033032896,0.0303969890011127,"E02000225","Croydon 032",538445.091675183,162846.60797779
-8.48389059963295,0.0242614659904967,0.0374065061783478,-0.0543587063173714,0.00362539517010126,-0.0035581917547991,0.0347167408284604,0.00818256530102805,-0.114517202230625,0.0165398564683716,0.490068616744317,0.00942318575823841,"E02000226","Croydon 033",534727.591050093,163051.069167167
-8.81717013428593,0.0153034302411168,0.0384620061912807,-0.012752751446328,0.00431330505291715,-0.00170313173929572,0.0394213907965369,0.0110025146138438,-0.104564057692974,0.0134825319442499,0.519407643478447,0.0282401858305755,"E02000227","Croydon 034",536837.061832219,162597.373709997
-7.73854532703133,0.0265684517313085,0.0399603023199366,-0.0637814815699893,0.00287448485679314,-0.00202314950748942,0.0362626976080049,0.00635671975806518,-0.108817092953109,0.0138693320463295,0.39880892964971,0.0199091606962586,"E02000228","Croydon 035",533510.378747411,161892.397610009
-9.2176402685375,0.00761336102572732,0.0370168226226987,0.0197302844828518,0.00552549180052419,0.00425200935266334,0.0406978116186935,0.0134680109244171,-0.0902318006772283,0.0155625854606108,0.549162131194672,0.0392115070260175,"E02000229","Croydon 036",538929.437146393,161702.819873756
-7.19572609683388,0.0298886555134888,0.0387129928099595,-0.0792045989443448,0.00468288755360793,0.00270420717323507,0.0350096310320938,0.00438077077626509,-0.108711450644956,0.015080543586113,0.321842953851775,0.012139453997143,"E02000230","Croydon 037",531591.320735826,161726.903704931
-6.85079804597951,0.0307327773911381,0.039075177891493,-0.0900927487509903,0.00516540813876538,0.00690720365987005,0.0321169416627239,0.00342581616802557,-0.108627394397556,0.0156257616926151,0.275357855152611,0.0102894071332876,"E02000231","Croydon 038",530011.574440998,161127.994725534
-8.01467666205118,0.0210770825803161,0.0426033201375329,-0.0415461560943583,0.000902839789710647,-0.0031257261998842,0.0370810213611871,0.00859323984788125,-0.103301847553381,0.0111377602680067,0.43782133993651,0.0375680420644546,"E02000232","Croydon 039",535028.01263946,160753.17025982
-7.04183404556944,0.0269924136987364,0.0429248570106436,-0.0686561405290055,0.00277117387912414,0.00271498754163296,0.036074327803947,0.00409369798535772,-0.101602989259147,0.0125836096108632,0.304861288789383,0.0312749032118127,"E02000233","Croydon 040",531908.649259954,160009.895639722
-6.78120498501114,0.0284393562746739,0.0432888870082539,-0.0821416611622623,0.00339952289250821,0.00588490317524243,0.0341913465885551,0.00244102675759233,-0.101547729008099,0.0136120945558583,0.268624846829196,0.0277696693770413,"E02000234","Croydon 041",530622.468396046,159645.365752633
-7.24403936301361,0.0245802726931474,0.0447457626802466,-0.0579519348943054,0.00126702339070031,0.00066228363815079,0.0369168115151428,0.00546561594855188,-0.0992338016270229,0.0109526505594903,0.335003674397475,0.0410023273603241,"E02000235","Croydon 042",532901.537772026,159360.195721779
-6.605758821915,0.0274528014823428,0.0457500987909291,-0.0908151883853043,0.00316834162314416,0.00983941114074286,0.0312086165566645,0.00235587209532269,-0.0985022583541135,0.0148003290410575,0.242406564777036,0.0317164700184268,"E02000236","Croydon 043",529297.850650842,158416.443019497
-6.82851204120997,0.0256351029286462,0.0484133203670026,-0.0742505412528445,0.000841511362837648,0.00476876656094651,0.0351429326698541,0.00256255134371018,-0.0946463588186264,0.011346497953049,0.277908009454661,0.0472314892882263,"E02000237","Croydon 044",531288.499089923,157493.753687814
-5.77220998825574,0.020433420120129,0.00887301858083249,0.0077474651320545,-0.00397500932761089,-7.6176838901432e-05,0.0356746791593309,-0.0332516779367711,-0.128183516066701,-0.00350213380762451,0.314974239018775,0.0481983115853748,"E02000238","Ealing 001",514638.551559879,185127.9524247
-5.27874034391213,0.0109932293870047,0.00757469027120643,0.00407356204189378,-0.00107762581134853,-0.00187639687472186,0.032536255451208,-0.0299745207717094,-0.142469406438329,0.00484011485798247,0.286977342500548,0.0768034226120003,"E02000239","Ealing 002",516115.349185639,184605.832694592
-5.628105137288,0.0288610808407943,0.00867462311205552,-0.00438593520439305,-0.0046236946086135,-0.000721596261466075,0.0334792205986676,-0.0385986170413914,-0.0807562154214439,-0.00699287091645475,0.300281719339734,1e-06,"E02000240","Ealing 003",512811.623175246,184719.562293428
-5.63084550990103,0.0261986223136532,0.00856840835725636,-0.00516312711290141,-0.00487555428243626,-0.00117552443913263,0.0334378693180067,-0.0387428504374089,-0.101320217584559,-0.00351679498154772,0.311786271060404,0.00742959614936543,"E02000241","Ealing 004",513513.812973368,184311.72060069
-4.52594683145757,0.00336703672056293,0.00784647459934823,-0.00289137268795453,0.00130940765850106,-0.00234523543649979,0.0272857733460551,-0.0296162639683648,-0.165094598826924,0.0121800383466734,0.22928822540546,0.0854582591330269,"E02000242","Ealing 005",517115.095595717,183641.481233436
-5.16938831178324,0.0178267829419164,0.00811827141420513,-0.0101979753960383,-0.0047143097303965,-0.0025740949566675,0.0285043079334843,-0.0393185811198454,-0.15530149741159,0.00467594443186289,0.298962618536205,0.0286905732297083,"E02000243","Ealing 006",514849.73673278,183450.785415881
-4.71921932460973,0.00665532166221991,0.00831118620520778,-0.00731252952504294,-0.00179756127027123,-0.00293560477936684,0.0244348647007621,-0.0350262548946554,-0.184103446141189,0.0116486874408782,0.266300306232728,0.0605075170037723,"E02000244","Ealing 007",516404.149609188,183154.453253798
-5.54164695458338,0.0278024120175191,0.00803594119371535,-0.0123787891286935,-0.00494647500498652,-0.00114509368552113,0.0307360122955558,-0.0416492819407863,-0.0749777222542153,-0.00365478940818212,0.310522709656635,0.0129642149949047,"E02000245","Ealing 008",512126.013039204,183473.254282999
-5.36430823682069,0.0297226081550925,0.00753408778564257,-0.0143808465500675,-0.00506570314089579,-2.27366722628389e-05,0.0290487810283105,-0.0439493380462634,-0.0664241636142437,-0.00475204461333842,0.289171621157075,0.0249162382370194,"E02000246","Ealing 009",511049.522133961,183260.66606636
-5.37394774972893,0.023281751245762,0.00803642813854854,-0.0113659521953793,-0.00538689075162791,-0.00172896467551665,0.029376735974608,-0.0418260654517747,-0.10559128326422,0.000654422594508213,0.308003700170474,0.0283630028626461,"E02000247","Ealing 010",513269.846564138,183043.06430894
-3.49672194100318,-0.00585420203928476,0.0097941391438357,0.00273218964405156,0.00780245629690104,0.00211974537749384,0.0257233885094846,-0.0246295372084496,-0.188033294537824,0.016080030505955,0.094735013811028,0.17016136714426,"E02000248","Ealing 011",518590.808178972,182583.946117733
-4.92299023825283,0.0157663725130971,0.00816115384746891,-0.0133405662437553,-0.00571127227998877,-0.00328977080918319,0.0236875824658269,-0.0424304293756665,-0.15459647419586,0.00610478058632369,0.290580338587831,0.0473750433856643,"E02000249","Ealing 012",514313.833956786,182267.75141925
-4.20726461250291,-0.0022736172187236,0.0097233934595948,-0.00289841113552907,0.00126741114508388,-0.000789298767729702,0.020115001733433,-0.0323228684140088,-0.207858451127529,0.0156489318987837,0.211286504726291,0.114111019603052,"E02000250","Ealing 013",517446.753620888,182241.252431449
-5.00683627552821,0.0179236576518876,0.00805066201412867,-0.0140873991380427,-0.00609891309831229,-0.00282333518066034,0.0245266485740574,-0.0441240245857339,-0.128375942712871,0.00443345418972054,0.294743290292564,0.049164564145976,"E02000251","Ealing 014",513649.722327166,182086.061861565
-3.30322094436743,-0.00660357060597353,0.0142352987116226,0.0379878575846575,0.0157457195685571,0.0113721706107934,0.0271994181808511,-0.0219774974958756,-0.0650101937532922,0.00480122009745186,-0.0311105090365599,0.370628538648584,"E02000252","Ealing 015",520555.700931461,182146.921955834
-4.65472479306578,0.00759761173600764,0.00865130188834461,-0.0106027527058591,-0.00514602146482039,-0.00458545045358285,0.0175962549515405,-0.0401081438920699,-0.21163535828697,0.0108995714003167,0.284213041044769,0.0651831073340576,"E02000253","Ealing 016",515509.302823324,181806.46089592
-4.98691118097174,0.0194748837484168,0.00746674414980846,-0.0113555677005477,-0.00671184839262244,-0.00122088599241849,0.0233751234439362,-0.0480842615224433,-0.102339453238514,0.00325285419379174,0.287185691673228,0.0746041997141453,"E02000254","Ealing 017",512942.986342606,181531.086743613
-4.60149009552726,0.00262452461617533,0.00911400709978109,-0.00631426160399765,-0.00345289743377181,-0.00361472804980249,0.0160135252285261,-0.0377752039439335,-0.222933588092236,0.0136163287875925,0.277925463370754,0.0833247475256592,"E02000255","Ealing 018",516337.325850018,181673.705751545
-4.46287818161857,-0.00163522295585929,0.00978972676292546,0.00204213366277202,-0.00174683635395092,-0.000629659351120012,0.0148399373565287,-0.03627381314456,-0.225850534340859,0.0136216918594171,0.250623075870463,0.13508732238193,"E02000256","Ealing 019",517059.6305505,181146.550184541
-2.80245927663633,-0.0100001276246665,0.0121799082152163,0.0285866211452747,0.0121712310506202,0.0173666553870204,0.0230916708160442,-0.027970799335707,-0.12412409409691,0.0055046399650138,-0.0448299659240442,0.369399278927984,"E02000258","Ealing 021",519882.031972096,181179.14386797
-4.73506311520458,0.00936020851858842,0.0084445921587096,-0.00519395516067817,-0.0061996273200846,-0.0041037156336925,0.017000533571214,-0.0425574438377978,-0.193263229532166,0.00788093285986742,0.286206880709926,0.0911036029903503,"E02000259","Ealing 022",515086.678999912,181133.665134228
-4.9151571327256,0.0192711000547928,0.00676722395326334,-0.000926911889740738,-0.00782120761096519,0.000244890428699575,0.0209333322968641,-0.0536787773677737,-0.101521655387782,0.00210266997261153,0.274842598880721,0.122714359082018,"E02000260","Ealing 023",513080.123454655,180524.628985478
-3.01644405137755,-0.0101588846437975,0.00942004473651921,0.070176603397041,0.0255714517143583,0.0398032138812984,0.015086920338643,-0.0224083846367454,-0.0198135419759751,0.00556660222599098,-0.154705892622143,1e-06,"E02000261","Ealing 024",521268.499949501,180601.530654219
-3.20980050213393,-0.00788485078779859,0.00826164024463073,0.0441057142141381,0.020759253374129,0.0343151479282834,0.0261278518538775,-0.028182809917133,-0.08653081512954,0.0134892671959838,-0.0796923682441732,1e-06,"E02000262","Ealing 025",520206.216675974,180382.461744134
-4.89765229610019,0.0222237612351602,0.00589433243917095,0.00166742332308414,-0.00834770982810544,0.00158243487683629,0.0197486968361868,-0.0615179648796261,-0.0797860648497058,0.00206861705628383,0.265816670451972,0.134726269481797,"E02000263","Ealing 026",512057.274849681,180171.772095211
-2.99600869210212,-0.00874569388319264,0.0107597658464137,0.0222366694670254,0.00863320535106562,0.0179877461636502,0.0202718931725067,-0.0327543345124322,-0.190047166194032,0.00701864225090484,0.00458409457012776,0.333723738257222,"E02000264","Ealing 027",519075.076322788,180242.190332954
-4.88565863609099,0.00485993860523602,0.00874640825287204,0.0099201220081891,-0.00511844682788204,-0.00216683495416195,0.0140089137872515,-0.0412030581302589,-0.217558751993835,0.00766470115548267,0.291243264398948,0.161574829482347,"E02000265","Ealing 028",516301.482283995,180205.944610554
-5.18499482207955,0.0173922725299899,0.00671762890382233,0.0104730719770874,-0.00809854964465716,-0.000720440853563125,0.0195326260474536,-0.0530912068641263,-0.129919145732531,0.000692550968984269,0.302204166821582,0.151196662002516,"E02000266","Ealing 029",514140.359874351,179943.785172957
-5.08000527854079,0.0115837514498854,0.00766575329699212,0.0106824581237926,-0.00693967680408608,-0.00294261932341047,0.0161126020950825,-0.0463827869080706,-0.186869064713722,0.00346859653762885,0.304845254033375,0.152877938246642,"E02000267","Ealing 030",515426.278374014,179966.528486074
-4.05945361208394,-0.00307373635276204,0.0095273988019946,0.01907859294464,0.00139014517545601,0.00873855335869061,0.0155355313473464,-0.0377422337679683,-0.20751453203275,0.00701733959846464,0.162761581644062,0.267239526246886,"E02000268","Ealing 031",517989.156940831,179833.425341392
-4.75676948179976,0.00211920121762152,0.00867998918795745,0.0168508850036261,-0.00281689700429659,0.00222072541774798,0.013877455781478,-0.0409501849298403,-0.211047407222028,0.00663840424551157,0.260590936260563,0.216355757461177,"E02000269","Ealing 032",517110.34542829,179801.499638639
-2.74090058720769,-0.0115251048671372,0.0154998693364582,0.0382898180556338,0.011715257885098,0.025406049317321,0.0149146152824517,-0.0361839036190307,-0.138803782922332,-0.00118210116406564,-0.0636508529680494,0.480309349656865,"E02000270","Ealing 033",519925.602769003,179634.600017146
-2.28273110459909,-0.0161005015589819,0.0305019881341956,0.0502955006938308,0.0164987070758449,0.0320339569039853,0.000635928864460944,-0.0352658523429569,-0.089177832011988,-0.0125554486132692,-0.159517500765534,0.60994096024892,"E02000271","Ealing 034",521011.264993981,179495.733065696
-5.30227441689546,0.01192233846981,0.00712243662871808,0.024349520818375,-0.00680657665949503,-0.000677476501896052,0.0155452399134341,-0.050045371708847,-0.180019219915306,0.000296453283109153,0.310629147207708,0.215887645414185,"E02000272","Ealing 035",516060.846497653,179218.386013501
-5.37219937983082,0.0254837281574099,0.00432274955590167,0.0284512328680704,-0.00995452293146718,0.00138324055235606,0.0193303191635882,-0.0721772229066976,-0.0825051697008088,-0.004791810681988,0.295502588869172,0.208137611369889,"E02000275","Ealing 038",513076.7552241,178918.889118592
-4.8909736885241,0.00594184012261959,0.00695169753190247,0.0307235082361425,-0.00255821195706494,0.00622692045424624,0.0143531124878951,-0.0487084953375806,-0.182071252321706,-0.000526874762610237,0.247758538485902,0.298092913979946,"E02000276","Ealing 039",517372.041909151,178870.155401065
-4.27333819565395,-0.00654801183299678,0.0296040093204639,0.0605149545099316,0.0111030781190341,0.015617211337449,-0.00170139114546559,0.0128144069637915,-0.0622765777176636,-0.00636474997781749,0.05223498350157,0.00410087120781937,"E02000277","Enfield 001",535920.529742216,199516.449228722
-4.29322937888348,-0.00671302493994025,0.0345037351448721,0.0604122161388989,0.0129556642963685,0.0167271320120206,0.000574387449649188,0.0149131021285591,-0.0636515545388239,-0.00582667742848662,0.035389578124528,0.00254083075719138,"E02000278","Enfield 002",535206.235372745,199136.886640445
-4.2177543452719,-0.00673541501280244,0.0246244226872281,0.0617020525454559,0.00869307485888008,0.0138411086005687,-0.00517883564365519,0.00780768179131272,-0.0635084965803844,-0.00746092815435667,0.0717471356255715,0.00679005774684192,"E02000279","Enfield 003",536951.189590752,198923.581698644
-4.40417996060208,-0.0117015031859761,0.0150779776852517,0.0780012623490765,0.018405139214683,0.0168860916404447,-0.00189001561344908,0.0360832141198979,-0.0452723461063614,-0.00289373717732341,0.0299868543382327,1e-06,"E02000280","Enfield 004",531091.167079446,199396.932743669
-4.27176081853896,-0.00708588631629323,0.0402103803083857,0.0603807973439837,0.016146269925888,0.0181021266184973,0.00374699589561399,0.0187490070943493,-0.0696440320522873,-0.0050521498859266,0.0048389195187966,0.00448745108192086,"E02000281","Enfield 005",533925.281673189,198201.075695844
-4.18466941142732,-0.00767915284262049,0.0381945137302994,0.0629626924841537,0.0128395277463311,0.0165725108445538,0.000197325824999916,0.0118221379992585,-0.0655700746977619,-0.0064744114723112,0.0212527903549094,0.00446007627704428,"E02000282","Enfield 006",535240.976378112,197989.038278882
-4.05008712246784,-0.00814026872295414,0.0340325926516377,0.0655727266107942,0.0108057846117531,0.0150256191691863,-0.00310961940311288,0.00599470344505442,-0.0659277597437016,-0.00818205070150024,0.0279811827757697,0.0107856101762174,"E02000283","Enfield 007",535974.793654977,197580.462348808
-4.19295609024551,-0.00949356171543004,0.0328543041030215,0.06747610118544,0.0186845697150002,0.0180023433601362,0.00313838409894019,0.0246416153255462,-0.0661041817557927,-0.0050894848218017,-0.0100075075997839,0.0135405714917233,"E02000284","Enfield 008",532414.776420262,197316.468070954
-4.17074970788542,-0.00796064683288083,0.0410559195954263,0.0625360392796566,0.0172729260791385,0.0182125154739865,0.00443011442792347,0.0186199926808687,-0.0719747000801958,-0.00549667872715626,-0.0134645069859565,0.0118499653417965,"E02000285","Enfield 009",533403.769927242,197303.715783089
-4.22169545135386,-0.0114281869708425,0.0246564098680729,0.0755602188020399,0.0197950654851122,0.017634738129104,0.000678304376262499,0.0289528000825184,-0.0581155901317411,-0.00475105854213091,-0.00622141558256357,0.0162694587555989,"E02000286","Enfield 010",531456.128739894,197408.645476621
-4.9121513991249,-0.0197428226961899,-0.00624155841683368,0.11174545399812,0.0208344708384683,0.0127122918484714,-0.00640041099305844,0.0543627252662326,-0.0353875433088297,0.00176774126594667,0.0824182667750819,1e-06,"E02000287","Enfield 011",527840.773221261,197705.488810246
-3.95574715930716,-0.00923235935510984,0.0458611838194582,0.0677019454734377,0.0136176286646142,0.0167480656539829,0.000676051614372806,0.00780043985969888,-0.071739655981708,-0.00735640319875817,-0.0181539944271554,0.0108666818091149,"E02000288","Enfield 012",534907.534717884,196514.447840774
-4.40771721501337,-0.0167717237323184,0.0111750067718421,0.0973984896600496,0.0218901039376068,0.0162561888917631,0.000349788763188387,0.0406502541365077,-0.0473748913573403,-0.002129585010675,0.00741132974235508,0.00284265499718321,"E02000289","Enfield 013",530453.513227605,196695.791699881
-3.72254553398103,-0.00830344324561052,0.0287879066298069,0.0676654822303729,0.0090140670047934,0.0128185712578135,-0.00807432065877278,-0.0044553365002998,-0.0770969127877312,-0.0111970335048789,0.0179374224072926,0.0290689565686614,"E02000290","Enfield 014",536755.651901335,196474.404081777
-3.93568099534036,-0.00951121916462548,0.0470536491854107,0.066204321450614,0.0174977287412996,0.0178131200402921,0.00465257107699768,0.0138514942921517,-0.0769551607275808,-0.00652251280541026,-0.0458943731249885,0.0224636636969094,"E02000291","Enfield 015",533372.136332747,195892.92069591
-3.89727443630586,-0.00982968216051906,0.0501095324051193,0.067814909049785,0.015634512113745,0.0173127756060346,0.00296545113946773,0.00948457816580088,-0.0748277479776671,-0.006956987615888,-0.0418983475198413,0.0149074296588224,"E02000292","Enfield 016",534157.414862516,195879.198526565
-4.00326803959016,-0.0115929619655801,0.0361395275805411,0.0749770959064316,0.0204553187911371,0.017531999071291,0.00518137074696054,0.0221267694420249,-0.075035037078352,-0.00608021453700326,-0.0469219557715842,0.0340005080895734,"E02000293","Enfield 017",531996.111447058,195636.786192635
-3.37075559369668,-0.0111748233973252,0.0436502195748785,0.0779063499507713,0.0104747146678532,0.0139865093427648,-0.00632928761194842,-0.00985980422431686,-0.0772437881237182,-0.0125624890414927,-0.0532890136581424,0.0343011034579828,"E02000294","Enfield 018",535892.069593017,194996.58919309
-4.44425564554438,-0.0195020364124723,0.0128713381313134,0.109243945904066,0.0237815099376543,0.0155371392712363,0.00373046524318504,0.0400553174321629,-0.0522138199656324,-0.00190541206062847,-0.00968482948546418,0.0195354084755536,"E02000295","Enfield 019",530229.836488039,195072.219560534
-4.74126313787724,-0.0222282628222823,0.00353273028555889,0.119824524088531,0.0240309155633419,0.0143767482596709,0.000857892546481937,0.0494458006298291,-0.0448506391441052,0.00119014368786263,0.0265274023977562,1e-06,"E02000296","Enfield 020",529285.905585775,195313.920144149
-3.68518485469787,-0.0116388036305588,0.0517617554679614,0.0717677432582095,0.0185341412369726,0.0168340881265485,0.00518788687285938,0.0104861561118547,-0.0818957320415887,-0.00753886643398899,-0.0830038050555996,0.0392496032618606,"E02000297","Enfield 021",532972.508424737,194719.315813538
-4.03951980703512,-0.0151342856712815,0.032466280360879,0.0907900819839297,0.0227323668279949,0.0159975977212255,0.00778427651481523,0.0245897234539303,-0.0752688552219573,-0.00561352921365519,-0.0608730669441586,0.0547732609549079,"E02000298","Enfield 022",531267.457003327,194431.843533803
-3.33351928104288,-0.0132307505778037,0.0580574791853817,0.0820152030882787,0.0131069481872126,0.0153886939323232,-0.00146624982522852,-0.00556841530167601,-0.0760880196618028,-0.0105190909272446,-0.0974622831927534,0.023634362261294,"E02000299","Enfield 023",534841.652895945,194376.142186135
-3.41117631059285,-0.0128164434026458,0.0592246366414042,0.0773806966446119,0.0154465191968941,0.0159352720202307,0.00213853166444106,-0.000637719912400264,-0.075821352301372,-0.00935130543776982,-0.103486554347758,0.0324235483630161,"E02000300","Enfield 024",533987.129379648,194283.962000976
-3.01260861749828,-0.0124516845189509,0.0476114569081744,0.0850430804095358,0.009652277703137,0.0128096344973857,-0.00953001764787513,-0.0213955740769324,-0.0896211189937286,-0.0157452957659915,-0.0904082778655523,0.0480299163742742,"E02000301","Enfield 025",536029.132527759,193846.791140456
-3.62639031744277,-0.013530223558202,0.0548902020095893,0.0810137139233743,0.0205338713650846,0.0142815969804782,0.00861245602925498,0.00747870675171964,-0.0917155484320924,-0.00823431928431217,-0.108968863007133,0.0783180501528897,"E02000302","Enfield 026",532201.053579166,193546.795793953
-3.07011710655039,-0.0153777645352103,0.0671059429405394,0.0849203466079311,0.0156382671893737,0.014079447046263,0.00260105887658374,-0.0083167370718103,-0.07457439561895,-0.0109602130625443,-0.149068865945362,0.0455910215050055,"E02000303","Enfield 027",533684.895373705,193309.855681387
-4.86455495683317,-0.0217140131053234,0.0181316654748735,0.122513662465537,0.0238390710765355,0.0119388838251573,0.0128236768638009,0.0376055283761023,-0.0564665036431507,-0.000310967106414379,0.010501917773299,0.0516324451891844,"E02000304","Enfield 028",529978.644116481,193260.420841783
-4.15533031491068,-0.0160744877536455,0.0404609799809726,0.0981172285770006,0.0230930536061276,0.0127848004393037,0.0139200772632201,0.0191712996315317,-0.0833470338057768,-0.00554765289713915,-0.0684540729437838,0.0914454783495606,"E02000305","Enfield 029",531134.492657103,193207.54483112
-2.83734476260599,-0.0157675389182789,0.0638662800073393,0.0964737447101673,0.0106952860125457,0.0134055569630391,-0.00554733039782237,-0.024349193366191,-0.0904323954109262,-0.0156115243427753,-0.146079391686066,0.0424675301373402,"E02000306","Enfield 030",535237.493625547,192871.886390843
-3.3563530552078,-0.0148645554914291,0.0677181428308864,0.0841996205359199,0.0182075331958549,0.0125668041542555,0.00737098462533922,-0.00446282784319939,-0.0857200546984403,-0.0100969050141918,-0.135807922587725,0.0744452228451524,"E02000307","Enfield 031",532799.860486453,193000.163967466
-5.72020346514139,-0.022921030068465,0.0194682672150504,0.120377509110031,0.0208050669889128,0.00809878429881005,0.0136309156833008,0.0363617135905149,-0.048210925283379,0.00192128758667824,0.117224235757567,0.0743835806162126,"E02000308","Enfield 032",529282.956433067,192382.727667438
-2.73209000673662,-0.0169378338505129,0.0691818529726689,0.101998049274385,0.0100825843556291,0.0123126608366461,-0.00410434586469558,-0.0332468581799074,-0.0903635926490307,-0.0175057502154151,-0.162753751387989,0.0500815295787407,"E02000309","Enfield 033",534978.938969275,192086.676886493
-4.20948192707614,-0.013995305032846,0.0688776216981988,0.0870324629972983,0.0193931573194594,0.00784591209272716,0.0152330137040759,-0.00564603471207582,-0.0855630809598408,-0.00977282241772639,-0.0585345220415399,0.130770454152957,"E02000311","Enfield 035",531933.057315129,192166.2167407
-4.92198330940648,-0.0160646521710628,0.0415701769235417,0.102405865908686,0.021508210008613,0.00773041832591122,0.0206046865055472,0.0173054288976205,-0.069502913587497,-0.0046968877410698,0.0111204281548036,0.128997987844858,"E02000312","Enfield 036",530580.663214193,192211.498284168
-3.94785183473136,0.00577170526105968,0.0221401897985911,-0.0764579472062305,0.00921267552890433,-0.0033560421243132,-0.00913932385370272,-0.0245165398885889,-0.00176455720027036,-0.00562982871174986,0.103962328655705,0.202816401960256,"E02000313","Greenwich 001",546864.026009832,180292.376540569
-4.4041464807057,0.00425989175645078,0.0213991603668222,-0.0744245643620694,0.0134850380146547,0.0015126519962231,-0.00673958363066493,-0.0262295085296412,0.00887011545390289,-0.00584206195623568,0.133774478895691,0.141496489984952,"E02000314","Greenwich 002",545741.603542685,180154.947116856
-4.00693039118274,0.00625899467605736,0.0239534735792016,-0.0337644140396481,0.0134817329735045,0.00661802835366166,-0.0103815832281005,-0.0236966776523014,0.0127705565806464,-0.0040294567394378,0.0385958636062052,0.271092552799529,"E02000315","Greenwich 003",546779.198705021,179321.773227812
-6.7709692409022,-0.0045240166322144,0.0166069995315453,0.140806918129014,0.0269985915747782,0.0236644035081395,-0.0298573278099159,-0.019974300530294,0.0483906757685761,-0.00710805317669709,0.217211657534015,0.22519480390758,"E02000317","Greenwich 005",542504.959476933,178647.136995371
-4.95109699831758,0.00400331140655083,0.0245845696206703,-0.00651162067165316,0.0193962531462679,0.0161856232810168,-0.0103789529324108,-0.0221131390271729,0.0286329966752027,-0.00186085137312652,0.0851843488402928,0.270688265090101,"E02000318","Greenwich 006",545591.028447577,178670.597932614
-5.51062205803311,0.000434823691706295,0.0234305332042757,0.0101039249967714,0.0216212145700811,0.018382906248348,-0.0142286999332157,-0.0205588026584666,0.0349600450156494,-0.00263325586333635,0.139490371955704,0.253768162268792,"E02000319","Greenwich 007",544772.526304028,178667.139702925
-4.42211936387757,0.00804140202305594,0.026649983664402,0.00343261869669984,0.0162067364310878,0.0162958996071101,-0.00897241464504208,-0.0219013129992494,0.0221530884581006,-0.00272819471012487,0.0150469976021079,0.334823222680762,"E02000320","Greenwich 008",546899.088793056,178202.501531097
-5.95403138688329,-0.00100642425803934,0.0230152114125494,0.0399671130508102,0.0231791897230222,0.0210252324429686,-0.0166148015867814,-0.0187622786177036,0.0393173303155853,-0.0024383468185167,0.164281543688202,0.269667483449857,"E02000321","Greenwich 009",544343.511949695,178407.045492195
-6.55146182796408,-0.00373909670074766,0.0220065284080066,0.0758393990503268,0.0239153985389736,0.02295771614354,-0.0217030381222372,-0.0169623615052327,0.0443657301916261,-0.00305307907243557,0.214624766440048,0.285516985922345,"E02000323","Greenwich 011",543855.972866411,178141.533095204
-7.69051966615112,0.00447028679028969,0.0119657369916957,0.182777106430856,0.0277686520730283,0.0191828031919399,-0.026207887268371,-0.0207930141769399,0.0534476456434616,-0.00729620715350496,0.279932477022616,0.248582948284502,"E02000324","Greenwich 012",541762.141144956,177895.990621282
-7.63259419615907,0.0150640233635101,0.00870421768622026,0.200977191049021,0.0298135010589592,0.00943332413681799,-0.0202480485879566,-0.0287950979562603,0.0548954474225084,-0.00776882168526834,0.251294355715841,0.211006708945675,"E02000326","Greenwich 014",540859.622594691,177806.58802025
-7.48588513480884,-0.00209226088743208,0.01775905999464,0.137887799115496,0.0247362535641707,0.0227126783929688,-0.0254217928957894,-0.0164676984887598,0.0496302384635182,-0.0052549471831048,0.28674745782821,0.302713378516079,"E02000327","Greenwich 015",542957.338489159,177635.638441516
-7.2530242520357,0.0252133147687967,0.00639453992568329,0.193141399203291,0.0302060154981761,-0.0017213612579675,-0.0140762225440379,-0.0418009636312351,0.0559819979777264,-0.00890410032687474,0.209066010288084,0.164515126869807,"E02000328","Greenwich 016",539930.356526644,177619.338521488
-6.76871687910883,0.00304386971144616,0.0308619474139906,0.0313833458645585,0.0203336194461936,0.023253399823583,-0.0083509910846745,-0.0143009284158865,0.0423338199545679,-0.000550647963112772,0.220544394402263,0.38513197760209,"E02000329","Greenwich 017",544789.061105938,176787.512110341
-8.42238418481552,0.010021642205241,0.0118242846697699,0.167207256899777,0.0248016037461651,0.0156674720344209,-0.0218402440265388,-0.019193801010174,0.053206514353302,-0.00678418933484675,0.362282172905026,0.296465694016614,"E02000331","Greenwich 019",541721.609753664,177052.313516507
-7.84717892404408,-0.000622213804477796,0.0248751800078636,0.0849712980072214,0.020799090213787,0.0220943496547449,-0.0159747764631624,-0.0125974654859711,0.0484281078691004,-0.00336891690673884,0.338677501247455,0.372683228140133,"E02000332","Greenwich 020",543738.20549633,176732.438099834
-8.44523554420071,0.0304031555188744,0.00783237281375904,0.158460255218707,0.0237637848851328,0.00103031490812244,-0.0167272254126383,-0.0365284003645984,0.051300806872866,-0.0102103508354415,0.354100354910804,0.206441605395915,"E02000333","Greenwich 021",540310.324186175,176592.0085102
-8.84288644302632,0.0139403514617169,0.0148870516727672,0.133824616235007,0.0211469840279287,0.0143073478364135,-0.018138433658344,-0.0181201723139021,0.0502540701508325,-0.00807831257841641,0.419975699277139,0.329688380932223,"E02000334","Greenwich 022",541730.195352578,176356.159830724
-8.43524757006884,0.00275836655317782,0.0270602994110906,0.0216980810422713,0.0143692433861979,0.022873361246133,-0.0225787850685774,-0.016543077447016,0.0363548143057298,-0.0130188422858015,0.456871542681565,1e-06,"E02000335","Greenwich 023",543453.903627404,175668.48966736
-8.86595856682977,0.0179108385693252,0.0195726929027561,0.0466442802882632,0.0155211577168499,0.0142588534092276,-0.02110072038675,-0.0215156128539114,0.0273399454125945,-0.0167335289209976,0.479102414300161,1e-06,"E02000337","Greenwich 025",541978.776325458,175262.999925343
-8.72346834571999,0.0082795991769735,0.0336347399084545,-0.00879211005815214,0.0107495830689517,0.0204548634312426,-0.0222650389653831,-0.0193592359187446,0.0236553744361313,-0.0199126403751012,0.500678101477995,1e-06,"E02000339","Greenwich 027",543120.267060744,174968.409141985
-8.95755902165721,0.0106881525454444,0.0528508280346555,-0.0453475417083433,0.00296933428362174,0.0224913607024292,-0.0109235018290305,-0.0173258757827415,0.0222732184019879,-0.0152281899415061,0.514898019346077,0.334978107924084,"E02000340","Greenwich 028",543595.754443433,174128.40630065
-9.13867624402745,0.021826656908268,0.0374605356867809,0.0124172190167387,0.00143628510935613,0.0120583672178063,-0.0155105617049775,-0.0361083538477594,-0.0172495222596804,-0.0235021927372245,0.545257354548917,0.299472050395625,"E02000341","Greenwich 029",541520.829847804,173942.833364797
-8.55259536830673,0.0126302189563074,0.0620107315505696,-0.0891079752609189,0.00171912924958326,0.0262813337850854,-0.00505931943472332,-0.0186754244305506,0.0229241816265822,-0.0131125978660229,0.463092836672296,0.290345828234664,"E02000342","Greenwich 030",544541.933121812,173720.505265264
-8.76214695182499,0.0160846430656461,0.0695021807021994,-0.0756631549485105,-0.0123103326138579,0.0187013040441257,-0.0152707113983465,-0.0367384268009442,-0.0413428661957661,-0.0304277478229451,0.554129483609833,0.243442809074301,"E02000343","Greenwich 031",542808.227385503,172616.731992747
-8.57052893243445,0.0130063729108644,0.0670424245255804,-0.0837135274052928,-0.0100951269512173,0.0236806100905343,-0.0109899077121862,-0.0316873547049341,-0.0266103397122901,-0.0236307400276407,0.518655136489665,0.213613252886633,"E02000344","Greenwich 032",543712.480872236,172433.804414008
-1.48885270273874,0.00207842507962834,0.046848583706112,0.0169726395637955,0.00838050973399317,0.00784850234770555,0.0157567969499115,-0.0483799702043182,-0.0130338749469334,-0.0538863508257105,-0.224665657680472,0.176120142329191,"E02000345","Hackney 001",533931.454707021,187874.622167829
-2.41134809042041,0.0160713145499448,0.0438060034035636,-0.03251109012474,0.00874810024992036,0.000388943039765537,0.0165747879170406,-0.0165372476153843,0.00419940250523028,-0.0537704688752181,-0.1255580587,0.189872159516714,"E02000346","Hackney 002",532380.289556417,187512.962984593
-1.67952683467966,0.0108417828400988,0.0408593653583263,-0.0156105596874985,0.00889694323213575,0.00366948394749579,0.0170278029130404,-0.0276565021573222,0.00100317138943947,-0.0580171665175065,-0.196984521166571,0.192159999629764,"E02000347","Hackney 003",533029.736213923,187455.738067643
-0.908613889309992,0.0036532973365336,0.0367652625076928,0.00363894161920055,0.0094482250025316,0.0104893050097232,0.0140400200049462,-0.0442971042272776,-0.0155992539591392,-0.0600303015861711,-0.269716643907176,0.17791478298113,"E02000348","Hackney 004",534075.541700547,187456.620347661
-0.273980465425689,0.00650758678048458,0.0268268425808891,-0.00756050101165526,0.0100256903267224,0.0130109521903727,0.0151238243813059,-0.0356612165964806,-0.00741823798567494,-0.0594414660814928,-0.33065259682066,0.184287465830732,"E02000350","Hackney 006",534063.219516578,186769.861477505
-2.20845008767493,0.0240307910190445,0.0197040208947035,-0.0621162614034713,0.00787093308612648,0.00251062817349758,0.0115944132800381,-0.000673874509168039,0.0117088250069711,-0.0592663291982347,-0.116102910463729,0.138369142389153,"E02000351","Hackney 007",531991.48695497,186778.384793867
-1.05801647048075,0.0174871414610599,0.0199290494570918,-0.0400866582079045,0.00905508068469127,0.00495042051267586,0.0138763092873185,-0.0112941781612074,0.0112199051381094,-0.0584016546554363,-0.240712627931831,0.1642876135382,"E02000352","Hackney 008",532809.630064069,186601.42443571
-0.249946812737636,0.0121015544776274,0.0210307829145951,-0.02207508758449,0.00942759190596719,0.00928308627643722,0.0148861000385049,-0.0209589687328296,0.00682232518821158,-0.0556724546915536,-0.330412079416074,0.181299081896672,"E02000353","Hackney 009",533500.111403216,186458.939758608
-0.109464019021192,0.00522736515516236,0.0191263476442422,0.00537675158296593,0.0106435923378119,0.0193256085974797,0.0115055841935051,-0.0371853446889073,-0.00238910786851924,-0.0429731747438081,-0.359035134249375,0.191142665959638,"E02000354","Hackney 010",534512.29857395,185980.037440639
-0.191599087842422,-4.35535285886347e-05,0.0201791692975442,0.0182109747323413,0.0125350766732325,0.0267662809382417,0.00928966511764161,-0.0459249427470956,-0.0101705896141034,-0.0401782142067144,-0.35808507422434,0.175787009981097,"E02000355","Hackney 011",535241.701418299,186015.340582868
-1.02562920050965,0.021399464171158,0.00996385858957317,-0.0426543276382072,0.00748062019577138,0.00738229192062986,0.0104877641518558,0.00484294028307936,0.0202125551179699,-0.0455120560883077,-0.24725359878204,0.137835280993562,"E02000356","Hackney 012",532849.990848915,185838.870517157
-0.538822731167989,-0.00601609668073399,0.0190706449697066,0.0391685794860355,0.0152062400085698,0.0322694133249802,0.00161395565648569,-0.0415786824341302,-0.0237198631762562,-0.0368267770914268,-0.325722206610237,0.118970846083056,"E02000357","Hackney 013",536526.726204192,185998.503756365
-0.35261766779163,0.0162226366421022,0.0119496931636999,-0.0241124284732797,0.00777768477841613,0.0098463943251474,0.00887036731415811,-0.00802513131965735,0.0171518825857356,-0.0407498262252497,-0.321126082671857,0.168682764913189,"E02000358","Hackney 014",533517.734333815,185684.790047818
-0.800108844599074,-0.0041473696186996,0.0185702378913257,0.0391080138179855,0.0154452125532669,0.0313225293979736,0.0117296426219745,-0.0503061658091171,0.00247231265921358,-0.0323751976099308,-0.313515903773745,0.172933331049032,"E02000359","Hackney 015",535924.397322096,185525.892655344
-0.586002685018516,0.00950869778890382,0.0136664873684359,0.00131235687578165,0.00934108620295179,0.0139165175815201,0.00799213994863997,-0.028763667763381,0.0130105701680016,-0.0339104265197915,-0.305805017207622,0.194183331642237,"E02000360","Hackney 016",534311.074088783,185328.788766983
-1.09319991828535,0.00479280664821218,0.015012130298907,0.0232072520963297,0.0117328393830368,0.0167787182177071,0.0107982081709751,-0.048091296253897,0.0155950816499578,-0.0291970158210917,-0.268155879386256,0.210973317978797,"E02000361","Hackney 017",534970.471087032,184980.238075254
-1.97997547903186,-0.0093385825256515,0.018459963132359,0.0753786474334855,0.0201678178259285,0.0327565686724987,0.0160098930827959,-0.0463509469557456,0.0237690215655909,-0.0260810356287541,-0.219593814092131,0.15337783893349,"E02000362","Hackney 018",536849.800498042,184993.965587693
-1.49843728611097,3.18825080062796e-05,0.0160770436718836,0.0364451483473045,0.0154991775040326,0.0233587000308811,0.0143921020124488,-0.0571474461055211,0.0277199223881862,-0.0270167255962302,-0.243435806306763,0.213325633274139,"E02000363","Hackney 019",535531.155250246,184909.088965787
-1.54792079403647,0.0159645722491402,0.00870455725659272,-0.0043266284253464,0.00652747859001158,0.0060760272007139,0.00477066478176372,-0.017860421085256,0.0225286438034631,-0.0278729889164449,-0.200623487136985,0.181043754399279,"E02000364","Hackney 020",534145.863649472,184616.309542485
-2.71502506460482,0.0022162043702713,0.0147409368905784,0.0460399489072219,0.0179572952441315,0.0184996303291357,0.0190236813124521,-0.0684612297315838,0.0591489927365491,-0.0221116045113627,-0.135314033190262,0.231879108068118,"E02000366","Hackney 022",535740.668407259,184230.276261693
-2.57131066451444,0.0126080819979375,0.0108693079842011,0.0209552139833677,0.00980106393685045,0.00109451902174037,0.0118527902861424,-0.0511069529556898,0.0351362608265988,-0.0234747293909177,-0.111929614064249,0.214615514823803,"E02000367","Hackney 023",534916.356419239,183984.732225009
-3.25979878547352,0.022829678958481,0.00564345480109886,-0.00554033481734973,0.00275655009674799,-0.00314029528080513,0.00654645550958581,-0.0164293083633827,0.0286800878351503,-0.0250343746493283,-0.0225309193300299,0.165576323317611,"E02000368","Hackney 024",534123.211328732,183643.895808236
-3.36831714469366,0.029156944318937,0.00157057638120998,-0.0279845998457488,-0.000716758812781893,0.000978006286743855,-0.0013847912242577,0.0132213485095809,0.0303429732163158,-0.0294214792220092,0.000896131320565219,0.118329285493331,"E02000369","Hackney 025",533303.870689581,183647.451306741
-3.24462099469531,0.0349062929979151,-0.000922870156503178,-0.0345577724336801,-0.0042546584040047,-0.000137079602667155,-0.00882593068811719,0.0341641276731489,0.0324039112386363,-0.0338193023081439,-0.00478862624367635,0.0818509150092083,"E02000370","Hackney 026",532577.308705708,183227.74873348
-3.11203732127189,-0.00787879698423636,0.0188642212886074,0.0703102892645512,0.0273978149260835,0.0320699346324365,-0.00234558118901269,-0.0213488838126044,-0.00994461762601053,-0.0188801215593644,-0.149208935857783,0.425484948503329,"E02000372","Hammersmith and Fulham 001",522362.973269155,181818.984033708
-3.307673835524,-0.011414887909271,0.0168655633817277,0.0879829420440944,0.0336295521377107,0.0452207063308148,-0.0188434199189514,-0.0157457934253542,0.00888107583841846,-0.00497618307100082,-0.175313501768505,1e-06,"E02000373","Hammersmith and Fulham 002",522579.547095242,180719.7291872
-2.99198154607298,-0.0118563531742496,0.0134085429908064,0.0854366347828485,0.0312495992445146,0.0460200332680825,-0.00573678721362117,-0.0189030058230719,0.00150290937575764,-0.00304755460079692,-0.196140364140338,1e-06,"E02000374","Hammersmith and Fulham 003",522109.386959752,180473.052919019
-3.95758322360662,-0.010984808024799,0.0487565480850023,0.0692719363285161,0.039115335897067,0.0482491005288175,-0.0513337306618884,-0.0146717414197105,0.00581459885997703,-0.0170979864312686,-0.133683643188618,1e-06,"E02000375","Hammersmith and Fulham 004",523324.585040474,180258.079747882
-3.36867427087166,-0.0139536312286155,0.0346353121321231,0.0810993414154206,0.0394723970125887,0.0502361861200836,-0.0359972960164964,-0.0143925773804653,0.00547567619704815,-0.013482858772442,-0.192244916693332,1e-06,"E02000376","Hammersmith and Fulham 005",522918.761368006,179823.881881643
-2.67762046889159,-0.0136594318880372,0.0185270724630619,0.0851554829600437,0.034727652960596,0.0502981546280959,-0.0155879235401738,-0.0194690087100535,-2.1006540328793e-05,-0.00962404848238837,-0.24017473711848,1e-06,"E02000377","Hammersmith and Fulham 006",522253.352931962,179767.462722065
-4.57471295616483,-0.0122923067356913,0.0795125474987877,0.0484300674556971,0.0444341597008129,0.0478300352860762,-0.0635105435714773,-0.0122290957873407,-0.00201151456806564,-0.0227411090409998,-0.0908062273076744,1e-06,"E02000378","Hammersmith and Fulham 007",523603.30505311,179581.244354077
-2.40057407854963,-0.013951338340041,0.0178001642488056,0.0783341756659483,0.0331104693782611,0.0510416139707856,-0.00822535651528422,-0.0238041352930982,-0.0114307745511243,-0.00874600485805194,-0.255710797131522,1e-06,"E02000379","Hammersmith and Fulham 008",521848.7087818,179375.031009056
-4.10187307063398,-0.017455062204524,0.0644749573337699,0.0651555879535459,0.0445845432013865,0.0528382473419089,-0.0401201798223025,-0.0139861346795512,-0.00396120473644494,-0.0157603388543254,-0.141481555177503,1e-06,"E02000380","Hammersmith and Fulham 009",522925.752430196,179201.108560484
-4.30232290493105,-0.0141772736594786,0.0764251522472078,0.0497432022922453,0.0465179590751855,0.0458287568216809,-0.0702706152068617,-0.0085051209447994,-0.00231982594629801,-0.0243515631369545,-0.113874427547802,1e-06,"E02000381","Hammersmith and Fulham 010",523752.177204541,179115.846353439
-3.19944200600402,-0.0185223773131349,0.0466254241068128,0.0703285570578348,0.041148895834951,0.0539742774361923,-0.0254079807035071,-0.0205717886070604,-0.0118074266082273,-0.0133785425394589,-0.209847402072081,1e-06,"E02000382","Hammersmith and Fulham 011",522331.755235763,178710.94300244
-3.73688606674287,-0.0100432799404783,0.0708839183715545,0.039286005566385,0.0458382657639157,0.0371189381031603,-0.0902457636976114,-0.0125196858272797,-0.00207993979849742,-0.032962132615448,-0.142006485990487,1e-06,"E02000383","Hammersmith and Fulham 012",524293.51365244,178685.321038369
-4.7138024653615,-0.0220038832888055,0.0787045750550474,0.0593006346320145,0.0502896000067218,0.0519560779281093,-0.0495881745751796,-0.00925958071944213,-0.00740839748665026,-0.0145716938515997,-0.0924579161689033,1e-06,"E02000384","Hammersmith and Fulham 013",523209.764270333,178529.269975775
-4.07306504523721,-0.0147504831391133,0.0669844075550829,0.0468292033026674,0.0483144525309921,0.037878449074288,-0.081282742600161,-0.017448721289625,-0.00286118731248287,-0.0246038265668908,-0.110776899994287,1e-06,"E02000385","Hammersmith and Fulham 014",524236.454009646,178107.53831283
-3.67506825078827,-0.00438669314879974,0.0657523470894089,0.0289159103795822,0.0421667960037244,0.0308031378673507,-0.0888167893420316,-0.0294602504022764,-0.00243737812959932,-0.0341700645197398,-0.124302282440976,1e-06,"E02000386","Hammersmith and Fulham 015",524815.880146298,178017.480343296
-4.6475187961244,-0.0222525311808108,0.0551979365881319,0.0627329868525018,0.0533475177741297,0.0416682857964324,-0.0716126855040145,-0.0149203493246693,-0.000327504001499538,-0.0141211256103403,-0.0617216143131143,1e-06,"E02000387","Hammersmith and Fulham 016",523987.092467243,177749.798100749
-3.68673132222353,0.00254790142402113,0.0602539954292493,0.0223713393524573,0.0370482244981051,0.0313116730182994,-0.0773851781208031,-0.0323352540594095,0.00120248393617627,-0.0223835581576084,-0.124676503339065,1e-06,"E02000388","Hammersmith and Fulham 017",525192.89271643,177560.608870598
-5.04602178770878,-0.0284995760291081,0.0359496522743247,0.078100655516463,0.0580330057968547,0.0470619928728484,-0.0567990152147268,-0.0126183395277855,0.000809561255740402,-0.00271164295980419,-0.0287071610413304,1e-06,"E02000389","Hammersmith and Fulham 018",523602.296241024,177314.214657432
-4.87212791403417,-0.0163955936374519,0.0407274463775407,0.0555253761202858,0.0496314023129736,0.0361811525402611,-0.073068661818637,-0.0185483711104258,0.00244870200955497,-0.0161978022350798,-0.0108031153766975,1e-06,"E02000390","Hammersmith and Fulham 019",524423.533274798,177267.598675139
-3.67946081848362,0.0183954092783019,0.0445192367799295,0.00305326194511238,0.0236608279825084,0.0376740052539409,-0.0535143330685991,-0.0289151675485857,0.0112805799392449,0.00251775978132047,-0.126142743527875,1e-06,"E02000391","Hammersmith and Fulham 020",525588.165894802,176898.861632598
-5.07939185848494,-0.00277211293910692,0.0292792576223701,0.0332855815246731,0.0384523614185876,0.0334177489248774,-0.0635895949877872,-0.0164469398227832,0.0077043884592121,-0.00536595661248543,0.0314424199112384,1e-06,"E02000392","Hammersmith and Fulham 021",524892.647278677,176794.624547636
-6.22160981212103,-0.022298166759519,0.00455454022345273,0.071658402687116,0.0549056940620058,0.0391199493790606,-0.0654880193425371,-0.00518466290124822,0.0069361949328897,-0.00739834161748927,0.140833221311559,1e-06,"E02000393","Hammersmith and Fulham 022",524205.688287211,176838.633907178
-3.57109030644188,0.0395523466185073,0.0364519223613577,-0.0367411627131219,0.0106509125053958,0.0413693074258278,-0.0329143587222807,-0.0297945844225124,0.0218922666913651,0.0210592081913945,-0.136648042088429,1e-06,"E02000394","Hammersmith and Fulham 023",526113.898386832,176454.3577707
-7.91295506831712,-0.00732343593915512,-0.00309342860112559,0.012277365259972,0.0441303124100366,0.0306512743310179,-0.0538830733196167,-4.55513552337156e-05,0.00412066759186192,0.00460418099570078,0.361113437768361,1e-06,"E02000395","Hammersmith and Fulham 024",524485.74765122,176099.900200684
-7.6866996415499,0.0260531178897278,0.0136934933963104,-0.0624695230787941,0.0195953778089604,0.0302248076343432,-0.0414629217686733,-0.00758400062351095,0.019853271580848,0.0232370487842729,0.347931374457702,1e-06,"E02000396","Hammersmith and Fulham 025",525519.438803029,176000.582021773
-5.46692566982115,-0.0121159746505463,0.0531907802716677,0.087197826524303,0.018112385916574,0.00231281279069933,0.0254821080790417,0.0075982880616374,-0.0585819517686287,-0.00689153682118616,0.0794234292573607,0.18329642676314,"E02000397","Haringey 001",530500.156870882,191314.67259528
-2.59229627437276,-0.0179567723617852,0.0729076968206448,0.10908821644413,0.00880772958473561,0.0116044461326093,-0.000877979549027207,-0.0480408231463848,-0.0945342302528505,-0.0214227768231184,-0.178720823048551,0.0571103878816106,"E02000398","Haringey 002",534834.297424736,191281.606863286
-5.91897292328494,-0.014003113999354,0.0403947539323223,0.0883009501011756,0.0166657174571101,0.0024396007339522,0.0216902433378427,0.0200045772108431,-0.0389756529399362,-0.00346484709126656,0.144890455267642,0.170101775770962,"E02000400","Haringey 004",529599.002955803,191244.459249577
-4.91059288978184,-0.0148087983122044,0.0858252641281136,0.0935316524639408,0.0158378491788832,0.0026127354227273,0.0205878715017528,-0.0238934178725144,-0.0676816287032061,-0.0132241436551714,0.0179103893797572,0.139353050067088,"E02000401","Haringey 005",532330.716795134,191204.796874297
-4.26255359568983,-0.0172375312321049,0.0858482574054293,0.102640481876323,0.0134182208651913,0.00492580823830672,0.0167057518260063,-0.0334908531490432,-0.0651425971278642,-0.0160171531299096,-0.0389902775522993,0.105760605377818,"E02000402","Haringey 006",533071.313326518,191122.796003545
-5.27514083579756,-0.00982873572012432,0.0699789540338209,0.0743720486000178,0.017282448082595,0.00119172466429442,0.0236425184718646,-0.00788971804098304,-0.0574284248983118,-0.0109677950994212,0.0637578307601829,0.197562395795,"E02000403","Haringey 007",531121.888815904,191059.837899968
-5.42198056387402,-0.0114455317375736,0.0832801219906868,0.0821834725677299,0.0159060981691666,-0.000425227045045743,0.025278822813682,-0.0191259711196298,-0.060532266254351,-0.0126706275897602,0.0734348373887301,0.184469038266575,"E02000404","Haringey 008",531705.338135244,190876.291137164
-5.54994339390593,-0.00426440752633452,0.0562624060173626,0.043200780786098,0.0126255847119198,-0.000350217315729298,0.0185520711615907,0.00644672935221885,-0.00585697418634283,-0.0116747199573686,0.13480726884414,0.220591621501991,"E02000405","Haringey 009",529571.757049949,190367.250640115
-5.60843913975501,-0.00859416705086956,0.0881486399611272,0.0708017766167481,0.0136920558498988,-0.00301193181358718,0.0287596465383513,-0.0230194314245183,-0.0396877913433346,-0.0154931182289123,0.102690495130693,0.202580441329792,"E02000406","Haringey 010",531685.566857346,190309.26636725
-3.90779756558356,-0.0166596574036433,0.0837932387919441,0.103325580533363,0.00956208317985995,0.00432974705538828,0.0210140814285092,-0.0504927382403668,-0.0479941113821869,-0.0219865301706165,-0.0558057931393772,0.11252307775907,"E02000407","Haringey 011",533546.410531384,190231.061552198
-3.17343329172511,-0.0167330646610562,0.0778975709879953,0.102705016945836,0.00833694112518031,0.0067995160300746,0.0150372523989711,-0.0560540296462143,-0.0518398933175427,-0.0236085010932729,-0.11840752866213,0.0947969468519505,"E02000408","Haringey 012",534058.044792551,190249.217180941
-5.09936341736507,-0.0129956045084671,0.0910016815406081,0.0889621495799266,0.0113975190647315,-0.000762153213120171,0.027722284354166,-0.0379117041075497,-0.0391507774003605,-0.0191750648733807,0.0557731492164491,0.155264634840579,"E02000409","Haringey 013",532612.728408351,190100.858201518
-5.11102644713418,-0.000468597144815735,0.0540588700652943,0.0145872285659446,0.010817504000441,0.000352495766933395,0.00470174473951824,0.00884102399160301,0.0177608921982975,-0.0141073211644461,0.122130794020102,0.177550971153511,"E02000410","Haringey 014",528618.399992884,190089.326090507
-2.53144634641496,-0.0136550857263819,0.0697205762804491,0.0924610982779683,0.00670750780903914,0.00814865653970972,0.00637868379085668,-0.0637396131253121,-0.0637863510432309,-0.0260664355764869,-0.162391370861276,0.085900407771112,"E02000411","Haringey 015",534670.997817325,190040.3438734
-5.6232757305,-0.00283309617439987,0.0820874549521851,0.0470845975284644,0.0126935699855843,-0.00462318457076371,0.0300188344902654,-0.0129901340943867,-0.0210347578317472,-0.0165146418806326,0.116317426123004,0.241675467471235,"E02000412","Haringey 016",531006.415134054,189967.336866023
-4.65274896326038,-0.000782949862117256,0.0503499156221082,-0.00868108946503756,0.0114964203675818,0.00210725156863956,-0.00665528817981893,0.00451754363960429,0.0266177309705438,-0.0185444471787901,0.112179660707623,1e-06,"E02000413","Haringey 017",527904.044075235,189961.164778228
-4.3338228220921,-0.0126179807595072,0.0850015059585889,0.0870770413461577,0.00897834834125578,0.00105297822494015,0.0258017906910142,-0.0470973954957194,-0.0298180596815757,-0.0228976942894018,-0.0047198178915123,0.144568018994508,"E02000414","Haringey 018",533161.797474589,189765.015449458
-5.42001932895738,-0.00720109155570186,0.0919268266541309,0.0649398934439695,0.0109788418173929,-0.00350982360267093,0.0311751629456986,-0.0300606425348818,-0.019794087753091,-0.0203462613041988,0.0949022683910806,0.194601646746278,"E02000415","Haringey 019",532099.509710221,189671.608337831
-5.07851972995944,0.00362441815106314,0.0745832049522314,0.0126510941762251,0.0107518974120887,-0.00326725416397812,0.0225253588673151,-0.00594397594695512,0.00755104972898063,-0.0224378880698642,0.0910084675268681,0.243861632973969,"E02000416","Haringey 020",530432.547537583,189350.605941855
-4.35151356447374,0.00755508646956981,0.0625087483807374,-0.0222897412489536,0.00941660378069713,-0.0016420896642131,0.000709497869308873,0.00508711359746089,0.0307175851331617,-0.0257307485860862,0.0618364829543661,0.176195386163666,"E02000417","Haringey 021",528886.828521517,189166.205020887
-4.73733537856981,0.00666962700134222,0.067356136153811,-0.00989022329219491,0.00993426948457165,-0.00251441619942505,0.011938725771296,0.00100773424291549,0.0219054894668645,-0.0250238572965154,0.0817835197103023,0.220477828066574,"E02000418","Haringey 022",529682.341535431,189151.544912706
-5.16846389199838,0.00158695335156634,0.0858183098421219,0.0260167365736298,0.010577434611416,-0.0044521145046988,0.029092016084386,-0.0160959872145084,0.00170155329323883,-0.023969638326,0.0856026926987724,0.23225691264135,"E02000419","Haringey 023",531406.703816775,189134.311878427
-4.10487879439743,-0.00803877163041868,0.081442976691098,0.0683933970757827,0.00795564031821304,0.000152956720978946,0.0282777939883783,-0.0474231952323114,-0.0111774687962807,-0.0270153672942415,-0.0157195359761628,0.16533617625908,"E02000420","Haringey 024",533192.497445094,189162.554304292
-2.97124770067471,-0.00913419987708572,0.0715954946836839,0.0711708954098,0.00696895852844926,0.00408321698132525,0.0207908861722062,-0.0592309397420157,-0.017260450052081,-0.0308073225597461,-0.115166879717284,0.138514052281869,"E02000421","Haringey 025",533954.095762378,189115.829339634
-4.38953255106553,-0.00243334475036078,0.082811561580602,0.0457357159940042,0.00831980940714413,-0.0019655967139132,0.0302834914413933,-0.0364701945787824,0.00173758051443442,-0.0286256292489023,0.0142674017306207,0.191930139228323,"E02000422","Haringey 026",532714.155559715,188827.262069337
-4.65181525388999,0.00255871365070541,0.0832054162088373,0.0242488131526048,0.00918439358431935,-0.003713394170753,0.0293797132401431,-0.0236853263895005,0.00772201236180437,-0.0285741783659699,0.041796725047094,0.212167373104473,"E02000423","Haringey 027",532113.591848065,188694.259341371
-4.49340849087076,0.00844418152476935,0.069871849560576,-0.00973436730241914,0.0101478951706144,-0.00256701564455691,0.0198334743436176,-0.00596645762421005,0.0116633180579517,-0.0304510305973426,0.0491207422773385,0.224514399204222,"E02000424","Haringey 028",530779.864727142,188605.176471889
-2.21359638994086,-0.00312422468245091,0.0593889155532434,0.0429518767482598,0.00743613275974558,0.00573472334362342,0.0180066399171976,-0.0557160757746923,-0.0124349222346287,-0.0418862125273012,-0.170398305092414,0.163385255199113,"E02000425","Haringey 029",533970.655123792,188449.174850954
-3.90628009188506,0.00196460886624551,0.0353080134566865,-0.0211080147461061,0.0108788852406939,0.00595195875100771,-0.0180410702403451,-0.00693748829935543,0.0293455587427068,-0.0291054802717755,0.077214092308882,1e-06,"E02000426","Haringey 030",527845.650342865,188264.529086458
-3.51412378295055,0.0150022257514463,0.0562911896271375,-0.0304411248595595,0.00924481641767098,-0.00187250075641676,0.0185055960005467,-0.0093484613484509,0.00684456254514748,-0.0418736608651953,-0.0302770873112058,0.200773160705471,"E02000427","Haringey 031",531656.606730381,187882.645843358
-3.19785141217608,0.00380013785096135,0.065520058875672,0.0173392856543042,0.00848518032732027,0.000610629392614701,0.0239620664864454,-0.0328295668774638,0.00662592231041129,-0.0401955219529455,-0.0800175902172759,0.203589431349349,"E02000428","Haringey 032",532825.978454767,188208.119168032
-4.59616009336804,0.00159670892850804,0.0366522721328654,-0.0265907287185608,0.0121376696526995,0.00607089413484574,0.000735820203318173,0.00766070924504778,0.0160355308645465,-0.0376040032333297,0.132767048487922,1e-06,"E02000429","Haringey 033",529471.909791157,188227.867651761
-4.07594550579483,0.0144343899494963,0.0548406978202836,-0.040088087912968,0.009525097150607,-0.0018043707177125,0.0121988951008827,0.00228441990659291,0.0156719230182298,-0.0385380918793462,0.0382946507441108,0.191775812007371,"E02000430","Haringey 034",530449.305395009,188125.186986536
-4.18820043939238,0.00364094886850571,0.0257845407281381,-0.0235045086317912,0.0110546846062325,0.00753791431755647,-0.00976412243129781,0.00695653700774743,0.0207345316297238,-0.040863153792369,0.108413762412275,1e-06,"E02000431","Haringey 035",528824.28141061,187668.963130963
-3.44961758593851,0.0190991674645402,0.0426017003454443,-0.0515973130690511,0.00891759286109983,-0.000595980090167471,0.0127871261592899,-0.00109811380620515,0.00711134641924915,-0.0458163549277473,-0.0130169995990428,0.171867366581434,"E02000432","Haringey 036",531172.675803647,187645.335576483
-5.81557754386506,0.0165328727229905,0.00639073668043054,0.0277746537452891,0.00693151927594947,-0.00322328406726555,-0.0164283769309506,-0.0167926827553406,-0.0479014893412442,-0.0234682942523725,0.292048423379979,0.0652621082870732,"E02000433","Harrow 001",516499.758090908,193256.425505975
-6.3390915038088,0.0122379175722264,0.00960442810522111,0.0466090173613215,0.0118660324023681,-0.00675349344541888,-0.0230764992995769,-0.010286610181469,-0.0331602129613127,-0.012003101866374,0.307106194038317,0.0736440823928636,"E02000434","Harrow 002",518243.318651012,191763.791432769
-5.39261291530899,0.0160121488677815,0.00948403013223786,0.0341354386665038,0.00896763729758567,-0.00265070296873735,-0.0110680104235124,-0.016510789810364,-0.0597823937930896,-0.0196637653978959,0.215055112491272,1e-06,"E02000435","Harrow 003",516310.692053196,191677.657619681
-4.15753307933448,0.0301366942732178,0.00779279146514878,0.00324838906004559,0.00105756635784349,0.00187467466235382,0.00980293001528347,-0.0271182783438798,-0.0849393339312948,-0.0315916927690666,0.101900777692135,0.050374231614854,"E02000436","Harrow 004",513676.356494471,192126.332074452
-4.83894528398492,0.0206402185580955,0.008917158190934,0.0216543762241788,0.00587455546933763,0.000117442926556216,0.00143029985097941,-0.0208226113867849,-0.0837924920500664,-0.0232084244508021,0.161785552709742,1e-06,"E02000437","Harrow 005",515130.351576953,191124.474950577
-4.16708996453525,0.0303205904821626,0.00884280784365676,0.00471108607524614,-0.000524749179755342,0.00301874130325483,0.0173101816606132,-0.0291635498966589,-0.0951095907014919,-0.0294024584275892,0.0970641164434888,0.0443297043767099,"E02000438","Harrow 006",513293.203954763,191016.718497511
-6.66957270086897,0.0122745172996646,0.012098167153441,0.0564371531652137,0.0149714705417986,-0.0100992635575212,-0.0220732742963678,-0.00621289266009331,-0.0177197253764625,-0.00450843730476145,0.308201524906457,0.074133164328778,"E02000439","Harrow 007",519203.464383787,190906.699871458
-6.04115069735493,0.0124755467853935,0.00944665012389266,0.0406324223340635,0.00955612444309721,-0.00418586381129616,-0.0117519867172461,-0.0129968832381715,-0.0483916403809729,-0.0143765726632433,0.283297405632998,0.0804154958907496,"E02000440","Harrow 008",517016.402114534,190918.285019826
-3.64576180952766,0.0373918650642561,0.0104647465539212,-0.000451758964551581,-0.00368745358797294,0.0048768472053382,0.0246974960747308,-0.0360743666864463,-0.0859323767851256,-0.0309938886171452,0.028815938435546,0.00676518401052675,"E02000441","Harrow 009",511344.08898317,190881.821110027
-6.48264391441526,0.0131422209633311,0.0132193028300216,0.0566709262806238,0.0150373726192648,-0.0096832425661215,-0.0183595780953273,-0.00660197187080019,-0.019920562013979,-0.00457426578786149,0.278603698272998,0.0780155839186899,"E02000442","Harrow 010",518771.631101692,190375.774315347
-4.99422643064876,0.0191372352473953,0.0093285811137774,0.0244520178486807,0.00550957157694486,0.000589954684019236,0.00541643813763938,-0.0203900981824925,-0.094402227118755,-0.020231901893676,0.175416098710899,1e-06,"E02000443","Harrow 011",515132.854626468,190273.925073765
-6.13489110839184,0.0121760960759443,0.0114867852061399,0.0480695163517521,0.0120415894707345,-0.00625704206590801,-0.0113401114393604,-0.010010922888534,-0.0369377946752126,-0.00844602968007721,0.266398256184575,0.0839824278230603,"E02000444","Harrow 012",517696.896187454,190148.263782605
-5.30893832574837,0.0156622199156792,0.00976460617029535,0.0320812909044937,0.00729836897558104,-0.000733487772267156,0.00264551049391367,-0.0172245588819926,-0.0862895630630059,-0.0153489086853306,0.202335898167825,1e-06,"E02000445","Harrow 013",515776.24748196,189819.829669607
-4.36422919358828,0.0274117173101958,0.00980083078535066,0.0114139545422862,0.000591091571943545,0.0021245826045113,0.018839027106739,-0.0286196624552433,-0.102675788837909,-0.0241993610166019,0.111417647960046,1e-06,"E02000447","Harrow 015",513801.316103781,189944.843887815
-3.93297595247499,0.0345518148477581,0.0107453483625136,0.0042521360337646,-0.00340118210269981,0.0045104143397471,0.0273707291110439,-0.0347622855315061,-0.0928790567131091,-0.0269133282125308,0.0586362661526116,1e-06,"E02000448","Harrow 016",512166.476993778,189626.957710617
-6.22253864011939,0.012889742273025,0.013830836191848,0.0542762733406496,0.0145027837328655,-0.00900518426785014,-0.00755341958532437,-0.00689846451231502,-0.0204909930637399,-0.00156957763493811,0.244806605003267,0.0851313488153687,"E02000449","Harrow 017",518379.409232902,189344.924234565
-4.30204071910249,0.0304722525362864,0.0104842232065513,0.00878282101282727,-0.00195613672188839,0.00301242434160746,0.02620729656795,-0.0323084341086861,-0.101244528595079,-0.0236051567412664,0.103037390292102,1e-06,"E02000451","Harrow 019",513147.890089262,189164.513785204
-5.2334907571097,0.0180716164158963,0.009582444520998,0.0263489485184903,0.00397753542255945,0.000155328625429141,0.0141426253622585,-0.0215434457639919,-0.106393244259537,-0.0148141967867461,0.203582986563658,1e-06,"E02000452","Harrow 020",515222.542009261,189009.557560489
-4.94583078393111,0.0232361771327973,0.010022055313291,0.0185828403624534,0.000466122176902636,0.0014794554418716,0.0223315044667194,-0.0271048387421351,-0.114628823048235,-0.0178428673067833,0.176631742039921,1e-06,"E02000453","Harrow 021",514334.059944707,188652.852761936
-4.2713542051016,0.0342462058060323,0.0106690265740762,0.00365140971023404,-0.00437217941527698,0.00354452199191201,0.0308855583341212,-0.0364600448982094,-0.086869544833733,-0.0229894981175135,0.10371488257957,1e-06,"E02000454","Harrow 022",512000.086389909,188351.608674801
-5.31082967952176,0.0162582964172831,0.00955438637280502,0.0284352795453836,0.00477695120791889,-0.000542528999573863,0.0171365013954126,-0.0195501054694873,-0.10957626674105,-0.0093054215468188,0.20821770604309,1e-06,"E02000455","Harrow 023",515741.546777619,188206.058334681
-5.04039534351061,0.0245360449092885,0.0102020745223635,0.0167395566675763,-0.0010656878345142,0.00103453083079033,0.0264679076149612,-0.029731803383341,-0.113497301103711,-0.0161712802642462,0.192047678034563,1e-06,"E02000456","Harrow 024",514156.395703781,187994.224839139
-4.72721812720799,0.0294641292592171,0.0106538884012661,0.0107396734023233,-0.00344521125400236,0.0027282253489067,0.0305478897672364,-0.0335175427337729,-0.101281323581449,-0.0189241288883347,0.155547564495513,1e-06,"E02000457","Harrow 025",513147.602356324,187733.8450199
-5.4031870239411,0.023710491386329,0.0100789067720599,0.0166024230888963,-0.00225284145379601,0.000763157616666257,0.031047888260211,-0.0305414982498555,-0.121514966932471,-0.010951248381127,0.239141013896921,1e-06,"E02000459","Harrow 027",514318.438286472,186814.071047487
-5.1549537818307,0.0289110860303219,0.0100923827547742,0.00846779706469182,-0.00420500951331993,0.00132324864665163,0.0331753590632321,-0.0352716196233153,-0.0970401747322047,-0.0142916951176437,0.216581185701968,1e-06,"E02000460","Harrow 028",513189.84742231,186636.113941684
-5.34310339018142,0.0190276352170923,0.0093104995901301,0.020001746191432,0.00033975706556523,-0.000732447367196518,0.0285933674690437,-0.0262457957494529,-0.129725501830509,-0.00545786748634544,0.233286238596963,1e-06,"E02000461","Harrow 029",515413.894562784,186767.960513704
-5.50420649988354,0.0264225706953808,0.00965948558274634,0.0088537961763964,-0.00402218921603381,0.000272071781840736,0.0341761964667624,-0.0346346952395673,-0.107584542662909,-0.00903781496015826,0.264518223129592,1e-06,"E02000462","Harrow 030",513804.980693163,185898.545007827
-5.34129034741009,0.02991074128858,0.00935736481025693,0.00199512128555564,-0.00463882254095424,0.0003729982537393,0.033805485085564,-0.0374621151220983,-0.0843578999573133,-0.0115694905019723,0.251104991073109,1e-06,"E02000463","Harrow 031",512808.983403422,185803.171633452
-6.18395245088222,0.0117583168446256,0.0227567624922752,-0.0404802759306453,0.000866523212194854,-0.00567642451263714,0.00795618572533958,-0.00285357244115076,-0.111716674475055,-0.0091467322349522,0.32146731232771,1e-06,"E02000464","Havering 001",553999.897637653,193423.399401109
-6.12178399262785,0.0122400180678089,0.022747499449567,-0.0452065609690923,0.000245753918115841,-0.0056557872580439,0.00664404274637187,-0.00155215334608544,-0.11761824875148,-0.00960415516356998,0.318420419008012,1e-06,"E02000465","Havering 002",555355.562886587,192213.42875951
-6.12163612157794,0.0115064943926023,0.0227967987714038,-0.0350640291589847,0.0012425279990812,-0.00549617965765558,0.00804749117944027,-0.00610239899730618,-0.104677452218078,-0.00973100658370628,0.311924267152516,1e-06,"E02000466","Havering 003",551347.361174558,192721.639900596
-6.0799949878533,0.0120040812617865,0.0230109979513009,-0.0468492357316996,0.000701731645712735,-0.00555412815280901,0.00651924164728903,-0.00318223758378744,-0.111819990818076,-0.00975234190027518,0.312919147588377,1e-06,"E02000467","Havering 004",553774.410914265,191769.223543847
-6.1247370546693,0.011998848513176,0.0214279262258714,-0.0175063380949809,0.0010508192047465,-0.00569465341042387,0.0076753390312772,-0.012373564910208,-0.101696118783553,-0.00960134374222443,0.313470467664388,1e-06,"E02000468","Havering 005",549403.711597471,192432.977288573
-6.02937631626274,0.0118975035148986,0.023199454606456,-0.0484277099469546,0.000892624618917376,-0.00550554565812003,0.00607744968886386,-0.0042065863250981,-0.108836602118699,-0.0100806493809083,0.307464690517287,1e-06,"E02000469","Havering 006",552847.253450566,191207.781806796
-6.01135383518812,0.012910132973728,0.0224701755616261,-0.0489684851180637,-0.000197420939446759,-0.00534933165408104,0.00459205814428793,-0.00213069225624345,-0.119808675766146,-0.00975185134556319,0.310284553428715,1e-06,"E02000470","Havering 007",555880.50783144,190490.66614618
-5.9587548264804,0.0115926725346625,0.0235083922731799,-0.0491408319695468,0.00125865352160243,-0.00549200937158806,0.00564019632513603,-0.00598178006331087,-0.104005076483988,-0.0107515751267997,0.299094629451945,1e-06,"E02000471","Havering 008",551402.86528582,190702.16586498
-5.86715745819384,0.0118278920601203,0.023759456015633,-0.0479562449658477,0.00138083399381034,-0.00568634260643489,0.00529851206976754,-0.00736237357787779,-0.101812411997371,-0.0112404983253745,0.287997671091784,0.00837006726749461,"E02000472","Havering 009",550417.498298466,190325.901079438
-5.92955808271513,0.0129201259795399,0.0226410441011672,-0.0524405765242626,-0.000109048315456844,-0.00521256742569377,0.00363387290813476,-0.00325925329285486,-0.11635335058371,-0.00994498642257785,0.302597995409552,1e-06,"E02000473","Havering 010",554656.17177908,189503.11481832
-5.76529708704395,0.0118700166852123,0.0239369443798429,-0.0504411748717741,0.00160293804548271,-0.00577422226114663,0.00428151809276029,-0.0087677620594446,-0.099135918500693,-0.0118161779461939,0.277958598205528,0.010552609785084,"E02000474","Havering 011",549769.283926154,189631.159816123
-5.90904215341677,0.0123138000897451,0.0232900279633745,-0.0536063352308801,0.00045242845470199,-0.0053689088345303,0.00424463502944023,-0.00427659377874953,-0.11036380833014,-0.0106855262774125,0.297819938615801,1e-06,"E02000475","Havering 012",552795.516329224,189688.571376038
-5.70988127894477,0.0128553809305214,0.0242719278051214,-0.056878659265741,0.00046038579082914,-0.00566993005514971,0.0038238367783803,-0.0048647735113616,-0.107331683877015,-0.011647741833718,0.273657326429862,0.0213866438514217,"E02000476","Havering 013",551317.876330426,188960.638121918
-5.72021962612964,0.0137439921501495,0.0238097198753107,-0.057451505168433,-0.000759798230066385,-0.00546462506363478,0.00337155545210212,-0.00284572002593436,-0.116901947295948,-0.010853835472206,0.27869286189829,0.0329980592521022,"E02000477","Havering 014",552964.88511718,188355.822310347
-5.77780285939177,0.0143912087582967,0.0232386490776394,-0.054908712728702,-0.00143512781843966,-0.00526504051465115,0.00338252177136503,-0.00170879973527355,-0.124223463370527,-0.0103045872072767,0.28641385247446,0.0396931628941824,"E02000478","Havering 015",554760.11621999,188259.723647452
-5.62943880345155,0.0135873386241326,0.0241143644741149,-0.0599922817662409,-0.000400549401986261,-0.00554883950478005,0.00272137333276029,-0.00398677933442929,-0.112249481472861,-0.0112446738860277,0.26874444331317,0.0338662397483763,"E02000479","Havering 016",551967.896539984,187998.338586426
-5.53701320018472,0.0126948322316496,0.0243935984031859,-0.0601297601548505,0.00105462776640576,-0.00596436802857012,0.00184801618087319,-0.00756391702959632,-0.100476744058808,-0.0123177673912116,0.257321359014984,0.0249454107129529,"E02000480","Havering 017",550058.937003196,188021.258376401
-5.71316303045451,0.0163005870434143,0.0211741616005835,-0.0481643248511715,-0.00324962983442732,-0.00371495138031593,-0.00173435310281981,-0.00186095773253579,-0.143495025651944,-0.0115417311531265,0.284997592848554,1e-06,"E02000481","Havering 018",559066.900294497,186853.061034776
-5.76123406898697,0.0147072374133418,0.0219075152815908,-0.0542873138812981,-0.00144671868440539,-0.00438754125894477,0.000131908920545466,-0.0033728498896423,-0.124829188055029,-0.0100617939508873,0.288584442695783,1e-06,"E02000482","Havering 019",556493.467193229,187546.250297245
-5.64035199390735,0.0147545796401264,0.0233313403152656,-0.0593337649060802,-0.00155495909730177,-0.00502853771061872,0.00208147413210001,-0.00280879986671565,-0.120877963562986,-0.0100869316667664,0.27336621900259,0.0531979830846845,"E02000483","Havering 020",553900.594248606,187127.032702818
-5.539623735836,0.014267219975535,0.0237989269064321,-0.0627418239901373,-0.00111696572851154,-0.00530631450371782,0.00153328483594637,-0.00395962133122177,-0.115002933537,-0.0104572179059145,0.262929430411117,0.0500682774329318,"E02000484","Havering 021",552366.649847226,186982.385143528
-5.65378725122794,0.0154963428245375,0.0229199786706068,-0.0566410743652181,-0.00256867924012759,-0.00465946141741477,0.00142955687406407,-0.00177655200544158,-0.1305833073939,-0.0102944991037904,0.276397873680098,0.0640121653216499,"E02000485","Havering 022",555221.599850388,186764.908958567
-5.49296763656789,0.0152645770058518,0.0233742855733162,-0.0629608876528858,-0.00239135287437071,-0.00474314174601916,0.000534568353055322,-0.00319266465700109,-0.1236363599703,-0.00988843123326108,0.260943962432715,0.0710169212635275,"E02000486","Havering 023",553237.478260132,186141.919137566
-5.50443449903678,0.017167117490229,0.0217932614727675,-0.0530081836557535,-0.0047374412461668,-0.00308385293703093,-0.00250958232154644,-0.00210626467149349,-0.146554745122795,-0.0113853645534286,0.265759063765924,0.109341744137589,"E02000487","Havering 024",556512.165251812,184739.177539714
-5.4266116806954,0.0160193046682291,0.0229521889113048,-0.0628288121538477,-0.00355660080674406,-0.0041080039869617,-0.000851892408123098,-0.00300510829175503,-0.131450093916549,-0.00956728973621612,0.257008641476953,0.0926180924126047,"E02000488","Havering 025",553667.599350985,185379.261036547
-5.24476206866033,0.0156210948683186,0.0232316411456224,-0.0693318040633735,-0.00323283808190981,-0.0043510078684408,-0.00187514833001626,-0.00465523360203043,-0.122428972122029,-0.00867719103260504,0.240616736051639,0.103547909328648,"E02000489","Havering 026",552342.617535228,184924.104629267
-5.07431883265967,0.0160582111753045,0.0226760430830797,-0.0712296168770278,-0.0041887314994698,-0.00361117582815443,-0.0043117061656382,-0.00561505756438936,-0.123071913705406,-0.00774872677391223,0.227501581143993,0.140154930632683,"E02000490","Havering 027",552339.375684849,183986.403463752
-4.59725950521134,0.0139650457630988,0.0220065477409603,-0.0789506170246701,-0.0033965011649468,-0.00433670348728863,-0.00876194292560692,-0.0100855207879831,-0.0922679758522967,-0.0049075650544969,0.19049082506691,0.203922988962785,"E02000491","Havering 028",551092.351730769,182664.617820309
-4.72722357989253,0.0185222229392308,0.0204045070782094,-0.0545260991513176,-0.00649969968698479,0.000465176503182056,-0.0119349168308664,-0.00840931734576629,-0.121682690900337,-0.0121087774059591,0.188986100469958,0.240956463233272,"E02000492","Havering 029",553491.071065647,181454.099310567
-4.73212162207396,0.0170150182339622,0.021067469323797,-0.0636885298456691,-0.0054978232445871,-0.00111932371432912,-0.0107429573256087,-0.00847587542850882,-0.112580617366556,-0.00897112015797809,0.194116800449977,0.225165598269781,"E02000493","Havering 030",552723.264285669,182040.426361995
-3.69942086021167,0.0416766223399527,0.0103131625292048,-0.00971347687248282,-0.00462419838313353,0.00554124361795589,0.027326512675465,-0.0400061803715848,-0.0615279540988836,-0.0295507772010657,0.0376537356912614,1e-06,"E02000494","Hillingdon 001",508285.923976125,190862.128250027
-3.66544291224916,0.0401972243636037,0.0104882466665073,-0.00556607093501176,-0.00450115795364841,0.00519660312886725,0.0272570222467706,-0.0389115755009329,-0.069310590262522,-0.0298593234967753,0.0320594794403204,1e-06,"E02000495","Hillingdon 002",509608.88618061,190710.709175648
-4.40880642867159,0.0425329089912349,0.00902459462862008,-0.0205451652378042,-0.0039972133703889,0.0052640067739682,0.0304966395422516,-0.0421501374338259,-0.0595520243859237,-0.0261372198066718,0.131388330174335,1e-06,"E02000496","Hillingdon 003",505638.714358784,189946.564452872
-3.97443992138641,0.0385999052825281,0.0103882641375584,-0.00426735455752401,-0.00467872821581909,0.00440744465548804,0.0296247817924653,-0.038777110927535,-0.0693315645036192,-0.0260751604162385,0.0707791544059092,1e-06,"E02000497","Hillingdon 004",510306.286862473,189146.212453375
-4.35465374841479,0.0408172275090398,0.00935555250123806,-0.0151437245964679,-0.00438811313748308,0.00435232861719807,0.0305758741647737,-0.0408655152275748,-0.058891144909526,-0.0240432327864271,0.124623688653624,1e-06,"E02000498","Hillingdon 005",508191.177616528,188537.3241065
-4.3424697197666,0.0360194688544027,0.0102607738565108,-0.00107192378759518,-0.00480179798921976,0.00338988549782099,0.0316562506681387,-0.0380851421773379,-0.0742397220318829,-0.0221130381652653,0.117074555572575,1e-06,"E02000499","Hillingdon 006",511296.290043071,187917.964722193
-4.35652139677129,0.0394164049697259,0.00952704912318081,-0.0111306303399618,-0.00461452105208151,0.00366136546338227,0.0308567164406943,-0.0401326668669044,-0.0600167322410807,-0.0227332050689502,0.124883325524452,1e-06,"E02000500","Hillingdon 007",509455.490766194,187980.744648465
-4.63215585598398,0.0362316069052417,0.00968959134549621,-0.00530050987625327,-0.00490874926262729,0.00267890787134891,0.0324588250954488,-0.038874716473216,-0.0650036193561666,-0.0191482023695216,0.158604466997777,1e-06,"E02000501","Hillingdon 008",510990.960805621,186976.598199035
-4.97564137957157,0.0378711909741199,0.00825543035033465,-0.017951342931836,-0.0040718223739033,0.00212429255334631,0.0319172418760173,-0.041437077242533,-0.0579450655167643,-0.0160490472378471,0.213439043111323,1e-06,"E02000502","Hillingdon 009",509130.850781235,185879.495889204
-4.90142086571189,0.0365748500859821,0.00894996330261293,-0.011136855490191,-0.00467327723682277,0.00189332992560132,0.0325919021714095,-0.0398463037623176,-0.0596421251748377,-0.016801207201577,0.19947191194967,1e-06,"E02000503","Hillingdon 010",510549.950438025,186205.75408633
-4.94235838396358,0.0390160242591668,0.0081247523723545,-0.0219312407396469,-0.00354925708578714,0.00304866676108779,0.0314209409762027,-0.0426139099538334,-0.0572549927650067,-0.0168597714752054,0.208200229548425,1e-06,"E02000504","Hillingdon 011",507477.512047564,186180.834954445
-5.0007881817117,0.0381033950171373,0.00782375150068237,-0.0229174845456861,-0.00305992989090241,0.00326606269947338,0.0308516272821142,-0.0443748586418515,-0.0569698359279683,-0.0141040640446269,0.217423212790859,0.000922507240122795,"E02000506","Hillingdon 013",506406.163562692,185594.989330386
-5.14516206839261,0.03490974262391,0.00753809972530899,-0.0195593048646073,-0.00409498973981925,0.00187135704601536,0.0299163169692162,-0.045028469508136,-0.0585734478851156,-0.00942601149358844,0.247404723291793,0.0144792391389706,"E02000507","Hillingdon 014",508606.346815755,184079.730831417
-5.0823746663416,0.0342514735983497,0.00728049077684054,-0.0173949394403208,-0.00412092164577914,0.00382568455660985,0.0292945913363665,-0.048960576507103,-0.0563203092875773,-0.00734272280758698,0.236554590375952,0.0344085708234686,"E02000508","Hillingdon 015",506164.095086113,183536.208909286
-5.07376209706827,0.0337988274027049,0.0073169216064585,-0.0169679109254582,-0.00395075648330807,0.00438801686110291,0.0290816719336576,-0.0504573650922714,-0.0547488168229644,-0.00648241568995197,0.234047311620722,0.0392409872337228,"E02000509","Hillingdon 016",505153.206504095,183285.102544321
-5.13537694062551,0.0320173877327834,0.00706427514269884,-0.0159099655309916,-0.00446647929858989,0.00341342333040568,0.027461895920697,-0.0509386215992297,-0.0553123615575235,-0.00375449226733679,0.251076457722287,0.0452850932696181,"E02000510","Hillingdon 017",507076.663595062,182643.11587457
-5.22188525486297,0.0306837856977488,0.0070285228820201,-0.0160062464228697,-0.00502590510140475,0.00168676907266102,0.026979272989198,-0.0485619180647468,-0.059636419518903,-0.00345868934369757,0.271819647671017,0.0410939818326457,"E02000511","Hillingdon 018",509287.784075766,182667.53464598
-5.17052587304172,0.0312943865566468,0.00698140117598875,-0.0157594974520086,-0.00476659972374114,0.00270675606768966,0.0269203181971471,-0.0503337410095232,-0.0567432028021222,-0.00314426320313256,0.260596673046446,0.0453008412301497,"E02000512","Hillingdon 019",508105.329243321,182553.896469627
-5.28309392923265,0.0268208831537317,0.00705881247992616,-0.0136149058605792,-0.00580082133250923,0.000275179540645681,0.025733660513547,-0.0477204312826375,-0.0686567335464986,-0.000898098047699236,0.294233447450402,0.0496300238863447,"E02000513","Hillingdon 020",511068.260526064,182292.519105086
-5.2085639987606,0.0265283985853782,0.00662305092240741,-0.0122127063388667,-0.00603606831894055,0.00124719846753592,0.0233964067501161,-0.052066854822025,-0.0630285952697017,0.000953370960495909,0.287343030491296,0.0639339737410059,"E02000514","Hillingdon 021",510270.88396857,181741.319512352
-5.05965378237407,0.0290622187298505,0.00672179441610712,-0.00538330733258476,-0.00497406152834657,0.00513547834727992,0.0249713870511989,-0.0568653335667066,-0.050674212244076,-0.000486998164461078,0.239605859673106,0.0806210945881327,"E02000515","Hillingdon 022",505575.15074328,181219.46956234
-5.0443094906268,0.0227464883218617,0.00701073234237185,-0.0127110553418009,-0.00676848068105556,-0.000256784371378705,0.0232655665844996,-0.0507970035306142,-0.081346939978817,0.00229305319893279,0.285726066134999,0.0722210001153513,"E02000516","Hillingdon 023",511973.004265616,181527.883591136
-5.14185513808639,0.0270894387039222,0.00633785722798734,-0.00629827512277527,-0.00588116352852098,0.00321794417423918,0.0224769405948528,-0.0561612936921711,-0.0551333519726753,0.00163157416333548,0.267664844248042,0.0812789092575298,"E02000517","Hillingdon 024",508525.174995592,181222.949466543
-5.08822940945424,0.0273751560257847,0.00634953937477124,-0.00309117789529375,-0.00551080771788404,0.00451238861597317,0.0224347742022698,-0.0585081913041114,-0.0512208585288035,0.00178392371972214,0.252227578660969,0.0897120571731007,"E02000518","Hillingdon 025",507056.947982624,180853.832685617
-5.0848811446401,0.0239062492213718,0.00616979760798417,-0.00343909645939034,-0.00717254446651719,0.0021122615486872,0.0206216440246356,-0.0569379768791196,-0.0650685447842162,0.00298497864695247,0.277944270414869,0.101106098303418,"E02000519","Hillingdon 026",510669.140869914,180841.691605288
-5.08947964452366,0.0239009437561121,0.00556680863862351,0.00588554016640691,-0.00725180957720745,0.00359188318899214,0.0177045910210075,-0.0629541880826204,-0.0557644883923068,0.00416238033703585,0.269450017809204,0.122564965413014,"E02000520","Hillingdon 027",509517.313339834,180139.069154562
-5.06725315843968,0.0243068198179181,0.00532176140884401,0.0174472026711309,-0.00688137271795033,0.00564054122625305,0.0165281845376936,-0.0665460388396383,-0.0478259135435555,0.00328858494295362,0.248066646708264,0.144566685143347,"E02000521","Hillingdon 028",507633.486246248,179263.455096402
-5.01765483117797,0.0253398917893018,0.00578489546465218,0.0137920066656657,-0.00611035097488932,0.00640107827924993,0.0188658060916365,-0.0647958129211922,-0.0463841034691188,0.00247292979579541,0.234344293819961,0.133558678118375,"E02000522","Hillingdon 029",506090.449393625,179331.304947965
-5.1240825129208,0.0240247480961702,0.00465101649900143,0.0250700340515178,-0.0082130921073314,0.00476214527282165,0.0151346614978839,-0.0707031806716313,-0.0516421947275457,0.00220458236715701,0.25960768498096,0.172645603107085,"E02000523","Hillingdon 030",509486.333418242,178940.061220206
-5.07535703295033,0.0241153707195463,0.00294110348593225,0.0507409120175827,-0.00775446074715671,0.00594239964028295,0.00778609743539944,-0.080676105620694,-0.0387170497876837,0.000552398229359716,0.234021558442184,0.215842265709369,"E02000524","Hillingdon 031",506657.815408983,176436.272468521
-5.21064046207692,0.0256887033880159,0.00302640675211658,0.0475715805815404,-0.00916044809144925,0.00428506787991461,0.0116629786274303,-0.0813377499955372,-0.0461345569771433,-0.00203023169954213,0.255731410623643,0.223686588242848,"E02000525","Hillingdon 032",509416.505644443,177394.058207476
-3.42816933854281,-0.0261100917062881,0.0875268844569558,0.0264712460906157,0.0259506367620626,0.034988838629545,-0.020045439763617,-0.0316645331225729,-0.0951981343135343,-0.0161453347020103,-0.0910089468225085,0.677188847544482,"E02000526","Hounslow 001",521534.204611565,178509.957458122
-5.60456061087494,0.0283748688532065,0.00274329841644835,0.0473560445442097,-0.010948747660772,0.00042676681669256,0.0165440863123531,-0.0842073483047912,-0.0672131190782843,-0.00835126489840852,0.307736889208253,0.247831888269633,"E02000529","Hounslow 004",512845.725820314,177948.217056199
-5.32721272163622,0.0266914929775324,0.0033480999458147,0.0422494674454104,-0.00998122414377179,0.00310245578095986,0.0151984262361638,-0.0797286362126115,-0.0557044348752853,-0.00389899168687421,0.274421262410621,0.226760250477345,"E02000530","Hounslow 005",511214.269781108,178049.601049221
-5.46733504218067,0.0162045286024123,0.00188093354919653,0.05305637368057,-0.00499942394519494,0.00258060302177675,0.0126284980513526,-0.0731722389667907,-0.142843654613617,-0.0122725560882122,0.298336928600604,0.353600593471812,"E02000531","Hounslow 006",517132.706905277,177597.416590414
-3.37831699546741,-0.0291850084295887,0.0619204807294926,0.0402585948194619,0.0209676200484318,0.0273957260028297,-0.0150955788055031,-0.037436800507842,-0.140228779426,-0.0102416250832496,-0.0459661461441486,0.7042038470749,"E02000532","Hounslow 007",520906.409982565,177276.869592157
-2.71476611396384,-0.00468889427637481,0.00198515288819674,0.0627133395951248,0.0145744599362796,0.0329782707196921,0.00939694889178666,-0.0309531595829471,-0.132523730771649,-0.00475261358591539,-0.11461445809127,1e-06,"E02000533","Hounslow 008",519882.988047161,177484.264734929
-5.9702879932623,0.0247865650215513,0.00269483038386907,0.0484189270764312,-0.0101595774917803,-0.00184054031018591,0.0166833836152329,-0.0821535054652503,-0.115899372227363,-0.0118760483856907,0.360737519685143,0.264394729684983,"E02000534","Hounslow 009",515222.611906535,177899.105792702
-5.52088030289749,0.0306870474857935,0.000879226043032795,0.0618644251828886,-0.0112144696837547,-0.00089090934399264,0.0119609469357744,-0.0967038723401382,-0.053771104802278,-0.0102440270789934,0.293056351667033,0.263198734000044,"E02000535","Hounslow 010",511867.402999061,177035.534135591
-5.68898045105279,0.0321393157048532,-0.000153837190966138,0.0701135488961994,-0.0121420088799375,-0.00494072328702266,0.012049085792758,-0.107469687802944,-0.0605206706701123,-0.0153258068977874,0.317056723824392,0.279409566379759,"E02000536","Hounslow 011",513069.088905046,176716.393562344
-5.9144565596636,0.0312342694559681,-4.88660570276529e-05,0.0679309116480296,-0.012153659134281,-0.00617784213874837,0.0146185572285536,-0.108146397050418,-0.0784602552983637,-0.0180004806199393,0.348415489960348,0.281507402195436,"E02000537","Hounslow 012",514254.965386231,176992.753726032
-5.38062314932033,0.0306071158609434,1.459090955373e-06,0.0703463227537854,-0.0108349684061679,-0.00108122313743862,0.00748117215800605,-0.0999033568976093,-0.0456291108902058,-0.00941894150582632,0.273756573881691,0.269657369844961,"E02000538","Hounslow 013",510808.569842311,176160.304152486
-5.7200257986537,0.0300473023329469,-0.00278533652017747,0.0769957034268368,-0.0104466636201708,-0.0111230772632289,0.0086125013147409,-0.115808552099553,-0.0960646167522159,-0.0226134224702604,0.334463271637004,0.335160415154764,"E02000539","Hounslow 014",516079.071866988,176209.283796793
-5.77586202136313,0.033747438078542,-0.00260281067555728,0.0831385890407352,-0.0126052731548791,-0.0133935709806589,0.00974706109939186,-0.124779552055637,-0.0757174580616295,-0.02324028423805,0.339301834524545,0.301930105364091,"E02000540","Hounslow 015",514759.641103255,175988.637280252
-5.48548202917518,0.032805624367398,-0.00126798792259842,0.0787806989738389,-0.0117151401205438,-0.0051983750548373,0.00664654588190821,-0.110019169838602,-0.0482557591677371,-0.0137519937869948,0.289868598870284,0.283266239443447,"E02000541","Hounslow 016",511828.236250157,175852.3889719
-5.56164646210986,0.0338608336024021,-0.00180497076115973,0.0825273228861015,-0.0124520980936097,-0.00884113589818189,0.00725103788144915,-0.117311946240816,-0.0535238014872923,-0.0172942226341227,0.303890601874601,0.290516043431535,"E02000542","Hounslow 017",512848.103805083,175717.589713315
-5.55488862485439,0.035234993360418,-0.00309917468840473,0.0908250224722467,-0.0131577292880946,-0.014651507238292,0.00586273374424736,-0.127069155996702,-0.0585379790286228,-0.0210546681206814,0.310637283883469,0.296566214724649,"E02000543","Hounslow 018",513701.579603761,175290.069234053
-5.53721821141655,0.0365838864723571,-0.00483501965490053,0.0952568649295212,-0.0130972407824172,-0.0206575584971311,0.00445086158988356,-0.134254755442761,-0.0680659732373724,-0.0254146496780227,0.317744174846491,0.303229921356993,"E02000544","Hounslow 019",514786.666531319,175037.275899062
-5.42173426958134,0.0336276039679327,-0.00564901035129213,0.0893741526090785,-0.011058113083295,-0.0188713294979776,0.00134194285639448,-0.125327809816696,-0.0771497007595132,-0.0246921343815026,0.306123820760901,0.336241369612784,"E02000545","Hounslow 020",516050.566887169,175091.854999792
-5.3755068560691,0.034213267318374,-0.00353178161509551,0.0965369126469137,-0.012334060586962,-0.0124485366227171,0.000218978031867728,-0.121881490754766,-0.045227153205504,-0.0160644630965321,0.284046900166547,0.298728062834017,"E02000546","Hounslow 021",512289.305084946,174517.461371054
-5.26601360896241,0.031468672603135,-0.00191853284595248,0.0860154772146682,-0.0105614249661956,-0.00392103906725976,3.33656588972327e-05,-0.105985327754632,-0.0384096581193903,-0.00945749167598802,0.25868174796515,0.287902365638715,"E02000547","Hounslow 022",510016.62608538,174591.817809294
-5.1122893696037,0.0284867293878316,-0.00208654391327175,0.0899439038501744,-0.00879332864928394,-0.00223430399224916,-0.00550371703743522,-0.0996053466440206,-0.0316664363122499,-0.00537145547587321,0.236287303074816,0.296966622037877,"E02000548","Hounslow 023",508291.191780513,173289.554443471
-5.19076759913014,0.0310185089081732,-0.00421676358206021,0.104265390822257,-0.0107518576001651,-0.0117820510495334,-0.00695198253826015,-0.115131464699376,-0.0365062217544429,-0.0116007339606686,0.260834093046289,0.311980515418388,"E02000549","Hounslow 024",511279.641591635,173404.728943616
-5.13624945607986,0.0292413682025305,-0.00386076802212889,0.101985792632779,-0.00934501757582938,-0.00820985447106967,-0.00903619384440205,-0.107830365390564,-0.031938183942013,-0.0083920227996965,0.248201365251815,0.315694751447934,"E02000550","Hounslow 025",510024.077355819,172961.48972426
-4.95166160411747,0.0242577155996906,-0.00418593443486284,0.109772066344674,-0.00903643169749195,-0.0142620624294015,-0.0132751629096598,-0.106659937316254,-0.0334607282795347,-0.00820682582845157,0.240140202250164,0.336557002430025,"E02000551","Hounslow 026",512061.794049676,172333.619056717
-5.06270072969113,0.0254797273686566,-0.00355999136667023,0.10116291746995,-0.0074457125197728,-0.00686075923253238,-0.0123790140326752,-0.100570392054131,-0.0274967007596443,-0.00544969547612859,0.238282435305672,0.331539986923023,"E02000552","Hounslow 027",509414.298129043,172069.409393677
-4.87444280014051,0.0182842665019516,-0.00328562821608213,0.105502974523389,-0.00571094296208799,-0.0118394643049924,-0.0176594528531647,-0.094935580177787,-0.025473963921962,-0.00366717104562684,0.226319046035335,0.361885535297383,"E02000553","Hounslow 028",511424.834272172,171259.754877501
-3.80635223013537,0.0187481891248507,0.0291553286578688,-0.0614138614779412,0.00823408644620575,0.0019751197156832,0.00389502401138391,0.0107741703613913,0.0138534408180258,-0.0502619778091955,0.0539923643926188,0.116069206614358,"E02000554","Islington 001",530219.274859478,187432.968803511
-3.86063316820256,0.0139104138045567,0.0239445814486186,-0.0439068474337928,0.00817271594322128,0.00412281935663351,-0.0030492160943368,0.0131378597737332,0.0171122194938594,-0.0506889007528697,0.0707701430568899,0.080844509416605,"E02000555","Islington 002",529622.526666528,187203.707984133
-3.78179117420794,0.0225806229768504,0.0173295165625963,-0.0689695373952846,0.00684288187740044,0.00417381270914806,0.0047563945350849,0.0150591734395994,0.0154079423995765,-0.055885817886002,0.0626494819291,0.0815802128401036,"E02000556","Islington 003",530560.927845706,186921.097502358
-4.09769979235324,0.0127791985555472,0.012979524644397,-0.0102380156578532,0.00737653698484113,0.0057229321041452,-0.00569510831915071,0.010807571450524,0.0188128221976378,-0.0585912239773018,0.0985959824135564,0.0364788420077855,"E02000557","Islington 004",529277.059443033,186619.906494818
-3.50678985916754,0.0253098534768303,0.0099802375076237,-0.06938747377905,0.00594831234606311,0.00577950951387577,0.00640356850327784,0.0188018638627988,0.0200437034684651,-0.0567948351834109,0.0338716528649398,0.0679910498428155,"E02000558","Islington 005",531010.702794244,186444.711968979
-2.81576298322523,0.0257906787238781,0.00845814222031452,-0.0653546124117022,0.0067418068299008,0.00570873343355162,0.00926505275864016,0.0137868510603884,0.0220175655399102,-0.0557773018516161,-0.0452953069402666,0.087495908238873,"E02000559","Islington 006",531655.0923838,186233.629396086
-3.94220077450355,0.0203311643936247,0.00832054959409763,-0.0421975290084723,0.00499076917323187,0.00702623313576041,0.00302352862385053,0.0267060611245642,0.0219436513028531,-0.0566782448630941,0.0791431870647546,0.0408609805949338,"E02000560","Islington 007",530590.183610447,186133.29332172
-4.21587158873362,0.014462926318152,0.00923270919193761,-0.00170842636535784,0.00624994443894605,0.00671920354208851,-0.00123997465708075,0.0169376215545601,0.0186527981505634,-0.0600274638387959,0.10273704028421,0.0233792284894449,"E02000561","Islington 008",529696.451915532,186040.21211324
-2.59681926426065,0.0268618381008202,0.00432660324386047,-0.0587009482761934,0.00574487205152583,0.00765667441333369,0.00844784453422748,0.0240536179118397,0.0266811453090726,-0.0472122327258724,-0.0766243990268208,0.0800054399800093,"E02000562","Islington 009",532085.77054044,185658.901037178
-4.03916124914898,0.0173074219526633,0.00593690195204953,0.000169556933920111,0.00518915521335724,0.00660593263418489,-0.00281994033932253,0.0225384732286881,0.021311632807002,-0.0584798341665679,0.0819813396573898,0.0198412279548224,"E02000563","Islington 010",529990.132428352,185509.536445952
-3.76957683432802,0.021085234639604,0.00447661431687386,-0.0257943989321936,0.0036659733504548,0.00683268746721884,-3.57319684919266e-05,0.0333976108560702,0.0274255518275377,-0.0541396060134652,0.0561523190426628,0.0330015138834127,"E02000564","Islington 011",530893.650161988,185448.08104865
-1.85561724098795,0.0248320066322885,0.00422804666659703,-0.0449871785627032,0.00502534906917352,0.0081704203224961,0.00464108393223956,0.01791306055726,0.0277362749224884,-0.0365392587971879,-0.158826615228218,0.113591420323389,"E02000565","Islington 012",532880.179621729,185214.601962157
-3.39419789087808,0.0255548868779912,0.00145912649889316,-0.0418114611022021,0.00234218802675523,0.00693138099661712,-0.00226164927903789,0.039470422945684,0.0321009554272351,-0.0466158241943745,0.0186133835614142,0.0391450537398338,"E02000566","Islington 013",531493.604696082,185063.193146934
-2.95588650264368,0.0295374787246694,-0.000238409806328668,-0.0506756994568649,0.00126753124077276,0.00765054802116323,-0.000846555948398999,0.0338095003092395,0.0334213333956832,-0.0345913514798574,-0.0368702698871947,0.0771339776699862,"E02000567","Islington 014",532641.043875473,184692.309407622
-3.72891834119147,0.0230251130153679,0.00206137984706799,-0.00159986749167353,0.00335191609345715,0.00527557587212372,-0.00905495392501998,0.0340563519818814,0.025149295892623,-0.054070351358582,0.0474847763374416,0.0204545490082746,"E02000568","Islington 015",530448.531077361,184601.44946436
-3.24296986029414,0.0294662673308258,-0.000715918905791289,-0.0431615865496734,-0.000553285969761749,0.005721057230366,-0.00724460811340406,0.0410698650037799,0.0340918941577089,-0.0395034059903499,0.00349063683736398,0.0513797430844047,"E02000569","Islington 016",531999.318108382,184443.190492744
-3.51985105549,0.0270925194150425,0.00102569719997164,-0.0117533603783875,0.0011393952573963,0.00397777853230385,-0.0114444822604432,0.0456989051172243,0.030104580644128,-0.0484704750222269,0.0234500988073243,0.0300672908341352,"E02000570","Islington 017",531157.08432179,184114.719669152
-3.2504454590431,0.033094132830687,-0.00212255386974148,-0.0439061914241319,-0.00332927811677216,0.00341066799040977,-0.0103275846692823,0.043441140322396,0.0346602646788744,-0.0361153597860747,0.00509976569604808,0.0609375244785895,"E02000571","Islington 018",532308.093126486,183833.818259048
-3.43278182541815,0.0292360725525624,-0.000251672051951459,-0.00315083991396955,0.00242799106792824,0.00279013937285284,-0.0147226782715505,0.0391526164595402,0.0263862643793829,-0.0508894583340179,0.0119875610714165,0.0249472212485664,"E02000572","Islington 019",530695.827779251,183608.291819044
-3.23169921791299,0.032785716573439,-0.000345406267502362,-0.017708857018817,-0.00153770637940959,0.00172828001460043,-0.013444161490836,0.0466702005742696,0.0318544060901254,-0.0420355166253271,-0.011550848312613,0.0466816345150379,"E02000573","Islington 020",531666.396585099,183446.531117076
-3.19770823374417,0.0335496217270359,-6.19940093994981e-05,-0.00309337189939555,0.00133159473262452,0.00150173161560818,-0.0138542023312326,0.0373288778038913,0.0257191251871077,-0.046891798276645,-0.0249429653271428,0.0374902707913388,"E02000574","Islington 021",530953.301339549,183055.830477646
-2.8228838468644,0.0390660726430111,0.000937153835631168,-0.00424092974442357,-0.000353854524234732,-0.00137781803994438,-0.00870739150286935,0.0320249473985372,0.0281078046905633,-0.038869402288133,-0.0859635079582494,0.0658233326509948,"E02000575","Islington 022",531606.876658343,182382.047369711
-2.89557925979849,0.0376676494632735,0.00190246086028818,-0.0123149392026667,-0.00213306976811402,-0.00447589835019789,-0.00441673270152381,0.0248705052106539,0.0303746847123719,-0.0317623167814872,-0.0734583780529911,0.0984627438146893,"E02000576","Islington 023",532460.634316692,182359.993167537
-4.48676835974795,0.00445988272481935,0.0568532223092632,0.027266871333637,0.0333432028007058,0.0346995984174398,-0.050273308470988,-0.0276413779239852,0.00826854921251438,-0.036485998107705,-0.037638625725324,0.277767790688882,"E02000577","Kensington and Chelsea 001",523991.755515497,182186.41807209
-4.12480874091598,-0.000183487451906082,0.0484343593478203,0.0427472061507303,0.0347104804824476,0.0379711111668048,-0.041979356798562,-0.0257240027782557,0.00613831229636149,-0.0331520871122029,-0.0826640849894838,0.331011378996031,"E02000578","Kensington and Chelsea 002",523620.902326073,181919.684255478
-4.33358040556595,-0.00240651355361931,0.0685854646999639,0.0351931245277511,0.0383485356837807,0.0430043264132361,-0.0493990629882527,-0.0265808524786701,1.04186203642494e-05,-0.0363894484885767,-0.0861920238045265,0.355979587279676,"E02000579","Kensington and Chelsea 003",523659.908775547,181379.551791817
-4.16049437571925,0.00604124229583961,0.0716668073074066,0.0143530116112175,0.0363287731066453,0.0381069686992612,-0.0816990072846751,-0.0242936313246332,0.00488947330701913,-0.050072118187858,-0.0818292899712725,0.270762082203452,"E02000580","Kensington and Chelsea 004",524598.903343499,181343.664105964
-4.40665930412671,-0.00393946204412673,0.0867349692136819,0.0235159727924176,0.042943647841855,0.0437520821988356,-0.0656839101625946,-0.0217700473821573,-0.00439727439105403,-0.0418000662294713,-0.0942289830165408,0.359611898625957,"E02000581","Kensington and Chelsea 005",523998.04060888,180756.796714821
-3.6113718440476,0.00794709454662421,0.0693720071936658,0.0069661790144234,0.0379238518715677,0.0352068108117524,-0.102189664378367,-0.0172714228573234,0.00439673366812794,-0.0612325628329354,-0.127150244902548,0.28881259320734,"E02000582","Kensington and Chelsea 006",525058.199613977,180708.251916202
-4.00018687884649,-0.00233114660804848,0.0794812912488148,0.0212076305521409,0.0434328335863759,0.041262624729261,-0.0820935365678673,-0.016692539410572,-0.00193465480213427,-0.0480132291179896,-0.122100822526878,0.352173421582136,"E02000583","Kensington and Chelsea 007",524367.92790459,180532.239887172
-2.72419303443046,0.0185125955838816,0.0564569096254887,-0.00140193545702653,0.0244581398681735,0.0252319817648681,-0.128057635614995,-0.0266660450707284,0.00139457063590488,-0.0747011652967604,-0.155619220278279,1e-06,"E02000584","Kensington and Chelsea 008",525459.232118843,180069.051612414
-3.34031428285983,0.0010942783551352,0.0660837497634601,0.0271312868884597,0.035758887845295,0.0352305307183182,-0.103566774689873,-0.0169224870387039,-0.000977552573719654,-0.0418146288698449,-0.152117845082264,1e-06,"E02000585","Kensington and Chelsea 009",524511.537947175,179635.869008659
-3.0517378217617,0.0212520019450796,0.0538778361925962,0.00363819696313577,0.0199583577682375,0.0261152770048319,-0.0995342074049954,-0.0496203167063967,0.0019729537737501,-0.047005386045799,-0.1315418268851,1e-06,"E02000586","Kensington and Chelsea 010",526050.429881814,179353.512726121
-3.01561888711467,0.0103735020896533,0.0627102674262278,0.00771231003309427,0.0318410297961018,0.0257513073957138,-0.11747092799909,-0.0290657935656454,-0.000592960642421113,-0.0582839715755085,-0.151464852043193,1e-06,"E02000587","Kensington and Chelsea 011",525231.268292094,179214.744322038
-1.96693534012686,0.0399581996431137,0.0221892137193554,0.0232774640534139,0.013521620354875,0.0253264682404878,-0.0274080991448068,-0.0918709820950094,0.0180985282619053,-0.00837440167429548,-0.281381038882929,1e-06,"E02000588","Kensington and Chelsea 012",527639.843541129,179109.720000154
-3.21585488796611,0.0163651385478169,0.0595527809647035,0.00551331298594138,0.0252824436476831,0.0270858831227523,-0.100827460641691,-0.0492640173464612,0.00025057718307215,-0.0423815864675143,-0.128377763444435,1e-06,"E02000589","Kensington and Chelsea 013",525782.252572116,178843.529286003
-2.17671972087501,0.0350680636287306,0.0306380650134056,0.0220555515576314,0.0152392587486358,0.0344117978926416,-0.0433144607340335,-0.0882660709535169,0.0135812089542631,-0.00549216961080472,-0.265707417071543,1e-06,"E02000590","Kensington and Chelsea 014",527202.190460546,178741.950972395
-3.26455329821589,0.00434050421745786,0.0654261903003828,0.0156480941822868,0.0365443538220122,0.0264300929635332,-0.105056678604625,-0.0301528721790873,-0.00162881630936516,-0.0472525280361307,-0.143673117711802,1e-06,"E02000591","Kensington and Chelsea 015",525091.75847442,178662.487842051
-2.96672505298416,0.025025537728038,0.048341959567099,0.0128552963205934,0.0182094804765723,0.0347137567093824,-0.073187147909834,-0.0717140209620342,0.00545649884793295,-0.0161165570243517,-0.16958339389962,1e-06,"E02000592","Kensington and Chelsea 016",526492.066896221,178690.135030217
-3.33841235987842,0.0130310481823248,0.060550094794251,0.0123716500677762,0.0279940743107279,0.0308910264981582,-0.0846126346123434,-0.0480727298315448,0.000855323810460892,-0.0269802227089609,-0.139726006450069,1e-06,"E02000593","Kensington and Chelsea 017",525693.872804038,178184.043473644
-0.831107785356211,0.0517579328591304,0.00733795516222393,0.0272697334008641,0.0154380780300191,0.0328864586506986,-0.00497927065752986,-0.085667294873451,0.0235836741082912,-0.00680235293562001,-0.437911886764865,1e-06,"E02000594","Kensington and Chelsea 018",527833.89435822,178089.069729427
-1.9480806791363,0.0357348700770444,0.0306171505851198,0.0236632283855522,0.0163009566755461,0.0437137599086206,-0.0353628881341088,-0.0765220165157382,0.0134622210043123,-0.000230621836438534,-0.314685457213653,1e-06,"E02000595","Kensington and Chelsea 019",526961.665540226,177987.885261681
-2.89527722822352,0.0236331743065351,0.0481774825271605,0.0162148922281478,0.0198233227407912,0.0402911825505561,-0.0591233132192197,-0.0596474102962807,0.00612645006538793,-0.00870495007428268,-0.200833260577021,1e-06,"E02000596","Kensington and Chelsea 020",526190.577238766,177884.85907205
-2.51714878796677,0.0326611282791634,0.0408883131297117,0.00972430449350396,0.0170779592758356,0.0447497007529348,-0.0402933044729892,-0.0505689721219833,0.0129830323260548,0.00697117625180197,-0.265849911794806,1e-06,"E02000597","Kensington and Chelsea 021",526382.930870441,177326.876255638
-1.8599526719332,-0.0105916333309739,0.00778014692951685,-0.0142893104062853,0.00414131036658906,0.0135710906887521,-0.0242931586991693,0.00754089859104049,0.044902744417343,0.0121569118024009,-0.174631294544247,0.0659042128795619,"E02000598","Kingston upon Thames 001",518227.32491332,171043.138061405
-3.14678071195828,0.00241925704501865,0.0321565003574405,-0.0507510506013167,0.00418416834446712,0.0222831840279016,-0.0166440897541261,0.0178410693848049,0.0214552327836161,-0.000464893278193295,-0.0938885302034269,0.0831416328062143,"E02000599","Kingston upon Thames 002",520915.357886725,170596.966546483
-2.30868637160563,-0.00819600870592182,0.0148816114825099,-0.0358709023400091,0.008213926593728,0.0199311948473881,-0.0202848054576254,0.0218282241091321,0.0443260545531378,0.00601648836210162,-0.160102259899196,0.0789371952381741,"E02000600","Kingston upon Thames 003",519471.618521839,170152.988288586
-2.03765175804046,-0.0133585212239922,0.0107732007268404,-0.0333909316270509,0.00866677895466142,0.018240067792333,-0.0215988648743739,0.0187229311995046,0.0477750423922776,0.00698893600761466,-0.173418124536453,0.0591235640065952,"E02000601","Kingston upon Thames 004",518373.448407341,170045.540879004
-2.61247051178343,-0.0105018199112106,0.0123875395376988,-0.0414725247238463,0.0125857383544412,0.0219040588277854,-0.0181077934086955,0.0239954911271608,0.0419075649784034,0.000785869995413863,-0.129912050928456,0.0777549675407397,"E02000602","Kingston upon Thames 005",518868.577761464,169099.231903731
-3.19345331556108,-0.00271688914093982,0.0208583947933539,-0.0492989813482068,0.012571013558349,0.023938318164131,-0.0136948204150198,0.0248310409863184,0.0252212548186306,-0.00241874412744266,-0.0905683371937807,0.084044915013719,"E02000603","Kingston upon Thames 006",519964.179459295,168874.32470468
-4.6113199897729,0.00439935567872991,0.0306753317995588,-0.0322750524474823,0.00928773606502574,0.0290139592404836,-0.00841236805555342,0.0299470959878698,-0.0325331858804752,-0.00735569443761352,0.0282341895341466,0.032733761672164,"E02000604","Kingston upon Thames 007",521583.509929801,168629.405713725
-3.84632193729552,0.00036174960267667,0.0265961922817398,-0.0499948590428656,0.0128502537604838,0.0256869769151412,-0.00924016457530584,0.027620339491401,0.00139422381324444,-0.00416531015968181,-0.0387164474563126,0.0624444120837987,"E02000605","Kingston upon Thames 008",520664.530382181,168322.791445934
-2.71387203228424,-0.0147197122608688,0.0115298049358041,-0.0449858440190724,0.0144158231567389,0.0215898622179011,-0.0177910482678311,0.0243053893730371,0.0436771634576769,0.000198654994219223,-0.113802109698991,0.0705741562296278,"E02000606","Kingston upon Thames 009",518109.628574234,168509.674781474
-3.31647486613797,-0.0086914167688744,0.0162456091485609,-0.0484874963899076,0.0161272573084372,0.0231901089348867,-0.0133777094997079,0.0272249147964922,0.0329013975256492,-0.000860898860055694,-0.0714609865169367,0.0829909047015861,"E02000607","Kingston upon Thames 010",519194.90619953,168007.090986089
-3.21232254314998,-0.016249852640078,0.0121520849301411,-0.0483050180765285,0.0176491976760544,0.0221839879579069,-0.0150169463067259,0.0266787828270273,0.0400770868168694,-0.00044290465103812,-0.0673101706998498,0.0756935549063973,"E02000608","Kingston upon Thames 011",517878.630714257,167394.02491824
-4.78848688290958,-0.00185470143892359,0.0274269506302325,-0.0357607976358254,0.0154984504344673,0.0259357959981059,-0.00417484319005653,0.0313651539602319,-0.0229141467316205,0.000307723687422662,0.047161471688836,0.0378145966781843,"E02000609","Kingston upon Thames 012",521112.484573428,167118.653389424
-3.59735392198008,-0.0147602118198729,0.0141836958307132,-0.0497452927038182,0.0194112926056393,0.0224927860113834,-0.0122227490113791,0.0291547691253687,0.0358680683558829,0.000673423835750474,-0.0374492719529598,0.0786474909301907,"E02000610","Kingston upon Thames 013",518281.784789587,166826.136122876
-4.11438947977023,-0.00701578786666312,0.0227724374846133,-0.0520905381903197,0.0182089627599232,0.0235021019440265,-0.00738561449207087,0.0292939152815863,0.0168685473117195,0.000429954639554577,-0.00548677404396883,0.0703829788352905,"E02000611","Kingston upon Thames 014",519788.938366425,166900.945925176
-5.64909044769617,-0.00127525424673386,0.0288872092997926,-0.0151301096018698,0.0143821907218469,0.0269395387906802,-0.00238831863898047,0.0322211434348309,-0.0533830093670732,0.00294644978296099,0.129180772478006,0.00530270805116645,"E02000612","Kingston upon Thames 015",521886.187038532,166779.666037882
-4.01583421939816,-0.0147930281015414,0.0164175079930875,-0.0509370845514462,0.0212195511603299,0.0222723281229083,-0.00932352192383718,0.0305151521913526,0.0317128574491363,0.00227028510918474,-0.00141606467431942,0.0777487766051463,"E02000613","Kingston upon Thames 016",518433.369947604,166023.465406164
-4.79199669764154,-0.0092452602718483,0.0255462505301488,-0.0501411137108145,0.0211207615225369,0.0231403896013762,-0.00267452872596477,0.0322334210405697,0.00279223436646918,0.00492764471973256,0.0547618979822594,0.0511979898528021,"E02000614","Kingston upon Thames 017",519842.679730377,165512.396877125
-4.4145787363628,-0.0170748485776478,0.0179518082483652,-0.0528193966894626,0.0235325249844837,0.0216528406837076,-0.00698901141834601,0.0320202216824755,0.0299234318652943,0.00464079131922909,0.0363752660477003,0.0734770840231955,"E02000615","Kingston upon Thames 018",518166.797439034,164892.812122191
-4.96145368277343,-0.0142798535572946,0.0242398123123179,-0.0551009062278942,0.024063950223832,0.0216153628815537,-0.00217342861593026,0.032268730310846,0.0149122978506313,0.00723045565091321,0.07846586786117,0.0563929232602411,"E02000616","Kingston upon Thames 019",518897.996013069,163921.60848954
-5.10935084174695,-0.0203910897392093,0.0214084952533123,-0.0591014446248551,0.0270749563996886,0.020654080149075,-0.00316526780342702,0.03492379782374,0.0258952440798205,0.0094955002867176,0.102517175754218,0.062271307950555,"E02000617","Kingston upon Thames 020",517480.774518049,162284.733180737
-2.38499820498502,0.0568935335893517,0.00331569461217577,0.0346999264584515,0.0221378141717012,0.000602457191234791,0.0436911822252036,-0.0445777808901115,0.042494241487591,-0.00212016668874571,-0.313574713647348,0.244721580721402,"E02000619","Lambeth 002",531171.276301548,178756.165935153
-2.51886704625527,0.0596466589250979,0.000929599711629744,0.0305123579659184,0.0222027921138955,0.0033310551121071,0.0449371345480332,-0.0440632096202371,0.0417058718590785,-0.000521562455950802,-0.304910159927038,0.273726354912914,"E02000620","Lambeth 003",530944.624003881,178266.638039614
-2.75492947380821,0.0585021869550692,-0.00520545076358617,0.0307570928343225,0.0200165242649151,0.00905115043037804,0.0423177024159041,-0.0401354985148856,0.0332459113851449,0.00187584928026788,-0.271601772760974,0.307873809909954,"E02000621","Lambeth 004",530409.375628669,177531.957141324
-3.97524179833826,0.05331059016639,-0.00305672637151215,0.0412924673764468,0.0167668327687962,0.00139453611129954,0.0403530123670095,-0.0351474852890107,0.0223434264122245,0.00199101086085602,-0.120847112255666,0.28470686473632,"E02000622","Lambeth 005",531361.039419251,177378.7118855
-3.16058428692512,0.0545621760275291,-0.0146526107129886,0.0357759879806049,0.0167774157549213,0.0091096844470038,0.0375965244864911,-0.0350255258800939,0.0200140548859818,0.00213683246643438,-0.200608038331317,0.302207102559034,"E02000623","Lambeth 006",530284.69647588,176958.509690528
-4.49935992723886,0.0494825045422394,-0.0113361526419877,0.0468859172910579,0.0135761360211331,0.00197045763130918,0.0356297172963089,-0.0308017952975633,0.00759828978180712,0.00234242744732643,-0.0392538847762579,0.273812423926392,"E02000624","Lambeth 007",531167.48974511,176790.98497722
-4.30104010060742,0.0533668681929137,-0.0127334244341047,0.0263407590310886,0.0137282151486663,0.0100612271945631,0.0322817307142704,-0.0289057029371312,0.00442777453800467,0.00381520065681426,-0.062421022369566,0.299720835422474,"E02000625","Lambeth 008",529950.896428494,176434.122988955
-5.81944323862236,0.0402113397583849,-0.020981459838463,0.0659038466056544,0.0104032998419206,-0.00218163791057853,0.0290799054943897,-0.0303096405527751,-0.0148046153832779,0.00134351715836103,0.142128929375326,0.224166359582445,"E02000626","Lambeth 009",531763.159043337,176281.233098433
-5.46272180840091,0.0450769428899785,-0.0215312929286114,0.0460010385950616,0.0106099790464443,0.00350081989424505,0.0285057854435849,-0.0263938653069035,-0.0103877475823632,0.00289254397667447,0.0976706888650257,0.248793304064991,"E02000627","Lambeth 010",530523.188447932,176035.802182997
-5.99076595458383,0.0355022290835678,-0.0328841653981618,0.0727263776173373,0.00935138076813736,-0.00126523835206165,0.0258618265609776,-0.0285829350780182,-0.0206970274166293,0.00200035167417942,0.183882194848075,0.209250313757749,"E02000628","Lambeth 011",531214.261153658,175868.916977146
-6.42548093636309,0.054560804978802,-0.00190302829728006,0.00579041841360237,0.0100159077754134,0.0106202474658736,0.0282183204257629,-0.0200804956017718,-0.00953766697115448,0.00612511329436178,0.171759595725693,0.27802040276867,"E02000629","Lambeth 012",529696.327593158,175891.597584142
-7.85780124043778,0.0622275147381748,0.0145322302137477,-0.0327084200881571,0.00669055572853433,0.0152806864838516,0.0238776089601552,-0.013119199118599,-0.0126025045911848,0.0103429915672951,0.312247392914876,0.29576288765882,"E02000630","Lambeth 013",528975.159772048,175622.448194333
-7.31647728119166,0.0318085366985342,-0.0418847215287133,0.0796649167637924,0.00851136499360795,-0.00341875949561348,0.0193791261856862,-0.0326027651978179,-0.0362111660866285,-0.0031888199928525,0.352978571413787,0.135019568900634,"E02000631","Lambeth 014",532286.512186396,175556.412238001
-8.58394438252472,0.0417559462529829,-0.00762105379202637,0.0302279117241984,0.00758811956578614,0.00491256573873236,0.0244996849283931,-0.0178317504945317,-0.0303534606872308,0.00474690848506949,0.44122178566148,0.198278736015059,"E02000632","Lambeth 015",530338.134378801,175264.244467074
-9.24116943682327,0.0302623398437925,-0.0202663031553994,0.0576649627338676,0.0080019473584678,0.00118317332354788,0.0227334655665968,-0.0227497961665264,-0.0432255715057832,0.00313723659622691,0.543211702871483,0.146771226902742,"E02000633","Lambeth 016",531001.114134978,175093.294821719
-9.98947365086851,0.0487325512215626,0.00520272807213855,0.000557980067576329,0.00567377377924943,0.00926102824138265,0.0232553739375493,-0.010868801448914,-0.0304900440176472,0.00700604719200131,0.575039920997209,0.194010488606476,"E02000634","Lambeth 017",529720.025532888,175053.327201735
-11.9056661359555,0.0215543190779272,-0.0318177845924816,0.06148371847747,0.0102602258703611,0.00239009250655122,0.0181190150281706,-0.0301724089077958,-0.0637716470746248,-0.00115198761082416,0.859375479679258,0.00673670073603758,"E02000635","Lambeth 018",531650.343379241,174568.646231081
-13.4768948470469,0.0489940037207092,0.0102206163281517,-0.0226009164999025,0.00296259118839449,0.0116663589247538,0.0182875467536353,-0.00315867469469049,-0.0420357065850028,0.00877652193803353,0.955466487045316,0.130171194881434,"E02000636","Lambeth 019",529241.383023638,174631.667096796
-12.849056751161,0.0254100339750844,-0.00914469049132027,0.0416214060707127,0.00911585856367029,0.00578958517987936,0.0205824045429445,-0.0215559797400135,-0.0656746002581207,0.00213235101666011,0.935196764091434,0.0178492165597154,"E02000637","Lambeth 020",530851.126047957,174284.440277013
-13.4883401220279,0.0296951827754295,0.000190803433501123,0.0296194884752693,0.00775949751604553,0.00840041447941654,0.0191015714701796,-0.0172364223260568,-0.0705924332190823,0.00223096700087326,0.992275642194065,1e-06,"E02000638","Lambeth 021",530422.941264802,173988.18193087
-14.0193681609095,0.0322312056431029,0.00641695976484345,0.0230928505004759,0.00626107215791843,0.0103443486097454,0.0174591580713486,-0.0112084680612599,-0.0786680134432401,0.00310509378647894,1.0407086107663,1e-06,"E02000639","Lambeth 022",530045.445650539,173725.025284421
-14.6550692786201,0.0397107587726973,0.0114514707296682,-0.000313157498670093,0.00440246916639983,0.013583496080739,0.0127916749265571,-0.0042028866762845,-0.074202277853469,0.00334892254617543,1.09725481810076,0.00202497073377467,"E02000640","Lambeth 023",529423.914572849,173569.117344637
-12.3355265266762,0.0261514661299607,0.00588221609258884,0.0469241670393364,0.00704609290875289,0.00584496153970573,0.0163688370755341,-0.0192541577535712,-0.104686063388194,-0.000614536304827066,0.879831009809945,1e-06,"E02000641","Lambeth 024",531143.852688358,173457.855037026
-10.9290931874771,0.0284612778000907,0.0076714484881133,0.0492135555786461,0.00433926130961267,0.00164162475786815,0.00838324599595295,-0.022276815699659,-0.120385116070295,-0.00636255417589651,0.749980059166492,1e-06,"E02000642","Lambeth 025",532107.250223948,173252.441965359
-12.2343441373579,0.0284575958037903,0.0114073852140809,0.0527895574504638,0.00511725684233354,0.00818176026988229,0.0138911899729218,-0.00986919594657334,-0.116018539555987,0.00101471005966796,0.85511532294257,1e-06,"E02000643","Lambeth 026",530317.091533658,172827.31976054
-10.6090575418931,0.0273863310545204,0.0110548168728004,0.0688220934231065,0.00384020958316631,0.0031052545299532,0.0087940716129768,-0.0143190137503167,-0.127014544656765,-0.00272440448670863,0.699962282170566,1e-06,"E02000644","Lambeth 027",531211.8606196,172484.203772112
-9.33803747247532,0.0287269717651411,0.0113510392036124,0.0798276821101497,0.00100408343125774,-0.00288790606223152,-0.00283952079688302,-0.0176793469351175,-0.128351188364671,-0.00754585033272807,0.589065046070254,1e-06,"E02000645","Lambeth 028",532164.721642052,172235.301112896
-11.7481352263384,0.0285685050194215,0.0125785359181219,0.0683912742008897,0.00364140168475662,0.00751750779573728,0.0106665153385496,-0.00476656353842496,-0.129554911382253,0.000784587656449217,0.801198414041819,1e-06,"E02000646","Lambeth 029",530008.856914929,172256.002253766
-10.0201732378152,0.0327119069108706,0.0122755942795205,0.0749830619079356,0.00162120875859585,0.000801096674138524,0.000212987169681322,-0.00643683442946315,-0.125461655566331,-0.0038499975218347,0.636549998791643,1e-06,"E02000647","Lambeth 030",531230.062905924,171571.555087097
-9.42296936671859,0.0345407799019289,0.0129063466715968,0.0781468572959248,0.000128817907007425,-0.00344031508493048,-0.00810337212381937,-0.0100282920193819,-0.127885414789488,-0.00672156288071939,0.588074800913286,1e-06,"E02000648","Lambeth 031",532214.325109334,171404.730331084
-11.3366758928543,0.033999623344283,0.0124238876468356,0.0652710671981888,0.00222327498637234,0.00613474507480532,0.0015604876431927,0.00136698205854135,-0.1259774637524,-0.00291310376356289,0.761219708704587,1e-06,"E02000649","Lambeth 032",530057.55068314,171353.1844454
-9.31673868136438,0.0359030919058933,0.0142232383979452,0.081073436301148,-0.000885845614144999,-0.00602437884744515,-0.0143793679910873,-0.0116623659157293,-0.131515817758274,-0.00872370141066877,0.584887129043128,1e-06,"E02000650","Lambeth 033",533018.204038562,171199.02331446
-11.1523852481164,0.038343430975084,0.0116054056979104,0.0554610141703014,0.00183012162981558,0.00390083432746957,-0.00668554442804687,0.00663872168337864,-0.135414771742356,-0.00536843468150462,0.749502304886857,1e-06,"E02000651","Lambeth 034",530410.757276602,170571.020687383
-11.9326230007525,0.0399543563119497,0.0106260592821184,0.0326381724801953,0.00203967116741192,0.00754664438493606,-0.0129621067892632,0.0102456936403264,-0.137140359836573,-0.0089588575593037,0.83842159598047,1e-06,"E02000652","Lambeth 035",529580.756690382,170092.884934961
-5.94718178928222,0.019425588587514,0.0106456695229108,0.0880927138394085,0.0244626851239575,-0.00283918071871874,0.00306901193836726,-0.0652134517457557,0.0701477936659155,-0.00911840642319628,0.136218998644689,0.223471976846558,"E02000653","Lewisham 001",536187.43493137,178519.662949528
-6.26004342655666,0.0240971569025645,0.0085301623310049,0.0832349690123224,0.0239683018813691,-0.00232430445182025,-0.00708566079170188,-0.0699709355183345,0.077724089024071,-0.0131979364524219,0.176517544028198,0.19455811634099,"E02000654","Lewisham 002",536704.410719618,177939.934421057
-6.7077725599245,0.0279011757402947,0.00772747477224413,0.075405826953806,0.0219147130059346,-0.000828569614879659,0.000192211766058655,-0.0635179729784764,0.0486572368280393,-0.0106583634485001,0.217609249387967,0.189087367506917,"E02000655","Lewisham 003",535705.998368643,177554.670437935
-7.79968931343331,0.0404858330915065,0.00322966644017017,0.0601826087925312,0.0200037743299626,-0.000679889776936096,-0.0162974486617127,-0.0741945337409498,0.0710423352607606,-0.0202275916837907,0.341824560770322,0.073383034914802,"E02000657","Lewisham 005",536747.30305056,176556.910581166
-8.4586482576127,0.040236474348682,0.00308853059016863,0.0534107900193063,0.0175598956700098,0.00108009784352939,-0.00737825389144007,-0.0678240271145425,0.0269213239784298,-0.0184419983023948,0.416177156929323,0.09698341125996,"E02000658","Lewisham 006",535739.960255264,176545.681101102
-7.83333648016247,0.0438767359718854,0.00320777495228528,0.0872669702144744,0.0186128707260172,-0.0041090282502211,-0.0168540692115241,-0.0626315566165655,0.0564484395577892,-0.0191939104523218,0.330776697707746,0.0501464053113234,"E02000659","Lewisham 007",538619.742513435,176123.257899615
-8.27671757987509,0.0461655840842371,0.000620914592549017,0.058019891360349,0.0181375124288014,-0.00139981089610589,-0.0172937816463922,-0.0778740467400661,0.064060631781928,-0.0226525121984998,0.394850531071388,1e-06,"E02000660","Lewisham 008",537093.258244866,176047.872058877
-8.53204448521866,0.0422755747171128,0.0057359043841739,0.109841007452971,0.0192103491323344,-0.00395881192626262,-0.0170014103043228,-0.0502993653513497,0.0502774058146276,-0.0160115157052756,0.38896127741874,0.114513274292892,"E02000661","Lewisham 009",539470.64832982,176060.523779581
-10.0522490973263,0.0517546264985866,-0.00230988223985626,0.0359528874070875,0.0142706798960392,0.000379944881167785,-0.0129538532606515,-0.0731419540866631,0.0165615282254913,-0.0249509632171722,0.596527341349765,1e-06,"E02000662","Lewisham 010",536121.05308666,175638.939230198
-8.76241167491873,0.050844849209886,0.000740632988683716,0.0550649449922394,0.015929468654903,-0.00131586447440691,-0.0169656862060483,-0.0765236748746289,0.0614538492541402,-0.0242427822552142,0.442649916117957,1e-06,"E02000663","Lewisham 011",537529.992599691,175557.394505503
-9.68722025314604,0.0536597404556185,0.0076639498493273,0.066672134801883,0.0111021274220684,-0.00182015294383885,-0.0159119779469381,-0.0594126400609561,0.028051236774655,-0.0226502408855594,0.531051471014325,0.00459999988325907,"E02000665","Lewisham 013",539311.78727164,174872.327407634
-10.3331897727255,0.0566422008500512,0.00164285596488785,0.0347196237895926,0.0112950618973084,-1.63656513442122e-05,-0.014374452963578,-0.0781702563437282,0.0334379904764415,-0.0290409817257233,0.62250906426728,1e-06,"E02000666","Lewisham 014",537092.452903805,174929.107628824
-10.9155526830234,0.0573586023929793,0.000870348892932188,0.0257727145470792,0.00903231167786169,-7.23887332220014e-05,-0.0133999979945175,-0.0746527701376779,0.00786520091128312,-0.0287804884745401,0.698601511434895,1e-06,"E02000667","Lewisham 015",536612.776949395,174500.080455156
-9.95878509259108,0.0513323421345419,0.0167092293630359,0.0436542391349372,0.00754595892584014,0.000870085827467555,-0.0140877624015859,-0.0568405058204801,0.00452856197717872,-0.0275411204568442,0.576481312791686,0.00464974251320168,"E02000668","Lewisham 016",539747.845227288,174245.008662741
-10.6318691063128,0.0605343415865574,0.0144455624353845,0.0237107506722984,0.00546725758639797,0.000355686435671677,-0.0140434968425901,-0.0734307425345673,0.0257435842446547,-0.0314040769001297,0.650608687678514,1e-06,"E02000669","Lewisham 017",538781.521794676,174130.473908398
-10.6831036245223,0.0581720134868194,0.013165019760936,0.0233917494787603,0.0038631402945571,-0.000105800941672009,-0.0141269751688053,-0.0794079334384097,0.0159435222373006,-0.0336569351909511,0.676376178823594,1e-06,"E02000670","Lewisham 018",538210.194480987,173825.93070337
-10.424247846065,0.0537201149477359,-0.00756599556898798,0.0364516308763055,0.00503406417869386,-0.00161824105514387,-0.0149546666842447,-0.0681309115086291,-0.0240258494247162,-0.0292030847126928,0.677883884337713,1e-06,"E02000671","Lewisham 019",536212.390360127,173758.272188228
-10.7605352499319,0.0560466706169106,0.00607162861274822,0.0310265682996622,0.00332259338988361,-0.000975445792619142,-0.0140851238053335,-0.0803774791006356,0.000791639801484577,-0.034088895397827,0.701957657202335,1e-06,"E02000672","Lewisham 020",537350.170177931,173698.177140139
-9.26863542835534,0.0475018118999193,-0.0147147576770738,0.0480186882052469,0.00304604652957391,-0.00350481689381881,-0.0171173724314318,-0.0497191094714391,-0.057432684411251,-0.0229347211044235,0.579562911974225,1e-06,"E02000673","Lewisham 021",535196.555469758,173523.421954582
-9.79308920400298,0.0507510211940616,0.0193752451367438,0.0324200597586281,-0.000319779742152144,-6.06020093201914e-05,-0.014004021248966,-0.0764539264704684,-0.00680728475467203,-0.036110698941829,0.60348125982039,1e-06,"E02000674","Lewisham 022",538963.708562082,173249.682432072
-8.73883775042707,0.0317001677091299,0.0361328214807575,0.0353506023181727,-0.00408314885915285,0.00512530723266318,-0.0143942421254992,-0.0594480168123188,-0.0438594789801966,-0.036510477683693,0.514956306966854,0.12032124217058,"E02000675","Lewisham 023",540364.288603985,173177.551992056
-9.56638395357751,0.0474035720480782,-0.00472393053451908,0.0523950786079706,0.00177055326444536,-0.00340636192778946,-0.0169495705542888,-0.0619046983791782,-0.0481228130350257,-0.0280507395881432,0.607800788452398,1e-06,"E02000676","Lewisham 024",536178.552549043,172982.562100827
-9.67019504363224,0.0483949443801522,0.0174262445230527,0.0372765453295772,-0.0030609075418825,-0.000840150062704388,-0.0136423932616897,-0.0830032367499107,-0.0240270677057975,-0.0390091534841992,0.613552811694465,1e-06,"E02000677","Lewisham 025",538146.337127239,172859.8116794
-8.70872212024999,0.0389262713107823,0.0346828645239846,0.0388418257749486,-0.00683397624653983,0.00098604004324062,-0.0143111112552953,-0.0748360271405322,-0.0340698017172845,-0.0416603742187138,0.520643473126563,1e-06,"E02000678","Lewisham 026",539712.973610245,172626.804574213
-9.03830418034165,0.0419075105638658,0.00603872506591704,0.0643774982165731,-0.00084544817231351,-0.00454315979866127,-0.0175064126218027,-0.0541787208413764,-0.0728110887737143,-0.0256004903586017,0.561117212857304,1e-06,"E02000679","Lewisham 027",535906.096582866,172357.934644563
-9.05338529508033,0.037219516682575,0.0107104110851705,0.0652308526936998,-0.00200720804924469,-0.00702501870192975,-0.0210722899098488,-0.0382326765497216,-0.0978987626277328,-0.0200345631067842,0.580821652025888,1e-06,"E02000680","Lewisham 028",534876.167310915,172446.957292052
-9.06429466686656,0.0455654892452627,0.00941067142823258,0.0523712846810228,-0.00338764083574293,-0.00224804931067772,-0.0135452670062042,-0.0758106797653965,-0.0496967115031021,-0.0371560614862836,0.561977282150104,1e-06,"E02000681","Lewisham 029",537095.14079238,172393.090484919
-8.7765393342801,0.0403458981407053,0.0312412321528846,0.0353141969833574,-0.00904495083559278,-0.000466741992743297,-0.0124210739328577,-0.085391084377204,-0.0510114773997045,-0.0410602635113024,0.547374349274643,1e-06,"E02000682","Lewisham 030",538635.031297404,172140.756671477
-8.15130984061406,0.0231169118646959,0.0760058940137542,-0.0351885928733692,-0.0172365175090337,0.0112520136358058,-0.0149770708981593,-0.0616411562193397,-0.0581694969566638,-0.046802282481791,0.495682501555709,0.138288064540479,"E02000683","Lewisham 031",541276.847508919,172013.867915331
-9.29664620319783,0.0359892724215841,0.0170304667703482,0.0762995143756598,-0.00365151951156636,-0.00772444187660266,-0.0203751525499723,-0.030522814429858,-0.110564590176914,-0.0189118079870283,0.605052270126317,1e-06,"E02000685","Lewisham 033",534751.245747087,171754.754386477
-8.29603966150581,0.036938822217119,0.0437134729077051,0.0118777394255483,-0.00903107110292704,-0.00168504150447238,-0.00574015789783817,-0.0817281125699698,-0.0963854895027875,-0.0332793181125571,0.506779557354382,1e-06,"E02000686","Lewisham 034",537631.752666304,171188.535356794
-9.23952915873229,0.0376146640971532,0.0209525277188286,0.067923450435754,-0.00298833002492777,-0.00585111408153448,-0.0129119969532647,-0.0446763504769086,-0.101528773962012,-0.0211970428888721,0.586511354483738,1e-06,"E02000687","Lewisham 035",535744.027370426,171450.836810022
-11.9347608720634,0.0379375454562027,0.0402410844322488,-0.0627392149346704,-0.00843260450341125,0.0282363327801747,-0.0334170817728508,0.0196660043365195,-0.0287326260146172,-0.000485001145224248,0.821939134571587,1e-06,"E02000689","Merton 001",525394.730959179,172039.747576867
-7.01266098548804,0.00712224365947022,0.0525504039206583,-0.00397927362953133,-0.00559907717986721,0.0290824507121937,-0.0233288013935619,0.0183414134369662,-0.0197673842830062,-0.0123674810988163,0.286064066634837,1e-06,"E02000690","Merton 002",523069.649059791,171419.17006552
-11.9961472356338,0.0239658378444423,0.039963608125194,0.0247850497576966,-0.0109415870744066,0.0303965065657326,-0.0437138353987097,0.0167803123901689,-0.00396057086880944,-0.0174897933603617,0.829089037829032,1e-06,"E02000691","Merton 003",525332.585713905,171053.415323161
-10.2207379909909,0.0146478149190002,0.0530324340566613,0.0277918429834796,-0.011278336348697,0.0362936332502571,-0.0356593806034805,0.0191215488232947,-0.0105840676813047,-0.0227813836323704,0.61927297671171,1e-06,"E02000692","Merton 004",524245.434420047,170693.326808483
-13.0572189494672,0.0295072701584602,0.0179986178562448,0.040758978961995,-0.00209134746424727,0.0217376513864089,-0.0272700270456153,0.00932091449886451,-0.0867327440056426,-0.0190091277488588,0.954840418640668,1e-06,"E02000693","Merton 005",526802.234417784,170503.247705329
-12.5398115315283,0.022397375504569,0.026298621920858,0.0510140674306408,-0.00553591401435796,0.0265350217939956,-0.0366049431731583,0.0136125050949834,-0.0503681356124858,-0.0200509323646873,0.895602042253806,1e-06,"E02000694","Merton 006",526048.882107922,170521.380885454
-12.6716683810863,0.0388464539487512,0.0101482284174235,0.0308449353433195,0.00166512340956896,0.0121347213078931,-0.0165548483788506,0.00665312643288192,-0.124054073683814,-0.0136566457262063,0.917340534986913,1e-06,"E02000695","Merton 007",528554.683548239,170257.605181657
-12.8381079608181,0.0342462012984173,0.0129457760627137,0.0276388885840566,0.000282625036516166,0.0180048459969114,-0.0219079760017777,0.00632459822463774,-0.107208881341946,-0.0209755660452696,0.9389751195019,1e-06,"E02000696","Merton 008",527464.962950383,170088.992337983
-11.255436623728,0.0137183809194456,0.0336182587147279,0.0630344547908431,-0.0064740875640759,0.0310505406347402,-0.0344576200061321,0.0165370617197058,-0.0410830322653282,-0.0228450876031297,0.748536568295523,1e-06,"E02000697","Merton 009",525391.172917752,169947.77443306
-6.81958065200732,0.00937774987779277,0.0443200571138842,-0.00368773468832624,-0.000753142989644997,0.0336446128045289,-0.0153994287483883,0.0246828596509923,-0.0421870098097199,-0.0163142566755503,0.252978668110735,1e-06,"E02000698","Merton 010",522660.961451526,169811.664821772
-9.9140767666253,0.0110792944974884,0.0438583989201696,0.05020318871396,-0.0068905128388126,0.0356163045484919,-0.0263475102413279,0.0201606778172266,-0.0473498372033518,-0.0210773052650874,0.583683422778727,1e-06,"E02000699","Merton 011",524251.96785698,169610.628088781
-11.3340609496561,0.0227493991927754,0.0216351964176951,0.02978225179815,-0.0011018624216037,0.0247646127571284,-0.0239733242276657,0.0149648206328269,-0.090047955970866,-0.0191602841679438,0.772194985201213,1e-06,"E02000700","Merton 012",526468.899095937,169450.430901624
-12.1765996563596,0.0376420932505051,0.0121569753934852,-0.00541224407954272,0.00228952158599615,0.0154666055831755,-0.0163557211180357,0.00988395324585524,-0.127872165503751,-0.0183889456207185,0.875271437846771,1e-06,"E02000701","Merton 013",528038.859252059,169471.624270075
-11.4994407070388,0.0390043325325829,0.0153285582621542,-0.0363568255459982,0.00423587753082488,0.0119049744308396,-0.00547835304355557,0.0147367865837429,-0.145119767290928,-0.00693083617475793,0.800513489006388,1e-06,"E02000702","Merton 014",528807.23112859,168771.769995352
-10.202878776743,0.0112194446405448,0.0327001724668119,0.0584212308833799,-0.00323724583552905,0.0311101505711766,-0.0222742166112943,0.0179733722350182,-0.0722418549227734,-0.0173167522582304,0.628290639074957,1e-06,"E02000703","Merton 015",525199.201296599,169086.45947205
-7.86345082489855,0.0076249900841314,0.0407736205921144,0.0209070485740528,0.000923518849474228,0.0342651983741412,-0.0138473334801582,0.0259847904617063,-0.0624781604588376,-0.0122143867109291,0.356480661668198,1e-06,"E02000704","Merton 016",523236.552165655,168943.453637427
-11.5166660244968,0.0401880080626094,0.0149764004570736,-0.016978030095262,0.00356127866528742,0.00870339939005513,-0.006335172643426,0.0145308742701007,-0.147598705310602,-0.00295172975954239,0.797964193046696,1e-06,"E02000705","Merton 017",529492.031875746,169043.945040085
-11.2816806185634,0.0318285026073614,0.0170754887169257,-0.0158878764967256,0.00205954599754123,0.0196353188920562,-0.0139761266654935,0.0152876346609081,-0.122704388108799,-0.0171868771648523,0.776650153924235,1e-06,"E02000706","Merton 018",527297.48222978,168989.292333451
-10.8980658266919,0.0387104135854516,0.0208591998861151,-0.0461167735175808,0.00589597219937747,0.00702010718645736,0.0102510134516714,0.0138150143249465,-0.149216254920479,0.00939646741564371,0.722356000515535,1e-06,"E02000707","Merton 019",529929.143247653,168160.335725549
-6.90762999974953,0.00348244308733785,0.0346085805553717,0.0120778376149515,0.00738085800726276,0.0315966886155608,-0.00699944067994714,0.0295243440318482,-0.0729504515198891,-0.00347463681040375,0.253599952768376,1e-06,"E02000708","Merton 020",522861.195662569,167954.812628386
-8.62823438912185,0.00633897908288691,0.0342792092325975,0.0431320947887748,0.0027730658141852,0.0314000761284949,-0.0104451831621044,0.0227426590221514,-0.0851990275133602,-0.00400176264218406,0.441118555832993,1e-06,"E02000709","Merton 021",524307.512734783,168039.855098583
-10.2231061517251,0.0329508011422499,0.0201453632978513,-0.0598200499664883,0.00512648555780783,0.0163033302134735,-0.000683761831676125,0.0180766710156117,-0.139956801419745,-0.00515736575797711,0.662735589261355,1e-06,"E02000710","Merton 022",527715.016397053,167877.300091066
-9.54751806727045,0.0161833220007498,0.0271427447093795,0.0209731143555118,0.00211695144313336,0.0261110183578074,-0.0106940254713197,0.0198103731875992,-0.102839606837788,-0.00680298962182746,0.562730030100065,1e-06,"E02000711","Merton 023",525907.365765289,168095.889411872
-8.65906286210387,0.0114245516644897,0.0295116167797504,0.0267438261924528,0.00532750208070472,0.0264713361287711,-0.00410380679059328,0.0218642759750218,-0.105275566842034,0.00423340004688494,0.449508422958661,1e-06,"E02000712","Merton 024",525395.573552891,167284.670898399
-7.7607060470131,0.00249445648001163,0.0316970526496674,0.030981502242316,0.00949185654811239,0.0295884955512239,-0.00258488946780692,0.0278333061774831,-0.0939929096949121,0.00685447020827434,0.338415167936341,1e-06,"E02000713","Merton 025",523822.593505187,166884.424844993
-4.42093879370541,0.00406417364615548,0.0116764290539996,0.063997180554979,0.0133881074336372,0.00629079697317942,-0.0154856402681068,-0.0291970297510667,-0.0557779380110414,-0.0190819876588994,0.12782300297037,0.00475078898635223,"E02000714","Newham 001",540356.267302032,185666.21700037
-5.21172336155022,0.00841691126673374,0.0105565478168092,-0.045020959819136,0.00705485095003216,-0.00325003584726437,-0.00814174059155758,-0.0361128926036901,-0.0619562542495677,-0.0137039610701,0.30186928533874,1e-06,"E02000715","Newham 002",542949.120227284,185728.237257484
-5.02883475109436,0.00839753064827332,0.00963755567144483,-0.00970850512543645,0.0087987103661631,-0.000541813024031626,-0.014590848213499,-0.0327136647878015,-0.0653938772571175,-0.0148197837415065,0.258635178523598,1e-06,"E02000716","Newham 003",541978.456688226,186009.339477769
-5.13861793184556,0.00713997804900962,0.010168832966679,-0.0195065154130611,0.00940660370556965,-7.76075804755001e-05,-0.0101191388835214,-0.0328322706820027,-0.057217392825792,-0.0149375398801816,0.271002052998252,1e-06,"E02000717","Newham 004",542215.429924872,185425.732568559
-5.27171071178951,0.00734984862296637,0.010997463489198,-0.0495000061597091,0.00737497167552279,-0.00323654225810197,-0.00639465091691038,-0.0363091363744824,-0.055976213482299,-0.0141959637331784,0.309308908575313,1e-06,"E02000718","Newham 005",543152.043703145,185307.484656533
-4.02038334572314,-0.00120430804110186,0.0143399037416407,0.102062793165496,0.0167830222965073,0.0120213283836836,-0.00805771536541108,-0.0244818111088776,-0.0407255536195304,-0.0210059878564378,0.0405961611059065,0.0175359121644144,"E02000719","Newham 006",539710.286371341,185294.203590575
-4.90346738260947,0.00520399258064483,0.0109699245665835,0.0378078746466559,0.0124955443144021,0.00445724744547124,-0.0121756602166514,-0.0303973845142867,-0.0520932323898585,-0.0172670759620251,0.197101630874243,0.00187166927369009,"E02000720","Newham 007",541064.247915412,185311.15523072
-4.91352151577325,0.00280361010481676,0.0127376784682259,0.0740958184026754,0.01514317526292,0.0078553582958638,-0.00667637389467199,-0.0287803797359447,-0.0367735807022493,-0.0184343641460465,0.156612001460405,0.0155848397020114,"E02000721","Newham 008",540630.528007901,184831.915343631
-4.45204997228275,-0.00445889116415937,0.0159801477113595,0.129857473121724,0.0189642237052,0.0149929861280529,-0.000230372298817866,-0.0251368216549143,-0.0206612590473298,-0.0196901092774063,0.053625598997561,0.0325650777577028,"E02000722","Newham 009",539682.460656564,184714.791470361
-5.1862441720483,0.0051399654011449,0.0108853235103876,-0.0269380107561251,0.0108692906456362,0.00150552584152686,-0.00523137462792227,-0.0327841310938379,-0.0458735923406422,-0.0153324977011198,0.270900332024564,1e-06,"E02000723","Newham 010",542367.282263806,184649.076181006
-5.16962322156328,0.00460420137476967,0.0112071531118284,0.00509314441802786,0.0124688868820715,0.00399099479262789,-0.00491228879993659,-0.0314781475505249,-0.0438043921329706,-0.0157688509626538,0.240418252762444,1e-06,"E02000724","Newham 011",541764.107042836,184651.890984831
-4.0023137786183,-0.0108174825531954,0.0191522754607145,0.162546188938136,0.0219969902551571,0.0220737530593169,0.0075606702173705,-0.0239510903145168,-0.000592133136263726,-0.0201305469322253,-0.0353131747170054,0.0536605360628179,"E02000725","Newham 012",538982.963799752,184530.744347035
-5.19734248006775,0.00330722363614613,0.0124953906805962,0.0398972112006388,0.0148173169882587,0.00698235958662259,-0.00125110279525855,-0.0305163258438686,-0.0318077683396112,-0.0164331727850254,0.204227903370893,0.0100358970677548,"E02000727","Newham 014",541355.006230572,184258.690557688
-5.1437668129645,0.00447206928254127,0.0113044104988058,-0.0591935419157847,0.00941535542133904,-0.000808855925410571,-0.00371604739041023,-0.0360412740072582,-0.0438970015204545,-0.0151319887006433,0.294240771421843,1e-06,"E02000728","Newham 015",543042.020002655,184340.724572216
-5.26304140337898,-0.00296952734284773,0.0160939514742974,0.134650775009092,0.0192617658882566,0.0141314820858816,0.00451650387922073,-0.0302499938534252,-0.00665701942525774,-0.0177611381820109,0.127221414139903,0.0414568547729588,"E02000729","Newham 016",540129.874420618,184105.282610663
-5.34689767365526,0.00082578028518935,0.0142402762533048,0.0881537141754088,0.0169972780041187,0.0101053656620632,0.0023907877592965,-0.0307610837548358,-0.0187593282520048,-0.0167457133188086,0.176216369422074,0.0238777096500177,"E02000730","Newham 017",540804.456678257,184081.652609542
-5.08684549691883,0.00286120434076938,0.0122362161850944,-0.023410097065472,0.0136280404999782,0.0048274918553238,-3.48433517635265e-05,-0.0323880245093588,-0.0303219604056531,-0.016013264569242,0.237393345124434,0.00131408339155589,"E02000731","Newham 018",542361.34317988,183721.495170924
-5.20111426135242,0.00240388420789227,0.0129951113983796,0.0225216595954546,0.0157276808579942,0.00782291875106842,0.0021569027731321,-0.030537922747206,-0.0219582670178188,-0.0159809183209182,0.205926890688363,0.014114829364742,"E02000732","Newham 019",541739.597847549,183649.331181869
-5.43411391013652,-0.00730745361127798,0.0197395082363125,0.189975875966263,0.0231065632740433,0.0213986055151049,0.015148335676586,-0.0341437191909468,0.0259781838671349,-0.0169771131684402,0.075741619221435,0.0775850404564916,"E02000733","Newham 020",539355.861913579,183611.610469274
-5.67716322956489,-0.00479544927310372,0.0178768128590476,0.165818005345185,0.0214495561770893,0.0174242591489896,0.0114261410750961,-0.0330151634365263,0.0135633853867755,-0.016181824569907,0.131060584089577,0.0588898331222605,"E02000734","Newham 021",540041.243659716,183548.9362414
-5.51784244113173,-0.000589542515504509,0.0154116676944628,0.102214755860724,0.0192090649267583,0.0128702073688775,0.00705876098153951,-0.0307162500218313,-0.000457553983613936,-0.015612957706787,0.16585594535234,0.0427085147227817,"E02000735","Newham 022",540946.632293956,183349.34053881
-5.01861680638216,0.00236430724312973,0.0130985886825603,-0.0747033257201341,0.0109388099933998,4.39034631647951e-05,-0.00110914259437759,-0.0362661066091722,-0.0291855645434876,-0.0152576437907257,0.275510396969818,1e-06,"E02000736","Newham 023",543513.969289699,183257.818177297
-4.96318421255286,0.00159234777054949,0.013293767328222,-0.0380428636976042,0.0146550771424863,0.00557441467342984,0.000787804257450232,-0.0330377712676166,-0.0212259543806307,-0.0159014453098048,0.223128966324602,1e-06,"E02000737","Newham 024",542698.464248644,183071.756641792
-5.18817284726921,0.000562065183773397,0.0141504424037192,0.0228317342418324,0.0177037649355989,0.0105937353210671,0.00462614310602655,-0.031340493523226,-0.0124444124505842,-0.0157325304929201,0.188466365139918,1e-06,"E02000738","Newham 025",541821.006252824,183021.77348266
-5.90681465290937,-0.00111159501128281,0.0168421676691344,0.129701781108641,0.0224027492938953,0.0182683069722366,0.0131850969539964,-0.0320342541944369,0.00960858103808292,-0.0146283731798057,0.158812855737438,1e-06,"E02000739","Newham 026",540539.596580451,182858.668158375
-6.53088323706484,-0.00235652505814109,0.021067686713237,0.226536970471857,0.0252009376148467,0.0226592700502229,0.0235142221680668,-0.0408380597911047,0.052122299882585,-0.0141753663301231,0.129651186801482,0.100639607897897,"E02000740","Newham 027",539362.923984097,182650.20198835
-5.59341954165526,-0.000834103098616557,0.0161969774243945,0.0817988783210738,0.0215089783924773,0.016109608346578,0.0088052214395253,-0.0303743405503223,0.00677768298751735,-0.0143606596732881,0.16211037866537,1e-06,"E02000741","Newham 028",541233.624248445,182503.026543304
-5.04719020021277,-0.000462307323046409,0.0147579692610385,-0.0105626090223474,0.0180861676772135,0.0100449300771044,0.0010772236243271,-0.0307174013040928,-0.00520321771356395,-0.0150676235981438,0.18982692242635,1e-06,"E02000742","Newham 029",542411.298291283,182379.190016003
-6.69708046564512,-0.00029813986601173,0.0202283434450296,0.224140269769929,0.0257132958632789,0.0217634912333241,0.0193417353180904,-0.0365304167420422,0.0501406499483568,-0.0119470593415456,0.143957502069078,0.0944868550087453,"E02000743","Newham 030",539960.498489565,182131.304589362
-6.26066181208632,0.000489697784912942,0.0177679041155174,0.139149129966493,0.0251120279753605,0.021166503535452,0.011827266694401,-0.0293373869446765,0.0293184178792214,-0.012192657052121,0.15815377637149,1e-06,"E02000744","Newham 031",540649.755265246,181964.950598108
-5.46821121939336,-0.0014497955275009,0.0163381784271403,0.043217479005147,0.0222011356123281,0.0156140386802858,0.000272164613029169,-0.0272185941815914,0.0139922710777353,-0.0132816743363629,0.167564151803005,1e-06,"E02000745","Newham 032",541858.535034566,181770.500179257
-4.80005936694575,0.0001576048893791,0.0157401888516188,-0.0874529783076367,0.0132354506563214,0.00109963041775847,-0.0035108547639876,-0.0344902877622987,-0.010897058928354,-0.0123038109899182,0.236917245226962,1e-06,"E02000746","Newham 033",544107.176063904,181813.807362904
-7.03458161816723,0.00413139753546659,0.0203524497840482,0.248720500850151,0.0283434313163928,0.0217272785747807,0.0180514420172822,-0.0366757386572418,0.0632666532397788,-0.00984231081251036,0.135004990868527,0.116618361626253,"E02000747","Newham 034",539614.60693682,181342.990609062
-5.39231242415286,-0.00164541402981123,0.0166207372683068,0.011539165029679,0.022283489284446,0.0142796950337628,-0.00725371203739865,-0.0252490530374218,0.0169822096762552,-0.011540292589908,0.177196658453197,1e-06,"E02000748","Newham 035",542499.150323574,181153.555467087
-6.24630218082768,0.000312968318733433,0.0177919236100037,0.119677560088493,0.0270225693264334,0.0226863767954897,0.00169346293219367,-0.0240955707027198,0.0395347622845236,-0.0104703247465918,0.154024541680178,1e-06,"E02000749","Newham 036",541046.858248414,181103.016973687
-4.55416584029807,0.00895372240837437,0.0109373026063371,0.0164749139063935,0.00733142181712497,0.00285617607484392,-0.0324063316291896,-0.0351991777810204,-0.116582696101795,-0.0138078553133769,0.195482701578076,0.00134880226983951,"E02000751","Redbridge 001",540415.761334705,192643.267114189
-6.14791280288213,0.013190551387517,0.0186265505607034,0.01359760371715,4.01637832672306e-05,-0.0064515407015298,0.00609608643734454,-0.0223190857310126,-0.101231760200618,-0.00924886400840056,0.322613007899711,1e-06,"E02000752","Redbridge 002",547536.769062635,192330.003297724
-5.94650259421134,0.0148904747030216,0.0148166417228961,0.0464948740374284,-0.00115284865455957,-0.00667420238679756,0.00113455730834955,-0.0357159334299048,-0.099675813926886,-0.00828047323992599,0.312395026859283,1e-06,"E02000753","Redbridge 003",545514.309982798,192235.045048212
-4.9797563675399,0.0120631597308146,0.00921193580101211,0.0131232562259035,0.0053002012357267,0.000152716723266625,-0.0272852143458301,-0.0380954408337142,-0.105448420396083,-0.0101276795298207,0.249708227442255,1e-06,"E02000754","Redbridge 004",541504.063779986,192097.290186148
-5.31784659581135,0.0131477473379698,0.00913386328070899,0.0192456894091552,0.00366225593566163,-0.00219312481095863,-0.0218310866886261,-0.0406809793909367,-0.100540841911479,-0.00836722704126526,0.287244519347116,1e-06,"E02000755","Redbridge 005",542185.932827539,191592.871954895
-5.92098611269659,0.0144258929321162,0.0126290693246846,0.0367608089316927,0.00014309668639323,-0.00718904117072489,-0.00558763646153347,-0.0414422908635164,-0.0973570268388594,-0.00880089831689713,0.333543104804129,1e-06,"E02000756","Redbridge 006",544438.456721257,191117.717383921
-3.96779525365455,0.0114658750251385,0.0095819119297829,-0.00475873475539799,0.00693890773037073,0.00123702371432728,-0.0409490669863816,-0.0475199428980782,-0.110488485902488,-0.0160409448818405,0.157741981446942,1e-06,"E02000757","Redbridge 007",540141.203685704,190676.862457369
-5.46390103849728,0.0142807677764262,0.00954895111605251,0.023222309596581,0.002758537516844,-0.00478357354715222,-0.0167995503003615,-0.0411220423578693,-0.0956931510220352,-0.00881665044817576,0.301825289455164,1e-06,"E02000758","Redbridge 008",542802.809342842,190503.039035553
-4.62252899869515,0.0135280562969134,0.00808715949636228,0.00114717505940869,0.00540788688186298,-0.000812802682536527,-0.0317050238531381,-0.041878349323228,-0.101689410365348,-0.0104196957548297,0.225336265586208,1e-06,"E02000759","Redbridge 009",541240.154963793,190326.416099843
-5.72615314582142,0.0142943211890734,0.0116333645238139,0.0231995654654385,0.00134420499872995,-0.00697999037079923,-0.00923539804401219,-0.0415850730621139,-0.0948321411271527,-0.0097297805752388,0.32453820679783,1e-06,"E02000760","Redbridge 010",543881.281642452,190213.504934537
-5.42186874933884,0.0138766451426355,0.0103662330049523,0.0081875160941527,0.00303837863554476,-0.00612228432933302,-0.0132046230219543,-0.0407105029022262,-0.091032735482035,-0.0107064386436393,0.303532651827534,1e-06,"E02000762","Redbridge 012",543225.816162466,189088.559657557
-5.82007641012039,0.0125614792091331,0.0195664115486383,-0.0169323853767179,0.000912323643205885,-0.00690720676201856,0.00385969075325505,-0.0288275798644667,-0.094784376558481,-0.011656411027253,0.303841221321518,1e-06,"E02000763","Redbridge 013",546408.532831075,190182.703941769
-3.71640445815561,0.0122761290940624,0.00841085824665717,-0.00775649396205713,0.00716820075234834,0.000797665959298111,-0.0407363999397621,-0.0455986073647751,-0.102007833662018,-0.015474984497018,0.13460903000569,1e-06,"E02000764","Redbridge 014",540138.052025348,189084.566802157
-5.59870551929613,0.0132031587684323,0.0112627631076511,0.00285759633508466,0.0026606156727554,-0.00696104365775026,-0.0102255031160594,-0.0409141470717326,-0.0887982966912756,-0.0109822045519974,0.324137582308837,1e-06,"E02000765","Redbridge 015",543645.305298506,188830.22611606
-5.76696574191558,0.0125412448276656,0.0132410774621872,-0.00863006853672869,0.00178219014766375,-0.00794960747958422,-0.0058366093046569,-0.0399668618487573,-0.0885973794484284,-0.0116612478047179,0.341807471012936,1e-06,"E02000767","Redbridge 017",544340.893353274,188791.849462822
-4.39205889790379,0.0132277707377653,0.00785510231214002,0.0104745485946978,0.00689826419267364,-0.000672614108861175,-0.0310765474892308,-0.0370911447358137,-0.0948069889686931,-0.0119044774418417,0.190927274937304,1e-06,"E02000768","Redbridge 018",541088.497644971,188307.604828552
-5.98739050170717,0.0112829873219072,0.0160089488951663,-0.0252116639822528,0.00193532771852744,-0.00844164998593624,-0.00116824365933142,-0.0356297278598363,-0.0837623851375975,-0.0117452268618098,0.35768828204167,1e-06,"E02000770","Redbridge 020",545387.026180438,188109.888839176
-5.85824193326896,0.0110157604286179,0.0196228355378445,-0.0400642742365227,0.00240327307663394,-0.00748280086395064,0.000983081812830328,-0.0281822792535027,-0.0847922210874781,-0.0122977073412768,0.321995364827962,1e-06,"E02000772","Redbridge 022",546448.993814685,188125.129893736
-5.78703018703895,0.0112523965105284,0.0133186324850387,-0.0269072699549552,0.00261784543891558,-0.00804182846647717,-0.00485868819601259,-0.0387354611727224,-0.0794840668651156,-0.011937096482022,0.353685512819068,1e-06,"E02000773","Redbridge 023",544402.759177245,187654.863749822
-6.01822981011889,0.0105780501348002,0.0164748229661314,-0.0335154425333064,0.00230333013142075,-0.0085096148019804,-0.000978755948949192,-0.0340095077536843,-0.07965380895266,-0.0117354268118672,0.362602419880373,1e-06,"E02000774","Redbridge 024",545631.068032568,187559.503673563
-5.61097259017692,0.0109239460705069,0.0122621392552807,-0.0329669165801617,0.00340189601632072,-0.00734263258552065,-0.00643542059959564,-0.0388688811602689,-0.0754942514466715,-0.012280455390772,0.342165277410382,1e-06,"E02000776","Redbridge 026",543971.767044735,187196.566227958
-4.55602780398054,0.00959810439391975,0.00891296997022929,0.0224211325591202,0.00924614175006363,0.000976109799107804,-0.0259030315430761,-0.0326413093420557,-0.07897882844747,-0.0151907792649873,0.192524712674612,1e-06,"E02000777","Redbridge 027",540939.690528277,186865.617284587
-5.28388434921957,0.0106175663801354,0.0107144774095734,-0.0324651848764976,0.00521761707399285,-0.00516657904500634,-0.00992778371489748,-0.0378417875023032,-0.0723492161828681,-0.012995245335236,0.307258110767065,1e-06,"E02000779","Redbridge 029",543175.059588004,186749.070152312
-5.90499045172118,0.00769955154191992,0.0153425062995235,-0.0603309134495596,0.00244881126736614,-0.00959234145939444,-0.00328243818449087,-0.0352701794042144,-0.0663171661204355,-0.0128677915002734,0.384843375890314,1e-06,"E02000781","Redbridge 031",545484.598836042,186007.59503587
-5.43778669285828,0.008135196066405,0.0116127286824116,-0.0581605172205465,0.00528072837352918,-0.00580905080558411,-0.00546519488027054,-0.0378575048275742,-0.0611559028974237,-0.0133656193391481,0.339115211685339,1e-06,"E02000782","Redbridge 032",543691.755036167,185711.190649119
-5.60422843823624,0.00654270006283237,0.0125228162562716,-0.0679699597342787,0.00448878927344713,-0.00739967928492944,-0.00411984015982794,-0.0380233529298964,-0.0553894565610934,-0.0138322041425875,0.367555030133286,1e-06,"E02000783","Redbridge 033",544268.825735138,185218.550398657
-4.05315539150994,-0.0284180627420727,0.0574658451982903,0.0620379924683583,0.0497842216380091,0.0538728463531645,-0.0277182407015086,-0.0262308481999435,-0.0267799450068685,-0.0019438336008175,-0.132338001097254,1e-06,"E02000784","Richmond upon Thames 001",522500.9255279,177097.013956487
-3.93127599981869,0.020221689662677,-0.000951891998293838,0.0707896751630778,-0.00297910192852836,-0.00324331426672615,0.00801098040424342,-0.0670964292997172,-0.143722598761161,-0.00943986495717943,0.0870026099700971,1e-06,"E02000785","Richmond upon Thames 002",518272.10949915,176339.438894494
-3.34885797029648,-0.0314971582918939,0.0287135418875813,0.0580047645546007,0.0311270403558286,0.0244492140128043,-0.0225300727286421,-0.0288588953307184,-0.130456892416135,-0.000543425115303267,-0.0699235445013815,0.705438959547483,"E02000786","Richmond upon Thames 003",521653.183950323,175894.21348566
-2.87510334911321,0.00747574336139805,-0.0110410976724762,0.0789168230248969,0.00606126625427087,0.0167652882904446,-0.00137104795394092,-0.0479062673506826,-0.111211121044319,-0.0221335485061759,-0.0556012791288491,1e-06,"E02000787","Richmond upon Thames 004",519377.003659195,175964.81847416
-2.51211719644789,-0.0065751510827981,-0.010325994110573,0.0779576649990015,0.015008196371346,0.0264364254578949,-0.0167577585510618,-0.031959708822134,-0.0947430811442168,-0.027116321436147,-0.119304323797688,1e-06,"E02000788","Richmond upon Thames 005",520493.556749511,175334.395153833
-3.23396794845233,0.00982444184042622,-0.0136548924095608,0.0732200839329363,0.00179577488277012,0.0076197544518242,-0.014962011920188,-0.0478622235564837,-0.0492575439212107,-0.0304944125429182,0.0122731289115743,1e-06,"E02000789","Richmond upon Thames 006",519043.641496211,174485.845476845
-5.00403344735556,0.0300809170426498,-0.00734153243660399,0.093181538200626,-0.00940814103002918,-0.0173284366522774,-0.00561902502408997,-0.111671361326528,-0.0691690085903276,-0.0229181003402357,0.255782950020551,0.35379442088063,"E02000790","Richmond upon Thames 007",516714.493732276,174635.375839534
-4.16195045887828,0.0147514877816889,-0.00802202903211491,0.0900621623967048,-0.00520191485964947,-0.00416770447942855,-0.0149292159293931,-0.0735010305620009,-0.0538010065210658,-0.0199436095957924,0.145802101954909,0.419260003817554,"E02000791","Richmond upon Thames 008",518092.176395473,174525.800449788
-4.28982681764818,0.0223668326788013,-0.0080408274572681,0.0928575235572893,-0.00782146971897224,-0.0117132290530714,-0.0156297121304974,-0.0874071528913082,-0.0483009117406431,-0.0164117016357266,0.168566716985764,0.354453040028187,"E02000792","Richmond upon Thames 009",517253.214541573,173961.48714041
-5.21699140039593,0.0334528126798431,-0.00486050332463298,0.105509704344991,-0.013233390688764,-0.0215871979954269,-0.00282738593263861,-0.126984272498878,-0.0548593013352018,-0.0193458128923004,0.281319012005447,0.305468885210129,"E02000793","Richmond upon Thames 010",514133.185075581,174056.657717985
-5.03416935448016,0.0323262930927031,-0.00678193090270194,0.101729206657799,-0.01185965422293,-0.0229784781241384,-0.00740414010924273,-0.122770476687637,-0.058072274613502,-0.0196209326536136,0.266667821581137,0.317282984310867,"E02000794","Richmond upon Thames 011",515538.53425914,173920.257948057
-2.600597517814,-0.0108676100289293,0.00543513169464281,0.0351966920554517,-0.00318042571761401,0.00940264041076435,-0.0276742740006602,-0.00629450887913282,0.0221851462567971,0.0173963007119071,-0.0769090961778252,0.22359942542842,"E02000795","Richmond upon Thames 012",519707.404825412,172838.135566829
-5.07985619913318,0.0305635710091636,-0.00477914590371481,0.110876168701901,-0.012346829532541,-0.0195463941882782,-0.00706909451447733,-0.121346814798799,-0.0449058938258758,-0.0148970286329016,0.261882902133711,0.310763949995193,"E02000796","Richmond upon Thames 013",513241.66180837,173404.765066718
-4.55860657380022,0.0247770990994921,-0.00649765714329558,0.0990481029386815,-0.00932839142700203,-0.0177079184518542,-0.0152023101849239,-0.10151957096636,-0.0469790829618381,-0.0126010415285519,0.206741379732873,0.334000983154893,"E02000797","Richmond upon Thames 014",515972.351354076,173286.051809056
-4.65986463088145,0.0207608953230838,-0.00427215772939806,0.109117103577943,-0.00905511114970236,-0.0185020293707459,-0.0154743117573058,-0.101482838298573,-0.0413194459910139,-0.00894594026098761,0.216291230343949,0.333424098465248,"E02000798","Richmond upon Thames 015",514183.091045886,172436.742775764
-4.20717673492813,0.0177639072515626,-0.0052010271132783,0.0951366692359254,-0.00632444160874662,-0.0145176193874871,-0.0201611598741118,-0.0878893197204701,-0.0351363154120601,-0.00693603200531279,0.160456740875757,0.329032311958245,"E02000799","Richmond upon Thames 016",515551.846761419,172385.692380372
-3.39683458609741,0.0122799171602367,-0.00554234308140846,0.076552520210253,-0.00329139608947436,-0.00476826898358395,-0.024012717359592,-0.0590380679802332,-0.0178767462421897,-0.00338740590334077,0.0493576451654911,0.297769641307405,"E02000800","Richmond upon Thames 017",516880.941280172,172333.043712309
-3.8467809586061,0.0095593831760107,-0.00348319746241241,0.082760552518887,-0.00193539351309243,-0.00807332485016308,-0.0233802529977952,-0.0670624698659859,-0.0238738539975796,-0.00144822910480058,0.104617040702847,0.326437805662892,"E02000801","Richmond upon Thames 018",515688.708763175,171601.093951093
-4.26559041150846,0.00749605426024223,-0.00193892977152788,0.0899761510402586,-0.00194057035817684,-0.0102838161353643,-0.0222259998990077,-0.0735991900216577,-0.026361978547822,-0.00103681599893479,0.156284487529257,0.352052067593692,"E02000802","Richmond upon Thames 019",514526.740535518,171080.195115254
-4.63885052852846,0.0122589068129849,-0.00220054778276059,0.101609495749973,-0.0045269733841559,-0.0128807706355407,-0.0194912932037211,-0.0855791974273469,-0.0279007118668032,-0.00205976820521092,0.20261774070186,0.365911837007494,"E02000803","Richmond upon Thames 020",513074.087667022,171127.618504706
-3.31775060292008,-0.0050962304567833,0.00128075564279723,0.0433380370495996,0.00651854953672687,0.00349648265511764,-0.0230197444895187,-0.0313446898271987,0.00211093864497296,0.00393871189332521,0.0108185395847373,0.256236316125906,"E02000804","Richmond upon Thames 021",515823.074916133,170124.887258231
-2.20208656678728,-0.0134537223608731,0.00677121588554323,-0.0181305364056947,0.00892651079596125,0.0155526292030385,-0.0223936924849186,0.00506019686040757,0.0357826413511553,0.00277106225632087,-0.138012687939539,0.0894308216752979,"E02000805","Richmond upon Thames 022",517238.107942422,169979.518946315
-3.81767359036561,-0.0106514473276289,0.00411439286289934,0.0412685645436624,0.00914024911637784,0.00365155768531529,-0.0212908072540379,-0.03210477142061,0.00103270089861168,0.00370021511108403,0.064129894209689,0.28874516794281,"E02000806","Richmond upon Thames 023",514835.392211437,169121.895391766
-5.90556688175958,0.0143161321940222,0.0131415224586997,0.0886787220302172,0.0227152643962177,-0.00525496959036512,0.0218695094088859,-0.0656563427059732,0.0760373274838827,-0.00749979528616646,0.130508355597848,0.245999324453472,"E02000807","Southwark 001",535950.816876416,180089.720210474
-2.60175009292325,0.0406156392412262,0.00933471581349686,0.0517497399325335,0.0163983471096404,-0.00479444838287287,0.0294927334967352,-0.0267650120668156,0.0355783880040018,-0.00858678791067318,-0.244856523603573,0.179580107164404,"E02000808","Southwark 002",532166.574632004,180073.021530194
-4.2478313900721,0.0224777521300131,0.0131120732465288,0.0856361723820369,0.0222371510110032,-0.00488962029190473,0.0251986419770208,-0.0401187249529566,0.0358394571110559,-9.98038366795663e-05,-0.0718003118619962,0.240395492292539,"E02000810","Southwark 004",534150.854516132,179376.48145301
-3.34536276038226,0.0329373485383986,0.0113950670129248,0.0734959011783678,0.0210856030501777,-0.0051448619272587,0.0322086819272272,-0.0360871585291953,0.0369800012733289,-0.000114661476401114,-0.182617599222225,0.225906399439027,"E02000812","Southwark 006",532997.492079261,179403.930914107
-5.4229055116187,0.0161247662261505,0.0130769852766962,0.0873462592214287,0.0240981972604654,-0.00363567937347376,0.0184905920458785,-0.0521247348585988,0.0510792379879248,-0.00290672551392575,0.0674690786360233,0.244260478663239,"E02000813","Southwark 007",535309.065140629,179333.350935063
-5.98161691556251,0.0155066618645105,0.012154337652391,0.0946044419150465,0.0244016577522476,-0.00494513997067929,0.0136839796897685,-0.0677478914734348,0.0761487498976919,-0.00831000828263102,0.138166019868343,0.239689208583186,"E02000814","Southwark 008",536246.931896039,179394.02640593
-3.05217820282368,0.0419145756400003,0.00843435585409852,0.0603309671801592,0.0205745302113555,-0.00398485610223493,0.0373955258316131,-0.0394202880227507,0.0375431946028281,-0.00111333521471453,-0.222217691138034,0.225185851266225,"E02000815","Southwark 009",532313.640126106,179190.244341504
-5.15860663906675,0.0226276320812768,0.0121306566130135,0.087998043257601,0.0233962400589671,-0.00239828470382622,0.0227598512892943,-0.047367298556848,0.0294809215822902,0.000695430575985944,0.0220009436647182,0.240309533265659,"E02000816","Southwark 010",534424.963917561,178621.667623153
-5.63426023025108,0.0192722864026047,0.0121306465352767,0.087249319466665,0.024443986579964,-0.00193651814282826,0.0162273583719453,-0.0512636904221549,0.0385637260260066,-0.00168144608322504,0.0830786490942029,0.235160312229003,"E02000817","Southwark 011",535059.358675264,178639.96157825
-3.68056159279768,0.0419941278842004,0.00701592218470361,0.0621371866899604,0.0203177053135249,-0.00364217481195033,0.0376299952225502,-0.0422132719412828,0.032377389928458,0.00126375576225611,-0.154249546761804,0.250976269781686,"E02000818","Southwark 012",532548.094812838,178582.888156483
-4.68745338394966,0.0286206656661827,0.0105340308782177,0.0816760245028061,0.0216500764491851,-0.00295043737892158,0.0283980240966166,-0.0461593373809927,0.0285484389149927,0.00128214313546716,-0.0326778369551905,0.244727020955497,"E02000819","Southwark 013",533784.335583648,178543.169805166
-3.40649487779267,0.0515383121498903,0.00301348545678092,0.0464528223070211,0.0195197256365147,-0.00177341518945775,0.0416667699408942,-0.0406713332697996,0.0334983474708443,0.000623594599330209,-0.191704251307737,0.266885733157551,"E02000820","Southwark 014",531832.885247055,178237.807705468
-4.95648746569822,0.0335221585775299,0.0080295440314605,0.0736466898095433,0.0198043653453838,-0.00275191075999438,0.0300718577711319,-0.046179969408834,0.019778734652676,0.00140114326712223,-0.000726515873862032,0.250622639170979,"E02000821","Southwark 015",533471.089020247,178093.000505125
-4.45068919193497,0.0408982885953032,0.00559866501144872,0.0632523374452294,0.0188977686176153,-0.00354054162462752,0.035023849405165,-0.0434270884239605,0.0217545940242139,0.00167488166101615,-0.0614525891695204,0.260744895026515,"E02000822","Southwark 016",532819.089341984,178067.320256245
-4.51189883734123,0.0466886855046624,0.00187968370898267,0.0536913804088578,0.0166318364332857,-0.00277427343164679,0.0369337648304252,-0.0391618487779276,0.017817103058162,0.00129494188330453,-0.0531512129800862,0.269727076901471,"E02000823","Southwark 017",532328.078360841,177681.310878789
-6.72737435976307,0.028549310086394,0.00830622124814491,0.0741942739313782,0.021304920583605,0.000358943676019108,0.0172266974675907,-0.0532473318495861,0.0134847887565829,-0.00291030321990546,0.200782247537115,0.215266558190082,"E02000824","Southwark 018",534549.121582045,177638.658777947
-6.36823708323187,0.0360160892230583,0.00383806674179835,0.0646699961650653,0.0163655847348568,-0.00168421537537742,0.025671407081186,-0.0459892958559861,-0.00390917560790506,-0.00141677726158765,0.171079090581601,0.236121033467262,"E02000825","Southwark 019",533573.652278858,177226.72670524
-5.9379668737796,0.0403219688165542,0.000653085287780707,0.0600417923950161,0.0144041850366192,-0.00272734342611484,0.0295686293082794,-0.0404745525616457,-0.00484880367878878,-0.000354797839141478,0.125776939319677,0.245718615490894,"E02000826","Southwark 020",532971.438697793,177071.086501703
-5.51793657998179,0.0451082254954168,-0.00508978040078181,0.0557220144538699,0.0132510397107237,-0.00281495208350223,0.0329911944921787,-0.0351834214520244,-0.00256680203895115,0.000870981360990108,0.0780624014046493,0.252086495950289,"E02000827","Southwark 021",532271.0986437,176953.416227305
-8.00353288802752,0.0361709040435766,0.00318103699532747,0.056553320627379,0.0164525040457633,0.00184511200117162,0.0160865034014725,-0.0516379963473175,-0.0136885263433911,-0.00723673552112186,0.354966647656641,0.180107668249464,"E02000828","Southwark 022",534322.025720463,176842.99546817
-8.21714284573408,0.0376690244958579,0.00385400740353751,0.0542648264865729,0.0176287745043509,0.00216787328862148,0.00493490224021444,-0.0584392416626265,0.00423146090703827,-0.0123556855669947,0.380451641881412,0.144371943747567,"E02000829","Southwark 023",534994.406115359,176761.546201155
-7.6536221499499,0.0403696032011678,-0.00876996409957648,0.0537210737888747,0.0113834662107006,-0.0012272789735031,0.0220547593997655,-0.0388383810974602,-0.0285900436103202,-0.00466566845317791,0.338147144630351,0.180354155533468,"E02000830","Southwark 024",533207.225213779,176207.919411428
-9.30130525169471,0.0430490394078505,-0.00557249360071495,0.0399897057205904,0.0133058714748304,0.0025288513675957,0.0160740075657862,-0.0464720862329636,-0.0343115559481866,-0.0099336703411055,0.507549240970961,0.121098720987913,"E02000831","Southwark 025",534025.6360581,176108.515525185
-10.1061217306538,0.0497685810232937,-0.00441177628186426,0.0293439789232652,0.0136383518527462,0.00193024786252207,0.00258207008610322,-0.057207081466124,-0.0248113134273066,-0.0176221673658331,0.597717850258464,0.0365660264550747,"E02000832","Southwark 026",534945.969080079,175819.129369525
-8.97602039656249,0.0394556138254932,-0.0418248070741175,0.0548907110235138,0.0104624510319749,-0.000331796611569435,0.0156154832929319,-0.0360744662949799,-0.0411454237407118,-0.00884487596414468,0.521502736579079,0.0618624907102247,"E02000833","Southwark 027",533033.340785707,175379.200482751
-10.8235230649692,0.0533546414522059,-0.0342038865934916,0.0230301720980314,0.0128544181435378,0.00277383132077194,0.00520447987885744,-0.0473069533202086,-0.046309100645935,-0.0175972649534642,0.696974312336354,1e-06,"E02000834","Southwark 028",534319.801879149,175068.848782708
-10.6929623058243,0.0561299324752441,-0.0129412320318048,0.0238287548998948,0.0111153348518603,0.000609815247343854,-0.0092058321784886,-0.0616734690894736,-0.0178443719495745,-0.023604400621963,0.679172036689041,1e-06,"E02000835","Southwark 029",535501.815480569,174841.420126263
-10.3396079593979,0.0461738898631648,-0.0459945174147806,0.0357486580248563,0.0104447278957854,0.00275079382436796,0.00618016919568066,-0.0374922579186032,-0.0671194675128308,-0.0144837096008335,0.671725330115282,1e-06,"E02000836","Southwark 030",533643.874777118,174620.678852096
-10.5349689785974,0.0341108696230824,-0.017959951408783,0.0407302754659534,0.0062463979642541,0.00110975022809015,0.00553668368721363,-0.0297723983824833,-0.0971756595231043,-0.0111335085588692,0.716725490518926,1e-06,"E02000837","Southwark 031",532970.528372891,173960.449670556
-9.38924665437599,0.0462102239817535,-0.0249107842773967,0.0425737469071323,0.0048563817182924,-0.00194944789362023,-0.00936527044316222,-0.0417696101508836,-0.070213937820636,-0.0191857524371787,0.591620171640821,1e-06,"E02000838","Southwark 032",534406.05988623,173921.71068905
-9.05569514119482,0.031533453918483,0.0141008405537309,0.0732441356164015,-0.00306005750147717,-0.008258492188995,-0.0194239056498293,-0.0261454932871468,-0.122995274965144,-0.016241197595738,0.594416218121575,1e-06,"E02000839","Southwark 033",533648.481653015,172353.476081775
-8.96459784322329,0.0282016652759569,0.024901929054437,-0.0567226859368452,0.00703857309853255,0.0162489062040032,0.00695034866388663,0.0182161619654368,-0.135350546756255,0.00760136660786573,0.510179194781118,1e-06,"E02000840","Sutton 001",527484.618597314,166913.914774194
-8.24726118457908,0.0186600745147691,0.0282486520777313,-0.0157576253903356,0.00762446752311114,0.0213881937439277,0.0045154796190699,0.0206981888533574,-0.124652253190669,0.0110876745496684,0.410639078423695,1e-06,"E02000841","Sutton 002",526330.564474553,166443.008371811
-7.70766457730309,0.00735913724114508,0.0293514735389052,0.0220584116696802,0.010383318399845,0.0260097741257467,0.00194361030248578,0.0264373002739435,-0.105280054961799,0.0139126765092339,0.333209810617368,1e-06,"E02000842","Sutton 003",524755.469821751,166084.513580558
-8.2523189582645,0.0311708205585747,0.0275989926667878,-0.0848864698121691,0.0085374169294388,0.0124105902485313,0.0183483026651492,0.0125755681359539,-0.133695863250648,0.0128040042502029,0.431643975381185,1e-06,"E02000843","Sutton 004",528135.391053305,165926.764035297
-7.89845327825211,0.0265245178311962,0.028389475958115,-0.0587673571450874,0.00824716885823937,0.0158409357875376,0.013642065024003,0.0163029257128488,-0.130766264600339,0.0141151065899116,0.382482927037152,1e-06,"E02000844","Sutton 005",527360.478246642,165782.515630205
-6.73769806748157,-0.00248183147339493,0.0298813071377353,0.00993370725775294,0.0152651990865507,0.0282137585867028,0.000983150456139689,0.0330921440263713,-0.0834014387725167,0.00966783396299347,0.228448437911939,1e-06,"E02000845","Sutton 006",522708.12734303,165981.650493623
-7.54964466820692,0.0152617641516192,0.0290959238669647,-0.00493652485449988,0.00942715058846763,0.0220678181495667,0.00713174782922134,0.0223988431512058,-0.116989130575344,0.0160135025782194,0.323107692752638,1e-06,"E02000846","Sutton 007",525892.86999623,165685.26068468
-7.10796553665242,-0.000982249160258391,0.0297891520062538,0.0151973917059548,0.0153634484663687,0.0278393937769899,0.00298514816329381,0.0327205877316074,-0.0927203494704241,0.0139792140603751,0.262722941416486,1e-06,"E02000847","Sutton 008",523223.294631632,165447.787948115
-7.27461188492671,0.00407536610449339,0.0294489246942259,0.0135575156722468,0.0137478483325684,0.0265213102172207,0.00481763821542755,0.030489706633277,-0.100736271950077,0.0174579344803446,0.28016070357983,1e-06,"E02000848","Sutton 009",524070.296825338,165018.46523065
-7.59184028330656,0.0335917262540757,0.0300265034055503,-0.0970819970018038,0.0083621656665991,0.00920325299458677,0.0256961852944435,0.00738597438514884,-0.127879800490345,0.0151107332772434,0.359500974868621,1e-06,"E02000849","Sutton 010",528808.982381929,164945.704237518
-8.42157626617142,0.0361260861139159,0.0285067437953932,-0.101344484159511,0.0088571605618031,0.00613866037759385,0.0283261216850392,0.00608413506030013,-0.131841431048723,0.0158727206817214,0.454102169052989,1e-06,"E02000850","Sutton 011",529699.029214029,165792.465449302
-6.97263084672561,0.0171260228014707,0.0300722904487309,-0.0189470180697868,0.0101924753348311,0.0207084869473074,0.0118245472243819,0.0214879735760907,-0.115697581232263,0.0186042439389781,0.258006446442901,1e-06,"E02000851","Sutton 012",526018.817894071,164633.663049773
-7.04681323331662,0.0229480926715327,0.0307852841545252,-0.0465661644710133,0.00921045470753546,0.0176771977607824,0.0155630220706359,0.0165869630351644,-0.123659773373482,0.0172027255476371,0.275731393553798,1e-06,"E02000852","Sutton 013",526793.938996798,164719.15585395
-7.08681051604196,0.00975738721425837,0.0302348594416788,0.000507226823365824,0.0122795400887616,0.0243866375599364,0.00843700751295262,0.0265334992136799,-0.107306640119681,0.0191343969959058,0.260903394480485,1e-06,"E02000853","Sutton 014",524988.166104995,164604.720564785
-7.07385259282448,0.0284372814615565,0.0312127609762132,-0.0701135790686671,0.00809903540606389,0.0137939592742461,0.0204559599557935,0.0120689940470544,-0.125510539411032,0.0167723716752041,0.289376322737236,1e-06,"E02000854","Sutton 015",527657.598724089,164347.644766357
-6.99991585237929,0.00656476173619538,0.0297845561586989,-0.00114028920155399,0.0141024829698484,0.0254846127911533,0.0081053287293635,0.0311664998661823,-0.0990440266971255,0.0207013884028622,0.249848192175624,1e-06,"E02000855","Sutton 016",524136.684384647,163697.747958762
-7.09427927543665,0.0347976944988909,0.0329344810690345,-0.105632907337065,0.00730408892038917,0.00789809403005267,0.0288029939844888,0.00498604148277227,-0.121866684291824,0.0157529847581595,0.305317426297401,1e-06,"E02000856","Sutton 017",529207.841842538,163695.644731568
-6.78735441978691,0.0148434909980517,0.0310522686830976,-0.018043031473671,0.0111633981789702,0.0219491598532576,0.0126720722961857,0.0239246053435206,-0.109165984455309,0.0204659082781938,0.232288481755514,1e-06,"E02000857","Sutton 018",525550.75741486,163607.283208731
-7.31626063382593,0.0350504988811573,0.0338587737594513,-0.105900339403427,0.00692010076880498,0.0048972673559909,0.0318748514066596,0.0034440199489229,-0.118489560216638,0.0166916747080953,0.334213941439646,1e-06,"E02000858","Sutton 019",530312.938307134,163572.117467899
-6.81162286531153,0.0328532715270591,0.0338877521883327,-0.0970824100273575,0.00720841222957165,0.0105073056664427,0.0267864556240009,0.00676275695873408,-0.121611571033188,0.0160766207270678,0.266992823574491,1e-06,"E02000859","Sutton 020",528451.424290245,163237.271777525
-6.66422398866657,0.0192996964453429,0.0319449071304558,-0.0335573553504118,0.00980841161899969,0.019533917090322,0.0159536866116795,0.0200646628278143,-0.112725782649214,0.0199378850905677,0.224737316415586,1e-06,"E02000860","Sutton 021",526178.063407445,163185.038744623
-6.57406213615367,0.0238865337038245,0.0332230054690661,-0.0529271256173846,0.0084666576021032,0.0168115505648609,0.0195918889768422,0.015478284940158,-0.115261176606801,0.0189904114698889,0.222224990363275,1e-06,"E02000861","Sutton 022",526857.097780007,162705.766105374
-6.62319761705911,0.0311657513541308,0.0368829005032071,-0.091058879545267,0.00603957218926974,0.0106160204421909,0.0275178244880408,0.00649633509311487,-0.114263003807623,0.0169674832242037,0.243696832726749,0.0010358295646769,"E02000863","Sutton 024",528593.828704074,161586.631898787
-3.7214694790555,-0.0056683151329721,0.017848860602005,0.0957217949186188,0.0234550074876973,0.0296902010066303,0.0277355333875326,-0.0655666578264876,0.0716059766400336,-0.0193753839901891,-0.0800656686602233,0.199156923071523,"E02000864","Tower Hamlets 001",536801.765497257,184035.86565295
-3.72597292271403,0.0156530445745634,0.0099147713358198,0.0238390759800933,0.00989092311047962,-0.00554725643938174,0.0156650461772528,-0.0561706482735746,0.0491917121683016,-0.0202074885882376,-0.000860763447014385,0.214164993142977,"E02000865","Tower Hamlets 002",535070.148424527,183239.159322518
-4.67040314652821,0.00538622706400647,0.0146109533447283,0.0693324451703351,0.0215090977198305,0.0139712238440411,0.0267086328284088,-0.0821123699808379,0.0981823001658472,-0.016933969632738,0.0286992275744308,0.240674592346762,"E02000866","Tower Hamlets 003",536118.603077967,183271.365462734
-5.35581625652681,-0.00334620421405235,0.0192657123076466,0.136724774505681,0.0260850615980427,0.027003540756446,0.0330797113003198,-0.0678754110874785,0.0891446180077251,-0.0160036108533354,0.0436417495044214,0.194814368523834,"E02000867","Tower Hamlets 004",537217.034709593,183273.338175106
-4.11467935559659,0.0214713438765707,0.00743615516124488,0.00662129441984192,0.00308509682464723,-0.00960610670172457,0.0135587937265357,-0.0369620769611497,0.0336782899669942,-0.022202571116118,0.0592025609970785,0.178552357146825,"E02000868","Tower Hamlets 005",534532.091827277,183042.974347218
-4.09295537654833,0.0269080917862112,0.00509907055112527,-0.00479520687803273,-0.000225363807208093,-0.00745898348670351,0.00890552428135844,-0.0140885096874578,0.0297607933538678,-0.0248055008836575,0.0599737372574014,0.151459117253454,"E02000869","Tower Hamlets 006",533882.180931196,182816.805075868
-4.63006864131406,0.0138610754019929,0.0108805691549364,0.0364777213412708,0.0140556306319677,-0.00341549964748089,0.0208280215392518,-0.0670912025067461,0.0721310696705508,-0.0169537449058414,0.0681953885936872,0.22666833410371,"E02000870","Tower Hamlets 007",535460.375679255,182771.55922924
-6.79069735486073,-0.00112834838630725,0.0213603367325987,0.194983306700165,0.027387018494391,0.0244771163238494,0.0350135149149298,-0.0611585654795187,0.0874770350964649,-0.0144776373347552,0.144684417143066,0.16767365649213,"E02000871","Tower Hamlets 008",537882.235296635,182557.134884287
-4.41699635032916,0.0252099386428268,0.00687610047104578,0.00538343203914377,0.000942333436068848,-0.0095165010339831,0.0139021779946073,-0.0239662143528682,0.031078879842834,-0.0220053909160308,0.0819224045268604,0.161236560422849,"E02000872","Tower Hamlets 009",534035.977448441,182398.718542441
-5.449286189813,0.0108883308149437,0.0125505870621624,0.0561120119436477,0.0189809430573831,0.00268417979653565,0.026130035920704,-0.0784674596299293,0.0970294598226314,-0.0148371052552834,0.121117707075742,0.238384614285155,"E02000873","Tower Hamlets 010",535925.673467696,182504.803735411
-4.84684772871684,0.0168581250567203,0.00995532238456587,0.0284408606091403,0.0101860129989828,-0.00826495056603033,0.0210821025590351,-0.0569668603507518,0.0577691124729358,-0.0166251069198151,0.100977675046307,0.209543168798991,"E02000874","Tower Hamlets 011",535176.497445256,182440.85939832
-6.99786248132963,0.00247907247829948,0.0191439436260902,0.153932845848605,0.0271468935056667,0.0200926577059484,0.0356417082894548,-0.0751182267221469,0.106570347760192,-0.0135399833548968,0.186204884328366,0.209658953983083,"E02000875","Tower Hamlets 012",537318.815984416,182238.345431267
-4.99260111640915,0.0192637504312834,0.00946921626520966,0.0225452259996975,0.00633133990843432,-0.0104003014752948,0.0216005418676366,-0.0459757239663376,0.042320498593443,-0.0169486264219744,0.123027319119263,0.18915514692347,"E02000876","Tower Hamlets 013",534759.814770147,182194.908538499
-6.7605908903818,0.00686244898820015,0.0164312994838022,0.108308798796797,0.0250498768993677,0.0122039932405382,0.0326919502475778,-0.083512332861555,0.115082502955791,-0.013029069163698,0.195826844735387,0.237484738235289,"E02000877","Tower Hamlets 014",536763.568600849,181980.329555016
-4.11124210963589,0.0252715161769836,0.0092623155803217,0.0274886166769392,0.00476048223367335,-0.0100462298833924,0.016977881007342,-0.0232501244683451,0.0324799801137693,-0.0180987691238248,0.0151229495263698,0.175445454298288,"E02000878","Tower Hamlets 015",533895.079981502,181772.540175824
-5.78553576085139,0.0150430724006662,0.0116453328027857,0.0489013833333236,0.014980693814961,-0.00483502283321819,0.0269354257469428,-0.0646386323318174,0.0747540878909021,-0.0122614156379977,0.161324006426028,0.222461207868346,"E02000879","Tower Hamlets 016",535526.274829227,181628.678795339
-5.34293487685354,0.0173482487724778,0.0111469287386839,0.0417753802131176,0.0113705173290073,-0.0077084278623657,0.0255973121040785,-0.05104740394992,0.0514643394422757,-0.0128043593496887,0.126363355672946,0.206980415238283,"E02000880","Tower Hamlets 017",534986.787514011,181619.672126119
-7.62410531250077,0.00514025788896763,0.0210360910487746,0.228333109014988,0.0285466011311526,0.0191545517899717,0.0321657350961094,-0.0549754237635188,0.087309931960819,-0.012112897310576,0.196348131570598,0.161810117103972,"E02000881","Tower Hamlets 018",538282.093085874,181602.299897946
-6.33812293626388,0.0122184580575106,0.0131874915451603,0.0695213565624892,0.0199789839809006,0.000282538044283916,0.029274108954978,-0.0775925456314099,0.100264826031121,-0.0120896080462877,0.192595449857732,0.237208010841705,"E02000882","Tower Hamlets 019",536109.538874059,181579.606991823
-7.49316472472217,0.00711689884916097,0.0198578985056571,0.195024187640656,0.0284513012436926,0.0147500993192372,0.0306296237692721,-0.061737769026433,0.0922195975629565,-0.0120099313362885,0.203089022847977,0.190124031055304,"E02000883","Tower Hamlets 020",537947.157227997,181268.107791443
-4.3889061218518,0.0208639061568742,0.0119264326112328,0.0511334026876854,0.0110864100440632,-0.00914406876076369,0.0230018629355865,-0.034590753162528,0.037301819667253,-0.0120246878320657,0.0107875989163138,0.202853321219926,"E02000884","Tower Hamlets 021",534263.351019503,181246.603280418
-5.52076029466047,0.0157618769273196,0.0125073768438075,0.058786691698531,0.0155369200421964,-0.00609324826451991,0.0268292841418476,-0.0535922496382081,0.0569954495648983,-0.00953629378730904,0.119293519277359,0.224076123843125,"E02000885","Tower Hamlets 022",535176.891869801,181091.092296544
-6.96570508319367,0.0107891066768874,0.0148161774315904,0.103783267447638,0.0239871568676584,0.00161427965479333,0.029290759477052,-0.0812044385894366,0.10776586675466,-0.0115993230528839,0.227999594124191,0.240440113504028,"E02000886","Tower Hamlets 023",536694.144750366,181036.290835029
-7.52417757081026,0.0087185562974617,0.017481588507591,0.153559132163055,0.0270223617030239,0.00791685773410235,0.030455716981774,-0.073177064539304,0.102025829657152,-0.0121337566903819,0.243085535814133,0.222142151139563,"E02000887","Tower Hamlets 024",537423.105483326,181016.80714904
-5.82648193782502,0.0148518159991753,0.0128398624600664,0.0681636793300518,0.0183264978087702,-0.00436948564032263,0.0267114333594712,-0.0615304321250863,0.0711286414393376,-0.00913090646228187,0.139083226959398,0.235520892301293,"E02000888","Tower Hamlets 025",535550.313322982,180886.257601441
-4.41474343583818,0.0187217770690156,0.0134279287800033,0.0696403040248995,0.0170084667213145,-0.00727880108050597,0.0247755960322213,-0.0375217265503822,0.0404995973216927,-0.0064139561656293,-0.0180784093823112,0.226434855859897,"E02000889","Tower Hamlets 026",534473.749855697,180589.486016871
-4.20463135419528,0.0195927448903803,0.013555592474602,0.0731127342035484,0.0179723031698745,-0.00704795153638632,0.024505908959258,-0.0353334721757594,0.0392779817338391,-0.00516718292848607,-0.0482599679930301,0.228505426835763,"E02000890","Tower Hamlets 027",534344.14713449,180399.507465472
-6.14114857632682,0.0206322401658178,0.00971584742210134,0.145169885737316,0.0297123129275852,-0.00510542599731857,0.00117334019073374,-0.0610115466741168,0.0682203029161153,-0.00999178331086678,0.120511191789339,0.191677685710424,"E02000893","Tower Hamlets 030",538312.680000644,178817.782974235
-6.16803045518363,0.0198549280262704,0.0093646185058182,0.108872550142833,0.0264205611258743,-0.00540958199539253,-0.00153532543726776,-0.0693885127873584,0.0760374230862327,-0.0120957033391187,0.158595649794618,0.205815128822236,"E02000894","Tower Hamlets 031",537582.449927374,178670.784891026
-3.61617121324528,-0.00652249107758529,0.021910895615312,0.0640039810336169,0.00790212754062908,0.0087678625361925,-0.0163263732886162,-0.0202343826712123,-0.107375287686758,-0.0150986114653973,0.0421832014795942,0.0439705438582268,"E02000895","Waltham Forest 001",537872.578331195,194780.005338128
-4.27564259792762,-0.00167944889740549,0.0156710396207002,0.0507333238838674,0.00738628192631521,0.00584167101231755,-0.0201653969198363,-0.021634939741122,-0.112942249171171,-0.0137871057968843,0.136457545805614,0.0258708621568748,"E02000896","Waltham Forest 002",539198.58191395,194616.858400866
-4.08220343155001,0.00326552630617736,0.0150264608103055,0.034003149043261,0.00802100416915194,0.00434470977515735,-0.0312340247415456,-0.0347044248966168,-0.125759877014805,-0.0171782823323089,0.130077114787231,0.02028866034573,"E02000897","Waltham Forest 003",539312.679575108,193053.749911181
-3.38767800909682,-0.00239313236465592,0.0212896593174555,0.0520313202775251,0.0082873958460697,0.00647918452936732,-0.0285795689473099,-0.0387845327012607,-0.140050039763381,-0.0203457888861701,0.036154400911631,0.0454303388909611,"E02000898","Waltham Forest 004",538163.342516713,192946.57964298
-2.92594585148006,-0.00658476457071491,0.0290772345592718,0.0663617754678864,0.00845541009806962,0.0084136865056303,-0.0233916677686401,-0.0389617332638899,-0.139652170532422,-0.0209343119354183,-0.0380839581772101,0.0617454384422871,"E02000899","Waltham Forest 005",537340.568145645,192931.976961498
-2.48735862951708,-0.00776043660756957,0.0397505654631777,0.0754522802213998,0.00760959426510855,0.00951799890910234,-0.02498571328765,-0.0500859351393435,-0.153043289043419,-0.0249040883062629,-0.104549945329709,0.0636301439792353,"E02000900","Waltham Forest 006",536827.40062487,192132.118148854
-3.55166157544446,0.00637839397509413,0.0156105139373797,0.0193298565206581,0.00797329429346215,0.00445673477647533,-0.0422405785387766,-0.049699740122302,-0.136451727874161,-0.022327685436418,0.0860957405777788,0.0145370587763736,"E02000901","Waltham Forest 007",538949.014869252,191749.95381188
-2.61943930813082,0.00315613184459473,0.023915137376786,0.03244234196491,0.00791062953336849,0.00774101862667532,-0.0407496905807554,-0.060579298033359,-0.167956814311616,-0.0276366287459219,-0.0389151159137245,0.0373141305694422,"E02000902","Waltham Forest 008",537870.821140362,191326.343200347
-1.97456422757426,-0.00656051312504114,0.0510429364851175,0.0782614637653368,0.00576098310393099,0.0111724946468471,-0.0242004266199226,-0.0666643924133345,-0.163120652831602,-0.0296007040274574,-0.179805891992345,0.0589275617903492,"E02000903","Waltham Forest 009",536336.419213624,190955.778401361
-2.9878422093764,0.0093757059874012,0.0145073383464105,0.000347242403644389,0.00765690577359029,0.00461318789711526,-0.0478361505183813,-0.0604330361654147,-0.134428798596712,-0.0256194333265742,0.041072461558577,0.00856194050393464,"E02000904","Waltham Forest 010",538780.351907135,190593.337408585
-1.71018090737979,0.00646964587102275,0.0290781451217444,0.0207009184088168,0.00587798897231655,0.0107686854574916,-0.0425874484174049,-0.0758495690766289,-0.189455463965292,-0.0343660975074297,-0.140656203625622,0.0350781075976442,"E02000905","Waltham Forest 011",537364.725666631,190196.731495067
-1.3409071559375,0.0035531791761339,0.0401665452143431,0.0370069244697989,0.00461664875614673,0.0124593114953841,-0.0338334344064589,-0.0791826663451991,-0.186353590291008,-0.0367377900283828,-0.210608135071737,0.0460190893733482,"E02000906","Waltham Forest 012",536715.438773793,189820.096272403
-2.1212452797555,0.0105293438346551,0.0156406163480996,-0.0123098466067997,0.00775090514009341,0.00641588861970432,-0.0463178230453101,-0.0629514808275174,-0.132501796867924,-0.0307566216765015,-0.052887430052484,0.0173075028486465,"E02000907","Waltham Forest 013",538315.562223892,189619.986995933
-1.70397696700585,-0.0055591072993964,0.0574938543182481,0.0693804752618479,0.00488388521813434,0.0110061682018579,-0.0121984518735786,-0.0738918422320262,-0.125857734486015,-0.0330780609832649,-0.217697524141065,0.0663647793645339,"E02000908","Waltham Forest 014",535581.893592601,189603.655063555
-2.40847998384498,0.0109563961225489,0.012507418105107,-0.0174164474518809,0.00815425431863138,0.00439313426752559,-0.0459151586628469,-0.0561297890582297,-0.116970851191288,-0.0282163282464302,-0.0107934259877533,0.00779631423283629,"E02000909","Waltham Forest 015",538766.05167708,189298.264173449
-0.947552755692332,0.00926412018710301,0.0224685279822,-0.00980625036323189,0.00678830696651946,0.011949809551605,-0.0399635643688691,-0.065507480783219,-0.149741951809991,-0.0401581898351209,-0.200695350628757,0.0341220309283131,"E02000910","Waltham Forest 016",537425.347887274,188906.343250677
-0.70445178420266,0.00610747536799529,0.0366656453773809,0.0151594596087499,0.00463547022323765,0.0149623931498805,-0.0306067288779858,-0.070567720250461,-0.167656961226238,-0.0417479623423481,-0.268718272969115,0.045623544926831,"E02000911","Waltham Forest 017",536625.117627397,188860.188150899
-0.731412036735986,0.00237863971970472,0.0400950307697538,0.0192490510152544,0.00682022722412062,0.0156558523086055,-0.0122466101150557,-0.0658636951423192,-0.0963772546937555,-0.0474673417344231,-0.284625194587339,0.0893890659371743,"E02000912","Waltham Forest 018",535685.081707018,188174.107920574
-1.85874751491665,0.00934987269914266,0.0121898621277748,-0.0133471224304425,0.00953235323865614,0.0066399119490001,-0.043180773739873,-0.0483019740557098,-0.107696849980243,-0.0313996916399638,-0.0770607596955268,0.00660112761155396,"E02000913","Waltham Forest 019",538611.054508763,188188.194051914
-0.914501056478892,0.00718582543965227,0.0169118581566657,-0.0133510921810586,0.00965350728422101,0.0121612860399031,-0.0373623940152176,-0.0512667722612844,-0.112521268107113,-0.0418353307715679,-0.196468852703405,0.029746577620255,"E02000914","Waltham Forest 020",537759.859026064,188009.935776596
-2.69623883247782,0.0100910850876403,0.0100830524739904,-0.00450467276785864,0.00925856879157199,0.00404963076535485,-0.041746586341853,-0.0454558093535658,-0.100068160942511,-0.0234688126216255,0.013746091288569,1e-06,"E02000915","Waltham Forest 021",539280.213471403,188158.263678788
-0.0899724097041839,0.000784101298109967,0.0246077740253625,0.00592830917241846,0.00986287054030429,0.0238137898549104,-0.0152090381904007,-0.0513078195720486,-0.0720067862622168,-0.0493535536455137,-0.332243780326981,0.0902636474522063,"E02000916","Waltham Forest 022",536276.630224818,187235.11810211
-1.21027992301132,0.00268979073305677,0.0151559528514583,0.0134075624928402,0.0129543450515542,0.0145280972568724,-0.0297330810459209,-0.0356639608340558,-0.084918180432459,-0.0385599368697037,-0.188029274183039,0.0232607705011531,"E02000917","Waltham Forest 023",538090.593389153,187168.273739525
-3.07052465636374,0.00750290290153135,0.0106354214554354,0.0282502488619166,0.0115207242948733,0.00599124111960834,-0.0312977354288399,-0.0344703702570227,-0.0848685950104114,-0.022305374251748,0.0191844482833041,1e-06,"E02000918","Waltham Forest 024",539536.180484895,187150.673090244
-1.84975367219694,-0.000894351978643227,0.0144744029478677,0.0503819777227165,0.0153110021723216,0.0151691805730821,-0.0233500835116528,-0.0257719697492773,-0.0716029134910261,-0.0319358452443801,-0.145904561650477,1e-06,"E02000919","Waltham Forest 025",538476.846585683,186696.983012213
-1.02348753584771,-0.00760318482208804,0.0174364598393513,0.0608652278946352,0.0168770321440843,0.0230306067125024,-0.0133737280069595,-0.0247298789353257,-0.0491490854131257,-0.0370070727182824,-0.256488188031857,1e-06,"E02000920","Waltham Forest 026",537640.142884669,186317.602689528
-2.53981703708155,-0.00232798535255336,0.0146089134865153,0.0740294224327573,0.0163345663800025,0.0148008828908042,-0.0159433409793393,-0.0243440107714968,-0.0604551248396846,-0.0268555685365886,-0.0927733219379573,1e-06,"E02000921","Waltham Forest 027",538885.521099878,186164.51729863
-3.44379469110045,0.00169370217004934,0.0127635869812473,0.0705702561600069,0.0147573157117901,0.0101503968821169,-0.0170811310121106,-0.0268641448724491,-0.0614292612498704,-0.0224317648778867,0.0134743981730499,1e-06,"E02000922","Waltham Forest 028",539591.731862418,186023.295631527
-4.59991306630855,0.0553260315247388,0.0225924863015315,-0.0074190001545645,0.0142126356487187,0.0306533868063539,0.0203246905520333,-0.0378469010223298,0.0189619499338139,0.0153130918464973,-0.0824552222467911,0.595737532029684,"E02000923","Wandsworth 001",527790.041433007,177060.190960286
-5.71986880713426,0.0592690504439303,0.0265571489548855,-0.0326440499029195,0.00962761509517923,0.0278555283469516,0.0167316700913253,-0.0274538424995155,0.0125054271766657,0.0179946067716838,0.0520979729667064,0.553537141486558,"E02000925","Wandsworth 003",527711.115492102,176525.087237255
-2.90451061470523,0.0573743245283039,0.0305143817446587,-0.047143381563836,0.00704878578791779,0.0379703977309525,-0.0120357472776059,-0.0325515692853999,0.0213573513501527,0.0151228174056838,-0.22075694933743,1e-06,"E02000926","Wandsworth 004",526835.063918881,176249.314266672
-6.85129938168873,0.0645004696372018,0.0221332992609144,-0.0462371573209433,0.00796611472060538,0.0212466212065141,0.0217367398666616,-0.0174263912683077,0.000636775521393782,0.0148121651789439,0.186153252282623,0.387438417422343,"E02000927","Wandsworth 005",528319.117945372,175940.035467841
-5.78089208749045,-0.0197920605164634,-0.00974198144174926,0.053284300207374,0.0541281363964851,0.0395325175663553,-0.0372807209267732,-0.0014491424592244,-0.027850729220834,0.00725698221497413,0.101838356913938,1e-06,"E02000928","Wandsworth 006",523375.70379607,175759.313914999
-5.33795951978044,0.0626322054756552,0.0262886497813411,-0.0848657482295698,0.00338453298301826,0.0323197578546239,-0.0114216554622654,-0.0189415560845551,0.0128666483031465,0.0220628630341105,0.0596733270522193,1e-06,"E02000929","Wandsworth 007",526736.489764444,175664.465991091
-7.89823602511414,0.0648076461706377,0.0260881592998767,-0.0710158369653066,0.00262574286803605,0.0234090459707776,0.00837354257000734,-0.0147163030788574,-0.00295656755801992,0.0203817395105434,0.317912116039144,0.434180402491376,"E02000930","Wandsworth 008",527533.246548786,175731.818798254
-10.4836686336496,0.0662024376232628,0.0205578278435381,-0.0715032794101253,-0.000359200994760186,0.0164444555579587,0.010733933368164,-0.00565436093651154,-0.0239274754360082,0.0145000910712363,0.615635992283386,0.274639828636763,"E02000931","Wandsworth 009",528164.10124717,175099.318933061
-11.4823582607272,0.025912000001473,0.0059200398531017,-0.126212107763613,0.0281083862790351,0.0150748224931214,-0.0334793804638259,0.00666340653970967,-0.0187199112420351,0.012778631114012,0.786862576767571,1e-06,"E02000932","Wandsworth 010",524950.880920375,175114.515431044
-5.82051046465543,-0.0121147148603298,-0.0111681373358481,0.0130701688366074,0.0497125701094616,0.0304996069831814,-0.0279921559695121,0.0018282084792051,-0.0705237367320171,0.0135758169317365,0.132207561204424,1e-06,"E02000933","Wandsworth 011",523029.475772516,175044.151097436
-10.8566531066237,0.0584996616690887,0.0189163035377715,-0.11225223728594,-8.22119757255842e-05,0.0203589811789311,-0.00983889819130965,-0.00494917678404689,-0.02140175345414,0.0233414532663749,0.689022972536638,0.335005445380033,"E02000934","Wandsworth 012",526610.344416673,175102.206727266
-3.34728751036698,-0.016980900725855,-0.00122481154539011,0.0530992151814184,0.029260401839765,0.0293431503879162,-0.0233975637101172,-0.00542611183398579,-0.0786109640861709,0.00179127214013834,-0.0889606092177549,1e-06,"E02000935","Wandsworth 013",521670.000220281,174688.302416669
-8.49514636330285,0.0177496252672226,0.00377685057936248,-0.137660305852199,0.0319597639925671,0.00848366129927021,-0.0267626968690028,0.0116774610858348,-0.062917564518876,0.00923514830789068,0.483289736282467,0.227359094850735,"E02000936","Wandsworth 014",524048.773110464,174493.250100112
-14.8533794102079,0.0604002726747918,0.020456106365416,-0.103323671756551,-0.00195339813677206,0.0188961500369154,-0.00435970032530978,0.00511301240519984,-0.0445057034469695,0.012586862322678,1.11574009529371,0.144392154849018,"E02000937","Wandsworth 015",527353.815318528,174216.674363071
-4.86728715505695,-0.00541286468093293,0.0143596306589544,-0.0478797556006899,0.0231494771326949,0.0111120903617243,-0.0264172484617764,0.00893381272662997,-0.0784470161207725,0.011597176703511,0.100165865700531,0.392752517014071,"E02000938","Wandsworth 016",522902.580256046,174116.307085059
-15.5961955687088,0.0571025036318488,0.0181452483892338,-0.073113021774208,-0.00130122915894316,0.0163818431350724,0.00430080643764807,0.00455305490025768,-0.0492856643070344,0.0102814809336257,1.18857292873517,0.11722896248988,"E02000939","Wandsworth 017",528144.757235831,174253.137303244
-13.2731778107043,0.0492179086287539,0.0178169005320281,-0.169894740795106,0.00840132794318676,0.0184355863452381,-0.0217680777922713,0.0116004830694757,-0.045729873846021,0.0153569378210062,0.979934277997875,0.123887455599321,"E02000940","Wandsworth 018",525609.332084291,174183.022594718
-14.0991891669935,0.0575922696783626,0.0198119606788628,-0.140696218764512,0.00130669443809829,0.0204186679048742,-0.0142992353658461,0.00767072988028607,-0.0432630697703609,0.0153987977326159,1.05104102001647,0.146472883375384,"E02000941","Wandsworth 019",526382.98452076,174166.978322693
-11.1918379867196,0.0373292097740112,0.0215891423978157,-0.180789190005593,0.0141201082245392,0.015861453993168,-0.0269402768175562,0.0164303207751203,-0.0551029356310658,0.0122538385375071,0.7691684702521,0.0857253154476706,"E02000942","Wandsworth 020",524781.083317253,173899.322947773
-16.2398674563471,0.0505271649879725,0.01742845512132,-0.0495348766582656,0.000384689401792146,0.0168488121403407,0.00516891340214279,0.00610349708548322,-0.0642152057195103,0.00670854954454371,1.25982230171344,0.0460778135437714,"E02000943","Wandsworth 021",528436.055151694,173769.853610673
-8.2635476353265,0.0219719936542136,0.0299813364753777,-0.144421553395722,0.0130182624166029,0.013974272866181,-0.0240174217588401,0.0172170492603561,-0.0651156988491225,0.0070807516808996,0.458496447708631,0.164387310849779,"E02000944","Wandsworth 022",524094.970738745,173680.686121349
-4.53340864904846,-0.00476679768108937,0.0466469896958949,-0.048528498817746,0.00246737922279835,0.0139583771258668,-0.0242493511471291,0.0202832156285066,-0.0253731219763002,0.0075839664632857,0.0576685733711234,1e-06,"E02000945","Wandsworth 023",522542.243719637,172939.249451993
-14.975901968013,0.0563478177002678,0.0237376349350004,-0.124528372493318,-0.000175501228026515,0.0229579037378318,-0.017157056068651,0.0126682926379855,-0.0581829993568786,0.00882660315092331,1.14212530413383,0.0572693556831344,"E02000946","Wandsworth 024",526454.245404055,173290.855715004
-12.1883509259073,0.0474945845952532,0.029864049542541,-0.16095148784671,0.00217751899945012,0.0227576710690046,-0.02473768279157,0.0176393848713678,-0.0555078667079437,0.0118284395481956,0.861253991637725,0.0619697311684784,"E02000947","Wandsworth 025",525315.714819325,173289.170624664
-13.7419036382104,0.0359626017409321,0.0149768660376962,0.0274035121964247,0.00228334070853776,0.0131919910454597,0.00658142965698936,0.00104319310625393,-0.111951395929098,0.00216778863650923,1.00420609238832,1e-06,"E02000948","Wandsworth 026",529060.578114261,172610.378191335
-15.5155149776647,0.0512065733859794,0.020099074229718,-0.0551247818739501,-0.00103553195856321,0.0209034412114394,-0.0107064377816162,0.0100087133236612,-0.0745661936160079,0.00417303218299001,1.19087854392425,1e-06,"E02000949","Wandsworth 027",527457.815453183,172936.78491922
-8.86194071511649,0.0210500168455178,0.0501288013424591,-0.107750255759709,-0.00163115693671931,0.02269853837096,-0.0297158900690358,0.0223911919798767,-0.0418659854743494,0.0032851542300912,0.507672942875155,1e-06,"E02000950","Wandsworth 028",524165.953009595,172883.157591392
-14.8914818709611,0.043987723407456,0.0179709213335991,-0.0102078930505596,-0.000226877193239003,0.017644888773351,-0.00423089777514577,0.00709340013639652,-0.0937722631655366,0.00241599247474006,1.12472653210161,1e-06,"E02000951","Wandsworth 029",528086.553170977,172616.729362014
-14.1343629137181,0.0386567298972463,0.0162787712936704,0.0186233897543547,0.000831799313427392,0.0149375200283787,0.000584951314391009,0.00455772226736035,-0.110497595385767,0.00178257873466219,1.04576931044027,1e-06,"E02000952","Wandsworth 030",528533.869047241,172414.450908417
-14.1068640500758,0.0498840439501266,0.0264088994170706,-0.0679688296946692,-0.00484440254805211,0.0234556161804299,-0.0271760123287698,0.0134384057589536,-0.0531621867924491,0.00147576486336542,1.05402452960554,1e-06,"E02000953","Wandsworth 031",526319.843336314,172314.100480626
-14.3874689573227,0.041022569071394,0.0165624382742507,0.0103228903812266,-0.000518003355490021,0.0167881871400274,-0.01020681208398,0.00643480891390351,-0.103162338477841,-0.00109759516722248,1.07858516637468,1e-06,"E02000954","Wandsworth 032",527871.978912197,171979.484119972
-14.4972840984846,0.0415686866877972,0.0165620110082095,0.0058602658397828,-0.0010594273433529,0.0179461854112055,-0.0162596073591505,0.00659583425941041,-0.0939996737288737,-0.0036668101161277,1.09479329924961,1e-06,"E02000955","Wandsworth 033",527530.061197079,171796.377252926
-14.2805238871259,0.0397596871464944,0.0191829833237995,0.00712645711345805,-0.00349185484508144,0.02059093366752,-0.0282083062087482,0.00903837072797784,-0.0686323566753713,-0.0106900437180907,1.07948991250566,1e-06,"E02000956","Wandsworth 034",526821.802225112,171480.691319022
-13.877988365875,0.0370291871043776,0.0134195999432471,0.0331890749218588,7.23945054950058e-05,0.0164017946938221,-0.0178030805418951,0.00467263412242802,-0.105043143947662,-0.0110744708774676,1.03648323468253,1e-06,"E02000957","Wandsworth 035",527726.956548666,171092.754607897
-12.8753454339755,0.0364967966020039,0.0126262016724759,0.0501335061704374,0.00131295342741634,0.0114152259780726,-0.0058261648904767,0.00443808743898508,-0.119936644578345,-0.00530763546444692,0.922050838680992,1e-06,"E02000958","Wandsworth 036",528788.982336377,171219.399022244
-12.2678979897289,0.0364990805624769,0.0116210489050104,0.0556089178481408,0.00167498527629096,0.00901429261802473,-0.00576359657253036,0.00546423152573277,-0.123714356838411,-0.0059912624505439,0.86081647807727,1e-06,"E02000959","Wandsworth 037",529258.053765356,170992.308063714
-3.84098169459242,0.0219059075017035,0.0094352196924999,0.00135355361688273,0.0150450403112116,0.00867352214932026,-0.0190435034642426,-0.027992118163735,0.0116075228505968,-0.0455320105764842,0.0444768607302966,0.0287654793125083,"E02000960","Westminster 001",527370.678981384,183386.743348355
-3.78745755972451,0.0189330453449887,0.0277706937750927,0.0021708563059819,0.0226332154869837,0.0158449874143245,-0.0337826062395703,-0.0265646034851914,0.0147646182842113,-0.0565476308870374,-0.0145814371947854,0.0871544579044691,"E02000961","Westminster 002",526063.880018864,183245.327727674
-3.63449970805581,0.0226862524158995,0.0219765380816358,-0.00164933266923831,0.0204816956180122,0.0127384713256769,-0.0314122654185362,-0.0251222112753487,0.0136853657147494,-0.0641391915571652,-0.0156158882716223,0.0791294841604673,"E02000962","Westminster 003",526798.351656741,182761.796197689
-4.04688581143872,0.00946519307571249,0.0359315158371264,0.0287502278182483,0.0214933433484183,0.0250170633068864,-0.0588623412220107,-0.0290925186414676,0.00594808819902493,-0.027869884208886,-0.016769556013509,1e-06,"E02000963","Westminster 004",524308.002395089,182648.119959732
-3.88770894103488,0.0127580409120904,0.0455622585765891,0.0160517599313753,0.0207349351318031,0.0241115854273251,-0.0703769788591959,-0.028958641760712,0.00391767167544738,-0.03993391590764,-0.0309101505734668,1e-06,"E02000964","Westminster 005",524873.895902588,182523.786046084
-3.66481731252244,0.0170974686007031,0.0462523699045723,0.00345644899844057,0.0283657510666181,0.0246332760146555,-0.0609864582320501,-0.0251746008382842,0.0151932308902652,-0.062035357896235,-0.0759020692882112,0.15016685206063,"E02000965","Westminster 006",525551.155171536,182464.259583292
-3.36957637900891,0.0211768734690189,0.0394681144469096,-0.00111793779717999,0.0264640625931201,0.0201637808336664,-0.0545823880773311,-0.0234480108596193,0.0151291690776965,-0.0728973134345359,-0.0909256173515747,0.142377922319854,"E02000966","Westminster 007",526150.089904123,182252.240438149
-3.62205076503957,0.0266097774016294,0.0103799422736015,0.000111919737451142,0.0146654742405664,0.00927509015089514,-0.0200348333210959,-0.0285679980295653,0.0119268300139591,-0.0404232921619623,0.0043031614906639,0.0527231581287216,"E02000967","Westminster 008",527883.155683204,182546.475348918
-3.47889435035038,0.0251920818268363,0.0290081543858307,-0.0050404232980961,0.0213433535607316,0.014263883158922,-0.0422685050455729,-0.0245998393401985,0.013110410143196,-0.067856840023349,-0.0501688960493162,0.12156336240136,"E02000968","Westminster 009",526964.219053125,182063.405542461
-3.56521240644729,0.0160874229977141,0.0556857132919602,0.00280907754962849,0.0305963606932649,0.0287707781230497,-0.080036003873905,-0.0236332632812788,0.0123059996694758,-0.0653037176695573,-0.104060431788718,0.193454072761571,"E02000969","Westminster 010",525457.949846061,181815.726308678
-2.97102162043949,0.0354047666409034,0.0115336613903248,0.00662726594177976,0.0157724907797194,0.0127702323116433,-0.0180296596478116,-0.0379962342587614,0.0185803927969895,-0.0260583955443548,-0.116018196838702,0.0951644251525899,"E02000970","Westminster 011",528366.269372988,181393.746487416
-3.39404203608103,0.0291851877851648,0.0238702315102136,0.000156136466149767,0.018096988628811,0.0148775521684135,-0.0336923021735629,-0.0315927661653261,0.0135335674664889,-0.0423128688578118,-0.0681648691349178,0.132300360069085,"E02000971","Westminster 012",527625.545529365,181524.758599455
-2.37159475388286,0.0431228195316272,0.00261597071130841,0.0126007493089777,0.0153358932398116,0.00931455887649011,-0.00388273300793448,-0.049311346520993,0.0259125844402359,-0.0237415011439833,-0.192987025941642,0.071997662142237,"E02000972","Westminster 013",529180.596623707,181227.771463664
-3.49455335143195,0.0154279560763598,0.0610115653766617,0.000401756349762525,0.0322672656545183,0.0303556735114134,-0.0952274708532678,-0.0203357999293953,0.0102204687895277,-0.0712157825805962,-0.116965688924516,0.216208294790803,"E02000973","Westminster 014",525452.923636288,181365.681109662
-3.39730855101726,0.0269459745818808,0.0397617138418363,-0.00722402252364574,0.022523720830362,0.0182649481139001,-0.0604540089386402,-0.0274015288513601,0.0124750507071522,-0.0613270282598306,-0.0860839763324597,0.185133564494187,"E02000974","Westminster 015",527027.195014512,181253.574154764
-3.42791873132275,0.0232755850065663,0.051861973368805,-0.0108076352070351,0.0268275427255453,0.0218702399504027,-0.083506504041718,-0.0212171092129707,0.0108668499017057,-0.0771915626626396,-0.0955915560980966,0.209002648036178,"E02000975","Westminster 016",526394.63516271,181127.948103737
-3.35234640900972,0.0188071503926327,0.0608596375884773,-0.0089305161376034,0.0315008479538946,0.0267850962107309,-0.103480231227405,-0.0174359989800616,0.00960647359661739,-0.0795002406786294,-0.120556792021021,0.227952168975561,"E02000976","Westminster 017",525856.369317783,180960.095629965
-1.72133434881139,0.0519866645058066,0.00342444962528605,0.0253455709873259,0.019750293492699,0.00954859038329393,0.0168931244575743,-0.0707929186558925,0.036395339201685,-0.0160134540413974,-0.329733849192405,0.120616160186614,"E02000977","Westminster 018",529629.630166646,180418.066833469
-2.54485701745475,0.0313175687645933,0.0338379270321153,0.0167055698338435,0.0120399855727092,0.0226794425173647,-0.0548937029091507,-0.0657500854249724,0.0117170799218045,-0.0204718771563416,-0.192616582581239,1e-06,"E02000978","Westminster 019",527333.13591258,179978.215315835
-1.17605401475908,0.0601071384844136,-0.00027509584478639,0.0322693160275933,0.0263292666013886,0.0136437244838892,0.0348511651264643,-0.0757241835883043,0.0470435150585233,-0.00916147532028998,-0.448495170511898,0.224591127824383,"E02000979","Westminster 020",529583.590122293,179418.029276444
-1.40325249997106,0.0630543335875458,-0.00180982140808736,0.0304889323108535,0.0260282351273445,0.0129200740108977,0.0420760378781788,-0.0599464565361047,0.0489764899405747,-0.00290910355058989,-0.441508406858964,0.27893429239774,"E02000980","Westminster 021",529849.364461891,178670.139069717
-1.11057461586513,0.0602237922758697,-0.0061755479464059,0.0361641911425331,0.0277597058412643,0.0224459325523281,0.0372784411804997,-0.071128174883787,0.0473249985215332,-0.00312811927280666,-0.473219685078276,0.345944085364478,"E02000981","Westminster 022",529122.159004529,178488.732602683
-1.51198858703358,0.0550762674778481,-0.00118513881379375,0.0354728073198188,0.0272539333269628,0.0267821218076618,0.0308396486869427,-0.0748201549078537,0.0404274831062623,-0.00236322320222967,-0.422241182810015,0.41026513852586,"E02000982","Westminster 023",528658.052448281,178493.882893123
-1.22942896210509,0.0626756533314844,-0.00909119526078034,0.0341517933099443,0.0263262698020751,0.0189771944834768,0.0419836029231734,-0.0595761617822325,0.0483693764296513,-0.000923882192413415,-0.462690162473593,0.333961437278845,"E02000983","Westminster 024",529508.668857668,178129.434375327
-7.71763339336933,0.0272836960164932,0.0914527187708581,-0.0429785390377836,-0.0195536546916426,0.00945385254378382,-0.00651984518431556,-0.0771526320063041,-0.0755890307069692,-0.0577775690102926,0.445699376481238,1e-06,"E02006782","Bromley 040",540860.642418247,170949.738890624
-8.12502259759971,0.0325924914209596,0.053334287485822,0.0123879089805173,-0.0137945050323755,0.00242486711668007,-0.0124037001918874,-0.0804681712325045,-0.0595741818904381,-0.0482909293369348,0.492541467785746,1e-06,"E02006783","Lewisham 037",539891.234990542,171785.629049521
-8.11741152801586,0.0338530052716422,0.0608879974233777,-0.00492085099407672,-0.0162969327883621,0.000343054648042211,-0.00691703803205296,-0.0935598714942507,-0.0927038390070339,-0.0452771574272386,0.509541514951796,1e-06,"E02006784","Lewisham 038",538860.620099159,171123.239009216
-5.95691707073979,0.00796141318080258,0.0346512376934911,0.00315801623905795,0.0186871654273855,0.0242802788307497,-0.00415677711471229,-0.0168409042430117,0.0356599454962826,-0.000329428119685196,0.127826233404755,0.386625998203457,"E02006785","Bexley 029",545903.460740443,176630.845401026
-5.17144180207631,0.00617037305230278,0.0285236688027239,0.0108224470781686,0.0194594499817704,0.0211266288428374,-0.00744253488556433,-0.0203499359724048,0.0316354029490233,-0.000223229634166351,0.0664875010376995,0.34544973007526,"E02006786","Greenwich 033",546040.773081253,177716.62092686
-7.72570668682128,0.0370405685263347,0.0314740223062135,-0.0467996953609379,0.00329195415574326,-0.00284936210979295,0.0112090387885762,-0.0208709020777519,-0.124180978968302,0.0192205718727932,0.401667082700293,1e-06,"E02006787","Bromley 041",536417.655877345,168510.839661421
-9.15859880532945,0.036181217882739,0.0291522032990177,-0.04209749340035,0.00448092968994144,-0.00325990424177843,0.0161621874141788,-0.00512566489317838,-0.137340494628504,0.0242983945471392,0.55083232185111,1e-06,"E02006788","Croydon 045",535195.883319228,167887.00266559
-10.1231838891521,-0.00353941124715661,0.0304245593954211,0.0415704078075087,0.0109031635144552,0.018348928680838,0.0424171820414252,0.019984613146285,-0.0628752657630254,0.0256059092137001,0.616065862474037,1e-06,"E02006789","Bromley 042",542781.156446467,160023.581593816
-2.82813109172455,-0.00906961103063182,0.0111027843259117,0.0525035524845808,0.022141962513761,0.0412407807434748,0.0149148037904636,-0.0326973828187393,-0.0830511974488542,0.00363893272972573,-0.137144030966483,1e-06,"E02006791","Ealing 040",520491.014330113,179151.380590675
-3.01989492298326,-0.00698298091538157,0.00921605457723651,0.0498144455001308,0.0173987943245277,0.0358245307259051,0.0159177313474428,-0.0325562349575205,-0.127123615141046,0.0041077038967946,-0.0896412866107679,1e-06,"E02006792","Hounslow 029",519999.222764534,178610.920967743
-3.26811976176322,-0.0177478674884751,0.0736277727512187,0.0926077540458815,0.0172379332925013,0.011644479303482,0.00623316978033508,-0.0192698549440814,-0.0619221819577714,-0.0133440468375634,-0.137650232358389,1e-06,"E02006793","Enfield 037",533308.906350851,192110.320257156
-2.96670307343696,-0.0195306713920728,0.0733101609085345,0.10326821038222,0.0131940081388027,0.0117496772383509,0.00679443753037217,-0.0371289784819377,-0.0582291533252901,-0.0189062576980602,-0.152232962633799,1e-06,"E02006794","Haringey 037",533814.612422684,191241.588318331
-4.85085228064194,0.0313220156644192,0.0102832289629357,0.00587564727567349,-0.0045702826214688,0.0021728377964822,0.0330401097794527,-0.0361633447244938,-0.0898695593401222,-0.0173048066347789,0.178402277408781,1e-06,"E02006795","Harrow 032",512621.84963751,187029.667974629
-5.28922432170538,0.0338754226869486,0.0084316430432063,-0.0120862699681516,-0.00448603402977536,0.000472075059774578,0.0327823751354318,-0.0400744266540726,-0.0611950774447406,-0.0117638925571166,0.256204877785069,1e-06,"E02006796","Hillingdon 033",511142.019838187,185045.893120289
-6.7477989101782,0.0307080329486906,0.00640040206157751,0.0738503394846768,0.0226985508146158,-0.00157589565202439,-0.0125311474231714,-0.0715112334811593,0.0783829374035494,-0.0159769523229048,0.228949341692265,0.153980438416934,"E02006798","Lewisham 039",536776.105042327,177337.332238927
-5.5481857970325,0.0101999948538447,0.0218878690203426,-0.0626641421859409,0.00296088201094075,-0.00742293014766705,-0.0032417391597683,-0.0209869206806264,-0.0808588013158418,-0.0127872631194281,0.285179110928332,1e-06,"E02006799","Barking and Dagenham 023",547548.505972958,186808.861360041
-5.85863997015237,0.00954648672891798,0.0188098981301075,-0.0527904888310065,0.00276392830372621,-0.00840198837974438,-0.00210356569452105,-0.0289423374271627,-0.0765037854076493,-0.012334700150322,0.340595536843734,1e-06,"E02006800","Redbridge 034",546403.645925221,186862.129199086
-1.98024345848836,0.0536252797068791,0.00541801086963679,0.0342203914510532,0.0197426867032881,0.000450298421159972,0.035974942513575,-0.0443274296988906,0.0395372719332039,-0.0101776359915749,-0.334756323203038,0.175988441129748,"E02006801","Lambeth 036",531003.592079835,179737.885935879
-2.46163040179118,0.0494101475882713,0.00644423164734839,0.0453645789250463,0.0200821469141552,-0.00282247307335979,0.0388961857427523,-0.0400129398397522,0.038603945901633,-0.00490113058866811,-0.287315132292568,0.206822984189465,"E02006802","Southwark 034",531662.18315369,179382.395200031
-6.87980445019407,0.0115636535157554,0.0321133920456526,-0.0196533225574003,0.012311313985577,0.0238104819598449,0.0126554645251564,0.0283528620941749,-0.100416580153886,0.0225469664045994,0.238544557962413,1e-06,"E02006836","Sutton 025",524693.567372607,161932.836849332
-6.36797301508186,0.0162758569012349,0.011350449204526,0.120436999521565,0.0270989437973483,-0.00567435254973618,0.00880719580078631,-0.0720519219050242,0.081671864019818,-0.0110526192314089,0.16943249159653,0.22260764006554,"E02006853","Tower Hamlets 032",537406.603637998,179371.055705823
-7.00318227640986,0.0127784418487521,0.0145795849186842,0.141274690519983,0.0274047448717731,-0.00118276284743304,0.0218237145392083,-0.0727099535156507,0.0922685464798425,-0.0110767564323781,0.208850422640314,0.227339645817779,"E02006854","Tower Hamlets 033",537416.207657147,180220.641135736
-5.39922496075344,0.0137908418617546,0.0114242935178096,0.0414034349302149,0.0110332911367443,-0.00371111739068788,-0.00189692863637426,-0.0120058705081119,-0.062301737784325,-0.00815239366593111,0.185828398908274,1e-06,"E02006882","Harrow 033",516913.262093985,189319.109105821
0.113623239466156,-0.00374116203429612,0.0240304906105877,0.0182521392518298,0.0121931679544356,0.0243076829825365,-0.003558609009511,-0.0399951389829523,-0.0508184838431742,-0.0548090915823105,-0.363207928091626,1e-06,"E02006918","Hackney 028",535153.915216537,186787.939436089
-0.0579075900157227,-0.00233906266198754,0.0268877397263692,0.0119542898749854,0.0117270644877334,0.0185150495429802,0.00232990820213491,-0.0403520628935331,-0.0429346970717346,-0.0623738567684676,-0.340060673460784,1e-06,"E02006921","Hackney 029",534582.592671579,187045.35238983
-5.15255014873965,0.0123896126621327,0.00985156481496896,-0.0133249702912966,0.00475848256039111,-0.00487662834824519,-0.014674268727071,-0.0381649946050771,-0.0832941626679328,-0.0121024080539632,0.285668457853048,1e-06,"E02006924","Redbridge 035",542803.307595691,187767.642284259
-5.05987440435899,0.0144624727091445,0.0087143117848561,0.0125138433243136,0.00427679931720639,-0.00381775084369788,-0.0208781663919191,-0.038831672428904,-0.0949436884791665,-0.00999404308543886,0.263397785375893,1e-06,"E02006925","Redbridge 036",542273.797639913,189351.065128616
-9.41647627852242,0.0329916240764727,0.0173169078563477,0.0781700632028962,0.0145658722181443,0.00672339026578497,-0.0141278932041412,-0.0338157033021264,0.0308814676831512,-0.0151291945058962,0.49827545813942,0.253113322370776,"E02006927","Greenwich 034",540690.76243836,175179.258560366
-6.38437719968369,0.0287914529849752,0.00642752885680328,0.089554857797016,0.0240767003595634,-0.00396475257632481,-0.0111995591741524,-0.066976581862583,0.0739996186193444,-0.0148212441609419,0.185685069803412,0.158766863727642,"E02006928","Greenwich 035",537702.353009456,177610.999394066
-6.58073120761902,0.0208878261410575,0.00876355539370647,0.214566661252879,0.032694092861478,0.00138978888991593,-0.0114787905306377,-0.0412201553025061,0.0563166110300092,-0.00814567749056685,0.117638708976885,0.161085220735731,"E02006930","Greenwich 037",539775.383069745,178275.199173359
-6.64908619645973,0.0335235001470704,0.00533672261086627,0.109399270206687,0.0243839090349954,-0.00445331872606133,-0.0126700664128722,-0.0584457023780628,0.0608507349145375,-0.014732672464462,0.193169728320966,0.126168758316018,"E02006931","Greenwich 038",538620.662756862,177151.178319436
-3.40328759251749,0.0269465084132868,0.0126491482504052,0.0732324392002726,0.018523035296998,-0.0066819102717457,0.0259550359615132,-0.0288542182992942,0.0375564840531462,-0.00366870649184605,-0.152559265741218,0.217250389218318,"E02006941","Southwark 035",533491.878662998,180038.062119913
-3.48406922879014,0.0283190448633935,0.0124389041442224,0.0772663261963691,0.0207375149111888,-0.00579028505780056,0.0285621277158726,-0.0336287807282274,0.0372616872418474,-0.000826968119980604,-0.158035221288854,0.226707183176079,"E02006942","Southwark 036",533412.46427827,179616.178159746
-6.01364433610313,0.00900451639251293,0.00939082196350902,0.0460415098094604,0.0150769349556826,-0.016513525067301,-0.0213687450745075,-0.00348052489402066,0.000754446246871647,-0.00329306196967353,0.269298392884424,1e-06,"E02006953","Barnet 042",521756.232660488,189981.546178683
-6.05052805295067,0.0104512837098318,0.0113777745217321,0.0485458906151955,0.0160493716593948,-0.0172833908048507,-0.0187510318377764,-0.0020623147955794,0.00127848101525754,0.000162094016354737,0.253332308405739,1e-06,"E02006954","Barnet 043",521395.744853562,189532.123274409
-4.75088430723847,0.00941465549586854,0.0124316192386296,0.0317143270510335,0.01626067572877,-0.0103567728006166,0.0265430391988389,-0.00542308243817813,-0.0189183832781351,0.0208883276559868,0.0966891101720783,1e-06,"E02006955","Brent 035",519145.962026962,185786.90334406
-5.13845096529995,0.00921127064789808,0.0152051737157539,0.0359248218761871,0.019542419361802,-0.0123692721572046,0.0295461459693015,-0.00343850400369637,-0.0107339994759598,0.0266817536539909,0.113904694517379,1e-06,"E02006956","Brent 036",519710.668886464,185402.413698468
-3.87439589380423,-0.00193884050000558,0.0105390874233456,0.00965652392094188,0.00828416662814078,0.00889784183200549,0.0260267508219359,-0.0309172700555738,-0.20227697487346,0.0226926789573333,0.104640433602149,1e-06,"E02006968","Ealing 041",518535.558909046,181443.901979872
-4.17265025185358,0.00166744536681554,0.010265931141488,0.0106197233021301,0.00324436445548489,0.00680261287811697,0.0215468678050973,-0.0366429246035206,-0.216488304876916,0.0193858933035409,0.157022632515065,1e-06,"E02006969","Ealing 042",518051.054431283,180703.212379316
-4.29750642466098,0.0281507860501705,0.00614780038622799,0.0282235453103339,-0.00876866560102537,-0.00731387531039552,0.0164744415326331,-0.062993461339957,-0.0928251068145462,0.00399439433549533,0.164348650484084,1e-06,"E02006970","Ealing 043",512250.975175774,179233.39572816
-4.34912495572557,0.0281023024934248,0.0056376095201141,0.0327141353265727,-0.00862684652097491,-0.00573261177690538,0.0151914946891641,-0.0676468688394743,-0.0807197487073897,0.00458694600099027,0.166025345998551,1e-06,"E02006971","Ealing 044",511530.200619734,179087.899230229
-3.78439096422056,0.00336280144443688,0.00742383072713191,0.0391934923120073,0.00480069159914111,0.0172805335773007,0.0197738682813387,-0.0388501381921949,-0.184719077780269,0.00789012396459581,0.058223485058053,1e-06,"E02006972","Hounslow 030",518701.937949885,178684.411615005
-4.35085390355023,0.0158238616146802,0.00595776006995098,0.0463928119232856,-0.00294577771547684,0.00110189338135333,0.0162948540118477,-0.0499157099050931,-0.184333549711775,0.00313975154128476,0.141650694611739,1e-06,"E02006973","Hounslow 031",517895.856101728,177869.198762372
-8.95639006356295,0.0360589917142753,0.0322039404846992,-0.0980620197917421,0.00658561935142025,-0.00135259557535575,0.0320329781217951,0.00298620222052852,-0.128488355397234,0.0223928486227824,0.52731581518466,1e-06,"E02006987","Croydon 046",532638.776551783,165512.535375282
-8.39069278929589,0.0338622328450011,0.0339426011533549,-0.0932488448774591,0.00591454257156136,-0.00124053749295721,0.033420836904049,0.00421855410729206,-0.122429357245382,0.0200384953446882,0.466400526679899,1e-06,"E02006988","Croydon 047",532627.662828236,164547.835532756
-5.78431331353739,-0.0018933071646661,0.0191876361240442,-0.00337158858085967,0.0231872008642732,0.0162825161228839,-0.0202182361586419,-0.0198838003085189,0.0294835186887727,-0.00473983747053223,0.20247513387797,1e-06,"E02006991","Greenwich 039",543966.21456617,179141.902828682
-6.45869014550564,0.0183558961911696,0.0144733282503466,0.18454914894722,0.0334850343294076,0.0148079640887678,0.00286417545210921,-0.0292716089328966,0.0625005272838976,-0.00737615009712244,0.0706766589100884,1e-06,"E02006992","Greenwich 040",539425.139411225,179145.516391415
-6.81923415374128,0.0127955791682047,0.0135857711837901,0.176899392021275,0.033304475734641,0.0233172020238135,-0.0101020728464342,-0.019712251519946,0.0569044913422681,-0.00669690065634687,0.123722283516322,1e-06,"E02006993","Greenwich 041",540385.63859716,178953.534992912
-6.82132930571629,-0.000565720680948324,0.0158246919739076,0.0863039223071094,0.0288795871037602,0.0247367135678788,-0.0243142181256045,-0.0166299439261863,0.045746737351796,-0.00672279052776528,0.231204382510996,1e-06,"E02006994","Greenwich 042",542233.9672257,178993.525427483
-2.30350582694612,-0.0104632360277404,0.0187544564353344,0.115608975795653,0.0224136074975972,0.0277383453816291,0.00729094900239936,-0.020686673296277,-0.00901896689531192,-0.0264284379388381,-0.198239343964529,1e-06,"E02006995","Newham 038",537917.070755759,184982.459535484
-3.17715358464115,-0.0101895762977739,0.0188960259853977,0.144320926888152,0.0228191339777314,0.0255193554684219,0.00861384382575656,-0.0204880077466937,-0.00976882294844328,-0.0229811562493963,-0.122080669933257,1e-06,"E02006996","Newham 039",538497.973707661,184746.3503113
-5.02553230932516,-0.00330281760925272,0.019714523049646,0.166512807780889,0.0261710238951098,0.0285660960516222,0.0250075486918583,-0.0355735984344256,0.045127322122763,-0.0195820675078205,-0.000618093519300017,1e-06,"E02006997","Newham 040",538215.55191704,183512.20477774
-5.61165002268251,-0.00205081848174429,0.0175084573001213,0.0140972827241891,0.02383968040066,0.0157288522783516,-0.01423635633286,-0.022754147610465,0.0263881475153593,-0.00870200398084041,0.184052420817755,1e-06,"E02006998","Newham 041",542883.561550059,180245.653340163
-6.69678824574414,0.00329253904461444,0.016897219806356,0.146958994805906,0.0302405256210724,0.0264085113799943,-0.00564792670999647,-0.0193015865139991,0.0514045138591643,-0.00839723278618961,0.155910681099963,1e-06,"E02006999","Newham 042",540846.50402984,180141.65157339
-8.00146318466715,0.0468103062499052,0.0010816785108145,0.0709426269874897,0.0177132648043289,-0.0030860638284291,-0.0171484109345391,-0.0722071319768834,0.0613512426977875,-0.0212011910734345,0.357585490196626,1e-06,"E02007008","Lewisham 040",538003.41345475,175900.487534233
-9.9141526995202,0.0581672670020303,0.00493210374858498,0.0469368098859488,0.0107686460691373,-0.00103067069249226,-0.0154182384203337,-0.0742201524039868,0.0493167043406485,-0.0269340627399466,0.561503004302788,1e-06,"E02007009","Lewisham 041",538272.481738251,174993.897194018
-5.72464795963937,0.0113650674951487,0.0217627368962924,-0.0449733215210802,0.0024730099358298,-0.00642344829314752,0.00264796669287635,-0.0222965301859989,-0.08870170225083,-0.0123717729134855,0.289860988969085,1e-06,"E02007017","Redbridge 037",547209.621587126,188714.593423384
-5.63524327559774,0.0109479957987638,0.0221046998961602,-0.0537550229740433,0.00287593432233598,-0.00663245319265873,0.000634527287050601,-0.0214471579324839,-0.0853635444073922,-0.0127942954517352,0.283571730751178,1e-06,"E02007018","Redbridge 038",547311.57605941,187941.782332966
-5.65164156269387,0.00940216256920248,0.0130314979648064,-0.0521354490114316,0.00326313234360211,-0.00796702604226623,-0.00440196154171663,-0.0383199414269517,-0.0696647070309944,-0.0128782089404249,0.357961071881647,1e-06,"E02007019","Redbridge 039",544346.962162576,186519.978600253
-5.70843017818918,0.00846083835387816,0.0129194980642783,-0.0562259225394056,0.00351528375437408,-0.00807237831603664,-0.00394858266604736,-0.0379827489332616,-0.0645453095707732,-0.0129799837695802,0.368768583328527,1e-06,"E02007020","Redbridge 040",544409.317925574,186061.014857306
-2.51571489941479,0.0584131484255831,-0.0050718046907039,0.0255413809815071,0.0209239100515552,0.0207314719811859,0.0363767179045767,-0.0453352240179041,0.0320778385658517,0.00485865474163399,-0.305745473606802,0.389800598289096,"E02007083","Wandsworth 038",529189.209605018,177375.532542245
-0.238918590133279,0.0708525035612498,-0.0101884791413396,0.000982702977634274,0.0121771204625145,0.0165010111160979,0.0187805791574451,-0.0470640998420268,0.0184172524712559,-0.0065152326368122,-0.498787746754301,1e-06,"E02007084","Wandsworth 039",528943.740975134,176636.763861614
-1.80359617408751,0.0223950536731022,0.00487233814349821,-0.0285999468745644,0.00446162564278375,0.00676037971026525,0.00205619070239919,0.00767571430446022,0.0268167114611653,-0.0303038262578584,-0.166609720331133,0.14044658468443,"E02007108","Hackney 030",533489.026967412,184760.666751074
-2.6162248086339,0.0247569908607255,0.00322033544933959,-0.0275988413659675,0.00280567862742835,0.00465264864086924,0.000752559850237776,0.00968164770097824,0.0290782095703016,-0.0284919894682913,-0.0813242846637004,0.131798121795116,"E02007109","Hackney 031",533483.858319839,184306.034956007
-3.39200043045255,0.0338748984885806,0.00115670896542206,-0.0236261814849573,-0.00354970512041683,-0.0031399497814767,-0.00368699770730626,0.0194860125351735,0.0304032178773991,-0.0309747797962399,-0.000163866929571496,0.106346039773045,"E02007110","Hackney 032",532932.42663868,182900.197208887
-3.64903907065319,0.0317746302340642,0.00361350143941183,-0.010542438447284,-0.00229668686363196,-0.00680762899736879,0.00332851256958923,0.00417259282658009,0.0294111432813198,-0.0274511107228239,0.0136517762107046,0.129336932344546,"E02007111","Hackney 033",533316.311079251,182586.568230349
-8.07858222858627,0.0108912751090899,0.0191800254069198,0.221438463932054,0.0294477689185497,0.024003956393795,0.0265359962623838,-0.0356837024087042,0.0761974868377001,-0.0104734641983796,0.222960938938707,1e-06,"E02007112","Tower Hamlets 034",538973.160875022,180908.735208383
-8.16993616360942,0.0131714468844988,0.0174552352807795,0.178972064436081,0.02876094220307,0.0157251576688159,0.0279668803310717,-0.050355956890699,0.0849042571623966,-0.0120449321909474,0.267777337373186,1e-06,"E02007113","Tower Hamlets 035",538263.070527507,180486.974742482
-7.04803412128981,0.0190796223569569,0.012042693904289,0.13734398843308,0.0286826806045103,0.000928013459306018,0.0146824194113709,-0.0587476581166031,0.0727224833263213,-0.0110148017512278,0.204053875048801,1e-06,"E02007114","Tower Hamlets 036",538076.976649236,179498.497462725
-3.09077433489025,0.0351302933811792,-0.000676580499194576,0.000902701662069709,0.00433470489760662,0.00174471636197362,-0.0126588029632053,0.0157433813001546,0.0213966473373651,-0.0463115027925606,-0.041840584471701,0.0366346283932051,"E02007115","Camden 029",530405.673682391,182562.10740517
