"Intercept","IMD","Asian","Other","retailers___other","takeaway_sandwich_shop","pub_bar_nightclub","supermarkets_hypermarkets","hotel_bed_and_breakfast_guest_house","other_catering_premises","log_pop_density","alpha","MSOA21CD"
1.62767981466959,0.0142091694030437,0.00740781250037768,0.0421626763206528,0.00888740310643522,0.00950342769547619,0.0191540924946956,0.0377806447773932,0.0256990592994099,0.0126413868283258,0.169984834927361,0.0789610630191485,"E02000001"
1.65451968595909,0.0093536524724122,0.00493747585794367,0.0602361374473211,0.00683223605858931,0.00725476407282422,0.0177377303616637,0.0216560984354436,0.038178624643712,0.0148428549318281,0.174343275047262,0.0382355026996693,"E02000002"
1.69585374404179,0.0096410463370637,0.00539182728517129,0.0643103357837591,0.00699901333125012,0.00753141491796545,0.0192774736799831,0.0214524625428938,0.038445039971018,0.0152826337074343,0.177837172934133,0.0434395872697011,"E02000003"
1.86028391837467,0.0112326245476827,0.006071473842436,0.0731405854068204,0.00854049919797268,0.00918406281395984,0.024382906479078,0.0217037588113054,0.0467422429236197,0.0179509071626197,0.19345466944785,0.0834693894185007,"E02000004"
1.69075032066495,0.00986289495996196,0.00539481149679149,0.063358443671694,0.00707494490693774,0.00769177559118117,0.02075336753975,0.0208932948280565,0.0384527689384795,0.0156729098123183,0.177199983949794,0.053324046226837,"E02000005"
1.78308050290177,0.0104840651201988,0.00579991514689595,0.068478651175627,0.00773543764155761,0.00838741984347823,0.0226440240693505,0.0211490267486026,0.0417177154090964,0.0168491617058727,0.186206247794957,0.067510320993982,"E02000007"
1.67374659062128,0.0100146291902169,0.00520471645839545,0.0613203091328306,0.00705412208104462,0.00766164856289704,0.0221160433586816,0.0209647104919129,0.0376491346539465,0.015714564202651,0.175623741571885,0.0579787703293797,"E02000008"
1.45069954877033,0.0092381878498904,0.00411505103172874,0.0515575872301847,0.00611993211183125,0.00671824179920044,0.0193858960880798,0.0200201750091395,0.0332263574400508,0.0137131728834184,0.152592376656413,0.0396696593674403,"E02000009"
1.77969031155662,0.0106846491537112,0.00559357908772544,0.0663387219729508,0.00784553342915041,0.00845129182052302,0.0244472231742256,0.021495573281254,0.0414492629380874,0.0171415168279,0.186223306920701,0.081150496403303,"E02000010"
1.88070776349214,0.011488546054941,0.00603215311550933,0.0728794156393485,0.00882092704300984,0.00938001342571818,0.0256443320935826,0.0221973725648813,0.0475959454484865,0.0185068026512802,0.195749594341198,0.100515564196651,"E02000011"
1.27043991934975,0.00858046899209614,0.00317806087722853,0.0462744344503431,0.00547613691348921,0.00619778342719325,0.0169207236872573,0.0187417887393593,0.0286990173699297,0.0120598881977787,0.133428948772636,0.000240025476325313,"E02000012"
1.48792333176628,0.00960067204644849,0.00423551256829207,0.0527672113388915,0.00658725155469112,0.00722622977347358,0.0213818955086582,0.0203046639259121,0.0339801646722779,0.0143615427788909,0.156194281714328,0.053748852025212,"E02000013"
1.75494816250824,0.0107669026959695,0.00535314958069616,0.0645682351291751,0.00793642545828357,0.00854004139780705,0.0254793780986553,0.0218916240216475,0.0412386233787094,0.0172040981294483,0.183671275969786,0.0910337947336012,"E02000014"
1.9530500791992,0.0119860071783044,0.00614979178090955,0.0752433386444665,0.00931121405546088,0.00976234602861822,0.0270380015770907,0.0233592791339818,0.049814446366474,0.0194698545303983,0.203445266036455,0.120335833596763,"E02000015"
1.24118747696398,0.00791426999347739,0.00278571613706703,0.0455508239513273,0.00480387262619513,0.00578234260318695,0.0161019031985676,0.0180732441675319,0.0256939030814649,0.0104264539234022,0.131041564003394,0.000146280154110661,"E02000016"
1.22335386177444,0.008157607677464,0.00288937105319766,0.0454351402822124,0.00513116068718299,0.00600172101557645,0.0159873838432897,0.0181569876665777,0.0266595570452391,0.011190194944905,0.128572311093426,0.00016368475734837,"E02000017"
1.35012901862416,0.00901844993012351,0.00358023859971069,0.0473961149398228,0.00613248951079554,0.00677641845209195,0.01939502921079,0.0195200377465963,0.0302561842867368,0.012877823191208,0.141743003725385,0.0425344553206316,"E02000018"
1.69146415915787,0.0106002150925906,0.00492253404121815,0.062305246092305,0.00800834720947107,0.00885947507641781,0.0251114434938788,0.0229635901845717,0.0389842921582456,0.0167150350815162,0.176770764137005,0.102048781648675,"E02000019"
1.35349025382541,0.00896952400923679,0.00349596316469367,0.0470837763654319,0.0062534307732498,0.00700915822722357,0.0206105010791703,0.0198450221705909,0.0278077277874996,0.0122340330957375,0.141987200805967,0.0500643685678632,"E02000020"
1.92832291059441,0.0118353075876952,0.00589556357180397,0.0753870674382113,0.00926928531114802,0.0100345875630498,0.0247983086941903,0.0248035178259219,0.0475493491174292,0.019771875600879,0.200878796727229,0.138790919302714,"E02000021"
1.24048526402042,0.00803782333136271,0.00286722132272378,0.0442797384533363,0.00499035486902108,0.00592719173303963,0.0169707147315728,0.0181341412175732,0.0250281753338667,0.0104071188975124,0.13090932411934,0.000175995063413747,"E02000022"
1.40359093780745,0.00926435405384372,0.00374358092352396,0.0495333867614349,0.00664686368332362,0.00746574262800636,0.0210315118976833,0.0204336913055445,0.0300117575079439,0.0131585748301055,0.147004803617875,0.060233663747715,"E02000023"
1.66448962326543,0.0116332954862697,0.00821001010059576,0.0380376913624539,0.0102199173329056,0.0107814751490777,0.0201215032009492,0.0232656801457437,0.0516668149677741,0.0163415472040325,0.175218327195171,0.000298442749895166,"E02000024"
1.55602493130101,0.00971272936762891,0.00965504481786422,0.0356186579637836,0.00988736207002825,0.00996156960307612,0.0186374730383987,0.0240914070761242,0.0520426695421021,0.0144070370300174,0.163344555204663,0.000279552282078364,"E02000025"
1.49368542257567,0.00943303490287891,0.0138632630086215,0.0362414279736495,0.0101796463912678,0.0098024048367076,0.017236215651242,0.0242472261949995,0.0562045737785568,0.0134896128917705,0.153756803180221,0.000271904196412771,"E02000026"
1.6970801224399,0.0124679255186329,0.00791554061585465,0.0371582382087946,0.0101202269216196,0.0106825797243803,0.0198248195024954,0.0216720559489395,0.0483554465068311,0.0164604716231575,0.1791954630991,0.000303834465454666,"E02000027"
1.60891209694587,0.0102683113118661,0.0103089398886497,0.0359271890906428,0.0100331887047579,0.0101716663983543,0.0186053205734833,0.0248638882591801,0.0516017723925013,0.0145652309982308,0.169069660694169,0.000280270654349493,"E02000028"
1.54350182938261,0.00966267911203932,0.0128895309258696,0.0361627498329821,0.0101840383419076,0.0100238800968023,0.0176206834910382,0.0253074498685336,0.054077385502882,0.013805818252888,0.16017611916802,0.000287615031624851,"E02000029"
1.86291593925808,0.0148671063653679,0.00692065675181278,0.0406181733421204,0.0104216554041592,0.0114433585293549,0.0215338041799396,0.0181673170369514,0.0459202502555551,0.0199458027329724,0.197181465776368,0.000671797385742773,"E02000030"
1.68994878811118,0.0111914020334636,0.0114705513825714,0.0368065212849404,0.0103748492385393,0.0104883900939003,0.0186127549553489,0.0260772203410329,0.0512047882188567,0.014697578906362,0.177591417190464,0.000272077010208477,"E02000031"
1.46712397986248,0.00973063541238046,0.0165761851573684,0.0378365274363338,0.010434295794465,0.00992251557797938,0.0161914822337241,0.0239401301675646,0.0586513929672848,0.0130728743875702,0.148258424560903,0.0666032431753024,"E02000032"
1.57032452161291,0.0102560860862738,0.0164045848021012,0.0388029172720237,0.0105745382153019,0.0102912882327833,0.0165663534101853,0.0263210780064152,0.0549384656458302,0.0134004362234862,0.160539920306596,0.0718036056201879,"E02000033"
1.77300185854722,0.0118719654952172,0.0137052786835089,0.0389270873675209,0.0108503907742446,0.0108477913675785,0.0183465446662016,0.0279566428764385,0.0507546967125279,0.0146559659112454,0.185668552347873,0.000332101878739536,"E02000034"
1.80661519911513,0.0130148829059945,0.0103453775543969,0.0376598912790007,0.0104561048046162,0.010890112512289,0.0195385803809323,0.0242319842103553,0.0451381988286851,0.016309891925106,0.191104375503593,0.000296199670235884,"E02000035"
2.08598751778998,0.0139841924907264,0.00651788734041863,0.0407635199990164,0.0103843516923517,0.0109088175795923,0.0232196236824501,0.0150802361913309,0.0441142800710117,0.0206905135461948,0.223916739688716,0.103121548065126,"E02000036"
2.14891997946892,0.0138657135719249,0.0066043331660847,0.0384131779876587,0.0105044740717497,0.0105111897124721,0.0228237099023016,0.0150810475803245,0.0499827385594027,0.0209012282159271,0.23141686359453,0.104835972144547,"E02000037"
1.84876339045265,0.0121729360954178,0.0169374493723088,0.0421586646078809,0.0112066687370574,0.0112516399319008,0.0181517693527426,0.0300431374352811,0.0504423503278531,0.0146384598410729,0.192270493175852,0.0919702039586314,"E02000038"
2.02925577183485,0.0140257601975248,0.00639299923988402,0.0405467539978959,0.0100439733934642,0.0112533456822026,0.0231903523908922,0.0151302722389789,0.040322839575863,0.0204074741953816,0.217594217023683,0.0979417161477823,"E02000039"
1.87590799649237,0.0139919758530596,0.00695041705312868,0.0390598173576593,0.00996596054198166,0.0112059198282001,0.021216825382354,0.0164781319472411,0.0396946029441445,0.0195739078085596,0.199872487446912,0.000951751021283699,"E02000040"
2.13054604341828,0.0131414757223662,0.00638785191257944,0.0376502242575384,0.0103005163731451,0.0106314384087616,0.0227999641618381,0.0144154496852408,0.0436348954121819,0.020163685673758,0.229845989217784,0.102959490933056,"E02000041"
1.84419319442927,0.0130343649612048,0.0117382823467602,0.0389112356484185,0.0104401190636155,0.0112815345612305,0.0192694186159429,0.0243625604051205,0.0400208209989545,0.0169420288323544,0.194965782112353,0.000589962537857761,"E02000042"
1.84226494892777,0.0134643323130552,0.00884457172147328,0.0378485033751289,0.0101476941428348,0.0111886447674455,0.0198737061246539,0.0200477759839402,0.0386980087578741,0.0181345454101398,0.195862125595177,0.000400613246705115,"E02000043"
2.11078042961152,0.0134810901183343,0.00638166052173307,0.0407074695531916,0.0101951500257117,0.0111477194807793,0.023485605421327,0.0145375650779142,0.0403841740557861,0.0205316491896066,0.227203389778343,0.102345993400048,"E02000044"
2.18832259038858,0.0140812882572563,0.019565744098316,0.0465549005216794,0.0119967285962518,0.0126138940199164,0.0206909767726063,0.0339014448021334,0.0445143316680214,0.0166484870621817,0.229629205962057,0.119121651873225,"E02000045"
1.91834383478435,0.0127974175559179,0.0099772587490366,0.0386751398972942,0.00980422255104109,0.0113585666157761,0.0199836259398619,0.018678435927792,0.0321739414444682,0.0187752975774223,0.205006207423916,0.0844374793939511,"E02000046"
2.08176426831434,0.0127937480610309,0.00631387295896845,0.0378193848487697,0.0101253095601301,0.0109063176037282,0.0226995984383874,0.0139101103340989,0.0395884114536202,0.0195916936533598,0.224417852550835,0.100544220962478,"E02000047"
1.95592065667274,0.0132049053024964,0.00688540992491388,0.0382766509317242,0.0096928731468257,0.0115126645469489,0.0216353287748388,0.0152075332298743,0.0350356215293598,0.0198420221958888,0.209903210027341,0.0883765805497859,"E02000048"
2.05042288558622,0.0129295466834965,0.0062201305117245,0.0399919686420795,0.00989938940046004,0.0112704236447232,0.0231822511458892,0.0140579294638043,0.0376404688022651,0.0201863205837566,0.220673760878103,0.0980772709961443,"E02000049"
2.07249095253295,0.0136322075725651,0.0146675161131681,0.0438335145862918,0.0107544526821474,0.0121303539467186,0.0205903951870451,0.0245309498886123,0.0327077163443456,0.0185744442281389,0.219833293276128,0.103493367252819,"E02000050"
1.79522430883538,0.011899335420339,0.00836422970093078,0.0355207518142212,0.00949238139128629,0.0109759276124365,0.0207940628571764,0.0152614089943696,0.0297712145564464,0.0189797330160167,0.191890482133058,0.0724367209424667,"E02000051"
1.97082657530478,0.0124735947315474,0.0146442936350621,0.0424898153432493,0.0102839369077235,0.0107041551710936,0.0216809195468735,0.0215095258666128,0.028975643441664,0.0191864568787323,0.208888761754076,0.094285284885729,"E02000052"
1.87474776712622,0.0119734074468039,0.00612854882360254,0.035850187335363,0.00962717893443994,0.0114814907375365,0.0219490598870706,0.0137000204590479,0.0331899841658515,0.0197342385367026,0.201209829930489,0.0876234242397685,"E02000054"
1.7360639107391,0.0113327575373952,0.00625225040222949,0.0316682766283813,0.00967258644560345,0.0113398413365264,0.021275809572465,0.0135201647969105,0.0307826289452188,0.0190535472021418,0.185693188565929,0.078882262498106,"E02000055"
1.63624252861194,0.00964343742864851,0.0108953523868054,0.0307133752414054,0.0089655661551278,0.00819700882632897,0.0214781511932889,0.0141392747211996,0.0263201545679305,0.0175225677757243,0.174422881758696,0.0604115862143686,"E02000056"
1.62391621023588,0.0107062547019237,0.00645829486084677,0.0274579729644869,0.00955728554560515,0.0108435594127813,0.021191279926008,0.0131061147095441,0.0290285016639068,0.0181344987525025,0.173324409481704,0.069991528329489,"E02000057"
1.55401564498036,0.0097221136066121,0.00853865800521167,0.0266809443579937,0.00862434905807405,0.00885552466526271,0.0211323136024803,0.0124890616321221,0.0265409316571049,0.0169033564344404,0.166048799698508,0.000623464426364621,"E02000058"
1.71505659328496,0.0112730404774979,0.00576532449574123,0.0292086628448342,0.00963306102943546,0.0112422419992433,0.0212271367180405,0.0124865400682612,0.0317755386660596,0.0168386129366842,0.183457535064944,0.0815316461180604,"E02000059"
1.48635204957805,0.00953218604347447,0.00694452985059669,0.022595568393858,0.00864993442892295,0.0092098051582816,0.0209684522941555,0.0118842220969368,0.0270158083027829,0.0162964228786095,0.158846493501774,0.0573309798124342,"E02000060"
1.36663513267199,0.00789964895202905,0.0080360570810739,0.0192349606690652,0.00782025982250557,0.00716603076208151,0.0201302863316243,0.0101777688053444,0.0207415199798276,0.0149549944209786,0.14625399748149,0.0440801695751,"E02000061"
1.56339236803336,0.0103811352695994,0.00627953496333261,0.0236903900376561,0.00948584026683519,0.0102643283002574,0.0216401847635914,0.0124975126331186,0.0269078659624824,0.0163998894116748,0.166792702780894,0.0728667927280923,"E02000062"
1.49366666963286,0.00960132461782297,0.00711685366550004,0.0220566831630495,0.00900015960479719,0.00907864972615104,0.0213115745137624,0.0118563017762372,0.0235997869721853,0.0159291342785774,0.159417727623111,0.0641479271519397,"E02000063"
1.42539668709631,0.00875959533397117,0.00806552184290555,0.0203412229353497,0.00840809042703641,0.00788029435595113,0.020985930338458,0.0108653682435729,0.019099593429371,0.0154260323237888,0.152181334565346,0.0585735514181455,"E02000064"
2.2980490488142,0.014471681998723,0.00698505603368423,0.0984683918317611,0.0112062429650471,0.013700451322789,0.024540238239975,0.0296755004674375,0.0397593090418497,0.0235321843716537,0.237555785637916,0.180081890604868,"E02000065"
2.52446271207299,0.0160964702404184,0.00816391874937897,0.113878665639415,0.0125563516259967,0.0158767287591445,0.025643933338042,0.0309899312544334,0.0377615411451928,0.0252207052709363,0.259525046878816,0.198743311445451,"E02000066"
2.55908201421514,0.0166576016436058,0.0085103633797234,0.116311302735652,0.0136050181160645,0.0158931028867868,0.0263128446213763,0.0315059734332876,0.0423962584837298,0.0273793935303842,0.262067911654359,0.212187673159364,"E02000067"
2.76611413448037,0.0184366146857834,0.0103893056058682,0.129685582153859,0.0161702897990338,0.017476408284271,0.0273699438797023,0.0328397352507723,0.0505862591176534,0.0319059671080896,0.28111011779581,0.236670563566601,"E02000068"
2.77419984556669,0.0184406191876226,0.0105893837854453,0.130400268569963,0.0163582378609017,0.0176218124557528,0.0274977767832838,0.0329562511314805,0.0436404493041469,0.0305473228055708,0.2818777831556,0.232315704893398,"E02000069"
2.66980532687155,0.0172772539642253,0.00953795454980461,0.123601449207238,0.0143929680920236,0.0168321823731036,0.0266080649827116,0.0317335217671284,0.0374452256471023,0.0264058633180807,0.273065874510256,0.211746170866723,"E02000070"
2.82651581363961,0.0188303957735038,0.0118967312503134,0.133923272483136,0.0174503181687395,0.0179210554443935,0.027589172874935,0.0333037572185239,0.0420591566350014,0.0305974398889502,0.286423398268809,0.233791214093955,"E02000071"
2.8446358136544,0.0196466066969804,0.0135331893072196,0.136144906634525,0.018348722146971,0.0172958702317119,0.0269632203922614,0.033264893826385,0.0710280531518999,0.0353804498301906,0.286556171240491,0.254526090839737,"E02000072"
2.84371345938468,0.0182564570012698,0.0121464190847408,0.133451614425441,0.0164829765032309,0.0177020158006287,0.0273215899214749,0.0329245452438729,0.0372328148617769,0.0273815886468089,0.289850803993028,0.222051261264188,"E02000073"
2.90789145057258,0.0197826280115973,0.0140409869659565,0.138348262909345,0.0190316995531851,0.018082040164411,0.0275100806264639,0.033916295239654,0.051386533428207,0.0337211492110248,0.293305458011862,0.248444934036786,"E02000074"
2.86997004181452,0.0188706800157736,0.0132733221902863,0.135780443736001,0.0178713634791052,0.0180224703584721,0.0274465741174068,0.0335227886759604,0.0400123066797652,0.0296089830250468,0.290939607915432,0.229847383540584,"E02000075"
2.97133976233037,0.0185640903763465,0.0137648351903731,0.14019560362157,0.0170040985777105,0.0176507054568661,0.0276676313560401,0.0337367053074748,0.0368351847269951,0.0267992115710979,0.303294434656865,0.229659984879767,"E02000077"
2.88447707355661,0.0193678530925629,0.013937013092138,0.136791780573556,0.0187376953209825,0.0179449779984954,0.0272583698804466,0.0336008661605415,0.045787090403844,0.0319048004019939,0.291420353653653,0.240587746884758,"E02000078"
2.9787892018332,0.0190640614321915,0.0172325244593615,0.142052692798849,0.0188970519935283,0.0178219711780899,0.0268873823035988,0.0343354811140925,0.0417558948674773,0.0295057104799787,0.301422448254244,0.22967778122196,"E02000079"
3.1957334063939,0.0194478799658195,0.0207728659270407,0.156798735936259,0.0183233095728164,0.0174759642312152,0.0279247425559934,0.0356361411648949,0.0390467528616043,0.0281619367740508,0.324107233778992,0.243897799173081,"E02000080"
3.00988457531392,0.0194783599322698,0.0182055291806957,0.14210167419876,0.0195580562652152,0.0180491579486678,0.0267965784972902,0.034484502652222,0.0476790946025604,0.031529244019037,0.304211588828257,0.234374363986205,"E02000081"
2.21524874413552,0.0140374567492576,0.00890239803511464,0.0870988674149186,0.0130365826943351,0.0128620603444215,0.0237371333107417,0.0282953446724805,0.0368817538251194,0.0193426282569091,0.230171716485502,0.000123000048184365,"E02000082"
3.02627639225243,0.0197293508605986,0.0189278969610091,0.142191004617513,0.0197838464056882,0.0179761501582216,0.0265667046926395,0.0344151938238622,0.0591583148129302,0.0333608843130409,0.305626329114035,0.243079747079631,"E02000083"
3.06952262941269,0.0189270521262588,0.0211664242370648,0.150387091985536,0.0186713864045353,0.0172017739681771,0.0261292385545144,0.0348533132544199,0.0423308173079277,0.0283975805438212,0.310074377763205,0.225828150185016,"E02000084"
3.12985772388972,0.0190492800248553,0.0252704754700503,0.159262781902522,0.0181633657318581,0.0164633288408625,0.0255656214056216,0.0353234330906416,0.0437377268665772,0.0278184179258082,0.314531936708247,0.225450464991231,"E02000085"
3.12978043288706,0.0192740614501344,0.0295612093072426,0.164827915669475,0.0178633009706413,0.015836825319057,0.0251053217034183,0.0356583429549597,0.0485070626029416,0.0279820247406226,0.31158366258314,0.223139366203539,"E02000086"
3.09193679287573,0.0187938757793285,0.0248763140310913,0.153358110261679,0.0188471291716785,0.0170234161590494,0.0249352998865916,0.0353940818524611,0.0533005048520333,0.0296178069283384,0.310858108515367,0.216528798349512,"E02000087"
3.12260123480475,0.0189223779443279,0.0281719447693144,0.162324743447569,0.0180621226883993,0.0161111167862662,0.0241078896433564,0.0357811712599324,0.0521915242354603,0.0279195979275421,0.311962726123631,0.209591381662379,"E02000088"
3.16962936763562,0.0199447916129931,0.03415008760482,0.172448417955541,0.0181919129933379,0.0153471162170068,0.0244243153752549,0.0367191078567223,0.0742045542602187,0.0288936738535762,0.311909343979927,0.213942707169099,"E02000089"
3.07748222389069,0.0196043312683845,0.0342462402061785,0.170407133140972,0.0178263332872439,0.0152062335127361,0.0231994771902409,0.0368379561187047,0.0812587005945511,0.0283959061207032,0.301070231133452,0.198021216927347,"E02000090"
3.04836332911845,0.0195582196478677,0.0346763365158307,0.171565118841284,0.0178653047964529,0.0153649188287748,0.0228672141404612,0.0374308802759145,0.0846075393015974,0.0286129153756832,0.296665842806699,0.192302821916158,"E02000091"
3.05189101981061,0.0190807933530433,0.0326103875114526,0.168639131110404,0.0182210131822605,0.0158276648304493,0.0231728315595439,0.0376817223233314,0.0773385920965829,0.0290502322950405,0.298921839659971,0.195246854783011,"E02000092"
2.01268054071611,0.012143168961697,0.00623629543398478,0.0324637165638172,0.00989141875708033,0.0104406989018921,0.0213324830102389,0.0134006346480786,0.0396127692022322,0.0181263931985286,0.217254609516111,0.0948193377701883,"E02000093"
1.86406236444468,0.0117887596338261,0.0058968993536049,0.0316610819409715,0.00961006547665446,0.0106798514755876,0.0210028239585282,0.0127959408899095,0.0354049295182539,0.0172681564914363,0.200485166886993,0.0897021077407356,"E02000094"
1.93847187207489,0.0118802398380163,0.00611622476966036,0.0297535216856887,0.00963648273496273,0.0102188835984355,0.0202634092535362,0.0130757919616855,0.039658243004186,0.016957651239909,0.209173933070197,0.0915519165399886,"E02000095"
1.98091635343251,0.0124214511382899,0.00627549822648999,0.0285651321378872,0.00941626945416858,0.00992029196762503,0.0193959584954436,0.0134987234925407,0.0563533141333065,0.0166613756710109,0.214164951175929,0.0947495804805592,"E02000096"
1.76580762085573,0.0114685245846583,0.00574909299746407,0.0280536863249816,0.00936663733865024,0.0104976512021022,0.0206305950483183,0.0123127993002666,0.0348708461179098,0.0159253359792762,0.189597171845997,0.0843763130020827,"E02000097"
1.89556482307427,0.0119898881193917,0.00615393488541737,0.0284920530354643,0.00941322082843408,0.0102595899589904,0.0198073089948624,0.0128151246770448,0.0415741449409163,0.0158448042509088,0.204409811298484,0.0925532045166716,"E02000098"
2.02848607939051,0.0126777127956279,0.00639501999339238,0.0284943802716768,0.00943313994696374,0.0102444433307302,0.0188951904837618,0.0132829696141649,0.063784076412108,0.0156029781863065,0.219649808363436,0.0974158314263135,"E02000099"
1.9427804673597,0.0121015860754308,0.00568030423871591,0.027239980244411,0.00892516117111886,0.00961513109894969,0.0178853131103955,0.0128364438780406,0.0746006018539748,0.015406460296044,0.210498847582954,0.0890589989154641,"E02000100"
1.77896963193594,0.0116696326933802,0.00604668304753854,0.0272736285393475,0.00949492024488793,0.010714362138692,0.020244057435489,0.0122521081528135,0.0373517934806875,0.0153439475589963,0.190930217034433,0.0843286751946144,"E02000101"
1.63821264716117,0.0112048101674019,0.00583293757460131,0.026143311158602,0.00950251210073313,0.0111054979994875,0.0213436165758218,0.0121259077739469,0.0319538389426705,0.0155860958098281,0.174652444099894,0.0787356894123059,"E02000102"
1.63156403074469,0.0112179408208067,0.00624074098614108,0.0250353312678492,0.00990511002325808,0.0112646578588014,0.0227218339756297,0.012920671212564,0.0280461215352573,0.0165342512123235,0.173648538802821,0.0814065626448919,"E02000103"
2.07417473807507,0.0127770286265117,0.0066495124964399,0.0289890161471805,0.00978079511085239,0.0106921453989528,0.0191968016370864,0.0130878264232451,0.0598565343787053,0.0151370087479593,0.224628032613731,0.0987289181726522,"E02000104"
2.02298958066426,0.0115358866739335,0.00549977569880575,0.0271684466183931,0.00894709375675732,0.00959179369026383,0.0175241276574049,0.0121903109677805,0.081382530379307,0.014342065959074,0.220084690894502,0.0853687970803419,"E02000105"
1.60126143383294,0.0114045827301517,0.00612565958886762,0.025142435260486,0.00951800284381933,0.011115748457983,0.0198559612545605,0.0122025449117558,0.0297721370291149,0.0153139659233187,0.170374253561448,0.0842057775281356,"E02000106"
1.62960198523893,0.0109780045590404,0.00698115282391852,0.0234848031240009,0.00994986655896273,0.00981871720045341,0.023327113191861,0.0129130494150894,0.0224760823064809,0.0166944444698266,0.173804716906295,0.0833503199763902,"E02000107"
1.83746036895978,0.0101916383839153,0.00437431611320721,0.025400034747897,0.00813455191706155,0.00856949093342046,0.0162398231210124,0.011153807230955,0.076014735363698,0.013533050940348,0.19999016592479,0.0730334640889766,"E02000108"
1.69617851263641,0.011796814072169,0.00680745712999047,0.0242843427556867,0.0101967897805899,0.0105975329641006,0.0230775111014979,0.0133827074449417,0.0235597687000954,0.0172069475666939,0.180896450241755,0.0922068078048438,"E02000110"
1.94764587463285,0.0111944350836196,0.00538298699830842,0.0266886949814484,0.00907221066228619,0.00958828715968265,0.0173607538708071,0.0118347441824559,0.0801999942286442,0.0137399563875968,0.21152346005386,0.0806173634139906,"E02000111"
1.82025170927392,0.0122729003331216,0.0064736179294972,0.0269978048632239,0.0100567600828046,0.0104722332921904,0.0176881193876461,0.0126865338045064,0.0635780486650107,0.014213261545256,0.19547886972527,0.0924825284037397,"E02000112"
1.6485025089352,0.0119772277106734,0.00662784103839963,0.026209822165904,0.0100816714322112,0.0111013705677207,0.0172023553672207,0.012355427491257,0.033369170845092,0.0147196190154325,0.175392554550769,0.096312517350184,"E02000113"
1.78026694340894,0.0125023520415395,0.00744094668480614,0.0252241947664149,0.0107981549736212,0.0105695197443582,0.0241622764209334,0.0141307623726963,0.022058700157603,0.018312638959456,0.189838398857975,0.10251037960118,"E02000114"
1.61369587596545,0.0109724942072171,0.00858633484272529,0.0238476580502584,0.00991471776907956,0.00931606707762255,0.025097400635936,0.0127791048466415,0.0196033744031107,0.0171271967380677,0.171452022266536,0.0852718230300858,"E02000115"
1.84775586846996,0.0130132050704492,0.00743453568983362,0.0260431184057397,0.0109118008508851,0.0110365670178952,0.0220360893477387,0.0143937050050438,0.0225728993110376,0.0187853335460617,0.197472134061162,0.110304099709176,"E02000116"
1.80403899559732,0.012780735267033,0.00729407063459077,0.0265611421222885,0.0108491733531152,0.0115271439249585,0.0184129273103101,0.0136208646882238,0.0249918218642189,0.0170673544365907,0.192577758596858,0.109327776121276,"E02000117"
1.7927406222002,0.0118136459911347,0.00620260261162529,0.0263777165896063,0.0099699206003905,0.0100311642696532,0.0168637463443374,0.0124750546213698,0.0719994635351696,0.0140609226847616,0.192714861361286,0.085463683910084,"E02000118"
1.8902890055703,0.0132075691461974,0.00787355346236186,0.0277365525954012,0.0119065550836425,0.0117262729338533,0.0173506874094875,0.0140401731322167,0.0361027543136828,0.0162205807076675,0.201801835957326,0.11552112305833,"E02000119"
1.50971124184437,0.0104451735380902,0.0130490672809205,0.0232251688955777,0.00940854846261293,0.0086472657922161,0.0251710586754427,0.0120016764846614,0.0174309090276668,0.0174962677502779,0.15813274045958,0.0756902691885576,"E02000120"
1.72727296450119,0.0105421228747198,0.00477160971729355,0.025443716901602,0.008818412726046,0.00911474110902702,0.0162097191548054,0.0111473281606582,0.0690412855712443,0.0134606511475114,0.186739459152359,0.0732995373060458,"E02000121"
1.77547896509336,0.0126806203676295,0.00877387618642432,0.0259510965484227,0.0113367040934788,0.0104965194104118,0.0255074981520348,0.0144889531135552,0.0209452511434667,0.0187272930454402,0.18840680801719,0.10677739553412,"E02000122"
2.0764355498114,0.0144790242504129,0.00857150651252597,0.028736860513064,0.0125411460317572,0.0126134765999206,0.0208365564878838,0.0160108709131216,0.0240747238424952,0.0203540403412076,0.222024638500987,0.133896710126111,"E02000123"
1.7407052063789,0.0122231045290538,0.0128857365724497,0.0266493323139713,0.0114737721072929,0.0104215464698876,0.0270063247889624,0.0140454055371292,0.0203412444767647,0.0186765547922557,0.182889958465619,0.102981913959368,"E02000124"
2.01173170563595,0.0145170586823274,0.0093350514176193,0.0288103923263334,0.0130364342430221,0.0120894303661734,0.025144822954724,0.0165171462436943,0.0229393718496386,0.0207208357958396,0.21371898281172,0.129626745683742,"E02000125"
1.56987210092289,0.010961677424587,0.0147244495515117,0.0245064793550397,0.0103123819640577,0.00934669064541413,0.0261561654723216,0.012751302254951,0.0182899810969636,0.0188733952992302,0.163334412678078,0.0821495035985068,"E02000126"
2.64022276757466,0.0169383778184959,0.017042973440197,0.114623776093036,0.0170721884519553,0.0136398507000649,0.0239114809999992,0.034890646541363,0.102389757524691,0.0272927660817527,0.269810705525544,0.00021115918880544,"E02000127"
3.19318978412472,0.0206568021824384,0.0338746811752387,0.170371917166637,0.0197604218062886,0.0153314987454993,0.0239030423279025,0.0397856451774418,0.12444026771083,0.031709227587161,0.313860440270351,0.186930163166792,"E02000128"
3.16617874836409,0.0141586878232384,0.012470213788822,0.0841849606518712,0.0116382908472357,0.0112880762392425,0.0258299977476387,0.0339811872583157,0.0585221210815913,0.0202971502816113,0.342867971032888,0.000236644618789301,"E02000130"
3.0651716767762,0.0134901699531839,0.0113175047111782,0.070876248927251,0.0105720413309512,0.0107146771688835,0.0255774362687656,0.030285201277412,0.0568745588692283,0.0174352401085662,0.333649067061322,0.000218155119913687,"E02000131"
3.12048996802978,0.0154058493914915,0.0146746462288172,0.11727781523438,0.0125521223840504,0.0117962339295798,0.0261280659182245,0.0385078538845878,0.0662083039370649,0.0235097662205184,0.330712010740329,0.000284949470940529,"E02000132"
3.09283995265632,0.0203184596189432,0.0341664524790561,0.162069371795645,0.0213168705728418,0.014627238562096,0.0239106565318881,0.0403759799012812,0.118408072915261,0.0334977890535093,0.301604582925579,0.149191141116819,"E02000133"
3.34146755931034,0.0189566549439219,0.0392022961511945,0.148787444144925,0.0201065073265178,0.0136831936475106,0.027555621897611,0.041534863524062,0.112405534112204,0.0354668983798515,0.332995460673506,0.000405600945421802,"E02000134"
3.09692965475755,0.0136863819462932,0.0112562534471158,0.093300349174106,0.0107282301317694,0.0111089306615353,0.0254114725140292,0.0325228899370662,0.0581612541088822,0.0195391578977681,0.334378960712927,0.000235158980891936,"E02000135"
3.08774033680848,0.0210157803743057,0.0347452637245327,0.167866080424931,0.0197142822730405,0.0151172874021875,0.0228375324137853,0.042331835325141,0.125377159589578,0.0330831818821835,0.300413000680395,0.140904648651246,"E02000136"
2.94517644764852,0.0164166749774354,0.0219966613461896,0.142849105463094,0.0141110491737494,0.0124635907603378,0.0266696193794707,0.0399869183216579,0.0820825979749168,0.0254999803257126,0.30013435219957,0.000447053222707371,"E02000137"
2.83763370281054,0.0153317413192209,0.0139353242891725,0.13669454430741,0.0119956824783399,0.0116379301537947,0.0253220040788881,0.0375313967825922,0.0647679913745359,0.0211929121777751,0.293035298349424,0.000415614241984694,"E02000138"
2.95284056812654,0.0140505171683792,0.0114027435790321,0.109525861611362,0.0108693996692651,0.0111193557380201,0.0244928852576622,0.0339516153146292,0.0573069994601627,0.0195572173440259,0.314578524004079,0.000280794285903593,"E02000139"
3.030251811623,0.0201882824466869,0.0355221509125885,0.168024735152753,0.0187636459660763,0.0152167369407501,0.0223384703218372,0.0412802927477794,0.125543622809559,0.0323404428538778,0.293545625335575,0.152910763067072,"E02000140"
3.00966077405594,0.0137854824312137,0.0112807696964449,0.106504734521819,0.0105305104877401,0.0111137401110087,0.0243848771159142,0.0327662061588227,0.056809405231063,0.019107566845752,0.322172695161312,0.000245014809558401,"E02000141"
3.07144627012577,0.018283145389315,0.0370880682080471,0.145541750724084,0.020102369650797,0.0134892725577673,0.0256783936872358,0.0395019118945709,0.11312195324976,0.0343023219575227,0.30130760409015,0.000570606009580052,"E02000142"
2.94677058515302,0.0161286487710094,0.0288706847180441,0.136546498622208,0.0154052679013709,0.0127230229067189,0.0265669329530385,0.0383714052332978,0.0916651809433991,0.0272822381570822,0.298087863071045,0.000685234435962076,"E02000144"
3.03097241965451,0.0192958390472108,0.036951787288175,0.167365909509438,0.0187053952774543,0.015426432501809,0.0222968469884045,0.041018496273441,0.12382289460658,0.032800838854788,0.293338635415299,0.16302154800386,"E02000145"
2.81668171442662,0.0164690981009274,0.0325125170653218,0.140297837541215,0.017132481995521,0.012981590086358,0.0253252773703765,0.0374532442532047,0.0990403563614074,0.0294718357568441,0.27716069860137,0.000974896894618404,"E02000146"
2.72635717384514,0.0139678084172361,0.0137937586781068,0.124165653320706,0.0118909226440993,0.011602493883617,0.0245657113916119,0.0340064305411144,0.0634485541937038,0.0198394987971909,0.283355175825049,0.08723160135324,"E02000147"
3.00238189729505,0.0191117711143472,0.0404462857574974,0.154340017872017,0.0204886415074702,0.0141893086184252,0.0239509463668294,0.0397513325076171,0.111246755545162,0.0338620162896305,0.28726251990555,0.000577416483569355,"E02000148"
3.10200178331522,0.0202306788545356,0.0371569439071038,0.164383443857601,0.0198507531164394,0.0150574100842265,0.022709972004955,0.0433180365273984,0.119666170970053,0.034711863485648,0.301764375988948,0.000671118447841658,"E02000149"
2.78933190671162,0.0128494140668582,0.0118102968837826,0.116088703810789,0.0106778438460567,0.0111584661550626,0.0230114263158237,0.0317669721512755,0.0548568799841794,0.0183142158603254,0.29441438977334,0.00045009669810887,"E02000150"
3.07276977433704,0.0196085732056488,0.0403717242477809,0.159251624550148,0.0205023092030348,0.0146075068620254,0.0233246764383895,0.0407666148218324,0.110570701944063,0.0343817576241865,0.29569563402479,0.000528052287303498,"E02000151"
2.81790711636256,0.0169371611139237,0.0338590735529314,0.147605190545593,0.0172293202276798,0.0133365336164256,0.0242406510415694,0.0370371105163124,0.0956994447964085,0.0289552111534885,0.274571634940187,0.00230432775825277,"E02000152"
2.71983454617442,0.0151732414180024,0.0175125899599849,0.132458431701049,0.0128220357127301,0.0122083477066501,0.0254134646421007,0.0343543739824299,0.068182570160649,0.0210732576657722,0.278389236722593,0.100937772890789,"E02000153"
3.18472868516405,0.0202305536457465,0.0417880312418613,0.16512609325825,0.020636625630867,0.0150543176935388,0.0233589063921149,0.0423846983895206,0.110540202308355,0.0355773353109724,0.307443831672633,0.000462475278711327,"E02000154"
3.22473299830128,0.0204169686012661,0.0405952092684053,0.168416237968063,0.0203346725096534,0.0153462843405356,0.0231469799300781,0.0442770874674982,0.115345632337335,0.0362292391302973,0.313419725435977,0.000493323234459018,"E02000155"
2.81339097681455,0.014163448740457,0.0127516736851916,0.128223722791814,0.0113386638818745,0.0117288211059478,0.0240149942056025,0.0321701905525663,0.0568656289326109,0.0191091146360031,0.293527375432161,0.0822431584669734,"E02000156"
3.07290367994679,0.0188743976876175,0.0395304452483448,0.161022296097917,0.0193705127663546,0.0144578715307458,0.0236833530174858,0.0392011433442924,0.0996106330171697,0.0320660198060416,0.297016915681385,0.000558489180307992,"E02000157"
3.34654700738818,0.0209824395280681,0.0446373907457487,0.173169922080399,0.0210554770573248,0.0156052381420615,0.023770595958184,0.0444613819272232,0.109834016034336,0.0372783729495295,0.323369300897051,0.000424822375196819,"E02000158"
2.8609201786897,0.0170508569550957,0.0252755917106833,0.152875739617371,0.0143836149652185,0.0130690962871452,0.0252211051551956,0.0358145078999616,0.0717979233279533,0.0236063853303575,0.285781060843628,0.116008158648753,"E02000159"
2.7941417695268,0.0160168557223388,0.0153016116501915,0.141588998772197,0.0123632289394066,0.0123231225621615,0.0252815408466176,0.0336761865908833,0.0602824618010994,0.020142043820106,0.285822035032899,0.100258471618923,"E02000160"
3.24199836155491,0.0198502090385109,0.042623020616397,0.169178834697614,0.0201519740436404,0.0150445606400521,0.0236169280974289,0.0407817575121065,0.0994053984360557,0.0336901691910742,0.313247253305995,0.000477380624347188,"E02000161"
3.1682158975117,0.0187604634967968,0.0331371087684154,0.170110686873097,0.016397858428844,0.0142002543078257,0.0246498120219191,0.0379572423992157,0.0763100733694034,0.0266854236064127,0.31392834928765,0.128100079245369,"E02000162"
3.37502341413175,0.020264008179594,0.0439884260305263,0.176018983588841,0.0201903692326091,0.015415845114686,0.0235140055993416,0.0420349185913519,0.0976904283127179,0.0345349537036848,0.327589024386478,0.000488442803111596,"E02000163"
2.9787090059603,0.0183146107629412,0.0174298584018984,0.164580201330466,0.0134375608046835,0.0135280324024152,0.0269712875674998,0.0351220621265153,0.0594019593229349,0.0215122679689586,0.299827315554934,0.122241749799855,"E02000165"
1.45607360768823,0.00915484882124954,0.00997767003390974,0.0206065798300468,0.00766073275449873,0.00693102173613406,0.0197847073382789,0.0164733178246663,0.0187719391470586,0.0170651033464163,0.15545173499753,0.0446517735358044,"E02000166"
1.28403856056853,0.00815813017290026,0.0088976284730891,0.01750212113638,0.00653963222007945,0.00603154645926556,0.019029793225041,0.0106269691571358,0.0144046553041447,0.0149991481567901,0.137188680448235,0.0329502013708122,"E02000167"
1.17663812194217,0.00844171476545352,0.00888436075645246,0.017484583837692,0.00673191048760653,0.00621494543928955,0.0149695974786194,0.0191567129252739,0.0143526961219074,0.0179036174382657,0.123838631080798,0.0250964705409232,"E02000168"
1.25288991825776,0.00799506760667822,0.00907443799940585,0.0173661548040962,0.00672019045617265,0.00617958827523942,0.0192524928286738,0.0096945836845705,0.0140307596269438,0.015033723127178,0.133378390973239,0.0386940876151225,"E02000169"
1.42993121528696,0.00905471825850742,0.00903470171703148,0.0206360931188072,0.00841236387524784,0.00781729893612523,0.0218658549163476,0.0109679061692503,0.0176847387829171,0.0156684908115944,0.152179948621729,0.0619854100825417,"E02000170"
1.06702270569943,0.00826881159866985,0.00852922887307063,0.0163494131805515,0.00606062736962423,0.00574279489581219,0.0152950829753929,0.0133786533687441,0.0120672295044843,0.0165694280800432,0.111891873284358,0.0201602617871638,"E02000171"
1.05171659132803,0.00824211387777995,0.00859170514244281,0.0160161563968511,0.00637170459793154,0.00590914890858437,0.0141009790975272,0.0167010059261955,0.0123684449630591,0.017607348032578,0.109641141151983,0.0182965208132613,"E02000172"
1.0685226922037,0.00815670480208409,0.00873116870542293,0.0167208836977451,0.00612084976041657,0.00581607234281397,0.0169758188208749,0.0103882806793611,0.0122746374213757,0.0162003754074258,0.111958415684214,0.0263292937511318,"E02000173"
1.03398249487812,0.00830752785307865,0.00827319512766792,0.0163417736329233,0.00667347660124638,0.00612916144290823,0.0137490721376576,0.0206682888223643,0.013453497619146,0.0179509077805763,0.107038198921882,0.0204746802433741,"E02000174"
1.28840511023824,0.00882134550335615,0.0105044758583432,0.0189723278575528,0.00734578992162095,0.00686030310387956,0.0210086250281156,0.0103170063528967,0.0146465818654027,0.0163056543119858,0.135849288067809,0.048231782591524,"E02000175"
1.0214527916038,0.00822086858993939,0.00871604372311418,0.0165931518060091,0.00617275682700539,0.00588227418296421,0.0160864001535237,0.0111860223442774,0.0121412284863812,0.0168196989109836,0.106204092659936,0.0239330999864527,"E02000176"
1.01024701810031,0.00821820065830971,0.00857247867671133,0.0158393406953486,0.0063144672615171,0.00587569414312069,0.0142349174366501,0.0152782929875056,0.0119890641815932,0.0176772203178934,0.104755340243033,0.0174286526559966,"E02000177"
1.45508640847252,0.00971040888204661,0.0113349246513242,0.021657889706823,0.00863639920930047,0.00800282091275712,0.0237260450188657,0.0112831649915679,0.0168680068339044,0.0166539019651417,0.15357262407706,0.065550869540922,"E02000178"
1.01522497678046,0.0083701433519554,0.00875688874270368,0.0166332791250046,0.00630398176504653,0.00598052707620393,0.0156770055506139,0.0125839112595761,0.0121712836230847,0.0175420812444742,0.105160083457232,0.0219133509120954,"E02000179"
0.987984172141601,0.00833582582036706,0.00745919795732396,0.0162714961662877,0.00675171474429168,0.00619412522906578,0.0136809256536968,0.0222860923662141,0.0132971597144396,0.0177742983810784,0.101574619599251,0.0201554989026809,"E02000180"
1.24533622033157,0.00914693667705496,0.0107669328372871,0.0195133055226663,0.00753849354144769,0.00708556887277297,0.0211283375659015,0.0107048554325284,0.0145411410904452,0.017592232105441,0.130093000161247,0.0497438412866466,"E02000181"
1.07147385085084,0.00872220475006017,0.00939752551977329,0.0178360007900536,0.0068509560227132,0.00648976491673052,0.0172873812918191,0.0117686620444889,0.0130490561685518,0.0186456336776296,0.110760062553577,0.0315149717769134,"E02000182"
1.0181109648769,0.00833212098576141,0.0088023422968462,0.0158906050796121,0.00663064012529723,0.00604615130259546,0.014265755750749,0.0166189028079445,0.0123131516375568,0.0183080323896717,0.105139115024126,0.0188258488345485,"E02000183"
0.972038617148797,0.00833163825360738,0.00763674540273596,0.0156497695382063,0.00676118753180788,0.00613542746760722,0.0135784467621978,0.0208653522875988,0.0124337743226899,0.0177019955113937,0.0997008202875046,0.0192423692597405,"E02000184"
1.31177493960184,0.00974471132987475,0.0117492192558855,0.0210488913033851,0.00832530401573146,0.0077813777409785,0.0224737308064957,0.0114228663978751,0.0155359572935052,0.0187282786156673,0.136393000537522,0.0588253683903933,"E02000185"
1.0343588866019,0.00863224564442781,0.00870760825541922,0.0158891847757645,0.00709329455797239,0.00624112039838386,0.0142498821565024,0.020457429988981,0.0127622435843128,0.0180108478991471,0.106374505003509,0.0222384912712801,"E02000186"
0.986136016194709,0.00852690090444639,0.00640878700179972,0.016347161850913,0.0070224704929638,0.00642734173057714,0.014065512271621,0.0245102044701568,0.0130260585016723,0.0167645928326877,0.101232156753557,0.0232486738310778,"E02000187"
1.05538341612915,0.00889513562711713,0.00814400131433303,0.0161782645980043,0.00747431096992263,0.00637740821377962,0.0145128619023948,0.023135772670041,0.0130074109055107,0.0176583170990584,0.108502511952819,0.025003501136028,"E02000188"
1.1608042900597,0.00973451884081672,0.00768662009687444,0.0174463579096316,0.00822154783987244,0.00675120831039232,0.0154852829450791,0.0293787081162538,0.0140913842486951,0.0176514104510632,0.119768764962789,0.0339813825688933,"E02000191"
1.25186154520128,0.0107672091929441,0.00602366720331848,0.0208968009826342,0.00767897487997425,0.00753816655307522,0.0162657465387423,0.0353260333542241,0.0175613790979933,0.0142287204492623,0.13046190673317,0.0451996252902422,"E02000192"
1.24661552602094,0.0108170163967172,0.00652771908196147,0.0196557934935412,0.00819017889000565,0.00733032853194072,0.0163114648655735,0.034700519838989,0.0160190333201222,0.0161879294110305,0.129379597109598,0.0445008142495504,"E02000193"
2.81743336730696,0.0134303582521533,0.0108198867018522,0.0699071214802696,0.00980067471200706,0.0101909196107826,0.0254774629794704,0.0290899975242455,0.0567416192596664,0.0175474653771467,0.305498705051275,0.000211315188363323,"E02000194"
2.70840084663983,0.013522334383351,0.0106777480574405,0.0648978814358369,0.00929363813663877,0.00948702202251432,0.0248859483588793,0.0275477295227026,0.0558319464826658,0.0170475861522274,0.293745822727656,0.000202289089716947,"E02000195"
2.68107076315684,0.0134885427832539,0.0109479914798941,0.0730722939368093,0.00908135905550308,0.00925714007816699,0.0257984355339424,0.0276884273241932,0.0560599617375413,0.0187665911741947,0.289571769215543,0.000194763810385434,"E02000196"
2.70263239421494,0.0132694877440554,0.011133734986176,0.0793186185560485,0.00891390691907059,0.00912446341746506,0.0256891140811835,0.0273706374106012,0.0558918462015556,0.0194839141949544,0.29134511870436,0.000194899023463686,"E02000197"
2.65758589524236,0.0135662865477368,0.0111082645111113,0.0817030865439469,0.00947511204510927,0.00985433244727251,0.026142483226509,0.0285591730817108,0.0569570767590187,0.0190577792603911,0.285398860947845,0.000202558219075303,"E02000198"
2.63932765138373,0.0134549684569632,0.0111116831656573,0.0879224881634169,0.00964183071288397,0.0101045297934439,0.0257384313576666,0.0291290138807617,0.0570958556799087,0.018865300696737,0.282276319784869,0.000204838845342506,"E02000199"
2.73955096215455,0.0134185772318566,0.0111394233314103,0.0942240543924407,0.00992626947061556,0.0105440605089248,0.0252455071093421,0.0304606335705599,0.0570359942386059,0.0189580012083212,0.292905748930678,0.000211752262084684,"E02000200"
2.88135786949422,0.0135132273939705,0.011303079486928,0.102999903558152,0.0101219079257425,0.0108846941593117,0.0244442390843708,0.0312323390998333,0.056251102675548,0.0187565753479718,0.307996712534342,0.000219675490903467,"E02000201"
2.60090793103921,0.0131955402377137,0.0110690095357546,0.0856464610831407,0.00909454735350805,0.00934169186208147,0.0255406627194856,0.0273925165100449,0.0562088779631975,0.0181369574519412,0.278526042585799,0.000197911466852053,"E02000202"
2.57463589278525,0.0132607930153237,0.0110724454669859,0.0895564815108254,0.00939323430897181,0.00975534428477226,0.0254181430590937,0.0282671207543787,0.0563897968432879,0.0181277627437056,0.274623699123346,0.000201039901042092,"E02000203"
2.58353555310435,0.0129606130734185,0.0110369861567629,0.0870200724441732,0.0088929972476069,0.00909754868064357,0.025008438604994,0.0271671805775738,0.0555140155420911,0.0178627183114319,0.276461304439201,0.000198343651551749,"E02000204"
2.67217041522381,0.0133546171173005,0.0112651665707649,0.0971635219593529,0.0096250503298479,0.0101528167751179,0.0251508057523879,0.0290929290738302,0.056120055460128,0.0182559664798971,0.284625550037341,0.00020239564266369,"E02000206"
2.88577325360745,0.0129850383502724,0.0115462292019591,0.105807007012437,0.0100949202342047,0.010986361405502,0.0237848605005046,0.0296651124248263,0.0550341274130951,0.0184546198415182,0.308192603674898,0.000224675327045103,"E02000207"
2.57765669398854,0.0131824644001192,0.0111815590353076,0.0929979663667219,0.00924974872099434,0.00947788521583246,0.0253762492281497,0.0284354627806282,0.0557869146790728,0.0179327197045448,0.274444767175116,0.000199303148555581,"E02000208"
2.56966343691338,0.0129159127039756,0.0112893397395616,0.0913150223169244,0.00890550243139413,0.00908767412721075,0.0250221892082216,0.027984031511822,0.0551932342941901,0.0180774364939156,0.274019271576838,0.000206800782635678,"E02000209"
2.81736987974767,0.0131238070544829,0.0116259510046396,0.104146865767636,0.00991865531612519,0.0107144465825868,0.0244952716968926,0.0290641144842639,0.0555950705198943,0.0184530084263246,0.300407762127066,0.000214189587035477,"E02000210"
2.85456620364551,0.0125455221584047,0.011685475542499,0.110072372832709,0.0104324057404368,0.0112026607819703,0.0230575182547381,0.0300188624496738,0.0543173011687785,0.0183879150688069,0.303655437562217,0.000305644454088678,"E02000211"
2.53286773868801,0.0131303278578743,0.0115363805967762,0.0965927757929251,0.00911949269713072,0.00927214787386583,0.0251458135165892,0.0289658531913275,0.0548478791020522,0.0180617697065165,0.268464803514098,0.000215843701461548,"E02000212"
2.57561408686798,0.0131917845912289,0.0114376908192624,0.0983598469326309,0.00934811947195914,0.00966349950557537,0.0247687747248679,0.0283566906060248,0.0548771057464351,0.017957027569707,0.273152130912332,0.0002084330333923,"E02000213"
2.86358376696041,0.012586754366874,0.0118349742474846,0.106701311000306,0.010201474813793,0.0111124563689957,0.0238962844999126,0.028952219762108,0.0550863328651817,0.0184719920700514,0.30539958822659,0.00025230928600974,"E02000214"
2.69986055695877,0.0127972138786633,0.0117142904936318,0.102597677237205,0.00974214223792318,0.0104156852179268,0.0243874495320316,0.028261475329175,0.054893340626886,0.0182172139473574,0.286975685425405,0.000227692635802282,"E02000215"
2.66331346968944,0.0123787900040636,0.0120621881002008,0.10471261241239,0.00990188524705828,0.0106823071038876,0.024093437739871,0.0279706477405075,0.0542680155621697,0.0181767311407073,0.282209775674536,0.00030301706395892,"E02000216"
2.52356128636829,0.0131029116336182,0.0118855666338401,0.101568274956715,0.00921894059813133,0.00947818008883757,0.0246845466149167,0.0286506550024387,0.0541450850303687,0.0179926578255688,0.266300594865302,0.000238858759520407,"E02000217"
2.81635725752783,0.0135321805036039,0.0123890184348401,0.122555620737959,0.0109545256444328,0.0116385481358469,0.0236913147093396,0.03076559631656,0.0553940042883712,0.018858960816033,0.295691335611668,0.000882001744419397,"E02000218"
2.72883747084307,0.0131002973588251,0.012435780998989,0.115588448145509,0.0107046924178733,0.0115672138296026,0.0238861833831877,0.0296384339555315,0.0551675507348905,0.0186890878979769,0.286953173746657,0.000732754473152294,"E02000219"
2.42649376515523,0.0122338654584055,0.0122408296724496,0.101879398715152,0.00910915664393308,0.00945826899058076,0.0239929133843933,0.0277231765009968,0.0529494427198553,0.0175887135444003,0.254945316669162,0.000384453459697453,"E02000221"
2.5817043011751,0.0124259632552617,0.0125577674103397,0.107394527373829,0.00978576429502143,0.0105207285195352,0.0244112126567965,0.027842047296712,0.0537988654083615,0.0180675694756876,0.271841685885656,0.000524617064796743,"E02000222"
2.72879693816794,0.0151095966999352,0.0137211010735485,0.134151044528702,0.0116261777631415,0.0122875914166676,0.0247842295853382,0.0318084890602319,0.0563286725015943,0.0197156410850284,0.280875778949491,0.0854490605929903,"E02000223"
2.4929596472302,0.0122882808747244,0.012762029038466,0.106529942660119,0.00952527370405608,0.0100693878118918,0.0243646507426653,0.0277886954141365,0.0532128715644493,0.0177752434451744,0.261540817048433,0.0656082145585687,"E02000224"
2.76397935663831,0.0158461568102281,0.0143703647781845,0.14089207325176,0.0119617302574965,0.0125587219583686,0.0252887917667069,0.0324793132660681,0.0569041267013225,0.0200831332710925,0.282722426804117,0.0919627259563283,"E02000225"
2.56385444143488,0.0132366198576161,0.0131995569390908,0.114481214868975,0.0104856641865229,0.0113614010188728,0.0245848966230467,0.0290570889746719,0.0545220872338199,0.0185982162068461,0.267218855558913,0.0714391999774786,"E02000226"
2.6583855823876,0.0149662926578893,0.014298804824407,0.13220779854488,0.01161839373031,0.0124404024690407,0.0252391825177049,0.0314495043697415,0.0562547635072717,0.0198551953406671,0.272576003153938,0.0851448386968668,"E02000227"
2.54877400415303,0.0133255608220734,0.0138665483936905,0.115856855094835,0.0103449110822642,0.0110678123109443,0.0252460860826878,0.0291936605201912,0.0544652419784711,0.0185136642172268,0.264960751235302,0.0761277265547964,"E02000228"
2.77206427297298,0.0164058710368916,0.0150088330521245,0.14523818545213,0.0122294934265269,0.0127104292236833,0.0256600450929758,0.0329534329269107,0.0572341552161967,0.0203421316894712,0.281937304416892,0.0987366130649367,"E02000229"
2.50729910796217,0.0124906915200293,0.0133721990396818,0.10888288519639,0.00963929380233699,0.0100528636874538,0.0247305630457625,0.0284269162595171,0.053613285746453,0.01788813393548,0.262443810366743,0.0721429134114357,"E02000230"
2.44451606574782,0.0125310597273609,0.01355911761657,0.103821103277394,0.00955766121951925,0.00984155175970678,0.0246040143093032,0.0285733191179689,0.0536889033286161,0.0179266019100638,0.256040102553616,0.074402952766148,"E02000231"
2.54269079755161,0.0146407295021809,0.0149300042040897,0.126965631085031,0.0112608947183075,0.0119926526982495,0.0257242249331951,0.0309170125533208,0.0553369944562119,0.0193304078958925,0.259978013061787,0.0878621338085435,"E02000232"
2.55531544326713,0.013374860742739,0.01466465289981,0.117427679749315,0.0103853746261381,0.0108164582805586,0.0257930751899326,0.0297978989209947,0.0548699425720539,0.0184483734084949,0.265141357656881,0.0856383211249979,"E02000233"
2.5642020287424,0.0132025661909299,0.0147991359485753,0.11276351733151,0.0102997709271133,0.0106415547607175,0.025745668273392,0.0296851402747651,0.0550011467272827,0.0184929693633972,0.267422013790924,0.0869733478442231,"E02000234"
2.54283665941877,0.0140764629907207,0.015266255974246,0.12337154095,0.0108764732561917,0.0113762291013541,0.0262610628868953,0.0307322963392129,0.0553442089530611,0.0188131670010013,0.261364527934788,0.091803265309679,"E02000235"
2.51580071874916,0.013602289364403,0.0155106572366113,0.106999724749259,0.0106526956071725,0.0109440634019612,0.026235482871327,0.0302326177513549,0.0558413492534238,0.0189105389672414,0.262335624582807,0.0971860580181562,"E02000236"
2.59989086760511,0.0143068098334609,0.0163699897563126,0.123206834854994,0.0112798477857496,0.0116291076137561,0.0270392870789631,0.0313966689279786,0.0564628987777163,0.0191531564049571,0.267745717723014,0.104542213807035,"E02000237"
1.54203910143687,0.00952572296910436,0.00370833993285041,0.0232239746063107,0.00720543907255673,0.00768553927902559,0.0141993087177982,0.0107702909128567,0.0630117935862222,0.0128558888021259,0.166974302407304,0.0548366888821472,"E02000238"
1.6967339893553,0.00937632912142069,0.0037539699331883,0.0242131799867121,0.00768125835858703,0.00803526459280757,0.0154233733027708,0.010594907928668,0.0705498423519658,0.0127829352645024,0.184540763356786,0.0619082812291384,"E02000239"
1.17496480034572,0.00892394977505914,0.003223027701885,0.0210057634826165,0.00601683152178001,0.00680969795127955,0.0124004178639887,0.0101829306107191,0.0373469510690039,0.0121185664320898,0.12566056392229,0.000603728749334691,"E02000240"
1.2353858950676,0.00906171852939941,0.00327224702841852,0.0213726763214641,0.00625314092436557,0.00703581204837573,0.0126397469120258,0.0104268385496669,0.0438720127399539,0.0120498711394368,0.132441982240261,0.0395780150070776,"E02000241"
1.62214114064899,0.00949804219108544,0.0037152813198808,0.0243282763556829,0.00793449787547464,0.00829108823414278,0.0155620882797845,0.0104573039277637,0.0666242702834854,0.0127962889430471,0.175745182150968,0.0624680071407545,"E02000242"
1.35953226930965,0.00892111906770217,0.00321018761067847,0.022030542440316,0.00669675616980197,0.00740182510191591,0.0133333338153858,0.0106461052187197,0.0533511740985022,0.0118559622984215,0.146602036491531,0.0437430982862917,"E02000243"
1.50077393674059,0.00908691227857856,0.00329628663205372,0.0231924967471006,0.0072798624717614,0.0078694979472487,0.0145191036764517,0.0104303492312429,0.0619471245268152,0.0122690699044431,0.162403827768283,0.0528109442085785,"E02000244"
1.19361272612163,0.00953728201251021,0.00340482784584889,0.0215316646993388,0.00630771662894783,0.00707146595918584,0.0127030792362629,0.0113399095169541,0.0299350582755764,0.0129994386934176,0.127319294648411,0.0337503545344933,"E02000245"
1.07934017037176,0.00947197997403309,0.00354746488213778,0.0220613313763652,0.00651513413763321,0.00721555040168042,0.0128865873046772,0.0121403996238315,0.0274518968672792,0.0137749635935485,0.113458219069023,0.0359404891921007,"E02000246"
1.27853533357069,0.00975679602331998,0.00342592452419923,0.021733170446307,0.00655327601797761,0.00739849554882402,0.0129895915818324,0.0113969516585527,0.0354326929717572,0.0126827138602403,0.136975469824861,0.0394238277850764,"E02000247"
1.73439367071888,0.0117047945535316,0.00558020845646102,0.0262484761503273,0.00991055990014068,0.0104085756203114,0.0166147183292722,0.0123630298113927,0.0609260257131976,0.0150087872583054,0.186153767191294,0.0880016148404366,"E02000248"
1.37612601824319,0.010203242138045,0.0034812269422543,0.0224891851580086,0.0068699980452941,0.00788073750152616,0.0136966675163884,0.0117808565819578,0.0435913596537154,0.0128162254610467,0.147807501537108,0.0442008002309356,"E02000249"
1.55613553016104,0.0105504006170998,0.00372986679575556,0.0246296703908066,0.00827773492503779,0.00903791925353894,0.0153702651042694,0.0112472943851807,0.0622872911531184,0.013728195220384,0.167361130846599,0.067910079678079,"E02000250"
1.38740637737765,0.0108915867082584,0.00368096613142622,0.0228641498279491,0.00693813524228684,0.00798597755474021,0.0139399619738545,0.0124457887580865,0.0380837697160199,0.0135834628323838,0.148697002961048,0.0443741775871134,"E02000251"
2.17719816519765,0.0154353515437685,0.00943858724081757,0.0301773628511677,0.0138794643247021,0.0142826515024187,0.0197044722689753,0.0172571141741592,0.0307403494667361,0.0193675159943626,0.232208014562363,0.147796220493154,"E02000252"
1.45687088830906,0.0103575269183844,0.00344851280692504,0.02300809718875,0.0071208847164665,0.0083417284837676,0.0141624294187007,0.0117754722120728,0.0547565922056124,0.0128076462554657,0.156847917239005,0.0500294671025504,"E02000253"
1.38738653688594,0.0115398839174834,0.00397157563266477,0.0233675455601748,0.00727239832750745,0.00832458764049623,0.0147123243799847,0.0136758909885806,0.0335294228513737,0.0148930102623668,0.147973322343022,0.0515800465850032,"E02000254"
1.50717647389037,0.0105930644207617,0.00347819086533146,0.0235985019762982,0.00746278735100338,0.00878802729643858,0.0145562461327214,0.0117702020511901,0.0596103918997945,0.0131692543722315,0.162270835838995,0.0566558585999759,"E02000255"
1.63372738347562,0.011849216864467,0.00384955136743775,0.0251495715609261,0.00834171898099292,0.0100690883198401,0.0154713980772143,0.012819168506993,0.0617690595204089,0.0145592026411872,0.17561387914939,0.0723598051016381,"E02000256"
2.12744666682873,0.0156144122135859,0.00947786529364257,0.0306303987418178,0.0138847135656063,0.0161672616370606,0.0198834241732664,0.0183303100116046,0.0393707442892029,0.01946607811867,0.225854219531943,0.144435887338586,"E02000258"
1.5272474546395,0.0116131927754747,0.00380075017576367,0.0235725324195415,0.00739149502663064,0.00882439876895634,0.0146639292224404,0.0129991872635633,0.0497732599403631,0.0137290424499129,0.164221206476288,0.0563652194672011,"E02000259"
1.46660735684502,0.0128903932411708,0.00436779461121496,0.024334134524703,0.00786771797391639,0.00905760354369431,0.0161134164645608,0.0157872660923548,0.0344996589833687,0.0162780604709434,0.155871643210384,0.0666326965119815,"E02000260"
1.3229696457235,0.00995320023969406,0.00620491038754433,0.0182058138002452,0.0085185167303158,0.0108014555819869,0.0151266878997448,0.0137001075248738,0.0185038039241461,0.0142487285163787,0.139863025584208,5.4347644201162e-05,"E02000261"
1.2501344751116,0.00971232053872575,0.00594854729589335,0.0185591778455636,0.00828792394327657,0.0108398735256507,0.0127091038924668,0.0133243960392505,0.0283491823017405,0.013298907830802,0.13169761304287,5.40593580683438e-05,"E02000262"
1.37408493221812,0.012947210301826,0.00458168940455829,0.0259250269163175,0.00818729697100512,0.00935663183679284,0.0170496608688938,0.0180479143586182,0.0322834213982788,0.0180240124870497,0.144161814118173,0.0723238673234499,"E02000263"
2.07148117032704,0.0154029830021481,0.007158816788362,0.0307444516305455,0.0131716673490815,0.0164123943108704,0.0193348084278217,0.0186458452695772,0.0567331586204916,0.0191460291600278,0.220179314116572,0.134914300180958,"E02000264"
1.73699618992539,0.0133607544156454,0.00427551769975301,0.0257205555522953,0.00832424534259321,0.0106567998730209,0.0156366423766712,0.0147801864819653,0.0580084924384387,0.0152740687297221,0.1868395616328,0.0787904154054174,"E02000265"
1.68471103969055,0.014156444197593,0.00459462876123794,0.0251328948134569,0.00816013308247289,0.00975261846524171,0.016245156214985,0.0167337049223455,0.0406084408434525,0.0161755994393001,0.180570186702788,0.0755929300266344,"E02000266"
1.73303412765789,0.0139849852118801,0.00446088692220191,0.0253608637911902,0.00814760587584547,0.0103147779974533,0.0156638569023025,0.015785155279886,0.0521443115587227,0.0154153246935757,0.186252776021429,0.0760745000549391,"E02000267"
1.96886277581554,0.0152168327459719,0.0050960262383807,0.0294580970879663,0.0108718996393674,0.0142415499903426,0.0177737395590769,0.0178389785855824,0.063745830863369,0.017909130196654,0.210512606214242,0.114916255799416,"E02000268"
1.88821330421843,0.0147284720986904,0.00469787123561975,0.0277920700479671,0.00934926062956826,0.0125482829558158,0.0166089588598486,0.0167269434989643,0.0613801720719775,0.0167021418340164,0.202721861599428,0.0977345141225639,"E02000269"
2.30320286368616,0.0178470659991957,0.0110099203492548,0.0344226782647399,0.0155300134620026,0.0198578237911872,0.0216268209292925,0.0231673688243404,0.0424301880618632,0.0217033866639463,0.242864697956849,0.179560695165303,"E02000270"
2.49478625455949,0.0197090369225283,0.0174218844134411,0.0389927831317996,0.0166229678246917,0.0216093974611103,0.0245163603223198,0.0251569670708939,0.0344217489145308,0.0245093130395964,0.260887115451704,0.219010172258634,"E02000271"
1.83910821599361,0.0153667207707178,0.0049044550180168,0.0271192167705599,0.00885261424808209,0.0117205034181557,0.0162453295601684,0.0179166410233392,0.0542154243373948,0.0166736644710182,0.197130783715434,0.0955104839874003,"E02000272"
1.54563382518092,0.0148063022163369,0.00506648263823571,0.0269997142732751,0.00890000503503531,0.0103883448820389,0.0180889570970112,0.0211131730767039,0.034403853376013,0.0187344612198727,0.162649915072847,0.0955450566245531,"E02000275"
2.00159339769844,0.0171438805507531,0.00549588603253778,0.030307112226056,0.0104933018972872,0.01428365061063,0.017652775744865,0.0208626079862518,0.0597369115173499,0.0185834420427837,0.213469027821544,0.124770223931436,"E02000276"
1.32219925386063,0.00890455297851382,0.008301731220518,0.029593136290412,0.00884939847722073,0.00953539201465755,0.0166619053416781,0.0197366730669754,0.0814582696815716,0.0117677980176177,0.138025199092274,0.0429431059255748,"E02000277"
1.31137279802978,0.00883248440043799,0.00952788180714847,0.0293448308735098,0.00882217688321947,0.00933326687668541,0.016764438722488,0.0193977457232082,0.0807509707083354,0.0117486383341689,0.136435011176782,0.0420156950294618,"E02000278"
1.34470193733574,0.00900701119858944,0.00709578950440583,0.0299779953973687,0.00891777013363095,0.00988126335197742,0.0167264196814405,0.0202453197380858,0.0845506524557403,0.0118267982415398,0.140789076896296,0.043991496878523,"E02000279"
1.3830397755819,0.00946966238821923,0.0150037371100607,0.0334893665100264,0.00973932263085695,0.00936636139622797,0.0157927070272431,0.0195429039229329,0.0733472658676857,0.0123891691745036,0.140870219480622,0.000564483466243841,"E02000280"
1.30567091401442,0.00884448233975945,0.0124592987961821,0.0293644776600801,0.00891398520026161,0.00907474925698956,0.0169704122969378,0.0190696674479112,0.0796744578573905,0.011963562386284,0.134456070482156,0.0434733237342839,"E02000281"
1.30591732879882,0.0088161294701426,0.0096858791695742,0.0293978101437038,0.00880211417072734,0.00931819316555122,0.0167866375217086,0.0194806817708715,0.0834437408719787,0.011743318257216,0.135682676337722,0.0420954183357641,"E02000282"
1.32090079155464,0.00893984439902843,0.00826495397925646,0.0298153945861291,0.00883161728160531,0.00949500188244824,0.0166485003974168,0.020141911728851,0.0865449796678499,0.0117756230691109,0.13775441436763,0.0445227651460113,"E02000283"
1.33554021501984,0.00929664896947929,0.0140507827218698,0.0314179921996336,0.00938218411380435,0.00923857327216005,0.0167964761888692,0.0193648934467353,0.0782163725791891,0.0123798363549325,0.136308891773867,0.0485387949218264,"E02000284"
1.30439307959735,0.0089883288594398,0.0128145479378073,0.0299179660846583,0.00905601358791388,0.00908119979963979,0.0171954206634261,0.0192208278762228,0.0801616877649804,0.012165141706115,0.133816332077781,0.0467904385426839,"E02000285"
1.34976445330984,0.00938370795581282,0.0142455730053451,0.0323768965302992,0.00959323841299827,0.00921339385561463,0.0158950161916851,0.0195938628263486,0.0741353003591607,0.0124362925576468,0.137638285262956,0.0508357116949482,"E02000286"
1.460362962588,0.00932009210383788,0.0135326988867799,0.0360042642167627,0.0101090572520446,0.0095622989891681,0.0171194203350125,0.0225362292607046,0.0590768557565096,0.0132542513854802,0.150151674457924,0.000243755420212557,"E02000287"
1.29320949804885,0.00881827029028225,0.0105711455501079,0.0294744952882266,0.00879066100976358,0.00913691404520533,0.0168683685029141,0.0196399968400113,0.0862177277939917,0.0118304992506171,0.133768595249694,0.044421681311247,"E02000288"
1.36947043745707,0.00948756380868636,0.0152542838847809,0.0347320991649457,0.00996494820302033,0.00933460557319129,0.0160148799644795,0.0199035820261668,0.0714592492440712,0.0125086710083979,0.13847804278181,0.0501579677563566,"E02000289"
1.36291093047845,0.00919702727277703,0.00695894522332783,0.0305939165478437,0.00889570514463882,0.00958796531289318,0.0166024371283383,0.021374237987994,0.0901090176450444,0.0119695234697884,0.142806706621879,0.051005090285342,"E02000290"
1.2963145184144,0.0091178656409776,0.0127476694744752,0.0304483836714334,0.00913974571671277,0.00915488468620005,0.0175812671763864,0.01958854288252,0.0831590995562862,0.01239644810864,0.132550002230687,0.0517007784956867,"E02000291"
1.28571908767931,0.00888871276442454,0.011924307126475,0.0297450272663792,0.00892095792575562,0.00907156243886976,0.0172483506613764,0.0195384086818665,0.0856845569280691,0.0121126628994055,0.132066690932187,0.0481992448800755,"E02000292"
1.34304913284482,0.00966211155474998,0.0143824697060336,0.0326297712666588,0.00972490605119848,0.00943905180066196,0.0179223026425943,0.0201205678527245,0.0792238894430422,0.0127455421857957,0.136246826646169,0.0583289691819502,"E02000293"
1.39128879089479,0.00931113337561725,0.00858939121204992,0.031027300264937,0.00893180690110562,0.00934775790532284,0.0168842733400322,0.0217313732276411,0.0943859232983246,0.012011374642307,0.1455927218555,0.0509683080846783,"E02000294"
1.38751780438139,0.00976803587250193,0.0157673003607181,0.0360830958006905,0.0103386072667159,0.00961009335671143,0.0166294317616238,0.0210823447485131,0.0698645757850638,0.0129067805331685,0.139544886356914,0.0619329544029548,"E02000295"
1.38898707369384,0.00935349966238153,0.0158052260819396,0.0361432712996148,0.0100826001931421,0.00944727404550188,0.0158818313889173,0.0213367780979527,0.0615077817860271,0.012723274287074,0.140028133286782,0.000627117451227026,"E02000296"
1.33119756902944,0.009589989705434,0.013498802352462,0.0320028420060153,0.00950352604076814,0.00950900461440046,0.0184653619479302,0.0203869364687433,0.0859316582509495,0.0128589166004791,0.135498395984224,0.0605566268767205,"E02000297"
1.40150889730715,0.0103036746967744,0.0154718939924704,0.0354598828490854,0.0104197084262718,0.00993769849295681,0.0191434288402218,0.0215816329293986,0.0780549302808816,0.0133102447242626,0.141233109842786,0.0715243020861072,"E02000298"
1.35335043040684,0.00916113716142642,0.0106835748907897,0.0305870826357704,0.00890198197307161,0.00908412285735548,0.0174406983671124,0.0208480470132988,0.0923693990791739,0.0120918180421492,0.140495111486206,0.0510896469700923,"E02000299"
1.33245606559598,0.00932855568087764,0.0115885020718693,0.031086754094834,0.00907176241243724,0.00924050717271692,0.0179323757283404,0.020660953120143,0.0902089035811845,0.0125433825237227,0.137237937235237,0.0565250980581011,"E02000300"
1.51095863352444,0.009751314475814,0.00874682943374074,0.0325959836107444,0.00912327153402808,0.00943357690291188,0.0171742777754882,0.0230792491325843,0.0987282018551645,0.0123092385878265,0.15927343848113,0.0548419241901777,"E02000301"
1.48116893997987,0.0106609283289742,0.0148106254732473,0.0353024591084986,0.0103258863561991,0.01024736580281,0.0205072413780924,0.0225079788783989,0.0864892643623061,0.0136810448621159,0.15131595296546,0.0795159450802571,"E02000302"
1.50812578072877,0.0100114715253592,0.0121072134675454,0.0331668047464907,0.00942712094105305,0.00966739363456,0.0192983167296447,0.0219663086145389,0.092086901989883,0.0130855645893258,0.157298382819263,0.0648522282022947,"E02000303"
1.55965727322019,0.010906027504536,0.017824078930664,0.0405949956683354,0.011255520554917,0.0106538104125172,0.0187203082337524,0.0247632377701809,0.0693746628434108,0.0137389669847283,0.157102207512018,0.0869680587437169,"E02000304"
1.59583836883098,0.0114038067173136,0.0167769282569875,0.0389287613400641,0.0111726137041062,0.0108364765627552,0.0214705258390823,0.0242484934904016,0.0811463915106661,0.0141293143297349,0.162489515341983,0.0916861150586245,"E02000305"
1.54014763526125,0.00993212342314502,0.0103814511400324,0.0332216884837343,0.00931650652934879,0.00931989717152891,0.018146286978361,0.0230932677719183,0.0987122643117455,0.0125938077088525,0.161968933975993,0.0557659097619802,"E02000306"
1.64233235406767,0.0107682214724845,0.0141960901961809,0.0353960999164548,0.0101517905607307,0.0102948635606297,0.0209451894837729,0.0231624789897092,0.0899728135176577,0.0136938107473296,0.171303698491181,0.0794235970154508,"E02000307"
1.86040340537944,0.0119655047472969,0.0197933971556454,0.0444053102236653,0.0118890777812384,0.0115340804296402,0.0196071556052607,0.0288591905687695,0.0643508504033582,0.0144390317339268,0.191126379631082,0.105335713470514,"E02000308"
1.55957761483668,0.0102291405507182,0.0107610378512314,0.0342299584943058,0.00954378900499446,0.00949409847265623,0.0188444807470606,0.0241625956266112,0.0982429850929215,0.0131059765452788,0.163655561678234,0.0602682667108243,"E02000309"
2.0068936697163,0.0121717846172081,0.0165396628878424,0.0393873845776615,0.011154379812107,0.0113698325426025,0.0234470151293235,0.0264342928622447,0.0847094264964087,0.0146724844935947,0.212027963466559,0.104065420619316,"E02000311"
1.98028056009261,0.0126194219641339,0.0187980087606409,0.0430012805453589,0.0119232787787431,0.0118913970921064,0.0229795395111938,0.0278972569755147,0.0764766880654037,0.014856575696315,0.206293240029209,0.113992886294895,"E02000312"
2.08353684140286,0.0129744026600143,0.00593308293307356,0.0867020021455321,0.00923133246842029,0.0117493640749437,0.0226856379160898,0.0270413748796785,0.0347224791060234,0.0189894029072614,0.216803049273208,0.146036616357243,"E02000313"
1.98923307429396,0.012367066283126,0.00544681557781527,0.0812968355896197,0.00814205677718042,0.0104861578458803,0.0225496816466553,0.0252048215069776,0.0318627245795913,0.0163056573457076,0.207943082237859,0.124769540500687,"E02000314"
2.38787488678028,0.0148732973039017,0.00723834313683591,0.104478144667854,0.0107194075390977,0.0142231673931555,0.0245251900086305,0.0289760799864296,0.0346296259710887,0.0214770890046074,0.247367183150471,0.173912884539447,"E02000315"
2.3080316043193,0.0153970307743075,0.00708175322322843,0.0952607465076059,0.00895416151513069,0.0134564129096112,0.0289952873905979,0.0269685802613265,0.0302770782157929,0.0170609623971538,0.241072775760843,0.150200402333446,"E02000317"
2.54315204844069,0.0156883164337602,0.00787727538455976,0.111098988589881,0.0107507823142998,0.0146565948799143,0.02599870397322,0.029186180582423,0.0328911309546344,0.0204652812419326,0.264296697232937,0.178190322364366,"E02000318"
2.54334713603037,0.015972607836032,0.0078334981029995,0.111206884694993,0.0101561594752079,0.0142810043788316,0.0271124791725123,0.0288669156617063,0.0320609652244821,0.0193047862015448,0.264615323259114,0.173635032654195,"E02000319"
2.64970695154206,0.0166234942005543,0.00900851232468891,0.120050594790603,0.0129772608131337,0.0164034587170345,0.0262411254152215,0.030878458997351,0.0349982775233813,0.0238760606668472,0.272908738982656,0.199820139290158,"E02000320"
2.5567754674623,0.0163069847485964,0.0079402417085843,0.112701437313799,0.0100999130628968,0.0143906192430349,0.0277929073890807,0.0289288113054905,0.0319315365194046,0.0190004716062654,0.265788275473582,0.177109887834686,"E02000321"
2.65525858179705,0.0172602667210013,0.00847377581582424,0.119109054142089,0.0105254398594035,0.0152636492066546,0.0295707105545576,0.0296623422968079,0.0321597634738895,0.019432831822426,0.275404545379293,0.187436425746111,"E02000323"
2.41205719033596,0.0156942591964905,0.00774350704074405,0.0964435211495293,0.00994001941521694,0.0148849564524832,0.0293140670321983,0.0289430086337145,0.0305067862926882,0.017892221516872,0.25247255650668,0.166326675447802,"E02000324"
2.39103677045327,0.0153690665783518,0.00806646974907422,0.087912872377333,0.0100156534807769,0.0151751345444841,0.0281834531200456,0.0307491238743362,0.0292032285798404,0.0168586937634269,0.251683666075502,0.156173931271543,"E02000326"
2.59920286708407,0.0169917031258586,0.00840781801477368,0.114455463226833,0.0105750873621892,0.015269419623649,0.03021029805,0.0296037279418445,0.0320914501427275,0.0190753397407432,0.269918822805614,0.19002074299323,"E02000327"
2.48338879707047,0.0150460224752015,0.00922395768564443,0.079485040865436,0.0103542226815542,0.0158968242863061,0.0275625117168771,0.0331289201841917,0.028011350119444,0.0151693004759736,0.263742055463639,0.149379637542443,"E02000328"
3.0324654010528,0.019096395990648,0.0121040557428697,0.142891128377733,0.0145257458403766,0.0170752070612795,0.0291393022212627,0.0333323809257071,0.0349745654896181,0.0236014384912455,0.311898422602034,0.236573689141495,"E02000329"
2.61097265495884,0.0163747683786574,0.00974927556757193,0.107209629883931,0.0115793771484257,0.0157680973302201,0.0306092895190163,0.0316919085687329,0.0320398685816691,0.0194799809280561,0.272492500269479,0.195809733011871,"E02000331"
2.99334069226822,0.0193837907747802,0.0114658430267358,0.13989932490176,0.013517362754976,0.0167139808310387,0.0307005135189742,0.0329136702229854,0.0345230290574147,0.0223486333219868,0.308510087801492,0.233492828416704,"E02000332"
2.61393001022332,0.015926933781944,0.0106937879125996,0.0900099776170229,0.0126196533354765,0.0157274843761051,0.0294922077033469,0.0356553905586938,0.0316077864445621,0.0176484508359977,0.27562179410069,0.180789477276644,"E02000333"
2.75158962216991,0.0170501985855526,0.0113576366269745,0.114280797656729,0.0128238067444922,0.0157518469472817,0.0307278205588276,0.0335834048395183,0.0337266863334601,0.0206908310391764,0.286704466516427,0.215376399467285,"E02000334"
2.13932437906447,0.0136155799108528,0.00896322912622905,0.0782374422003452,0.0111891748329336,0.0126139576441685,0.0257263384537109,0.0273837357408198,0.0334674919735449,0.0180645817090376,0.22398609382952,0.000129835108457234,"E02000335"
2.13953624548116,0.0128687035250911,0.00947203265309805,0.0690525978689123,0.0116785052757549,0.0131235506615747,0.0256554323912529,0.0292994057679528,0.038003334703562,0.018345718980973,0.225423597971559,0.000138066734926876,"E02000337"
2.2214799640703,0.0142739627919263,0.011764834190279,0.0862849332597389,0.0121432680247819,0.0126399267772685,0.0255088103077469,0.0288214123345651,0.0408323279233438,0.0196780744081563,0.230940903589027,0.000137889188485228,"E02000339"
3.23955504831857,0.0201104195159445,0.0275229299543203,0.160818766211977,0.0180186058858403,0.0156645055522941,0.0284584911512668,0.0370393599687057,0.0546358408528203,0.0286539364697881,0.326624560898884,0.253074401722103,"E02000340"
3.18736859982836,0.0200758759018687,0.0182319338328213,0.149098349632311,0.0173555820696489,0.0156807687812406,0.0281475797841854,0.0394089774729752,0.082443523626725,0.026045983325418,0.326371174744907,0.245156111812319,"E02000341"
3.17298010914801,0.0198382375744867,0.0314812963086942,0.167109973744096,0.018096525896877,0.0155042943983062,0.0262105885990367,0.0362753782766065,0.0562303710289485,0.0288101560405499,0.315149614108513,0.233299322490224,"E02000342"
3.35756914273981,0.020611746118904,0.0302880769819443,0.168904244535711,0.020762912769957,0.0156737277114963,0.026743815679706,0.0398896221877712,0.118223503382133,0.0316202582946387,0.335858046986576,0.234334918669013,"E02000343"
3.20452357637651,0.0200822352807527,0.0316606297743439,0.166652442495103,0.0195087095263937,0.0153269064349309,0.0251453591439269,0.0383394750349004,0.111769901253863,0.0304289803318889,0.317904133226274,0.214970253039287,"E02000344"
2.01836866736812,0.0150809296587362,0.0114863625306156,0.050956680873498,0.0101046928054244,0.0127941382321766,0.0240158639672894,0.0355226981261414,0.0845106292640193,0.0198440725877433,0.212036778499107,0.108643660305088,"E02000345"
2.06553722810214,0.0160708845095509,0.0132107147883086,0.0503385520336218,0.0102411996008531,0.0124750673532405,0.0230760175985598,0.0325612396997733,0.0608723774160675,0.0213682206250406,0.217430799569446,0.107909303484587,"E02000346"
2.06584239809059,0.0158119050123222,0.0117527730774777,0.0509415236319565,0.010133890635907,0.0127468073655788,0.0234397252493139,0.0338220981489211,0.0690183107740747,0.0210093056428652,0.217733267956949,0.108265511427347,"E02000347"
2.00776850800919,0.0149792765382516,0.0105650494461286,0.0514776056073665,0.00987445561926242,0.0127241156082367,0.0236342320070907,0.0359118215973992,0.080129785303655,0.0200566554702891,0.211188432412027,0.104099685950238,"E02000348"
2.0708226900407,0.0153458927668762,0.0100191205494474,0.0532796473799368,0.00990150528200296,0.0131462401412387,0.0243891698684313,0.0366662351349673,0.0720281798184723,0.0203289410007934,0.218344264250156,0.102037893265573,"E02000350"
1.8413186208182,0.0146441845939824,0.0106653646246871,0.0458798776851287,0.00915998552755178,0.010887628643018,0.0209657250375298,0.0309115545127735,0.0380249975652091,0.0206627192930647,0.193762670682051,0.0844057307150956,"E02000351"
1.90296839327222,0.0148311080053572,0.00956449313812626,0.0474881296973477,0.00924729877370297,0.0117731560923429,0.0220750577137829,0.0324742964793996,0.0422494969311584,0.0198797774546323,0.200742636131052,0.089227528396876,"E02000352"
2.0715975943063,0.0152779273887145,0.00950043602005831,0.0504703548202966,0.00961997056150198,0.0127775755862269,0.0236818898681411,0.0347972904118938,0.0509238675896354,0.0196762253136007,0.219514017955198,0.0954576240200434,"E02000353"
2.01178687357865,0.0149661086716727,0.00890863153636903,0.0515392459192815,0.00952685262153317,0.0131419046098308,0.0240235129654394,0.0368907256461766,0.0581701045399809,0.0166539497763122,0.21238869393163,0.0961674480771346,"E02000354"
1.94360094320933,0.014427003759208,0.00880886575937676,0.0511692227679523,0.00868837304553348,0.0129353385751351,0.0235292349645265,0.0360524362296735,0.0621997343792046,0.0154452977202511,0.205100013534228,0.0935821767155859,"E02000355"
1.78161235645681,0.0141914903498229,0.00823936169909937,0.0444281458406941,0.00885164746896686,0.0112240859693048,0.0217648314495294,0.0326248490046536,0.0330072392660334,0.0175240183085439,0.187646470441927,0.0763035266265768,"E02000356"
1.76787265369932,0.0129541863744075,0.0071439193065653,0.0471903253901976,0.00692752228413625,0.0114089098141939,0.019690914561184,0.0336826882433038,0.0503170649204739,0.0140401600742442,0.187306102563072,0.0789795622093733,"E02000357"
1.94540663245504,0.0147940138461413,0.00836545807946958,0.0475245937313285,0.00927083193299906,0.012563583409909,0.0229327531543599,0.0350449725742989,0.0376565609542454,0.0166699577203412,0.205746154942994,0.0848448027136434,"E02000358"
1.90520499077569,0.0138177204457971,0.00798581903049001,0.0499771661625243,0.00768041949093783,0.0128878505703193,0.0232512754826769,0.0361699622121304,0.053861954529827,0.0139960028949476,0.201642082523108,0.0910739095083956,"E02000359"
1.96246912250542,0.0147378910983599,0.00843011152091041,0.0500654124031702,0.00939398566519282,0.0130618067488709,0.0235294107858312,0.0372315394474164,0.0423171048742869,0.0152033926110222,0.207155435978601,0.0907682756205827,"E02000360"
2.0131674846314,0.0147421203981843,0.00866335894634888,0.0523431044981883,0.0092465144759234,0.0141926921353498,0.0244257210678927,0.0398053243735935,0.051500276227381,0.0147459923666607,0.21239977266582,0.0969151861121386,"E02000361"
1.81973684756082,0.0123686695054712,0.00634306858763523,0.0474395402774088,0.00648933743303703,0.0112069516077879,0.0202237236768892,0.0361118697120695,0.0449640469767455,0.0130755387904552,0.193755265406274,0.0852310551921026,"E02000362"
1.98100839871017,0.0141059128015437,0.00828137040547074,0.0516774862346881,0.00828013767454775,0.0139295893999286,0.024164746468451,0.0392902302538323,0.0562797793812093,0.0140934308691201,0.209520931828884,0.0972889484045142,"E02000363"
1.88205891703485,0.0143476159159087,0.00820139800122101,0.0494575370961956,0.00927433564558037,0.0132028367025094,0.0229134569476926,0.0389841426226627,0.0350129490133344,0.0145321371547865,0.19787996534361,0.085728747302556,"E02000364"
1.9911165129874,0.013593694652761,0.00795423302519686,0.0532583489638219,0.00793697711792754,0.0142067203717585,0.024281603205851,0.0416006070349609,0.0551400212285533,0.0138371067323872,0.210734879187146,0.101202166957626,"E02000366"
1.95306159154711,0.0142217896938108,0.00834437425329019,0.0529845652089109,0.00921773959540122,0.0139381584480035,0.023967778188031,0.0414482271580297,0.0431237807844514,0.014189619026788,0.205536438583237,0.0967989873466074,"E02000367"
1.81955512379694,0.0136784909566564,0.00792125231029908,0.0501169070624408,0.00911058571679991,0.0124224617853075,0.0221762979069507,0.0401902471691175,0.0316886072374352,0.013847399098129,0.190922577359668,0.0840788761733306,"E02000368"
1.54833692963269,0.0123678402787724,0.00720964923943394,0.0446756736293938,0.00815846987507442,0.0098581590032645,0.0194691855601774,0.0364179635620359,0.0267611967636774,0.0131316106188441,0.161362894223238,0.0674617113999502,"E02000369"
1.41219396311644,0.0111454095454874,0.00671541720547101,0.0414111161773046,0.00794877795183324,0.00848527227734999,0.0177413776088113,0.0360659936253796,0.0239577574109382,0.0132041902965413,0.14663068718517,0.0539196912918334,"E02000370"
2.31474606525237,0.017082234364882,0.011630304550826,0.0336918072139033,0.0151166357696591,0.0165795935168449,0.0248425326365577,0.0202820294418296,0.0268911053847413,0.0236079977933196,0.245107172127495,0.168375840573006,"E02000372"
1.34300428259758,0.0102814958211795,0.00599074414747243,0.0191478758158865,0.00884980145686067,0.0110080449988805,0.0183414726661772,0.014408528848537,0.0155244439971981,0.0148847970614198,0.141435623653701,5.76015765680102e-05,"E02000373"
1.34313942310728,0.0103150879183918,0.00618473032769035,0.0188583703926022,0.00877089482856679,0.0113511470406833,0.0173544089916378,0.014594800686467,0.0164508642636969,0.0148431994589144,0.141490984774872,5.6107599223349e-05,"E02000374"
1.37352746233985,0.0107057435444803,0.00821079831923924,0.0214038348162476,0.008803848070263,0.0114727415572247,0.02041797871743,0.0149576989124116,0.0152110265477313,0.0154401988615298,0.143736822014193,5.67682842394281e-05,"E02000375"
1.3415631242393,0.0108096889991814,0.00683177374883202,0.02059785331757,0.00876550201251718,0.0119870008252573,0.0190664593778763,0.0155577181002931,0.0158816191177264,0.0153217862256696,0.140350403852203,5.65765655656853e-05,"E02000376"
1.32459690724387,0.010659720027787,0.0063209754540365,0.01949449949578,0.0088501385478466,0.0120154018360124,0.017599686566918,0.015497312667569,0.0167951338110486,0.0150430740611839,0.138736745337343,5.54115745079892e-05,"E02000377"
1.5440073945449,0.011089154508083,0.0221469311592983,0.0267523259864323,0.00871812152100988,0.0124025017236797,0.0211705555248564,0.0161436194856878,0.0159260010689712,0.0158991482810788,0.155349983247487,6.03023460994562e-05,"E02000378"
1.33461923480773,0.0108652206075845,0.00661187404091949,0.0197171166405011,0.00901068134685155,0.0123076491995567,0.0170287382731103,0.0161540194782633,0.0184570256407704,0.0150914886594506,0.139617626395762,5.52033950731568e-05,"E02000379"
1.37246677367712,0.0113340530569464,0.0103038766590334,0.0220688697638824,0.00863363896285237,0.0123023095720577,0.0194205525586384,0.0163791228877019,0.0169126387029736,0.0156442536712478,0.142414878177285,5.66400351124804e-05,"E02000380"
1.57042139013086,0.0114463821804852,0.0231507920114555,0.0269453030856908,0.00878749847652143,0.0126445341980305,0.0218429699846574,0.0171165334251216,0.0164548157193579,0.0164504328756406,0.157396471982915,6.05334477936386e-05,"E02000381"
1.33871431546671,0.0114811989042121,0.00821432717770868,0.0212364871964934,0.00893511967498694,0.0125695456047521,0.0184197870574149,0.0173950307034971,0.018524387732095,0.015465710505165,0.138974510420501,5.63288006885063e-05,"E02000382"
1.59597864678992,0.0118180373562792,0.0227473179905587,0.0260418054650653,0.00942719441854856,0.0133880246497531,0.0237066437365996,0.0206097655427683,0.0163144188609578,0.0186283834202673,0.159848799835206,5.87533069509599e-05,"E02000383"
1.59728681784026,0.0120975985824644,0.0258865753238288,0.0276405226097799,0.00872087374766274,0.0126830326758294,0.0206483306571602,0.0185085431602098,0.0189743732861352,0.0163891439865391,0.158136223730473,6.89409683262592e-05,"E02000384"
1.63036179437677,0.0126590756788723,0.0251079041445323,0.0267634279241978,0.0097480992194326,0.0134016039792393,0.023347603863144,0.0246254994600176,0.0173267820046731,0.0195513198348866,0.161263483029189,6.12779949402363e-05,"E02000385"
1.66160883334852,0.0129834231826903,0.0238164866619007,0.0262633807498734,0.0106057879578248,0.0143468365066095,0.024479568311231,0.0290727257371671,0.0167379116688549,0.0230247547244359,0.164825672575015,6.05520611954593e-05,"E02000386"
1.72818394946964,0.0136135086171917,0.0289607790820936,0.028684897642076,0.0102117699578895,0.0135710148278529,0.0232377318749028,0.0274562205710251,0.0192943219125458,0.0203997451557204,0.168911265807794,6.91286022257818e-05,"E02000387"
1.76567262335847,0.0143919549646757,0.0262601318204426,0.0283866573609065,0.0118892725849412,0.0153669570027236,0.0247300487288714,0.0324106408985137,0.0176663616039064,0.025700197135958,0.173376525261895,6.23530320258398e-05,"E02000388"
1.87952517146174,0.0145617152931924,0.0339750814659968,0.030659025295757,0.0110275301306795,0.0141599744233291,0.023025182544392,0.0309661397039361,0.0224788498968436,0.0215902135463707,0.181795316543327,8.36266874827945e-05,"E02000389"
1.87335704393992,0.0150220227364231,0.0308483051791649,0.0300699692165482,0.0121747272475248,0.0145605802612862,0.0242689990525868,0.0319067158833687,0.0197771628188691,0.0254930384835147,0.182451053487908,6.89120866166997e-05,"E02000390"
1.86290803761327,0.0159564764183687,0.0260101421377909,0.0330021957341708,0.0132571558911386,0.0154192771701499,0.0235333613768052,0.0324317717372368,0.019668112240893,0.026956776970683,0.183650136158581,6.2651924755492e-05,"E02000391"
2.00107097643525,0.0163382631120836,0.0295982552822964,0.0326599237647783,0.0135392748761833,0.0155518599688012,0.0243514149402293,0.03252061896182,0.0207217369438735,0.0282088272880069,0.197463838252946,6.78027783807314e-05,"E02000392"
2.25811049665841,0.0167470382272556,0.0366890468684136,0.0338576656977998,0.0138035603682462,0.0158290351199768,0.0250423853686271,0.0337305837991727,0.0229355076187964,0.0286101024872607,0.222732195687443,9.5868639187656e-05,"E02000393"
1.81759362539061,0.0163961931299856,0.0219631592736688,0.0388364985476289,0.0135096367122785,0.0140898810413088,0.0214510956266501,0.0314153293055714,0.0216346917618152,0.0207545258172326,0.180997730642546,6.39753948194314e-05,"E02000394"
2.68673700362095,0.0190285816143969,0.0313579688127993,0.0439660837893289,0.0149146470666976,0.0174504018502452,0.0253607288061453,0.0334573005743757,0.026786553388418,0.0320065030538634,0.277025696264426,0.000110559101064619,"E02000395"
2.57723799591281,0.0194277196155936,0.0250317783216684,0.049098048444086,0.0148305805529937,0.0165956957477455,0.0244792460559462,0.0326969391322072,0.0267357320486123,0.0290003510125571,0.267641868443729,8.6812996922656e-05,"E02000396"
2.23989643981016,0.013521028814464,0.0203346777672055,0.0448890458749957,0.0125599710053434,0.01297219022333,0.0253880203490357,0.0315106357127994,0.0746071265523146,0.0159155289837089,0.235396605942828,0.136716664178744,"E02000397"
1.65861311496772,0.0107690357149644,0.0116333990341982,0.0366846689194713,0.0101748135724301,0.0100199449070862,0.020437856075731,0.0267731083955862,0.104551698610419,0.0142627468799352,0.173843686086899,0.063773281140119,"E02000398"
2.29367348683555,0.0137775098205807,0.0221807646955237,0.0477514394929129,0.0129258709034796,0.0131705962173336,0.0243702722465646,0.0334268392330913,0.0663497074675436,0.0161984736739546,0.239989553910948,0.140742016978913,"E02000400"
2.10651433975988,0.0126147147741872,0.0173781589003668,0.0406677651379638,0.0113388646286081,0.0117719903420049,0.0248066639302725,0.0287139553293284,0.081130421089787,0.0151782762652766,0.22295791993363,0.110836535366681,"E02000401"
1.95223151035146,0.0118800908265858,0.0152397460579801,0.0392981601139781,0.0107297168478966,0.0110413325412877,0.0231690962721159,0.0276741065913259,0.0823263829695721,0.0147254574313327,0.206463594741587,0.0939848432048026,"E02000402"
2.17464886401772,0.0133384772435442,0.0189123214776485,0.0424509523266056,0.0120621871367909,0.0126560207711633,0.0257836004340644,0.0307091754775519,0.0753728784942326,0.015941207706389,0.229190524215839,0.133243394795873,"E02000403"
2.20955031492994,0.0134712503273535,0.0192083536650761,0.0427787168903838,0.0120488065688796,0.0126715171005646,0.0266053360538104,0.0309857336936306,0.0789818869618979,0.0160727776304143,0.233119581495665,0.13016755113425,"E02000404"
2.31300623673576,0.0139473794616287,0.0217418082343143,0.0459461762036572,0.0125871009796486,0.0130970656182354,0.025060408697987,0.034540505639208,0.0549837660680165,0.0172741633862152,0.243053027639971,0.150996977795521,"E02000405"
2.20558588359346,0.0137870801000914,0.0199537741696103,0.0438703191012497,0.0121071931576104,0.0130835056948511,0.0271380675229995,0.0322865025717709,0.075758793323653,0.016879159289457,0.231883739872897,0.137665581277644,"E02000406"
1.91829339594665,0.0121155240210234,0.0147338282855779,0.0415553018173901,0.0106607981590233,0.0114684051630442,0.0235010789268742,0.0303390146119364,0.0829438260967458,0.0157908746172067,0.201944861360677,0.0936300900807007,"E02000407"
1.81662271328838,0.0116099323470955,0.013294006178214,0.0401724991879722,0.0103633886569366,0.0110090185514794,0.0225539244122629,0.0300444820818127,0.0873285619468705,0.015543726034776,0.190935101057305,0.082502874966214,"E02000408"
2.08635262154956,0.0130933312165664,0.0177461841408804,0.0433300801657311,0.0111876988175375,0.0123084166523939,0.0252712592768371,0.0310499279432756,0.0766108635004929,0.0164709328730192,0.219758685634565,0.117423475411821,"E02000409"
2.33271038927324,0.0143748032382346,0.0207572057395908,0.045917799980772,0.0118502880078623,0.0123127801605476,0.0235696918202771,0.0344105964380086,0.0376194384490732,0.0179116252257169,0.246373678808329,0.137948470039543,"E02000410"
1.71090991683965,0.0111204370438862,0.0119812397565117,0.0385690895419638,0.00986120940710624,0.0106660888539052,0.02146623312251,0.0300839663378604,0.0924735440051629,0.0155475456190603,0.179450312520426,0.0743940044836736,"E02000411"
2.25871200256014,0.0143338078505156,0.0210861694337375,0.0454624238594902,0.0127166648200969,0.0139538960980631,0.0279920977288537,0.0343009450125001,0.0723662175699208,0.017901325284546,0.236638327759295,0.153570260184416,"E02000412"
1.91955703729883,0.0115702221935592,0.0147382887128127,0.0400056343846974,0.0094353116908562,0.0101055629413227,0.0197788666512291,0.026765534268961,0.0297460018912723,0.0169612230344656,0.203834223044671,0.000148214611516598,"E02000413"
1.97728534100927,0.0127451138171972,0.0157932333514586,0.043073125121121,0.0105861989416067,0.012050599788066,0.0240577171430353,0.0310369700896288,0.078089607564603,0.016568470258117,0.208056789233117,0.105470353325809,"E02000414"
2.16419612224214,0.014031077869123,0.0196090495931284,0.0452888932500681,0.011610971042659,0.0131256376364361,0.0263584553200245,0.0323649524177458,0.0738671479563926,0.0176425270791804,0.227163148348663,0.133159594584536,"E02000415"
2.23328893818745,0.0141830224776581,0.0198681916819336,0.0455647205909903,0.0122951742525752,0.0129076883160229,0.026344682484,0.0337972105501795,0.0609418490655106,0.0184274503282399,0.234841635126978,0.148077997154431,"E02000416"
2.26594495829047,0.0138787986493433,0.0186392986382766,0.0456257844904639,0.0116381006757851,0.0113902798396655,0.0245830475090743,0.034228876666446,0.0362269344224001,0.019098246112364,0.239932743960886,0.128650914598037,"E02000417"
2.31684747635405,0.0142798807473448,0.0195914847987069,0.0466822079920782,0.0122067247303172,0.0121413325884946,0.0257636332222239,0.0345495986825014,0.0492356598005955,0.018894691677018,0.244865042022807,0.142144236415265,"E02000418"
2.20181027687518,0.0149997551022593,0.0204450094554889,0.0473436782770845,0.0119139173828497,0.0135000255033609,0.0266963857707871,0.0331427645142078,0.0694498305944435,0.0187442452763588,0.2304060310207,0.142478802367489,"E02000419"
2.03970646668367,0.0138125560150528,0.0160630297797565,0.0460912794736907,0.0106024026663257,0.0128080785534969,0.0246177405929896,0.0324953831415297,0.0799135377778833,0.0179003640383714,0.214273811396663,0.112660338098759,"E02000420"
1.92926400306087,0.0131915359851673,0.013706844144653,0.0450369872044532,0.0102124174369433,0.0123879873992543,0.0240925020318693,0.0330829859944284,0.0867023999737698,0.017651782335256,0.202388386847872,0.0999788085102886,"E02000421"
2.13809496045965,0.0150564818669666,0.0178096631050726,0.0485021437810524,0.0109845187780985,0.0133835995720266,0.0253409241782699,0.0329907102466975,0.0776863255103443,0.0189400288911178,0.224216580745926,0.123929368368318,"E02000422"
2.1875539208695,0.0156321456700921,0.0193251624159678,0.0492136361266,0.0113123782766697,0.0135648548584204,0.0256392037539677,0.0329042610215053,0.073626926098867,0.0193372347898323,0.22904400693036,0.130417250401127,"E02000423"
2.17545825870627,0.0146890958784435,0.0184234011201569,0.0472622050491922,0.0115571990539184,0.0123030123799894,0.0254640290872906,0.0325636950150543,0.0590211088585682,0.0192583902049771,0.228913248423747,0.130964984217895,"E02000424"
1.98444140156672,0.0143892721347025,0.0127038156598503,0.0484841352463972,0.0101623667748434,0.0127648442990268,0.0242361697781549,0.0345482250529971,0.0874653007705438,0.0188957719456261,0.208199677163633,0.107474289933392,"E02000425"
1.53952198209407,0.00817727018532283,0.00921359690145264,0.0311028491470844,0.00816241965708168,0.0069912954248957,0.0200417616089486,0.0188591723514542,0.0248672202057047,0.0166706025962289,0.164598405234802,0.000128346212895937,"E02000426"
2.12513531749058,0.016046094708646,0.0165337512942872,0.049852944365485,0.0107089519174908,0.012373357259597,0.0238689764638058,0.0320677941407286,0.0594234959742395,0.0209100025679569,0.223262089285947,0.114561967948518,"E02000427"
2.09867128100931,0.0156503729500038,0.0153175254773357,0.0497917669487692,0.0106369100931906,0.0130943868526301,0.024455548661514,0.0334035227851243,0.0793341889286554,0.0199945756477737,0.220274974679605,0.119001118803818,"E02000428"
1.63263020182011,0.0087132165046994,0.00927670521143682,0.0370157198443868,0.00854844990462014,0.00767293374830242,0.0200000121020071,0.0266227923731206,0.0286106680314936,0.017630750024199,0.174171629602127,0.000103537403582085,"E02000429"
2.19621037493397,0.0146410407340702,0.0176979266048801,0.0490642434720877,0.011467928841874,0.0117338892941637,0.0251503947245446,0.0331001450766174,0.053498441011271,0.020821831026498,0.231561760119838,0.118155481723024,"E02000430"
1.52028213598955,0.00842003796642387,0.00912902267052168,0.0333086094712858,0.00831295520502567,0.00704277223908465,0.020129119595257,0.0238754859465097,0.0236068232213193,0.0176014952265879,0.161710383889532,0.000121481202865856,"E02000431"
2.03179225173659,0.0149814353597719,0.0150899046096759,0.0478185806618194,0.0102951154334822,0.0114111105097734,0.0229227510804515,0.0312177016754676,0.0482941146414336,0.0212496328220328,0.213858691259512,0.103068324979829,"E02000432"
2.13443253521867,0.0135222968985711,0.00650877123709481,0.0323942435624701,0.0102438332361003,0.0100342032154349,0.0200684981423253,0.0148134582049043,0.057940776050009,0.020320835780373,0.230690457565854,0.0996837912379135,"E02000433"
2.11655763382723,0.0128448639892807,0.00638653666110443,0.0330828021897826,0.0102038992878262,0.010156182810069,0.0217569639879689,0.0143312154826595,0.0500068086919097,0.0198534251768584,0.228775966987824,0.100086724914051,"E02000434"
1.79770912158821,0.0113162951936756,0.00551048805530228,0.0261053100687856,0.00866095865480536,0.00883085610752363,0.0175727687601398,0.0131447717675997,0.0548123727229428,0.0177467692466204,0.194201366198883,0.000186044097366194,"E02000435"
1.86699860891685,0.0122964644880734,0.00631868916325927,0.028865177722413,0.0093331101865142,0.00957209193023595,0.0152890707423262,0.0139187333373439,0.0653294997122482,0.0195304129594942,0.200887264507948,0.0860228929982798,"E02000436"
1.76007017087038,0.0113816634601039,0.0055118211318266,0.0257278086199074,0.00846097003550001,0.00874368146768022,0.0159403404681032,0.0129806749174382,0.0611938703295916,0.0177693591711349,0.189942941889163,0.000186333162222,"E02000437"
1.72960137982154,0.0113682107933497,0.00558709385310251,0.0273897270978443,0.00874574559796789,0.00912257557378252,0.0152619700550156,0.012971576977624,0.0621951553800277,0.0185929007601325,0.185924466820282,0.0772127678032502,"E02000438"
2.10301035205468,0.0125888059762005,0.00641244163747092,0.0344399987958295,0.010153661306721,0.010409071828476,0.0220694937941314,0.0139950233877557,0.0435510311633181,0.0194047063670151,0.227184364600336,0.0997409845857389,"E02000439"
2.05578617641059,0.0127214162448045,0.00636439119666264,0.0297567784749358,0.00988577067338542,0.00985403211005135,0.0197287655242731,0.0141741610624367,0.0566233992264745,0.0190516310689072,0.222289454138065,0.0943463419400767,"E02000440"
1.47967930045923,0.00992061629472959,0.00439689562029544,0.0255737766394167,0.00755431546526754,0.00814489520630066,0.0148104023024866,0.0112925599777147,0.0513328831356128,0.0173792394782861,0.158617385580898,0.0582363635533766,"E02000441"
2.08891476749544,0.0124125402164261,0.00647658632242195,0.032710478509562,0.0100774137016324,0.010259070869785,0.0214690621729298,0.0138958990758615,0.044912934804898,0.0189931805147691,0.22577564019733,0.0979104795820351,"E02000442"
1.72657636880345,0.0110960565830971,0.00523882000044943,0.0250974415585324,0.00821424821283846,0.00859054878826269,0.0161573509953439,0.0125470945041831,0.0623914066497494,0.017219562805334,0.186406395820984,0.000172216701969648,"E02000443"
2.03229726879645,0.0123556010077878,0.006333374084457,0.0298077440644725,0.0098210482903419,0.0098847393736837,0.0200284361256798,0.0138814592628386,0.0520388341508077,0.0184135955709142,0.219729655253536,0.0944092149503142,"E02000444"
1.72189197480024,0.010976837123058,0.00518318426426216,0.0245229122395138,0.00813022490983629,0.00852435090519593,0.0167152089221597,0.0124833809294551,0.0603961077108216,0.0166675558644292,0.186043277214117,0.000156443763827086,"E02000445"
1.52505320342437,0.0096259509236971,0.00442598104871271,0.024135940434925,0.0075488374571729,0.00811989184644775,0.0148518749431498,0.0112021076261858,0.0581982164524,0.0163504851750681,0.164201041983777,0.00018005193975699,"E02000447"
1.40850664240376,0.0094643682682437,0.00416877297007041,0.0245144728334684,0.00721100716618818,0.00790142738961837,0.01528437167738,0.0107598629279873,0.0510630377715787,0.0165054032455243,0.150832370922827,0.000305230033869212,"E02000448"
1.99145889095805,0.012014570112869,0.00624888198982317,0.0297723228933272,0.00966492411855865,0.00995974986661735,0.0198516470662085,0.0134792056942969,0.0453220979045401,0.0175356430210362,0.215255417457832,0.0931987917524975,"E02000449"
1.40733666932863,0.00916889639597866,0.00404607414834055,0.0236677789916629,0.00711116551387881,0.00780765064393977,0.0151776364410585,0.0105762389717556,0.0535740865907034,0.0157504971659362,0.151037852164313,0.000197691432599431,"E02000451"
1.60921557337051,0.0100226695886325,0.00450496460179096,0.0234630462285526,0.00754857784061678,0.00812407807062289,0.0160734387771564,0.01140393290534,0.0617956244342246,0.0154859462795473,0.173928830039878,0.000140008533004556,"E02000452"
1.51475713836447,0.00940965637909836,0.00410278124360662,0.0232788360191871,0.0072003572499128,0.00787023400384266,0.0156008387570193,0.0106921111258186,0.0598088256417049,0.0151947758962785,0.163478460087524,0.000149415541320061,"E02000453"
1.25754986038046,0.00894001672981596,0.00373769396072127,0.0229460866238756,0.00661348191999792,0.0073990182189258,0.0141185771888338,0.0102452559663001,0.0463353975439508,0.0150393353299132,0.134174487860868,0.000342174228655173,"E02000454"
1.58686298413127,0.00982877922222536,0.0044354339763429,0.0229287317105827,0.00741693964997079,0.00805188579969975,0.0162970849200159,0.0111904272678114,0.0626997418048887,0.0146166074555257,0.171570546073019,0.000125552783896055,"E02000455"
1.42561942765492,0.00888916884569507,0.00373584921285783,0.0225251698165446,0.0068080902869446,0.00755142200789644,0.0147478087687537,0.010145419193452,0.0567868837721383,0.0142288504268493,0.153785454335095,0.000143601416582209,"E02000456"
1.33102125393213,0.00904109351775885,0.00377123498289184,0.0229460065486517,0.00670433849059411,0.00750696261479456,0.014312015519409,0.0101685263605217,0.0510661969037477,0.0146357127806222,0.142682415386448,0.000197008083611832,"E02000457"
1.43510339559925,0.0088069957995775,0.00356475000750614,0.0221916493386262,0.00662606618045958,0.00738119109687893,0.0141691621389721,0.00985739248757319,0.0583240822577938,0.0132411190145662,0.155187728987847,0.000138299897828776,"E02000459"
1.25239082297443,0.00878490093408908,0.00346652725966534,0.0218684007506376,0.00632150233111787,0.00713808571789419,0.0133517505860224,0.00987222116691727,0.0480119438337675,0.0132058105082969,0.134191565527656,0.000198980286910424,"E02000460"
1.48305760753534,0.00859813102353485,0.00363459687329259,0.0217396919332272,0.00675813650334302,0.00744979497176679,0.0145173231035772,0.00983090260949288,0.0636352453226829,0.0126112931313591,0.160781388008147,0.000112326324741528,"E02000461"
1.30936712235495,0.00872952119711157,0.00335507814182018,0.0216242091168587,0.0062983659803799,0.00708735124096342,0.0132105286382803,0.00977804911726077,0.0518323951539974,0.0124255512694397,0.141005024255372,0.000168116291738497,"E02000462"
1.16953652220449,0.0086669022849816,0.0032865760506412,0.0211123189546022,0.00606207062793655,0.00686206374242596,0.0126468874094982,0.00986131861449878,0.0415953155673802,0.0124504229287693,0.124962930853403,0.000315625804229062,"E02000463"
1.93093832926836,0.0112893605125321,0.00605442488064778,0.0786220883534674,0.00854471319979322,0.00914588482561519,0.0207067383193099,0.0228757195505363,0.0497724066177443,0.0168503935779701,0.201066985824568,0.00122025415082688,"E02000464"
2.01746737293363,0.0118533746626672,0.0064547491636316,0.0837315091482666,0.00897672592051071,0.00961117670197892,0.0229627245679011,0.0232384674146692,0.0538108688903445,0.0174252116580293,0.209479706388505,0.000471620124621697,"E02000465"
1.82204999883134,0.0104676506460486,0.00555865835855226,0.0712104692797399,0.00794606545799172,0.00847078917987504,0.0188307933334798,0.0222925459669778,0.04464493553377,0.0161779680926325,0.19066940051437,0.00119413248326568,"E02000466"
1.91699769807483,0.011208162396227,0.00611324189917267,0.0782593010095946,0.00847482000572785,0.00902323163685276,0.0216517769470366,0.0225699049738502,0.0493293186562444,0.016774339915394,0.199405867450629,0.000434903682963794,"E02000467"
1.71879794783457,0.0097395977586499,0.00481037195135795,0.0611533938807867,0.00730770056566535,0.00771264539991339,0.0172413843660614,0.0219398332216413,0.0408995979843511,0.0154048394526498,0.18157972323689,0.000693736640953733,"E02000468"
1.86653981296235,0.0108689627513199,0.00596046303811217,0.075517168420097,0.00821278150961325,0.00872164138311964,0.0211937937512416,0.0221974487349283,0.0471264899008053,0.0164712841765593,0.194324432376221,0.000386955060005098,"E02000469"
1.99900585497841,0.0118629145057124,0.00626785724470248,0.0799486797804579,0.00895001684853152,0.00944590764780686,0.0240421496540499,0.0229216419972288,0.054502459143213,0.0173505503552507,0.208154831079188,0.000317378200251552,"E02000470"
1.79993522733133,0.0103595473911619,0.00574621655031074,0.0717448065341683,0.00782881134362361,0.00830029541309672,0.0202514202958292,0.0217876672412822,0.0439864691702001,0.0160368462310599,0.187731529223892,0.000368384777617978,"E02000471"
1.75947017515149,0.0101103926149529,0.0056152592300092,0.0694179884045739,0.00760081373460627,0.00814222088271944,0.0194336352048847,0.0216390483663499,0.0422186085676427,0.0158843235939567,0.183721753520268,0.0462300300815007,"E02000472"
1.93309102993077,0.0114798024530665,0.0060450037891517,0.0761833591478512,0.00864616131371934,0.0090792258846284,0.0238277967249233,0.0223385072241631,0.0516999705091556,0.0170269168522217,0.201495033314103,0.000269662998597547,"E02000473"
1.72995905944935,0.0098941143975288,0.00553460458829651,0.0674534030212836,0.00738253477200805,0.00792454274283152,0.0193073457506009,0.0214286975461781,0.0408100162477973,0.0156697423856319,0.180853080051961,0.045462867356576,"E02000474"
1.87654024481694,0.0109777739917776,0.00601042444597209,0.0753668267434914,0.00827198213183475,0.00875294998728445,0.0226303251667204,0.0219612427489194,0.0476808562382935,0.0166872800391252,0.195339792755715,0.000276452640195935,"E02000475"
1.83839433970948,0.0107763051634914,0.00606048133563104,0.0744344070872165,0.00811566206784345,0.00877487787827447,0.0216733751285196,0.0217413481830868,0.0450692410956782,0.0168452898128785,0.191101426460918,0.057964424718128,"E02000476"
1.946151860536,0.0116873129889821,0.0063764606708138,0.078931661698989,0.00888504045641554,0.00956943935533793,0.023928230370249,0.0223767464853219,0.0506502511736298,0.0179121456845581,0.201971445530331,0.0735616593900527,"E02000477"
2.01965508104506,0.0123079466931533,0.00652179183081358,0.0811404702717838,0.00944777063913703,0.0100993142903916,0.0248411048621168,0.0230802101023301,0.0556302049785436,0.0184928919209558,0.209669058167006,0.0858564257710276,"E02000478"
1.88855305724041,0.0112759948874918,0.00621376271887675,0.0761040477813062,0.00853420466306483,0.00921522219339589,0.0233163619998259,0.0219154242528051,0.0477329833550799,0.017568074118507,0.196142042669729,0.0700329533134608,"E02000479"
1.76324494131493,0.0102599541601458,0.00578153998129215,0.0692677059669734,0.00761663879122206,0.00825793591086646,0.021047613239417,0.0211796916075555,0.041727308442816,0.016324218865477,0.183885736190292,0.0558639577914009,"E02000480"
2.05072217578446,0.0126545477312841,0.00595654247401575,0.0766128587143757,0.0100095160700405,0.0102088557403443,0.0250591575635714,0.0237534774852752,0.0677400519683882,0.0188213305710116,0.214340216936506,0.000238652299290758,"E02000481"
1.91895437806152,0.0117164139153387,0.00569517738556392,0.0714956236088057,0.00898856167602263,0.00922065144460677,0.0244040827135471,0.0224287376938691,0.0562007551313873,0.0173500749069614,0.200722467585295,0.000221521408447841,"E02000482"
1.95217838103641,0.0120126441010145,0.00627335351330408,0.0773285473297438,0.00929513351724401,0.00992224085085203,0.0246161846413633,0.0226729514356124,0.0536707414158269,0.0184345088792146,0.202744677486271,0.0913342048064864,"E02000483"
1.90027895674184,0.0115671460088319,0.0061816638317276,0.0755015322265591,0.00885871264161164,0.00950810408527057,0.0243246709753343,0.0220812690470777,0.0497924594142147,0.0180777872696269,0.197365629224218,0.0835239119622231,"E02000484"
2.04554775255918,0.0126981751897806,0.00656478623868823,0.08161667686212,0.010026246267467,0.0106281487040409,0.025477959545763,0.0236211575841448,0.0598410426250471,0.0194001837614524,0.212165241695888,0.105436622970606,"E02000485"
1.97305704465246,0.0122381513373352,0.00639082008464767,0.0788569431324982,0.00963256232109529,0.0102360071345565,0.0255167948114506,0.0229397804429313,0.0553756010577518,0.019146612180896,0.204525856074945,0.102119475624069,"E02000486"
2.17529736962067,0.0136043533302614,0.00696360050755319,0.0881386347866063,0.0114436415881467,0.0119412286478204,0.0256193510618646,0.0254949369126824,0.0725911762397078,0.0217711818992016,0.225025880299165,0.140110376345981,"E02000487"
2.04225016087631,0.0128056176713524,0.00662743769791163,0.0825883127300071,0.0103555378216495,0.0109030062519031,0.0260780819643552,0.0238409440143878,0.0609296360582054,0.0202104706652639,0.211263875745984,0.118359526678031,"E02000488"
1.98292638280899,0.0124299892050989,0.00642795467814469,0.0796589609951638,0.00999028000695722,0.0105100535261585,0.0259980408794331,0.0234157262511222,0.0566981724177308,0.0199432479859596,0.20526977318799,0.118868201919745,"E02000489"
2.04695816728048,0.0129233027241104,0.00661951558642392,0.0832188115419305,0.0106633742819127,0.0111065111052295,0.0258204353642937,0.0245326453070356,0.0614426080382054,0.0213279822669765,0.211604126999915,0.138487289280606,"E02000490"
2.12512518976673,0.013257717416527,0.0067589824584892,0.0869491575607269,0.0108663745586612,0.0113629885677045,0.0253121396101098,0.0261266155254408,0.0609482756546843,0.0229525051414811,0.220111997164279,0.162025777018503,"E02000491"
2.38275882130557,0.0150713383450636,0.00789656291221334,0.102710124816712,0.0131900382480517,0.0136418652546165,0.0255717026759952,0.0285906745025234,0.0877110680375357,0.0281405287333627,0.244902655532813,0.191469782056204,"E02000492"
2.27062069971059,0.0143414028425906,0.00738760807816265,0.096111305525108,0.0122960984787655,0.0127283713430942,0.0253539282600951,0.0274990413616075,0.0758781518216637,0.0258563836708126,0.233965571897067,0.17883131061717,"E02000493"
1.32502124392801,0.00954256006231562,0.0038904090118007,0.0248442720663713,0.00693515492873845,0.0076551147774577,0.0146984702933008,0.0109124780732211,0.0383799294724463,0.0166028460429455,0.141385505277279,0.000261249625617396,"E02000494"
1.35580492070676,0.00947205641314285,0.00392801462742842,0.024584912800665,0.00695301511134426,0.00767886397183503,0.0147187028251078,0.0107610245372695,0.0433549596160427,0.01657819587503,0.145000066659463,0.000347246425193623,"E02000495"
1.11205566168617,0.00947959193805425,0.0037564179079556,0.0252039749632718,0.00685877771613344,0.00745740327740777,0.0139603055679675,0.0115128854715409,0.0298844042842644,0.0160391297142345,0.116285388286561,0.00020639586133957,"E02000496"
1.26112140720186,0.00912350232620469,0.00373031696439796,0.02343616032536,0.00661260443181317,0.00739055415625045,0.0142017067137603,0.0104632731198831,0.0407714883925647,0.0155848973027666,0.134502937635397,0.000352455694185568,"E02000497"
1.11755801350411,0.00917176599219999,0.00363585594116052,0.0238389145509327,0.00656387542769094,0.00725241552115045,0.0136604343571998,0.010944867059773,0.0307552130268411,0.0153612232395326,0.11760246680408,0.000203218502012204,"E02000498"
1.19362697639493,0.00886282815729017,0.00359892594841414,0.0224962179515261,0.00639145231032084,0.00719545124977646,0.0136461659360738,0.0102231527317245,0.0409215461268014,0.0146255078509551,0.127023208286129,0.000597815176619914,"E02000499"
1.13745009436768,0.00897546390715983,0.00355614253324345,0.022950692325988,0.00638779686218633,0.00713977491920507,0.013502176102502,0.0105859806049311,0.0323484746615768,0.0148537915690078,0.120363902735537,0.000218473161978585,"E02000500"
1.14181546876731,0.00882446303662838,0.00348810039377524,0.022063819204337,0.00623247062775309,0.00703163269908211,0.0131858783437638,0.0103230315154505,0.0353531914787665,0.0140573216468883,0.121233492612301,0.00026797896002432,"E02000501"
0.977180409873681,0.0087871103710252,0.00341386665042643,0.0226050677328998,0.00625434311904756,0.00690301507560607,0.0127010805438338,0.0111911412138638,0.0265703852508837,0.0139291624178921,0.101647708956044,0.000209828010468056,"E02000502"
1.07769761266264,0.00876082931501527,0.00339274625426188,0.0218789708492478,0.00614957361875595,0.00689663098492405,0.0128049058916884,0.0105428773769798,0.0301532149504519,0.0136793904294223,0.11387491727067,0.000197638685285329,"E02000503"
0.979019479999676,0.00904784186473063,0.00355782618121262,0.0241050457019984,0.00654133829996041,0.00712053733692192,0.0130543512391271,0.0120941577076124,0.0261232933349919,0.0145714241771374,0.101132162040443,0.000234917956412917,"E02000504"
0.970876044527202,0.00918328444585238,0.00363257386632379,0.0248807895758766,0.00672030948569575,0.00728214093839849,0.0131184476627961,0.0132586746467348,0.0254375391824531,0.0147348732357831,0.0997225722825522,0.0279315627980852,"E02000506"
0.966409229229446,0.00917780168022867,0.00359916703580732,0.0236759978854103,0.00662502097699751,0.00724727020468103,0.0128140358377501,0.0130590462704464,0.0255429614883809,0.0143624330668836,0.0995593210851266,0.0321572037052154,"E02000507"
1.04533594576274,0.00984757899446762,0.00395220857266031,0.026204563211889,0.0072607988726337,0.00792932309955363,0.0136059268839619,0.0157124961950683,0.0257445294205384,0.0156174307821688,0.107503431860595,0.0420917598288637,"E02000508"
1.08237527221793,0.0101096547267516,0.0040983812978278,0.0274540018585449,0.00751200639259205,0.00820391862993178,0.0139551342701708,0.0169924884685275,0.0258141670694125,0.016158081356156,0.111301613034601,0.0457625243453219,"E02000509"
1.07058683460292,0.0100862519270489,0.00405767762414285,0.02672849121377,0.00737981773433249,0.00814173552275853,0.0138756905010331,0.0166475183983114,0.026218635570335,0.0160480853527106,0.110169057285988,0.0454487397692011,"E02000510"
1.04379639707541,0.00982666155795367,0.0038594920004351,0.0244692266590168,0.00699556159808936,0.00774259828633005,0.0135114363438085,0.0144904837621186,0.0267762660561445,0.0152571703946246,0.107964386730465,0.0413803377353606,"E02000511"
1.05776436784467,0.00999767671402742,0.0039882934473207,0.0258530765255464,0.0072328010734555,0.00800430839647913,0.0137544615027549,0.0158649399508972,0.0264787009297639,0.0157852717816518,0.109006109824027,0.0440981470487887,"E02000512"
1.14668899940506,0.0102342695471541,0.00383927285415602,0.0233085170214517,0.00694564127766459,0.00774616333547987,0.0138704054489009,0.0135296624791412,0.0286344926551042,0.01496812487517,0.120394476136987,0.0436287279191029,"E02000513"
1.14642260410277,0.0105846854231213,0.00407000467701559,0.0250046415500233,0.00727977981011171,0.00816489123185651,0.0146020031716835,0.0154214238449224,0.0285761840777581,0.0161280740059895,0.119449542605311,0.0489410054106213,"E02000514"
1.18277246161205,0.0109230703372919,0.00449166313220528,0.0295648902677372,0.00802133888354949,0.00883699577527727,0.0150959126426161,0.0199958143149986,0.0271011775789117,0.0176716031000887,0.121981594803575,0.0625710304089566,"E02000515"
1.27236898212089,0.0112139842176691,0.0040438694137773,0.0238554971202824,0.00730634511766213,0.00828169310509052,0.0148236411539068,0.0143555643823243,0.0308231502585571,0.015723465233858,0.134358823215833,0.0511965567132075,"E02000516"
1.16175576906359,0.0108219779016719,0.00432661670079161,0.0273369141491039,0.00769044676927348,0.00860106935505149,0.0150864172738603,0.0181053219365773,0.0280227934983178,0.0171056146785188,0.120257907714904,0.0571395719085731,"E02000517"
1.19852845987348,0.0111048831579411,0.0045249494839041,0.0293732936301301,0.00800814369283216,0.00890283296138545,0.0154839346404593,0.0200778988245758,0.0278277965912813,0.0178696992748806,0.123805112946703,0.0634390436852081,"E02000518"
1.23179695587022,0.0113902048473822,0.00433308344344345,0.0257138199630059,0.0077251782471595,0.00868529733949609,0.015794117809878,0.0169160836999363,0.0298954528982245,0.0171748932243801,0.1285954000805,0.0610906128892887,"E02000519"
1.27753503790227,0.011923913176343,0.00465018962977339,0.0286439371078314,0.00816967719649648,0.00915058936692769,0.0168814766898575,0.0200121026121005,0.0298146674898509,0.0184590234352716,0.132773613992899,0.0708742552786529,"E02000520"
1.3307255483908,0.0123149831358455,0.00496285990998295,0.0316550721886814,0.00859131725258423,0.00945585983799219,0.0175939652783067,0.0225972645078923,0.0295856485298374,0.0195579572755229,0.138007853622655,0.0830846058621968,"E02000521"
1.31275679070447,0.0120578643236648,0.00496393425246131,0.032330920375949,0.00861670199070128,0.00941567292054963,0.0170853587770848,0.0229163772214752,0.0289107145176967,0.0195672247418771,0.135868175981259,0.0832177994931615,"E02000522"
1.37605635792112,0.0130160085587308,0.00502393794991426,0.0308308705945177,0.0087376318240337,0.00966205369325518,0.0184067851393549,0.0224625530143111,0.030647713254858,0.0198667929822541,0.143010001218687,0.0883976256861353,"E02000523"
1.52742077505851,0.0148218048237535,0.0058225303070005,0.0393201450490263,0.00966165054937248,0.0105868204996802,0.0211212288882104,0.0275358410479815,0.0312952314445648,0.0234790000175964,0.157704966716589,0.11780317136076,"E02000524"
1.46883840312637,0.0144420295886725,0.00544702207049066,0.0340925592175189,0.00932615655525597,0.010317117290181,0.0199151867149803,0.0253144947617457,0.0313987896278713,0.0215096135980573,0.152125806891874,0.107328050716826,"E02000525"
2.70904178319917,0.0216976207805151,0.0419461955779256,0.0497882946635769,0.0175431341112018,0.022583029611035,0.0282721664327933,0.0283470257835814,0.036978794966726,0.0268967087600407,0.267951239816671,0.254579764616856,"E02000526"
1.51283823362914,0.0154105645741057,0.00534232749816242,0.0290853514544301,0.00930724281304026,0.0108401757325935,0.0186757490752186,0.0238073853080509,0.0334907080409556,0.0197066796033418,0.157573464638626,0.108513398095317,"E02000529"
1.44550089387263,0.0144156451285278,0.00523494282539168,0.0304604727340862,0.00915255378886651,0.0102368753295607,0.0190719067384586,0.0234065763149334,0.0318484016391975,0.0202297270230918,0.15011101420905,0.102909691620246,"E02000530"
2.10598142368578,0.0205157357386748,0.00650694849657813,0.0332741285598747,0.0112394447423486,0.015256677422142,0.0183703481865412,0.028239834919874,0.0589335029640429,0.0206781775327216,0.222683928454599,0.149483109347788,"E02000531"
2.6161767914526,0.0233093632978727,0.0377780389661238,0.0515543829402525,0.0187925100191686,0.0230672046942256,0.0282615936862636,0.0359734439186235,0.0459350190682299,0.0282523292087264,0.257551476330828,0.279158633800258,"E02000532"
1.24416779853627,0.0111329258242135,0.00659002502057521,0.0201382287266739,0.00961058213772006,0.0124242390399531,0.014312080975825,0.0188372521593561,0.0385359357331852,0.0150863097039777,0.128163309039222,5.70286973756241e-05,"E02000533"
1.92110233400949,0.0175581395502665,0.00566823099575171,0.0290688380551883,0.00948139340797526,0.0125006585054796,0.017380078705727,0.0248288372171993,0.0455621552320634,0.0188139142385648,0.204660921951717,0.114837758692209,"E02000534"
1.51479577743974,0.0160434088055391,0.00567195140606832,0.0337192922896514,0.00973151049008843,0.0112868909227571,0.0201252783347095,0.0272544667615507,0.0327394941295799,0.0216243572768291,0.156110965020698,0.117702760202132,"E02000535"
1.54874371127826,0.0167977289631802,0.00583735994027949,0.0334395706917591,0.00992465408786595,0.0119903869811691,0.0196362490585357,0.0293117088904657,0.0339868780009967,0.0214502204370218,0.159381310347416,0.123297095751258,"E02000536"
1.6911346767818,0.0174470916487528,0.00594618965062273,0.0317463353260474,0.0099076054807072,0.0125791134930278,0.0187344858894342,0.0298190741925342,0.037395735000763,0.0206207403000859,0.176356126310814,0.123992919313403,"E02000537"
1.53925741554427,0.0164278162992066,0.00590838733186177,0.0376068179789369,0.00997118405506386,0.0114977547684069,0.0210606548973165,0.0287995785288139,0.0324678376308324,0.0230393498917646,0.157915979707293,0.124430126809153,"E02000538"
1.96112684273911,0.0201376886302978,0.00666355936746008,0.0346977808930442,0.0109767112087593,0.0145494186375973,0.0182586774482334,0.0344908649637666,0.0482431316715618,0.0219162364982439,0.205466184778182,0.148235239535267,"E02000539"
1.74598703457048,0.0186714442432758,0.00642401175252919,0.0353107524049465,0.0105150519748154,0.0137572132213179,0.0188936616101806,0.0343672957331303,0.0390777470570507,0.0220278744350192,0.180796151908756,0.136260024312319,"E02000540"
1.5492466401175,0.0170659231621376,0.00605063516056932,0.038053537728442,0.0101903544221782,0.0121057244718349,0.0208993067599046,0.0305142280741717,0.033023109377285,0.023207027073583,0.158230350494374,0.129138892444745,"E02000541"
1.55195327319476,0.0173788003300948,0.00610931485783722,0.0370218319558312,0.0102851105329929,0.0125517627229609,0.0200745001829002,0.0318523904824617,0.0337736191713185,0.0227875084983184,0.158274850917682,0.131145893817091,"E02000542"
1.60415368578356,0.0181464041072089,0.00641845677632877,0.038604831239652,0.0106516342668268,0.013481229865494,0.0196938851453183,0.0347402375673321,0.0352676690086337,0.023275721522234,0.163236752562383,0.137242907805095,"E02000543"
1.77869630687627,0.0195060555887539,0.00684511131398173,0.0407721447883253,0.0112103299072364,0.0147594585121942,0.0193670339210925,0.0377229983219629,0.0391337445183104,0.0240970586522467,0.182543892885475,0.145917146570922,"E02000544"
1.97383608139507,0.0205901674018229,0.00705754348754227,0.0399294677893744,0.0118539712803857,0.0151332629309084,0.0185924106031834,0.0380713173883574,0.0467459577390527,0.0243160162191401,0.205222712321986,0.159391231388033,"E02000545"
1.59592645567002,0.0180835329005953,0.00654096379219592,0.0432089108434772,0.0108348746168374,0.0132876181925537,0.0209051290733474,0.0341281557597347,0.0337237666589744,0.0249183459122523,0.161454972659533,0.142969566477374,"E02000546"
1.60891864352817,0.0175598564229699,0.00642389134976173,0.0439982463774689,0.0105210252302532,0.0122957062895999,0.0220872710331467,0.0313416535125349,0.0328725358392064,0.0255234298480218,0.163882592382631,0.141033409615933,"E02000547"
1.68057580620924,0.0180323335292436,0.00688707128296834,0.0492103612231521,0.0108563194368803,0.0125454771626704,0.0231141724920651,0.0319949064270509,0.0331861281615606,0.0279443183374807,0.17103904486113,0.15825923686262,"E02000548"
1.65553497701454,0.0184508458331828,0.00699500124577365,0.0488900213386621,0.0112435119332188,0.0136190545349287,0.0219346554736749,0.0344761804320613,0.0337711765903486,0.027032758688923,0.167133621286987,0.157792649289525,"E02000549"
1.68967703421832,0.0184931705363068,0.007149892415855,0.0508306502363596,0.0112448004023035,0.0133465983663788,0.0227249068203661,0.0336805451038107,0.0337010361965415,0.0281767169667425,0.171022547503123,0.164428456361287,"E02000550"
1.70019465905032,0.0185217273137821,0.00751315635984483,0.052150733504329,0.0118645159678403,0.0143064871083534,0.0215586326149213,0.0356159675023039,0.0346712457435611,0.0280790367644122,0.171317664375072,0.173916116648234,"E02000551"
1.71448033223116,0.0183786907813669,0.00738417941345448,0.0522802839581802,0.0113674245377876,0.0133283157708737,0.0226115172247783,0.0333783179125978,0.0338956017701431,0.0289380436846093,0.173812975085344,0.17607742640418,"E02000552"
1.75170382698933,0.0186799363169213,0.0080424838304323,0.0556546787497968,0.0123008878211424,0.0144917933933161,0.02236303117398,0.035653226551463,0.0350557290244277,0.0299206069114639,0.176404739032132,0.192082531452246,"E02000553"
1.9533761714815,0.0127498090075417,0.014380615661494,0.0448020864896442,0.0101883630002107,0.0101575560861189,0.0225456977210679,0.0314120749137858,0.0392000861653098,0.0220987955971431,0.206180922591799,0.0869024048502638,"E02000554"
1.78554577907374,0.0110834289115924,0.0126026366858549,0.0381978618436161,0.00975870985850191,0.00918992435180725,0.0217232468200264,0.030116420314456,0.0322254201845169,0.0211848911921462,0.188758658752382,0.0726265133776892,"E02000555"
1.76823353013563,0.0120889151678999,0.0122132982969036,0.0408242420781959,0.0090256390286008,0.00934075019989866,0.0203467543998752,0.0298885668814283,0.0319698232672988,0.021776125297563,0.18652729990972,0.0711280471168242,"E02000556"
1.51840897822086,0.00967802257356525,0.0107911768324814,0.0257420300153252,0.00845133962903702,0.00780438743729345,0.0189480113102371,0.0255583498141329,0.0238752756591545,0.0198361684526675,0.160739156788007,0.0520268204078287,"E02000557"
1.60226899413191,0.0118213750353631,0.0099290117201146,0.0382854587228192,0.00827744972592257,0.00879384802647197,0.0189978388266543,0.0292482030078149,0.0275912653905866,0.0199992380317028,0.168603667707968,0.061832648603407,"E02000558"
1.55081566197309,0.0123124934239126,0.00849787996763035,0.038951687196464,0.00812902065154642,0.00919975887495317,0.0190608698479737,0.0292544465300357,0.0279382816203633,0.0187530086329854,0.162693422098415,0.064633339508871,"E02000559"
1.43389170637112,0.010203444489476,0.00939884903032687,0.0313296056781379,0.00787938622489971,0.00782566779088291,0.0177841100243462,0.0286260753793456,0.0236846503008035,0.0194453486068407,0.150567080949299,0.0491479379173417,"E02000560"
1.29090745304262,0.00890207049445333,0.00954253502924689,0.0215207172733108,0.00742260236979176,0.00704245686881692,0.0162158082936336,0.0243552930633367,0.0198897572388954,0.0187647873794725,0.135704621905741,0.0394492717883962,"E02000561"
1.48634971889102,0.0123087588707619,0.00756809061506396,0.0387465544563126,0.00803540844157805,0.00910548361418912,0.0194614606459995,0.0303515734096924,0.0260178993010246,0.0170610500749731,0.155231434621565,0.0591103388842127,"E02000562"
1.1283411012381,0.00860095805449706,0.00823452858205219,0.0195776216324815,0.00707912073980451,0.00665081476497514,0.0149910982738422,0.0246681701046522,0.0174693659849339,0.0178975613995902,0.117340016433078,0.0303077166620774,"E02000563"
1.17764841740475,0.00930720672133208,0.00700610316816241,0.0261240215765003,0.0072955312481078,0.00708984849050143,0.0160801469493469,0.0279551123232195,0.0201696862727701,0.0170646825505745,0.122296274067541,0.0367706720401633,"E02000564"
1.64477071444589,0.0131994802301584,0.00746632567489254,0.0423544731844304,0.00840927489559907,0.0105370037480153,0.0208741621009202,0.033394794266586,0.0284048962155094,0.0153472668202147,0.172628107219301,0.066860068712141,"E02000565"
1.18400679274645,0.00974242578512493,0.00644138605125943,0.0310654460785698,0.00734134601871798,0.00724868041450011,0.0166509677577515,0.0289988255417328,0.0207092644542353,0.0158601098111022,0.122354238686773,0.0373351626542106,"E02000566"
1.44941768731111,0.0118518954065531,0.00688552045950523,0.0396013433675933,0.0078825518071134,0.0090721470794529,0.0189728053069503,0.033219623876988,0.0244881212703406,0.0142349286055461,0.151049022388787,0.0546879481381201,"E02000567"
1.00973889767273,0.00844935053416711,0.00635663379311444,0.0185643822245412,0.00696285626241007,0.00648975555158029,0.0144976910846281,0.0268505161150111,0.0158518816067454,0.016878843067681,0.10384620115253,0.0245839482067871,"E02000568"
1.215398788695,0.00984757293706588,0.00612006762176824,0.033405339634928,0.00733219364568768,0.0075180939153306,0.01671111670139,0.0304087110094642,0.0213935552557606,0.0141017980682379,0.125799745302031,0.0406596681353107,"E02000569"
1.05856088889533,0.0087169538147754,0.00563500643108624,0.0219355128071935,0.00708025192408271,0.00682126863610615,0.0152559652944842,0.0296624634377568,0.0178651055778646,0.0153612006954924,0.109198875766407,0.0291241355402032,"E02000570"
1.30591738127615,0.010378593692382,0.00639366164985565,0.0378694434598322,0.00761714050472622,0.00792529173110713,0.0170734268889898,0.033376737722019,0.0223109215778073,0.0135319519035963,0.135293515644087,0.0448664259742748,"E02000571"
1.03453504770463,0.00873239836988257,0.00575608222634205,0.0185026484740961,0.00707084734354701,0.00666299361522145,0.0147605783407064,0.0301499175349264,0.0156422644312523,0.0162703490618042,0.106513240835217,0.0254916391018164,"E02000572"
1.18312407098407,0.0093732058306993,0.00563446326844693,0.0263340515523654,0.00728435036301563,0.00737235708575385,0.0159515636948926,0.0329037766568915,0.0198722123058347,0.0140272027463607,0.122957354911992,0.0374888371921249,"E02000573"
1.10830561045411,0.00922758370585651,0.00557594642882409,0.0194754073845649,0.00720322028849438,0.007002734679295,0.0151687865733933,0.0323085930640347,0.0164738769522716,0.0150115630176324,0.114857935507707,0.0317345995703303,"E02000574"
1.29905542480759,0.010823340610443,0.00597820382320558,0.0249267305648731,0.00761419381634142,0.00787377302805447,0.0166320830387125,0.037175139865931,0.0202011843038741,0.0137148101097484,0.135570714833164,0.0471330250379963,"E02000575"
1.50145690102917,0.0123198560587539,0.00693563559633988,0.0413119714945733,0.00822818630229815,0.00890734962633771,0.0183551876171259,0.0393190432076378,0.0247947381216786,0.0131754865698262,0.156300281103219,0.062501962008002,"E02000576"
2.04696577433735,0.0140389801585985,0.0206809658531887,0.0318888037568461,0.013623892351257,0.012786504261104,0.0279498996236626,0.0164744269499648,0.0234909372575826,0.0205304814345066,0.212711829784448,0.124618119541871,"E02000577"
2.14172789083926,0.0153049842108972,0.0199618316303755,0.0339427560592619,0.0143459718982,0.0142227700399523,0.0270753519839869,0.0181986975236741,0.0248347728705256,0.0215776275011959,0.222973809029069,0.13968530431519,"E02000578"
2.28272967282448,0.0161915828176364,0.0271475050465737,0.0382346065897141,0.0146735213671806,0.0156846816106107,0.0276787384860477,0.0198736127140035,0.0259094046851142,0.0223720610653466,0.234421319867241,0.1487002867241,"E02000579"
2.13274430788653,0.0140579395089491,0.0227659883629392,0.0327513938328175,0.013499166540635,0.0131888350096459,0.0304335658932946,0.0168092888624447,0.0236495148426512,0.0211434217230586,0.221668248225108,0.126734512803567,"E02000580"
2.36636973759322,0.0165671708045081,0.0313901700830561,0.0403839717809251,0.0146849227061056,0.0162376156767684,0.0293418396248945,0.0206601937226178,0.0263963558984388,0.0226363303543698,0.241064355031109,0.157753036448707,"E02000581"
2.2083263007469,0.0148163306860135,0.0220074909018205,0.0331956068512638,0.0139949512822877,0.0135394545210455,0.0323439462410634,0.0184622938399961,0.0240022331443042,0.0227209319745544,0.230206857729704,0.136214891529276,"E02000582"
2.3678015913354,0.0164593659060607,0.0295861623930883,0.0391234482910425,0.0146759206869102,0.0158569140608822,0.0315151068162321,0.0204425440702428,0.0259937575224452,0.0227324091857945,0.242689694783368,0.158342341733701,"E02000583"
1.30786664284388,0.00964121024279775,0.0114226414309108,0.0204563248963204,0.00869637226976679,0.00738492818880443,0.024404389297323,0.0161596106932411,0.0138436782252544,0.0219540233568954,0.135310405516059,5.93806858982225e-05,"E02000584"
1.41133756053576,0.0100968058076363,0.0153698290752173,0.0224031851060849,0.00882678535835761,0.0100681585063528,0.0234502608627889,0.0147141138211679,0.0145671781256812,0.0171221473605952,0.145218648419072,5.49376652812076e-05,"E02000585"
1.2625059112358,0.010176823769404,0.0109698791924492,0.0199760077360384,0.00855164172170773,0.00794442774245147,0.022224988236494,0.0261435199386453,0.0137454501397207,0.021613994457634,0.129558436598818,5.92697506695834e-05,"E02000586"
1.43986761016293,0.0108610844523328,0.0146375293863642,0.0226595984929836,0.00927330370135433,0.011680709253228,0.0246490809395952,0.0220990866663036,0.0147346829037049,0.0220253228945436,0.147428338424652,5.94240550981716e-05,"E02000587"
1.1480797907963,0.00957532725567874,0.00929134153044198,0.0172475497453971,0.00855328498927096,0.00701141306745244,0.0169749859290064,0.0332086283666163,0.0127791231808101,0.0158469644879322,0.117078705415599,6.5721074757952e-05,"E02000588"
1.42366953117967,0.0113805590467566,0.0140269806400975,0.0227173499753873,0.00922820621413968,0.0125113705718584,0.0236481365162927,0.0296644574748624,0.0146883686897641,0.0229225189158203,0.144982785722577,6.15528254869842e-05,"E02000589"
1.27928145370498,0.0110350045335774,0.0106250738169119,0.0205748748805347,0.00915212566702539,0.00986291478050605,0.0196361077730754,0.0345782379803703,0.013681889676891,0.0172682814777961,0.130110440097482,6.66295775755087e-05,"E02000590"
1.54686752505684,0.0117786361417058,0.0180184549772204,0.0240289657558676,0.00988619728820553,0.0144199119912607,0.0247105217781168,0.0263438339201553,0.0155097864199002,0.0226074211863939,0.156431162492037,5.96806101427684e-05,"E02000591"
1.35454336420509,0.0114050307586751,0.0123779052846858,0.0220551175899521,0.00907726602930894,0.0116056831788401,0.0215993558647486,0.0328216048781674,0.0142901638410314,0.020641286615435,0.13777228365074,6.35978973237656e-05,"E02000592"
1.57506527378723,0.0126840169522865,0.0183546859183928,0.0248112024688895,0.0101576589202833,0.0150929942574201,0.0238445320423064,0.032645443437484,0.0157300375089475,0.0237731089854846,0.15843673447774,6.18039946869683e-05,"E02000593"
1.31513531465444,0.0123799365800187,0.0111706254642019,0.0223944274610795,0.00956663312059828,0.0110110470343095,0.0176842506701122,0.0327522781870124,0.0141568386695521,0.0142904045510973,0.133235158103212,6.92880844858236e-05,"E02000594"
1.49421024496663,0.0130180012847381,0.0144683269065873,0.0241158764465422,0.0105320178410491,0.0130086356480951,0.0197350932808403,0.0342423430001553,0.0151271068586723,0.0173887451341993,0.151429945282946,6.5772088580281e-05,"E02000595"
1.54619322036052,0.0129677457079983,0.01714334855201,0.0247974361346747,0.0102770996628174,0.0138599165514761,0.0214256933026818,0.0333128322557764,0.0156227831232951,0.0216439594755569,0.156022348839217,6.16669226124771e-05,"E02000596"
1.77311854021322,0.0145663356417019,0.0222340030424491,0.0288673344722007,0.0122233929406197,0.0138173969171569,0.0212464888193051,0.0336739463195551,0.0171735146009561,0.0207053524682533,0.178026315689929,6.34713074584035e-05,"E02000597"
2.02782646586849,0.0203413655832951,0.0111665294257258,0.0739069753484122,0.0138238357591179,0.0144807067199966,0.0209838557983542,0.0301403559823763,0.0540681967755237,0.0293978340230225,0.205005243353176,0.146584678942923,"E02000598"
2.22741306371428,0.023510708866807,0.0222937615098452,0.0982535464719757,0.0138876491297277,0.0134965574400325,0.0216892634846734,0.0302009357355006,0.0702484177787801,0.0286257146781766,0.218715684718718,0.169627747888097,"E02000599"
2.07236514141597,0.0214967723552191,0.0151059795257002,0.0859037113747626,0.0135232051851287,0.0135740872031656,0.0210780690548162,0.029342733367718,0.0611601703856219,0.0278856707581413,0.206607952183061,0.150236428291641,"E02000600"
2.00293901921582,0.0203405441492465,0.0120866805265864,0.0793282848512373,0.0134810963654409,0.013487003618873,0.0208983035144873,0.0296830890717771,0.055578089796965,0.0278817956879271,0.201043297102125,0.141409918374129,"E02000601"
2.02865698720317,0.020448591485079,0.0140823357061891,0.0859962444746524,0.0132624249165487,0.0127035731018005,0.02113184881055,0.0299447883547923,0.0602746665607643,0.026982622097275,0.202470044902188,0.145086674539763,"E02000602"
2.1074890944206,0.0216312620443223,0.0212190798459375,0.096571232008205,0.0134225503984542,0.0123030120823378,0.0215142752880393,0.0300100138738628,0.0687299153955567,0.0272237740555921,0.206120111817866,0.148503802373012,"E02000603"
2.14817080778707,0.0215625064509268,0.0225044467463733,0.0962833087356231,0.0131193273488677,0.0108700802416813,0.0214438991756225,0.0291167491042747,0.0782420682639273,0.0268845319958628,0.211324754154195,0.134988090753745,"E02000604"
2.08725719053907,0.0216779110203765,0.0233752296253806,0.0982797181213527,0.0132258856099411,0.0112715461869256,0.0212688756728131,0.0297113290636742,0.0730870264242737,0.0264154941894204,0.202263975105226,0.143456232194208,"E02000605"
2.02788442209327,0.0199655802367315,0.0129391602972185,0.0843413103240769,0.0132488017162225,0.0125592050219461,0.0212065873678761,0.0306512392884483,0.0582907898824175,0.0267423754536603,0.203369032617493,0.143764462644552,"E02000606"
2.05590859342391,0.0204433228773611,0.017151540183335,0.0906931219685523,0.0131669724886565,0.0119277311450847,0.0211976148360178,0.0304914516533374,0.0658189205482117,0.0259657406605069,0.203877726965081,0.146022796538203,"E02000607"
2.04505406966572,0.019550573407065,0.0130990145938368,0.0852541287014814,0.0130102968397082,0.0119305178100055,0.0211071586143004,0.0311473790427379,0.0598846712950637,0.0256382573041119,0.205825411116668,0.146872140783146,"E02000608"
2.01872701690201,0.0211348888269556,0.0220256712571337,0.0918748223262412,0.0128450887646216,0.010424299405441,0.0207912230892801,0.0293676043346459,0.0771267295238695,0.02520090828395,0.196542372853513,0.133783184979738,"E02000609"
2.08150866398837,0.0198583297775166,0.0147733577606187,0.0873760378582581,0.0130924154948195,0.0116867191650862,0.0211356244508385,0.0314979830231171,0.0641743639516478,0.0253319308065137,0.20915382158339,0.148709112107255,"E02000610"
2.06547521522174,0.0208407445097074,0.0215703498114682,0.0941668460337129,0.0130561611805801,0.0110990966602862,0.0209002810641887,0.0305139752621652,0.0721999233285981,0.02520256682965,0.202155238323338,0.143346600386315,"E02000611"
1.94571836719952,0.0195400345092965,0.0184808810168459,0.0818360957224018,0.0120019789068625,0.00979858360919056,0.0203960767035309,0.0282052413011711,0.0774641318062878,0.024312217163721,0.193204373129553,0.118723587087822,"E02000612"
2.10788607175571,0.0200648138421541,0.016297874246053,0.0881505523814316,0.0131006061745365,0.0113843314710721,0.0210202414130166,0.0317759262977327,0.0677177525408355,0.0250228107572881,0.211633430984653,0.150375392746592,"E02000613"
2.1138320045934,0.0210380693671382,0.0234877390718894,0.0940145940172923,0.0132062379704146,0.0108040670992598,0.0208237470552813,0.0313102931773061,0.0775893900423816,0.0249016808541462,0.207114738278319,0.143587134726212,"E02000614"
2.16520658800923,0.0202041958362335,0.0171411869955665,0.0881813699858105,0.0132206545283151,0.0112865884578201,0.0210219796923029,0.0325399236972953,0.0706504602421621,0.0249493308574266,0.21825946923099,0.154811300754133,"E02000615"
2.15681103913257,0.0201024852229647,0.0211270741623693,0.0897844969491589,0.013093038293568,0.010816274891886,0.0206856840382338,0.0321260958884105,0.0765677048811483,0.0244748923162791,0.215408921737133,0.150430318542652,"E02000616"
2.29452398018391,0.0201968506730233,0.0193594749032698,0.08882728438725,0.0134986447944582,0.0113238888779944,0.0211368195778676,0.0341755183780013,0.0767055921460006,0.0249078013027364,0.233036582404764,0.168601977725699,"E02000617"
1.9012484481315,0.0183476586587495,0.00909150304156621,0.0406254911981469,0.0129853097576887,0.0116820239920398,0.0209730508452844,0.0389154701949142,0.0285259261844822,0.0167013082712137,0.197034274819634,0.117752112279497,"E02000619"
1.98488430828942,0.0198884957197154,0.0103269041184772,0.044268365675741,0.013563978702483,0.012348669275159,0.0219205660417494,0.0392586101728716,0.0306527511408409,0.0181218581532001,0.204845718782847,0.128766767425545,"E02000620"
2.0468482101207,0.0214637781290837,0.013991943313044,0.046271732842604,0.0133709158953849,0.0129558670084527,0.0223683441077826,0.0378954439361134,0.0310775067038029,0.0187535421439553,0.210013308586297,0.13929100594221,"E02000621"
1.98352954391494,0.0216962707294579,0.0109659143663432,0.0502236431304041,0.012952690204144,0.0124668522754574,0.0217587868382638,0.0372917067080352,0.0361109811582595,0.0179176502321323,0.20327707695339,0.131205006223688,"E02000622"
2.14944252450055,0.022913312968674,0.0195878020579584,0.0506144421825583,0.0129237741858212,0.0130603183917505,0.0221855374753254,0.0365075657134005,0.0337633496209068,0.0187090483048547,0.219116061690023,0.139011766675592,"E02000623"
1.97650255154997,0.0229495155630121,0.0138968809948045,0.0517435379666874,0.0124215508631423,0.0124016688056939,0.0213018701925842,0.035538722273521,0.0379463561105816,0.017719822691923,0.200866358251569,0.127893263990205,"E02000624"
2.24324492316283,0.024532137679938,0.0240672288875326,0.0544725088552751,0.0127862378703535,0.0136902080865804,0.0222767365679944,0.0355716646004715,0.0355337264614035,0.0186390248611167,0.226634817986304,0.141187639872364,"E02000625"
1.98417159635934,0.0227439787886984,0.0156525412303245,0.0511271857915628,0.0119065444307044,0.0118789345981,0.020203534528407,0.0338150120307119,0.0404164503803526,0.016581374441044,0.202007416293919,0.115484708460172,"E02000626"
2.16119411938223,0.0248105899363673,0.0239247808628053,0.0555908074855768,0.0119993268523743,0.012800328977563,0.0211005763422308,0.0337191146421445,0.0383445889823572,0.0175656025512029,0.217093341486802,0.123063994678133,"E02000627"
2.13833169883086,0.0241341900215315,0.0237738127848814,0.0546297810209678,0.0115542739156004,0.0119300568822988,0.0200407837683527,0.032608453575626,0.0397981712041149,0.0166937178119479,0.215554869460269,0.110473227693552,"E02000628"
2.26866707742902,0.0259637152693323,0.0248019245939588,0.0582306183258769,0.0128494922779998,0.0142432643769018,0.022284456254175,0.034603928703619,0.0375148205454587,0.0183125143063451,0.227767912497041,0.138465427509854,"E02000629"
2.3776702034403,0.0261724177364515,0.0248344295509466,0.061464910395286,0.0139225271478388,0.0152175147219431,0.0227442400201996,0.0346091590917473,0.037121862277578,0.018826064453581,0.239847975669673,0.154084441790323,"E02000630"
2.19341340106236,0.0211089587095059,0.0221612484956354,0.0480603430309957,0.0110587672683213,0.0109335650866918,0.0186560993759816,0.0307240281477432,0.0417175773084904,0.0149648937124274,0.226648826929349,0.095865599220189,"E02000631"
2.16524217699697,0.0247948621596937,0.0213456780018175,0.054597734802245,0.0117131654541168,0.0123506286112737,0.0205092465864378,0.0318427416947732,0.039911012446146,0.0168162231862991,0.219774414698162,0.11109830655754,"E02000632"
2.21390799908614,0.023933651344305,0.0210358283320736,0.0516786220195501,0.0110939522886748,0.0113439604497757,0.0193146484651163,0.0304817575832455,0.0411102806384939,0.0159430584556686,0.227484825537078,0.0969218546016584,"E02000633"
2.27474993403842,0.0250639791026907,0.0211178992483734,0.0571638556792557,0.012379980272877,0.0128710089933374,0.0209548526317603,0.0318664765085927,0.0394311735342284,0.0170142830853917,0.232406468628232,0.115610297484585,"E02000634"
2.59727780254717,0.0204837626782132,0.0189931792151128,0.0425080289188598,0.00967148197104849,0.00964172546200541,0.0164310417827433,0.0256482465874142,0.0430198342429266,0.013324276401762,0.277948473670526,0.0812000322233507,"E02000635"
2.70879804373268,0.0244215535577352,0.0202788250551057,0.0586377097927811,0.0130138112585889,0.0125751819288413,0.0204358690726984,0.0304978225168463,0.0397410454052186,0.016388321081499,0.285255547046682,0.108969156409844,"E02000636"
2.60423680023656,0.0212130179584354,0.0166607285089764,0.0456775933550833,0.0100606254116115,0.00986338604301149,0.0170166134515012,0.026077444258614,0.04278051345396,0.0138929199789742,0.278978059809312,0.076284649536905,"E02000637"
2.60225235993248,0.02053827541739,0.0152864713425423,0.0466650842557406,0.0102004019591524,0.00968084437597381,0.0168595833359996,0.0252963355624772,0.0442682276718433,0.0135871494773846,0.279516217259177,0.00300325005995154,"E02000638"
2.69686692100628,0.0206717359908335,0.0149994530736942,0.0500788705373345,0.0108133070521724,0.00988489327360106,0.0173703012924709,0.0257171692567826,0.0483020593603836,0.0139079348632733,0.290071645096395,0.000431390534221382,"E02000639"
2.67582039770254,0.0199787451060291,0.01471807375957,0.0503910629842018,0.0109470005688295,0.00977900013494434,0.0178333043409645,0.0256511103412011,0.0461996937858483,0.0140020556407735,0.287991078980393,0.0792964121832417,"E02000640"
2.67406801617313,0.0190990168033846,0.0138036753941716,0.0446985763652673,0.00955977525670423,0.00939111196112847,0.0167977165305507,0.0248491771252903,0.0586204187626006,0.0136317339260446,0.289414923393533,0.000259421834355644,"E02000641"
2.66248675311246,0.0162146309615075,0.013442449672615,0.0406929836847123,0.00911933767370957,0.00917311085075283,0.017214018839642,0.0242580101500327,0.0665346239189067,0.0132552804510206,0.289714260178887,0.000242820651886811,"E02000642"
2.62185923465842,0.0175027211414975,0.0127235764883259,0.048921002244843,0.00972819880466251,0.00934874743828346,0.0175037239645756,0.0250953434423733,0.0631587556176283,0.0142228562884073,0.283883520844413,0.000254035159181361,"E02000643"
2.66439887139227,0.0157980859971471,0.0118360015026294,0.0475645402059016,0.00927888563246507,0.00926703787846849,0.0177902881771229,0.0246525104918708,0.0672041472629651,0.0140001846360597,0.289889550475446,0.00023350037325917,"E02000644"
2.82919915189232,0.0148655986939706,0.0116702249856538,0.0504809270964276,0.00951034692466057,0.00968634505388185,0.0196796536726397,0.0249577354721179,0.0651613392894159,0.0140311534214906,0.30877566911688,0.00022818544475353,"E02000645"
2.65028160194805,0.016945293592917,0.0124377541407761,0.0552508113079677,0.00985281798070272,0.00952649354932301,0.0186761113764134,0.0262258694321551,0.0722461576929544,0.0151836690936605,0.286659855384922,0.00023678798017413,"E02000646"
2.69944151460181,0.0142613821490121,0.010880520829659,0.0548052368378095,0.00936123998479416,0.0093112554176992,0.0202837241100373,0.0256688687120082,0.060197157209569,0.0148031700285034,0.293794050567957,0.000219720981829733,"E02000647"
2.79914594173257,0.0135486596819165,0.0106425048545714,0.0558355775718436,0.00949522745001376,0.0095410001904473,0.0215962315908817,0.0254139488933496,0.0570452940535541,0.0145994175286034,0.305334928600091,0.000217097466385652,"E02000648"
2.6217371019189,0.0146045819370809,0.0113138050470539,0.0593551611685711,0.00939359808144632,0.00937502916588839,0.0208726241451564,0.0270381760041057,0.0616507663900192,0.0162878052465926,0.284019991898953,0.00020937865492326,"E02000649"
2.89547847990515,0.0134117435846399,0.0108684936278214,0.0593989994878721,0.00988356829870287,0.0100250536665255,0.0236398722101368,0.0268745389739436,0.0565974668562897,0.015245989371184,0.31575759369367,0.000215629874106039,"E02000650"
2.69224165297097,0.0139163044300589,0.0109179650416993,0.0648237462926392,0.00917812377346601,0.0093076702729045,0.0238644864748928,0.0279767675423069,0.0568663251074924,0.0177416071250011,0.291756718039339,0.000198705839881463,"E02000651"
2.83580478257336,0.0144144201665912,0.0115194413976758,0.0762300399201607,0.00929989013859958,0.00976408759495968,0.0258153786984158,0.0290149292413267,0.0571179276590943,0.0212135358625424,0.306509783263863,0.00019701252810508,"E02000652"
2.41872787076478,0.0151748651123401,0.00802637961626967,0.0490449568959909,0.0102356040859991,0.0148086287284433,0.0271150640705418,0.0355848565066394,0.0530913029973447,0.0130881418439948,0.260267998473683,0.129784148640571,"E02000653"
2.57024866875079,0.0151069307384279,0.00828078258370889,0.048299834474386,0.0105507424777445,0.0148074286853124,0.0276567955056984,0.0346120285230715,0.0525814033966534,0.0134511276635319,0.277852048333268,0.131281169993151,"E02000654"
2.40338098520091,0.0150956540731909,0.00748998288170356,0.0468523299647234,0.0105280462875344,0.0147346400113675,0.0252468457983931,0.0341948976286546,0.0599965928340225,0.0139196968116472,0.258790089410395,0.12597312747058,"E02000655"
2.68568726093822,0.0150149979025464,0.0076135386754749,0.0419451445104934,0.0109370494867825,0.0129126821899143,0.0259521619635383,0.0319565337364388,0.0654117197195177,0.0147946967998105,0.292100923295746,0.110931647282888,"E02000657"
2.51262586698514,0.0152179532628556,0.007117710360914,0.0429354338880032,0.0108241636423283,0.0133997853454711,0.0247585093381938,0.0322390591839173,0.0634938923053375,0.0148560532786086,0.271963574214181,0.109444673931368,"E02000658"
2.43681321728927,0.0145832131605549,0.00865920805099989,0.0456341466865606,0.012173008245324,0.0130929250674044,0.0268579111596694,0.0320311409151272,0.0444223699827142,0.0146404697698051,0.262432601929521,0.133061429658023,"E02000659"
2.55524170665608,0.0144481174568176,0.00732501769325187,0.0371940334157155,0.0109202988579352,0.011684178910512,0.0251815209767811,0.0309759343059969,0.0699392310327425,0.0149149665966151,0.277827546167253,0.00159496397833968,"E02000660"
2.50793067819848,0.0154525856399663,0.00988958311119758,0.0637863877101677,0.0127842812166805,0.0144103506969216,0.0278155831134885,0.0339068719334387,0.0359108240820437,0.0159283089280091,0.267611674469328,0.15713696731479,"E02000661"
2.5093913389039,0.0152447784859913,0.00723921860254269,0.0390803556952543,0.0104205015545769,0.0114550538748011,0.0246018284199308,0.0299601074797911,0.0622337851447998,0.0146559701166486,0.272349086214722,0.000306317765933067,"E02000662"
2.57347388399334,0.0150827260960518,0.00791515080535179,0.0387234489250655,0.0116835560812405,0.0117170172733539,0.0259255679930871,0.031618281140992,0.0738147874974225,0.0156234639634515,0.279130371608354,0.000311284464040935,"E02000663"
2.44826099658916,0.0150676017630632,0.00936328718488524,0.0559670335086225,0.0130949705023904,0.0131053965345448,0.0262645080417032,0.0334824986669536,0.0616579522745747,0.0163301339352747,0.261788397118182,0.110290983785221,"E02000665"
2.71807530329264,0.0164091584705891,0.00879518380065818,0.0417905455592952,0.0119083701661337,0.0116422663842179,0.0263613096942644,0.0320730996886804,0.0738611630031824,0.0166763190913256,0.294850373156945,0.000210747384069482,"E02000666"
2.73020235140393,0.0170548794833785,0.0113804878937501,0.0441659338733122,0.0118196162899463,0.0115455474643748,0.0262780821609191,0.031169369850849,0.0683549568236809,0.0161061859089585,0.295417483429752,0.000186792816057558,"E02000667"
2.62167359233346,0.0162594386150892,0.0105657768722928,0.0781460378549513,0.0136566843603964,0.0135797891342355,0.0258911353565507,0.0345411267662165,0.0783605008694912,0.0182575009444657,0.278180468125948,0.126918106050667,"E02000668"
2.80929023945657,0.0176385758513205,0.0113075215736451,0.0663421542065053,0.0139948868464901,0.0132992762433998,0.0274436473591739,0.0355093226970901,0.0918135402071537,0.0190891420013366,0.300872271198977,0.000250491729901817,"E02000669"
2.90927158217036,0.017645057889595,0.0127002566027003,0.0613158488944752,0.0141600704057307,0.0129859310630153,0.0273159507113391,0.0352645455031756,0.0908861775443684,0.0197667203829881,0.312804449622028,0.000216335878271272,"E02000670"
2.89342058108336,0.0170531007467733,0.0199601126015722,0.0454592295355778,0.0127157489998831,0.011863145816573,0.0271536105995425,0.0313327089637823,0.0709152598126192,0.0161115325322202,0.310849252271204,0.00018007926203549,"E02000671"
2.99527539997709,0.0173016598722275,0.0149664763356556,0.0522381251100255,0.0137805549679627,0.0124367645202629,0.0272517381782355,0.0342801202112318,0.0819409467602002,0.0188299326102849,0.323398279549082,0.000193132577412778,"E02000672"
2.81591765771663,0.0163421252283818,0.0245628153028822,0.0427618992763534,0.0116754806003017,0.0115318927393363,0.0260718133449882,0.0281270999537824,0.0697678049461267,0.0143874731133109,0.300694978070646,0.000184755363127544,"E02000673"
2.92090034224767,0.0176382347852224,0.0138532672862478,0.0810817237955218,0.0149596890501452,0.0136560142860053,0.027149383163065,0.0364071299177636,0.0925530931296811,0.0210797067751073,0.310964466557471,0.000274860061349618,"E02000674"
3.1077807524392,0.0195360319589599,0.0157471053165729,0.127004638625173,0.0168901845995598,0.0151000065703549,0.026883798019751,0.0384554693017978,0.102053450575094,0.0250167778727423,0.322642568336629,0.198570418663397,"E02000675"
2.94762321733906,0.0161904120117905,0.0231186793046632,0.0472376145562918,0.0125228938860929,0.0117381513497547,0.0269019472915822,0.0312040552632093,0.0709577872021442,0.0165566451617575,0.316168924549501,0.000185271601468897,"E02000676"
3.12768629402747,0.0174714802320397,0.0188118675194846,0.0756702226026188,0.0155714814774034,0.0134660481169644,0.0276361366683967,0.0371579989907057,0.0929506861658455,0.0224449802747276,0.334084286765517,0.00023500754356002,"E02000677"
2.99437596531229,0.0178475557907458,0.0162549038096616,0.103504676034386,0.0165460648735929,0.0142330938783623,0.0267261082015992,0.0374316585839442,0.094692024281598,0.0241952403658685,0.314333664070859,0.00055139262484793,"E02000678"
3.13362900423931,0.0156594797849985,0.022774416458723,0.0544092583115918,0.0126376974723584,0.0118201883021569,0.0273341335127966,0.0318755097631415,0.07033332519963,0.0176056603571981,0.33780588885225,0.000192951705081703,"E02000679"
3.00022288997509,0.0149098083501837,0.0179424319952896,0.0496389636857813,0.0115102319369853,0.0113500692137637,0.0265292381627159,0.0284416660601693,0.0667572295856894,0.0151233233135047,0.325463150998617,0.000191945483899572,"E02000680"
3.39505257929585,0.0169919141595989,0.0298113996112237,0.0746466736312757,0.0151955746053958,0.0130372963601472,0.0282247500584518,0.0371292426211942,0.0866573538792796,0.0226828271637044,0.361404943983132,0.000209817698192055,"E02000681"
3.12113299490132,0.0173138861262863,0.0214959442912389,0.094544439853228,0.016179050336269,0.0136354851212724,0.0272947173536423,0.0382144854981276,0.0934427526881164,0.0247474507043072,0.32949502209993,0.000279057235199342,"E02000682"
3.42991843858385,0.0209159421335857,0.027270908796842,0.1618176679687,0.0213461311405568,0.0154248828722096,0.0271640449325297,0.0403760198635442,0.112021853098709,0.0329396215950228,0.346973468677134,0.206687155607019,"E02000683"
3.19947780600445,0.0144357775555307,0.0145463206640717,0.0613885541722826,0.0117111872341095,0.0112551241023324,0.026762261275995,0.0300108065693592,0.0608875050790497,0.016594812381434,0.348626419607651,0.000199318940327285,"E02000685"
3.21362498810603,0.0158952196724001,0.0230355624034656,0.100259239116668,0.014146204392619,0.0122868106552137,0.0267787079907308,0.0386910314135189,0.0771050419692415,0.0248819019609241,0.340947381681346,0.000238502397577995,"E02000686"
3.22562419742579,0.0145731829698886,0.0151191833313181,0.0698814177646405,0.0122162930024797,0.0114465303552074,0.0265560950209604,0.0328659338565755,0.0609143757006124,0.0191303025811789,0.350413384067653,0.000206273138951938,"E02000687"
2.91023747627189,0.0233300347656728,0.0171970041977829,0.080765371951071,0.0129761450756177,0.0122906562947922,0.0273739674875357,0.0296855251483565,0.0664893054800424,0.0294862716433898,0.308154957344491,0.00122869445411474,"E02000689"
2.54980039244545,0.0234697529370273,0.0181794919537638,0.0863396852810657,0.0138559894825287,0.012683545530587,0.0235996494602512,0.0301763471464213,0.0805963824102915,0.029163094656982,0.263173677818687,0.000848323560199901,"E02000690"
2.98344022312253,0.0230106312287215,0.016581816081968,0.09206643027631,0.0131800140838862,0.0115664160493898,0.029693966126783,0.0306024515324312,0.084135100043805,0.0311346284507304,0.315364157331975,0.000526722731972271,"E02000691"
2.84349010511566,0.0225845395738595,0.0180287099362783,0.0907631862376421,0.0139004215205565,0.0114903643356923,0.0266962901829013,0.0303048979160391,0.089353987255021,0.0302676159726546,0.298451317875277,0.000361321150057274,"E02000692"
2.94090607476007,0.0197886866306924,0.0138691794839086,0.0877534598046118,0.0109513320797594,0.0107973717599725,0.0265153704943858,0.0291199290195639,0.0655194883287821,0.0278220263818748,0.31426113558928,0.000302127612739966,"E02000693"
2.96210198119321,0.0212931359600001,0.0147890038688572,0.0905102776962159,0.0118122239546047,0.0108995925220021,0.0280351653835891,0.0296862660770201,0.073452105501859,0.0295826452091717,0.315099618865088,0.000418240368754626,"E02000694"
2.92147763962218,0.0160509130007328,0.0122112742197412,0.081263161038118,0.00974736503627243,0.0103302758952437,0.0255679300879075,0.0291071472518352,0.0588541576037202,0.0235235572455654,0.314979399619137,0.00020667692655065,"E02000695"
3.00688156050235,0.0183776821307921,0.0133147130565403,0.0920595526577326,0.010454147026659,0.010756669085839,0.0267648856330023,0.0297026885970245,0.0617121686724575,0.0273792003851671,0.322111444468501,0.000240810801799692,"E02000696"
2.87105891555357,0.0207266167471301,0.014761614844655,0.086392559530931,0.0121670149818274,0.0105311448216887,0.0273342064117348,0.0298866385177512,0.0776925924706784,0.0295486101432545,0.305076746332359,0.000464170581195066,"E02000697"
2.41242515976175,0.0217853270014616,0.0199767515425291,0.0920484602722845,0.0131699106034527,0.0110478271391638,0.0222628552267821,0.0287172618605083,0.0821877289678613,0.0282264580553377,0.246362908989598,0.000545248421740296,"E02000698"
2.66676911926638,0.0209334871772888,0.0160238013679075,0.0827238908265215,0.0127902544560015,0.0104935642393851,0.0244489747814551,0.0293781761197675,0.0849712396291886,0.0287409177258668,0.280745732108738,0.000374103709647804,"E02000699"
2.83061474510194,0.0181183089571892,0.0132541144144435,0.0880171534107117,0.010733245126672,0.0101978449121248,0.0272135603436001,0.0288410884205596,0.0620534048334193,0.0273474029811231,0.302147603181593,0.000333406400546296,"E02000700"
2.98376773552967,0.0160584003020289,0.0126000105627952,0.0923242784068294,0.00972145512164684,0.0102294975366346,0.0266404244217336,0.0293401291638485,0.0584796619070622,0.0257104606423395,0.320579747490246,0.000223459734033713,"E02000701"
2.84639705596199,0.0136238708149398,0.01182186320919,0.0887337416532567,0.00896002929043744,0.00944109925307177,0.0259685355051621,0.0282218910908756,0.0560204303264397,0.0224229102044519,0.30635456361344,0.000210655629485842,"E02000702"
2.64015647647296,0.018867628971003,0.0139270428214333,0.0769867037121566,0.0115672482801839,0.0100023573342067,0.0252135308833845,0.0289870847628531,0.0703478512525866,0.0274862263623823,0.280614562104011,0.000389589407337627,"E02000703"
2.38307377254913,0.0207509685433733,0.0176316354783613,0.0843063984454455,0.0124887153762608,0.010331527779251,0.0220738999736272,0.0283589070324417,0.0813855302594239,0.026976245004827,0.24619505712614,0.000401228970822757,"E02000704"
2.86037295223154,0.0136052401882824,0.0117003123959057,0.0873195268090758,0.00899799671053592,0.00945011556457616,0.0265224726199693,0.0283576268683086,0.0566097022133894,0.0216123327769008,0.308195887766622,0.000200629430233739,"E02000705"
2.83154618737824,0.0161036034198575,0.012583487756397,0.090213093242334,0.00978236822033226,0.00991160545318548,0.0266728756665093,0.0283008015373367,0.0583920975953569,0.0258102766186555,0.303136441594704,0.000274726754831986,"E02000706"
2.747980601473,0.0130191701479114,0.0113752236665631,0.0877368177049701,0.00879874811886008,0.00912252683643465,0.0257509433303186,0.0274891652999151,0.0558239701807983,0.019576836186492,0.295450018014175,0.000202651571465976,"E02000707"
2.18689424588897,0.0201726942818985,0.0176538468425774,0.0821927866794188,0.0120974836101792,0.0100442204819726,0.0212346454949314,0.0281170538457553,0.0805005541933666,0.0256045954900138,0.22312639910289,0.000475842361900228,"E02000708"
2.34177948862511,0.0180228716010039,0.0141315102463582,0.0720403753515179,0.0112442134832457,0.0097826399067319,0.0224795672991981,0.0281181496366304,0.0714004616339775,0.0253862325565879,0.246524091059075,0.000354917957099343,"E02000709"
2.70009722464524,0.014064764593126,0.0122101047806155,0.0893714987322266,0.00906022812365113,0.00936551775392775,0.026160773899423,0.0280384272812656,0.0559132717554503,0.0234372266584078,0.288899757967882,0.00026405241940018,"E02000710"
2.553524120834,0.0163791848803377,0.0132041675861087,0.0783471325516251,0.0104296293429694,0.00971253983439467,0.0261914582256754,0.0285687021484135,0.061122797711676,0.0255809467128259,0.271877977475406,0.000381515715371228,"E02000711"
2.3600649430722,0.0155776232140195,0.0132594932147848,0.0727402342804878,0.0101775721171394,0.00955720289296893,0.0241693439329126,0.0281449902541707,0.0603948741182602,0.0243637027023962,0.250432835328714,0.000394201097084573,"E02000712"
2.1616693641972,0.0171799160778205,0.0144476800520486,0.0721458524080889,0.0108709790708702,0.00970858575432747,0.0214302261120959,0.0277901808767444,0.0704630606243892,0.024140339434953,0.225446778581428,0.000377284920905247,"E02000713"
1.31217127734595,0.00702935710006255,0.00298731863824697,0.039668041333276,0.00448713707082795,0.00602000220011745,0.0168063978562913,0.0214538470148217,0.0262915280447224,0.00931949379031523,0.140630955756669,0.0261919512891667,"E02000714"
1.28374831988149,0.00769114652952268,0.00273598417174938,0.0445467245067922,0.00447608212888807,0.00556394279351581,0.0163209195860347,0.0184925899602531,0.0271071062526753,0.0102272739353917,0.136550229040429,0.000136201390622247,"E02000715"
1.2705740518431,0.00730905184383347,0.00274977871939904,0.0418187359721945,0.00438736483610713,0.00560959742080365,0.0168438402433008,0.0189828288350904,0.0269596851619783,0.00969311133527587,0.135574234931826,0.000174278577432817,"E02000716"
1.28340159248756,0.00745697594642393,0.00278269439690715,0.0434048372759665,0.0044042135190397,0.00563756069731296,0.0169456153708031,0.0187423914482019,0.0260395873844283,0.00958668538340964,0.136768120407975,0.000175165821916009,"E02000717"
1.26279721534984,0.00765622981732956,0.00272690605280412,0.0447161203156087,0.00448601393228869,0.00555921529158858,0.0161660192106693,0.0181568880102921,0.0263446160952972,0.0100084411429442,0.134072414180982,0.000144456328385049,"E02000718"
1.35556500608691,0.00758970530204348,0.00326105661587595,0.0407489048984053,0.00470924394931849,0.00646165585228435,0.0167666654433409,0.023894995987865,0.0265904539564765,0.00969390449071543,0.145037881113758,0.0339382698770536,"E02000719"
1.29680291328713,0.00720647819056547,0.00294215065523571,0.0413812942290554,0.00441337361829471,0.00591066572476721,0.0171407090608555,0.020339837788919,0.0254016160020082,0.00926493243691189,0.138610573476788,0.0248242907350734,"E02000720"
1.33826106694058,0.00758814782657874,0.00320222302774767,0.0436769004885452,0.00462039719370539,0.00634122337264401,0.0172848067284983,0.0217452723158855,0.0250254214534553,0.00950491714099562,0.142751922746867,0.0316961857216521,"E02000721"
1.41788916429234,0.00850839247563284,0.00356055585174642,0.0452592016288744,0.00493461479082057,0.00700245718950492,0.0170548461514239,0.025017563736168,0.0261239859626361,0.0100673805047537,0.151087076872008,0.0398062072388665,"E02000722"
1.29832676522833,0.00756499024820621,0.00283079619969974,0.0451865043231917,0.00442741216813096,0.00569609879503601,0.0170527335328055,0.0186442263609981,0.0249648138178821,0.00948286236108485,0.138171956455372,0.000202834440270739,"E02000723"
1.30738701306285,0.00751514183039214,0.00292998370575158,0.0445262661436923,0.0044063470565929,0.00583315917685598,0.0172097088303773,0.0195204208892349,0.0246379582321417,0.00937455490475055,0.139307347924602,0.000382192530247958,"E02000724"
1.52706201578233,0.00989481896214959,0.00409481927274198,0.0479907277856304,0.00520812867719047,0.00782991380070804,0.0167418936042689,0.0278327721572361,0.0285562692014515,0.0108165386941701,0.162491725346727,0.0488238626772897,"E02000725"
1.34287687494921,0.00780885431871086,0.00314405384575214,0.0465939200832632,0.00456532600362972,0.0062144390600492,0.017459414338868,0.0206111651228085,0.0242985953905702,0.00963113323124174,0.14285091871846,0.0310980405804471,"E02000727"
1.29232244331004,0.00773133193181214,0.00279001264472292,0.0460096869965021,0.00454663356176771,0.00569018009075501,0.0167150704350944,0.0183630932036018,0.0250540988803844,0.00976776575250165,0.13723112673324,0.000158750787566517,"E02000728"
1.44163705524733,0.00891734286346366,0.00367955977462723,0.049631484816724,0.00503195883014621,0.00725181023654618,0.0176084194968232,0.0242228524820877,0.0249607606998465,0.0102401257205287,0.152994368262323,0.0422624329218064,"E02000729"
1.40288731287954,0.00837575798529916,0.00343058533930067,0.0493087449629653,0.00481274912205806,0.00673585333802644,0.0177611632617569,0.0225536282990213,0.0244084732578809,0.0100068524646898,0.148964113782779,0.0367343294803884,"E02000730"
1.3052907257277,0.0076168256803298,0.00291274763948778,0.0458643670990108,0.00445418248128846,0.00581252535723716,0.0170985136643183,0.0188311539439908,0.0239353914265341,0.00947109682116586,0.138822253481556,0.0296420406644817,"E02000731"
1.36163078354219,0.00804285546833118,0.00318610630638132,0.0491504519230719,0.00466488722063582,0.00632744500240067,0.0176945855375868,0.0201737238403239,0.024096358930322,0.00986214964294723,0.14449050933729,0.0347732072300946,"E02000732"
1.56594814952347,0.0103365693602815,0.00437071040220106,0.0540625737966735,0.0053362064596676,0.00830669921080615,0.0180633047119006,0.0263775578692005,0.02566428802116,0.0109729210775806,0.165832747533375,0.0539752848347816,"E02000733"
1.53088817499851,0.00998581116297634,0.00405506984043104,0.0547210846321,0.00527681599715918,0.00790038066247011,0.0183947400123699,0.0249298118835783,0.0249017498275662,0.0107444736256551,0.161951932893881,0.0481820737398923,"E02000734"
1.45554968524933,0.00907173839754784,0.00369024228268703,0.0542916275361909,0.00507871479265093,0.0072556035471527,0.0186456174704655,0.022535250623908,0.0244518732762362,0.0104910189532764,0.153795264809805,0.0444550278229274,"E02000735"
1.26949345997829,0.00779006750523004,0.00284710312761115,0.0442091237721092,0.00464125435606776,0.00574654116686974,0.0172853088720718,0.0182290021055952,0.0241214317225439,0.00969099686237907,0.134692647697438,0.000246320200695513,"E02000736"
1.30010501376972,0.00767061673939136,0.00294176900045052,0.0445122312863305,0.00446787359145713,0.00577081351171196,0.0175738733309993,0.0185625823748898,0.0235759660507759,0.00945856037546502,0.138373763553318,0.000266486354161329,"E02000737"
1.32804204823517,0.00779650235046223,0.00312334111626817,0.0457133616083439,0.00440363995150968,0.00594946792070717,0.0175438569421249,0.0192445446931477,0.0230924704612071,0.0094943040596748,0.141400112975822,0.000143761365393371,"E02000738"
1.37843547476497,0.00826401262610419,0.00346927212649753,0.0467279964074312,0.00441172872447031,0.00635668733492904,0.0176427038857463,0.0208045547146577,0.0223117217813245,0.0095950739593493,0.146815185185117,9.36155432199999e-05,"E02000739"
1.68346928269066,0.0108353575095683,0.00489147945785359,0.0608095139954763,0.00552624035131904,0.00890070247411692,0.0216126305283962,0.0263009018899404,0.0248002342786608,0.0114314198305229,0.177940813178585,0.062712240262004,"E02000740"
1.37750338567275,0.00832592373787602,0.00346112333344857,0.0465751162567376,0.00446005474669442,0.00625810511501406,0.0184389804821425,0.0197105046011495,0.0227396329170139,0.00968633029220577,0.146695249659725,0.000103293528670758,"E02000741"
1.34424485709312,0.00804151512928839,0.00320632452711552,0.0443774320593995,0.00451117107558318,0.00596892553183597,0.0190301479956512,0.018824119806882,0.023394893666379,0.00962978423945854,0.143256020186718,0.000147128151275745,"E02000742"
1.77315314117692,0.0112229525451206,0.0050562616673916,0.0661554606664601,0.00577393500556146,0.00903339245618835,0.023253419292332,0.025599105750685,0.0250799263460776,0.0117264379206089,0.187294933796096,0.0633032150027799,"E02000743"
1.48139031163764,0.00875527611571874,0.003870407563366,0.048293683967358,0.00457981331596957,0.00663299856431205,0.0193154105453566,0.0204874141368856,0.0230195096895399,0.00994684317562616,0.158252130412424,8.94578462492161e-05,"E02000744"
1.40154143219723,0.00857182074139945,0.00357922877591269,0.0445132833613131,0.00458709684777942,0.006281283657375,0.0197345397638897,0.0189082726132636,0.023435538296995,0.00991348929273206,0.149607828548238,0.000106287834431715,"E02000745"
1.35170800593504,0.00847367733550142,0.00320836125415499,0.0452629454034533,0.00498794559351799,0.00604833832111031,0.0197682783174894,0.0189372066976374,0.0247009906418796,0.0101367170186259,0.143392835217477,0.00047335886092502,"E02000746"
1.88888513732233,0.0117431185410592,0.00542669634551043,0.0714115463380606,0.00602610390481248,0.00948650005687404,0.0236284296859731,0.026366828635657,0.0251064681223346,0.0120359412958259,0.199618069930234,0.0754803024864805,"E02000747"
1.42407640939311,0.00872840175501641,0.00363911200680529,0.0442012603704725,0.0047217504197824,0.00628647100012213,0.0200130692910692,0.0186862831190694,0.024232456461406,0.0101271214840552,0.152149348242923,0.000112024470688096,"E02000748"
1.54277528819448,0.00924264407121451,0.00409893922493985,0.0472545035864108,0.00481159666140106,0.00686762607387452,0.0198687751195006,0.0197979905264702,0.024080136755293,0.0103778014598417,0.165302084201579,9.51555800347715e-05,"E02000749"
1.37881107626157,0.0080904520834907,0.00372963567106918,0.0278164031477939,0.00717687667529916,0.00868218620543247,0.0184184978699874,0.0215990750526498,0.0445117392235264,0.0129103078569667,0.14752853578599,0.0367375042942545,"E02000751"
1.63999517468713,0.0092887119782421,0.00395214094799468,0.0508243056807235,0.00683013603177919,0.00710762810272968,0.0163820110884052,0.0221870599865756,0.0386122534612753,0.0147468591257961,0.175074269408983,0.000502822597730257,"E02000752"
1.59244327151168,0.0090783320991078,0.00335368952156728,0.0389140233003752,0.00685603927299709,0.00694216689485483,0.0168793984754383,0.0235864368184788,0.0378514453542118,0.0143806792504597,0.171528286205321,0.000343395649308336,"E02000753"
1.31436504092802,0.00773150295689556,0.00345080791893249,0.0260047647445822,0.00637184564929739,0.00723400789099087,0.0187136341797481,0.0216294252815502,0.0393686224486458,0.0132976264674982,0.140926352763683,0.000268026237244971,"E02000754"
1.29748677324257,0.00767468586312726,0.00324646075391981,0.0254250159426064,0.00588430674814955,0.0065344308045387,0.0186326371547528,0.0216932385059796,0.0373839688732376,0.0133390891066051,0.139406253376434,0.000207671130658157,"E02000755"
1.42256217499365,0.00841412344314345,0.00303248371802829,0.0354227987825828,0.00578192274677901,0.00617161118865693,0.0173229368139222,0.0224326345313523,0.0356797204153229,0.0132849879645941,0.152965232329694,0.000251244590423333,"E02000756"
1.26310775106613,0.00740392532702277,0.00332620484707807,0.0261740948444967,0.00557912578002699,0.006802501112035,0.0187651753787629,0.0219265293850513,0.0370011317272634,0.0131619738231931,0.135445632981667,0.00029837731342991,"E02000757"
1.27862731688839,0.00762077252725719,0.00295862705266955,0.028533165673783,0.00517013416490657,0.00588111871096051,0.0180268286975078,0.0210318257075939,0.0347974978328519,0.0126915272625278,0.137486453959777,0.00018330053284742,"E02000758"
1.25989542975279,0.00734970589916295,0.00314398105600961,0.0268005157348336,0.00511713802558557,0.00613647194221188,0.0185771220479747,0.0209445824254945,0.0352299686524662,0.0129251099406686,0.135459769668642,0.000177069946875437,"E02000759"
1.36546293809572,0.00827490953337864,0.00293209280002343,0.0398712226560355,0.00525540464146337,0.00586861990496692,0.0174592291777752,0.0215856371102544,0.0345343121030478,0.0127922962470215,0.146026019181094,0.000207549105131615,"E02000760"
1.2714453140988,0.00779231923539892,0.0027633780400485,0.0405033491980928,0.00467484049931713,0.00554222002487565,0.017015025406208,0.0200401670473254,0.0326709116675619,0.0119199898436784,0.135446806266696,0.000174399756165042,"E02000762"
1.57156049186626,0.0091102321553396,0.00388700636309832,0.0517367936477074,0.00630588805308243,0.00657238776787391,0.0165618484317354,0.0227818843715814,0.0363792981995885,0.0139933197393213,0.167195158919902,0.000332042569572514,"E02000763"
1.23055897333346,0.00707273757708143,0.00307508512365728,0.0274539780148763,0.00481555974263121,0.00595922052440909,0.0183478432744707,0.0208633398710921,0.0336707652945787,0.0122551664502852,0.132270050760647,0.000190948372668588,"E02000764"
1.27402250801376,0.00783997552817696,0.00275689743566627,0.0408551855048153,0.004685548445696,0.00553897609751632,0.0166659931211078,0.0200034503911556,0.0322875151017091,0.0118515658134892,0.13570131197703,0.000178505981941804,"E02000765"
1.34150335570633,0.00823669432347076,0.00290997993318246,0.0432708614410999,0.00499140897569469,0.0057295464927957,0.0166192564144565,0.0209037917239228,0.0331577331606415,0.0123589032323729,0.142901871197254,0.000181192261681949,"E02000767"
1.26303314506246,0.00711937993693412,0.00285245704961576,0.0362527723951757,0.00449849447311922,0.00563996566707415,0.0176766482026798,0.0199101632820883,0.0320062795259528,0.0110929382679188,0.13535584621014,0.000152911559465813,"E02000768"
1.3521240587042,0.00847814655408339,0.00320102587644083,0.0462400674974909,0.00520093676753157,0.00587934260042753,0.0162068066533329,0.0205895167556716,0.0329350213137602,0.0125615902622297,0.143365779737613,0.000216899547952382,"E02000770"
1.47426612143022,0.0089231517409945,0.00398842498557517,0.051724354728574,0.00586618713572471,0.00632991635088141,0.0171172282700022,0.0213036167205019,0.0344722760222052,0.0134319769397184,0.155851088033733,0.000564323005617757,"E02000772"
1.29185728930524,0.00811707757808953,0.00287038665404875,0.0440774858338716,0.0047987624699692,0.00565459333164548,0.0160464464751692,0.0197366340292368,0.0313064492877878,0.0119484561659694,0.13713029137443,0.000163580204724671,"E02000773"
1.34501213319054,0.00854656041239294,0.00331025684432764,0.0473479082218538,0.00523829853708859,0.00592492321416655,0.0162980885889568,0.0201801763686873,0.0324720724555646,0.0125625041946788,0.14222355495515,0.000241085581473918,"E02000774"
1.26911097231034,0.00792609169154006,0.0027787541426624,0.0436650015384613,0.00464477233566418,0.00558195875251901,0.0159308229205983,0.0191602143806205,0.0301406505566203,0.0115734491986192,0.134727520314374,0.00014822437356639,"E02000776"
1.28561322478047,0.00698642483911895,0.00282556540480068,0.0394897054230791,0.00444652062323962,0.00574961153923383,0.0170965923426319,0.0202755565074478,0.0289064291514538,0.00989556316430447,0.137667281307374,0.000188294112961842,"E02000777"
1.25906690831563,0.00763475096295611,0.00268664332439983,0.0426567609840825,0.00445719320999893,0.00547991955304091,0.0160959456936504,0.0187225665354002,0.0287778684272595,0.0107873054535283,0.133977517859639,0.000141838548474287,"E02000779"
1.30544345677622,0.00866143815420042,0.00326691022841297,0.0483595880789759,0.00529339752039119,0.00602802346639289,0.016509479960634,0.0192220551215712,0.0304550157437674,0.0123767004806795,0.137275435847552,0.00021322962685295,"E02000781"
1.26237810200463,0.00789232109454564,0.00276089280148139,0.0455887032363985,0.00462143357433954,0.00562295613314723,0.0157860640200218,0.0183793425822784,0.0275950646771731,0.0108054858814985,0.133688102718302,0.000131754291164167,"E02000782"
1.22924453827282,0.00797134250934333,0.00279283691394697,0.0457167125888026,0.0047930492072077,0.00574223841535054,0.0156124025585484,0.0181140553514461,0.0271415409528572,0.0109179582455922,0.129590177619709,0.000144850395081224,"E02000783"
1.66441793135007,0.0134177377176151,0.0287302338973374,0.0289133390596529,0.01065616322716,0.0138833511674316,0.0197055099100039,0.028799478236003,0.0246179287839804,0.0180971318286409,0.161450214236088,7.67556759917909e-05,"E02000784"
1.3985810267495,0.0128553156453567,0.00469006277906354,0.0195057736252742,0.00895605826204573,0.0114438448320891,0.0130851455981951,0.0271532256601097,0.0442965013702543,0.0156066659926785,0.146642869142547,5.82879699973168e-05,"E02000785"
2.71987584050647,0.0276919482266175,0.0418103128654438,0.0612690092563899,0.0203519618604916,0.0240770389840199,0.0303455233289343,0.0451510563637903,0.0526925596640519,0.0344227312547602,0.261077172712453,0.333731386595614,"E02000786"
1.4761013511549,0.0134417705349812,0.00748775536856123,0.0232985617796085,0.0105923333247899,0.0134938743102472,0.0153509619297469,0.0284167159371919,0.0399931348541151,0.0195331871814259,0.152778314570971,6.87839309808042e-05,"E02000787"
1.68380931995268,0.0153810685194365,0.0105728078088354,0.0313356128421058,0.0125293769778227,0.0151349070419987,0.0183480589605661,0.0310959013918697,0.0388073345366894,0.0256499787934922,0.172803153162011,9.02868923404281e-05,"E02000788"
1.7352621972737,0.0158283384346192,0.00804734334940769,0.033958044533215,0.0121488758452003,0.0144777472189986,0.0171817857878528,0.0297581513676791,0.0413186728830193,0.028607152943259,0.179779621004471,9.71208444667992e-05,"E02000789"
2.08280372426008,0.0213317918976734,0.00757489000517774,0.0455004587310789,0.0133375082467659,0.015611888039479,0.0194501016063331,0.0392137564043183,0.0540303777462139,0.0271593490043215,0.21602561422904,0.178139015106799,"E02000790"
2.25017291675152,0.0223699843797872,0.00894623573384712,0.0504086983894496,0.0157164979457421,0.0164764266210255,0.0211707557578277,0.0378942608958094,0.0587809457573918,0.0315328973346263,0.232859863468246,0.217625117827531,"E02000791"
2.17147570396643,0.0214414602313452,0.00825110740195032,0.0522397713600038,0.0149037678942485,0.0156052631016458,0.0206586610992663,0.0382405222674792,0.0585851909123436,0.0304540452684131,0.224663685112864,0.194100021296906,"E02000792"
1.71029468136294,0.0191353627824834,0.00705940993690933,0.0457607346890298,0.0115935240847935,0.0148714186146406,0.0199142790452171,0.0376200269500763,0.0368087505442043,0.025452285376575,0.173322335574118,0.153407860143893,"E02000793"
2.01375072186781,0.0206205167420089,0.00746844361750431,0.0491614628617133,0.0127270903204879,0.0156114881447576,0.0198224246850311,0.0392560547400121,0.0433138492597347,0.0270436401270654,0.208097463307698,0.166879140098539,"E02000794"
2.3478864262908,0.0248923723542245,0.0133008940232255,0.0741854085151667,0.0166302635564477,0.0182687016566192,0.0224494553100185,0.0339456894704287,0.0593145130300652,0.0344642531313802,0.237735274014887,0.226326140269054,"E02000795"
1.685582346315,0.0189506315485903,0.00726878921764893,0.0495009466521738,0.0117701324842285,0.0147935141644632,0.0209124002380261,0.0372997415026044,0.0353455743502407,0.0267206617195153,0.169580064032794,0.160204794597939,"E02000796"
2.09525724596935,0.0204692367827045,0.00781917343239589,0.0532629477535489,0.0136198766044447,0.0153172734611216,0.0204819276731044,0.0381756920987883,0.046368564309514,0.0286865123357113,0.217025715517204,0.179497770724049,"E02000797"
1.84010549489592,0.0192025622547385,0.00787732954695205,0.0543250458859467,0.0127500065166207,0.0153084115402073,0.0211319754028459,0.0376598623493886,0.0378334881214016,0.0286081042970557,0.186854094581853,0.177572607900368,"E02000798"
2.13178537963308,0.020209574394873,0.00832915972752226,0.0582981779263117,0.013945612874651,0.0153808490233483,0.0217490162995051,0.0380115437956516,0.0441876759287905,0.0304213903365524,0.220500220701256,0.184763613373867,"E02000799"
2.18187490917318,0.020502121116959,0.00904311574895384,0.0615823404932323,0.0148268302201459,0.0150590737085161,0.0219959537919105,0.0359623321837874,0.0548941197769909,0.0313490089056732,0.225365147306415,0.186905395511367,"E02000800"
2.17146580193702,0.0200237350285028,0.00885144644691639,0.061860962954533,0.0141839862830462,0.0151076664400532,0.0223051989111353,0.036794525354406,0.0455662626482312,0.0310032278324785,0.224740235382776,0.189149238284493,"E02000801"
2.00263062755048,0.0195140683278942,0.00877711621933365,0.0610418120365124,0.0137456581282328,0.0152593626775484,0.0224327734079945,0.0375170984149435,0.0400792084543559,0.031071189511668,0.204638924145877,0.194712968791627,"E02000802"
1.81050973367192,0.0189099790392011,0.0083487442308823,0.0574695680778918,0.0129240260935289,0.0150379043632424,0.0220869522972796,0.0369004973209598,0.0365897195070082,0.0300871874558429,0.182567738475769,0.194307412003236,"E02000803"
2.19084714370747,0.0200675162323867,0.0105639998697006,0.0696966060526262,0.0143773124121413,0.014628801531987,0.022741532001683,0.0353788242757528,0.048400275039695,0.0309786906039223,0.225411190835684,0.185385959413788,"E02000804"
2.0246031669113,0.0198231827450265,0.0112680052251501,0.0756558119824033,0.0136767650213249,0.0137325504350619,0.0213035867986757,0.0312843081743256,0.0533446457674012,0.0288856961189453,0.204700722213525,0.14973270451433,"E02000805"
2.15613968396093,0.0202212901370801,0.0109278298483068,0.0709953905741904,0.0143501012486249,0.0146278215261638,0.0231625294601608,0.0365683472046306,0.0438132397776234,0.0315315936385669,0.220545228979942,0.198103070816985,"E02000806"
2.31804357949282,0.0150164767733601,0.00791160361996188,0.0508852387725121,0.00991213430050966,0.0140221745799363,0.026305108162035,0.039361840869647,0.0535774237982757,0.0128081376354798,0.24846111802319,0.123731383171657,"E02000807"
1.73531602219528,0.0158866747839836,0.00783281238454049,0.0425372960684765,0.01034656118702,0.0102298979763177,0.0191582122113596,0.0368883200547242,0.0262666754469385,0.0126268126892094,0.18096929464744,0.0941763150172306,"E02000808"
2.04608271506818,0.0158420263578555,0.00774664423926207,0.0492353658558228,0.0101555554965507,0.0118597517966283,0.0211724400693144,0.0358041203219826,0.0399217999761869,0.0127640410655421,0.217095373729807,0.117688559085264,"E02000810"
1.91041612913683,0.0167728041154288,0.00807689471318708,0.0485036751854251,0.0107606654785655,0.0110633879614195,0.0201468561685407,0.0368417549472303,0.030860406450374,0.0128508770243548,0.200309091677897,0.110940025092565,"E02000812"
2.36653758339998,0.015662112994484,0.00787029935407976,0.0500559936012801,0.0101479001865746,0.0141809659325516,0.0254033638691965,0.0367294256554473,0.0559553968381723,0.012975735938848,0.254038367853815,0.126082555244492,"E02000813"
2.34969533030905,0.0151180534734985,0.0080287578802664,0.0502128280147061,0.00998634726618746,0.0143841830241054,0.0268970446752065,0.0369734735815532,0.0512689975281274,0.0127480451507719,0.252216838444341,0.127512496179397,"E02000814"
1.87385010097275,0.0173980943553695,0.00834004921673706,0.0470495402394815,0.0115193961999156,0.0111496083752134,0.0201305063807828,0.0378159039638365,0.0296611067709101,0.0135210403914893,0.19513260057894,0.110209088252827,"E02000815"
2.12627144532763,0.0159152110190181,0.00780787723024972,0.049403650164844,0.0105113332927171,0.0133569504885971,0.0220260405886898,0.0355169386680469,0.0515106714874134,0.0132921939977621,0.226024668052305,0.125640478824387,"E02000816"
2.35993584415682,0.0157323897288016,0.00782072915793066,0.0495059744862527,0.0103592741586146,0.0145720631990366,0.0244664674004662,0.0357574312927911,0.0584000969081236,0.0133552480303148,0.25323776322251,0.128436501893185,"E02000817"
1.94534613882422,0.0181442536684187,0.00848297999873845,0.0487597952798916,0.0119232814484917,0.0117996261351425,0.0206909513836158,0.0378177988907021,0.0331267964708881,0.0143169849203328,0.202683284245751,0.120762752386169,"E02000818"
1.96121498692335,0.016208802088268,0.00779286431040747,0.0486896905766782,0.0106560506715988,0.0122618562812417,0.0204119408731941,0.0354378745758778,0.040071065400039,0.0133104280949733,0.206636654471516,0.121833071397143,"E02000819"
1.97976294766192,0.019696347964431,0.00926993558759134,0.0484344216237178,0.012989477293047,0.0121000493668298,0.0214419714259919,0.0386529102653899,0.0333066484615735,0.0163745098424587,0.20483611530136,0.125730902226861,"E02000820"
1.96129956678147,0.0168945348623846,0.00791591449390749,0.048829118241777,0.0111878006556012,0.012480063064388,0.020706381902381,0.0358759915052347,0.0402639221199538,0.0140718479681535,0.205861802401611,0.125927352381457,"E02000821"
1.987836802894,0.0184680438357147,0.00847045188020422,0.0495625577333129,0.0120907368416533,0.0123402361809676,0.0211546654415705,0.0375163416501722,0.0374151582908261,0.0149393646544563,0.207310654061621,0.127784535427798,"E02000822"
1.98025584291258,0.0197121602082762,0.00899728292256027,0.0491496995187561,0.0125565655420247,0.0122664345681081,0.0212476509223558,0.0373069357030182,0.0370154745830911,0.016062842091349,0.205273463166859,0.128403132083819,"E02000823"
2.27100896006612,0.0159572240359823,0.0075723907858364,0.0487123675448123,0.0111638451745585,0.0147669038442421,0.0230451343507966,0.0353909546691694,0.0596030463950037,0.0145554892347583,0.24249332841105,0.132089527448491,"E02000824"
1.9930061025834,0.0172283856858699,0.00780256821593006,0.0478635608233264,0.0116791184817432,0.0128882864835165,0.0211549761940097,0.0349764321298407,0.0458222216667783,0.0150366772375846,0.209263038626508,0.129456187497752,"E02000825"
1.95946631710478,0.0187495769791732,0.00839227947539974,0.0480013974715469,0.0120162895453318,0.0123283272945386,0.0208926956468035,0.0351506994017987,0.0426156968102211,0.0155510792510535,0.204144127139268,0.126755009492253,"E02000826"
1.98196599557507,0.0213433860138351,0.009990569672825,0.0499567765218031,0.0125763610077867,0.0123059856306781,0.0212012809896538,0.036211614155646,0.0415642702883841,0.0167909400059069,0.204134335544686,0.125929229960127,"E02000827"
2.19350810976747,0.0159982131965133,0.0072963936054653,0.0460122624660463,0.0113950808154127,0.0137387739064227,0.021713623540759,0.0334149463043897,0.0547283987538962,0.0148897104686344,0.233926138359099,0.125555688007598,"E02000828"
2.36737667977831,0.0156203943178472,0.00718265382899343,0.045490607171057,0.0112037271763202,0.0143717501808229,0.0235630193204505,0.0332317246769478,0.0623514138150046,0.0149422265474696,0.254367015001481,0.121431035818729,"E02000829"
2.02104026836964,0.0184149390646375,0.00939464628208893,0.0448516400360182,0.0117349646569592,0.0118312130125361,0.0200459771960975,0.0324147209235357,0.0447936435521307,0.0152042235186951,0.212309503475037,0.115514983333128,"E02000830"
2.29852425409594,0.016729009164579,0.0080988598730489,0.0435962662125738,0.0114565255585082,0.0125235458665457,0.0207111820107711,0.0308704625516795,0.052956372680275,0.0146994798321737,0.246370607419576,0.111628148865646,"E02000831"
2.45762467300537,0.0156279468649212,0.00739591631660304,0.0415846718432026,0.0106307442324486,0.0121271126230748,0.0218463624556603,0.0287540022171509,0.0595181021530153,0.0139428796703668,0.266006411392688,0.0876989735579851,"E02000832"
2.43180224458115,0.0180284720633317,0.0197517636827449,0.0421879454250672,0.0105723780187241,0.0104928628794203,0.018099064108329,0.0282371462089915,0.0448839288146724,0.0137321146328365,0.258852994986527,0.087501502310981,"E02000833"
2.65917658883629,0.0164690582907485,0.017096663402983,0.0419042032037213,0.0104398263686206,0.0110716950031713,0.0202764543641633,0.0261688483189901,0.0606374189082682,0.0130182739456828,0.286804488599404,0.000195386964538328,"E02000834"
2.65720818330893,0.0171233674721188,0.0138686365592471,0.0428930905349785,0.0110757073790278,0.0115099543742764,0.024647235325571,0.0286228375376801,0.0624084516642958,0.0142306517162552,0.286714847672135,0.000190616047417694,"E02000835"
2.71036789185937,0.016308453045597,0.0211609044020204,0.0406681323245015,0.0102532686884117,0.0105175505454132,0.0190118402747572,0.0254620101212758,0.0625368758724547,0.0127780121684391,0.291452861868852,0.000195720777397417,"E02000836"
2.65875256892073,0.0156663272803895,0.0191178282951801,0.039692483165967,0.00951910635687937,0.00952597438046653,0.0177224607330027,0.0245788848102425,0.0635487449608947,0.0127917553378201,0.287231582526455,0.000224197019060557,"E02000837"
2.70407485839108,0.0160798067899572,0.0228718901024625,0.041182230510501,0.010864643279775,0.0111611844744266,0.022841767922667,0.0259540342349268,0.0693109769794447,0.0132980269018089,0.289233051671038,0.000190841565731108,"E02000838"
2.95094720866426,0.0144467202981546,0.0141998494451288,0.050515347737047,0.0104152714338276,0.0107121052418949,0.0237515323789119,0.0266457074332131,0.0663058841069421,0.0142197000612784,0.321662994398044,0.000205655342939811,"E02000839"
2.49686226163535,0.0134925356348037,0.0122206496980215,0.0861261153103287,0.00890042226069744,0.00908806663216552,0.025431743553128,0.0278283244141972,0.0544619833576754,0.0216493365094063,0.265908956990449,0.000301090491345103,"E02000840"
2.39404504493652,0.0144192912907803,0.0131925776486716,0.0801899121675309,0.00947130975469373,0.00944414404216884,0.0255231503730709,0.0287923513731862,0.0566953554762178,0.0233579060363442,0.253935959577068,0.000397479197284985,"E02000841"
2.14123407464183,0.0147339198273743,0.0132550631445294,0.0699684092521716,0.00971063716874721,0.00938008604846661,0.0218856704074049,0.0272859011568259,0.0588071887799206,0.0229478207273499,0.225585337155583,0.00043653080983675,"E02000842"
2.47161127371212,0.0131881941787576,0.0122934737347092,0.0917111225479817,0.00886993516314162,0.00909561011968956,0.0251022673045107,0.0289618144997255,0.0542486486323881,0.019765897684939,0.262034536548982,0.000292120680581316,"E02000843"
2.38783124650365,0.0134560545559718,0.0125951507276363,0.0863278479681282,0.008959461043859,0.00914614580303921,0.025028137133506,0.0287252508242903,0.0543545737591377,0.0204963003123597,0.252924778555079,0.000355159620963946,"E02000844"
2.0148614156765,0.0182728699729958,0.0165165218190537,0.0766818347400348,0.0114572749972186,0.0098325204892675,0.0207314577498679,0.0284177725964685,0.0761932026131612,0.0239956738940663,0.20491154992087,0.000485135687016306,"E02000845"
2.24686650993692,0.0140516290542502,0.0131569291779773,0.075225849836362,0.00928336204674043,0.00934629624452464,0.0235801703809003,0.0281994272724976,0.0550629151045692,0.0221384103990817,0.237720560120296,0.000464420209522579,"E02000846"
2.02894541692738,0.0167717220368776,0.0153165922966997,0.0736552123677633,0.0108109893081836,0.00976825652522963,0.0208775762671317,0.0282222849521219,0.0703741632091459,0.0234695429458259,0.208979302438664,0.000449070678760675,"E02000847"
2.0330347922801,0.0148918704461056,0.0139200018546628,0.0708530402669746,0.00985796715190205,0.00950349811404696,0.0211205097323469,0.0276456109322037,0.0608421103141686,0.0226003720847465,0.212069405371808,0.000475252338525285,"E02000848"
2.36863281081222,0.0129558809224898,0.0121814420453104,0.0946730255543736,0.00885304213537498,0.00900457978919918,0.0243949886273907,0.0289200535290774,0.0535061635132306,0.0181497308272232,0.249399430450501,0.000308439978064577,"E02000849"
2.48264598922397,0.0128862158753568,0.0118652055490162,0.0961499452118478,0.00889934384999529,0.00906663467817855,0.0248774812644366,0.0291910206561806,0.0540778069268072,0.0182124610727232,0.26268346479243,0.000244749690410775,"E02000850"
2.18698676775825,0.0138022224784429,0.0132659459000998,0.077035432501853,0.0091336903355001,0.00935592965880548,0.0230350025926612,0.0285035466450476,0.0542223527910234,0.0207501889177651,0.230462489681303,0.00056331389645892,"E02000851"
2.32006445152767,0.013874404387127,0.0134214788305842,0.0852591041168201,0.00921098676315881,0.00949059946380289,0.024698344399704,0.0295429898385015,0.0552097614261161,0.0204711312288081,0.244593945021088,0.000479369346572974,"E02000852"
2.11037529380461,0.0143225302016086,0.013652168389135,0.0729532720691034,0.00950038335330248,0.00952479551783271,0.0220949160870014,0.0283293440271288,0.0566400338383572,0.0219130028800651,0.221501224538655,0.000531371221103732,"E02000853"
2.28469907408495,0.0133105124515661,0.0127380363081899,0.0887174391404686,0.00896137370166746,0.00916804395634827,0.0242274527935939,0.0289113837983815,0.0539726044070601,0.0187357886385751,0.240300140857499,0.000441566145007607,"E02000854"
1.98884273834027,0.0141960676592564,0.0138188728463952,0.0711618392675263,0.00946765529402853,0.00943484141148775,0.0207898612502152,0.0276935667216704,0.0569184210325915,0.0214078427493717,0.207312786383408,0.000627258505586731,"E02000855"
2.35230705710111,0.0130640089014792,0.0125021087602109,0.0990180014598854,0.0090024911865647,0.00917033202802926,0.0242736112536831,0.0289960550734533,0.0533119018616977,0.0178540614125617,0.246369204692708,0.000372717700154418,"E02000856"
2.08279800040253,0.0137828402786723,0.0133480373385742,0.0753139826827349,0.00914517411874564,0.0093867854193652,0.0219643282176604,0.0283015118336145,0.0540851982043804,0.0202295437875157,0.218352242509078,0.000761591773421485,"E02000857"
2.39210016662238,0.01247932264108,0.0123809264259671,0.101500500216659,0.00900510330878823,0.00922933683397282,0.0240229128222388,0.0283282825002024,0.0528822753027355,0.017584186128887,0.250834470813236,0.000385385291717733,"E02000858"
2.344478174202,0.013497423828407,0.0130116575926917,0.0974742042162244,0.00919632810737549,0.00942776293952313,0.0247755201432991,0.029680022789422,0.0541634169234769,0.0182569983961594,0.245357203605787,0.000473211713103675,"E02000859"
2.11463821817566,0.0136450678308288,0.0132508969298008,0.0791124295207029,0.00906858319388978,0.0093625059684062,0.0223826672366528,0.0285230336518318,0.0537697666101249,0.0193701456197481,0.221591984403885,0.000977841676071194,"E02000860"
2.16418142125662,0.0136309305311816,0.013254627873267,0.084427140958768,0.00911612029561964,0.00940956643637328,0.023015315772167,0.0288506924294055,0.0538936436781903,0.0187448516835213,0.22646015036552,0.00124120070203846,"E02000861"
2.32581168580995,0.0130506803341786,0.0133417622113225,0.0964964874051857,0.00936714412925517,0.00962133965214186,0.0243737887035839,0.0288456281799796,0.0537566563577902,0.0180549555339802,0.243371406695134,0.0720432844834391,"E02000863"
1.93952674992593,0.0122522655789568,0.00664791316268235,0.0538721789411751,0.00662707588279254,0.0121390466618504,0.0234628998332605,0.037824547737011,0.0468863290046024,0.0131483306446521,0.206484535913255,0.0949845726362202,"E02000864"
1.92276753717012,0.0139110406328269,0.00808733274376881,0.0544349058715792,0.00913651439171641,0.0136524037962663,0.0236787214041349,0.0412504621253768,0.0426754335806479,0.0137288341536446,0.202111920146492,0.0980867134359462,"E02000865"
1.99011044359618,0.0131026435086632,0.00762448566061123,0.0588905498541712,0.00750856055668934,0.0137206493114115,0.0242972716654972,0.0423084229496111,0.055511065232997,0.0135851042957434,0.21039129760053,0.105642204506818,"E02000866"
1.94325875576872,0.0118475577080501,0.00625910747325012,0.0587126152828179,0.00627468985760834,0.0113936110537863,0.0234243651283823,0.0349000945252015,0.0422401943935661,0.0126093325759248,0.207003649598229,0.0939130142278619,"E02000867"
1.93291849568532,0.0140127886974996,0.00799159344143863,0.0531873441585035,0.00962980666361163,0.013158083419718,0.0230895851133466,0.0423466443186756,0.0352419406558875,0.0137466524789363,0.203283481623136,0.090806632830024,"E02000868"
1.74254038991513,0.0134426296075005,0.007624989210978,0.0494007435050288,0.00903603677505168,0.0111819927739019,0.0210090496486352,0.040674783579165,0.0297169970247685,0.013293404963737,0.182292374193785,0.0811963711472957,"E02000869"
1.95892443196848,0.0137724762123437,0.00792605553267854,0.0560542201988368,0.00868860698982788,0.013788401361151,0.0237079317137596,0.0420899346166588,0.0492503125627092,0.0134861785680052,0.206412919668821,0.102632639077157,"E02000870"
1.96950474384449,0.0116970369319322,0.00576177748959391,0.0606317362393057,0.00589412207032934,0.0105078139879169,0.0234783266483833,0.0308900151876169,0.0292138582786655,0.0121089080319777,0.210525206968191,0.0876197942138097,"E02000871"
1.83242858555353,0.0139492136015911,0.00770139784504674,0.0505453409228288,0.0093907500516162,0.0114291859264648,0.0215342375748179,0.0422364957606039,0.0310259256403414,0.0132339122193557,0.192283114347076,0.0859873827245374,"E02000872"
2.01839195064746,0.0135963918719867,0.0077754344575376,0.0583234597720701,0.00811504977493176,0.0140267921692943,0.0240114235358477,0.0433251518076322,0.0549063054540201,0.0133996207930783,0.213343776796691,0.107678918281559,"E02000873"
1.99441413539996,0.014024508529767,0.00788243725057545,0.054324329568746,0.00928381628288634,0.0135257568117607,0.023493794296844,0.0421748395680402,0.0440252890629339,0.0132964177281081,0.210601168461706,0.0997263281169506,"E02000874"
2.08060279681091,0.0123691858765386,0.00646513021200663,0.061503086691571,0.0064058432480774,0.011378665184471,0.0242750907044116,0.0343570242679171,0.0381681141064618,0.0125711542051234,0.222597409913814,0.101695304505493,"E02000875"
2.01837079576479,0.0141850897867441,0.0077971360698559,0.0527952474962297,0.009644254805895,0.0130247743433897,0.0231341425073898,0.0427737211858095,0.0377305563663161,0.0131664939557217,0.213500430115906,0.0955944678359429,"E02000876"
2.10280646625681,0.0130406934776455,0.00708936799514525,0.0586226580099611,0.00716233719238029,0.012410778442982,0.0244848518736372,0.0391551384426498,0.0492763151390055,0.0129035716391732,0.224560123494776,0.110254006374732,"E02000877"
1.87604840512774,0.0146688115097722,0.00774586122139549,0.049586252507826,0.00948235840908063,0.0110495784267228,0.0215888537891296,0.0423375425054995,0.031541867232569,0.0131179213330486,0.197351391456582,0.0915536612103032,"E02000878"
2.14810867741839,0.0142744173142148,0.00782864597956567,0.053390773938091,0.00936890560344742,0.0136411810112057,0.0240488042598279,0.043399428253343,0.0513838731920971,0.0130364244843494,0.22865485170274,0.107285004691598,"E02000879"
2.08532411265118,0.0143178537620183,0.00770635958432747,0.0516245077041066,0.00958088657423832,0.0129031071764052,0.0232729931901584,0.0419359493054882,0.041616656411075,0.0129156801151881,0.221658786135647,0.101465867210357,"E02000880"
2.06602721517979,0.0120542975370755,0.00582659371267678,0.0660356087019728,0.00597440395893223,0.0101661601467677,0.0244568921947822,0.030039142786002,0.0263230505557905,0.012076871334607,0.220963678008886,0.0901495262519338,"E02000881"
2.17433364804166,0.0139598173173297,0.0077546409829524,0.0549441659026328,0.00859890110981976,0.0138439373918135,0.0246298492668239,0.0431128066158923,0.0542621719964189,0.0130319542602335,0.231957772990752,0.112972968211109,"E02000882"
2.15388456030971,0.0125068695325331,0.00622774873828932,0.0628805523659479,0.00628129332325702,0.0105606085037305,0.0249016911235562,0.0315871716690001,0.0282658258520393,0.0122451412190123,0.231288154621749,0.100816037887196,"E02000883"
1.98121839062083,0.014895541085296,0.00771802011358791,0.0496716120466057,0.00962020377339287,0.0113772820657679,0.0222694637053996,0.0409887010124672,0.0348582191746366,0.0129470208078516,0.209711972098916,0.100203392964996,"E02000884"
2.2016317307193,0.0146677892801868,0.00773621705714795,0.0512984064938213,0.00978829060908943,0.0132257780146956,0.0241188680815131,0.0418477536160296,0.0473548295978207,0.0129279492328767,0.235062223907234,0.109325305800477,"E02000885"
2.27438499378806,0.0138522092110213,0.00756216328313114,0.0546341875499537,0.00818345349350271,0.0133974089759907,0.0257287568227616,0.0402319750269165,0.0494946097586846,0.0127816287904957,0.244184492641683,0.118246778978197,"E02000886"
2.28659682666095,0.0132568671581594,0.00694977835040423,0.0593991231891409,0.00699847611469985,0.0117212477882155,0.0258755897255065,0.0351936352701712,0.0353907691246557,0.0125848588650858,0.246287481994293,0.113734622098624,"E02000887"
2.23816654364816,0.014611149031372,0.00774533345721903,0.0512668116482365,0.00969439310827847,0.0134654793312761,0.0246790840520164,0.0416575830219553,0.0522582035403432,0.0128624430541813,0.239356319994307,0.113858869699617,"E02000888"
2.08475838802565,0.0152172375675835,0.00769287311475895,0.0497068457789148,0.00982506369494099,0.0117004249200499,0.0228426302619308,0.0391508263402424,0.0391360527498294,0.0128587552646496,0.221765338161926,0.109311685979031,"E02000889"
2.07071697698706,0.0153677777791722,0.00768719332721964,0.0494213690231532,0.0098448309702252,0.0114666903563186,0.0224164464832067,0.0384030397282537,0.0381624783789247,0.0128178482588819,0.220183126493263,0.110065793363521,"E02000890"
2.61319873218886,0.015199145659569,0.00916759842209319,0.061531379609614,0.00917801583934145,0.0155198029471356,0.0285310963256447,0.0338928627207286,0.0297632628947148,0.0130615383386696,0.281775302760233,0.134065243031552,"E02000893"
2.57763746702789,0.0151108731527831,0.00892706361358435,0.0531158564492207,0.00978233364035023,0.0150199692179547,0.0283523241603874,0.0344281476724862,0.0373867211636934,0.0128779993322509,0.278416904859461,0.133270481510093,"E02000894"
1.51012999418993,0.00961813746607031,0.00575790292410279,0.0322374181128614,0.00888256784833834,0.0097786150316904,0.0167181665719818,0.0225494923780064,0.0872992862919077,0.0123025354613571,0.160269425746492,0.0568608047086996,"E02000895"
1.50833219849427,0.00930726535982031,0.00474966415710211,0.0314758518135445,0.00849510519904393,0.00991957716414323,0.016778157245382,0.0214875668660722,0.0653614908521695,0.0121454139425845,0.16096644153736,0.0517260056722994,"E02000896"
1.45324564890541,0.00892979140632947,0.00433404978226767,0.0300109093127703,0.00796214945151737,0.00974560997528552,0.017860217184444,0.0221872395014267,0.0552839978959042,0.0126738133008742,0.15505098369043,0.0479140735997617,"E02000897"
1.52164986392945,0.00980190704225314,0.00535313358118742,0.0323871600269265,0.00860328607069159,0.00999993201397568,0.0177498627202359,0.0238854227872343,0.0766419537495782,0.0129410735875227,0.161705879003808,0.0572047263733837,"E02000898"
1.5650976522225,0.010141308331367,0.00634022462352448,0.0334806223228498,0.0090081002453395,0.00988497164535444,0.0175664426634076,0.0247633998646996,0.0974925004098211,0.0129217036734346,0.165895529201625,0.0616515180929232,"E02000899"
1.5705782672867,0.0104282113622419,0.00752161820382243,0.0342128773019542,0.00923717807067687,0.00995718013451524,0.0183464569146767,0.0261701611304461,0.108081894799485,0.0133497963915862,0.165609914763741,0.0607846923386747,"E02000900"
1.38891240267856,0.0086343382144062,0.00416294071978534,0.0287652378188985,0.00747756596482284,0.0093612395620365,0.0190818712269708,0.023880739503501,0.0516439100835809,0.0133176052903594,0.147802060835383,0.0425568413467174,"E02000901"
1.42871780297587,0.00954126421008799,0.00520223065606035,0.031056256665251,0.0080213205731315,0.00992970748775914,0.0193581539216134,0.0263078031371894,0.0704548582444014,0.0136011190879208,0.150971867374207,0.051381971797154,"E02000902"
1.53963427219532,0.0104558670082907,0.00879259712131726,0.0343481468674514,0.00905091768051912,0.0098635985571438,0.0189571658283813,0.0278178801587612,0.108255971785365,0.0137726885753704,0.161509840348302,0.0567981874589228,"E02000903"
1.29752366674222,0.00796792731663181,0.00379141787010279,0.0272542305413551,0.00662584965769399,0.00832181590130771,0.0193918159608186,0.0249259469392434,0.0442462112118219,0.0134231569646826,0.138028570944003,0.0347657850887046,"E02000904"
1.40471687462794,0.0096278102253812,0.00556668620193971,0.0318551068761053,0.00758376437379331,0.0097286277803022,0.0202063027383227,0.0287464657773446,0.0747953520868228,0.0139292806943607,0.147855798745749,0.0473833458633207,"E02000905"
1.47445523178347,0.0103600884823025,0.00726731980342613,0.0343548723868004,0.00798956383497088,0.0098169215888322,0.0202777061477515,0.0295803865400435,0.0881890736383289,0.0141614754360321,0.15480535398343,0.0512934099478318,"E02000906"
1.27857521551694,0.00807864139282733,0.0037904163475089,0.0282416465202995,0.00616792400861317,0.00812569046631122,0.0195516713645801,0.0257716324872906,0.042527926961097,0.0136156847690531,0.135861046063251,0.0360743039045666,"E02000907"
1.59508168017575,0.0109289590379097,0.0105480142567195,0.0372118193640917,0.00890241353515012,0.0102649951462788,0.01984040725409,0.0302603771618049,0.093261519022873,0.0150500485518245,0.16707789296447,0.0643469431814161,"E02000908"
1.23784365471698,0.00758407233716425,0.00341090876273369,0.0272912758592252,0.00551013209325748,0.00708428152638163,0.0190240302415319,0.023831038673435,0.0372784048310253,0.0133164439415068,0.132129617386744,0.0303813317718052,"E02000909"
1.39562849423418,0.00964038132370151,0.00500738135169822,0.0344897361836138,0.00683028847930814,0.00944859219112102,0.0206255808521132,0.0283174902546406,0.058220068817891,0.0147611388861489,0.14725939203318,0.0438921647578828,"E02000910"
1.50924073630954,0.0109978534945439,0.00789735671282998,0.0386829604968855,0.0078029688789596,0.010161202930425,0.0209457235995211,0.0297127196521373,0.0783036429890123,0.015089286202514,0.158156327084137,0.0521690011805152,"E02000911"
1.67415004369496,0.0125340547655694,0.0102530952101824,0.044678857800776,0.00845077977406833,0.0115274048480285,0.0207977011340721,0.0322131670689401,0.0721656584184554,0.0169238978825305,0.175056701257138,0.0756276252111042,"E02000912"
1.2769652961233,0.00776561026432023,0.00337219284448368,0.0294650777545968,0.00520553679222463,0.0068198236010197,0.0193119488483528,0.0238322464248699,0.0366260072446202,0.0127869666228841,0.136641139818154,0.0298813675243718,"E02000913"
1.38796119869034,0.00945149774465598,0.0043399099531003,0.0349558545158793,0.00604139639131054,0.00854435253993402,0.02019494393029,0.0267013055460627,0.0472566060218421,0.0142792816847793,0.147310743761911,0.0423603534698454,"E02000914"
1.241496858474,0.00709208932591267,0.00307926086485386,0.0281676968598645,0.00478880428762728,0.00603082561636388,0.0184409376442014,0.0217154466538347,0.0333725338786734,0.0115218446907742,0.13343783824834,0.00033864005028795,"E02000915"
1.68765948083431,0.0125863343621362,0.00829610301808419,0.0468506797644975,0.00757894755237177,0.0116200207697408,0.0203201335110315,0.0316216942558927,0.0580235608840084,0.0163453525057567,0.177511209242132,0.0722123209987139,"E02000916"
1.39670996965906,0.00927887497852155,0.00402781154890637,0.0358168379130537,0.00553263610264867,0.00765642115554273,0.0193443135639093,0.0260160838740487,0.0417652924432712,0.0128562869318139,0.148891459843204,0.0413353989136217,"E02000917"
1.26359643382444,0.00687554822504573,0.00295872872972375,0.0315431159912018,0.00455829483056289,0.00588299290413421,0.0174872685594305,0.0216687370313417,0.0309359808535713,0.0101247895727082,0.135947368309549,0.000362276433414256,"E02000918"
1.30300937684412,0.00808900771402119,0.00342956538777438,0.03293885590017,0.00484785146712012,0.00649260660325766,0.0177279389703496,0.0248227704554757,0.0347328511735329,0.0111021315653058,0.139459605875948,0.000240358682728793,"E02000919"
1.30591069157335,0.00899119743018187,0.00402247487757439,0.0340838222686758,0.00483448059643485,0.00688030905914993,0.016340224972658,0.0248576331954167,0.0405727357151483,0.0114323916412274,0.139184490243592,0.00012282551526892,"E02000920"
1.26719433185883,0.00726799445414987,0.00310762557899861,0.0314278843451174,0.00453260349885934,0.00607250361220056,0.0163033033847517,0.024034349357602,0.0296258125956995,0.00987870183462213,0.136133970800947,0.000198735484419071,"E02000921"
1.26460120454254,0.0067673150425812,0.00292151239234326,0.0335710024996455,0.00441224327361199,0.00588048916072859,0.0161918714049092,0.0223703619764225,0.0272899649354103,0.00929553632592174,0.135974185470058,0.000226227878057117,"E02000922"
2.96648623908322,0.0266843547589626,0.0354661467266423,0.0546818046994083,0.0197746941305371,0.020040861723981,0.0274337703079902,0.0436329179366043,0.0325041863075752,0.0251950980677413,0.299646963257409,0.258288104249395,"E02000923"
2.84285378439336,0.0265739850306252,0.0330904438237486,0.0588305226714055,0.018717337198273,0.01941669587715,0.0263807720572154,0.0406209830640586,0.0339877921593699,0.0242567993472271,0.286834089960303,0.249603473665115,"E02000925"
1.67471384157135,0.0160141270440084,0.0185519461574518,0.0386340958067082,0.0127515380203,0.0125065752334394,0.0190697425325797,0.0295367735811525,0.0215730840366194,0.014749652679217,0.167128415234448,6.48216856519949e-05,"E02000926"
2.54955639118438,0.0257960010292458,0.0275912976241608,0.0611497594075553,0.0156924129399535,0.0168584847741111,0.0239799971181716,0.036500483766014,0.0352369226031133,0.0207113123093669,0.257822841399541,0.192514672490975,"E02000927"
2.3223294910821,0.0179262220071339,0.0330478131468852,0.0386431248431385,0.0146341358055323,0.0165952177404142,0.0230630970955482,0.0339976635367434,0.0310288435737081,0.0313734167324539,0.23270491166962,0.000118157216263413,"E02000928"
1.92970232930182,0.0179516208127194,0.0184324138271801,0.0462803448220029,0.0133367683764411,0.0131537827298679,0.019650429979003,0.028985354939563,0.0257762065629157,0.0148225204244159,0.196491108835198,6.76612238619332e-05,"E02000929"
2.75153358091864,0.0260161534629638,0.0281297026890369,0.0627272483218566,0.0176179804954627,0.0180009675989326,0.0247644115171206,0.0367174209614867,0.0358114622346164,0.0226874198960876,0.280436408270944,0.22378430821458,"E02000930"
2.61561666739141,0.0253705694779335,0.0238726639645596,0.0635026508763754,0.0150958209135821,0.0152230338032622,0.0225527075783081,0.0329982119338571,0.0372243804735585,0.0191236993603781,0.269386965213111,0.161796289954649,"E02000931"
3.28755427999167,0.022765408180699,0.0233825776229893,0.0594012790527698,0.0153455669717732,0.0186732011445379,0.0258906268014341,0.0326272074991225,0.0366336152224202,0.031967981274748,0.349815154073323,0.000179547472096513,"E02000932"
2.4951385522922,0.0204207586694701,0.0299859755809627,0.0481175281993715,0.0157273528577499,0.0194296749354125,0.0236405908093918,0.0352008512401317,0.0435909279992995,0.0340706662977659,0.252857358625675,0.000151552646910202,"E02000933"
3.10468233801446,0.02520851972067,0.0261390440937816,0.0643615294101439,0.017196744481699,0.017618538498568,0.0250475679394225,0.0350325779738868,0.0374756051695448,0.0241539495161744,0.325158232124961,0.22125593229097,"E02000934"
2.12502372519645,0.0187360874557941,0.0259081244942477,0.0432197584875014,0.0154124911937048,0.0172843927175454,0.0211462012736598,0.0354755836938204,0.042587049054673,0.0312016210315649,0.212583656642148,0.000131563618151327,"E02000935"
3.37674753833379,0.0275539006690821,0.0278722734870739,0.0756560339600996,0.0183167338047574,0.0232438959395932,0.02940689949575,0.0369127092796177,0.0571266790050883,0.0396948152362981,0.3518355280726,0.254479216689429,"E02000936"
3.12742500047489,0.0231550501414429,0.02078538100848,0.0608553933296247,0.0137072098978181,0.0132986918479903,0.0217418072988854,0.0298836950328406,0.0374021133940238,0.0181973839845466,0.334666521185925,0.141401529802829,"E02000937"
2.89053419758574,0.028823827182647,0.0261463484658215,0.0725800538660202,0.0192718685739782,0.0234991099443172,0.0294547307890761,0.0403660364351247,0.0614807628358724,0.041114482255839,0.292396555472109,0.309978101493616,"E02000938"
3.10956160094225,0.0233995967078693,0.0199528121363697,0.059947560678795,0.0135839957156306,0.0125497172005692,0.0207486649571588,0.0294607872776906,0.038140395908179,0.0168164319570817,0.333015299706124,0.124047149703245,"E02000939"
3.59086509095657,0.0250882993329029,0.0232012937779972,0.0703848430649192,0.0156322466981827,0.0170897315263308,0.02672498062574,0.032908951635969,0.0456733238742189,0.0301892006785092,0.384350196628042,0.183422816590281,"E02000940"
3.33707777081721,0.0237110592054877,0.0219781662262008,0.0646872061254263,0.0143583850488954,0.0150668521198905,0.0240067324542579,0.0314404456809193,0.0397391055199079,0.0226260099536281,0.357437362899683,0.162961404479035,"E02000941"
3.50165393935238,0.026022431047536,0.0230076664353119,0.0772068838549528,0.0157274501866337,0.0188414947189531,0.0282963201832539,0.033369579970566,0.0560684278150829,0.0337229890401028,0.372319798692478,0.200325633244812,"E02000942"
3.0115515108623,0.0218239075130927,0.0174868446733359,0.057000696294313,0.0126118399046226,0.0111497383317022,0.0198221610529153,0.0278784014965037,0.0424128588175174,0.0156172857239847,0.324036446040448,0.101797530589257,"E02000943"
3.24474096541605,0.0268248913734123,0.0220383741748284,0.0799313685757972,0.0162317668182525,0.0206233282616244,0.028914448021944,0.035028643464141,0.0620983863759747,0.0374608179762834,0.34071359209299,0.232005344852927,"E02000944"
2.44725256734805,0.02417045118436,0.0182848076876919,0.0755313627077647,0.0148710534688586,0.0177649592584678,0.022945572982254,0.0323335853534505,0.0557711253592399,0.0321742071573134,0.249854690736581,0.000271983848160576,"E02000945"
3.12590605576298,0.0227887034645694,0.0190109162001358,0.0652167355782646,0.0128464013606866,0.0127844415143857,0.0234329438018712,0.0293220161289442,0.0457783288239929,0.0221134357545758,0.335293081828862,0.123672315235771,"E02000946"
3.29532035213489,0.0247470571843238,0.020455084188973,0.0750182211791038,0.0141066744310842,0.0156683827691411,0.0268583476452631,0.0312717050177736,0.0562393207015617,0.0301364401329481,0.35143926996077,0.161227018675667,"E02000947"
2.71422618164185,0.0186287045608178,0.0136425079889538,0.0536993219003964,0.010550233723066,0.00967224912507762,0.0190948083757213,0.0263306194205504,0.066860514420257,0.0153212859166936,0.293117078987851,0.00029553138945448,"E02000948"
2.85495784204591,0.0206378316131264,0.015876911215487,0.0585265490807826,0.0114835408513879,0.0106622551920395,0.0209512254364281,0.0270993312213599,0.0519832532122355,0.0171455868616636,0.30716761983003,0.000621937430613237,"E02000949"
2.95520860263727,0.0246722070345589,0.0180322981889487,0.0798700678656164,0.0142068852434866,0.0165570579163118,0.0275582682778189,0.0318750035072957,0.060257002524741,0.0333102756113593,0.311071621866155,0.0005281237786988,"E02000950"
2.79855128745793,0.0197005996283285,0.0146850814166855,0.0569618332475596,0.0110360655824619,0.0101204206062053,0.0204215740682401,0.026841425664932,0.0643997652206973,0.016457300562477,0.301676289974757,0.000412699518315018,"E02000951"
2.77730074265199,0.018963352535231,0.0140160688004341,0.0566757777055093,0.0107325529048386,0.00991262669095644,0.0201689559068381,0.0268954794825265,0.070842939459615,0.0163098698861504,0.299791208697482,0.00030531090819621,"E02000952"
2.96790296434072,0.0228948437504026,0.0169065381654905,0.072432491262847,0.0124124616211641,0.0118422533069648,0.0250932593111584,0.0288019369044358,0.0659273278666161,0.025965116284486,0.316763442145003,0.0207724671779282,"E02000953"
2.83652531740305,0.0195155703890955,0.0142049408371863,0.0632537417239859,0.0108112044807702,0.0103198308284707,0.0220140766480432,0.0275325031452089,0.0735462940122929,0.0191769860047315,0.305563552008966,0.000291554051696459,"E02000954"
2.87822224479617,0.0200634121746745,0.0143900780394427,0.0671577986761421,0.0109711794796429,0.0105840833783967,0.0230716078751306,0.0278777429029403,0.0735992226100076,0.0213225941155125,0.309573710406597,0.000293857873789578,"E02000955"
2.98133620975206,0.0217731603724358,0.0150566626575375,0.0773855274970052,0.0115795548336535,0.0112010249453767,0.0257150560583942,0.0287870218038796,0.0754515839102258,0.02648275166557,0.319064191884233,0.000342903028726383,"E02000956"
2.8963097821168,0.018878744025106,0.0133311334696264,0.0739207814708953,0.0104853230592322,0.0106068352683011,0.024326466108126,0.0284564488512605,0.0653342587573993,0.0235177481255116,0.311648225950721,0.000243419356340875,"E02000957"
2.77085731368502,0.0166326223382309,0.0123172172123501,0.0679673395832085,0.00987177775713898,0.0100192163949954,0.0225320228108741,0.0279620575268497,0.0635237607703111,0.0192687175232002,0.299134470449066,0.000216661381770972,"E02000958"
2.75912447479042,0.015559301173684,0.0118255037367187,0.0686570149887147,0.00962381743150186,0.00990298770476886,0.0230282990613365,0.0283214432731269,0.0612802623458373,0.0190672225192675,0.298174328542578,0.000206439594052823,"E02000959"
1.12875303353898,0.0091855034919333,0.0097761049735248,0.0183265036090675,0.00738212007232218,0.00685977124206441,0.0169443879691542,0.0148808893718372,0.0136314319099067,0.0201905057668366,0.116593924299931,0.032913222599332,"E02000960"
1.3499838335136,0.0101567023097911,0.0120713680691426,0.0220858107521272,0.00889390157909027,0.00830664511012715,0.0225440894519575,0.0122238601808599,0.0161507212323367,0.0208988702816459,0.139911292669778,0.0621988239251842,"E02000961"
1.37430076912916,0.010603155031911,0.0118205066960466,0.0224336891255322,0.00902244454230717,0.0084622400574885,0.0212033923660777,0.0148355940906926,0.0161919681531933,0.0239109871916783,0.142379543909089,0.0571461570296034,"E02000962"
1.16535728656978,0.00796348109917041,0.00600528582526508,0.0168239853950005,0.0076230309311444,0.00555325988953335,0.0206758266040417,0.0094766387710926,0.0125565269967261,0.0139094876368778,0.123355605167396,6.01322069903419e-05,"E02000963"
1.14886496418804,0.00775726695236529,0.00935309036947412,0.016458651274355,0.00764567064517083,0.0055162521071479,0.0208366170485267,0.00937796381424675,0.0126154725479734,0.0152120750879337,0.12024895172741,6.10391448695534e-05,"E02000964"
1.66709099814171,0.0114142627547732,0.0149139120179843,0.025692001938526,0.0111500298277936,0.0100329748283564,0.0268782698271179,0.0136395932703214,0.0192255065877877,0.0213221661326998,0.17375372028135,0.085234384070056,"E02000965"
1.61276091986872,0.011525979953859,0.0139998788201815,0.0253731415399052,0.0106271813767742,0.00979143387193055,0.0248179177483733,0.0144480711922576,0.0185775477711953,0.0239344876177295,0.167953679611783,0.080412170835136,"E02000966"
1.25658160698386,0.00994921073787099,0.0106897241559666,0.0190130879941198,0.00805767626068476,0.00732438165792023,0.0170809706212116,0.0201052660676328,0.0148077052179356,0.0203744400361921,0.130416661025972,0.0427732200795133,"E02000967"
1.6043862102164,0.0119740742516825,0.0134191148280909,0.0248261618017503,0.0101953530201103,0.00946081498872922,0.0227384554940728,0.0191238079129462,0.018028327758502,0.0258940601058015,0.167242074189435,0.0736066031930309,"E02000968"
1.86142454065951,0.0123536171795594,0.0166274115923925,0.0277996986348329,0.0122161978618306,0.0110609788554895,0.0286348685000374,0.014954000061226,0.0208933102864659,0.0218246387223363,0.194665103980284,0.099348256598099,"E02000969"
1.60165356593186,0.0118204984877127,0.0125830806857048,0.021457695212821,0.00995751525208408,0.00812240412820442,0.0190432351625716,0.0288261521092895,0.0175793152120021,0.0212538006122282,0.168047691006368,0.0657120482295243,"E02000970"
1.72863387892056,0.0124587598205906,0.0137289974539439,0.0241785634625269,0.0106120987638746,0.00925498679918026,0.021438996423615,0.0263188426095704,0.0186354722199004,0.024171084191855,0.181520285724231,0.0802608412003237,"E02000971"
1.42468555167753,0.0114638378068242,0.0100714928596517,0.0199016483105028,0.00944936798694699,0.00745761936222793,0.0174178076727196,0.0346066306170947,0.016271817102206,0.0193075034331392,0.148207745135164,0.0540246285500088,"E02000972"
2.0216780351179,0.0132066389662675,0.0180245735190872,0.0296457905545356,0.013028433422203,0.0118378951437127,0.030544576305729,0.0163360780618856,0.022009046164497,0.0231943949367169,0.211821631177109,0.109471933198932,"E02000973"
1.96558694143285,0.01373459423714,0.0156776821278578,0.0279521432766842,0.0121076056467702,0.0106694657777848,0.0256077859850703,0.0258593338248644,0.0206113305168381,0.027310995028001,0.206609709207056,0.100187723208474,"E02000974"
1.99089108569801,0.0137181437833938,0.0166272587137934,0.0291547399746174,0.0126249264869183,0.0112667983103228,0.0282627933140682,0.0204864683187196,0.0212617231451412,0.0279966238580182,0.208670127339312,0.106954840950115,"E02000975"
2.07560640666488,0.0139259774830529,0.0179464243625007,0.0303093708114657,0.013317292920905,0.0119070456376118,0.031005357632609,0.0187151011950902,0.0221811304351943,0.0263180595817395,0.217476479372864,0.114902231353975,"E02000976"
1.56792336009746,0.0133531115527711,0.00965122292716637,0.0234850317595945,0.0106945032847733,0.0085280903858499,0.0183939978575102,0.0389484750690592,0.0185692284994714,0.0186375553018575,0.163059811075777,0.0775426309725189,"E02000977"
1.13027572092902,0.00908347862742656,0.00927058687049831,0.0170524840565758,0.00833281914521585,0.00621894882452764,0.0181621452667367,0.0293140490440715,0.0125988257284702,0.0189734900101077,0.115562759012676,6.36764809646366e-05,"E02000978"
1.91342278731266,0.0165816056172473,0.0120095212674223,0.0298687800668501,0.0132191470415237,0.0114417979668544,0.0206652618988977,0.0405029918319409,0.022930233589999,0.0187432249728652,0.199155607092396,0.118485941175194,"E02000979"
2.02182612826298,0.0187361883981334,0.0128217740321117,0.0351873303982736,0.0139810610627368,0.013107250584161,0.0219701886749926,0.0402271507397652,0.0258676474521069,0.0189984708571588,0.209436452963782,0.134275342064608,"E02000980"
2.34079119599737,0.0201871275157755,0.0183833982598993,0.037212203638162,0.0152829312323593,0.0150864751919412,0.0234232130173921,0.0420059212455191,0.0271518815941456,0.0208070694157085,0.243367585258837,0.161527485419333,"E02000981"
2.49610556410747,0.0209280912829192,0.0197089855715259,0.0381765764567851,0.016294842219477,0.0162977807959932,0.0243584849920314,0.0432921116822124,0.0276234142890483,0.021930078576491,0.259922717591879,0.184644595486763,"E02000982"
2.3031321046204,0.0212304736264809,0.0186313429835481,0.0407441733581173,0.0148946307413132,0.0146674441827509,0.0234200744371123,0.041154330059206,0.0286623913818379,0.0205038965922854,0.238262602723335,0.156262651886304,"E02000983"
3.26295394241514,0.019351868175195,0.0316076255328381,0.146980577177986,0.021340067752472,0.014338054272535,0.0264256801590015,0.0400975822864197,0.109637494208389,0.0340190305343263,0.328067003378192,0.00145001776378529,"E02006782"
3.0821916447124,0.0180714428518063,0.0214506615154968,0.120208168932283,0.0183022020922805,0.0143189880622079,0.0269366087123085,0.038505368829233,0.0992386060003129,0.0287107303447632,0.318737788920145,0.000651994568076153,"E02006783"
3.29925484577423,0.0176422200888161,0.033741883138337,0.126844984163806,0.0176857138931952,0.0136408445612559,0.0278937277910335,0.0414332947355861,0.0980727505078114,0.0301330500496554,0.338405635095891,0.000291363596226814,"E02006784"
3.03378205327199,0.0187038585981965,0.0131198247279369,0.142620697372078,0.0159831559191268,0.017444343177817,0.0282191913420467,0.0337344877484119,0.0358089148439498,0.0253836485693487,0.311154155532857,0.234757334895756,"E02006785"
2.83414247124599,0.0175360073757228,0.0101393146712017,0.128680380721642,0.0136654239734427,0.0170545169556918,0.0273918371227253,0.0318020132134008,0.034427303364791,0.0238089140810424,0.292394408857661,0.211423611102137,"E02006786"
2.83643841280231,0.0135624203681941,0.0114925304660097,0.115528704000447,0.0105902023040086,0.0110656955571807,0.0234439478210305,0.0329593388478319,0.0550878785157176,0.018548182342683,0.299962951712513,0.000304469175362871,"E02006787"
2.94745215763654,0.0133114600299628,0.0114888770672007,0.109238504412956,0.0102947704828801,0.0111270130085384,0.0235565276484122,0.0310994883779907,0.0549744986137083,0.0185667049688946,0.314646312134853,0.000238928467400374,"E02006788"
3.00622785523664,0.0178431474086156,0.0183154516069256,0.159233858218355,0.0132573944260806,0.0130353092106612,0.0255966939075095,0.0351533635618914,0.061751877738154,0.0211626166155116,0.305171009260569,0.000395968574389159,"E02006789"
1.27244897885047,0.0103562275926193,0.00642207807652899,0.0193092121598194,0.00900016451785094,0.0120155720549645,0.0140418911041593,0.0154839874721963,0.0279666773154819,0.0141285482781372,0.132904657757017,5.35366403034868e-05,"E02006791"
1.23853047071931,0.0103431873349758,0.00606121372686975,0.0193527110596065,0.00906713093892066,0.0119791498133091,0.0135100158842343,0.0156343244675553,0.0356875888942561,0.0138996246557894,0.128899474452588,5.39235826726936e-05,"E02006792"
1.49994973123293,0.00951358421734924,0.00979281147031119,0.0318757204463593,0.00882510507042081,0.00883027068003395,0.0182928405257059,0.0217106294447471,0.079890754127131,0.0125619043973172,0.158345656636138,0.000131514650281166,"E02006793"
1.47043387134975,0.00964707115085061,0.00946145638238484,0.0329349094921129,0.00903931091417882,0.00882623020106242,0.0183766309794463,0.0237113373270947,0.0809492499030514,0.0130932423182731,0.154455621254712,0.000122724132606177,"E02006794"
1.21166240507278,0.00881384985449389,0.00354417346279908,0.0220529883972056,0.00634972018969975,0.00716648429060495,0.0134222445024147,0.010005260330099,0.0456968425906908,0.0137554581102979,0.129291535507302,0.000264437893995522,"E02006795"
1.06365025869875,0.00876193750145026,0.00328195198370632,0.0212420317662706,0.00603956200333927,0.00676614081387251,0.0123743448965102,0.010616497444086,0.0285895702643872,0.0129527648947912,0.112520273933715,0.000221361038090354,"E02006796"
2.66984491677413,0.0151346441007221,0.00812161632058417,0.0462919323172129,0.0107937837536537,0.0142866307424253,0.0271488967377619,0.0335745247666087,0.0562586481323764,0.0140457752804193,0.28962124126193,0.127644222543494,"E02006798"
1.57979078658449,0.00920503090853368,0.00475859931555372,0.0558639867443916,0.00634510474344645,0.00668251159943756,0.0199953188342537,0.0206614238400117,0.0348494504034604,0.0140822893174933,0.16656872422758,0.000219887866091031,"E02006799"
1.43668057345016,0.0089741120185273,0.00397722949012809,0.0516745155505934,0.00578979515752826,0.00629783294457108,0.0178439386076663,0.0204298145043518,0.0331819974281424,0.013243360129102,0.151370051080605,0.00150216899205594,"E02006800"
1.68254745690102,0.0155879888651544,0.00778564144785886,0.0300674598772346,0.0113977942000647,0.00995976470813698,0.0188492649562201,0.0373101068141985,0.0232608450664275,0.0148670115469499,0.175265085707263,0.0936660633685458,"E02006801"
1.80100875489352,0.0169978437400134,0.00819560494264493,0.0406431307783859,0.0116953169526771,0.0108744660286488,0.0197247646456474,0.0380107430667126,0.0268883927443698,0.0141212576233712,0.187229228859883,0.10407614242471,"E02006802"
2.02203370771131,0.0138010604160704,0.0136451393904417,0.0740845756029321,0.00924668165561657,0.00947505246979777,0.0208230755031168,0.0280831014425042,0.054232070989216,0.0199406988480745,0.211189860146488,0.00181658206204073,"E02006836"
2.42601676341367,0.0146795131130881,0.0083492044090508,0.0539178627568068,0.00883552484007562,0.0143768630683083,0.0275786629999457,0.0349178351282841,0.03708599512481,0.0126443604297729,0.261389394654931,0.128415397354777,"E02006853"
2.3711645051988,0.0139477747563583,0.00758575617908658,0.0568458884139811,0.00782685530154636,0.0130015722147447,0.0269387290615903,0.0353564088163429,0.0358346868805994,0.0125930312750133,0.255614828536546,0.121895114482349,"E02006854"
1.72096328840602,0.0107384923997844,0.00532388243593507,0.0243858221165384,0.00820244539500811,0.00857481962660693,0.0174515014525605,0.0124827528198899,0.0551373119710629,0.0160857623622888,0.185962803698356,0.000147748644302046,"E02006882"
1.37698807660828,0.00998630058809537,0.00647416940982422,0.0372560153094412,0.00610236572408826,0.00879206171344492,0.0177141649186588,0.0280637001006487,0.0557059722965625,0.0141408892335295,0.144841995894525,8.35175215583764e-05,"E02006918"
1.39374446573892,0.0101923170553479,0.00660122608831769,0.0373107042294721,0.00647495431591178,0.00879829659949538,0.0178361788527621,0.0286107893033404,0.0611676536903021,0.0154748993392288,0.146365969946394,8.08101622431082e-05,"E02006921"
1.25734242765442,0.00754057593284253,0.00268500786090712,0.0411476408722183,0.00445376959706589,0.00544602401366973,0.0166083386797154,0.01928112914923,0.03055634332867,0.0112133258560357,0.133983373879178,0.000150216567623576,"E02006924"
1.24982475384241,0.00744420852718164,0.00283143835461989,0.0349353717710348,0.00466979542776238,0.00559233775461313,0.0177079977076274,0.0200801536187767,0.0332858790494765,0.0119756501216716,0.133761542591617,0.000162980940598127,"E02006925"
2.84233432381068,0.0176435698355086,0.0126844915837007,0.10904596832331,0.0143205537223374,0.0154083851029534,0.0285760564714212,0.0372724024177,0.0435856632028031,0.0203684284811311,0.29750883597433,0.21206237804773,"E02006927"
2.68723007338296,0.0150749096026911,0.00885877497836572,0.0493648446388746,0.0110789534273308,0.0146299821073542,0.0280201238894795,0.0330990879577866,0.0429806242079373,0.013429572473295,0.291155754321767,0.134466516368921,"E02006928"
2.45730731113649,0.0148284580415573,0.00824012868164481,0.0815634299425822,0.00942666170589665,0.0155676798107147,0.0269455464955536,0.0323788464964784,0.0273264147832329,0.0144178499330673,0.261090796850043,0.135756579310702,"E02006930"
2.60580931178787,0.0149713842967619,0.00917722760887904,0.0540975068984483,0.0120075788977549,0.0146669889032033,0.0281085972531071,0.0329591349776255,0.0340281328096461,0.0139580886239208,0.280888136264491,0.143006451053948,"E02006931"
1.9234361064978,0.0157893838859076,0.00770235522295202,0.0477244239304165,0.00994906235910362,0.0106011862641166,0.020273725865441,0.0365402994063336,0.0311381752691577,0.0125644633193968,0.203072868803315,0.105592828212917,"E02006941"
1.93412248978326,0.0162159056750343,0.00784830863264256,0.0484653905247019,0.0102838163447467,0.0109651541873492,0.0202225055727387,0.0362741001278137,0.0319087727665886,0.0126647068679951,0.20379776051144,0.110483455741854,"E02006942"
1.80530531260274,0.0111458649712229,0.00561259022397743,0.0342744350098582,0.00897232399303168,0.0105074402869369,0.0210425169166217,0.012588670831105,0.0346168765973161,0.0183063272990701,0.194135847975542,0.000249730809349815,"E02006953"
1.80120456269392,0.0108908491220619,0.00563432240767851,0.0331083468797987,0.00895907099331002,0.0103851462480432,0.0208064245570342,0.0122450333936589,0.0346776264256124,0.0177554963874697,0.193837672182415,0.000217067721496399,"E02006954"
1.48607674495695,0.0100057663625014,0.00526654259259566,0.0227704574395071,0.00784225092421141,0.0089337509129306,0.0158733626484529,0.0105858861301734,0.0459379917553732,0.012059610181445,0.159462615412154,0.000122350023902508,"E02006955"
1.41349749300222,0.00999769632936786,0.0053580315194878,0.0224764567704543,0.0081281412640896,0.00920872402972502,0.0158155390015281,0.0103559033421046,0.0418567144917376,0.0120112556120312,0.150741477566052,0.000133132727110848,"E02006956"
1.13561098519645,0.00850504357163548,0.00330113549763738,0.0189565282458008,0.00659732087516521,0.00809457514572609,0.0112420125901125,0.00937010604273104,0.0477309011630381,0.0112547148902406,0.12093149070854,6.09946878003041e-05,"E02006968"
1.14501800595847,0.00876990380705299,0.00298213232976619,0.0188956619988602,0.00642996751548252,0.008696932357497,0.0111539785335638,0.0103014426667184,0.0496562713018662,0.0111252416672912,0.121916605079552,5.94264096844616e-05,"E02006969"
0.961918830320663,0.0100871203507969,0.00336757960148569,0.018372095888487,0.00604837608379572,0.00757537164089006,0.0134017229543011,0.016105217786138,0.0287366916510559,0.0133743122057647,0.0994557430210121,5.58833044567123e-05,"E02006970"
0.940432586366882,0.0100514493598362,0.00343217527029048,0.0190468738826827,0.00612438251157428,0.00752422788662236,0.0138022422650528,0.0172034322722718,0.027625335092895,0.0141348725902852,0.0966035622749973,5.6264297525035e-05,"E02006971"
1.17887551387441,0.00968370325168341,0.00370973809816582,0.0182259647542912,0.00761519642348351,0.0104852436803737,0.0115886140204088,0.0136303829317972,0.0458880933870998,0.0124052220525724,0.124181174162446,5.13854484731182e-05,"E02006972"
1.2167365171425,0.010777161049493,0.00358969692219049,0.0178986761060338,0.00710780833895762,0.00994153354580868,0.0114135504999377,0.0160782523723296,0.045685960763013,0.0122486508259706,0.128578623297546,5.07418034069489e-05,"E02006973"
2.56865363477087,0.0127450931138624,0.0118401172617433,0.101698902429002,0.00944094334370025,0.0099033571035933,0.0243805522751575,0.0279184282869232,0.0541737942438955,0.0180024094037148,0.271708447637103,0.00024385521000765,"E02006987"
2.5223096846833,0.012354410877318,0.0121602667835362,0.103136263684791,0.00943210609924964,0.00995573448919001,0.0242125279160419,0.0275992741436553,0.0535871534348113,0.0178900568943262,0.265956765579238,0.000323973554678399,"E02006988"
1.67730753282572,0.0102116462673684,0.00462313315630468,0.0601709725902885,0.00570396494166296,0.00760358088046128,0.0219006786097146,0.021029786992022,0.0272820168675356,0.0126534864233601,0.17779643473323,0.000124802550569752,"E02006991"
1.83760667357595,0.0106453963469782,0.00477789987331059,0.0473251042491812,0.00578210182714845,0.00956348899765709,0.0204711232663437,0.0251554453220678,0.0229092735416203,0.0106776677681879,0.198331496643975,0.000106101482997537,"E02006992"
1.76223493400915,0.0108073080650533,0.00440758024030831,0.0512781301916892,0.00595161745358103,0.00934463936058095,0.0208768608191603,0.0230325422937829,0.0240496366669453,0.0115068518654413,0.189026288863572,0.000118580119516363,"E02006993"
1.63320903122139,0.0100066250697475,0.00438325481344403,0.0510966877374775,0.00561875760682373,0.00806021184112705,0.0222347968330512,0.0201597219521005,0.0256066577138606,0.0122830915358457,0.174393778806187,0.000116565252314625,"E02006994"
1.30567915326108,0.007828126930035,0.00351576828706421,0.0324706026173608,0.00415267892425664,0.00633107553300056,0.0142730402599501,0.0254117148159332,0.0322089650975387,0.0101495184932729,0.140262048491291,8.88343556529156e-05,"E02006995"
1.32447352148708,0.00792692024375227,0.0034084138899188,0.0362533157305119,0.00426177121577091,0.00634307626013809,0.0146007988815499,0.0251299762817584,0.0277905582394425,0.0099121711525849,0.141985618575037,9.80439192022324e-05,"E02006996"
1.40176003338039,0.00776574327278616,0.0037294126241219,0.0404098036700001,0.0039117100872326,0.00646248304784645,0.0160483938035239,0.0242203611515163,0.0263033988747785,0.00980614879304164,0.150535227284119,7.45170661975707e-05,"E02006997"
1.48458264482532,0.00887999352174534,0.00395067271478953,0.0468449109512003,0.00496258871895901,0.00646585060912791,0.0205437391447289,0.0190359439508878,0.0254527736418327,0.0107798113754978,0.158578519344755,0.000112105407108861,"E02006998"
1.632490947773,0.00980043841352116,0.004234039180959,0.0487980490031864,0.00515600780021947,0.00757342023058592,0.0201882438364107,0.020258066602242,0.0243376431076196,0.0108879235676396,0.175171084355826,0.00010340453917821,"E02006999"
2.43960531086401,0.0141033833430728,0.00788695955891646,0.0382056524941094,0.0116005898620982,0.0119540960156267,0.0258538131367925,0.0311292116969542,0.0581419884004094,0.0145684808936576,0.264132451063512,0.0006545024970715,"E02007008"
2.64424341526977,0.0160572209420482,0.0090388956201769,0.0455308086555798,0.0130283260250226,0.0124820044236148,0.0272713214529661,0.0336703579767192,0.0798650972660986,0.0169575143937652,0.285392134582818,0.000292229230015021,"E02007009"
1.56809544546136,0.00906553552056913,0.00450516507854704,0.0553804087583115,0.00630242998443852,0.00666874188961416,0.0175389988490642,0.0216145673663485,0.0358485052813872,0.0140133491626346,0.16568110707228,0.000497377610210282,"E02007017"
1.57951479873976,0.00913958658148972,0.00469531649344191,0.0566200440980756,0.00633359048072435,0.00669228010004626,0.018371391453129,0.0213192873237204,0.0354933069855645,0.0140403953149723,0.166577624660328,0.000309771690831098,"E02007018"
1.28311011393917,0.00822691029403512,0.00289620995330067,0.0464082159975156,0.00481768292344455,0.00573145410302579,0.0157844554723774,0.0190512195763526,0.0297910404445194,0.01184404560646,0.135661496465898,0.000141701551124513,"E02007019"
1.2545619889504,0.00812812097564534,0.0028579150395274,0.0462024327723811,0.00480386484907045,0.00573044144329208,0.0156007410579994,0.0185925547767503,0.0288008868374931,0.0115103449338575,0.132395843410658,0.000144326043548018,"E02007020"
2.39947114045642,0.0233308396612349,0.0227886046937117,0.0465966593317347,0.0148052102507148,0.0153780059489295,0.0238440835553261,0.0398632312174112,0.0302170863581028,0.020875982854622,0.246065053335226,0.174440115139369,"E02007083"
1.40246679407964,0.0150694752959796,0.0141767290072998,0.033350251026262,0.00852532344197312,0.00984653128086341,0.0161443058147168,0.0266531502951979,0.020245156216498,0.0131813377702175,0.141495181162832,7.01205808086973e-05,"E02007084"
1.75545751337556,0.0136651452984116,0.00769331449809878,0.0456160072478804,0.00873995227660923,0.0120061672737374,0.021653980200956,0.0366720261292902,0.0301979207952458,0.0144294629977922,0.18445332697594,0.0743144753073571,"E02007108"
1.67381174916238,0.0131388305619896,0.0075111541369044,0.0453347090473318,0.00842075748422923,0.0113153261775026,0.0208375171088589,0.0365664470617883,0.0284735047858502,0.0137353485496496,0.175385498309229,0.0717616331182569,"E02007109"
1.51858051490477,0.0120651783865037,0.00704663585791856,0.0440177860843242,0.0082833328923579,0.00913066272053725,0.0186480346874863,0.0378785485158731,0.0257841944053916,0.0130731779894209,0.15807405400407,0.0640579426593443,"E02007110"
1.64452285991505,0.0131411112597381,0.00740559262309213,0.047029085297294,0.00877242868410051,0.0100644580059663,0.0197390682896182,0.0402680234821433,0.0276107055507555,0.0131270458476635,0.171518323507967,0.0740407874310628,"E02007111"
1.67754235553436,0.00902481335808939,0.00429077449378116,0.0518780071431497,0.00448312275374993,0.00706299145345524,0.0198293184334421,0.02338321995457,0.0220814864234979,0.0101031363832206,0.180390288066039,8.83796136552971e-05,"E02007112"
1.79567763999251,0.00947782649079841,0.00466796960021849,0.0390666024031767,0.00458297062907805,0.00794699167385401,0.0201423761032344,0.0256129986696566,0.0219612887261143,0.0100143921297834,0.195262119097987,8.38190754144257e-05,"E02007113"
1.81986427061589,0.0102279861112717,0.00550295905227261,0.0357142714735559,0.00533664063663219,0.0103478487952518,0.0207833992410319,0.0267234761434502,0.0230856482959916,0.00996779175598169,0.197427812883054,8.72609834981234e-05,"E02007114"
1.10623371411808,0.00942375641594583,0.00600728232287627,0.0180122211527722,0.00754745224244353,0.00687441441156488,0.0151194788106523,0.0320188263023747,0.0147698618496521,0.0160604862396901,0.114233994716364,0.0309093797140395,"E02007115"
