"Intercept","IMD","Asian","Black","Other","retailers___other","takeaway_sandwich_shop","pub_bar_nightclub","supermarkets_hypermarkets","hotel_bed_and_breakfast_guest_house","other_catering_premises","log_pop_density","alpha","MSOA21CD"
1.40562651121012,0.0583973732328242,0.00626253488939556,0.00906839117687829,0.0240079578476274,0.00735825305901159,0.00794617626293624,0.0156539856713316,0.0295989433044774,0.0207565557285375,0.0112081866721064,0.147396607293597,0.0655767385477189,"E02000001"
1.18594568773301,0.0489115569971549,0.00432927122113152,0.0117434231969734,0.0365190250544748,0.00515247392567059,0.00575354854831964,0.0143252891089358,0.0167237931278782,0.0308472018811265,0.0119468988217643,0.122917157968944,0.000236410029398458,"E02000002"
1.15243564119796,0.0476817579640375,0.00441072614896327,0.0114254080886859,0.0373839042858544,0.00509003075379308,0.00569965942794844,0.0138697358984878,0.0163132567287351,0.0294359712096202,0.0115391337099746,0.118966037764165,0.000223093614885175,"E02000003"
1.19682625289916,0.0487943646134942,0.00484289412631632,0.0115836655903862,0.0412650556912784,0.00566375228763536,0.00605866790569006,0.0145503145182126,0.0163431389170252,0.0299073909311746,0.0121435609663067,0.122835653616419,0.000573936300408705,"E02000004"
1.15123044342788,0.0473844039134196,0.00460468673375583,0.011413381043881,0.038885178105464,0.00519317534405943,0.00575444527586514,0.0136707566137157,0.0161772864032524,0.0286727185375621,0.0115520039744972,0.118441204046158,0.000208147131374397,"E02000005"
1.17038893445004,0.0478997696698166,0.00473093274880115,0.0114922322622155,0.0400724387834559,0.00541055653291374,0.00589204006714214,0.0139869368667212,0.0162267124829308,0.0291460816206708,0.0118538365140336,0.120235994946494,0.000264469268934685,"E02000007"
1.13545162108106,0.0467679715887301,0.00461614543759759,0.0113370667044529,0.0387301254495533,0.00509813818722639,0.00567262251438228,0.0134898891671225,0.0160644063737504,0.0276245350439406,0.0112442459853968,0.116719467846215,0.000220104733941473,"E02000008"
1.12475816540814,0.0470607573129617,0.00455675216648029,0.0113545451152554,0.0382569084476514,0.00493374950477101,0.00557198091232239,0.0134471179520446,0.0161714287929698,0.0269635474566373,0.0108615345745829,0.115626592803716,0.00018146267972276,"E02000009"
1.15396227064706,0.0470484751446887,0.00473545481906196,0.0113983694780888,0.0398282956398237,0.00530708408401356,0.00579780035400521,0.0138645925739401,0.0160922503513431,0.0279065803808845,0.0115615510519335,0.118484799137489,0.000385740178436977,"E02000010"
1.19950566495064,0.0489060878886657,0.00492162915382381,0.0117266135072153,0.0423802251252879,0.00569053554528974,0.006179413397009,0.0145849138408109,0.0163937106674335,0.029306633934849,0.0121390010851463,0.122836824935566,0.0556136732633028,"E02000011"
1.10331713362179,0.0473609317475659,0.0045202489607887,0.011401836805389,0.0378342041028253,0.00470809280383365,0.00542203050498861,0.0137032960692528,0.0160121925179986,0.025468034607925,0.0100544826447762,0.113210808186533,0.000213310295624078,"E02000012"
1.13410689402629,0.0469998051551565,0.00467170424851399,0.0114334900067269,0.0390004418464795,0.00502997446810214,0.00561492382944317,0.0136342268414014,0.0161909685362442,0.0265675445685862,0.0109706007950649,0.116490766969865,0.000236671920211026,"E02000013"
1.16059306389158,0.0471290400610042,0.00478287948196482,0.0114429353666946,0.0401298827291355,0.00531350827266593,0.00578752860887671,0.0140524904858549,0.0161724548758869,0.0274128083945992,0.011519867388504,0.119185437146425,0.00121685148457754,"E02000014"
1.24395194659748,0.0505736882033421,0.00514260017516418,0.0121692203771999,0.0451057734138496,0.00592103220370349,0.00650002501326555,0.0150665214334974,0.0168649311575311,0.0296050368415247,0.0125291751345848,0.127131581662148,0.0647254310057981,"E02000015"
1.11243891715975,0.0480153751678392,0.00452123309878041,0.0115803247039716,0.037061520344683,0.0045035497034582,0.00534485068077989,0.0142299724128004,0.0159280320619401,0.0242070463701239,0.00935528829147839,0.114408242153628,0.000674695060486191,"E02000016"
1.09470636835829,0.0474495620025441,0.00448452905130347,0.0113997778503157,0.0371731809098175,0.00456033050592714,0.00533292378088002,0.0138511691608213,0.0158278707534693,0.0246069990579511,0.00957126324898662,0.112363257323525,0.00042483725497235,"E02000017"
1.11587851437411,0.0468418837059562,0.00461133823341404,0.0113786597722124,0.0384479768659672,0.00484573064569087,0.00547897742042042,0.0136853201277939,0.0160621985135803,0.0255344785853986,0.010402691460883,0.11456828643356,0.00033018157770485,"E02000018"
1.24042126641328,0.0510391197018353,0.00516069049710263,0.012354006002458,0.0449496036704802,0.00563283352091502,0.00632384040879481,0.0149751050206656,0.0171432979177785,0.0277325309600563,0.011879471731198,0.126882300431403,0.0640641683657926,"E02000019"
1.22449157692648,0.0521429307121993,0.00509431259088901,0.012477683168699,0.0438554292566563,0.00527253418819853,0.00609058174678221,0.0152970860061673,0.0171933578888174,0.0257986609529374,0.0109167432321633,0.125264365523176,0.0550139032940785,"E02000020"
1.35589310307169,0.0552908526066915,0.00563315021898208,0.0132020041635653,0.0511640505007506,0.00640047106582349,0.00714918031741551,0.0163065036020232,0.0181229019756146,0.0305826953899079,0.0133118820702032,0.13817535749755,0.0811494871115295,"E02000021"
1.14799276698121,0.0495059217128546,0.00471250515648152,0.0119117301456182,0.0389911126264057,0.00469188161561652,0.0055621282550101,0.0146834978638731,0.0161862772728753,0.0242015742335631,0.00965215978583677,0.117901088425685,0.0370989273644836,"E02000022"
1.19624783394069,0.0502614763263092,0.00498110704886021,0.0121334656754853,0.0423870984309288,0.00522352332271114,0.00593339610254425,0.0148540675293174,0.0168964891140134,0.0259395828409991,0.010983658311503,0.12252410650178,0.0529966841632697,"E02000023"
1.46444170174653,0.0696417462988313,0.00642337862519271,0.0131767244219103,0.0307001934290769,0.00858124073887171,0.00914268969743975,0.0168927959090376,0.0154441462805034,0.0415694690692095,0.0130359222666556,0.151133383410666,0.075405338502655,"E02000024"
1.41863420593797,0.0684152092624562,0.00758742531213207,0.0123155344250297,0.0300261019827791,0.0085548966122694,0.00887689528112177,0.0161336949144569,0.0173904366051046,0.0418002517889866,0.0126553909683871,0.145711993949216,0.0707146633316103,"E02000025"
1.40832686328359,0.0690285592604915,0.00947280536165448,0.0121365861205792,0.0297459246172347,0.0088334385541061,0.00900641124080077,0.0156389093744984,0.0195562345014914,0.0438762854774706,0.0126331387578461,0.143575376537963,0.0703319176414187,"E02000026"
1.50400916915562,0.0708573861503415,0.00646888610334967,0.0144841000733434,0.0311140785269392,0.00869109880404299,0.00944192925412038,0.0171954076039927,0.014985011273301,0.0397619723362587,0.0134364666478001,0.15535003572258,0.0789096389467411,"E02000027"
1.43383091766815,0.0685591356252335,0.00788123257256393,0.0126178491893237,0.0300535272054945,0.00858955355929182,0.0090736177094069,0.0162702041849068,0.0173474483354042,0.0398262533167062,0.0128198490626959,0.147382428124864,0.0750608128422576,"E02000028"
1.41260099473783,0.0685334253086113,0.00904708869906839,0.0122561574090593,0.0297662201047434,0.00870562356555074,0.00903260058874501,0.0158277621302895,0.0189113820411424,0.0409763334038697,0.0127075846324671,0.144418569758957,0.0739188840509621,"E02000029"
1.60689306523414,0.0768043311110156,0.00558200171075005,0.019488945402977,0.0324322780244041,0.00906933026712861,0.00981870214411091,0.0182637155857019,0.0133359679521034,0.0379868446886787,0.0146145055538854,0.165480436156555,0.0845752543963727,"E02000030"
1.46344911125213,0.0690984913923809,0.00851227583332765,0.0130977770685528,0.0303484844935698,0.00869902155391212,0.00928663779389523,0.0163379532974841,0.0175729631430186,0.0372815994796819,0.0130439668910458,0.150526943090536,0.079990621550613,"E02000031"
1.40591201669779,0.0706672701615421,0.0121396682572093,0.0123333855214965,0.0295927372552,0.00915199050607332,0.00937098523408411,0.0154009843575388,0.0214253044977359,0.0440419413788478,0.0129282072469681,0.141547523220714,0.0776713203593302,"E02000032"
1.43129070463989,0.0701111943410822,0.011722330606499,0.0125317815193763,0.03031364135714,0.00905860066494774,0.0094387090937753,0.015683901181202,0.0212205124409327,0.0391160165489204,0.0130402665262552,0.144895694405836,0.0819211215241633,"E02000033"
1.48033496984175,0.0691165920012263,0.00977113312946367,0.0132583915459223,0.0305349252617763,0.00880228883859167,0.00933219668986173,0.0161201438317961,0.0182136472870429,0.034386048566462,0.0131475267234188,0.152057664402045,0.0841200610885679,"E02000034"
1.54211162494616,0.0699025139663043,0.00783985778538397,0.0151605675757815,0.0307222450999778,0.0087112527563783,0.00928372146067543,0.0166927011149075,0.015313642698702,0.0333291786505115,0.0135222775949857,0.159816156755046,0.0829808507339612,"E02000035"
1.72609809788461,0.0765018819715641,0.0051326040463767,0.0171497260926998,0.0297386047156558,0.00917204662348162,0.00942549789491955,0.0187900632276924,0.0127152325682965,0.0368032551686274,0.015960150952722,0.180857830116161,0.0831694176010016,"E02000036"
1.72873442507182,0.076363004237306,0.00509655261637875,0.0168829030455673,0.0285225677837174,0.0091142043960347,0.00906827169364003,0.0181101762606021,0.0128188418530054,0.0392837144460331,0.0160855044046269,0.181435772991103,0.0823111662712824,"E02000037"
1.51478840928198,0.0701422488295382,0.0119369311745955,0.0132154365831043,0.0312983176853577,0.00907574243115566,0.0095095844800182,0.0159322293038897,0.0205614222039959,0.0335407406672492,0.0133323888361397,0.1548707158763,0.0875012383644763,"E02000038"
1.65298994678245,0.0756260141293808,0.00517508949191832,0.0176040738751669,0.0293569677931272,0.00907548246615337,0.00959548442096547,0.0186252706707149,0.0124242309224771,0.0333329726036001,0.0154655588136176,0.172221205370458,0.0827648701931393,"E02000039"
1.66976670472903,0.0768396747582675,0.00579708709202236,0.0197089697512568,0.0314201303345138,0.00908667556481416,0.00972353614131595,0.0184456346894215,0.0130037669880057,0.0329553980382222,0.0152710366512236,0.173204332463719,0.0846960515186879,"E02000040"
1.72084771033173,0.075868388646476,0.00512700571937984,0.016379705886654,0.0280225233780493,0.00901140291684995,0.00921545619122775,0.018293714059653,0.01247043320736,0.0365043520768624,0.0157213526442378,0.180783543985935,0.0812285656098145,"E02000041"
1.60356053764118,0.068998389438206,0.00860792702343476,0.0160141144660069,0.0304703394425439,0.00872333947910142,0.00910606486646578,0.0165682186782028,0.0153685337013347,0.0304857009952343,0.0138584351189276,0.167041080199407,0.0833742872634358,"E02000042"
1.62963619898212,0.0719216768885472,0.0071869099379465,0.0181736877486476,0.0307518801413349,0.00884597339319499,0.00927783007376341,0.01725601514932,0.0138191082917304,0.0313323059803869,0.0143304662507152,0.169512716158812,0.0835417171433749,"E02000043"
1.66831350130405,0.0754214908825291,0.00509737367715894,0.0166354814111759,0.0279505008065668,0.00902289309943795,0.0094755700451907,0.0185671343188635,0.0122950764145628,0.03369544353888,0.0154911244034127,0.174497008872773,0.0815174086508183,"E02000044"
1.6128814175406,0.0687732748896341,0.0122685950231695,0.0137566311418632,0.0313704419167155,0.00906057777801157,0.00922775567695199,0.0160603432606429,0.0199966798608102,0.0304628293678764,0.0136328430234057,0.166885517932674,0.0878465517989671,"E02000045"
1.60359994934618,0.0659541037370988,0.00740831112612368,0.0177462100285551,0.0264924144660031,0.008372270564452,0.00860003202744929,0.0169635088774159,0.0129857407050224,0.0282625814462052,0.0143255562423276,0.168041326775001,0.0796552488661583,"E02000046"
1.66287528135291,0.0747808869394055,0.00512725978872697,0.0160677292444237,0.026671167183078,0.00886021299044777,0.00933596060675844,0.0180351680161433,0.012076910948373,0.033598034252181,0.0152342102153721,0.174292678252468,0.0804443585829751,"E02000047"
1.59747056930759,0.0709663785057575,0.00553203117948424,0.0177524821862579,0.0258771070117475,0.00870997592144697,0.00915284792147239,0.0182571997004799,0.0120706108166261,0.0299609987834827,0.0152682775256852,0.166738703927136,0.0809090095577083,"E02000048"
1.62417052983011,0.0748078810314513,0.00512001526696045,0.0165276300380631,0.0262564584202075,0.00890614602285491,0.0094747365525237,0.0184399384199173,0.0120108858388256,0.0319950871303381,0.0152580992403101,0.169546088918408,0.0807720927599573,"E02000049"
1.61219094904233,0.0639973634227774,0.00916101239321472,0.0164779631344538,0.0276680206396055,0.00833703560563116,0.00842020049687842,0.0164218517474177,0.0145794560941478,0.0274648530841984,0.0140512887936911,0.169054143691648,0.0778646173397625,"E02000050"
1.6018835111059,0.0654935713681796,0.0065559115331789,0.0176616003849684,0.0229351393470548,0.00821891518226437,0.00846114043242014,0.0177022997822644,0.0121307024614347,0.0275591836441149,0.0149328449639909,0.168486860190307,0.076965595961312,"E02000051"
1.5895771383612,0.0602006775367215,0.00892957422651695,0.0167715869260842,0.0230233710777751,0.0078217221573442,0.0076921652657778,0.0167398907153209,0.0132841491176788,0.0251454466615128,0.0139770808871447,0.167581445785553,0.0684457531542871,"E02000052"
1.58885516036924,0.0727386030231994,0.0052725667455376,0.0166015244186792,0.023720013413823,0.00871607410116894,0.00932939379614697,0.0186405890695055,0.0117428795097009,0.0296995474843514,0.0153454135402678,0.165899266861554,0.0791154826383174,"E02000054"
1.54461515280142,0.0689235839355942,0.00533031759126607,0.0162573253315954,0.0214416816004485,0.0083658327614176,0.00882354818446896,0.018480000977011,0.0114792337676868,0.0272484489690157,0.015012852687772,0.161677108991129,0.0762136116862394,"E02000055"
1.48014367491038,0.0580265903488732,0.00783790084892487,0.017108762339117,0.0183065150210571,0.00711002257537092,0.00699231462856414,0.0174559638262779,0.0113509862419341,0.0207519287564889,0.0141511647503588,0.155811695263279,0.0561593201537576,"E02000056"
1.53012972566261,0.0667624749294091,0.00551429249909972,0.0160040108932828,0.0202197266593047,0.00816500988967849,0.00851224551043943,0.0186975275143066,0.0114353805170578,0.0252761566484319,0.0149829933393563,0.160503008218785,0.0733472159419251,"E02000057"
1.49739221290374,0.0604619988426975,0.006646436679146,0.0163077762124224,0.0188926612982699,0.00746023492878346,0.00756537294450895,0.0178950636430482,0.0113959771009207,0.0227787148462971,0.0145575929531646,0.157770014205025,0.0652372819800808,"E02000058"
1.50603141893265,0.0732689496888531,0.00527054473029006,0.0160422830637828,0.0214012212076689,0.00843504358754013,0.00921302107058587,0.0171740247263979,0.0113907120415199,0.0270130834242919,0.0144836970582943,0.156413414128938,0.0795503055512239,"E02000059"
1.48734399850304,0.0629339000723367,0.00586831861299806,0.0157251180097738,0.0188912652037997,0.00774649179433628,0.00793543430996748,0.0186011698122718,0.0113137396727683,0.0226561646920285,0.0147276584695633,0.156308252057577,0.0677439287085822,"E02000060"
1.3347589014541,0.0568670094209257,0.00623826352387681,0.0150247367597624,0.0167420069041335,0.00678564900706343,0.00680183264870112,0.0176914870094964,0.0105589568215286,0.0168547183368409,0.0138037677945546,0.139793831418064,0.0553233884542947,"E02000061"
1.47313182784996,0.0664725332143162,0.00560867458989512,0.0158289893065337,0.0185062696294527,0.00797299398881893,0.00835805177384409,0.0185194080149647,0.0113370967896723,0.0212488121114008,0.0143876525400036,0.153980469341889,0.0723221233465481,"E02000062"
1.40716905781767,0.0622831701878861,0.0058273841398304,0.0155476979414515,0.0174742867156742,0.00747024204065181,0.00766845019183396,0.0186179224211498,0.0110785122777955,0.0186265644607742,0.0140459086278633,0.147092333931688,0.0657776113270228,"E02000063"
1.31350414336113,0.0588250565351687,0.00611775517045885,0.015305488524487,0.0168443797177607,0.0070665909444597,0.00705345980900749,0.0181827529263388,0.0107762248991192,0.0161857189485474,0.0136974566478324,0.136641087863515,0.0599692671935907,"E02000064"
1.66174235636087,0.0698952645559068,0.00678324095454511,0.0154717376605919,0.0675496636444254,0.00756290241249717,0.00869989052508352,0.0195471562663357,0.021781885113555,0.0325610911431836,0.0153331109079208,0.168398155154082,0.113267993731536,"E02000065"
1.84802416300111,0.0778043028798173,0.00741890398981967,0.0165188073380955,0.0779064533936252,0.0083809720362517,0.00978425037828084,0.0210414195283363,0.0238101901128115,0.0333285258500747,0.0168294320820613,0.186906043472312,0.130795989672104,"E02000066"
1.87507358576916,0.0777247438298506,0.00758208242638325,0.0166657671676601,0.0798642607796384,0.00880760605410397,0.00993721145241095,0.0211573624801847,0.0239262582350326,0.0358923555823221,0.0179963184572503,0.189389599413001,0.138919616770138,"E02000067"
1.93137304475919,0.0790866468619097,0.00788047350959611,0.0169615240990625,0.0848532719573355,0.00948224844360715,0.0103463775742183,0.0215428280065248,0.024499728250787,0.0385305434472892,0.0195024921192719,0.194343600154929,0.150766894900026,"E02000068"
2.06842704944062,0.0844017664288142,0.00839709733975575,0.0176431388048386,0.0928087021489358,0.0101968854835239,0.0112751121425202,0.0224174367602526,0.0259995200362545,0.0379197414983062,0.0206149118460625,0.207875831820399,0.162836700315255,"E02000069"
2.1088384483161,0.0866895415867613,0.00845412070223534,0.0177648278580024,0.0943341593313019,0.00995319334361713,0.011731773376895,0.022691665411895,0.0263549519480161,0.0350086420712258,0.0195820738140887,0.212371371701288,0.158653748962107,"E02000070"
2.21521084272196,0.0893269722490505,0.00913206984351196,0.0183574715472318,0.102557743101617,0.0113380560520332,0.012563788076337,0.0231925277361959,0.0273663962480913,0.0379478038880004,0.0220609184613488,0.221894114236409,0.177387694472808,"E02000071"
2.14422350369066,0.0845383335094199,0.00902961541247195,0.0180973373823656,0.100589796492933,0.0115819983525177,0.0117791516776397,0.022532326762681,0.0264813959579492,0.044417722280169,0.0233172285359869,0.214113838921672,0.182551028839777,"E02000072"
2.21981273025554,0.089091257210385,0.00912022887636454,0.0181133255825649,0.103146279080239,0.0107533522280466,0.0128193685120495,0.0230160892123057,0.0270849950591629,0.0348155175819564,0.020213065773844,0.222936004001927,0.169378564225075,"E02000073"
2.24979282466879,0.089024074130378,0.0095193484491699,0.0186142442618521,0.106009607697076,0.0121026881310691,0.0126796994112583,0.0231143040718976,0.0275010343404927,0.0411577408857114,0.023581209132622,0.224693970447487,0.18769381916612,"E02000074"
2.29949956664246,0.0913995993107035,0.00962575241142853,0.0186386985290658,0.10805409879976,0.0119315332653936,0.0134416859732818,0.0234664611863412,0.0278932633294072,0.0368127494840719,0.0221238587026203,0.230209434347461,0.181309727296297,"E02000075"
2.20801982874124,0.0881936154474707,0.00934147145058112,0.0179636182081794,0.103817637884202,0.0106309968560948,0.0128445782111285,0.0226727113458831,0.0267716564339506,0.0338844455753627,0.0194171297525016,0.221600155225768,0.16703124373689,"E02000077"
2.30842171049671,0.0910471301701159,0.0098494462303579,0.0188537596000923,0.109202452911149,0.0125099837000874,0.0132979562773026,0.0232979825355978,0.0279063647922921,0.039694177828107,0.0235296699278598,0.230552644482198,0.189755623735805,"E02000078"
2.34339325713211,0.0909366261466235,0.010363118251173,0.0188135303733539,0.112113262378917,0.0127627880438087,0.0138968321657116,0.022948599332753,0.0279376634145955,0.0367849926116462,0.0220334592399066,0.234134612080934,0.183609375608588,"E02000079"
2.2291401106884,0.0880937003448131,0.0101624331626857,0.0181323916189128,0.106967306809223,0.011233985937565,0.0130062213300683,0.0222075256816887,0.0268600072803447,0.033900621536526,0.0193054422216119,0.223002313318737,0.169472503153358,"E02000080"
2.39243285449906,0.0923529106469434,0.0107218973607457,0.0192324017988967,0.114433894097404,0.0135944794456534,0.0141623707210486,0.0232136028781714,0.0283507068878069,0.039144821432241,0.0236787195335386,0.238649169968547,0.193238974323184,"E02000081"
2.25292121518518,0.0894501477042639,0.0108540144224878,0.0184453045500057,0.10809264663784,0.0112237434409152,0.01286651751855,0.0223783542570408,0.0270694342563354,0.0335662744145749,0.0191079648063988,0.225385470635079,0.172438776211123,"E02000082"
2.38594786292792,0.091839133722075,0.0108562481017419,0.0194305677598784,0.114633716345213,0.0138968171537572,0.0139529083565719,0.023098821229998,0.0282802253437537,0.0422765196589077,0.0248066488651509,0.237509237521043,0.200770006144385,"E02000083"
2.29102707617913,0.0888072546210547,0.0106126596817812,0.0185785963580747,0.110869099198018,0.0125317392193632,0.013572319361369,0.0221075803638263,0.0274225223269131,0.0359710853139919,0.0207690479137771,0.228540993869186,0.176068785854801,"E02000084"
2.29989667674433,0.0887147348334766,0.0116204711340772,0.0187318948483826,0.113093680346804,0.0127796870194089,0.0133685233717512,0.0217374339621029,0.0275986217950965,0.0359544473842004,0.0203527260759593,0.228825723924741,0.174018981283356,"E02000085"
2.26458061863251,0.0881922029112402,0.0124280172329305,0.0188746809282644,0.113309110413105,0.0126414377351967,0.0129558624878683,0.0212315288918224,0.0275246124074629,0.0364847028169551,0.0200437672025332,0.224379693006257,0.171075372292871,"E02000086"
2.34465485453216,0.0899855302445801,0.0116245200486865,0.019263337284277,0.114290461548102,0.014073556500635,0.0140637400612905,0.0221204834658121,0.0280909771395886,0.0393866844647398,0.0225499968457151,0.232753558470395,0.184695424804091,"E02000087"
2.27820011443338,0.088342238532044,0.0123282975821985,0.0189862557419059,0.113831114176742,0.0135023203897887,0.0134349837258396,0.0212641143288624,0.0278215375962978,0.0382307435564318,0.0209666749383157,0.2252499400412,0.172052719897786,"E02000088"
2.22535590331168,0.0878409772378455,0.0140444916010066,0.0193694913974536,0.113795484379371,0.0127410481610745,0.012555091293612,0.0206698315945567,0.0276208177538241,0.0394842636165452,0.0202918110974869,0.218806840002411,0.166168671986224,"E02000089"
2.26379247196443,0.0888445426436643,0.0154180005527894,0.0195678100878043,0.118488968286777,0.0134834208035284,0.0127985345095847,0.0205987358350631,0.0282194780130678,0.0427648371537953,0.0212809998145164,0.221246255519584,0.165113710800023,"E02000090"
2.31773392621618,0.0900483943686589,0.0166763365858828,0.0197479077669159,0.121924968505175,0.0142353061036336,0.0131140327923105,0.0207162179475087,0.0287995194919584,0.0452598199729537,0.0221986153274137,0.22598920258149,0.166219838201847,"E02000091"
2.32971193200937,0.089881025788542,0.0150812566577906,0.0196538451038983,0.118300019505401,0.0147178001268375,0.0135527604910836,0.0210354049264157,0.0287555428147685,0.0444405861224837,0.0225342618041695,0.228638344931689,0.171139890319876,"E02000092"
1.63233524048516,0.0739856805028325,0.0052808725737036,0.0158737135724763,0.026284963946747,0.00857039221156398,0.00924533009071983,0.0166263685801992,0.0118666673612221,0.034578070422641,0.0147407874152558,0.171005885284958,0.0805375763747685,"E02000093"
1.57913895234523,0.0746770249728266,0.00526628965305765,0.0159001388598274,0.0249118138098783,0.00864176663330633,0.00946048318200971,0.0170755595603227,0.0116666499506943,0.0318764134872732,0.014701387851562,0.164550891387665,0.0809081622479827,"E02000094"
1.61239274467598,0.0741609047495681,0.0054311158125027,0.016078904172148,0.0262948926995851,0.00837621707015782,0.00935442530228822,0.0154107470459158,0.0117693780195205,0.0356055123077214,0.014385216584458,0.168657413372606,0.0826267489364015,"E02000095"
1.58652938443294,0.0723311638979835,0.00493916771575117,0.0164665102570679,0.0257412490953366,0.00783153741197485,0.00883188891992338,0.0139418425994052,0.0114428601766423,0.0439909752674896,0.0139377310937582,0.166349061756527,0.0786618096137285,"E02000096"
1.51652977695393,0.0742407742839064,0.00535967158766561,0.0160095899019593,0.0238095956473685,0.00834071147065238,0.00944040844809189,0.0154629082333755,0.011428300722653,0.0304941015593162,0.0140496384090865,0.157390137770542,0.0832847129560127,"E02000097"
1.53283201865601,0.0724713629842124,0.00527285708130478,0.0162491278229159,0.0249918418295144,0.00800070818610099,0.0092193003299123,0.0142033830589964,0.0114528310326049,0.0356058026324572,0.0136785792001402,0.159788016363422,0.08344047519973,"E02000098"
1.52277613480778,0.0705126625572717,0.00473741213366368,0.0164873229373633,0.0248401579760893,0.00756682316820703,0.00866924445547031,0.0143510541152043,0.0109780119796528,0.0436827858846088,0.0132945422567699,0.15925098973359,0.0779763313924576,"E02000099"
1.47217339707176,0.0687129950875588,0.00424404859667502,0.016420173126479,0.0242755092765786,0.00715830347762846,0.00808418808696044,0.0136796393937969,0.0106363109186885,0.0487746368932924,0.0129732926897598,0.153896191244997,0.0699451979700124,"E02000100"
1.50320046595368,0.0747882345154847,0.00546160624838561,0.0165156287920305,0.023327027490231,0.0081574684454869,0.00942052352480618,0.0149669773085083,0.0114839905949744,0.0290317415744907,0.0136134973909077,0.155781179928925,0.0875921716836077,"E02000101"
1.49928878904309,0.0746233625970486,0.00548924431342172,0.0163983393986247,0.021285088713269,0.00832031669575383,0.00925615638720437,0.0159807409014867,0.0114872264159401,0.0247160551399305,0.0140606762037359,0.155431386044696,0.0855241464925806,"E02000102"
1.50223529222881,0.0704507746756961,0.00569276017997865,0.0162895838487926,0.0193947578044794,0.00829242194585333,0.00888786862991605,0.0173694058500899,0.0116352326590989,0.0215660218158297,0.0144858897547273,0.156535334401781,0.0811195197443227,"E02000103"
1.52222309807656,0.0718286686035573,0.00502095345496987,0.016703021211547,0.0245766606731486,0.00775127140804088,0.00899249914408766,0.0148292863815897,0.0110681131729648,0.0383735147440967,0.013327515173851,0.158766177115897,0.0824986793767587,"E02000104"
1.44013915599975,0.0680546345568947,0.00420627884137151,0.0166460216017592,0.0239449098226187,0.00712780550543264,0.00804405443691853,0.0139831596458588,0.0103731225034047,0.0489381362660879,0.0127117498659682,0.150146860878358,0.0703704865161891,"E02000105"
1.54813792267226,0.0768593363167428,0.00591906518793328,0.0170806061953027,0.0216056728762895,0.00856540982465942,0.0094396474707913,0.0158629728476782,0.011971177641509,0.0227779223634573,0.0144310319769248,0.160568948870788,0.0925395780735865,"E02000106"
1.47639418026293,0.0669510451664489,0.00634275779154268,0.0165966814292844,0.0184787940018945,0.00816814656213723,0.00837792899121162,0.0185172349071432,0.0118529200599819,0.0187312714904477,0.014776236932938,0.15377401723866,0.0787763065875698,"E02000107"
1.39602330466881,0.06668349907025,0.00402768178437447,0.0166502857325417,0.0234563261233874,0.00683760072560187,0.00765934290978759,0.0134325227531238,0.0101771304321341,0.0513592720335216,0.0123109628902733,0.145330411232083,0.0627113706455691,"E02000108"
1.5442096562148,0.0716727765095655,0.00641498807794348,0.0171139288758435,0.0198960695961315,0.00861675773331499,0.00897356140638464,0.0173753826735449,0.0123147088745313,0.0199435312329879,0.0152802053702755,0.160769285816156,0.0894017529458683,"E02000110"
1.48416969381782,0.0704740443045364,0.00444239506590671,0.0172229237397821,0.0243556057534722,0.00750405856157472,0.00837877131372755,0.0145489519563187,0.0104936403481955,0.0470785515412549,0.0131000078124995,0.154614422666124,0.0751117291053417,"E02000111"
1.56233856951918,0.0773831733772012,0.0053896633667586,0.0177690007885022,0.0243698924503691,0.00826956587076166,0.00940845968063292,0.0151917321299322,0.0114152954234948,0.0302374252259366,0.0139251880294042,0.162139733859468,0.0906353849133337,"E02000112"
1.60015248010876,0.0810895978317654,0.00625006844945917,0.0180013824351437,0.023071571947949,0.008771654864883,0.00977529412640775,0.015312481938354,0.0124126911096177,0.0225813957281211,0.014490477085717,0.165688844559518,0.100213573206734,"E02000113"
1.57863166866092,0.0729337158513863,0.00704067287064511,0.0178143924412064,0.0205001487634293,0.00901939250329223,0.0090856539549658,0.0180591023033842,0.0128678045653614,0.0194870240961445,0.0161888744275133,0.164011717018171,0.0962720434243357,"E02000114"
1.45765274781631,0.0667253746833678,0.00703708735916043,0.0171969531217877,0.019030957513524,0.00843548877275929,0.00828503930214822,0.0197945798026393,0.0122613434172535,0.0176923631549259,0.0154969210275958,0.150836172506128,0.0829514107489567,"E02000115"
1.60872818347681,0.0763733307874349,0.00712225736768717,0.018249660429161,0.0216506067125212,0.00924289737368479,0.00943913773576796,0.0167655629738305,0.0131959692996052,0.0200712175779591,0.0161072436176879,0.166859622441286,0.104443784868263,"E02000116"
1.64184172400313,0.0811961425389819,0.00697787382191239,0.0185620506129892,0.0229570557162899,0.00935178110171103,0.00984801281441044,0.0159030703338316,0.0132288343228063,0.0208482213128523,0.0155533450227178,0.169994739466657,0.107885354831063,"E02000117"
1.59309585231068,0.0817622551337228,0.00538485010261388,0.0185555776043759,0.0253852944894698,0.00862317602098459,0.00944372285565472,0.0157476429576462,0.0114472454171797,0.0337731003477967,0.014301264705944,0.164654884990297,0.0907873286372124,"E02000118"
1.73391054180276,0.0913736727383421,0.00713445877364738,0.0199134990212245,0.025638697942693,0.00981594627820269,0.010731867590039,0.0164035025526933,0.0134123749572264,0.0226046061742315,0.0158989608105377,0.178590772625889,0.113315153331826,"E02000119"
1.37060628017156,0.0648252069233496,0.00854361307580361,0.0173524870422918,0.0193873603805958,0.00817629803232105,0.00805034262871688,0.0199154036463047,0.0123433178765325,0.0165489724158357,0.0155521346683271,0.140079758852657,0.0797178986837554,"E02000120"
1.51199307344956,0.0771786223051483,0.00474240200055895,0.0183969461521027,0.0250426554953145,0.00814338989966732,0.00880187362846597,0.015236884335706,0.0109012996116063,0.0406761328881166,0.0138787558881447,0.156102636085356,0.0818788008709332,"E02000121"
1.54297628563305,0.0716281546841761,0.0075863985492083,0.0183019636198037,0.0205388269377042,0.00915120335669338,0.00900720177371341,0.0192127500731739,0.0132064401507639,0.0189129750039649,0.0167553359315073,0.15937867749229,0.0994432333982856,"E02000122"
1.73589360972144,0.0858335467341439,0.00812807477354901,0.0198037220481702,0.0244483224679578,0.0103136172212378,0.0104592169072657,0.0169334926022161,0.0144662334108662,0.0211078847024986,0.0171045561428625,0.17916686001313,0.121335842675919,"E02000123"
1.50965522655506,0.0712697612665279,0.00851063142199024,0.0186774769057665,0.0210296304378504,0.00927429663654225,0.00910984676541815,0.0205704836986272,0.0135281980325088,0.0185242184202706,0.0171461435625382,0.154692469654154,0.0994242509781308,"E02000124"
1.66108160001937,0.079118712700436,0.00838372452271657,0.0195574919105134,0.0228854391269782,0.010081680647427,0.00996339092708916,0.0186868963048988,0.0143622054964854,0.0203303703079623,0.018024151713752,0.171182145622286,0.117164375112556,"E02000125"
1.41609104590525,0.0673957843930655,0.0108547142998858,0.0182572589426354,0.0207154902850275,0.00866737286878768,0.00858985097047444,0.0206289215473548,0.0130872531552938,0.0170528581113746,0.0165196643309702,0.143501273905516,0.0848931044752925,"E02000126"
2.35835735264795,0.0936918472493011,0.0159700197389479,0.0212497764378517,0.108072862454276,0.013288735786971,0.0120415743606629,0.021821430798383,0.0298550854566896,0.0605840928787028,0.0201441311486718,0.2350733667773,0.161326735268618,"E02000127"
2.27578683211617,0.0900334160272492,0.018827764644004,0.0204357320993034,0.120275234653001,0.013445901446801,0.0122570018569959,0.0203301559856178,0.0286738383315964,0.0580693882022197,0.0219613676876006,0.220791931045592,0.155998871973641,"E02000128"
2.24570310280138,0.0820597268118737,0.00971022605431563,0.0130110595854318,0.0485476625788849,0.00911199998452469,0.0094066464803181,0.0204409496635571,0.0241266265629945,0.0472998128934164,0.0131584147252598,0.239524995945977,0.000286123624170521,"E02000130"
2.16856624312762,0.0809386400954559,0.00955621318667384,0.0123921923669901,0.0452518607240131,0.00867371030298062,0.00874870010170246,0.0187856908071957,0.0222155798226775,0.0468385720163661,0.0122383336663777,0.231417390926278,0.000217788245325845,"E02000131"
2.31824418086907,0.0831718603174409,0.00996656211130874,0.0141371970967146,0.0588744941763632,0.00969651870629899,0.00998389600242433,0.021367606516437,0.0260623273916772,0.0491926190685574,0.014505122977272,0.246092945462605,0.000690727776178067,"E02000132"
2.37209332112114,0.0905714778282614,0.0219835339891895,0.0206083487609956,0.126193517866671,0.0142507910214775,0.0120434683535094,0.0201952470839063,0.030509307556574,0.0879524583687608,0.0237504763818402,0.229310769882649,0.140106920546427,"E02000133"
2.34198590445928,0.0873512517748423,0.0145867048800193,0.0184006344400006,0.108502673058966,0.0126099515402589,0.0111095716700918,0.0210038813485769,0.0305093925021075,0.0680798790796304,0.0199199819994443,0.23481418855885,0.117664888384739,"E02000134"
2.18282048263672,0.0794180099953939,0.00969535508935051,0.0128324696550582,0.0539141910729432,0.00899143859609909,0.00920050425643571,0.0198499627926605,0.0235581976596477,0.0472868509717092,0.0129156906115729,0.23194313692061,0.000244766444280373,"E02000135"
2.3074468896,0.0895404850665146,0.0224387829308183,0.019966136938155,0.126221706781142,0.0140191036620536,0.0123232473933972,0.019781921023257,0.028901561659751,0.0684616721188714,0.0232873715915244,0.221344160035365,0.149394129328751,"E02000136"
2.40301119467576,0.0850721973260522,0.0118280947859846,0.0170580416699228,0.093942059559536,0.0114375376677457,0.0107616460457543,0.0217823853137132,0.0286462681807225,0.0551911290488276,0.0173785655830943,0.248047176823558,0.0930949938268353,"E02000137"
2.36917547731328,0.0817442248159825,0.0106394918898748,0.015757897671827,0.0799513145518457,0.0104720640731909,0.0104049574592551,0.021416881207122,0.027038584471971,0.0503891774552153,0.0158381115189908,0.248256255120076,0.0764773370476328,"E02000138"
2.30372498194422,0.0795796607775288,0.00984747337690852,0.0140206869525942,0.0632723789189416,0.00949597091400047,0.0097963487548814,0.0206942799389859,0.0250897633708247,0.0477249009348914,0.0140796231091945,0.244450658299533,0.000379679957104361,"E02000139"
2.37480740085637,0.0914394391135112,0.023554889656008,0.0201601314784623,0.130702942155473,0.0146387229465599,0.0127645155097946,0.0200715619824579,0.0292258591793334,0.0646524970109188,0.0240410095642477,0.227479867558662,0.156073155578329,"E02000140"
2.1411604124656,0.0757493576277991,0.00965474462330123,0.0128487625359929,0.0609946455422152,0.00903907436127657,0.00931047659120527,0.019860814967995,0.0238403751622994,0.0469855806797795,0.0135252188808789,0.226436133523148,0.000291812414792138,"E02000141"
2.29988725333999,0.0859666427111262,0.0169053494525387,0.0190196582187042,0.117615982424277,0.0130886061830685,0.0113204797610864,0.0203062310976343,0.0300828053268678,0.069996618601957,0.0210844514862773,0.226163695382311,0.123343696998163,"E02000142"
2.34275094817115,0.0834817105013224,0.0135254423908203,0.0184375212010969,0.112737143570722,0.0122530770080708,0.0110032534118886,0.0210188276325251,0.0289215889141875,0.0577487599144303,0.0187717208166397,0.235041536672043,0.104756299984009,"E02000144"
2.47129611796305,0.0928855965340996,0.0253597869640797,0.020281472457336,0.135498517787279,0.0153943985452531,0.0131561151820159,0.0202790944493626,0.0296432846557969,0.066381705707704,0.0249672819963822,0.236980987183411,0.163027177917243,"E02000145"
2.35954559921545,0.084913280181037,0.0162693622853276,0.0192952326995615,0.125427934029845,0.0129830264587955,0.0113418863540469,0.0203248557701809,0.0294208346163105,0.0621936726570823,0.0204756121670203,0.231934283221767,0.116292740212431,"E02000146"
2.36784405900427,0.0797974073446006,0.0115269824640854,0.0171204148356911,0.100429990735973,0.0112832878734066,0.0106752686725197,0.0213044120725097,0.0276151173254784,0.0512129730025955,0.0172307981051847,0.243238826005137,0.0853197978893354,"E02000147"
2.43825970397961,0.0883659424606823,0.0228892485411131,0.0198608028493281,0.133324576630929,0.0138995633201528,0.011895631357886,0.019887694061837,0.0304643752674878,0.074472718907667,0.0236054676234779,0.236174276587135,0.128943762997277,"E02000148"
2.42409251811919,0.089465261976603,0.0259610107505977,0.0196668327236779,0.134589740564486,0.0143971448717588,0.0124249333072337,0.0196130697446555,0.0294972316547208,0.0762158162794257,0.0243026105622695,0.23213120249545,0.147111840595569,"E02000149"
2.3465280586992,0.0750945738624682,0.0102292946465843,0.0153545720678459,0.0888610876439748,0.01027584825661,0.01024757312863,0.0206545791627591,0.026108821637435,0.0484513552413657,0.0161978857569386,0.2450623794557,0.0646298961443143,"E02000150"
2.51310295035334,0.0894785879747769,0.0257950935695985,0.0200039206493761,0.138664324319468,0.0142415211993063,0.0122042426396421,0.0197610793032402,0.0306663389469761,0.0774881077283125,0.0246333208714158,0.242585188520251,0.133522290984834,"E02000151"
2.43974175583211,0.0852877662053702,0.0177694364717424,0.0195601643141569,0.132232015441395,0.013246942369747,0.0115588173665269,0.0199405103311748,0.029678673016369,0.0616858624667564,0.0212481764416917,0.239558095300002,0.119926992428714,"E02000152"
2.32482189693673,0.0787176147987973,0.0123196883879558,0.0176128423549838,0.111936387200123,0.0116621191436904,0.0107302838726528,0.0207675552892671,0.0278875061608682,0.0518336401642355,0.0177735021741808,0.234685526458305,0.0922198157048448,"E02000153"
2.56133211106912,0.0899486870343301,0.0272116489952431,0.0199349060798093,0.141502376524263,0.0144403748300097,0.0124327490442745,0.0197015235483142,0.0307508877133365,0.0777090278226555,0.0250723426351493,0.247144247789652,0.139388931507828,"E02000154"
2.56937657402284,0.0911357898409562,0.0289137673408928,0.0199858031011713,0.143701365569828,0.0148590520108897,0.0127248561077531,0.0197811240821024,0.0305460962008857,0.0802743353376074,0.0254388070164163,0.2461540899467,0.149419112240906,"E02000155"
2.31585138478424,0.0760014542863879,0.0108824200974165,0.015887391720257,0.100096566486262,0.0107401123729827,0.0104097997928778,0.0210314697606586,0.0270225002557981,0.0493758000303837,0.016883944300754,0.238203266146917,0.0724025170634044,"E02000156"
2.59847424578383,0.0880136389389617,0.0223048470441119,0.0200675148702774,0.140478825328421,0.0139257708869995,0.0121135165473509,0.0198672270099617,0.0310057619465475,0.0665046557032886,0.0236235064513224,0.25496005846443,0.128314082513808,"E02000157"
2.58974825730672,0.0896445421898758,0.0272038831584196,0.0196381791365146,0.142197434994542,0.0144504644832423,0.0125802213945403,0.0196307038172146,0.0306093782152645,0.0742724236318026,0.0250278945410466,0.250780604588748,0.147563609071166,"E02000158"
2.51436252197517,0.0811472298323413,0.0145342755292348,0.0187122146911072,0.133170808999011,0.0126115009191721,0.01123377302403,0.0202856124657384,0.0296054671367966,0.053954612107104,0.0192766092292997,0.250838464262822,0.105612278582828,"E02000159"
2.36541877562623,0.0775610161200399,0.012017544660184,0.0169525286747331,0.115242131990614,0.011455455946627,0.0106678349803507,0.0211639874470852,0.0284258581967809,0.0507063333736217,0.0176977286288388,0.239349137514912,0.0844576019562951,"E02000160"
2.67356698040133,0.0888077494916297,0.0241637135202824,0.0200670955508775,0.143546685169542,0.014174995289714,0.0123914527584606,0.0198173025629578,0.0315324634652015,0.0677653301342391,0.0245222060995589,0.262709753451889,0.135056730792296,"E02000161"
2.69206230955826,0.0833122604404747,0.0167173457484326,0.0192807847298305,0.143947276791206,0.0132490451188456,0.0117256179903847,0.0200511473149375,0.0311694178387225,0.0556971820801505,0.0208104788760538,0.268741436990251,0.119066761636161,"E02000162"
2.72504453176747,0.0887452782088515,0.0245672268309312,0.0198142835798572,0.14500881861969,0.0142569700832787,0.012595044561514,0.0197455623365657,0.0318428551681021,0.0667855636088147,0.0248136018045398,0.268747257897816,0.145139139869646,"E02000163"
2.38817051488405,0.0784165569135354,0.0127161064030856,0.0154342394164442,0.120530161755347,0.011470130008835,0.0106420475282273,0.0219314668267533,0.0299485721604698,0.0509911041381312,0.0178338187992812,0.240784431145726,0.0912913930701933,"E02000165"
1.04972177713087,0.0452822509639434,0.0072961121373643,0.0136968222603315,0.0143339774315846,0.00527024713580729,0.00538144529135823,0.0135274853777229,0.0109667820916974,0.0122166034428832,0.012949597223724,0.108257951687526,0.0276160132151452,"E02000166"
1.05736422213825,0.0482588142127805,0.00725725077831279,0.0143686441410085,0.0145024721653728,0.0055807843372256,0.00532115233274488,0.0146016047585775,0.00975656226827849,0.0120065031500851,0.0131172966354511,0.108391926167021,0.0293420733113342,"E02000167"
0.949882550882833,0.0428188023317653,0.00656913041557929,0.012230676138186,0.0138977905795938,0.00542473098939547,0.00565115761547336,0.0127659258511347,0.0135956178505051,0.0117518778164156,0.0132810508370283,0.0968124664253635,0.0246534033490044,"E02000168"
1.12789397571612,0.0520279215263341,0.00721651332966905,0.0145273854358002,0.0156085042365843,0.00620865772796726,0.00591826715904397,0.0162440001122546,0.0100159451066931,0.0131930628454839,0.0132111056986006,0.115808303668505,0.044295298983505,"E02000169"
1.29835772830109,0.059357468227103,0.00651165181986672,0.0156730181140795,0.0172014833055498,0.00723525935241892,0.00712144298230658,0.0184311344137379,0.0109984197983702,0.0156906681996277,0.0138775464300569,0.13432610061615,0.0630469615146343,"E02000170"
0.942454565198958,0.0440240689922029,0.00738172750000829,0.0137639844005407,0.0136374880385413,0.00526328991628494,0.0053257138264259,0.0129947732642763,0.0106769936017629,0.0113331967364135,0.0136279885588586,0.0952059960861206,0.0209682000894828,"E02000171"
0.915947644252833,0.0424761160409018,0.00669271126505127,0.0129068555465401,0.0135102505687434,0.00541427368315786,0.00555685491463563,0.012638927523271,0.0126339244864536,0.0112397822619461,0.0136281392781441,0.0924784986602612,0.0216566587390232,"E02000172"
0.992529187102737,0.0478353371931584,0.00794229339886589,0.0142536342741092,0.0144872597446567,0.00560114398324839,0.00546968765113352,0.0143337131322283,0.00992054939596656,0.0117690640202105,0.0134181134346157,0.100111658303762,0.0308614741317931,"E02000173"
0.921498894375923,0.0413651763956867,0.00597847854103442,0.0121672542447138,0.0137605770684924,0.00560703986166765,0.00577637042238932,0.0125263098691502,0.0160799082583201,0.011600883012209,0.0137599684592443,0.0934559796247958,0.0218196422836545,"E02000174"
1.18888336985847,0.0560681854462978,0.0078782706238829,0.0154002469272459,0.0168917332898462,0.00679154999108417,0.00659022633932741,0.0174657455377494,0.0107167092768304,0.0141083100305257,0.0136662380567033,0.121484008459018,0.0558663750716549,"E02000175"
0.969507159256495,0.0465542737881953,0.00796463113097806,0.014357507887396,0.0142010705027608,0.00553122042545977,0.00547211571975174,0.0138643890930949,0.0101539675845825,0.0116067676706343,0.0139841555173563,0.0974413625745109,0.0278098230312358,"E02000176"
0.914578537460811,0.0431675192535231,0.0070441572381321,0.0135892371438206,0.013491314716731,0.00549757958614536,0.00554958286690053,0.0128047702840692,0.0118456355105866,0.0111755956990661,0.0141310686566374,0.0917820038758738,0.0218127728533476,"E02000177"
1.31114554631436,0.0612748119116159,0.0073930299453995,0.0163872989752113,0.018101851297398,0.00759288765374449,0.00744111934754066,0.0189476359814924,0.0115465137517643,0.0157873164501078,0.0145095639241003,0.134696357098453,0.0701663403202828,"E02000178"
0.959231748862943,0.0458496408000317,0.00788272543203131,0.0141827453432742,0.0140991227058348,0.00560588024157192,0.00560783510865222,0.0136041624877825,0.0104608984786894,0.011606840569248,0.0142958072134674,0.0962745414002497,0.0289294228069586,"E02000179"
0.919849607327376,0.0406073654485041,0.00562813907007445,0.011900172886277,0.0138846562038877,0.00570396763893113,0.00588900830564437,0.0125862294022417,0.0178617633283415,0.0118199433085511,0.013472241490842,0.0933668441923888,0.0224517203392778,"E02000180"
1.19972636496611,0.0574328303402525,0.00915774086912923,0.0159376172399216,0.0174624124592324,0.00696790253893795,0.00682137909470176,0.017761860584336,0.0110919483452125,0.014175567351575,0.0142350607375035,0.121666128023112,0.0579558162136825,"E02000181"
1.049285709611,0.0502567521834855,0.00886022061181254,0.0151221392390168,0.0154139742864497,0.00614151914021498,0.00611217806507018,0.0149738360975144,0.010706207928487,0.0125321857697226,0.0147401567789058,0.105418083830472,0.0416752850548665,"E02000182"
0.920867046037026,0.0434655173900459,0.00692974998845167,0.0136678656442533,0.0136969412390125,0.00576261222350922,0.00576470113480437,0.0130335248153387,0.0124738955016246,0.0112690295949919,0.0145657939506782,0.0922238697114089,0.0248775043988107,"E02000183"
0.913916994241581,0.040890502455991,0.00572930468222823,0.0122867501509458,0.0137217995762009,0.00582060082913652,0.005916718046302,0.0127372760213003,0.0170129293471723,0.0114989612554167,0.0137283901467119,0.092382119460967,0.0226404823593448,"E02000184"
1.26613316145137,0.0607134760754318,0.0102480103518647,0.0168490019658803,0.0185930331356659,0.00748604057420519,0.00739839774205952,0.0187185195873359,0.0117808168813118,0.0149591373863079,0.0151055874759188,0.127979483265339,0.0653288864319034,"E02000185"
0.952484991571363,0.0428711659124177,0.006323970848207,0.0130478447303867,0.0141206233602718,0.0062076163460482,0.00613840440446465,0.0133672227428356,0.0160883929339732,0.011615025953569,0.0150354119108045,0.0960146956382628,0.0278555064481758,"E02000186"
0.940691044461877,0.0407450066323936,0.00544282645621688,0.0114741604141583,0.0142722634700342,0.00588446052376767,0.00613920662784065,0.013076348289555,0.0197181561653659,0.0121144273153307,0.0129935505853215,0.0957807441622637,0.026526206089702,"E02000187"
0.983798195213015,0.0428699717539876,0.00607466434745191,0.0120178893653053,0.0146331676623745,0.0063258325163431,0.00638583985114974,0.0137326934465327,0.0187603522250579,0.0120991537160191,0.014635755509185,0.0999686034347677,0.0322494871223833,"E02000188"
1.07407637522759,0.0451205170232285,0.00619397426630646,0.0109357105576662,0.015743648695382,0.00670865870709755,0.0068055112028377,0.0145583754193013,0.0220417031004389,0.0130941830093684,0.014532014790612,0.110347107279676,0.0413244074810321,"E02000191"
1.13480560948137,0.047407390204053,0.00565781306291884,0.00976261414435811,0.0170945676313947,0.00645192985376799,0.00694321981220804,0.0143775561447223,0.0260570641373476,0.0150639770731418,0.0117930888104718,0.117830028039412,0.0443316139512698,"E02000192"
1.16493416771385,0.048376093751495,0.00603012464113074,0.00982233133638469,0.017017548563954,0.00679082737684864,0.0070904840871146,0.014831781320244,0.0254245444449727,0.014614659231531,0.0127255735171521,0.120970344181404,0.0487616481518696,"E02000193"
2.24986705061789,0.080512281327593,0.00973424827792744,0.0120910517639814,0.0504781140250414,0.00866837601587116,0.00867346623472442,0.0191023037740738,0.0224154660543073,0.0488177884655095,0.0124508673398483,0.240460018563582,0.000198718062086506,"E02000194"
2.24792075407598,0.0769334683829154,0.00975538514681146,0.0114436006424917,0.0509635081218706,0.00847566096229192,0.00828821243663679,0.0185311969575921,0.0219546299125897,0.0491479003267733,0.0125752593148509,0.240795757534167,0.000195392351666129,"E02000195"
2.23522118057044,0.0731756817207275,0.00983112907700625,0.01113087623778,0.0574509528783782,0.00851443000634808,0.0082918724307011,0.019180195848932,0.0226274790541903,0.0493997250359771,0.0132599960314184,0.238885569628756,0.00020692238967688,"E02000196"
2.17922178336643,0.0692287411197494,0.00980226429745914,0.0109278993057677,0.0597570027436321,0.0084156623733046,0.0081477804570141,0.01904081749514,0.022566455605092,0.0488819580709088,0.0136635817852839,0.232492408411138,0.000229359790270196,"E02000197"
2.19730581661716,0.0750946290898457,0.00979253502917511,0.0113898324182266,0.05973764173219,0.00862441557549662,0.00861177444762963,0.0198296183989344,0.0233383875946219,0.0495694376767332,0.0131676359508861,0.233765682514439,0.000210746315354656,"E02000198"
2.18054182242432,0.0757758811558886,0.00984591444752078,0.0116818734506966,0.0632250286728272,0.00876053319195384,0.00886205560300454,0.0204254632164352,0.0239726763125481,0.0495616212216032,0.0136284473178835,0.231043358843618,0.000218555596752624,"E02000199"
2.12556899736623,0.0751806266436167,0.00971693268052406,0.011896118023158,0.0617728460643346,0.00874485570669383,0.00895059829922155,0.0198919271947659,0.023596835108787,0.048369381883061,0.0134088951951064,0.224827153839886,0.00023584321855052,"E02000200"
2.10047570495257,0.0737698462583627,0.00967172940086387,0.0122414728627113,0.0650457973205232,0.00888894172509863,0.00913256528058766,0.0198853356785799,0.0237813614413362,0.0476927410436505,0.0138979545755784,0.221377630087285,0.00026928475299309,"E02000201"
2.15796637956336,0.0715010045471054,0.00988516733041153,0.0112215948966691,0.0672978539671233,0.008624069724109,0.00846959902820307,0.0203776154164739,0.0240177041593263,0.049622708526087,0.0141071046121002,0.228371242262643,0.000237466251220346,"E02000202"
2.1064834158179,0.0724148589690856,0.00982105705500825,0.0114074109088458,0.0681612154105073,0.00865618227759125,0.00864411433503801,0.0203216505318014,0.0239401350115187,0.0492263324157925,0.0140494876239197,0.221971276998281,0.000241217981320176,"E02000203"
2.09321066409938,0.0684686692714826,0.00987281227799036,0.0111309041323966,0.0700494709356662,0.00851913707962521,0.0082645489257441,0.0200956954459028,0.0238600969528568,0.0490160886141744,0.0143130345352377,0.220645280822197,0.000277875950213069,"E02000204"
2.06400582485295,0.0715867701449975,0.00987433200248101,0.0116811310370965,0.0735242223670138,0.00877674609189457,0.00880700077807231,0.0203820806299556,0.0240098172249618,0.0487398921731416,0.0146845254459356,0.215933614730868,0.000269353765680847,"E02000206"
2.09814767756146,0.0717130245225651,0.00986743215500214,0.0125540240163489,0.0767487394685986,0.00918413019864896,0.00931817076855069,0.0201716859178726,0.0243922267653443,0.0480140992920698,0.0152165632564625,0.219063338126424,0.000330379534508987,"E02000207"
2.05844769191876,0.0696089180299767,0.00996105148825245,0.0114017547174263,0.0752925064909475,0.00864268972495432,0.00845562135535089,0.0205539633375327,0.0241094220254946,0.0489870109022916,0.0147536423645922,0.215270212411092,0.000286535304550741,"E02000208"
2.04827191534458,0.067036853861986,0.0100012600844981,0.0112581346804597,0.0751824024770264,0.00852059059500328,0.00819571431031983,0.0203097338969602,0.0239301698331544,0.0487547126429393,0.0147275257290078,0.214478051987851,0.000342046717287886,"E02000209"
2.03675405999489,0.0702764218746763,0.00990363994860745,0.0119728850282331,0.0767614762789649,0.00893311225925318,0.00898285906244711,0.0201013263772112,0.0239971062406523,0.0480968595430912,0.0150940843895747,0.212067336152952,0.000324397044507417,"E02000210"
2.20397609243799,0.0727016264303144,0.0100756889405915,0.0137958407675365,0.0849510233791751,0.00974818277156895,0.00980638956025567,0.020258891383411,0.0253055246039066,0.0481502722480449,0.0159277189561725,0.229550316154594,0.000570995277456343,"E02000211"
1.99180021198379,0.0663265875859226,0.0100141741355643,0.0113383978620622,0.0770851225256029,0.00851318723926068,0.00821151404777756,0.0201905874017405,0.0236532907212139,0.0484582825938763,0.014773438482841,0.207379115099475,0.000383240701994784,"E02000212"
2.00463222942931,0.0680590482351867,0.00999231712716302,0.0115028315107356,0.0774380884192244,0.00865606802972041,0.0084967855734897,0.020259117708234,0.0237859394915859,0.0484415639569872,0.0149488237627972,0.208530335734798,0.000334907836255931,"E02000213"
2.06703768651106,0.0705116108745079,0.0100241332514203,0.0124556377291283,0.080922554597054,0.00923481183465709,0.00926227285889185,0.0200786424827881,0.0244549229925544,0.0479275355935267,0.0155393036768207,0.214601893646354,0.000419320189352707,"E02000214"
2.01647306831093,0.0689894017929177,0.0100422236922926,0.0118482869218224,0.079257370410849,0.00888805812436443,0.00884062035698959,0.0201581264585407,0.0239675241818734,0.0481836845392095,0.0152911611665639,0.209289852086804,0.000362106442179084,"E02000215"
2.01314446179303,0.0687509837646593,0.0102308833577431,0.0120507165053052,0.0829925688536811,0.00905413287348117,0.00896106937051344,0.020152329165764,0.0243093818277642,0.0481280321299649,0.0155746271219439,0.207963278016075,0.000529256910602224,"E02000216"
1.99865751502471,0.0661206440454549,0.0102145928894768,0.0115319433218855,0.0807247529195767,0.00864020551786678,0.00835747053651624,0.0204536331294459,0.0238097044882213,0.0485772777961934,0.0151545996064029,0.207316695216406,0.000422972929789633,"E02000217"
2.25667372890012,0.0749393735363689,0.0105944393059761,0.0146798437932736,0.0954335626797654,0.0102780485974512,0.010168546084748,0.0208000159328885,0.0265258702864606,0.0490884037497677,0.0166102594340117,0.232805284948861,0.0646884009862725,"E02000218"
2.15311863178019,0.0734539587224012,0.0105443717105127,0.0134349637791196,0.0918724915693871,0.00989807682385692,0.00983506200631294,0.020647564709078,0.0260106735294507,0.0487637304935887,0.0163574891600196,0.221658138091454,0.06055865885127,"E02000219"
1.97853269591382,0.0649193436434825,0.0103987077928274,0.0116415679646303,0.0818511844712557,0.00869279381150056,0.00836181051583107,0.0203032799802375,0.0236186759654319,0.0485039159170309,0.0152224997586112,0.204723057843504,0.00141730043627338,"E02000221"
1.98908522708762,0.0673162083840985,0.0104441683982992,0.0119577862367725,0.0853134541233333,0.00900486893382135,0.00879151617339715,0.0202835451304527,0.0244175593126563,0.0483313289924233,0.0155373679495453,0.204679540694389,0.00198647809898037,"E02000222"
2.28456722469368,0.0769885592487452,0.0112875048759837,0.0148892153077268,0.104157455390057,0.010665166519226,0.0103835280441126,0.0214707126436125,0.0278270716415874,0.05002326477472,0.0171562419844723,0.233405731591431,0.0710141377767172,"E02000223"
1.98874890385829,0.0662988644343341,0.0106735600136214,0.0119473259082146,0.0858556816246363,0.00898120686079204,0.00865122239076957,0.0204797068823075,0.0243593469342023,0.0487806513232858,0.0155301800611741,0.204609912765704,0.0589032971846084,"E02000224"
2.30297565415259,0.0774993671016473,0.0115664015572333,0.0150730756792576,0.107833591403153,0.0108398421586934,0.0104564554161743,0.0216694262402482,0.0282975287278569,0.0502881100381512,0.0173294623402803,0.234453827608503,0.0744822710946568,"E02000225"
2.08449836192193,0.0716506174029397,0.010951243354726,0.012678878629175,0.0928452022918698,0.00966133655901974,0.00947567640775662,0.0209727782240467,0.0259343688618972,0.0491861545356806,0.0162604163426758,0.213431232636944,0.0615831941251351,"E02000226"
2.21521380307298,0.0762511508578752,0.0113264110509993,0.0138407414192888,0.101042953410011,0.0103689437553873,0.0101533288788523,0.0214313551261598,0.0275090607847844,0.0497746064690862,0.0169119557356813,0.226173981294732,0.0684573838726918,"E02000227"
1.99888961373243,0.0683633530626479,0.0109316217982476,0.0122925599925353,0.0897611607797535,0.00930963421912519,0.00896552797067692,0.0206650062703821,0.0252616306725505,0.0489815947770403,0.0158305047307529,0.204353700105953,0.0629649757112134,"E02000228"
2.31740203047938,0.0778855374488159,0.0119084830836977,0.0150445458522334,0.111472683976003,0.0109941362836877,0.0105012045649055,0.021859561033501,0.028808952141829,0.0505017579007047,0.0174619067387688,0.235071510444592,0.0785591313988578,"E02000229"
2.02079754000273,0.0667602612335302,0.011093945913326,0.0120625564763373,0.0863657659363459,0.00913087391665482,0.00871433953524187,0.0210686035991783,0.0246283957757917,0.0496654516960671,0.0157993182461773,0.208161834762494,0.0632275304902963,"E02000230"
1.94708265042974,0.0659316022417147,0.0110809463536784,0.011862453054606,0.0784266091550333,0.00889677957764391,0.0084879104187588,0.0203415054224485,0.0237616772610737,0.0491556253301233,0.0156788394305046,0.201317868618209,0.0674203283453135,"E02000231"
2.10390854814167,0.0728858702347545,0.0115168483060785,0.0129647271571252,0.0979936937791221,0.00995397588942873,0.00961404095131777,0.0214369102725607,0.0269778600680461,0.0497746440028917,0.0164534947616752,0.214028393795955,0.0693520911204236,"E02000232"
2.05070060876808,0.0688020474733913,0.0116637864993073,0.0124137835431716,0.0903724683338997,0.00954035433284918,0.00905667951039649,0.0216640699436514,0.0256552614974441,0.0504979758622277,0.0162315611425133,0.210194723014194,0.0702821033099844,"E02000233"
1.98330516677481,0.0676376296797945,0.0115660010667644,0.0121833935027114,0.0832794280364153,0.00928658214198807,0.00880918893992914,0.0210337498258286,0.0247705410981773,0.0500865874341341,0.0160904753512699,0.204014065601662,0.0729513282128939,"E02000234"
2.07115836948092,0.0703064696489429,0.0118220172872147,0.0126671110005742,0.0943994315806599,0.00978567788800988,0.00928824983130607,0.0217528368232232,0.026381192157769,0.0505068055108083,0.0163736095582147,0.211308876433196,0.072623777784146,"E02000235"
1.90562884930435,0.066857922162581,0.0114758521066807,0.0120378330789289,0.0759811700198506,0.00909314983267267,0.00865340342018738,0.0197795126322101,0.0240419554470982,0.0490164895488605,0.0160218706149697,0.196500950237446,0.0799645804585997,"E02000236"
1.98055835112989,0.0692756834386504,0.011953611569106,0.0124630004256488,0.085990604474105,0.0096240760464402,0.0090652469025839,0.02126107452918,0.0255843217415299,0.0503790634981054,0.0163385895739181,0.202497966295336,0.081001017960007,"E02000237"
1.28622619583958,0.0621951787985073,0.00387393409290047,0.0163771549863366,0.0219300252580814,0.00640781274287459,0.00715438267782864,0.0125255016597317,0.0101174429000545,0.0417457723955017,0.0117680641505221,0.133368508375484,0.051640472474497,"E02000238"
1.39595755429375,0.0666765232259516,0.00409414405047821,0.0170777214170141,0.023386132853841,0.00690603916777027,0.00761217975538695,0.0133846912154645,0.0101485306644726,0.052597571100786,0.012263189561065,0.145184592017864,0.0596766608364542,"E02000239"
1.08602940395088,0.0520980016317431,0.00375698131401557,0.0156986604939652,0.0200017170510577,0.00629555195761567,0.00700893321150371,0.0121371391729536,0.0104908457697708,0.0304792418127576,0.0119560592024816,0.11091535045166,0.0477093664663278,"E02000240"
1.19208134822633,0.0563615912422182,0.00385425167335865,0.0161006645327372,0.0207559843487296,0.00640607341314073,0.00710926034751035,0.0123530935531243,0.0105138899250596,0.0330099819575254,0.0119802038974485,0.122995699713095,0.0488598959906465,"E02000241"
1.481710322515,0.0731135126240008,0.00444300656996757,0.0181139612187421,0.0246747544717778,0.007636805797512,0.00825632655360664,0.0145433582515727,0.010525122522713,0.053802968409759,0.0131873900117049,0.153574697460235,0.0688924524417593,"E02000242"
1.34646747643064,0.0642111565064731,0.00414049387912417,0.0170945076769978,0.022643336949956,0.00677377080720867,0.00747907523066988,0.012970951093813,0.0106553389425689,0.0415797998741518,0.012298235266128,0.139797869667875,0.0525464011318434,"E02000243"
1.44317738798185,0.0713000080417037,0.00438889399754581,0.0180222329181691,0.0242762904504614,0.00737272133141995,0.00804379893794795,0.0139680209197208,0.0106269603048833,0.0527043486891741,0.0129574643700246,0.149469071965636,0.0627259892698113,"E02000244"
1.06969344000114,0.0510967917083631,0.00389978604052655,0.0161906474197368,0.0204260416240331,0.00655829900109143,0.00726148734459179,0.0123919779300615,0.0112873218026974,0.0290145141862091,0.012577176231001,0.108526353051341,0.0504062672299762,"E02000245"
1.03874005355547,0.0497651648092699,0.00392936520156893,0.0165559543562377,0.020578186620819,0.00663128608559101,0.00735440750047924,0.0124079106133326,0.0117329122436452,0.0278583965894582,0.0129133387975413,0.104607515866876,0.0518881845140462,"E02000246"
1.2192302533862,0.0569393376350881,0.00403401203358561,0.0166252050570497,0.021334474493706,0.00670753199706041,0.007419775295876,0.0128059155345258,0.011335412698903,0.0321017475599522,0.0126306796572761,0.125688795487019,0.0514599627993843,"E02000247"
1.65178287779482,0.0926445471513583,0.0055980347286973,0.0203661889471105,0.0269138335493816,0.00936853121483958,0.0099388573075382,0.0163710695441973,0.0120936733020223,0.0328257804728703,0.0154643513426305,0.168791142860793,0.0984371053361916,"E02000248"
1.3313030436208,0.0626858390590621,0.0042790951462228,0.0171570997130866,0.0226714459382334,0.00705035443361414,0.0077888861983597,0.0133022492853857,0.0115581405504743,0.0356900211334509,0.0130604708640167,0.137909109146306,0.058108758604279,"E02000249"
1.56299984324932,0.0852327031574122,0.00498503462080359,0.0196382227695191,0.0262965553190812,0.00833966019793716,0.00911473655242086,0.0152955855450305,0.0114681559649582,0.0487817097943329,0.0143898613557221,0.160308141773074,0.0809736721449583,"E02000250"
1.25100926901144,0.0586979950064693,0.00421492178221973,0.0169675333453307,0.0220418220672095,0.00701797203195426,0.00774976904944817,0.0132304330379967,0.011894763191137,0.032890203222548,0.0132095622694872,0.128829958016834,0.0580828404157892,"E02000251"
1.8539348741861,0.0999817907029585,0.00864336305432105,0.0217216559475746,0.0274554127943112,0.0111310235874177,0.0122679358339418,0.0176219172117118,0.0152883821531914,0.0230946254175229,0.0179398260112575,0.189647659397604,0.134523901107873,"E02000252"
1.45033047863728,0.0718855392184137,0.00461029676083715,0.0181769023214745,0.0244877781670488,0.00745259024668618,0.00831609678429074,0.0139294971515108,0.0116694634024563,0.0425123450488755,0.0135495932810484,0.150123040853342,0.0654780533034761,"E02000253"
1.19488917352053,0.0560409245516445,0.00424314146148856,0.0172794413229341,0.0219410294705696,0.00712619851518592,0.00787970038440443,0.0133617714554705,0.0126074291738262,0.0309710686409238,0.0136845256085811,0.122085238115841,0.0612441969819002,"E02000254"
1.52195211416617,0.0793061423652995,0.00484762447490117,0.0190126266924058,0.0256644749557122,0.00779958352888295,0.00878986007811518,0.014512617481565,0.0117349108206976,0.0485053091226791,0.0139800140556787,0.15694909774291,0.0718689463282716,"E02000255"
1.63050236158646,0.090867533803599,0.00535357174482214,0.0204422007119752,0.027403010885334,0.00845601654172286,0.00974404519072802,0.0154311588979489,0.0124665467205895,0.0498906690274921,0.0150197488055393,0.167030615474797,0.0858893622250032,"E02000256"
1.91943806081719,0.108175275704405,0.00800783272962579,0.0229833554151823,0.0292764677961512,0.0115774428384247,0.0133687631054336,0.0183553543795471,0.0155391445219609,0.0256077367440218,0.018681418965025,0.195400661499248,0.140756265018301,"E02000258"
1.46205467866621,0.072079860049276,0.0047398466444543,0.018365808478872,0.024551778303073,0.00758081533627742,0.00855314312262727,0.0141202288359704,0.0125139985689553,0.039216858307292,0.0140559039825601,0.151303223757029,0.0691398489036676,"E02000259"
1.2255874777494,0.0586348020418585,0.00447496997670481,0.0182674281800889,0.0228011796401038,0.00747927299335444,0.00829704812332926,0.0139169945597026,0.0136584807369963,0.0310737342209695,0.0145095997708708,0.124620969978758,0.0701212983310309,"E02000260"
1.11494727936138,0.0634225431618582,0.00575027004860677,0.0153239440462394,0.0156501110896534,0.00674062297998617,0.00765823009270766,0.0128641038724996,0.0105156599496408,0.0136279838381138,0.0127373307219868,0.112363322974839,4.61631141941553e-05,"E02000261"
1.09220684335894,0.0649633379154978,0.00467215245961645,0.0154753570296994,0.0158878712668519,0.00629755893721374,0.00792549307096899,0.0120020814944254,0.00975236155737605,0.0153064284213605,0.012261032091798,0.109776697473834,4.44599621153407e-05,"E02000262"
1.20559829074229,0.0575688180426314,0.00448409269262243,0.0191106819321573,0.0229849704828261,0.0074971599403679,0.00832127070731621,0.0139518783597531,0.0142860136450139,0.0297867298498351,0.0148177932397624,0.121916314087824,0.0712050799935945,"E02000263"
1.89389619939719,0.111656924285639,0.00700226676639626,0.0237350216792469,0.0307997425478947,0.011122743594082,0.0136496599502405,0.0182949218453816,0.0156396128700425,0.0292143845528136,0.018699496290865,0.191667645726552,0.14071372585008,"E02000264"
1.62287053544968,0.0904172114322666,0.00553588790149055,0.0206840706030983,0.0275578990275237,0.00839273122651332,0.0099949136611643,0.0152765258851635,0.0136541399324039,0.0452898815132486,0.0154241544762167,0.166057037584089,0.0887651384511077,"E02000265"
1.34539356153463,0.0677878407298047,0.00484918003060224,0.0191546507683037,0.0241704828670141,0.0078686355343945,0.00892394704070994,0.0145551800886189,0.0144284292753222,0.0336895112673697,0.0151761742886205,0.137066622728555,0.0787915278964008,"E02000266"
1.55061549963668,0.0821788183768635,0.0052841528174022,0.0199518552680947,0.0262627068910513,0.00814277704763688,0.00953593238501297,0.0149135449318879,0.0141132243438361,0.0399046795598328,0.0153000358681236,0.159209106321189,0.084384718814644,"E02000267"
1.80190217398522,0.108090029984489,0.00649178914206798,0.0233474538627284,0.0306407588687325,0.00997494792797412,0.0124313634306384,0.0171978968357903,0.0150813323928494,0.0385786683212722,0.0176167748432343,0.182169287408769,0.123024485046349,"E02000268"
1.70508422886643,0.100599798229605,0.0060666916272708,0.0222501932721882,0.0293158500537145,0.0091021975429299,0.0111834316854908,0.0161677029888214,0.0144651900535295,0.0444752545986228,0.0165187539616449,0.172931940361593,0.105986384637322,"E02000269"
2.00285263650396,0.116788917123643,0.00844625061169415,0.0251496820923987,0.0324313008960347,0.0126862034392658,0.0164835370707203,0.0197884188813227,0.0180845138297751,0.0280325686523565,0.0204836126425235,0.201542656668892,0.169755073572927,"E02000270"
1.11449280424167,0.0660131930227498,0.00583461324210756,0.0159854380661517,0.0160676640022612,0.0070075473368075,0.009327051235057,0.0132641999570283,0.0111073353157034,0.0148122520602808,0.0129769912988098,0.11094203048062,4.55525486874618e-05,"E02000271"
1.66862716464511,0.0941660342867345,0.00587046415915841,0.021857040037629,0.0284597197080993,0.0087394147982834,0.0107808557863441,0.0156408523044638,0.0155653057585779,0.0427688729971986,0.0164120675009702,0.17012497461756,0.100199407727023,"E02000272"
1.29236799223125,0.0667234411722189,0.00493779320131963,0.0210910758299849,0.0246155083397428,0.008068531899165,0.00911730416849098,0.0148401357221527,0.0160285423874869,0.0310984876814873,0.0160619392799813,0.129588340522643,0.0858041388946312,"E02000275"
1.79543949789126,0.10766038949431,0.00661620006309034,0.0241457872490684,0.0311730157554632,0.00981051778527954,0.0127761294538458,0.0169303016703379,0.0167102409709895,0.0436633057381682,0.0179446830747994,0.181100700534781,0.125671822816297,"E02000276"
1.27062378655038,0.064297762786977,0.00580114633782809,0.0114534678490924,0.0264122134028966,0.00829439100709575,0.00870588102467496,0.0151638930550637,0.0197457440365466,0.0667246334960562,0.0115580226009704,0.129493754235949,0.0557315633105024,"E02000277"
1.26897381522991,0.0649644593863144,0.00616459533197039,0.0114018523424597,0.0264578616497176,0.00827913977359755,0.0085863650200017,0.0147980823848093,0.0198231426160549,0.0670755797726711,0.0116320892966124,0.129159757789746,0.0561771080499122,"E02000278"
1.25254562985748,0.062077127288706,0.0052530804932365,0.0113884140273294,0.0258889991234533,0.00816450471935914,0.0087831235124911,0.0155064731476512,0.0196955687708516,0.0624109075550419,0.0114058979841902,0.127906881588308,0.0553194889617462,"E02000279"
1.34866247740339,0.0683016129965234,0.010608474601864,0.0115696903230134,0.0272080752847125,0.0087788570034374,0.00860332430920831,0.0141135634079844,0.0193555142287679,0.0599734678615338,0.0119985880038934,0.136632077250915,0.0564454150145498,"E02000280"
1.27862660138714,0.0661171904964752,0.00761264218092044,0.0114092267528554,0.026670907947097,0.00844313624900947,0.00849916268646483,0.0144287464875702,0.0200070464859794,0.067620117265473,0.0117557228987085,0.129653392040956,0.0557541916989051,"E02000281"
1.26523090722625,0.065307764157498,0.00634357798262224,0.0114175388891103,0.0266038755050635,0.00827818149362406,0.0086054249287015,0.0151456079756019,0.0200866370160665,0.0688680932477099,0.0117134506060139,0.128501356078753,0.0564281266065058,"E02000282"
1.25303365639384,0.0639125453454701,0.00579113480434194,0.0113627604087081,0.0263252190878889,0.00815150027643994,0.00865415077592363,0.0154328133165216,0.0200872612838002,0.066473630108564,0.0116274664620308,0.127483290372456,0.0566121049221303,"E02000283"
1.28734191134946,0.0664993876129683,0.00963299163112649,0.011380280853705,0.0264704122064197,0.00854341022935247,0.00843211056208438,0.0140489694588366,0.0196510403366621,0.0634172426449003,0.0118667462456043,0.130008537699804,0.0565409847254614,"E02000284"
1.27064047675647,0.0659647828820572,0.00848302666659206,0.0113623723571097,0.0265367109991526,0.00844679163874584,0.00843085376570778,0.0143609177613225,0.0199155741087256,0.0665279399827717,0.0117798572805049,0.128452626947002,0.0558906757562245,"E02000285"
1.31793821288779,0.0677896855588389,0.0105296123115878,0.011531027945672,0.0267791093258445,0.00870920818217469,0.00855291227700797,0.0140555669851388,0.019600170815448,0.0603545080163757,0.0120470062501104,0.133036163569582,0.0581440373320031,"E02000286"
1.39834924651303,0.0692686897286482,0.00899566075531552,0.0119975553777093,0.0294504679255693,0.00879659473151536,0.00880141679619735,0.0153832548797501,0.0190475530931586,0.0468583423354411,0.0124322647225591,0.14266987455701,0.0656562863452736,"E02000287"
1.2542461307013,0.0656876621747315,0.00686734143971382,0.0114193106298949,0.0266631832562628,0.00824107149319891,0.00855828764712491,0.0153518044693133,0.020470045008913,0.0702379870994271,0.0118112316059725,0.126900876097099,0.0573889723977604,"E02000288"
1.34853708714125,0.0693677225640011,0.0111191206008552,0.0117864484958226,0.0274661817331624,0.00887829071990737,0.00877612471059234,0.0143406767651931,0.0198742551137936,0.0562616239436967,0.0123190614138739,0.135980550956577,0.062231073318989,"E02000289"
1.24531274026418,0.0619490101673087,0.00531844644261848,0.0112625419159634,0.0259587112760668,0.00798601578230515,0.00872243969015629,0.0154945603610963,0.020290699594781,0.0622769832137226,0.0115271970347843,0.127146235743079,0.05702043306524,"E02000290"
1.2482471835375,0.0656066010687504,0.00882576800039751,0.0113512721482791,0.0264623929904732,0.00836137093283851,0.00838462871049365,0.0148117176722392,0.0200924675931876,0.0663792568387463,0.0118545767494129,0.125624440282937,0.0573856050638557,"E02000291"
1.24642936408344,0.0656895232783157,0.00788400973587655,0.0113898531739905,0.0266142721491142,0.00827917953240909,0.00845900003420433,0.0152187900163981,0.0204647269715304,0.0688339939234091,0.0118474247230021,0.125651103010939,0.0574856945738234,"E02000292"
1.28171511127241,0.0671831152468286,0.0102407743577236,0.0115617501673006,0.0266625581409822,0.00862738393188877,0.00851720053089189,0.0144756382911402,0.0199931187814737,0.0618288177365873,0.0121493530290269,0.128751565639944,0.0612562645462683,"E02000293"
1.26457788432092,0.064555844623602,0.00612282757874582,0.0114459751323733,0.0266971819204985,0.00804955458480409,0.00873035080571376,0.0155549294874645,0.0211285950008952,0.0691325047167398,0.0118385394778213,0.12862187409458,0.0597076525547188,"E02000294"
1.3430389386942,0.0699379504567349,0.0115078520258926,0.0119794461064245,0.0276061878121045,0.00891671737522503,0.00893307784702243,0.0145623543577235,0.0205309751433603,0.0526170981026122,0.0125792173676195,0.134869090175318,0.0691787330775945,"E02000295"
1.37774146228094,0.0700273652631231,0.0114662888740919,0.0120622456225694,0.0284468160004117,0.00900052520826288,0.00907213562874054,0.0149592642488337,0.0204854723070011,0.0484809800634774,0.0126316163182793,0.138936488325761,0.0705300849385036,"E02000296"
1.24102635064065,0.0658058650241412,0.00949559286783501,0.0114417387932248,0.0265585587987934,0.00839402926134536,0.00840428114171592,0.015410515313507,0.0202896886354009,0.064923182032151,0.0120486115869401,0.124315288914532,0.0606400214791418,"E02000297"
1.30378493692613,0.0691837222047838,0.0109633126567134,0.0119553512921931,0.0272905789149538,0.00880265704322228,0.00880524208451869,0.0148629427092786,0.0206654093192083,0.0575704442416575,0.0125906640752437,0.130462998465845,0.0694488518388474,"E02000298"
1.25775579961774,0.0659561348399432,0.00755374163466266,0.0115426177632723,0.0269598238331712,0.00814388570524403,0.00861630653270736,0.01554344537147,0.0213305480714362,0.0719258792730983,0.0119709404966669,0.126994460870914,0.0602129660716645,"E02000299"
1.23982514699206,0.0656301875190625,0.00871419448653768,0.0114599073849865,0.0268023291685515,0.00822265478327992,0.0084769313437652,0.0157214445570543,0.0208317005147397,0.0692922240009909,0.0119882536874666,0.124465590899857,0.0598145819563853,"E02000300"
1.31123104090307,0.0646706138207702,0.00609235986312372,0.0115397685970978,0.0269139889691586,0.00792603152752713,0.00883251516588277,0.0156485179682635,0.0218526839555935,0.0679743736455215,0.0118860389576991,0.134369334980645,0.0618327458172538,"E02000301"
1.27269195445311,0.0679812521643492,0.0103830808469044,0.011874347042027,0.0273169931468104,0.00861031732141035,0.00869423808754292,0.0164525436435583,0.0209661344504745,0.0614678576046793,0.012580470011831,0.12704570186204,0.0692628229581576,"E02000302"
1.26154477931499,0.0659568487190617,0.00930570174168114,0.0115788259155767,0.0270813142226339,0.00824773946933633,0.00854004998982816,0.0161011777870015,0.0211919862141922,0.068055666939953,0.0121865448712917,0.126782948413366,0.0631988845303503,"E02000303"
1.3837325665958,0.0723232496730665,0.0127892479829961,0.0125348430540373,0.0288569960523574,0.00919635433500238,0.0093821872747927,0.0154165599448706,0.0222442482384572,0.0479770831004744,0.0131555279642342,0.138248608807047,0.0828076898278352,"E02000304"
1.33960801958164,0.0714915215386769,0.0116652723014906,0.0124305862934913,0.0282796650578635,0.00901687008660208,0.00914349773984349,0.0162119484115816,0.0217792631273666,0.0559714665272872,0.0130442450091178,0.133657980674836,0.0789162511215365,"E02000305"
1.3807910255261,0.0677570579198465,0.00769036594231258,0.0119080747906263,0.027903874686594,0.00807686732190217,0.00891393148434108,0.0157726703693784,0.0226722172118256,0.0735918176128254,0.0121267818115657,0.141610737450275,0.0638038414066362,"E02000306"
1.28545991388365,0.0676428124685793,0.0101855901683806,0.0118443200481483,0.0275077822120259,0.00850686210458789,0.00869860529444545,0.0171947223157573,0.0213084836680614,0.0648074478664865,0.0125682435012676,0.128747415719745,0.0686695386869602,"E02000307"
1.45502299568755,0.0723212447321876,0.013408018568736,0.0127195981671556,0.0300825524298595,0.00920540904653708,0.00954313225560068,0.01563649497667,0.0232025947831303,0.0396806901589904,0.0133694793819983,0.146558660002681,0.0891276957032213,"E02000308"
1.48244130085021,0.0695225212253057,0.00859425819000405,0.0121217914310328,0.0286448029948581,0.00810352756886682,0.00903288256827276,0.0158893776198775,0.0231681134751225,0.0724800831228502,0.0122503913164184,0.153362385512922,0.0658044002101113,"E02000309"
1.4044718665925,0.0717197125921397,0.0113191081040345,0.0124561170370695,0.0287553044126577,0.00880632441992358,0.00913964858577635,0.0182729258461685,0.0224857945011472,0.05899161885367,0.0132024350888442,0.141827518011471,0.0800123292318195,"E02000311"
1.44153269225466,0.0736458584513508,0.0127412549926599,0.012788618851516,0.0292626183805014,0.00911866842082777,0.00941159509592614,0.0169802595284897,0.0231429142400123,0.04869392520063,0.0134464663426843,0.145193527147019,0.088631967017597,"E02000312"
1.63071924203022,0.0697180751879925,0.00663425342865904,0.0153089636581093,0.0654635265463318,0.00717205135547389,0.00842724507400988,0.0194347330467431,0.0216023831346385,0.0305327635038828,0.0143453496152193,0.165466344904456,0.104840635648703,"E02000313"
1.61198317480067,0.0693124154565256,0.00650313465406679,0.0150097307044385,0.0639185356125941,0.0067750566266807,0.00810852581090268,0.0195125837681569,0.0212498045902951,0.0292233179326397,0.0135472067780822,0.163984067951753,0.0985556762602634,"E02000314"
1.81541648185459,0.0772574503742681,0.00728383908366383,0.0163091200731474,0.075907057793038,0.00789339109633308,0.00950212343248191,0.0207941373687573,0.023427698538822,0.031641346000517,0.0157832088867214,0.183891449536391,0.123216135802384,"E02000315"
1.86275680180641,0.0828317742974467,0.00824612730380915,0.0162032940967285,0.0724084837011801,0.00704354299610983,0.00938346765496944,0.0224125913481487,0.0225008099502365,0.0278740090094502,0.0131459965813454,0.190321336061655,0.113573371345104,"E02000317"
1.87861615505236,0.0796013636443273,0.00755013332658884,0.0163327052268927,0.0794040827441655,0.00768578510016503,0.00977889551176606,0.0212200155697666,0.0235391868505277,0.0306496488733994,0.0153246842535564,0.190694741976694,0.125198275923831,"E02000318"
1.89861087749586,0.0811950078371753,0.00775609011828523,0.016409216336914,0.0789599421904371,0.00747400125959757,0.00975827537535412,0.0215830106016588,0.0233090644240908,0.0299437692002673,0.0148920702599815,0.193168184243993,0.12246622659185,"E02000319"
2.01959321018399,0.0837811059547578,0.00804450931069315,0.0171740950350479,0.088617966628232,0.00884726011440802,0.0109606757694168,0.0220067968993112,0.025198078870497,0.0327570314475672,0.0175069493825498,0.204178091211049,0.144152217682047,"E02000320"
1.92597921543103,0.0832573934597382,0.0080456891961545,0.0165941469048538,0.080010605072737,0.00749817749294909,0.00995455396161134,0.0218536099490035,0.0233940211333743,0.0297166474120513,0.0148320717548811,0.195920607102643,0.125107134505553,"E02000321"
1.9506591576279,0.0853117588662901,0.00836994249701971,0.0168052539374238,0.0805740663925095,0.00756097189278734,0.0101205158345354,0.0221233192354423,0.0235270201258792,0.0294795089539897,0.0147468556212574,0.198424303713653,0.128192545371331,"E02000323"
1.96240493204585,0.0853580818165022,0.00888589689989535,0.0169020166012526,0.072682879101873,0.0075875304954945,0.0101396984522779,0.0228012958841145,0.0236791646865264,0.0278132039560256,0.0134579989281139,0.2014743267448,0.125821968384766,"E02000324"
2.01348570855163,0.0853084328147672,0.0091191007972506,0.0171823292434368,0.0671533390076901,0.00781893461985199,0.0106003447838577,0.0229272817332139,0.0248202643544074,0.027223582622493,0.0131409273081264,0.208426600955407,0.1263733952219,"E02000326"
2.06654084889848,0.0916538057791972,0.00938739287208008,0.0178732524007156,0.0839422345379009,0.00807118995362423,0.0108753107063952,0.0232854753794949,0.0245705399761944,0.0294518809953634,0.0151825354910303,0.210299085923351,0.139970052526315,"E02000327"
1.9992722519602,0.0816479491936053,0.00886424148649658,0.0163048462636998,0.0569877845165716,0.00763278680539684,0.0107855042421167,0.0221037655746165,0.0258461666115198,0.0263690299443978,0.0122880358456609,0.209073641631383,0.119956872066703,"E02000328"
2.15386827325868,0.088981315797967,0.0093712992799663,0.017771522646157,0.0964512625614129,0.00923907929639239,0.0119322422311416,0.0226564899096524,0.0257849681024883,0.0316339211280929,0.017324010028138,0.217714034604972,0.156573515810668,"E02000329"
2.14747280799054,0.0933403192328678,0.0103185817649607,0.0188652076715706,0.0805763189636903,0.00873277879138728,0.0115559820686893,0.0239741440652855,0.0258064395837152,0.0290874070188131,0.0151117350390444,0.219897743144421,0.148161050194109,"E02000331"
2.18618772717457,0.093413031632165,0.0100566339169122,0.0184868844473546,0.095159774878387,0.00917600997651037,0.0119363851035548,0.0232121310411851,0.0260063339589376,0.0311078575181057,0.0170911364577492,0.221229366178621,0.159582627271116,"E02000332"
2.11669523571228,0.0891461805888617,0.0103177501616766,0.0177814522358415,0.061578819531223,0.00887203835502985,0.0118077641580876,0.02298940824671,0.0270961263998202,0.0280143723257465,0.0137897056265849,0.220244259519242,0.140569275515037,"E02000333"
2.21715939135244,0.0957081968609668,0.0112083552585715,0.0197026285100657,0.0829414919031016,0.00945345742855446,0.0120938821573059,0.023947081641944,0.02672759550024,0.030024245444246,0.0159774067597235,0.226818442921787,0.158765445571734,"E02000334"
2.22998082505217,0.0928072485669329,0.0112724066849466,0.0191027844228444,0.0997663509612537,0.0102196364160319,0.0122407890032907,0.0228955831109575,0.0267037709390135,0.0321308096940234,0.0180087324709355,0.224677316909056,0.169731199092676,"E02000335"
2.29189367481295,0.0962008865850793,0.0127250002925947,0.0205930669420874,0.0914185143595119,0.0107068781133333,0.0123641674137894,0.0235481506972113,0.0276407231475201,0.0324194908971612,0.0175211992587918,0.23293621005251,0.170179078894186,"E02000337"
2.28058336432639,0.0931183320961565,0.0126546165958638,0.0199453482434412,0.103800594756656,0.0111019922046573,0.0123725924762629,0.0228204967253119,0.0273139670793918,0.0335228192082914,0.0186832065151507,0.22895935822127,0.174683105521831,"E02000339"
2.27278029701733,0.0904575341795447,0.0135445789475959,0.0199168076588208,0.109292798923776,0.0119417538439648,0.0123936353348152,0.02190996305305,0.0275014998715455,0.0359781918868372,0.019472786075808,0.226228101508675,0.174051711473068,"E02000340"
2.39475784191273,0.0974692410631228,0.0146130530598877,0.0215881400646216,0.0957499995706129,0.0124585947525956,0.0124478086522001,0.0234096221609694,0.0295154816224888,0.0404599926148945,0.0187405164100729,0.242853125683067,0.173527349235691,"E02000341"
2.27422461064649,0.0891011097162896,0.0136732783409425,0.0195102502668306,0.113764277553733,0.0124639329163178,0.0126235082381351,0.021362226158403,0.027650318770005,0.0371781201440956,0.0200697767537878,0.225078434179993,0.172818489085951,"E02000342"
2.33563293732248,0.0921270569570229,0.01654715262347,0.0212620089926938,0.113709922135033,0.0131148987574827,0.0121843714080077,0.0215273824779414,0.028897604208379,0.0514128690567969,0.0206156995248651,0.230890465829758,0.165474452513676,"E02000343"
2.25978517973717,0.0894345160510345,0.0162404222046527,0.0204400883542783,0.114054915572619,0.0128976565847913,0.0122035717776628,0.0208045966274246,0.0281816140285299,0.0472233996277866,0.0206957384597821,0.221938014229494,0.162668273057759,"E02000344"
1.66133283698873,0.0753257041445524,0.00788169029416886,0.0119904147758158,0.0336204352050993,0.00765583480295604,0.0100252378421548,0.0180895005096354,0.0275542304964924,0.0399308615776689,0.013405745738923,0.173637215791553,0.0825723590795253,"E02000345"
1.53266104508007,0.0707486462968407,0.00776495484740524,0.0121257532471219,0.0328380136275847,0.00770371847651223,0.00931799085678077,0.0183547685459027,0.0272978491998497,0.0330044883155142,0.014246665448513,0.158903373624083,0.0797849120723096,"E02000346"
1.51282276532142,0.0702694279752337,0.00728903452906862,0.0118148373824147,0.0325873273603898,0.00739918569467152,0.00928447075108969,0.0178578921030007,0.0268728627717478,0.032814200162762,0.0131687961840781,0.157025026019247,0.0781370705912218,"E02000347"
1.63717437542548,0.0757849588640509,0.00746514459181832,0.0119011631581136,0.0343383653921057,0.00736547099395858,0.00989046167734612,0.0179087520914387,0.0275086286827818,0.0368147836142445,0.0130912038664627,0.170854475384431,0.0800737124570479,"E02000348"
1.60181545509153,0.0750734672856337,0.00709765183019065,0.0118912152582622,0.0356245701490931,0.00711598131673606,0.00964715395983958,0.0181248299558033,0.0277791455861793,0.033280224684101,0.0127806253038074,0.166731081828183,0.0770190774061891,"E02000350"
1.38342626508403,0.063422502063891,0.00687805692261185,0.0118687511357046,0.0289813020196407,0.00710013109409218,0.00857591605678822,0.0171798913759174,0.026260053053501,0.0283056435757392,0.014192318634676,0.143062853083883,0.0684241110134963,"E02000351"
1.44527769088012,0.0680911758998217,0.00686492634831752,0.0119363374602367,0.0337838453717162,0.0071777701102256,0.00902189421780258,0.0176319742787958,0.0274196777532363,0.0301560955788472,0.0135338289060888,0.149159001658713,0.0719941380086827,"E02000352"
1.53529812725252,0.0728849343715025,0.00700091873126334,0.0119866710065669,0.0358835645026473,0.00720607488420924,0.00937578670047259,0.0181455973433935,0.0281154402626075,0.0315705363515731,0.0130888495014079,0.158938701102134,0.074728682523024,"E02000353"
1.63555942009989,0.0738000821008118,0.00685871057071012,0.0119607960949675,0.0375843683726476,0.00681952496070183,0.00962890572647908,0.0185278644842482,0.0281368691071325,0.0313510805720596,0.0123784712393819,0.17087400769443,0.0756579855586811,"E02000354"
1.65477700305729,0.0731684810958491,0.00647586550732079,0.0118979888680408,0.036875823315832,0.00645843156666427,0.00959853174450863,0.0174341707939951,0.0275194870694056,0.0318388931955235,0.0121425139675151,0.173718250863113,0.0752751515260673,"E02000355"
1.34510842020294,0.0623712841167367,0.00642275808286343,0.011692688984539,0.0324592657174421,0.00675786985713163,0.00847297517928075,0.0170631358865795,0.0269808930045844,0.027663308128157,0.0128864978965416,0.138490234456496,0.0656030064973475,"E02000356"
1.56578717044514,0.0671550212040467,0.00552723998111718,0.011693174778334,0.0344581845726354,0.00587239930622889,0.00897210741622556,0.016052693784507,0.0265150635032528,0.0362235352861623,0.0115381886720543,0.164857268236257,0.0678297031899895,"E02000357"
1.47209393197665,0.0687038609350235,0.00677945001287449,0.0119137935279115,0.0366234922929425,0.00692940204610795,0.00899674474046892,0.0181196711395787,0.0280940042610092,0.0293620625594091,0.0126414416892755,0.152062933118618,0.0706102340857657,"E02000358"
1.64354449000833,0.0708609157348069,0.0061199531613731,0.0119831072995392,0.0372230456473844,0.00618906383349807,0.00953058050282678,0.0171442051566515,0.0276013189265141,0.033189664190356,0.0119107607890762,0.172814214962511,0.0739779096558963,"E02000359"
1.61769418941986,0.0725306841337395,0.006992647509537,0.0121081242060706,0.0390853370581231,0.00696042753434405,0.00957965902993213,0.0192554559879824,0.0286994412984094,0.0304653072867855,0.012359741370831,0.168523272494377,0.0753378692085515,"E02000360"
1.64112983608718,0.0704375793801942,0.00668005131619812,0.0120102000441801,0.0389357150114387,0.00659219205758222,0.00954501538748251,0.0191927322540286,0.0279600673993848,0.0300387341735213,0.0120012153970898,0.171969201236354,0.0766658739038758,"E02000361"
1.55152913276334,0.0640081387333256,0.00552437796793986,0.0118184924964035,0.035781899308824,0.00564930102409418,0.00892829414746688,0.0160847536287407,0.0268606779374658,0.0325431497870052,0.0111706429128128,0.163428989950253,0.0678354463174213,"E02000362"
1.66148900839803,0.0702063296531688,0.0064832640093399,0.0121331035235363,0.0388221124697016,0.00639403403767754,0.00962184044791637,0.018765049858537,0.0279743979028449,0.0311500112547962,0.0119524061978048,0.174558655049007,0.0772075033158733,"E02000363"
1.52398270917261,0.0680448023333983,0.00687228858310432,0.011772873472876,0.0385516665844172,0.00688969435487307,0.0091746370195687,0.0190939860958408,0.0286190651529305,0.0289333843931272,0.0120489110621542,0.158115619325672,0.0733444994280479,"E02000364"
1.63942367592678,0.0673896614756519,0.00640422305525533,0.0119369559638015,0.0389783931923714,0.00629760099177689,0.00960436073148803,0.0191835450542294,0.0283291532055798,0.0311119332578844,0.0118033186015428,0.172290989103273,0.0787214600456065,"E02000366"
1.58345920842162,0.067503048816458,0.0067853100839664,0.011470833980366,0.0394208514294774,0.00666912344318025,0.00968261124060239,0.0196427584565257,0.0291383062806464,0.0299171127172615,0.0119201655833563,0.165261270666824,0.078778394078743,"E02000367"
1.47824941289035,0.0647980880001849,0.00688074344354371,0.0107770385683014,0.0382133915072823,0.00699570826360452,0.00914148735251223,0.018923323087981,0.030509596228626,0.0281387561842895,0.0118368191917554,0.153068942277765,0.0735788079147761,"E02000368"
1.35140531107015,0.058096150402898,0.00636218671845689,0.0105465059541049,0.0322996820766537,0.006815884059061,0.008109231295105,0.0173553719694259,0.0298731183561232,0.0252435305655127,0.0116821986765079,0.139915411765523,0.0629238256057745,"E02000369"
1.19626968685572,0.0500032146754382,0.00566620671477264,0.00985035363504246,0.0223199176265211,0.00635259183572354,0.00723146971664113,0.0153838294436851,0.0280479436132711,0.0201527470938156,0.0112424080686909,0.124235191176764,0.0511680852615755,"E02000370"
1.85888927787743,0.0936395296227083,0.0103414073825248,0.0220144165426313,0.0271042349794612,0.0117489969768177,0.0123674091149637,0.0191881396044675,0.0166387431266385,0.0227857597096686,0.0198909187604745,0.190008991835666,0.145340299400338,"E02000372"
0.992661312243846,0.0529289917364041,0.00548406976005492,0.0145359153806564,0.0141459799450333,0.00628512805860344,0.00581960948078665,0.0137821172873432,0.0102123801053405,0.0121657673075755,0.0120071369884901,0.0998721097746918,4.73479231614285e-05,"E02000373"
1.02910059807962,0.0563159043066606,0.00565323999521873,0.0148157567427381,0.0146428100113489,0.00641148623212069,0.00653031718319164,0.0133080520257349,0.0103975625344827,0.0126421672702626,0.0121961968050148,0.103511515042847,4.62234362733013e-05,"E02000374"
0.966048275415897,0.0506946762717077,0.00540200883339823,0.0146799807054933,0.0139361732213681,0.00652009276883826,0.00545014912808594,0.0146041576590748,0.0103535382522973,0.0120017454138035,0.0120464710859588,0.096722774300615,4.89011717107309e-05,"E02000375"
0.99110495068623,0.053292927425662,0.00569589071635504,0.0149364471401707,0.0144189515516202,0.00654230563556946,0.00620628554528312,0.0144787017694781,0.0107183119595653,0.0124166081550884,0.0122088223628721,0.0990506439812078,4.78136768859151e-05,"E02000376"
1.01687030084995,0.0562467472398983,0.00585496334390388,0.0150433069421546,0.0147534194401593,0.00650392619401209,0.00706995856368157,0.0137161722706507,0.0108006639723868,0.012857951741771,0.0122949999749164,0.101604379824541,4.6079097387351e-05,"E02000377"
0.988250041535923,0.0516289624094264,0.00569289333257276,0.0149098517074394,0.0144872992107524,0.00677671482301115,0.00588338062603704,0.0151297900794558,0.010879014501876,0.0122401207537123,0.012348360742781,0.0988118020654723,4.96042135186252e-05,"E02000378"
1.06520268884386,0.0606320341429356,0.00621645034012979,0.015627471553208,0.0154178482366685,0.00678867203092351,0.00863391046466711,0.0137302064759401,0.0113091028892556,0.0136227043598251,0.0127077355987716,0.105992166384763,4.6143705046241e-05,"E02000379"
1.03619642815797,0.0565054348475172,0.00626855903476037,0.0156597446735792,0.0152382128303076,0.00682554680983889,0.0076467521639054,0.0150774878048931,0.0116432085108951,0.0129134392983898,0.012663264137331,0.103060796460465,4.89019294915516e-05,"E02000380"
1.0026817124904,0.0521004713914101,0.00615620803312267,0.0150028752590296,0.0149596185855128,0.00687659701137809,0.00637921413747294,0.0154434698747218,0.0113593461963207,0.0124209696545073,0.0125486044539557,0.100114963802239,4.98915477981791e-05,"E02000381"
1.07508023882084,0.0608762698591885,0.00695199314757917,0.0164472638748705,0.0157918040731825,0.00705710837878397,0.0101229464371878,0.0146097234479432,0.0124908380038612,0.0137359063819889,0.0130570101347564,0.105863263534158,4.83073354279647e-05,"E02000382"
1.0846910858628,0.0523318350777882,0.0104509402782269,0.0148253195246897,0.0159538374360139,0.0070721338929847,0.006717556020283,0.0163645178373594,0.0121001421080542,0.0128194329487884,0.0130386022590809,0.108215726112706,5.39356906201346e-05,"E02000383"
1.03824261670861,0.056134658840982,0.00691775429074179,0.0159686366329928,0.0156758657852492,0.00698048339670664,0.00867988339122277,0.0154175211454839,0.0126209873855298,0.0130368394009478,0.0129366713085152,0.102559327494126,4.96858620928685e-05,"E02000384"
1.09561216343568,0.0526040677392548,0.0115524685783567,0.0143913643791371,0.016255074791791,0.0070819712392988,0.00766678361570975,0.0159650639079673,0.0131982209611532,0.0130342960188422,0.0132215386549732,0.108796546755793,5.23464762044981e-05,"E02000385"
1.12533829336487,0.0530663770134101,0.0114275019098864,0.0139384264821148,0.0166822587857836,0.00747753220647149,0.00786396051879474,0.0169121833750988,0.0154524047120662,0.0131080536735442,0.0143249019343157,0.112107432466744,5.14621352730252e-05,"E02000386"
1.16631468022754,0.0561470965452402,0.0137480012087507,0.0157266800851547,0.0172178658239185,0.00732210767242338,0.00964955594872003,0.0163036689831453,0.014805671956152,0.0135519853055449,0.0137796056271383,0.114516640216243,5.40141302342569e-05,"E02000387"
1.11867475952368,0.0527676281659307,0.0114938541616087,0.0123889407133723,0.0166847280570667,0.0077189741533828,0.00865322645925089,0.016458291927406,0.0193246341540863,0.0131793500281878,0.01496673028894,0.111116241609008,4.99819023638449e-05,"E02000388"
1.20315403349058,0.0593819716398325,0.0154747630043009,0.0167800698409139,0.0178165728558976,0.0075347107740521,0.0111881550961219,0.0159534250074065,0.0163225839679732,0.0141328675771388,0.0141542427015234,0.116396531800073,5.56359688104605e-05,"E02000389"
1.18905610069802,0.0570861671777648,0.0141618342061332,0.0148538343258047,0.0175194821700226,0.00780834591205395,0.0105128309001952,0.0168163432025245,0.0188041891742606,0.0138319050446724,0.0150566224744649,0.116327773375105,5.18539290473476e-05,"E02000390"
1.1390573932827,0.0539566291896338,0.012113445774116,0.0113849171718733,0.0170966668447419,0.00802949794830833,0.0099232271971452,0.0158264019496861,0.023336339965589,0.0134100459670323,0.0151963121489171,0.112525168478631,5.01355801351523e-05,"E02000391"
1.16799507270746,0.0559900307804622,0.0136654808303232,0.0127212523602693,0.0173494080619362,0.00804494548809184,0.0103844764550785,0.016335897885108,0.0223230544417973,0.0138395910991824,0.0155781996213585,0.11437438650206,5.00801665504732e-05,"E02000392"
1.22885565858715,0.0600020098139305,0.0157122839748737,0.0153984764861885,0.0181886943792428,0.00815905702869407,0.0110190412150526,0.0168159827267866,0.02129870766498,0.0144581632472878,0.015875930012625,0.119002338345986,5.25792610950536e-05,"E02000393"
1.15443710450881,0.0548040240857027,0.0120343471299504,0.0107737294028971,0.0179586748799912,0.00807294761046824,0.0100402311646786,0.0152073513982425,0.0236391920490996,0.0135037484638549,0.0139913798064075,0.114478417882478,5.12214610636093e-05,"E02000394"
1.27857008595957,0.0613037643726876,0.0157687144408102,0.0137491317748023,0.0192178257511026,0.00873964742553766,0.0110106193640352,0.0168718200110115,0.0255694379980835,0.0152906556702806,0.0176260989352669,0.124742168849403,5.17789834670575e-05,"E02000395"
1.23463178864448,0.0580435823591114,0.0139674083025754,0.0115230376937659,0.0193626178461485,0.00848799235349538,0.0105329513089399,0.0159878332203251,0.0246443028578967,0.0144820706438684,0.0151288331180935,0.121997863060425,5.10338398717888e-05,"E02000396"
1.64225680520734,0.0763879585527585,0.0133725770327128,0.0131032771776603,0.0303437097081647,0.00920510619119788,0.00956806808838476,0.0186531112333368,0.0246261616908755,0.0452799320102722,0.0138296076641773,0.168918791835647,0.0943800570587629,"E02000397"
1.58630120027073,0.0714831874420272,0.00936475721975151,0.0123267643481308,0.0295332453939714,0.00819464452929316,0.00928619724230028,0.0161207207356924,0.0239334767527669,0.0717207137860706,0.0124849613504387,0.16521219550194,0.0692815079781006,"E02000398"
1.63251235597625,0.0740841844200232,0.0137690594210122,0.0130413535477185,0.0305840065567551,0.00920347815144881,0.00950074893711235,0.0170824498940674,0.0246843211313549,0.0370257065924403,0.0137863838998314,0.167896141327037,0.09439391715022,"E02000400"
1.62735597199597,0.0740732661166623,0.0115701515743836,0.0126785251873216,0.0297417910779334,0.00882005521852514,0.00941991742341846,0.0189796463885186,0.0238332657564901,0.0608724261342109,0.0134896239608924,0.168504322430238,0.0829688531911308,"E02000401"
1.65242278726809,0.0736159891650253,0.0111375116588249,0.0125856455647071,0.0298699102899565,0.00874702870626997,0.00948559557145037,0.0187957584691331,0.023965853632287,0.0666409968250367,0.0133561941488274,0.171756984444988,0.0792252550139454,"E02000402"
1.72415643589216,0.0776877652030427,0.0131120651428776,0.0131867463819507,0.0307286747312077,0.00924477243301999,0.00967464830196339,0.0195255360454133,0.0249205796687842,0.0514105903386331,0.0139512171186465,0.178688151248577,0.0936705794430233,"E02000403"
1.75939511027156,0.0776667216406866,0.0127631003550197,0.0131328196270975,0.0308265724516343,0.00918343757371677,0.00975447461313362,0.0198197006593582,0.0250281546084556,0.0567970801800075,0.0139583614036281,0.183077464260726,0.091081873000281,"E02000404"
1.70070670231296,0.0709912250659837,0.0129710029385479,0.0129983718705191,0.0300553726945586,0.00892004141184912,0.00908541527912844,0.0181630640953267,0.0248180395569748,0.032631255648838,0.0140240176763757,0.177194584914774,0.0908318269740049,"E02000405"
1.76303171076329,0.075976685056541,0.0124271835532254,0.0130657517531908,0.030748809918153,0.00903251886316117,0.00965898225953129,0.0197922728787737,0.0256944955990621,0.0517510359349869,0.0141573685944207,0.18398148068052,0.0912963459012626,"E02000406"
1.69933649197063,0.072501534925246,0.0105597098302172,0.0125169752283512,0.0304356475088555,0.00862463271125438,0.00976573825333282,0.0182831117186601,0.0253214567306825,0.0659008683581288,0.0134962972210036,0.177720847515781,0.0820769513838773,"E02000407"
1.65989328952687,0.0708125692782689,0.00994445459900547,0.0122865152032369,0.0300288265191216,0.00834225493599611,0.00961418281925838,0.0169535546912981,0.0250352254446072,0.0662563440816806,0.0130334147530184,0.173757810795313,0.0787183959782994,"E02000408"
1.7651609110961,0.0759378802973297,0.0118123218167292,0.0129337997550465,0.0310773138796312,0.00897880264936616,0.00991872136743438,0.0199237139391269,0.0260048752601629,0.0595549402987312,0.0141517534476996,0.184339736049111,0.0883630629548949,"E02000409"
1.69971861558786,0.0658293557575183,0.0121434266476495,0.0134978595819011,0.0296818386338445,0.00887184784139748,0.00873145360292967,0.0173146352605522,0.0216102489786143,0.0282214193562765,0.014047153408629,0.178105023757418,0.0841482890810281,"E02000410"
1.66005979680253,0.0709302166208969,0.00941810777216174,0.0122122990200894,0.030198736081309,0.00816444367029351,0.00969318509789662,0.0163028302139875,0.0255997938488038,0.0670094362177436,0.0128545608631544,0.174014129695768,0.0766147068034647,"E02000411"
1.74230257705195,0.0737605583093789,0.0123280466698695,0.0130593850491084,0.0304293488723011,0.00889912641668189,0.00933545450024968,0.0194531911988956,0.0260903005577075,0.0423542729875037,0.0143376535967287,0.181986252936263,0.0919918586343139,"E02000412"
1.65832442478001,0.0623689997386901,0.0108584559968874,0.0146630525527002,0.027370067864794,0.00851727932207939,0.00826431758434495,0.0167637385816445,0.0172657034714694,0.0263999353992571,0.0139778638540379,0.174423223180426,0.077454133591583,"E02000413"
1.7341722519931,0.0735169164418246,0.0106184824250404,0.0126305235368198,0.0310140046952582,0.008733476429446,0.00990475251379843,0.0193410291385215,0.0262427725228124,0.0585064463262778,0.013946963135717,0.181537665971918,0.086696652955989,"E02000414"
1.73708712902572,0.0744241444611999,0.0114876162903504,0.0129316974775177,0.0310335125861168,0.00887305878046955,0.00970044641394587,0.0198284181487126,0.0265230782268681,0.0498541505116526,0.0144266393494523,0.181397842281935,0.0906727019796645,"E02000415"
1.67464673129684,0.0683938609665531,0.0112883445405398,0.0127544115474383,0.0291943155697337,0.00844555801955613,0.00882267436360965,0.0186665994232971,0.0257861924372937,0.0336868213636817,0.0144119347392907,0.175409839590526,0.0858900031780963,"E02000416"
1.66716789658635,0.0623017918398381,0.0110449356978057,0.0135368475779506,0.0258669072628191,0.00828591607983808,0.00819546295729147,0.0179611933763705,0.0207825807827677,0.0263081902810682,0.0142464211542576,0.175758570104922,0.0755085399733982,"E02000417"
1.67214181675476,0.0656540317911447,0.0113438553675175,0.0128598851310433,0.0275550655530408,0.0083455091318143,0.00853430264681076,0.0183502128544402,0.024278784153543,0.0293613318644159,0.0144293519771237,0.175672622602534,0.0810688054763949,"E02000418"
1.69968681237422,0.0716991416305521,0.0109943959193315,0.0129268544581316,0.0308755055571185,0.00865854061005696,0.00934307769563993,0.0195798172434797,0.0269854588798837,0.0411127576610676,0.0148066571637199,0.177599506659317,0.0901248612309203,"E02000419"
1.71577684093425,0.0728845797223986,0.00981070078346227,0.0124855066145125,0.0315482682750629,0.00853425322812073,0.00993681945837565,0.0192146162536533,0.0269788969212723,0.0503580154383542,0.0140795965778767,0.179721324716299,0.0880606060090428,"E02000420"
1.73352866145271,0.0727048440981709,0.0094261627201185,0.0123071453112599,0.0316425908707401,0.0083233631318466,0.0101203959235102,0.017863110841024,0.0271299894589974,0.0566369738304627,0.0137293997297108,0.182130196059535,0.0851865881491863,"E02000421"
1.67170773928694,0.0722241003195737,0.00946126091869173,0.0124637960278131,0.0316635323326992,0.00841471766446823,0.00972754740480173,0.0192029454647972,0.0271743300883648,0.0431144192347197,0.0142818380539635,0.174693330376258,0.0886504200809506,"E02000422"
1.63298868387807,0.0700886421730855,0.00933912460286969,0.0124698009182086,0.0310084997093011,0.00831176647217608,0.00939731595981104,0.0190599967938579,0.0270099302564804,0.0391069765726706,0.0144253524053237,0.170544719394526,0.087649016269654,"E02000423"
1.64847201382381,0.067518010858806,0.0102260501595096,0.0127282292142078,0.0293213084209848,0.00826910031513888,0.00886998985453904,0.0189114798774218,0.026512732328399,0.0338149401194807,0.0148290430712455,0.172712071854092,0.0838013303512464,"E02000424"
1.71689959244433,0.0745913750405396,0.00866603468350067,0.012177460121685,0.032880551618107,0.00805425339085049,0.0102525480394036,0.0181833566535398,0.0277552621266493,0.0480467293179709,0.0138025848331253,0.180030641587531,0.0853891873529191,"E02000425"
1.42281229097913,0.0533757222520179,0.00857347324749023,0.015182816691214,0.0178020557503159,0.00679795957917355,0.0066699782060131,0.0162729907305557,0.0129488009251934,0.0186127868498617,0.0135043822437655,0.149992976715149,0.0525182025698628,"E02000426"
1.54129548655639,0.0670573782313361,0.00827969968828787,0.0122136100955102,0.0301815871182369,0.00781012655431731,0.00898284117408522,0.0183870057538182,0.0266413429847618,0.032847385384705,0.0144869201153849,0.160660344577106,0.0802167642517215,"E02000427"
1.63139214617376,0.0733941375206215,0.00861109754793702,0.0122733824019107,0.0328554091067808,0.00811976127318494,0.00974881800016271,0.018919053745493,0.0275866908890483,0.0386224901051899,0.0142308916549753,0.169924539766249,0.0863943768379061,"E02000428"
1.51124474900589,0.05789728310911,0.00957051826273885,0.0125284677127874,0.0215244803816737,0.00728592201857446,0.00764733859468809,0.0170300377541646,0.0202841441610445,0.023512860742053,0.0138565095789744,0.159372035605034,0.0666043059485813,"E02000429"
1.53548748718072,0.0621787867550803,0.0090954960864271,0.0121658957200882,0.024807039724076,0.00759820905607834,0.00825680162467303,0.0177791306006308,0.0244989007463912,0.0281302873097179,0.0141366177128605,0.161249093191665,0.0742980680460104,"E02000430"
1.33271119560621,0.0509764008304656,0.00846443431738316,0.0133094542477482,0.0174047887651156,0.00632051093311045,0.00655565431830987,0.0154780502524553,0.0153430736133681,0.0173054162327445,0.0134604838944832,0.140211178709227,0.0508625571089928,"E02000431"
1.494787514529,0.063944687726326,0.00811482024643178,0.012080433203348,0.026803627360781,0.00754559453696395,0.0085612867886851,0.0178394274536791,0.0258001483348136,0.0298124822718785,0.0144552814295078,0.156124708043061,0.0744831674826109,"E02000432"
1.64127921995479,0.0725414664394863,0.00509977979481587,0.016897347912825,0.0262968344358313,0.00870927471940089,0.00883982535658602,0.0155246137790219,0.0127948298492288,0.0443610090795482,0.0159631955357659,0.171967549402531,0.0822991117205646,"E02000433"
1.73411207970141,0.0764839533048331,0.00517257873845233,0.016472421358914,0.0275450863693448,0.00882268631563394,0.00898500262672148,0.0171471333132928,0.012541911385812,0.0396188671545083,0.0156773810280278,0.182462256421406,0.0806804957037188,"E02000434"
1.41888505628693,0.0636352643658808,0.00428516012317876,0.0146312945241672,0.022851903224779,0.00717102504205453,0.00773274545547669,0.0133599853777747,0.0108689334392924,0.0428154574260459,0.0137764118618133,0.148726295586488,0.000132906130367704,"E02000435"
1.36504920793057,0.0592974899174938,0.00427324660675476,0.0161516247551176,0.0227122475345424,0.00735159435434614,0.00799450046387471,0.0124547328798477,0.0114521074955391,0.0456904388568778,0.0145548544055259,0.142236872205109,0.0686449841362491,"E02000436"
1.25965893674514,0.056564679622481,0.00381969594714774,0.0143035393013744,0.0210173386395104,0.00654236098734158,0.00728630231170279,0.0117747080232671,0.0101545305904671,0.0428554585205216,0.0129755841780899,0.131374626734483,0.000125792760013993,"E02000437"
1.28067522078488,0.0568699076171552,0.0039820445831301,0.0158055935767908,0.0217033804488058,0.00688951454347593,0.00763947245437422,0.0118922218467827,0.0109588528280546,0.0442260129797622,0.0138480592844826,0.13302340580447,0.0623309523931243,"E02000438"
1.71915023285729,0.0757183961422224,0.00523137579503418,0.0161594842238569,0.0274930885489521,0.00882997838617818,0.00916229400928829,0.0175737944906745,0.012289615943298,0.0369154879191511,0.015428669873245,0.180807354193858,0.0807082707667755,"E02000439"
1.45079728885911,0.0656529383740559,0.00435241902556111,0.0144401279703008,0.0232966410695681,0.00716195012691477,0.00778882882483591,0.0137867842616529,0.0107686765994204,0.0413817409036728,0.0135767079921484,0.152282056305031,0.000124978395211062,"E02000440"
1.15287109528745,0.0520663373542356,0.00354720382429175,0.0153633191396089,0.0199224382851506,0.00618922859871293,0.00699636285461919,0.0111905737399579,0.0102889558146789,0.0356965830971337,0.0129667677461469,0.119221454659449,0.0524835541243964,"E02000441"
1.69547590359676,0.0753983627149224,0.00527140145296463,0.0161808731759237,0.0272015311483938,0.00864859753265252,0.00911446489368277,0.0167257481881103,0.0122018519821382,0.0378990474751862,0.0151517225921479,0.178178906823998,0.0807391709181604,"E02000442"
1.22596028732251,0.0558605987051328,0.00367888369118091,0.0141689880632276,0.0206737305385811,0.00630957544153183,0.0071330971698593,0.0113993003271668,0.00986051454827928,0.0428977709140413,0.0125484703609119,0.127700312935346,0.000118372963920128,"E02000443"
1.42098359207081,0.0651467884583087,0.00438241494288075,0.0141195571576055,0.0229935757071804,0.0070634391553659,0.0078037034035969,0.0138044416070724,0.0105329995528993,0.0392164350484088,0.013168320169587,0.148948042799251,0.000116990009863597,"E02000444"
1.29866562413811,0.059130871033067,0.00381226487961305,0.0142749740167002,0.0214675583550198,0.00642936642569509,0.00726441779669639,0.011792982227621,0.00991625421438096,0.0438986355957154,0.0126125782908742,0.135796683699596,0.000112385472713576,"E02000445"
1.09793826116804,0.0507409597901614,0.00334922515294752,0.0139563717274521,0.0192015234707043,0.00585465129270349,0.00670995671449305,0.0106415097135992,0.00950472987913021,0.0403561973160301,0.0119569477322255,0.113566028076683,0.0001289881969897,"E02000447"
1.13440967353326,0.0521385449147386,0.00353601229166376,0.0151862108406004,0.0198460567982789,0.00615709005910038,0.00697580516577703,0.0113540357270124,0.0102029746227769,0.0358780564859181,0.0126091837278828,0.117073483525897,0.0516901210583858,"E02000448"
1.35825004154475,0.0634804198602686,0.00439517073380057,0.013766687149624,0.0221774535370981,0.00688820681712203,0.00778887102057522,0.0134717996649636,0.010180397639179,0.0364662008467764,0.01262401588115,0.141937933670855,0.000108762789543705,"E02000449"
1.16948665854681,0.0541163176829067,0.00367470420309997,0.0153578092793769,0.0204930481197845,0.00636474296248711,0.0071811780692066,0.0116846626809666,0.0103706995002655,0.0398461554345069,0.0127486598053611,0.12071806448216,0.0546142259463843,"E02000451"
1.14524477886907,0.0543724926676561,0.00339175444024399,0.0138099914007114,0.0198807066631408,0.00588114774808593,0.0067902052589483,0.0108229577944202,0.00929926313523542,0.0414598807115117,0.0115933893453456,0.118771185277062,0.000106824798015382,"E02000452"
1.07278321433064,0.0512682941602016,0.00327899301380034,0.0138562985525966,0.0190806174775083,0.00569393997195437,0.00659350047902333,0.010758383604956,0.00924581939585546,0.0405088313931542,0.0113641356037978,0.11063693720936,0.000116617501490618,"E02000453"
1.07100936528184,0.0506490116337715,0.00348895526648725,0.0150803377636964,0.0194042714282003,0.0060061892339615,0.00681295052822863,0.0116687983440147,0.0100572022251693,0.0325234727487545,0.0121144507484151,0.109777348192122,0.0478861037617464,"E02000454"
1.20262778836108,0.0572261720046477,0.00343319152738214,0.0140080471170008,0.0205158082297781,0.00587556916209638,0.00682139084389377,0.0112274621886282,0.00918851021579753,0.0431270617406755,0.0113928184104259,0.125189747143266,0.000100674899372951,"E02000455"
1.02979595584568,0.0501744127690276,0.00319456855843269,0.0137752367667103,0.0186405945058745,0.00553002759725776,0.00643597439639588,0.0108874463384821,0.00908517100402875,0.0387522746122465,0.0109409521565631,0.105787876483844,0.000116561043224216,"E02000456"
1.10896015492136,0.0526665688878485,0.00357169084694712,0.0151724172336942,0.0198645532792404,0.00612228922647047,0.00694226935855377,0.0120390842063664,0.0100846825852485,0.0361110407913867,0.0120257621425836,0.113923820606861,0.0502950477429352,"E02000457"
1.19598691256021,0.0580284241604656,0.00374007979388111,0.0156758151493008,0.0211149284987855,0.00632754396762601,0.00714677989617968,0.012597607175213,0.0101389167241708,0.0417573438733339,0.0119629106068351,0.123273208000365,0.0534360959515642,"E02000459"
1.09680405179424,0.0525351654950013,0.00358990759873372,0.0152446372300618,0.0197707167946858,0.00608961622528813,0.00688651452923796,0.0121479623150981,0.0100507193068044,0.0340562276458498,0.0117479592054672,0.11250499705461,0.0483305345025305,"E02000460"
1.35875830004159,0.0652684854481272,0.00393410540888957,0.0162474541818722,0.0230404624523251,0.00666318934592177,0.00752249538200373,0.0131966499047755,0.0102912105238172,0.0477190721197751,0.0123290390714087,0.141311496667676,0.060127287870149,"E02000461"
1.14850703909969,0.0555099154431186,0.00367649929848508,0.0155420205846155,0.0203872398043879,0.00619529171361614,0.00696805068720335,0.0121936519593799,0.0100680726739332,0.0359358357194818,0.0116846081932099,0.118168233722372,0.0495696167944654,"E02000462"
1.06765630700945,0.0514352040191593,0.00362969011885089,0.0153333149026118,0.0196528811413867,0.00612880657636386,0.0068830831347105,0.0120195324120621,0.0101794981552863,0.031150953350675,0.0117530851909154,0.109065088976732,0.0471331105461385,"E02000463"
1.34090668726679,0.0544963436187206,0.00474749153880801,0.0129101825573608,0.0366212627956967,0.00633825901992742,0.00656056378487377,0.0158353655229598,0.0179272997737336,0.0365125403749671,0.0133956449463569,0.13968987520543,0.000485894283896644,"E02000464"
1.36290620636872,0.0551101482656849,0.00499562735458582,0.0127254176833325,0.0432426092710283,0.00642833879887038,0.00661672139121988,0.0159655042576975,0.0179300037190282,0.0361432965235403,0.0133615348934334,0.141074460644756,0.000473735004440524,"E02000465"
1.26391820638526,0.0519756576884023,0.00447832557760624,0.0126103206991017,0.031179545803365,0.00587353714878439,0.00624075898363467,0.0152470843925294,0.01743750637881,0.0346524041417707,0.0129586349870545,0.131976783235275,0.00039540557656985,"E02000466"
1.32920176488992,0.0539804216495416,0.0048825777061331,0.012585294443739,0.0421507369666593,0.00621577331762425,0.00646419477317711,0.0156067124453648,0.0176925456021312,0.035169534378877,0.0131797081844002,0.137551529593397,0.000384914633939233,"E02000467"
1.2084374390162,0.0503166772042763,0.00427214534228149,0.0124475447888925,0.0252500129544974,0.00551648555302348,0.00599714999595817,0.0149463817348133,0.0171366213547573,0.0335332251650957,0.0125841902106495,0.126565133172946,0.000344630444394665,"E02000468"
1.30289480833578,0.0530598023918376,0.00482084135616271,0.0124259196786365,0.0416927885346072,0.00605424135920385,0.00635058277203174,0.0153319039538556,0.017480914806459,0.034307326125389,0.013002745507092,0.134729810237464,0.000340854146322145,"E02000469"
1.34887739003819,0.054492351927095,0.00509568439290707,0.0124643647402062,0.0444718144208829,0.00642011979133698,0.00661042110621884,0.0159874005488489,0.017686290216698,0.0352236339400481,0.0131946387429633,0.139218528265995,0.000619812126645215,"E02000470"
1.25227972726549,0.05132481294514,0.00464565933563904,0.0121393696752951,0.0397534273835592,0.00572779245392853,0.00612857798545093,0.014865246134152,0.0171031120527856,0.0329086022101004,0.0126198418131622,0.129512579630925,0.000308410836517724,"E02000471"
1.22614741325847,0.0503481615984399,0.00455111033413557,0.0119819216700275,0.0388345634643335,0.00553725534621454,0.00600207131100352,0.0146044738774791,0.0169101072096981,0.0321073180650299,0.0124016480113603,0.126829259649211,0.000278758868507275,"E02000472"
1.31465122442899,0.0533015763695905,0.00504436637245922,0.0122593734753413,0.0438672153505743,0.00625840527179737,0.00649216443916228,0.0156920380631508,0.0173818344561951,0.03407705188736,0.0129893363032384,0.135489355932975,0.000538323969163785,"E02000473"
1.19136765489921,0.0491245779536387,0.00447555875942749,0.0117154926793842,0.0380568785778835,0.00534017130194351,0.00586811123058871,0.0143017712613712,0.0166110761542465,0.030991762828045,0.0120374475506063,0.123124771731583,0.00026878188416583,"E02000474"
1.27178500254797,0.0519479341883966,0.0048626046645039,0.0121136015648022,0.0420518910015323,0.00595702394459621,0.00627990446460871,0.015120093568679,0.0171259534613096,0.0330365505115696,0.012721411655663,0.131127520449142,0.000348429806163128,"E02000475"
1.23372189916748,0.0505297704555026,0.00477141153218943,0.0119066301335311,0.0410684234939644,0.00572209258166069,0.00611964512973625,0.0146683422358186,0.0168203389351826,0.0318049029770968,0.0124567945639775,0.127107326774636,0.000278155510378802,"E02000476"
1.26374167181396,0.0514873589262394,0.00494881863619813,0.0119762479543981,0.0427418714751205,0.00599962018542952,0.00630579677354431,0.0151909996034969,0.0169467208721493,0.0324278598045333,0.0126616468219482,0.130011069556754,0.000431413355220633,"E02000477"
1.30819651375606,0.0529471238995797,0.00509737268938222,0.0121617919245684,0.0443045560150775,0.00629278436430488,0.00653276859917343,0.0158107874103502,0.0172394500510338,0.033595018900928,0.0129653539386293,0.134611459586481,0.0550766236601459,"E02000478"
1.23971974518534,0.0506050655846025,0.00488986443501932,0.011859527884661,0.0420965449791652,0.0058528803513343,0.00620295776387937,0.0148823535782522,0.0167627289848155,0.0316653046714705,0.0125046027033971,0.127475652632823,0.000346797734337324,"E02000479"
1.19994654892825,0.0491800644792396,0.00471741825290875,0.0117002826718181,0.0403623494474433,0.00551449098889173,0.00597951911858629,0.0142383731477915,0.0165363656163213,0.0305246309329609,0.012173031362889,0.12351202549325,0.000232142046378683,"E02000480"
1.51612835736971,0.0597809822086791,0.00585045329602174,0.0134338116226213,0.0540223646964512,0.00761271425533512,0.00794124057774248,0.0178503218664635,0.0188776447661918,0.0392679002170824,0.0148342176480806,0.155581736428683,0.0888996782541274,"E02000481"
1.42553809851072,0.0568918359276232,0.00552670640694163,0.0128813722318099,0.0497803875711132,0.00703323035456234,0.00728966963997334,0.0170468192977804,0.0181387585052515,0.0366612566058144,0.0140371470160702,0.146425970914635,0.0715092378244912,"E02000482"
1.31567142903462,0.0531655974268921,0.0051945988754412,0.012248147720279,0.0455879976243014,0.00639746187899514,0.00668290382869506,0.0159820016921487,0.0172654320224686,0.0334658062857361,0.0131792672252638,0.135075061142036,0.0592129201195467,"E02000483"
1.24061978344553,0.0504526360599991,0.00495049952846564,0.0117958142073473,0.0425455528262201,0.00593453468986817,0.00625423048593192,0.015120320890819,0.01667872067358,0.0313941125013791,0.012523845847525,0.12741969401407,0.000919129062070285,"E02000484"
1.37722821355543,0.0553838874030152,0.00542394745701813,0.0126791274598133,0.0486229969876515,0.00679511784194175,0.0071361192433162,0.0166016550356552,0.0177679936151665,0.0350742404721754,0.0137249952463991,0.141211728230295,0.0698490483172326,"E02000485"
1.30357923388262,0.0528466086926512,0.00522513885068454,0.0122932376750644,0.0461871392696673,0.00637546630324353,0.00677094262016533,0.0158653471888265,0.0171847609115115,0.0327878635090547,0.013164431523495,0.133503255490611,0.0636306123402332,"E02000486"
1.48894668332768,0.058950369918497,0.00590248706103114,0.0134610400179166,0.0552088643349861,0.00756785455897882,0.00806379418774808,0.0177601223365568,0.0187224113388022,0.0377953758715427,0.0149677385073231,0.15209388365694,0.0924269269366223,"E02000487"
1.34973197315292,0.0544984237998194,0.00543388652199283,0.012666832482106,0.0490505879978652,0.00669457376407671,0.00717192144924504,0.0163746177064995,0.0175847906718583,0.0337740794865815,0.0136562458220769,0.137928284901579,0.0732398935131329,"E02000488"
1.30456112858896,0.052918774755437,0.00531771709135005,0.012463797042175,0.0476487568612103,0.00641067791151042,0.00694145854508426,0.01587501699359,0.0172538237540751,0.0321841626652962,0.0132576922961066,0.133197265359761,0.0702094307865585,"E02000489"
1.35130376664658,0.0546047733842608,0.00554193778987197,0.0128837791285975,0.0507805923991296,0.00669874881657401,0.00733085868706769,0.0164024215969604,0.0177253887957896,0.0328736801394207,0.0137425630481138,0.137632893520928,0.0798256946064821,"E02000490"
1.40605586715683,0.0569264232553226,0.00582034536221751,0.0134692021182431,0.054507815459343,0.00687369846864994,0.0076377026596606,0.0169661316694788,0.0184552299965246,0.0326785746613781,0.0141316138711116,0.142872403756541,0.0896345291573456,"E02000491"
1.58765167330747,0.0628913060611566,0.00647889926228056,0.0144952142800053,0.0644601181873597,0.00812734148106977,0.00879627139308545,0.0189541069265345,0.0201247291724545,0.0380401142922859,0.0164828613677047,0.160772331810894,0.11418173245918,"E02000492"
1.51456941162911,0.0604896376393376,0.00620800471258583,0.0140772402754481,0.0602611127381006,0.00763070978862836,0.00836084861378573,0.0182065580539016,0.0193961538022507,0.0359176747467313,0.0155145206502713,0.153602302857733,0.103995698043365,"E02000493"
1.02676553219535,0.0499018574048422,0.00351644243798779,0.0158372872194861,0.0196477455260873,0.00602425314799111,0.00677173611356293,0.0112293140664134,0.0103119311811225,0.0298571639280022,0.012896134105726,0.104077467721404,0.046815938511848,"E02000494"
1.05640564696416,0.0501162017192947,0.00347644676853795,0.0155307309253717,0.0195233470643844,0.00600143557046139,0.00677055270374381,0.0111130161775083,0.0101939725297765,0.0311308706172741,0.0127781803827414,0.10787422746337,0.0476827838544528,"E02000495"
1.0108586181082,0.0501409573026261,0.00372789611244676,0.0168281865992219,0.0203175823165669,0.00624262417680884,0.00698085961439631,0.0121495532998837,0.0108695060709416,0.0283521428866325,0.0133101152036577,0.101266382186958,0.0483356245281078,"E02000496"
1.02724029314703,0.0496815674168062,0.00348174683944585,0.0152985231645636,0.0193357953250201,0.00597919360693423,0.00674544287605904,0.0114298581167078,0.0101485418328578,0.030049600774136,0.0123638159092905,0.104484351684407,0.0462923656002757,"E02000497"
0.996565299535165,0.049479115345559,0.00365684077153079,0.0161356261150444,0.0198074706860797,0.00612392376330902,0.0068700930454696,0.0121263812426727,0.0105859683545343,0.0283592612316615,0.0127484909316424,0.100096567542779,0.0458141762997015,"E02000498"
1.02809167867409,0.0496063873443289,0.00351541866347887,0.0152197580608957,0.0192899478421504,0.00598077526093889,0.00675989905495648,0.0118643386140751,0.0101182775554665,0.0302683175408742,0.0120803155334761,0.104625396693899,0.045755063312205,"E02000499"
0.995991932109044,0.04919773230616,0.00362096046058751,0.015831154216905,0.0195824188547043,0.00606198738000014,0.00681524331436636,0.0121193412305335,0.0104289832906148,0.0286068911876578,0.0124764878417965,0.100302574289889,0.044792686396961,"E02000500"
1.00588455750269,0.0491227915494498,0.00360579659203507,0.0155461064295771,0.0194130365614933,0.00603702322759858,0.00680034683822712,0.0121118401626935,0.0103043284304905,0.0291076579983883,0.0121229102200999,0.1017359028406,0.0445029898954013,"E02000501"
0.993371609539649,0.0491314662866774,0.00379726670280633,0.0164633704898847,0.0201186658475302,0.00631405379745188,0.00706828320068782,0.0123207756274897,0.0110564057011788,0.0274605637428531,0.0127548113077563,0.0993890374863326,0.0468957084756578,"E02000502"
0.993723131442717,0.0489557385230632,0.00369040041096098,0.0158572265963785,0.0196478077554928,0.00614912940268994,0.00690055102827339,0.0121252836115059,0.0105815532702028,0.0282192562352117,0.0122955301487608,0.0999786512283669,0.0449278800340163,"E02000503"
1.00540911769795,0.0496780569893648,0.00386925408903792,0.0170155304996287,0.0205582198717845,0.00642728985418629,0.00718312434009905,0.0125759658555217,0.0113953929425198,0.0272129588984678,0.0131432044280055,0.100361670577597,0.0490851046356258,"E02000504"
1.02395024359422,0.0502046343717829,0.00396156458739258,0.0175789027369342,0.0210977071931518,0.00659724059563,0.00734935015686316,0.0127766975759935,0.0119030154908482,0.0269219848709888,0.0134770610780247,0.102099740849886,0.0523548220694103,"E02000506"
1.02258778850288,0.0496447330050688,0.00395353014589843,0.0172161533750407,0.0209115248560253,0.00663453546595948,0.00738364401083811,0.012527976822426,0.0119938630233785,0.026927936392709,0.0132496403531931,0.102219898313402,0.0522705778699962,"E02000507"
1.0620959763728,0.0510338945451672,0.00409371508521605,0.0183112351775749,0.0219258177181226,0.00689360740022038,0.00763167681647086,0.0129531538053217,0.0129155254633992,0.0266632280505525,0.0138548910936808,0.106050580033651,0.0588075894443367,"E02000508"
1.08187804210958,0.0517225397263544,0.00417041082002735,0.0189923564200101,0.0225180552291687,0.00701672844691119,0.00775856868353768,0.0131832370184052,0.0134298379553857,0.0266125758688901,0.0142055766349441,0.107891151549988,0.0613022683031005,"E02000509"
1.0748797693034,0.0512145245331528,0.0041286355099622,0.018438770191155,0.0220810419038933,0.00697634927618285,0.00771700252150863,0.012940040615475,0.0132342429527921,0.0267583279938143,0.0139333786223313,0.107487453337614,0.0602283595704393,"E02000510"
1.05386605307175,0.0502370957622374,0.00403843754259397,0.0174899301122352,0.0213252989804867,0.00683788447142386,0.00757043054970888,0.0126398519120932,0.0125897642091916,0.027115484545077,0.0134767806419327,0.105700588599119,0.0567733569457851,"E02000511"
1.06677572308452,0.0508071895775382,0.00409327167416386,0.018038378313238,0.0217629997098853,0.00692648272390227,0.00766372118633198,0.0128017545660177,0.0129910606768296,0.0268903372427497,0.0137446000983056,0.106824956477351,0.0589776850928808,"E02000512"
1.07394168276883,0.0507564901551845,0.00403897850952205,0.0170307801501476,0.0211266629031526,0.00685145072130361,0.00757000326767142,0.0126828632636675,0.0123659831086582,0.0280676848365951,0.0133305315000646,0.108360861055567,0.0566543762707898,"E02000513"
1.09231623415032,0.0514248091655564,0.0041336137579756,0.0178513908906134,0.0217195493297542,0.00700902651701744,0.00775386639940626,0.0129012983195493,0.013088624629968,0.0277498280546121,0.0137919287682628,0.109951024757114,0.0599520807450379,"E02000514"
1.1283996630492,0.0531553489923828,0.00430541650145107,0.0198628282950253,0.0233303407600246,0.00727776731435811,0.00802867836917479,0.0133658565675165,0.0145726731735424,0.0268485364573502,0.0146672864329476,0.11277163699351,0.0684361460966071,"E02000515"
1.14188949203087,0.0534906718715056,0.00418771507105819,0.017511323015829,0.0217398395991835,0.0070742297061778,0.00782752980222645,0.0131952339964977,0.01288280798005,0.0293640702268873,0.0137714646038386,0.115884347066513,0.0605845078807706,"E02000516"
1.11138040881753,0.052342932835357,0.00422866211415882,0.0188534394495659,0.0224720120068768,0.00716278203262083,0.00791528250312041,0.0130859100246284,0.0138843608906551,0.027270325842757,0.0142405129824457,0.111491549395975,0.0643843915178451,"E02000517"
1.12743337901465,0.0531052470000904,0.00429172015971208,0.0194911757138474,0.0230088699192723,0.00726432532231883,0.00801703927590162,0.0132395208525704,0.0144020799009614,0.0270940785228544,0.0145306947355779,0.112914740920726,0.0679501967881016,"E02000518"
1.13829947179359,0.0535488256094185,0.0042782924409078,0.0185548759797161,0.0223386396737135,0.00722948913368475,0.0079922350987375,0.0132989330001968,0.0137618374280193,0.0283307260692455,0.0142788612538076,0.114761254228458,0.0652733479866757,"E02000519"
1.15754695120076,0.0547282744027045,0.0043835388959204,0.019590007034925,0.0230351142204952,0.0073806934450073,0.00816564063858993,0.0134647585469303,0.0145852840598537,0.0280042774685873,0.0147488312456184,0.116284067029775,0.0697555790840896,"E02000520"
1.19028045839145,0.0564323797450908,0.00452789929990836,0.0211788051296855,0.0241482088409757,0.00756857483672746,0.0084105112561519,0.0137659580978436,0.015833215644614,0.0277693828278294,0.0154705543206587,0.119021757270823,0.075411100738669,"E02000521"
1.18682929935544,0.0559682815706257,0.00451666928435726,0.0213971224388163,0.0244296214852037,0.00756940518986948,0.0083956774813074,0.0137572304519924,0.0160144143763578,0.0274231773411656,0.01552139339159,0.118504574281992,0.076387938608742,"E02000522"
1.22814367548004,0.0591980693086512,0.00466757654211682,0.0218411823540442,0.0244023393441731,0.0077002933215579,0.00862041117702577,0.0142341471651771,0.0162153448286123,0.0285934533333031,0.0158784076821049,0.122844651285699,0.0773097641777692,"E02000523"
1.31959764931916,0.0653507905496058,0.00510173426509999,0.0260332276814654,0.0272858204751449,0.00813839087058309,0.00929449938028679,0.0149077146565773,0.0193908367959542,0.028740020381714,0.0179489478509248,0.130355786407833,0.0933696109692609,"E02000524"
1.3007876856773,0.0654221652425344,0.00500469842195958,0.0244279300765816,0.0259137035343737,0.00806020114601747,0.00917357131634483,0.0149082814236622,0.0180764071026837,0.0292275398970128,0.0171580458574729,0.129112796992464,0.0878968816140444,"E02000525"
1.11974114464131,0.0656929273512486,0.00681676037675328,0.0168007712448519,0.0162586034338478,0.0074029410413418,0.0110646296076718,0.0141739439962361,0.0124130116009459,0.0149214091881528,0.0133092628427864,0.110141533191805,4.77007664148951e-05,"E02000526"
1.32138165382957,0.0711948130819192,0.00517204471145255,0.022983516740723,0.0256251533158551,0.00835086085999688,0.00953850870892707,0.0151912244389518,0.0174223011088963,0.0309163085134083,0.0168854323031597,0.131177529487291,0.0941326742723471,"E02000529"
1.29494420776998,0.0660619967413105,0.00497972528930946,0.0232925441750552,0.0253153113764341,0.00807093532800895,0.00915600188531359,0.0150050397437994,0.0173058675342784,0.0298009252933364,0.0167342219204741,0.128912705079098,0.0867317609441732,"E02000530"
1.80784533302883,0.107165427290586,0.0068338292233863,0.0260960212623089,0.0318787237287744,0.0102299789657622,0.013516407003043,0.0170683957894718,0.0199035161593088,0.0433762052592412,0.0191225879704722,0.181438889738681,0.142301579127347,"E02000531"
1.18523868505156,0.0704300099718366,0.00700125722616542,0.0188641038472316,0.0173536071963811,0.00823335378601284,0.0119827882494491,0.0144259163916449,0.0141890146718246,0.0184661254323939,0.0139768676480889,0.115743638236424,5.10463646897211e-05,"E02000532"
2.1336031704345,0.12387844219731,0.00938840615158893,0.0300466143870428,0.0373516687219192,0.0142598714692087,0.0196319862537548,0.0215232102936957,0.0239752160792598,0.0335438322089372,0.0232365706354065,0.212154879582906,0.220772708230566,"E02000533"
1.52818885860768,0.0884168771828593,0.0058850925862948,0.0235728188263827,0.027908016347601,0.00902234361704538,0.0110386814825283,0.0157866425844907,0.0183704901101228,0.0363344230254893,0.0174082576899303,0.15276277953303,0.111248937704892,"E02000534"
1.3541568596128,0.0735430023601817,0.00532086469076756,0.0254178023922383,0.0265997814383582,0.00848839762175581,0.00982958520608141,0.0154300539480326,0.019097185543103,0.0304979165834709,0.0177942685201761,0.133412586972858,0.0979080624286787,"E02000535"
1.40351619571106,0.0804154664377655,0.00562946117196055,0.0263095285735695,0.0274072494807678,0.00886471370317941,0.0105059680540415,0.0156637605796282,0.0202626347209473,0.0315791233451544,0.0182513795732723,0.137427528144384,0.10755349417936,"E02000536"
1.43293802934241,0.0840699931906788,0.00579107570995365,0.0253231853290729,0.0276218588883674,0.0090667408850093,0.0109000075640714,0.0156865414153776,0.0198975105804661,0.0330644097434724,0.0180359731461466,0.140722389207269,0.113320501778327,"E02000537"
1.37745946230183,0.0746430126302692,0.00541841202530231,0.026960457846388,0.0274055442542615,0.00854776663946849,0.00994886767944455,0.0154247736119878,0.02014563836953,0.0302235533106426,0.0184425314426354,0.13519210150508,0.101178961963034,"E02000538"
1.68277614467623,0.0988855359044623,0.00659871657962977,0.0280313245292619,0.0308007713364165,0.010137136864142,0.0128968125627388,0.0161621235383732,0.0233106873844492,0.0387825742443531,0.0195290468156897,0.166746670065669,0.141933526883337,"E02000539"
1.50265399891999,0.0895883790920985,0.00617631938853816,0.0277026081897016,0.0291845245334198,0.00959996373567733,0.0118160665768235,0.0157048128647002,0.0226412411255454,0.0341365581939647,0.0190739478404803,0.146535256211296,0.128174091747948,"E02000540"
1.41313425532264,0.0797295582357615,0.0056538879150763,0.0279206627335474,0.0280843447711863,0.0088374788479465,0.0104358919830588,0.0156044814396389,0.0212167249696024,0.0308594926063687,0.0188886601668669,0.137873619398827,0.108505317745669,"E02000541"
1.44847474879059,0.084416529194479,0.00589672547722337,0.028637612959573,0.0287192021674437,0.00913979231841021,0.0109948997584256,0.0157439324835177,0.0223539723624771,0.0316747603709108,0.0192081192859211,0.140665443382737,0.115769370521594,"E02000542"
1.49927055318608,0.0888228672710017,0.00621713410015408,0.0299370018893757,0.0299359742380381,0.00954179860508571,0.0117181779148684,0.0158810115695531,0.0243992568944433,0.0328012268591999,0.0198415547122281,0.144941022952877,0.126161167273193,"E02000543"
1.54387884720892,0.0915440288140746,0.00644522729925281,0.0298780727311063,0.0307035227962898,0.00994544781817408,0.0121584697430553,0.0157819411997089,0.0250599989568094,0.0342669382307298,0.0200031040887372,0.149712617523248,0.138759140193915,"E02000544"
1.71637872755706,0.099896983617645,0.00692560767388915,0.0310889293537414,0.0325410927219027,0.0106425156159983,0.0131463058079829,0.0162044762616814,0.0268871025153585,0.0382747809241909,0.0207481373827802,0.168642147784534,0.154386148031477,"E02000545"
1.49275496470325,0.0870214008266949,0.00617018359351894,0.03078172087865,0.0304969997538659,0.00933927216054083,0.0112517060079482,0.0159262677286599,0.024103847337816,0.031671952750574,0.0202472586148836,0.144169996174834,0.124623996584891,"E02000546"
1.45750503368714,0.0811409434253491,0.00586507682239355,0.0303089114355042,0.0300190740251661,0.00888397834767353,0.0105675934735751,0.0160022905401626,0.0229487023063274,0.030539376213754,0.02011801062503,0.14156895301945,0.113505318837488,"E02000547"
1.48643021941193,0.0821152348056547,0.0060556924866311,0.0315612593668062,0.0318633121723472,0.00893614455461601,0.0106078616780781,0.0162385261925533,0.0238191554877039,0.0304528234414393,0.0209630076348196,0.144028685415284,0.121463028887069,"E02000548"
1.52145961092953,0.0879560730341638,0.0063576936324329,0.0322160202850328,0.0322375914427258,0.00939539270577352,0.0112216377614855,0.0161934820833295,0.0248343030723657,0.0315257875526961,0.0210019463029798,0.146563173350076,0.13122182199439,"E02000549"
1.51492609369813,0.0863862206349433,0.00629272432101852,0.0322764419392418,0.0324588462209895,0.00923885821428667,0.0109679821769441,0.016218655949687,0.0244929619216906,0.0311236938907866,0.021105424852999,0.146121036242757,0.130080359898254,"E02000550"
1.58939054582257,0.0921234655925552,0.00690230072425152,0.0345478621533977,0.0359914797981407,0.00995421260941524,0.0117550302815044,0.0168030368202664,0.0269252280138457,0.0325195754567877,0.0220832615106678,0.152061783157337,0.149179306638799,"E02000551"
1.55777743245615,0.0890038350642849,0.00662136139997149,0.0339557099016523,0.0350294768332817,0.00943704231772424,0.0112209190337021,0.0167472581145012,0.0257397938500236,0.0313344377550957,0.0220456811281004,0.149535219574428,0.139064327659398,"E02000552"
1.64312167054599,0.0944129675054037,0.00734798863641785,0.0368275712542641,0.0402044421823223,0.0102365411209859,0.0119552477401173,0.0175619400760876,0.0280141242325749,0.0327579463363514,0.0232632180844119,0.156292020960949,0.160297499972624,"E02000553"
1.38764122812028,0.0565866498398451,0.00806788980422496,0.0118232591620925,0.0206367401840568,0.00689922381037762,0.00758701866028233,0.0164726834746177,0.0221735709496765,0.0225395824121259,0.0137624523628446,0.145525124157015,0.06209676997665,"E02000554"
1.27585731411139,0.051469915791202,0.00784579507287105,0.0119916923938191,0.0177789918472628,0.00635753197143978,0.00684374332679208,0.0153517090817381,0.0184442433032024,0.0179006097702464,0.0133760500284345,0.133602844476105,0.0515880339815654,"E02000555"
1.29065148930114,0.0549529685800407,0.00721248605859456,0.0116070602629211,0.0200270964902094,0.00666979885842119,0.00745821185726393,0.0158327015846798,0.0226849793139644,0.0215150523120518,0.0140965817764924,0.134504448183795,0.0569365403745644,"E02000556"
1.09046290893612,0.0462668896068996,0.00707019191629564,0.0119157654548057,0.015414918563202,0.00574342268255187,0.00609109048889706,0.013847784638657,0.0155356315036654,0.0140100782925653,0.0131552823840789,0.112958041372327,0.0372446534974003,"E02000557"
1.21745957820586,0.0539174425303247,0.00656434284718008,0.0114730214744784,0.0204311893452183,0.00654416583433333,0.0074761491536843,0.0154745342539084,0.0234592394828223,0.0215289853092086,0.014342021354401,0.125962023197764,0.0538096746275502,"E02000558"
1.24621733734874,0.0566281431311672,0.00635627556005844,0.0115647821227002,0.023748196091291,0.00664235656016782,0.00788725613741262,0.0160418065276314,0.0250487194379944,0.0241703682877902,0.0141448300810047,0.12855352455941,0.0580754662184245,"E02000559"
1.10793740390265,0.048642290895491,0.00626073820616075,0.0113142442875624,0.0175370258463208,0.00616029823598438,0.00682953140351356,0.0142885860376717,0.0215938594811155,0.0174084403072937,0.0141600841138423,0.114234198656475,0.0436805323490575,"E02000560"
1.0214097272214,0.0445920987867996,0.00639425794343021,0.0116326292412629,0.01508367408171,0.00575476230822745,0.00609257551109466,0.0132729517625584,0.0175525437523399,0.0135878695238385,0.0137386587471537,0.104963221962116,0.0320623339481971,"E02000561"
1.20602619381008,0.0547237494536849,0.0060023631108606,0.0113465249847557,0.02429509162913,0.00643756014433837,0.0077905454451102,0.0158612119901049,0.025429507503509,0.0237673594779808,0.013127817162053,0.12416450423418,0.0565909341936746,"E02000562"
0.973971985697814,0.0428188770205924,0.00586938243135515,0.0114308845839305,0.014842423120133,0.00572507011743461,0.0060857055254794,0.0129173707011138,0.0186671251567374,0.0132609148298608,0.0137236851985706,0.0996081336625764,0.02891894134023,"E02000563"
1.0363785021203,0.0454818752976951,0.00569852905367371,0.01110721651485,0.0170411456035888,0.00594179292007885,0.00663985409020137,0.0137628429905384,0.0220857925147924,0.0163976872923472,0.0136113345830956,0.1063701929846,0.0385433827586148,"E02000564"
1.31581887455259,0.0602566768434666,0.00632900792066343,0.0116202183310742,0.0320484583239693,0.00669828107635594,0.00827467682942688,0.0171265598856861,0.0273299949465357,0.0264475557189135,0.012574483474262,0.135334494229182,0.0623407833097733,"E02000565"
1.07567268263588,0.0470727260669542,0.00563827560950118,0.0111076705137312,0.0190257006380536,0.0060317524394298,0.00690426314330793,0.0144171246332948,0.0241782278278177,0.0183954241469387,0.0130078130427141,0.11053123454076,0.0427391077063579,"E02000566"
1.23746454047978,0.055043876784751,0.00601384063822603,0.0111895210675353,0.0270316256601974,0.006489690724425,0.00779465409448839,0.0164328751089252,0.0269973421003884,0.0240033110198055,0.0121376464677862,0.127532789832551,0.0567177957661615,"E02000567"
0.950445956431153,0.0409691727978784,0.00537867040668878,0.0112578856818709,0.0148460792480589,0.00571153600411168,0.00609870402066923,0.0128512286177423,0.0206932401988611,0.0132101925718979,0.0129535436500609,0.097082236555992,0.026833661115404,"E02000568"
1.10917606363593,0.0478734717243514,0.00559103532165632,0.0108586608571184,0.0204799604378199,0.00607832811214724,0.00702542096851195,0.0148844720626974,0.0256749133082213,0.0193746569817605,0.0119791108935481,0.114298480559844,0.0455094459379077,"E02000569"
0.988379335206671,0.0419120572985368,0.00524486983137886,0.0108294558970651,0.016051227211595,0.00576034286627175,0.00631238568634841,0.0133379118935984,0.023362950561287,0.0145991789521965,0.012064084156374,0.101423679733908,0.0312135490510307,"E02000570"
1.13757698613861,0.0482738573896433,0.0055552750381582,0.0103029829095535,0.0208819833879116,0.00613252368652997,0.00708715753332876,0.0150729682141405,0.0265406253477042,0.0195025736068328,0.0113874770286221,0.117705754371612,0.0481803302716224,"E02000571"
0.961679672966714,0.0407354329580126,0.00520320301375621,0.0109639123085724,0.0149594352129747,0.00577705631854801,0.0061883992659673,0.0130769799516185,0.0221331573299721,0.0131273300195424,0.0121845095717018,0.0984804945425109,0.0272884811516014,"E02000572"
1.04467575651708,0.0437597880437914,0.00525214758388383,0.0101678188878743,0.0171836958521922,0.00588165891670571,0.00656712604217722,0.0138517468793426,0.0250237836373713,0.0157629433670106,0.0112511692487966,0.10789284247876,0.0376852901180384,"E02000573"
1.00012772594868,0.0419950604418883,0.00521118721894919,0.0104081406394714,0.0155423780198369,0.00588084785629861,0.00638373101592945,0.0134068737807195,0.0232866137064003,0.0137146283638172,0.0116712640597779,0.102958017262686,0.0319916758537756,"E02000574"
1.12586406099177,0.0468192078560411,0.00546774198574402,0.00972177618737668,0.0177203473023959,0.0062837079576085,0.00686054633288077,0.0142416255010993,0.026652362983775,0.0159494490913625,0.0112735869832012,0.116924985385788,0.0427991468799968,"E02000575"
1.24185250865579,0.0511617261099833,0.0057025853704204,0.00911836342816636,0.021507121525059,0.00658972148746503,0.0073322070462883,0.0151455606225811,0.0282989556464715,0.0192737514051778,0.0111096434399518,0.129645779865808,0.0535999501602623,"E02000576"
1.62542621156979,0.0776317446925293,0.0103163556032353,0.0201214216109721,0.0234862549812156,0.0105532405537368,0.0105208897471038,0.0208489115650949,0.01496965409234,0.0202839134664613,0.0186996555124068,0.165580664287331,0.118351337339545,"E02000577"
1.71032233360716,0.0821656486800981,0.0105270149184896,0.0208537279287351,0.0247055238569798,0.0111725464617132,0.0113107609221984,0.0207378437406602,0.0156364960896641,0.0212852133363722,0.01940288948633,0.174396739129388,0.129372422060906,"E02000578"
1.77716502999476,0.0853955128713922,0.0119063060671216,0.0213910313536648,0.0259311724298354,0.0117707208883088,0.0122557952881549,0.0211718153740657,0.0162803696417407,0.0221220361897791,0.0200049665689661,0.180764504513674,0.137786980535562,"E02000579"
1.69723792688894,0.0785456020150076,0.0150251216478893,0.020070320979512,0.0248879328631213,0.0111627847525847,0.0111229414529662,0.0218861361235296,0.0154861683731709,0.0208645968260134,0.0192213184725156,0.171624348041625,0.120280843908745,"E02000580"
1.85275525114756,0.0870221342811767,0.0157715492705696,0.0213024464072343,0.0270873933901706,0.0122146773096491,0.0130125789261471,0.021891175908818,0.0167108371248586,0.0227878555293547,0.0205287581083966,0.187655054261774,0.142774921064804,"E02000581"
1.77689429458793,0.0787843421675939,0.0173715248971295,0.01933385709685,0.0256990391587145,0.0114575805290599,0.0113515539806543,0.0214725786117191,0.0158378011995621,0.0215840733019464,0.0198079712496287,0.180153736388053,0.127882022568152,"E02000582"
1.86547406044413,0.0852704819811527,0.0178826200036323,0.0206405740239869,0.027058406689622,0.0121195601036108,0.0126771148934381,0.0219878819527372,0.0165336256110562,0.0227099889175094,0.0204866611092044,0.188747785285049,0.14075212193319,"E02000583"
1.96745231910192,0.0835693187501032,0.0189797714360401,0.0195487068676903,0.0275899039888194,0.0124209588233725,0.0120049082509419,0.022115685557774,0.0171751733099969,0.0231904538896313,0.021369222581209,0.20104469561882,0.14581826924206,"E02000584"
1.0157477083151,0.0502480980228757,0.0074138998476206,0.0146402325069282,0.0148514658278173,0.00702795161430458,0.00553770345162697,0.0160945136885383,0.0107517092569156,0.0122364522843065,0.0126691453831967,0.101774426993821,5.40747153997584e-05,"E02000585"
1.00968542193438,0.0456441205600442,0.00813298872839824,0.0121000689277959,0.0146910232490217,0.00732255542210532,0.00531538010401363,0.0152255395990768,0.0140535066480581,0.0118490466688422,0.0149014802661535,0.101788984676297,5.00995714127154e-05,"E02000586"
1.03827200806391,0.0490359772108905,0.00867885925121818,0.013617351596093,0.0154196012550623,0.00726025403789181,0.00556637702539916,0.0165096767675281,0.0121663035392978,0.0122457635122043,0.0135828650462539,0.104208672435937,5.21799262734015e-05,"E02000587"
2.22026974509783,0.0887681958818481,0.0182729843455346,0.0164818052179584,0.0288252527931613,0.0134725324454903,0.0122135131360088,0.0209973215402168,0.0295247772995439,0.0238473864130962,0.0215406942761446,0.230808741466181,0.162116955798649,"E02000588"
1.03148451399448,0.0476192938680671,0.00856081903153169,0.0119528179670464,0.0153691969483688,0.00743182278173337,0.0056726349973292,0.0159032474790777,0.0148107127371212,0.0121618754314228,0.0146021644827868,0.103807458139253,4.92681806192997e-05,"E02000589"
0.981596886786851,0.043174148961309,0.00806184128287006,0.00937150889372816,0.0136249461908427,0.0071567191959898,0.00551504907928684,0.0131408986122728,0.0222228446959903,0.0114699917324945,0.0142201015875335,0.0991914148538134,4.8147325260033e-05,"E02000590"
1.07359322425137,0.0508211273032312,0.00954154024235468,0.0137056811357998,0.015993124496596,0.00739676595831664,0.00623183576963658,0.0168969696775589,0.0134795537596567,0.0126111696263085,0.0140131011159693,0.107563568371166,5.15965731276583e-05,"E02000591"
1.0305886126046,0.0465095077093474,0.00842946277730094,0.0105980407122074,0.0149636078607868,0.00756951994660694,0.0058500741852441,0.0149076585309819,0.0207315733860431,0.011981703162174,0.0156396850841137,0.10379931384394,4.91325980147713e-05,"E02000592"
1.04329447607842,0.0489455808303737,0.00919176357492036,0.0112286095227161,0.015799653959525,0.00746723082134548,0.00647128975345682,0.0158400288754357,0.0172237123113386,0.0124381226735261,0.0144506466087981,0.104671487528416,4.84837099010106e-05,"E02000593"
1.01331389458678,0.0453155406638646,0.00864806578694325,0.00918639110298827,0.0137565590884933,0.00725312610069614,0.00646651160503092,0.0133430906261734,0.0245438798850187,0.0115529420565426,0.0132622634251446,0.102181637140486,5.12036863102702e-05,"E02000594"
1.02337229163,0.0469959986340211,0.0087723027406998,0.00966078471821867,0.01472188654348,0.00739372651111482,0.00660905506416034,0.0141101677667605,0.0230917962285892,0.0119413502640408,0.0138802548191098,0.102887601076146,4.93431112959008e-05,"E02000595"
1.05820609984979,0.0494347562792876,0.0093432311278759,0.0104762878085452,0.0159189629813353,0.00763876177259735,0.00718297752348237,0.0153681777278269,0.0217644191363069,0.0124446708348841,0.0149070593781508,0.106003859055261,4.91685906106493e-05,"E02000596"
1.08357888083407,0.0512993565088206,0.0100842472122881,0.0103582791694068,0.0164705155382269,0.00771955700183864,0.00863617778986095,0.0151601251256727,0.0232177168429974,0.0126797319901829,0.0142432346912401,0.108065702691534,5.03419125285977e-05,"E02000597"
2.09895442174369,0.104226168135494,0.0102498218014203,0.0390294401378427,0.0587259811337902,0.012889871792423,0.0129106530879829,0.0203923697518696,0.0308074037825833,0.0515144559271943,0.0269031927476183,0.207031188188382,0.183167654148655,"E02000598"
2.05077854510678,0.0972354499623048,0.0144139991093747,0.0317516116478933,0.0714241894529493,0.0116662578298035,0.0114317449323655,0.0197443190169462,0.0279116798998952,0.0518958919034921,0.0251190010955966,0.203030327936525,0.149714624547815,"E02000599"
2.02309285703627,0.097440470173828,0.0114671772471997,0.0359171175952553,0.0723179501924344,0.0120226985910666,0.0118980182454601,0.0199973591058033,0.0284075545501089,0.0536438780457764,0.0251926203813853,0.198083052689577,0.15331568725841,"E02000600"
2.06960570057613,0.0993043655239718,0.0108139344958334,0.0382793544430546,0.0664743863438366,0.0124760021029064,0.0122813837499718,0.0203347457108774,0.0296952427609702,0.0534409381422172,0.0258876407746634,0.203500481685112,0.167372057403217,"E02000601"
1.97945880357907,0.0913759969061597,0.0111468405769612,0.0342823904855511,0.0740945297296907,0.0117937884776682,0.0112777018928046,0.0196981947528757,0.0283618384259328,0.0544939667926604,0.0241235114810272,0.194217098935372,0.147585564542553,"E02000602"
1.90989846279192,0.0861770134111857,0.0119800530671503,0.0284588491716793,0.0758815488992466,0.0113730196153432,0.0105596854969162,0.019320649117058,0.0274611270901397,0.0563452445359633,0.0232498075170158,0.188346039733133,0.136605232180991,"E02000603"
1.87366681306458,0.082147255534951,0.015588080793176,0.0209067582057798,0.0751088925233242,0.010987124829758,0.0096344643872707,0.0190541513085391,0.0265683746850006,0.0601708839900235,0.0224557488724089,0.186106155998365,0.12141464045029,"E02000604"
1.8511490733114,0.0816038893074218,0.013375771973133,0.0223768331584953,0.0758324442042132,0.0110959778594183,0.00995658293390094,0.0190841859782516,0.026980605433793,0.0586781726173997,0.0225812146875388,0.183442617809778,0.127581851442895,"E02000605"
2.01294920438086,0.0916613474585522,0.0111453568255215,0.0354133952871657,0.0735944211378826,0.0119616999498465,0.0113490084836272,0.0198610583458467,0.0290948996135511,0.0546620985174372,0.024265955206098,0.197900023022979,0.153307863378255,"E02000606"
1.90334192155961,0.0839453568580248,0.0113231132075334,0.028287467660651,0.0763599118952772,0.0114106800653233,0.0104390874530727,0.0192735398910132,0.0277769461126412,0.0563963339422454,0.0230169100763642,0.187953862616982,0.137300503959584,"E02000607"
1.9733758085896,0.0869680958065976,0.0111666354902216,0.0323615418115702,0.0751550610918601,0.0117139482425108,0.0108122001102386,0.0195576074504599,0.0288826955260268,0.0547529526368247,0.0235256771386755,0.194780531788211,0.148463827203072,"E02000608"
1.82084218437038,0.0786365136011425,0.0150867944446798,0.0182577219294919,0.0760461942050432,0.010863088388381,0.00945253073990944,0.0189769952941901,0.0265031869276306,0.0592865413834618,0.0220081277457777,0.180667817861713,0.117932531312627,"E02000609"
1.90323858397651,0.0814176316456903,0.0110130167005835,0.0270339657087162,0.0758068596942335,0.0114272308845916,0.0102979966732493,0.0192187482343222,0.0282198759248692,0.0556856539231487,0.022851698960303,0.188921785533604,0.140889099345482,"E02000610"
1.84603133070967,0.0783337353213641,0.0121704417738061,0.0207632624750471,0.0769925255296655,0.0111950554301111,0.00984909607709008,0.019099185372443,0.0274364022505766,0.0589654446484862,0.0224823445926413,0.18373081577392,0.129679327684019,"E02000611"
1.78612211872188,0.0757881755403277,0.0148632790337169,0.0160448581830636,0.0720444754908345,0.0103551897624808,0.00896062451258425,0.0187847058793829,0.0253894145219118,0.0561137880419879,0.0212610975573644,0.178649695642717,0.110834464821081,"E02000612"
1.87133853577612,0.0777023782089401,0.0110443456703629,0.0225832456340983,0.0762580985554445,0.0113050066337135,0.00997946695823379,0.0190972885443154,0.0280148937706026,0.0565406432505112,0.0225559580487794,0.18685817052201,0.137795776497715,"E02000613"
1.82937526078441,0.07567375995912,0.0129151869740294,0.016937990730299,0.0761378105368539,0.0109789057912736,0.0095281344872236,0.0190138958157222,0.0272794194397074,0.0574372624116379,0.0220873902798673,0.183078767442281,0.126628291206914,"E02000614"
1.85447959160138,0.0750953105565971,0.0110232143349446,0.0192680303942143,0.0757281708128475,0.0111824702608076,0.00977051199682891,0.0190267741510915,0.0280212933485407,0.0557894386243334,0.0223181039289296,0.186208402477508,0.138752322457399,"E02000615"
1.83591275968984,0.0733822308902745,0.0119633430086296,0.0157041931416685,0.0750947215610626,0.0108918589972775,0.00947493266457467,0.0189785946604022,0.027654847117643,0.0553552346286508,0.0219471776862346,0.185036036050174,0.13313410797532,"E02000616"
1.8328294676557,0.0716023697459761,0.0109966639116874,0.0152878773712194,0.0740253172172196,0.0107686124793473,0.00946861913943886,0.0188813869581264,0.0279090362446592,0.0525207255861144,0.0217775764463887,0.185563346571808,0.143943327654131,"E02000617"
1.65334266504075,0.0723301286099287,0.00846489733273357,0.0115593277283897,0.0273143825176639,0.0106182970839628,0.0102355129239859,0.018113105299514,0.0329221961450604,0.0217588628373609,0.0136998546724125,0.171371210513028,0.100136556496149,"E02000619"
1.70038139929321,0.0767327372674354,0.00920381453256793,0.0125114543877475,0.0291290023983818,0.0112288120961362,0.0110058287323866,0.0187979848570443,0.0332934194054566,0.0222737009491906,0.0149748826479271,0.175279589718761,0.109705105510212,"E02000620"
1.77235762272335,0.0851788253475576,0.0107643943193588,0.014095799551459,0.031241806247772,0.0119469668025773,0.0120783944268839,0.0197817003058074,0.0336581081188313,0.0232312051870069,0.0172916517040258,0.180974412381128,0.125270890750967,"E02000621"
1.73376999676307,0.0836569721612727,0.00984928446167914,0.013443716540011,0.0368123259337415,0.0111649497584964,0.0115017770584008,0.0189295749954788,0.0324767156350589,0.025809692275187,0.0152160964369696,0.177312009711683,0.116192879675176,"E02000622"
1.80012115469026,0.0903849816925208,0.0119252455104041,0.014714769394496,0.0342122413161678,0.0118990946480727,0.0123187188034396,0.0199695758692463,0.0332617796776214,0.0248875815906828,0.0178114998147466,0.182793521174829,0.130996003928238,"E02000623"
1.75746983732988,0.0882621267865202,0.0105201715653708,0.0140920104223352,0.0393070949050245,0.0113657122826418,0.0116155062574769,0.0192084642232314,0.0322975310561804,0.0279220677290965,0.0161360911278367,0.178709166230945,0.121557014006025,"E02000624"
1.8737916737761,0.0957974471904385,0.0146464398753853,0.0153942457888333,0.0371038895554207,0.0119292891502264,0.0125906472716713,0.0203338674735119,0.0329140607625555,0.026636452672425,0.0182909906208937,0.189503903988438,0.136718296634812,"E02000625"
1.73468489088581,0.0883254430537168,0.0100747188038172,0.0138294330023376,0.0414531619174616,0.010960734324308,0.0110027570134994,0.0186557632424814,0.0308379631182618,0.0327965108727299,0.0151670115452468,0.17643108619755,0.115241892158055,"E02000626"
1.80900454924323,0.0937158437337872,0.0130043777332545,0.0148274138065908,0.0409357942234042,0.0113830589389092,0.0117711116961013,0.0195836061910826,0.0318021242976161,0.029755941601522,0.0171845285832269,0.182929930129871,0.127099778231446,"E02000627"
1.75168475171321,0.0910444231622915,0.0111329170587412,0.0141749135716694,0.0415919252731456,0.0110287381869034,0.0110631158920217,0.018900040267628,0.0308128755212192,0.0330133779842685,0.0159995138042847,0.177546263343083,0.117816484273411,"E02000628"
1.92475328033467,0.0971645944787203,0.0168341196466538,0.0155283323781246,0.0398951891054104,0.0117271980679551,0.0124419464969681,0.020289634824818,0.0318479746236896,0.028093139377406,0.0182033217286724,0.194634012755541,0.136996397552372,"E02000629"
1.99631273762967,0.0991381016488877,0.0184925420834915,0.0160466930384087,0.0397282130356863,0.0119234740155836,0.0128960083048883,0.0207076740560954,0.0312406412556184,0.0273279894150022,0.0187014537496371,0.20211887876413,0.145437123270378,"E02000630"
1.7241780755219,0.0882037455702665,0.00985603974669544,0.0134852782886804,0.040481428806344,0.0105971843930109,0.010281561930151,0.0181215943615233,0.0289197266870651,0.039252520257025,0.0145897110063501,0.175939017805074,0.105500913911156,"E02000631"
1.89187498152739,0.0972513010952413,0.01610099310929,0.0147415810415024,0.0444311211125465,0.0109873135571312,0.0114074926831672,0.0195188620851322,0.0304049779684164,0.0338941092167289,0.0168752063294784,0.191443447646828,0.120998684576194,"E02000632"
1.82582140022469,0.0948698298304795,0.0141596479563898,0.0140094344429741,0.0431251546103702,0.0105711958189954,0.0106897181871491,0.0188023616539685,0.0294625627613655,0.0372268129601511,0.015797010109921,0.18529579922637,0.11016926035613,"E02000633"
1.92265377827104,0.0968661110802671,0.0167462010831671,0.0149661714936228,0.0444679953296609,0.0109417039328567,0.0115815225393843,0.0197352761073145,0.0298468790700102,0.0319578134968943,0.0172410954787061,0.195021212430497,0.12522169974963,"E02000634"
1.82401542466927,0.090847572121766,0.0132072829408355,0.0129711786076395,0.0401560798187519,0.00983768053388348,0.00976150718916702,0.017845540129674,0.0272318873997769,0.0397609871048365,0.0145765337936926,0.187416467482609,0.0942665524846494,"E02000635"
1.9097743608097,0.0948072632299863,0.0164082056009522,0.0147193419282553,0.0445571076085357,0.0106066718837755,0.0113565299831532,0.0194809816235595,0.0286318128038306,0.0315077663569236,0.0170489000615119,0.194326909663048,0.122881755535686,"E02000636"
1.86529219729226,0.0928484470784521,0.0139496865700766,0.0132217270000933,0.041294642379267,0.00975557795293932,0.0100061738749109,0.0182448721113178,0.0273330419028614,0.0379507562527705,0.0150950826906281,0.191691933038108,0.0965238923948303,"E02000637"
1.89155326917137,0.0924765861177847,0.0137245588898973,0.0131682231867181,0.0413415607115038,0.00962948376373917,0.0100071874043772,0.0182729493204588,0.0268270465888272,0.0370431681391802,0.0151877835592991,0.19515075800984,0.0943751066577837,"E02000638"
1.89285799598443,0.0901862942008246,0.0134312150140895,0.0129314445437447,0.0410674560449569,0.00949202838347427,0.00991136721631271,0.0181261814491263,0.0262185350101717,0.0356834101924145,0.0151512205416214,0.195988253726008,0.0921907846818868,"E02000639"
1.93863084319193,0.0903780876002818,0.0138050974955334,0.0129742473725035,0.0427566244116229,0.00966136784583908,0.0100676845249557,0.0182906679300458,0.0260217434267577,0.0347123028726317,0.0154160181432395,0.201115545231753,0.093471284274185,"E02000640"
1.97381659695332,0.0850640295086141,0.0120271289723456,0.0119647094572634,0.0368487941302357,0.00894157194424336,0.0090682356250759,0.017194885608951,0.0246626130386293,0.0384940892783188,0.0139099776233969,0.207962795983474,0.0749756733298929,"E02000641"
2.0838276620741,0.0791120892553188,0.0109582967224791,0.0109306274243382,0.0347447352989127,0.00838385812244049,0.00834376412962666,0.0162948765767781,0.022651816526781,0.0396546863150426,0.0127861388874523,0.222748632521453,0.0630038205328714,"E02000642"
2.1674614645645,0.0793318978727075,0.0111263573809995,0.0110488321385164,0.0358235408401572,0.00866721384624819,0.00876649355358149,0.016705320383658,0.0228097989346028,0.0374714677557483,0.013228416632617,0.232311816219225,0.0631862080380115,"E02000643"
2.15442615940717,0.0769530139735753,0.0101841817520035,0.0108052864683267,0.0346029516543841,0.00830771472917826,0.00821896915383707,0.0163007594213862,0.0215706127336863,0.0402030334122168,0.0125129707654386,0.231616544870408,0.000335623788652545,"E02000644"
2.16225837758913,0.0776995578756472,0.00973649750499813,0.0109657127893697,0.035912091263666,0.00817037571543447,0.00797861787643155,0.0163050763083884,0.0210265807294034,0.0422464272233766,0.0121773388586345,0.232474297250348,0.000252971993927918,"E02000645"
2.11478070963944,0.0730121696743816,0.0102542863706461,0.0101153967204932,0.035256765738333,0.0083126610554208,0.00830085732336496,0.0164506322821351,0.0213162834452379,0.0366336879988735,0.0126144101949401,0.227477360263848,0.000570701283881273,"E02000646"
2.22892113510493,0.0773038243603871,0.0099035515689251,0.0112440817563663,0.0402830235952886,0.00842659966626346,0.00814052297132265,0.0171782800619951,0.0213790597392151,0.0449443394641972,0.0126007929248209,0.239736914028285,0.000206926260021739,"E02000647"
2.25554178833281,0.0811501105384709,0.0097356168626779,0.0118436781606368,0.0418885154407593,0.00842748994631961,0.00818827259083301,0.0173863141877654,0.0213116094263798,0.0472890946273283,0.0123238934083059,0.242204495020392,0.000199483334080302,"E02000648"
2.24639797229481,0.0740371583481918,0.0101751852463263,0.0107633221839262,0.0427508391427223,0.00857250737087908,0.008288046907509,0.0176331722308028,0.0217303033176086,0.0442608043148198,0.0131817798833094,0.241828528022706,0.000211442010604893,"E02000649"
2.27649967560515,0.0831168394886822,0.00968541756964329,0.0122492592603674,0.0433958635502276,0.00854264274884027,0.00840412007855758,0.0179585791144922,0.0215444779633894,0.0481243540436422,0.0122334603009907,0.244153435897735,0.000197164287745998,"E02000650"
2.24706862814256,0.0729225688049852,0.00993466104849508,0.0110194576707639,0.0494202060705708,0.00847090475388516,0.00813989827074221,0.0181518570519921,0.0217412968288568,0.0479409116566206,0.0131641771035432,0.24135832458771,0.000203964647845085,"E02000651"
2.2634919705271,0.0705615724717165,0.0100981737722745,0.010947321115665,0.0548102065288215,0.00854828629401612,0.00823924831201327,0.0189769768148864,0.0223820041270031,0.0490404848839879,0.0143524036747443,0.2427743959797,0.000218918479569185,"E02000652"
1.8381893853535,0.0771700374555647,0.00914277971049478,0.0143806201511571,0.0445809115535454,0.00855329446532957,0.0117340514126269,0.0194520217926656,0.0291105887995843,0.0376200516751567,0.0109693914696378,0.191869584853402,0.100877561803432,"E02000653"
1.90858253805839,0.0801762401773471,0.00978162246392224,0.0155232468173047,0.0467888632951426,0.00846996784336141,0.0120029310210421,0.0211019311547569,0.0281525417051433,0.035354896188925,0.0109957194756035,0.199212920221139,0.103011555185441,"E02000654"
1.8028199124855,0.0805097980434503,0.00943032998765917,0.0142588560487325,0.04314938065402,0.00908268582438378,0.0114220293613963,0.0186101469557616,0.0281133101804429,0.0396134725620454,0.0112615902737391,0.187220487795244,0.102740321726662,"E02000655"
1.96121156678071,0.0875002640958634,0.0105076845248945,0.0163186505050815,0.047325044345291,0.00909969908535166,0.0116907023653958,0.0217503727491202,0.0270446237675762,0.0410136108497623,0.0115643329638465,0.203954491258639,0.10478398096887,"E02000657"
1.86081470466163,0.0839034120457449,0.00968656830175919,0.0147724755120985,0.0429639561465605,0.00910916999550042,0.0111536652156607,0.0190437923733159,0.0267682744208568,0.0422262830112268,0.0117728167020429,0.193690822264412,0.102419529891292,"E02000658"
2.10454613766639,0.0900931130643597,0.0106574885516922,0.0162471647795739,0.0503850116978201,0.00909849043650589,0.011963284587684,0.0229134842818399,0.0280646649706165,0.0287301358703856,0.0122393805104148,0.220259301303243,0.119902308900533,"E02000659"
1.98238343952344,0.0891976841140571,0.0104942255042695,0.016269223631163,0.0473863160730002,0.00913879343662623,0.0114952529131424,0.0221459088629323,0.0267726100664696,0.0400923041030928,0.0117456145127817,0.206276453178161,0.104485443997428,"E02000660"
2.12861281587925,0.0903016218962809,0.0108328830218628,0.0170844510610657,0.0547383851810442,0.0092003051856198,0.0121734737733677,0.0228151141024523,0.0282584027857434,0.0282319711997365,0.0132238865823164,0.222304631212575,0.134495876280513,"E02000661"
1.99198107769388,0.0887056910291916,0.00994947836463207,0.0155290235733503,0.0442607052760666,0.00917136051578015,0.011014030308878,0.0201317437748776,0.0260346213467466,0.0479794007733576,0.0122872244611505,0.208370111560098,0.0980500995549031,"E02000662"
2.05780922856183,0.0914238704021773,0.0104012542233467,0.0159168756331948,0.0467355555028034,0.00932030821407625,0.0113513576580617,0.0227137508676753,0.026904961287697,0.0398671349046682,0.0120848613464402,0.215103651506316,0.103843880564269,"E02000663"
2.22408830899257,0.0950091790746554,0.0115278062271471,0.017576520460556,0.054478269383502,0.0107217485011188,0.0121338827389965,0.0232016206084232,0.0294424977720654,0.0348691769793923,0.0143188810942631,0.232240396433169,0.137500428333371,"E02000665"
2.07404147819537,0.0901803443355705,0.00979608506507592,0.0149454185461575,0.0436865050241764,0.00905731691712569,0.0107727300733245,0.0217815018729928,0.0259714836388181,0.0484434598684733,0.0123036198943711,0.218146975614842,0.0903126443822352,"E02000666"
2.07652597526689,0.0869960474270683,0.00909268652356332,0.0136634353220418,0.0408805751878095,0.00872057423699754,0.0101879853861295,0.0206830005102538,0.0249746271897802,0.0541453044229092,0.0123791589282041,0.219783644333983,0.0729816148131957,"E02000667"
2.32427784761955,0.0985069439977007,0.0124158114740005,0.0189782589004712,0.0619748509880095,0.0116611384167716,0.0123867320224183,0.0234301026309627,0.0305615536918156,0.0419385886418171,0.0159405346315837,0.241780397507152,0.148239708094825,"E02000668"
2.16437536716537,0.0931002561276859,0.0105707591776894,0.0158125189799091,0.0479347145083972,0.0102571143243794,0.0113360705247904,0.0226163847551697,0.028125260740297,0.0454911591929417,0.0139392558135734,0.227057831838682,0.117361939091612,"E02000669"
2.18280202943379,0.0937407551135267,0.00990559302746779,0.0143909076995759,0.0428094681558731,0.00974146225855053,0.010778412433563,0.0227826863866539,0.0276023437117284,0.0561579017026693,0.0137206016181679,0.23037307476068,0.000449131793494439,"E02000670"
2.19017651556265,0.089835247877764,0.00946012824674227,0.0126939749353841,0.0403229705832339,0.00878507000610728,0.00996177548084141,0.020590629271211,0.0247498016398145,0.0574719117065426,0.0130506593280363,0.232949602308887,0.000250766395361807,"E02000671"
2.14508531627447,0.090260597216975,0.00926981041147639,0.0132514966995342,0.0406886696800138,0.00894155550561174,0.0102544230443788,0.0220023822575157,0.0260688611610201,0.0571350483901958,0.0132438834392771,0.227327693933925,0.00030623136358501,"E02000672"
2.1667741068195,0.0861358379240671,0.0101458577569421,0.0116547101180656,0.0390774401427333,0.00855469384327156,0.00929695582606448,0.0184661404268327,0.0230945152576195,0.0532327224825367,0.0125588451748671,0.231016152646251,0.0002396048305877,"E02000673"
2.29327291540542,0.095479873368341,0.0108249642798776,0.0157970951687622,0.051259179063763,0.0107322096323248,0.0112912083204124,0.0227520235022707,0.0290724591649146,0.0628472920061331,0.0153029183602865,0.241366738937445,0.111949903002755,"E02000674"
2.4149670453442,0.0988997532364683,0.0136435616594773,0.0201332612389197,0.0795963520711097,0.0127247897458627,0.0122101550182287,0.0229883280500557,0.031205547413673,0.0583766649676522,0.0180193524915777,0.248722767723712,0.154733582087344,"E02000675"
2.24290963068195,0.0903013090788575,0.0102592308966975,0.0123369375740384,0.0408132407729207,0.0088149821985378,0.00985376970933759,0.0206601634774272,0.0246727350154656,0.053539151300812,0.0134639052060022,0.23892622929869,0.000227590541616046,"E02000676"
2.31631893265809,0.0947659996890372,0.0101921590882125,0.0140987925868632,0.0456279826200494,0.00980457082822957,0.0106853492483877,0.0228643577141786,0.0280963426150865,0.0633806239156547,0.0149257478837933,0.245686105068352,0.000314765169778703,"E02000677"
2.38270498871835,0.0957566217217905,0.0122460674012341,0.0177172375355603,0.0685668346038665,0.0119211793289662,0.0116198126174554,0.0225480663931458,0.0305512933530873,0.0696193812823441,0.0173538870001201,0.248282071157859,0.133144438713605,"E02000678"
2.27291793569077,0.0885222633992652,0.0103603036809709,0.0123332795333772,0.0416808010187893,0.00903652095113855,0.00967580504345931,0.0204586503405269,0.0245405594200186,0.050151654070504,0.0134508185194216,0.242487643348549,0.000228707591551335,"E02000679"
2.21975268490764,0.0858767835866185,0.0103040962626364,0.0118508938426447,0.0399209613384139,0.008760276846304,0.00897442877954045,0.018568038923375,0.0227382355702192,0.0492952013392034,0.0126141445213579,0.237082424433224,0.000229619549580136,"E02000680"
2.31044656850149,0.0913668595557951,0.0100724400334723,0.0129955577673861,0.0437152493787296,0.009170140569982,0.0101393696943454,0.0220197459756894,0.0264155143645532,0.0530388643164307,0.0145063031758732,0.246188547246474,0.000255006382638983,"E02000681"
2.30988221130615,0.092325330195938,0.0102951939058952,0.0145904457397969,0.0526631994085252,0.0100943497768218,0.0105882424444182,0.0222764026373732,0.0285342833664554,0.0624517205341457,0.0157618858627198,0.244218226620264,0.000648972398065946,"E02000682"
2.38824771173521,0.0940111888270063,0.0154982186857807,0.0205469774184318,0.10424631234487,0.0134275768030097,0.0118720430007888,0.0217746525204794,0.0309915641486444,0.0741555625336924,0.020135108971195,0.239829268132712,0.152284276555607,"E02000683"
2.20393383566293,0.0837325890465225,0.00971504909655417,0.0121143988792297,0.0411711560152595,0.00874777966599969,0.00878516064170684,0.0186100631842046,0.022326470301014,0.0470204531613318,0.012401326902035,0.235575589354459,0.000224881082708507,"E02000685"
2.29899617763074,0.0874101857978687,0.00991650668399086,0.0138606873298211,0.0531841684218687,0.00975475702351081,0.0101368691501907,0.0219158613721376,0.0272772744818335,0.0511546337082198,0.0150452045092305,0.243914326750863,0.000490510716809043,"E02000686"
2.25241515197298,0.0840967106818904,0.00975713816848987,0.012482595525886,0.0439471354084526,0.00905411382519005,0.00934400257215533,0.0201827799752225,0.0239185517602625,0.0473996979981357,0.0130675941351491,0.240629689396904,0.000244537878521701,"E02000687"
2.565675521751,0.0857415779254746,0.0145895769848632,0.0134075464433853,0.0546930535947541,0.0107112987698408,0.0100624634678998,0.0207963293836586,0.0260141120615437,0.0457978480839104,0.0219167388558817,0.274351365080469,0.132367084980182,"E02000689"
2.2856091768386,0.0897164376527353,0.016295005875373,0.0220304070418271,0.0630471095597955,0.0118036435162946,0.0103451871566849,0.0199273609345332,0.0274538287132003,0.0519568123028562,0.0251948308662954,0.236922474957565,0.16113798138847,"E02000690"
2.44540675488112,0.0795064009748176,0.0130281292830619,0.0127539552853796,0.0539335642755216,0.0102892011298251,0.00945268599681049,0.0199564789371163,0.0249668338832322,0.0512939030563588,0.0222177649884157,0.261713361404754,0.111138014923382,"E02000691"
2.31441556054813,0.0791639113717779,0.0136035269128926,0.0151389335574162,0.057611205232398,0.0106576095292145,0.00935292604068395,0.0194708697234128,0.025295984803102,0.0543930908387732,0.0230563331186669,0.245256617765222,0.12198583186945,"E02000692"
2.28674155295333,0.0728696496550354,0.0110642821544858,0.0108881775918421,0.0525000588465854,0.00915681340356451,0.00882292852308421,0.019459351004886,0.0231678405266614,0.0480368794041519,0.0185566094442406,0.245152523508218,0.0723220139156673,"E02000693"
2.3579109990381,0.0754659967189786,0.0117563967213629,0.01168583998422,0.0542573399521744,0.00967983481393723,0.00912179180432679,0.0198071875932126,0.0239596390790406,0.0504833359116877,0.0205752943190925,0.252554368556241,0.0858093871929753,"E02000694"
2.24920836718293,0.0699218456779554,0.0103321899898186,0.0107388061064226,0.0534017999114701,0.00863868512753153,0.00839657770929603,0.0191024674781002,0.0224435916536244,0.0486270772645879,0.0156088220001495,0.241285395850187,0.000262601629708845,"E02000695"
2.27703477116986,0.0703837795749621,0.0106589905780119,0.0109296336461349,0.0564402556374697,0.00887745543714465,0.00865958183203884,0.0197643597920122,0.0228380271280947,0.0495001850893089,0.0177941705369557,0.243937495622328,0.000482145344467067,"E02000696"
2.25071677665155,0.0730813424641593,0.0116445467238447,0.0123121157950107,0.0549593320860723,0.00965326927958314,0.00896421112455155,0.0192712613293914,0.0236774370247242,0.0508292473225178,0.0207221064129751,0.240149752246751,0.0852786277760617,"E02000697"
2.03139643870711,0.0816059306461615,0.0152044262354758,0.0197809235945301,0.068625077638785,0.0110498621740726,0.00944559078070393,0.0191465306391192,0.0262072008683653,0.0582610288115419,0.0228690896336872,0.207592255048346,0.127439631435547,"E02000698"
2.11599174877208,0.0732907474811106,0.0122175843217312,0.0138071372761006,0.057631257808576,0.00990982231347641,0.00885328962785651,0.018810414846698,0.0239386674443658,0.0532263777089082,0.0210218380118954,0.223388786195616,0.0981667346478737,"E02000699"
2.21048475699484,0.0691888286929436,0.0108701929912132,0.0114870822153019,0.0572927619011788,0.00900823549406682,0.0086939779983619,0.0195285783026877,0.0227105191905348,0.0489812483960584,0.0189494482809723,0.23607742528284,0.0691462182325456,"E02000700"
2.19012701648846,0.0666907596588989,0.0102005001270358,0.0108851390821552,0.0578896190759723,0.00854020724827365,0.00828475029934422,0.0194364062461662,0.022084654746636,0.0485525584274569,0.0163579337552837,0.234199551662266,0.000430985357272541,"E02000701"
2.13932291292039,0.0653738952326739,0.00996102337110711,0.0109498554842303,0.0625178765689081,0.00842054586913831,0.00812301301731208,0.0194788582620633,0.0222100499260106,0.0483012560676403,0.0152618677659838,0.227787728731683,0.000365292255868687,"E02000702"
2.12564668368776,0.0698123740138798,0.0112500971468663,0.0123655557669108,0.0572000942265267,0.00926520077029915,0.00873432079333651,0.0189855285673384,0.0230253596257851,0.0499481412474774,0.0197452519946739,0.225762679111513,0.0784011229235373,"E02000703"
1.94865114055294,0.0749217307687633,0.0132827427017117,0.0155537802723861,0.0643270808160105,0.0102556170549262,0.00885620249525224,0.0187798070322541,0.0246129980552548,0.0570825052508807,0.0212434887065527,0.201188526448336,0.10790960336302,"E02000704"
2.16415883006535,0.0667104091330293,0.00988669126252439,0.0108932151796623,0.0609391669784048,0.00840130155076638,0.00810034110823805,0.019196893286203,0.0223401332599482,0.0485871928054648,0.0145434810331717,0.230817839926614,0.000272339776304065,"E02000705"
2.16663845525115,0.0664215002333429,0.010393133529708,0.0111974527243764,0.0603246682608004,0.00864818169302628,0.00842060241306219,0.0197415156535982,0.0221809927979652,0.0481069292024767,0.0174480310985832,0.231052105371469,0.0590030083264885,"E02000706"
2.14111741445243,0.0669436960150006,0.00995612387371102,0.0110804002563822,0.0688858671332099,0.00850154693298157,0.00820330645900213,0.0200552204403245,0.023376216291679,0.0490096568198803,0.0147503439528245,0.226722154882759,0.000295307148735563,"E02000707"
1.83257574616707,0.0740592169525179,0.0134281992845328,0.0152031593900418,0.0670226146604256,0.0101188476373483,0.00877491494050293,0.0187294023168931,0.0245248868748714,0.0558443509890873,0.0208777179785794,0.186663092870809,0.10493812878444,"E02000708"
1.95900969916824,0.069022678445676,0.0115030936225578,0.0129305218634642,0.0610808244010842,0.00922867832241219,0.008557626415197,0.0187184565720667,0.0230021402115678,0.0509988280298845,0.0195875147539786,0.205309388946,0.0835751384469956,"E02000709"
2.05944933312172,0.0644840132753415,0.010155939595342,0.0112283899741567,0.0646080221188761,0.00846259254573327,0.00821271207236944,0.0196070642996274,0.0221236824611352,0.0473672970630625,0.0160553877432885,0.218117693831667,0.0559306659759789,"E02000710"
2.02116483334664,0.0654430255292665,0.0105079351926491,0.0115816722973851,0.0585454743728637,0.00860095860522751,0.00838636780788098,0.0187090260050747,0.0220117083858121,0.0465899661069046,0.0178027677578256,0.214312898216002,0.000575776250465292,"E02000711"
1.92236145667435,0.0649030642709885,0.0105256564742167,0.0116939075328321,0.0598420303718683,0.00850093995682,0.00828566486526158,0.0183339319413494,0.0220185484540355,0.046390071496127,0.0175402276616446,0.202471322413585,0.000615999556008645,"E02000712"
1.79885409856763,0.0674640391155374,0.0114699906940471,0.0127017638505001,0.0625225071653788,0.00900727457899341,0.00831978527699557,0.0184313661088468,0.0228959145001693,0.0499781860966587,0.0191785917805361,0.186064194685408,0.000501369620958871,"E02000713"
1.17387427691446,0.0456190511147246,0.00403094260805514,0.010442849563045,0.0301634354670955,0.00461531455751036,0.00619879294111868,0.015179138770805,0.018671992366922,0.0252871776645501,0.0090478496435272,0.123246479903137,0.0332884123066928,"E02000714"
1.089820975449,0.047038227382241,0.0040687511955854,0.0110675923177198,0.0357008285785611,0.00442119079404993,0.00537936746326455,0.0144706882901416,0.0163173696699765,0.0251315298487921,0.00908960602743037,0.11232182910823,0.0257210506988752,"E02000715"
1.09888987127644,0.0460490647308589,0.00385535571566165,0.0106671460469059,0.033608238852232,0.00439250482120953,0.00546290443827304,0.0145949118022062,0.0166862128666391,0.0252418934179221,0.00891085498043837,0.114031775555438,0.0259178868643192,"E02000716"
1.1203204380881,0.0467175985893067,0.00406961081058472,0.0110470759256077,0.0359192455713974,0.004462924765368,0.00552180695950572,0.014668876163849,0.0167001119866661,0.0247659202394251,0.00895786325668575,0.115990682888179,0.0263680656631806,"E02000717"
1.10027592758184,0.0473152111220629,0.00419671037513827,0.0112231364209593,0.0362190178659007,0.00444723186345433,0.00538953713315192,0.0144339236845226,0.0162070475401729,0.0248113607652644,0.00913430538314104,0.113385796721557,0.026254204373869,"E02000718"
1.24082252463309,0.0464346914658524,0.00428239946147709,0.0107050841563798,0.0305528313281387,0.00477860634920391,0.00667865551163812,0.0154693239034943,0.0204331175434738,0.0254464730873553,0.00933296775684893,0.130719765566755,0.0395704833296226,"E02000719"
1.15650474727635,0.0461016814438859,0.00410242502332292,0.0108731274962356,0.0340549046619641,0.00460363201862964,0.00598472406347521,0.0150579964491652,0.0178177388898069,0.0247133812907609,0.00894680770145621,0.120562317938562,0.0303250250109818,"E02000720"
1.18974136238027,0.046382005010712,0.00431731101096928,0.0111050528777668,0.0345054937552624,0.00474901865826057,0.00638907952696205,0.0153346270874289,0.0186838442400439,0.024469183115936,0.00909738721562249,0.124165810214759,0.0352888966242799,"E02000721"
1.2526087306423,0.0472928570668,0.00449425325504191,0.0110570696437377,0.0328947165028264,0.00486838295659189,0.00690924389188238,0.0155317477851675,0.0209327691906443,0.0249589208402031,0.00944911916203564,0.131506415860067,0.0429456234022329,"E02000722"
1.14409965111684,0.0471823902087844,0.00427628316397566,0.0112530703318878,0.0369686503378055,0.00459728253947065,0.00571795207247109,0.014824363365576,0.0166623534539593,0.0242753967349847,0.00901635267444124,0.118432383282269,0.0303462627484,"E02000723"
1.17652614580561,0.047273756072887,0.00435495583958912,0.0114399471746741,0.0374856375405932,0.00464716867858221,0.00589462658733558,0.0151041453469574,0.017279338931302,0.0241838318667139,0.00901362643606728,0.122128579881493,0.0298911504632753,"E02000724"
1.30949461911989,0.0498120470741486,0.00470300704045818,0.0110625040428478,0.0327517266247012,0.00495520211741604,0.00731464479621125,0.0154939531807037,0.022533404532003,0.0254672422364713,0.00976349370173584,0.137792028650309,0.0500029609429017,"E02000725"
1.20385498290881,0.0477247852586763,0.00454145237553621,0.0116649796014035,0.0382202924063898,0.00480139757739834,0.00626479823867756,0.0154551697633761,0.0179088408333513,0.0240384106304602,0.00911060999926879,0.124981008369594,0.0345009099661548,"E02000727"
1.13689601843303,0.047971445181353,0.00439928008934542,0.0114144153976704,0.0373634611978869,0.00461231293696655,0.00565119960179952,0.014740443228315,0.0163284600241362,0.024235878472091,0.00915390468852379,0.117313679461267,0.0319170227793896,"E02000728"
1.23693632878339,0.0482512897024232,0.0046772238035155,0.0115203343143983,0.0366272406302231,0.00492759612334039,0.00692138133596921,0.0156654423424793,0.0200747833217219,0.0243000095110707,0.00939267106300869,0.128862145729943,0.0433245230271603,"E02000729"
1.21891402417508,0.048039434056259,0.00465699778487632,0.0117214445093669,0.0381222337539568,0.004897371023797,0.00662289869346523,0.0156527592757685,0.0187951647690493,0.0240643007911784,0.00922248203073042,0.126576954161422,0.0389792847900169,"E02000730"
1.20490780403946,0.0488648467843895,0.00462593193247881,0.0117057452178628,0.0389481802630478,0.00478198070590416,0.00601429648515563,0.0155747044080063,0.0170232048232939,0.0238874436575667,0.00921797876014538,0.124853246097493,0.0356580846106838,"E02000731"
1.23173373587222,0.0490507608256109,0.00475205024165212,0.0118852907580199,0.0396957885376089,0.00488722801191482,0.00632849974085394,0.0158900650202242,0.0177350192965928,0.0238707658513463,0.00924387702496212,0.127751742374734,0.0377042916863774,"E02000732"
1.30161288025316,0.0530209970721152,0.00503449470866109,0.0116368298516087,0.0381684010451301,0.00506056885669647,0.00751861776903822,0.0159033044521387,0.0222718929085291,0.0245410959165037,0.00982443163872937,0.135428591999856,0.0528845250401072,"E02000733"
1.26685003690122,0.0510266580114536,0.00497725203875768,0.0119411948669613,0.0396529225588776,0.0050425773187717,0.00719084329748786,0.0159844723922208,0.0206179374341281,0.0241905132848445,0.00956476682476003,0.131345842597778,0.0480324549279716,"E02000734"
1.26173596509963,0.0506418622832929,0.00504538150085806,0.0122360591869388,0.0412418245529541,0.00504958639322316,0.00687690106664461,0.0162825126999501,0.0190812278963872,0.0239527565433957,0.00941378907880819,0.130531077374235,0.0440442936723407,"E02000735"
1.19311645699007,0.0503901875652287,0.00474867329736138,0.0119473169505529,0.0396959957969584,0.00477894666376956,0.00580131034014237,0.0154474145386794,0.0165578589120902,0.0240206340978865,0.0095312033521732,0.123020606989888,0.0389662073185384,"E02000736"
1.24157045714225,0.0508946522417524,0.00483495713862582,0.0119511746820638,0.0406073713145354,0.00490672211318466,0.00613820811733579,0.0161849568239262,0.0171320180665584,0.0239561310947286,0.0094611701462441,0.128504281280774,0.0412761927174543,"E02000737"
1.27577778870452,0.0513776167213976,0.00504035974262073,0.0121973463391734,0.0417411167533347,0.00503869592619736,0.00657343079806471,0.016632693386777,0.0180617617238228,0.0239425635782574,0.00945890153444516,0.132117952754009,0.0434796934979464,"E02000738"
1.31474623015898,0.0546649498886464,0.00543126782074391,0.0126631307095369,0.0444554394688689,0.00518265305371001,0.00729258570321916,0.0168693667118515,0.0202332618563004,0.0240942126727602,0.00968795042571825,0.13547148025335,0.0503671715819144,"E02000739"
1.35633307273127,0.0595170950865358,0.00563250584229614,0.012323252082744,0.0440578120832551,0.00522455483185168,0.0079315228100694,0.0169396165553675,0.0225445120490399,0.0242507026918228,0.0100265465430112,0.139734167451251,0.0601374694568271,"E02000740"
1.33545023541764,0.0553525698489006,0.00551954954035132,0.0127853367616821,0.0452175118202888,0.00524383032297524,0.00714309928643649,0.0174926136349041,0.0192831554369096,0.0241998854248463,0.00973206854613358,0.137702857147217,0.0512593120494056,"E02000741"
1.32704270003108,0.0548556947722646,0.00525064748821744,0.0125019404346367,0.0439648454061601,0.00516151377416946,0.00658317028287355,0.0174264233652167,0.0180505686378529,0.0242638349978527,0.00983141145184835,0.137253095632748,0.0487618629123355,"E02000742"
1.40067543952385,0.0615453894485167,0.0059576171236931,0.0129118270286323,0.0485512806160074,0.00531137256145038,0.0078674326295434,0.0179435558875669,0.0215534005745485,0.0243070094523485,0.0100259691440693,0.143792588812762,0.0606017870146662,"E02000743"
1.40874346687098,0.0612409136514624,0.00599478837665537,0.0131678296684083,0.0497352288593835,0.00537830920641214,0.00766222119533754,0.0183765683790912,0.0204761642270405,0.0244521336166014,0.0100165461937827,0.144559051444722,0.0591983900730153,"E02000744"
1.39897640410534,0.05961293067717,0.0057461599796553,0.0129869463782599,0.0480473237254755,0.00541175849213732,0.00717142006643441,0.0184860650417455,0.0190913145037514,0.0247201315603119,0.0100957331168026,0.144117013526378,0.0581550396381711,"E02000745"
1.18858898928697,0.0503707053893462,0.00469941436116825,0.0113315759279604,0.0389369639888811,0.00457792118682888,0.00539272647769035,0.0160171345338576,0.0162766187207567,0.0231232424543898,0.00950124612829361,0.12283747691167,0.000143254808779727,"E02000746"
1.52417629601103,0.0653349579451637,0.00646984524607996,0.0132457424355981,0.050825683942289,0.00548238687434402,0.00830705703066368,0.0196089937207472,0.0224083896819688,0.0244206092422063,0.0103192974385249,0.157416093867019,0.0699721853706739,"E02000747"
1.25975156583522,0.0541184810401068,0.00513419683689905,0.0112477089689548,0.0394723511198006,0.00454366911959269,0.00571080869744053,0.0168673377010141,0.0167305030511823,0.0226124641031438,0.00905581257742116,0.13072189744595,0.000111980860447555,"E02000748"
1.51314698165697,0.0669067553991751,0.00647590473841133,0.0136420585834234,0.0544811687470199,0.00563715961837444,0.00792583846686146,0.019772575484043,0.0203666089224488,0.0249873300263957,0.0104072498417923,0.155181360796746,0.0681212423294304,"E02000749"
1.15521320752113,0.0512667910061316,0.00370929569244021,0.00976535721957271,0.0198859483730739,0.00539434561173859,0.00645823390928552,0.0155274127100266,0.018171045485795,0.0352976734461977,0.0102083181538569,0.121134639633965,0.0375836428584173,"E02000751"
1.17393191143805,0.0497608931477274,0.00412151507039902,0.0124259798186088,0.0207490831043624,0.00523799942377196,0.00578677714757221,0.0148691168144998,0.0170957361392299,0.0329828044117969,0.0122490486945046,0.123158018205659,0.000315324065840734,"E02000752"
1.14020704164966,0.0495404865921502,0.00392973886969617,0.0120567324161309,0.0183023319583554,0.00497867638591616,0.00556142710089335,0.0149845903807309,0.017220857353987,0.0326448973030585,0.0117458321353834,0.119608956094147,0.000426949056264301,"E02000753"
1.10016978359762,0.0499106943697119,0.00363846220870195,0.00996929625358291,0.0181511143031908,0.00491289901295977,0.00576840980918018,0.0155595642142231,0.0174667349495775,0.0334073755374932,0.0103531005466969,0.115163719051818,0.0310155894734017,"E02000754"
1.08341263264637,0.0491817598381101,0.00363111484164528,0.0103116716713953,0.0175965361551338,0.00468537414892084,0.00547895141227915,0.0154806290550294,0.0172489368265642,0.032449897909941,0.010519416598524,0.11339243074161,0.0277373715018256,"E02000755"
1.10707295899331,0.0490545259716945,0.00383820850615351,0.0115144130723571,0.0187698009847087,0.00469150747825865,0.00538288498812894,0.0150729911626031,0.0171399975252939,0.0313265308548951,0.0112244998282455,0.115951194338398,0.000380138116971408,"E02000756"
1.12428572247554,0.0499022102500956,0.00366461402373591,0.00968216272832996,0.0199199354293671,0.00469002670473011,0.00597946121904993,0.0157383609449498,0.0183690361802261,0.0329172308189632,0.0103554827250519,0.117972622572553,0.0301055222068701,"E02000757"
1.06346751443487,0.048169196619706,0.00363142008173816,0.0105813153059675,0.0180171647546581,0.00444104862444742,0.00523370393935974,0.0151808233606569,0.0169873099548443,0.0305999060950704,0.0104564950167335,0.111255158112088,0.0243508470136204,"E02000758"
1.0735114713018,0.0484894010588254,0.00359241962529493,0.00993620259233778,0.0186199829170789,0.00442548578160078,0.00542312721164507,0.0154146343406135,0.017404838084626,0.0313764396755699,0.0102281788541926,0.112426033520075,0.025056040033252,"E02000759"
1.08439166692016,0.0485860613414251,0.00379056010704809,0.0112119480880758,0.0198388136920558,0.00452923466031497,0.00528235385470623,0.0150399037682785,0.0170204724221155,0.0302032234544639,0.0107577246167284,0.113375633561944,0.000337179405849167,"E02000760"
1.06483743047631,0.0479016036124138,0.00372804217162692,0.0109174371786711,0.0223821445372719,0.00437442170877068,0.00518846035096768,0.0149525924951581,0.0167703994369486,0.0287976332622622,0.0101115048316811,0.111061721089092,0.00035014168016791,"E02000762"
1.13692729335185,0.0483817668182418,0.0040521813648923,0.0116509950004174,0.0278569913834781,0.00483217563454174,0.00553129842103312,0.0145893511815559,0.0167369581708933,0.0303910376712446,0.0114371257413304,0.118594775227965,0.000251321034294589,"E02000763"
1.11387558654768,0.0480826319842082,0.00357816492870625,0.00960508963249114,0.0203074063166213,0.00438527287826746,0.00569328154761854,0.0151555773377798,0.0180604442372527,0.0303916842507146,0.0098644768385318,0.117242709771784,0.0274988125357723,"E02000764"
1.07526216093852,0.0480579822742805,0.00381774640328709,0.0111288395476506,0.0256223033197157,0.00442443950572002,0.00522664412001781,0.0149075006626768,0.0167956790110196,0.0285591703377189,0.0101473310064866,0.111855007907889,0.000282277795843207,"E02000765"
1.09854997297976,0.0484565286492924,0.0039398609597928,0.0113605585545933,0.029831018068498,0.00452712931219191,0.00530577986582217,0.0148113200255401,0.0169074678797353,0.0287001307590773,0.0104231714895366,0.113949533479416,0.000237199980746008,"E02000767"
1.06879916143554,0.0467209771173774,0.00352458572547572,0.00984071205589363,0.020862045668539,0.00426523501559688,0.00536906001178918,0.0146879671684199,0.0169341018358285,0.0281941318752976,0.00939764435747948,0.112163827689236,0.02535556475112,"E02000768"
1.10478219160487,0.047512951247199,0.00404782871877075,0.0111028003892185,0.0352341246714768,0.00460330443290336,0.00536604145648238,0.0142941903376222,0.0165452723369176,0.0279803017067055,0.0104125552766557,0.114057550928359,0.000242954399915944,"E02000770"
1.12221957206249,0.0473173344462918,0.00418214399594175,0.0112017154473401,0.0358066223818641,0.00475766507020346,0.00547692290605728,0.0139941599579029,0.0164172862580119,0.02838801772337,0.0108388071573027,0.115960760975744,0.000214659868171371,"E02000772"
1.09375165240749,0.04793288418321,0.00402102762265194,0.0111760658509316,0.0356691606074276,0.00450617019379226,0.00530271879242875,0.014564990402466,0.0166728692676256,0.027441098411127,0.0100421024214797,0.112618025376931,0.000243690440505455,"E02000773"
1.11135713403897,0.0475448088099206,0.00416555408913067,0.01117790401921,0.0360742008451419,0.00466526334406981,0.00541371444927834,0.0141053205524795,0.0165088791971856,0.027717541178577,0.0104683550022447,0.114635825083544,0.000202928101869653,"E02000774"
1.07681038925013,0.0474160366215897,0.00397748974615421,0.0110269742961862,0.03531704769943,0.0044276055504829,0.00524981387618988,0.0145321170433655,0.0164603499007904,0.0267414204278296,0.00968171010041849,0.110782702140738,0.000350790557501774,"E02000776"
1.10665787908771,0.045759837041201,0.00366326864013071,0.0100450170704544,0.0264075963534517,0.00436059201611227,0.0055746426738628,0.0147251081649427,0.0172500556315886,0.02635008499729,0.00897018393960401,0.116110724116592,0.0268572440743592,"E02000777"
1.07156138841064,0.0470711186492812,0.00391519402752259,0.0109572703417329,0.0347303914703749,0.00434495632608382,0.00522671934236009,0.0145447061645072,0.0163828477228419,0.0260728560123497,0.00929457619717533,0.110368445210485,0.0228808406073227,"E02000779"
1.09566782899751,0.047168303440181,0.0043399594122602,0.0112038286988488,0.0368402459089272,0.00465619896191154,0.00539880022457738,0.0138034163885014,0.0161415337295314,0.0262558672657691,0.0100715265930452,0.112619029224364,0.000198467325401587,"E02000781"
1.07843564541458,0.0471315492055532,0.00414975212137891,0.0110926117659983,0.0358316331255594,0.00443264111735774,0.00531457177753773,0.0142665611746624,0.0160828884711775,0.0252328027845075,0.00926557386828745,0.110884635996825,0.0254884762830061,"E02000782"
1.07849086226031,0.0470358925861447,0.00428383594611346,0.0111507680422421,0.0360679014661228,0.00446411614241396,0.00528684804317333,0.0139797007038401,0.0158595993166002,0.0249062088093409,0.00936104625729456,0.110815435536366,0.00164090477315004,"E02000783"
1.18375940388495,0.0667967524566467,0.00888525593751178,0.01875631256909,0.017567799215202,0.00800158901554109,0.0117984119237903,0.0153914754369003,0.0164096455907817,0.0155136366155326,0.0144551632138374,0.11554199917093,5.43327427740732e-05,"E02000784"
1.97227582736543,0.11575411770586,0.00781849362272078,0.030645985039436,0.0355285232930451,0.0122722604194651,0.0156195804317046,0.0184568749739996,0.0253437417534961,0.0441810277808256,0.0221692795166185,0.196189524921024,0.190700660639538,"E02000785"
1.3592215745232,0.0763364848101554,0.00944428361923356,0.0225646492289791,0.0206495937898658,0.00931441801854016,0.0120282304295014,0.0155105319734034,0.0225887709595819,0.0208027470074916,0.0163211673207969,0.133080873566451,6.30604136350281e-05,"E02000786"
2.13787111599229,0.122444280642003,0.00917477657884116,0.0331801467315098,0.0393544215539388,0.0142010839750898,0.0175636115428904,0.0202191884907572,0.0291258278050436,0.0411231338383255,0.02441969890173,0.212209239503197,0.229736134092939,"E02000787"
2.30677810144839,0.126884923763249,0.0138133810346944,0.0369122124116209,0.0442792725948689,0.0153254539123074,0.0186535489774633,0.0219524831721611,0.0348460140182611,0.0397401763161563,0.0270496380903334,0.228088712142828,0.263577476554239,"E02000788"
2.16161615134166,0.120159452471196,0.00984263929728018,0.0380728135058642,0.0432639733066754,0.0143357955050963,0.0155180936727532,0.019502684619186,0.0342860467554048,0.0454394622474002,0.0264908891481665,0.213131224331323,0.226547196479589,"E02000789"
1.86734060852635,0.10633144973186,0.00749378234704378,0.0335400910762218,0.0354126448213279,0.0114230274998501,0.0136610350766174,0.0168117610873831,0.0293102482599038,0.0409270676187355,0.0221216235089931,0.184378880452677,0.171655407829589,"E02000790"
1.99718393260657,0.112243815566931,0.00835386361232345,0.0349776598492067,0.0388595177800462,0.0128336541198,0.0143253526415515,0.0179489454647562,0.0315341773061467,0.0448157511391581,0.0239615646123195,0.197368792071086,0.201222782719236,"E02000791"
1.97571013903554,0.110583172391874,0.00823905549615261,0.0367082537909594,0.0399072074606164,0.0122837782854184,0.0138446608339811,0.0177151952302143,0.0318139617200001,0.0432677414000844,0.0239553416685813,0.194499648602187,0.188714788275973,"E02000792"
1.56964859679703,0.0922155055171813,0.00668779809095249,0.0322421393209953,0.0328392839304061,0.0100708856733427,0.0121796793366251,0.0161789566820252,0.0269196667332918,0.0337322363479743,0.021051904608961,0.151114981538626,0.143691811218215,"E02000793"
1.71462367669088,0.099040481566551,0.0072631141820634,0.0340498135060798,0.035674205253685,0.0108620966931788,0.0130535522025531,0.0166509619547215,0.0292205013248587,0.0369755463282654,0.021996310498273,0.166356876978626,0.160871868625533,"E02000794"
2.21802765563721,0.117915768262741,0.0117742752992199,0.0396569688704334,0.0510084729004724,0.0137749403078417,0.0145867015041421,0.0205637694014281,0.0323768913089555,0.0455624966568774,0.0287768919769947,0.219124487082979,0.214172097210008,"E02000795"
1.57122416139875,0.0918429697574509,0.00674759181388238,0.0332652066559594,0.0339823476417427,0.00997920133458464,0.0119571394437978,0.0164315599479592,0.0269195958917314,0.0329884323436606,0.0214895299239093,0.150743196012914,0.144189432918908,"E02000796"
1.83210554415555,0.103400670251628,0.00779271454048078,0.0364148695608048,0.0398005865346495,0.0114478273815551,0.0133245907591707,0.0173708935775008,0.0306955539745037,0.0386141182784883,0.0232287873284415,0.17834250296614,0.174055663380554,"E02000797"
1.67947617464555,0.0963686283376546,0.00745530334673824,0.0362534079384061,0.0397318419069987,0.0107884454475912,0.0126192746886218,0.0173212146453178,0.0294500891999315,0.0348474250359931,0.0229858544599941,0.160549974296429,0.164657530078517,"E02000798"
1.84422626358413,0.102910938887622,0.00813269066508152,0.0384761025070193,0.0445110334414199,0.0116411142335826,0.0132982844698619,0.0180511204102705,0.0312994090323155,0.0382450116775263,0.0243068968608476,0.178000303945759,0.178958494406442,"E02000799"
2.05258158927652,0.109654207177229,0.0088862348043399,0.03972952243493,0.0492248937839447,0.0126188117367399,0.0135406183301441,0.0190373064617773,0.032287595151927,0.0436248404542687,0.0259251924121092,0.201543751509929,0.192605504900473,"E02000800"
1.91138925586622,0.10353031228923,0.0085832116724171,0.039677726788266,0.0498080059666448,0.0120542199333576,0.013297602809417,0.0188468704965755,0.031840521859493,0.0393475824281318,0.0255112351433668,0.184817364460723,0.187309636264312,"E02000801"
1.81347070760279,0.100082592465001,0.00840679373321361,0.0399499315818197,0.0496051305740245,0.0116789264886241,0.0130749312712487,0.0187651332303096,0.0313376931681742,0.0367366028274434,0.0253152111998541,0.172788410549095,0.184273851327344,"E02000802"
1.70273279399368,0.0964724789305655,0.00778921885746945,0.0381839490888487,0.0440673130009616,0.0108986847857846,0.0124675493140252,0.0180497585870016,0.0295908521394755,0.0342393366819429,0.0240228573451896,0.161645744210368,0.172913998161626,"E02000803"
2.01022363488082,0.102577408129774,0.00940276609523433,0.0403864892550301,0.0586391277004099,0.0125022057579694,0.0131200909211284,0.02016482853599,0.0323624218357789,0.0416202313671059,0.02706570579485,0.195640043157336,0.194024490033376,"E02000804"
2.11972861708581,0.102415703501105,0.0103332097045706,0.0400578431781969,0.0635819961694877,0.0127913352752563,0.0127727818086339,0.0206623226564298,0.0313963214008654,0.0500817755528526,0.0268623997354539,0.208845356422229,0.183306196372807,"E02000805"
1.93939505262739,0.100049191644537,0.00947719636475907,0.0406576414835136,0.0602437582914486,0.0123506100901514,0.0130171732811227,0.0203447346826149,0.0324242769466089,0.0392053404574232,0.0269679957903696,0.186523246449786,0.197566143535349,"E02000806"
1.824975277622,0.0735627211788677,0.00824890342413783,0.0134965587827991,0.0444079792441351,0.00803090349775483,0.011319608818962,0.0200298387183179,0.0313435349909191,0.0362649597130779,0.0112820227679084,0.191217556634772,0.0973446846487559,"E02000807"
1.53223055022921,0.0647358814898185,0.00693716206665463,0.0097184497770977,0.0256826433330275,0.00842221614183413,0.00870626244670012,0.0162195278316068,0.0307419702353167,0.0217987703238684,0.0114217146713479,0.160548107878995,0.0784133822720329,"E02000808"
1.64181560172765,0.0736748943683191,0.00785527504113749,0.0116621553759375,0.040238178540187,0.00895992404202183,0.0104662468440627,0.0163779002845134,0.0305805913661067,0.0285962153502016,0.0110963580834494,0.170024115743102,0.0907630488248725,"E02000810"
1.61712267131678,0.0698400357020876,0.0074496047593761,0.0107524693096409,0.0348649918986771,0.00887292183468124,0.00983048300504969,0.0163296919611722,0.0305881701744144,0.0249601387372558,0.0113042614471861,0.168543638829271,0.0865688159306028,"E02000812"
1.72679242540003,0.0754500660927993,0.00840379169417891,0.0129189126387221,0.0427167944405813,0.00886502748163444,0.0111895911192037,0.0177115478571889,0.0307993705915283,0.0348765742473404,0.0110609181920743,0.17927673267393,0.0965449014515937,"E02000813"
1.8033660828669,0.0733105721385455,0.00833635593501095,0.0137563475402409,0.0440451974292635,0.00788305676584872,0.0112841271207995,0.019411957679482,0.0295654303151911,0.0336315561316919,0.0109843520825086,0.188883812356924,0.0974212439591519,"E02000814"
1.61583974812936,0.0698535253011042,0.00762792052548324,0.0107563153724884,0.0307467196335017,0.00924430395263348,0.00980663944598208,0.0168029623466318,0.0311310068006079,0.0234834350988468,0.0117447060526563,0.168452733307484,0.088959045225529,"E02000815"
1.67328410724296,0.076857800033328,0.00835113518517389,0.0124281191384979,0.040934045882139,0.00909131244000071,0.0108071741043123,0.016578784454359,0.0300557969342181,0.0301125600463422,0.0111892703851972,0.17298750519543,0.0962855478847342,"E02000816"
1.69430890521843,0.0766644704928681,0.00853122998265187,0.0128821563391597,0.0418042471937056,0.0090200883452919,0.0110549663266588,0.0170354466241351,0.0298968575454348,0.0331228113477612,0.0110413890170017,0.175328483354707,0.0976895600661044,"E02000817"
1.66200149532738,0.0741323720803978,0.00819857069091945,0.0116386489069133,0.036184050215373,0.00955115269876924,0.0105134164565721,0.0171514382690999,0.0309570699763336,0.0251138159679866,0.0120544240878922,0.172335706336196,0.0956770080390186,"E02000818"
1.67308882428049,0.0764152485908393,0.00825387707639346,0.0120916863892524,0.0402218304222707,0.00917356308264556,0.0106352748882385,0.0165633281745649,0.0301413401150627,0.0280967035289665,0.0114245325070579,0.173155931766572,0.0956645591798035,"E02000819"
1.66514370042769,0.0753293009056789,0.00866218751612687,0.0119888684693465,0.0330733257756777,0.0101876112662346,0.0107540943967767,0.0178373975011497,0.0316724482564535,0.0238314396231495,0.0131031179665095,0.172110258077393,0.101747955306517,"E02000820"
1.70150492098188,0.0789979562689887,0.00864772003906211,0.0124806132633152,0.0407409394226268,0.00945088472324485,0.0108118728604347,0.016997738038576,0.0302605903875418,0.0285347390844593,0.011881690937297,0.175788821306025,0.0998105721771017,"E02000821"
1.70040969945534,0.0787630367396544,0.00872681595227454,0.0124017666279308,0.0402069965629732,0.00974711330505735,0.0108494093517335,0.017430900412022,0.0308021677117181,0.0272166307926521,0.012370075663075,0.175477680616975,0.10121504490146,"E02000822"
1.68479815973187,0.0790113718541908,0.00896270206469332,0.0125889179588394,0.0387163198814827,0.0100183563224032,0.0108873929978004,0.0177122969813703,0.0307511046856941,0.0264935769051856,0.0130136855412768,0.173399307845971,0.104687762167061,"E02000823"
1.74453807240106,0.081471357086519,0.00911982807353292,0.0134039501213093,0.0417575681118371,0.00933443225075449,0.0111362949919787,0.0173521534516637,0.0293993794980305,0.034193220363068,0.0117659334556108,0.180344575135665,0.102892106420156,"E02000824"
1.7127519185535,0.0819899806800762,0.00907638052551471,0.013083287018803,0.0409005408236208,0.00964072163428345,0.0108414655064643,0.0172446826446149,0.029403013916985,0.0316882242725324,0.0123861241867531,0.17641454346893,0.103722147126671,"E02000825"
1.70523006596049,0.0824371190544908,0.0091750059981432,0.0130694649087468,0.0408997423273788,0.00994606383730715,0.0108426299881429,0.0175614101511035,0.0297891291494178,0.030901480956269,0.0129551454742571,0.175146185978893,0.10614187383462,"E02000826"
1.71366834782728,0.083588830510769,0.00945250578531624,0.0132622585989657,0.0407990552254678,0.0104289763710791,0.0109834463288456,0.0181198125637902,0.0306227936514561,0.0298757441504186,0.0138517569484035,0.175436613435897,0.110611883548389,"E02000827"
1.73449648468187,0.0825392975265399,0.0091801054294182,0.0134822326486881,0.0407857339940129,0.00945146396311966,0.0108082457223056,0.0173661596189081,0.0282783741217007,0.0365384985541372,0.012248134753191,0.179097132508626,0.102568777571848,"E02000828"
1.80085798092761,0.0835925055989571,0.00945395707127002,0.0141117648716339,0.0417326619539802,0.00931952498720455,0.0110613112270113,0.0180409462336611,0.0277865337396196,0.0407234451471294,0.0121033464496263,0.186738172460031,0.103162319698442,"E02000829"
1.72027549481129,0.0847908743221482,0.00922781379309523,0.0133999021300153,0.0405150398106008,0.0101831329537942,0.0105491438802004,0.017681433417131,0.0287597065139279,0.0375895894004196,0.0134619646689308,0.176539479092378,0.105353690335462,"E02000830"
1.741846078383,0.0838522959915783,0.00910402222505218,0.0135197445782568,0.0401487056808158,0.00980888560629437,0.0105063315808801,0.0175342108839977,0.0276821486127829,0.0407096110899563,0.012946721990371,0.179714535858093,0.101681745044008,"E02000831"
1.83321061013181,0.0843940405402443,0.00920018202330018,0.0140396212835246,0.040593711036345,0.00943704502317904,0.0105544189884874,0.0180399366393556,0.0264825380347323,0.0446205857113511,0.0126578745907572,0.190795587997611,0.0982164563907524,"E02000832"
1.71725567444879,0.0843640205446238,0.00908101517825251,0.0130756928112945,0.0391816310333271,0.0101498353186502,0.00989947674379734,0.0175445135257364,0.0274028669506784,0.0408805852263919,0.0138166812189014,0.17665943382381,0.0992581631810029,"E02000833"
1.85372540490078,0.0840730101646408,0.00869478129491058,0.013055778145158,0.0387488827164505,0.00960609018398036,0.0099011807874327,0.0175693538731305,0.0257590219084609,0.0455062918314237,0.013195727732915,0.193806405688367,0.0915510384995115,"E02000834"
2.02384442023991,0.0857184243132318,0.00894626845035786,0.0137285117278436,0.0405819664327443,0.00913195246631706,0.0102058205182939,0.0188108179354694,0.0250284372964953,0.052838491246145,0.0127885205828614,0.213681220973075,0.0837037869087173,"E02000835"
1.81695125679612,0.0816172046661666,0.00880640706839365,0.0121380927580688,0.037339162643434,0.00938526965430125,0.00927943974811796,0.0170386317785473,0.0250793885385647,0.0431380519166682,0.0132981888702526,0.190228320243037,0.0858827121736562,"E02000836"
1.92245714043844,0.08173112876421,0.0112184938832067,0.0113672960826485,0.0363928822206867,0.00885767674234362,0.00867281549073448,0.0166213447030576,0.0238535697590192,0.0414193934466637,0.0131369278270148,0.202745199186718,0.0745713950676339,"E02000837"
2.08011342382345,0.0808532516319316,0.010085004599706,0.0109389129820945,0.0367738500161151,0.00842239811378723,0.00879858416014639,0.0168923132015142,0.0224055052961134,0.0481212382864754,0.0121311506764552,0.221982439515243,0.000880587149954979,"E02000838"
2.2382887220391,0.0829110046688519,0.00994348224780995,0.0114478713743745,0.0383110017764326,0.00842586092383646,0.00830209412950376,0.017153169681619,0.0214527479638929,0.0469034589383621,0.0121965212076048,0.240222232850556,0.000230828337347349,"E02000839"
1.98261005654722,0.0642783350554526,0.0102247881694301,0.0113119573593038,0.066002264357795,0.00839219953114083,0.00817866384795669,0.0192875465541769,0.0223725642179633,0.046787744572425,0.0157145969512691,0.208839181359622,0.000883950855962493,"E02000840"
1.89907879466361,0.0638891517739553,0.0102934854061776,0.011364797218598,0.062243540950214,0.00828471442860822,0.00816321999310227,0.0183306151676455,0.0220924253904857,0.0455407981492554,0.0161711741502269,0.199645760437067,0.0005623250063496,"E02000841"
1.81665442146926,0.0652677133682148,0.0107675976354049,0.0118747077706896,0.061983133563513,0.00852346861646584,0.00823372189895103,0.0182723276570433,0.0225710361553396,0.0470246911273981,0.017761048592656,0.189234969809124,0.000539316780860301,"E02000842"
1.95000675706162,0.0649173685174125,0.0102964302594165,0.0113537859281735,0.0705436817147463,0.00840207386572385,0.00812880732054396,0.0196247116748977,0.0231158710168268,0.0474681160924253,0.0151898487835676,0.203983903108647,0.0573826890180615,"E02000843"
1.90784082409843,0.064294313080369,0.0102829103336552,0.0113049738321668,0.0665489640044742,0.00829250657649398,0.00812042448623815,0.0188613362608086,0.0226683010324269,0.0464023089392648,0.0153665057304933,0.199870650188692,0.000666431567222165,"E02000844"
1.70865813046299,0.0687942779119325,0.0125902052338962,0.0133816721724513,0.06528329840618,0.00929902249558342,0.00831450599010895,0.0182565483230151,0.0236183145293828,0.05112301811898,0.0197320914567825,0.173586099458588,0.000378388045844556,"E02000845"
1.82644693324985,0.0638049257222341,0.0103197905970449,0.0113867913628234,0.0621668598550402,0.00823290391279996,0.00810770597330442,0.0180112071273517,0.0222195501454384,0.0454833242879239,0.0161964196413612,0.190975662660861,0.00051188243676566,"E02000846"
1.69899918988779,0.0667384999831855,0.0117103924444985,0.0125342748815549,0.0635233995716541,0.00886786236531297,0.00818056533874384,0.0180892062030326,0.0231560677831068,0.0487311703201432,0.0188534063516027,0.173780906966544,0.000389685581701781,"E02000847"
1.69967130877355,0.0646203700757092,0.0108286087498559,0.0117958446673886,0.0619397572979115,0.00843955156128935,0.00805346107854437,0.0177649128874308,0.0225517614947267,0.0464086985765519,0.0175539710977756,0.175176354702087,0.000404007766563145,"E02000848"
1.92719087257777,0.0651021054325522,0.0103367734774748,0.0113713700839322,0.0734739434082847,0.00840995819949085,0.0080873256542861,0.0197837077754629,0.0232091561351777,0.047808629079693,0.0150191531604932,0.200602639000262,0.0565567911642752,"E02000849"
1.97309219525943,0.0653441038388048,0.0101669652655877,0.0113429032828231,0.0760141308515823,0.00846348039531312,0.00808569501388089,0.0201920019744338,0.0233904162413841,0.0482981000936974,0.0148871377153147,0.20552692103343,0.000591570373022204,"E02000850"
1.75681694029025,0.0632532072262102,0.0101753109130055,0.0112334245544349,0.0623498222552669,0.00811451519230953,0.00797427120938597,0.0175912723313829,0.0221754929875581,0.0450640038610267,0.0156063200448658,0.182765798357016,0.000441158982589686,"E02000851"
1.79887891736334,0.0635872084762858,0.0101693980957012,0.0112081734975158,0.0640464585339396,0.0081403654214705,0.00799336560079366,0.0179517681307387,0.0223791906830644,0.0454491899838243,0.0152532070028197,0.187476906341037,0.00047393811751187,"E02000852"
1.7254991660608,0.0637368063091556,0.0104287653218917,0.0114426946985286,0.0619046995648306,0.00822652018762662,0.0080209908728949,0.0176078940003919,0.0223653876246038,0.0454693688385209,0.0165184694965907,0.178784656320092,0.000425220499908292,"E02000853"
1.8661369478136,0.0651025483510563,0.0104512318061142,0.0113980097992372,0.0684704224059962,0.00832374061419365,0.00811628905813905,0.0188041348083513,0.0230739621415526,0.0467826700842193,0.0152466454302454,0.194324685564707,0.0629972718899966,"E02000854"
1.70103311769415,0.0646368492578028,0.0108857979077238,0.0116761133844519,0.0629838086069182,0.00838649537696588,0.00806687617062827,0.017655498505744,0.0229586178062184,0.0462102993498823,0.0171999788456017,0.175172579738271,0.00039762330536171,"E02000855"
1.93788319106434,0.0651461817934459,0.0105935755800312,0.011521322919225,0.0756901703924702,0.00853015868086985,0.00819766784309684,0.0200332238692227,0.0233567795747245,0.0483411356839244,0.0152444806202372,0.201265295351212,0.0593316411381849,"E02000856"
1.7215086909262,0.0634430855523481,0.0102833726727635,0.0112706952178112,0.0626780259561736,0.00813197260245846,0.00796090961420962,0.0174174190129536,0.0224246008220852,0.0450478130500373,0.0158075866632777,0.178348410359425,0.000405303442512838,"E02000857"
1.96809959957307,0.06482593550863,0.0105485330710664,0.0115945876050196,0.079419000245488,0.00864242200682955,0.00826461840796757,0.0204601793665867,0.0234508031205909,0.0487301246381325,0.0152453195845359,0.204043326676639,0.0572129941989656,"E02000858"
1.87944814094194,0.0649434343508506,0.0105822838094917,0.0114798332525362,0.0712030236146563,0.00843581178541043,0.00815952552141663,0.0192067494884884,0.023037727428097,0.0475437240217296,0.0152409380090625,0.195271010878031,0.0631847139591197,"E02000859"
1.7408711539215,0.0634406207090896,0.0102319029646282,0.011216372564603,0.0635967352574211,0.00811976041649425,0.00795464884625083,0.0174986784793751,0.0223990722337981,0.0451511436088114,0.015441578314212,0.180567321396504,0.000407468835667466,"E02000860"
1.76130590580354,0.063270636062215,0.0102248172281253,0.0112017398820258,0.0647002619111464,0.00814617336134303,0.00795928440345736,0.0176875502476632,0.0222990141529715,0.0454846833827045,0.0151954011971923,0.182843047988099,0.000404420032776937,"E02000861"
1.87671242875422,0.0650423048109792,0.0108163076893213,0.0116232270029903,0.0714368943965301,0.00858622637105215,0.008272699670499,0.019138003163082,0.0230558484894545,0.0478266379029584,0.0154738877072494,0.194721708194101,0.0685744231164527,"E02000863"
1.55742496758241,0.0625591917914998,0.00569930075754114,0.0115269744242851,0.0371369496319451,0.0056336989450391,0.00903321705546435,0.0170563955764899,0.0269393818298629,0.0289480147273244,0.01109795314032,0.164096460478266,0.0723871044227561,"E02000864"
1.60206284485168,0.067439817935298,0.00702849422784262,0.0109488254245359,0.0406062354846386,0.00686454378904443,0.0102790010273947,0.0200640507159124,0.0315267324143879,0.0313565576212104,0.0120238983720276,0.166982432118353,0.0832699329699467,"E02000865"
1.62286219106044,0.0647173736355022,0.00632895653978501,0.0111150005781717,0.0391030546830924,0.00614992633284784,0.00965645430540789,0.0196365754526655,0.0290272626658135,0.0313397652096754,0.0115785715881787,0.17072313362702,0.0816265341776608,"E02000866"
1.55365197430628,0.0621042782107248,0.00583495898500988,0.011406200799975,0.0388601943873762,0.00555735710104804,0.00914197073511652,0.0179257190814798,0.0272271481669654,0.0271889602085273,0.0110281290114649,0.163412059657007,0.0747028899974004,"E02000867"
1.49908431928017,0.0650171868526343,0.00690993160463047,0.00995936704144202,0.038802994680755,0.00688525446232149,0.00960281353870735,0.019015290126559,0.0310991318731055,0.0289757603217051,0.0117291400038874,0.155512892481691,0.0781291747720418,"E02000868"
1.42905729882351,0.0613786946827269,0.00669480995927129,0.00938005039730492,0.0365475002054246,0.00705577928970863,0.00872820573625233,0.0178806815356352,0.0309684495734577,0.0265332816348787,0.0115292962559244,0.148137383098449,0.0712304582028372,"E02000869"
1.57809106393485,0.065371440726712,0.00672772904425561,0.0102775027329683,0.0394205161204111,0.00650168718282872,0.00982175847495091,0.0195747144997172,0.030371811793901,0.0316246328537418,0.011678988656315,0.165025120374786,0.0836466653176422,"E02000870"
1.49967713277603,0.0627707608711536,0.00598149671227259,0.0119514915823127,0.041487213743509,0.00546179617967518,0.00892207498598458,0.018629239400976,0.0258562246349089,0.0250896568850812,0.0107646839839177,0.15649785349865,0.073628066272947,"E02000871"
1.44820087619258,0.0624859046691673,0.0067722506118581,0.00913614295164324,0.0372361730642257,0.00718543396081781,0.00895484807344515,0.0177972979324223,0.0310290930576183,0.0267085652658644,0.0114362263098863,0.150129393340936,0.0737646789489384,"E02000872"
1.64886034053782,0.0659955297986969,0.00676857734898153,0.0108996790678807,0.0408039404310899,0.00647813683705216,0.0100514636255487,0.0201680115059391,0.0307611030497178,0.0333474685762389,0.0117101110003259,0.173060589068209,0.0865148108217106,"E02000873"
1.5608701500127,0.0661916854700305,0.00694259512053633,0.0100693367640098,0.0399165414916195,0.00678294568170578,0.0100178231328315,0.0194196918964461,0.0312614059945983,0.031172075036454,0.0116966808630303,0.162565859097675,0.0842102830735311,"E02000874"
1.58134445096517,0.0643218963776021,0.0062773385663319,0.0120105000805241,0.0414763975809137,0.00574993086929253,0.00938619161612484,0.0200765222068486,0.0274915762454612,0.0262086003319097,0.0110700985530746,0.165654363284156,0.0804364485680351,"E02000875"
1.52844490741238,0.0662356790506287,0.00705963922095423,0.00977554662210651,0.0396872800153906,0.00712232278031332,0.00998310458930157,0.0188690182456605,0.0316513485884326,0.029635579295829,0.0115995796591908,0.158565001763293,0.0820776070616717,"E02000876"
1.6338686955929,0.0651879562906985,0.00648703062179623,0.0117273316588197,0.0409988938801609,0.00607285099806948,0.00967926318931459,0.0202464121169469,0.0286737505240937,0.0277990242323023,0.0112611636509409,0.171645670775482,0.084653962181627,"E02000877"
1.46306132246819,0.0628889415037003,0.00673820915572328,0.00914887029442337,0.0367932359353978,0.0074989582249182,0.00891722021984407,0.017085961525046,0.0307404250398368,0.0258035652039085,0.0112337394413594,0.151856512821134,0.0739980937649172,"E02000878"
1.63552320945801,0.0685656386760796,0.00722802386310013,0.0112209028692352,0.0418696792813795,0.00710264829391569,0.0103213106392908,0.0196981904228883,0.0314442745425527,0.0333225117189063,0.0115627291483687,0.17055385575069,0.0886320954615396,"E02000879"
1.57231173242935,0.0681335946292872,0.00722133934212997,0.0104849359909392,0.0407839883202439,0.00740537388840278,0.0102173237684506,0.0187884260684574,0.0314299988594544,0.0305753159145339,0.0114675351729651,0.163187776684868,0.085290073472264,"E02000880"
1.51413461492469,0.0644185299920351,0.00640978600129142,0.0128044953484467,0.0437297045633369,0.00557921250609106,0.00885502703484749,0.0201145458008782,0.0251327381635249,0.0244416943833971,0.0106068789237496,0.157327927917053,0.0769357911672337,"E02000881"
1.71196094704689,0.0685960820855069,0.00718856999832031,0.012145043994041,0.0430836182185527,0.00679248739042746,0.0103506330160087,0.0205565570842409,0.0311190665757731,0.0331221278923693,0.0115602161860942,0.179524026171204,0.0903396880816207,"E02000882"
1.57786558739778,0.0655554883779413,0.00660575378139716,0.0130296858939204,0.0433785802914328,0.00579182928229447,0.00917786978991122,0.0206038983349994,0.0261102420288535,0.024891546227928,0.0107756044350036,0.164612601939253,0.0820210635388448,"E02000883"
1.54075774204957,0.0672896285493592,0.00712962251363758,0.0101013006107528,0.0396778517767753,0.0080280136808213,0.00974357599349851,0.0173760947856834,0.0311909282506367,0.027480339390565,0.0112476621674555,0.159599172396905,0.0804800862643963,"E02000884"
1.64301585237087,0.0708256230853057,0.00756582662066654,0.0115615315902488,0.0424041854623797,0.00785329136900056,0.0105837631394922,0.018905636335214,0.0316619464737751,0.0321575006999563,0.0114000243952881,0.170626495036223,0.0890579109252846,"E02000885"
1.7509445493546,0.0688597751077617,0.00722249527918909,0.0131235423922692,0.043534511189248,0.00661269993986888,0.0102029778370142,0.0208730924563027,0.0296821316942595,0.0294514051418462,0.0112979777583277,0.184104411145368,0.0910696643298369,"E02000886"
1.67824938870416,0.0673329111653808,0.00690549688445316,0.013280129984863,0.0433991934702688,0.00614809878018006,0.00965750619618457,0.0209338448395333,0.0277726509485456,0.0262648989096201,0.0110291250214831,0.176013178126705,0.0875243178281666,"E02000887"
1.68822791636616,0.0711809527253476,0.00763764967346156,0.012193291752933,0.0428112891024591,0.00765184914809973,0.0106613459566115,0.0193073787974445,0.0313938001148101,0.0338984086070215,0.0113552016654643,0.175946763074933,0.0912860556774473,"E02000888"
1.60434857782392,0.0706280839146725,0.00748124184641326,0.0110340629166842,0.0408460172923917,0.00852581092532414,0.0102492087072167,0.0171839777541943,0.0310780578397566,0.0287473762508714,0.0111585420185415,0.166153803158152,0.0857402505007298,"E02000889"
1.59211925670776,0.0702533389632649,0.00742448843963363,0.0109353564326211,0.0401177988101582,0.00854295690766226,0.0101366264053484,0.0167215272027837,0.0307057255213929,0.0281119225920055,0.0110624518797743,0.164917463430531,0.085036811602194,"E02000890"
1.85821884743896,0.0723529380635022,0.00796070573606575,0.0149793536817986,0.0490910297027853,0.00680613660651561,0.0104524635501149,0.0211719901034286,0.0268570530609434,0.0255890821047372,0.0109521066692063,0.195263398888523,0.0993182520891878,"E02000893"
1.88285528716054,0.0743081661031682,0.00855517834982762,0.0151634249505638,0.0477152049356619,0.00725875022609886,0.011212226218406,0.021443279092494,0.0278666624379954,0.0273046116550847,0.0109199800536811,0.197680512855845,0.101028021659586,"E02000894"
1.26900898770659,0.0579955446224031,0.00456144689125063,0.0109334330330222,0.0248245928625096,0.0074914710328693,0.00857848903290954,0.0155615447857907,0.020525999550642,0.0511449349624198,0.0110899916370656,0.13143203200455,0.0557672262782547,"E02000895"
1.2392344987546,0.0541801859544732,0.00403572575177474,0.010502099584329,0.022853828777905,0.00687469397596842,0.00793314901542141,0.0154111449758802,0.0195351025543729,0.0424251668400397,0.0104319007165211,0.129331883884174,0.0498614068336833,"E02000896"
1.26083469548777,0.0544298308421495,0.00392007363948109,0.0102521258887617,0.0222936556392825,0.00616741136699425,0.00742818122033249,0.0156317177806773,0.0194919564892516,0.0389360265067659,0.0104512316061146,0.132463085981972,0.0454862805189207,"E02000897"
1.33704779229583,0.0579136874654727,0.00425175769664953,0.0107943385479704,0.0241842434478265,0.00679225676005756,0.00815891528709534,0.0156727555163517,0.0208183371696609,0.0439478811526083,0.0109473453213015,0.140309067333101,0.053704269330607,"E02000898"
1.38116300608106,0.0611226272775697,0.00474728312026475,0.0112142724223026,0.0255948938902444,0.00729598435863185,0.00862747273684803,0.0157522252822158,0.0217022399046342,0.0507880808100882,0.0114012497679556,0.14446086498342,0.0591086733228737,"E02000899"
1.43634776912009,0.0634513597109518,0.00512644656677807,0.0115056733213823,0.026329867832931,0.00733512156637437,0.00884145102952585,0.0159096226532603,0.0226443884192681,0.0537013380556879,0.0116812040214634,0.150467181617452,0.0626426773508947,"E02000900"
1.25198757857856,0.0545816192635606,0.00392806908081372,0.0102255247689135,0.0224244081084414,0.00577381309970329,0.00728550138771425,0.0161329425538768,0.0202148532531287,0.0376691089271081,0.0108887793653783,0.131478005436579,0.043597483602099,"E02000901"
1.33775155555475,0.0582015452976433,0.00425865110977085,0.010831721863987,0.024163683632007,0.00637511704245732,0.00811370141293327,0.016450166004786,0.0220846380612751,0.041820826218362,0.0114022115190951,0.140407544486974,0.0531152943852666,"E02000902"
1.50694735856355,0.0673254666802029,0.00605727633482571,0.011925817839152,0.0276803081361933,0.00750571891695667,0.00939653816369396,0.0165820704925722,0.0247590467881124,0.0617043023572922,0.0122753010118731,0.157627330772468,0.0667094826523557,"E02000903"
1.22302129043129,0.0532165034352039,0.00386175691332291,0.0101364043972784,0.0220898899604289,0.00528019438642906,0.0069267026749041,0.0162916754892643,0.0206594125647701,0.0355514143456384,0.0109418307418891,0.128473642779827,0.0404938279879129,"E02000904"
1.35602282922698,0.0587089846662053,0.00439737771875778,0.0109374490763661,0.024759041902666,0.00624672999792113,0.00833328264242969,0.0168852377445267,0.0239872500197805,0.042028894997958,0.0116665996708717,0.142287228335549,0.0549756869591198,"E02000905"
1.44721970464802,0.0626818488975608,0.00508096692943648,0.0113224515226436,0.026537217683548,0.00672031276380375,0.00905469708776815,0.0170893561489244,0.0258760787440671,0.0494324739181464,0.0121271993398217,0.151838881893762,0.0616207844950953,"E02000906"
1.24347419046002,0.0530669873361094,0.00388520871029709,0.0103006309052661,0.0226850694940086,0.00520335836282769,0.00696943138378956,0.0164925817235769,0.0220136119093806,0.0349791285682598,0.0110348114668344,0.130777604663577,0.040936211353505,"E02000907"
1.59651054579176,0.0682280341275848,0.00729061521132129,0.0117752975044901,0.0292601111655123,0.00747944631593277,0.00963132367095536,0.0162896464617067,0.0264873615302155,0.0624139496282085,0.0125113308773695,0.167762109914927,0.0722589033948983,"E02000908"
1.20509523321832,0.0511349917332005,0.00376738904382018,0.0100423350536523,0.0220175188165837,0.00486362547982346,0.00648475259379073,0.0161638479992277,0.020888269817217,0.0332353318538066,0.010709332060418,0.126888771650591,0.0354928301097188,"E02000909"
1.34683741465584,0.0567999796473442,0.00424766322550663,0.0108145951902828,0.0251560729717135,0.0056532852038948,0.00785840729205465,0.0171208738354987,0.0248373146694874,0.0381296145877614,0.0115688194467232,0.141698031491472,0.0497827416013764,"E02000910"
1.47322197162084,0.063129678658392,0.00514015364046414,0.0112610222489067,0.0278892409903113,0.00641933594970147,0.00899713060399476,0.0173642931190672,0.0269712786797357,0.0473966490242207,0.0122763535569734,0.154803442143615,0.0605602548986212,"E02000911"
1.62228782546744,0.0712253824882259,0.00672622988213032,0.0116164937949695,0.0322509815964229,0.00693673216762727,0.00974256794389996,0.0167234964533192,0.0274859503631026,0.0521917587656301,0.0127684936491758,0.170430914888318,0.0723948299476791,"E02000912"
1.238645539079,0.0500142037584141,0.00382520319463649,0.0101022907419557,0.023060166448026,0.00481449032386447,0.0064840682470383,0.0159774351281064,0.0209204284600542,0.0318075184447135,0.0104020068895584,0.130973938153294,0.0373964256649869,"E02000913"
1.32938306764581,0.0538579402076929,0.00414138445392528,0.0106554788238259,0.0253507971760321,0.00524763102634247,0.00729000423693593,0.0166512436371182,0.0233734303444138,0.0347112191017542,0.0110229115044688,0.140426082059914,0.0465264143326781,"E02000914"
1.18770703124868,0.0483184174898967,0.00370547689901697,0.00977971701421768,0.0221979025397827,0.00457592258362152,0.00609352949113695,0.0154622959619772,0.0194402312089962,0.0302223842468522,0.00995765544641201,0.125572093050428,0.0323441323347184,"E02000915"
1.56164805680014,0.0687979811399087,0.0057007887675121,0.0115303456472004,0.0327786227884043,0.00623496842127535,0.00917185636063989,0.016489000395,0.0267053997140072,0.0438620916377642,0.0121271598327366,0.164117543224925,0.0676602574802551,"E02000916"
1.14441008786878,0.0429867861709411,0.00348864862538048,0.00900769582818408,0.021642299519114,0.00413876036301542,0.0056832028709417,0.0144478486681259,0.019370849132043,0.0277986549370191,0.00934481059139435,0.121603173842792,8.51035050901244e-05,"E02000917"
1.10100548389036,0.0422783684571772,0.00342872180751008,0.00886891064284128,0.0211381544285374,0.00409611554391964,0.00544579303418396,0.0141540115351352,0.0176573317762608,0.0262034379851622,0.00871638213140582,0.116817276785513,0.000105077621528379,"E02000918"
1.12133388036323,0.0406717136764228,0.00343537443564307,0.00878184911147057,0.0210834519798268,0.00397495266849201,0.00550780872701555,0.0138462587765651,0.0184406288940225,0.0256161566258054,0.00877342461045831,0.11942396851452,8.0543095353246e-05,"E02000919"
1.15598733981792,0.043207722917003,0.00365886392715009,0.0090232131477922,0.023164562532981,0.00402260234771082,0.00574371904742196,0.0137189255405438,0.0197775435553624,0.0269160179098883,0.00919234368960166,0.122836958978301,7.0601885812182e-05,"E02000920"
1.10871559045893,0.0396212969577181,0.00348563372493628,0.00876564574277223,0.0219648317775878,0.00393246248881708,0.00548856708512042,0.0136347758483615,0.0180471887538814,0.0242791996742206,0.00847042087829749,0.118014286749491,7.97950809903523e-05,"E02000921"
1.09883503934403,0.0404322854708994,0.00355408430342135,0.00896185802966461,0.0237866112188951,0.00404081020920489,0.00552383379429424,0.01392806774983,0.0178148090091648,0.0242006333507556,0.00839417462666034,0.116476814635814,9.12011138101517e-05,"E02000922"
2.27551812942347,0.106928490886574,0.0205001122634798,0.0187113819432486,0.0317765408216742,0.0139497198661671,0.0154661325398348,0.0221182961773555,0.0339634274757675,0.0241274496692063,0.0216469476343893,0.232196573550168,0.187000779829749,"E02000923"
2.20114265691997,0.105712305431046,0.0206105888010129,0.0184634701063788,0.0326789457818796,0.0135128962354106,0.0153648293071117,0.0217697399267475,0.0327837385615399,0.0240801159811004,0.02127178985217,0.223537299197448,0.183834477282379,"E02000925"
2.25614463943227,0.10819819638392,0.0227239731815397,0.0198823804129727,0.0339913584177381,0.013826323556045,0.0163390959916175,0.0218225918863222,0.0326159511785208,0.024807912012494,0.0225231386170727,0.227890727821084,0.20451934356754,"E02000926"
2.08456365799595,0.10238894076224,0.0198976373494224,0.0171331690375644,0.035764703471319,0.0127024520663904,0.0140914984706429,0.0213693472835212,0.0319173473524909,0.0251017939109301,0.0198830404663694,0.211029270648324,0.163265885456558,"E02000927"
1.42754486973292,0.0707235947979066,0.0163531285782089,0.0186226521745857,0.0214513798894082,0.00938812273989566,0.0114582786785364,0.0166941888232286,0.0261444630578761,0.0179947369361545,0.0186081930045627,0.13998376318711,6.5239236121941e-05,"E02000928"
2.24432901843348,0.107653206755438,0.0235331334144466,0.0197760368508889,0.0374891487691743,0.0136841164764418,0.0161158826816871,0.0219169562923765,0.0322863168336554,0.0254339984705808,0.0222880015271252,0.226009204275808,0.201328916799405,"E02000929"
2.15696297563655,0.104608394024029,0.0219032602517661,0.0182872360276672,0.037098318281807,0.0131408830407386,0.0150396514009316,0.0216407240062874,0.031712405774867,0.02528114335127,0.020877442966375,0.21767366156627,0.180251899867881,"E02000930"
2.00794813298997,0.0979880413949159,0.0192828380936881,0.0163532259904442,0.0421722739384671,0.0118571301038217,0.012925745836548,0.0206475980054807,0.0299862152150596,0.027556662546602,0.0188887790699704,0.203226093770307,0.151113796086437,"E02000931"
1.43030656488286,0.0646269709366634,0.0147628696353037,0.0124236747699736,0.0249163462225091,0.00889840156350741,0.0107490705271992,0.0167468865175134,0.0255265517514464,0.0171421905075353,0.016408077542672,0.144136448794839,5.46464179035868e-05,"E02000932"
1.68359931143137,0.081198524412586,0.0160415789647613,0.0217564388994513,0.0277004908036301,0.0103716105682397,0.0115715924098534,0.0172919935747354,0.0282779348408911,0.0228663691694868,0.0217633981839898,0.168708927219096,8.58429740021868e-05,"E02000933"
2.16048369101995,0.102952168359855,0.0218936154382379,0.0187687214133767,0.0401741574478267,0.0128138777452001,0.0148106354839224,0.0213531624916773,0.0311917594996094,0.0259609374726144,0.0213128494041564,0.218435476833403,0.18815854916735,"E02000934"
2.39810574877936,0.128583777677992,0.0194723499412757,0.036388157211355,0.0476683992494514,0.0154788446087411,0.0176364733481125,0.0230439018426132,0.0375934923093725,0.0386325810207243,0.0292010847166414,0.236829654743151,0.277292476209896,"E02000935"
2.42752717562486,0.118769950639956,0.021204185147132,0.0245745034985976,0.0455762697576005,0.0140974445529805,0.0159571091829687,0.0229245695577296,0.0345247831755662,0.0313057229771482,0.0288364571759427,0.246270549515398,0.253806137937296,"E02000936"
2.03050219214272,0.0951912316078899,0.0184495276611361,0.0158382306678304,0.0492281712693265,0.0114435574353718,0.0121007067449636,0.020127121588655,0.0285181821934139,0.0297967898509326,0.0184752761500989,0.206874483485418,0.143506542220491,"E02000937"
2.47872494849783,0.125320045712379,0.020764666485987,0.030484604433934,0.0489184843730911,0.014849593143551,0.0158621268314986,0.0228233384060752,0.0353960614295414,0.038056588591935,0.0308030504058918,0.249638103523013,0.267602144556915,"E02000938"
1.94299186618733,0.0935291078786089,0.0172149373345437,0.0150147466053381,0.0470464307138674,0.0108857170993533,0.011524825995371,0.0196309852066044,0.0279522709320455,0.0303398016029416,0.0175288421701239,0.197810427533061,0.129555791941053,"E02000939"
2.28822904944679,0.102430606425965,0.0197905191566179,0.0185309821133761,0.0496183605267327,0.0122017525701046,0.0139549456177547,0.0212991014876706,0.0303216157133574,0.0295766718956599,0.0216376593508961,0.23524664849134,0.187835209413007,"E02000940"
2.17278419303261,0.0984812380240438,0.0194292200542161,0.0170964381158753,0.0504653267062556,0.011929801996229,0.0130360205704813,0.0207989151801133,0.0293891742014436,0.0295894281978817,0.0199639077992497,0.222482255227956,0.164559414313396,"E02000941"
2.46966271033879,0.10714974989538,0.0192885386577572,0.0200918003590129,0.0519822851783485,0.0124962765535026,0.0139626047118383,0.0220002939512301,0.0309774875657394,0.032367259920284,0.0243152659337767,0.256142709404919,0.209180556701876,"E02000942"
1.94581894455579,0.0920090464401166,0.0155243808081223,0.0138405414876454,0.0466604260563914,0.0102856534313428,0.0107223059229202,0.0189868678041656,0.0267086484955626,0.0328446914391263,0.016490862314732,0.200021237516185,0.110259358506772,"E02000943"
2.5036902212598,0.110866784005772,0.0190568513876703,0.022274555414039,0.0522568173084759,0.0128996754526035,0.0136877777834987,0.0222592856842677,0.0315589785039571,0.0361583121040031,0.0270617465634108,0.259186569466053,0.225826042414611,"E02000944"
2.43312948536196,0.115106573052577,0.0186201771616889,0.0304022445937867,0.0536145716341277,0.0133721996704005,0.0134105567087751,0.0211360822426087,0.0319884140375287,0.0479169285323352,0.0284657687473694,0.247895589621131,0.225304810064858,"E02000945"
2.32487673879319,0.0921473652538223,0.016489960929171,0.0143707588925861,0.0521581894557387,0.0109446604729793,0.0112000227203149,0.0202002137057604,0.026979636299618,0.0331244599822318,0.0183371493148613,0.244346886813986,0.132189860941796,"E02000946"
2.52317367675353,0.0966005609440714,0.0173724820621272,0.0164583546449696,0.0544865823344585,0.0115110650077921,0.0118977487455565,0.0212985195101206,0.0282240432758856,0.0352076933946732,0.0214285839163777,0.266148053941543,0.167395754309148,"E02000947"
2.21370134812256,0.0796085847373435,0.0116066165036945,0.0107467418891366,0.0399865221588635,0.00897980116274691,0.00906988656734105,0.017211817228665,0.022860932583753,0.0344312607927383,0.013720507837237,0.237154108025836,0.0692365952172481,"E02000948"
2.20200861271597,0.087179766847941,0.0143198771668093,0.0123505987022649,0.0481766693322068,0.0100571138889628,0.0101675313267339,0.0189532257043551,0.0252591251712877,0.0329085667062365,0.0163550115199016,0.232410739267181,0.100998655226621,"E02000949"
2.53829291070932,0.0993654361226367,0.0174381222560812,0.0194006623998087,0.0570650575460491,0.0120793015775902,0.0116358586438401,0.0214143536745538,0.02892672441697,0.0446248729289901,0.0258185898718095,0.266518899875616,0.192489563457665,"E02000950"
2.22533223536554,0.0826206078723004,0.0126664276772069,0.0111609684658761,0.0442027167625291,0.00945323630711196,0.00952327778442125,0.0180865151688355,0.0238873066448026,0.032615706294409,0.0150167513163117,0.237185033091647,0.082238055993954,"E02000951"
2.22703953445038,0.0785762234941522,0.0115110349644557,0.0103568241766247,0.0412067579416962,0.00898435256908111,0.00903757840967154,0.0173604868901744,0.0225752719445397,0.033637487360387,0.0138301796530011,0.238814503944102,0.0719397408079815,"E02000952"
2.45646509349398,0.084734060883214,0.0138666828489383,0.0120459696555524,0.0506515657179923,0.0101582098188154,0.00995524434368216,0.0200127773349785,0.0251983731181819,0.0377604245749274,0.0184152479820316,0.262690045433479,0.113722202676998,"E02000953"
2.27127511427961,0.0779610705259245,0.0114017621569387,0.0100841764385143,0.0437563225441733,0.00907259020161005,0.0090497609853025,0.0180040346782535,0.0227433701222825,0.0358502255106579,0.014760583679478,0.243822275786249,0.000585147775988808,"E02000954"
2.25987490977186,0.0767904250366473,0.011320864121725,0.0100186441245545,0.0441758431396522,0.00904883373016058,0.00896986296752493,0.0182141524803239,0.022778491101236,0.0364789027982533,0.0153409556287377,0.242614869171543,0.0731448647076484,"E02000955"
2.35570229950669,0.0781245699084093,0.0118359486606614,0.0106126488097105,0.0485518080926722,0.00943603641804156,0.00919219462553228,0.0193660163490159,0.0238112874419064,0.0419026450016674,0.0178182761913361,0.252836769764743,0.0842035305524643,"E02000956"
2.30546624290136,0.0751157811608476,0.0110032375594935,0.010390965272403,0.0489208543741855,0.00903067303581949,0.00889264333178527,0.0190362786898161,0.0231494423183381,0.0448999801261917,0.0164167432714096,0.24759657152692,0.000335713016232814,"E02000957"
2.27119664110506,0.0739420105119674,0.0106119982534883,0.010427455464233,0.0458948001466664,0.00880225378362975,0.00862676017441953,0.0183221002652076,0.0224614553117115,0.0440073141334225,0.0145266567339802,0.244232234214477,0.000232109563652874,"E02000958"
2.2666747951304,0.0730138746847804,0.010374619947223,0.0106535891821165,0.0471134113953161,0.00869886676001009,0.00843863364886693,0.0183471785834013,0.0222850135541167,0.0459032579732035,0.0141432928680821,0.243735861313136,0.000216947187352907,"E02000959"
1.0691491447051,0.0498913439812646,0.00882913133374104,0.0157227896431451,0.0155749944229176,0.00647444071709526,0.00644652336482865,0.0149062915102686,0.0117611974862456,0.0127296977622161,0.0165806580863894,0.107333899402712,0.0419207428902468,"E02000960"
1.2928973670752,0.0615702875065517,0.0113742331494118,0.0174336778706957,0.0191121050249225,0.00778353909448042,0.00776888017789095,0.0185829773597541,0.0123329854582321,0.0153016199906128,0.0159176651569148,0.13011520173767,0.068148293020529,"E02000961"
1.28269427522725,0.0588586808584668,0.0111445241214469,0.0175494917065336,0.0187137883788309,0.00784177235164574,0.00786327152558882,0.0175129202083884,0.0128371682294082,0.0151639682068201,0.0176350158975078,0.129277672955121,0.0650178801205057,"E02000962"
0.862279277734932,0.0434106069093666,0.0046615346259111,0.0130765021846639,0.0128861838735623,0.00520401441610876,0.00467449195951494,0.0143969001867997,0.00925524485883069,0.0104986744218118,0.0115877206140234,0.0868170142212997,5.58278410443963e-05,"E02000963"
1.50022702335757,0.0710841976974938,0.0115826947195351,0.0190006544557333,0.0220059984258988,0.00948125695476818,0.00939889507602116,0.0209789129425434,0.0139700660286845,0.0184076548948973,0.0174805627113923,0.151990176108831,0.0978195355692535,"E02000964"
1.44253619142863,0.0673562436590852,0.0128121554794014,0.0183793253750763,0.0214606395563659,0.00898809053023751,0.00895333321772722,0.0202867120552273,0.0136026481267532,0.0174303846142786,0.0170461406180858,0.145504285127903,0.0879976574695979,"E02000965"
1.43836550559893,0.0654082220398537,0.0130841829358001,0.0183972754026175,0.0212437146104444,0.00898794566684645,0.0089351018612233,0.0197124522195217,0.0138192393268279,0.0171526324866551,0.0177543298869287,0.145144778192614,0.0840306092232547,"E02000966"
1.16170719416415,0.0506692205860557,0.00893060602079046,0.0152947837621533,0.0167279160250883,0.00731111862471904,0.0071893605379132,0.0155681818827588,0.0146756956235096,0.0136665251682904,0.0180826436099517,0.117757002845517,0.0502220974895056,"E02000967"
1.42267858556432,0.0613342573989133,0.0122855111716764,0.017647741467815,0.0204732287739557,0.00882982769083863,0.0087592208956238,0.0183902124047027,0.0143648127675329,0.0167291943411849,0.0196141472188218,0.14454972493514,0.0780564941999085,"E02000968"
1.54880133602869,0.0705313449409147,0.0143978190789125,0.0187917179055479,0.022973254270289,0.00985957736029586,0.00973518479047782,0.020943983473529,0.0144505349553397,0.0187886289797936,0.0180663201566859,0.156401744756974,0.100118461521563,"E02000969"
1.39765230407052,0.0561077949045913,0.00970916814812774,0.0124061248707023,0.0195859041634175,0.00854864140440935,0.00843325044910955,0.0171563760058644,0.0223618606916177,0.0160356726009406,0.0195540916641139,0.144513163941824,0.0755955127446659,"E02000970"
1.49327924784737,0.060198328778005,0.011991204971535,0.0150890170821483,0.0210418162439805,0.00914177900693026,0.00905732976367966,0.0181304749545652,0.0176736182997457,0.01725205343658,0.0212926686159166,0.153622688726105,0.084372343106118,"E02000971"
1.30592203001323,0.0530368482796981,0.0076932788747367,0.0107351412450879,0.0182672664444835,0.00792481774555893,0.00780309599137325,0.0162772837586953,0.0247159166109988,0.0151445628616038,0.0170606474008868,0.135501709787417,0.0652554874638354,"E02000972"
1.63093612118869,0.0726978046425566,0.0155110570350583,0.0188526570704303,0.023989443472201,0.0104578443226571,0.010265211072279,0.0211673940478158,0.0150137722094008,0.0197734162003172,0.0187845604024011,0.165073779317211,0.109232474700044,"E02000973"
1.64178560511448,0.0661556828261411,0.0141415243594722,0.0167077021199895,0.0230422009039722,0.0101387156332428,0.00986314008355752,0.0194255922495045,0.0166583520158746,0.0190502686226625,0.021691292273265,0.168697095837008,0.100363101957193,"E02000974"
1.70930848483577,0.0710726653869433,0.0152766544137393,0.0186489127593983,0.0242256470770562,0.0107987569235026,0.0103301162865926,0.0208392779197969,0.0162102915298924,0.0200086838750481,0.020873881383203,0.174725450277332,0.10951635454877,"E02000975"
1.72239489974438,0.0736049629828191,0.0161365073696437,0.0186304749908176,0.0248287465774877,0.0109767674191681,0.0106091228972674,0.0211289049447105,0.0157692202586383,0.0205892047132883,0.019853074469968,0.175438897433714,0.116533068151577,"E02000976"
1.46676157335262,0.0598694415190373,0.00789048413821053,0.010344701453946,0.0201755150565341,0.00875467320792829,0.00826812847992488,0.0166736626731503,0.0282316958259352,0.0170677874050521,0.0154847375420085,0.153179142720475,0.082152499162272,"E02000977"
2.07709127400384,0.0792905270578307,0.0170933829713553,0.0159578790475564,0.026976788072936,0.0125022050024604,0.0113516340339503,0.0204280483626426,0.0249580023609468,0.0226706507810745,0.0229921810799826,0.216300816618389,0.140995827907545,"E02000978"
1.68941894480879,0.071309150037505,0.00949031120794992,0.0120320390859188,0.0233715126658893,0.011009439254887,0.00954794273799773,0.018421260525958,0.0329387996774635,0.0195837942162759,0.0172492141550784,0.175410632990517,0.108214870745767,"E02000979"
1.74776981604233,0.0767642384452308,0.00992998846169353,0.012958480414528,0.0253053214576667,0.0118204731287359,0.0105537846826354,0.0193142790762889,0.0340074984120807,0.0205203393579326,0.0171957583728714,0.180463218791624,0.117818395682444,"E02000980"
1.91100574879495,0.0848209446706886,0.0126718187404296,0.0145773882234236,0.0266397792552683,0.0126527063307909,0.0115011663409873,0.0203065099408813,0.0344221526714684,0.0213504412141543,0.0189028599392028,0.196982000678064,0.138073792074219,"E02000981"
2.06516137435268,0.0900807809816022,0.0153061279992615,0.0156712067176287,0.0279165437099324,0.013222674017695,0.0122008021841479,0.0209654844017362,0.0344756038354377,0.0223716165355042,0.0198180391658772,0.213179726431105,0.152156814638424,"E02000982"
1.86807842765948,0.0857727092681045,0.0120751321092168,0.0146285827996583,0.0273429736745167,0.0126865868481471,0.0119284253732803,0.0204198035946851,0.0348321536371907,0.0215326834201473,0.0186642104665805,0.191642081707893,0.134603868992174,"E02000983"
2.37511405013505,0.0905040939200277,0.0153134527522919,0.0190634452045292,0.106418178825291,0.0131159062082768,0.0114015451817665,0.0211406022013958,0.0312605493019867,0.080342719771211,0.0205745174936389,0.238493255634939,0.132925317281886,"E02006782"
2.44340733082242,0.0948974081805481,0.013291540200263,0.0179948607034473,0.0852926296510442,0.01232905143822,0.0114298300691578,0.0222110956897459,0.0312966443799422,0.0777974220408148,0.0189108083343473,0.252200884428235,0.127625417908233,"E02006783"
2.37479256504602,0.0915646589207641,0.0116004932563761,0.0159780557112845,0.0728652943058806,0.0110767160211484,0.0107882129902686,0.022349423598116,0.0300271832732777,0.0607702912148639,0.0174276815253697,0.248005595138716,0.0937232050234003,"E02006784"
2.16688058348574,0.0875259427357901,0.0092043234138814,0.0177007153686106,0.100000051387749,0.00981951500535269,0.0123400394366304,0.022538919316804,0.0261670154847788,0.0326604163325314,0.018226604428198,0.218232346734294,0.160177331220688,"E02006785"
2.06965053512451,0.08528149236196,0.00836918006400184,0.0172491695304556,0.0917271541977765,0.0088009018025149,0.0113336783748327,0.022204076815408,0.0252452496388965,0.0320676507825032,0.0172038131223612,0.209420856073523,0.146256123727092,"E02006786"
2.26124156547199,0.0746550201236384,0.00979951933454545,0.0141521669247401,0.0736556466753685,0.00961589419140066,0.00985691584321391,0.0202738357287557,0.0250715257229429,0.0473658165870716,0.0148794939349592,0.238309434301041,0.000553255487099057,"E02006787"
2.11979163921166,0.0721759866368317,0.00970319301849596,0.0128918241709969,0.0720383174559566,0.00920301933801075,0.00941306279968002,0.0199148232546808,0.0242930090256534,0.0474351386927225,0.0147764969839592,0.222429104647486,0.000349306843445264,"E02006788"
2.50697796320409,0.0778482371533438,0.0128757176285555,0.0168427079339858,0.128045472770941,0.0119139954498237,0.0107538381842166,0.0207632461702915,0.0299873637176981,0.0514744432433514,0.0181701934443095,0.253041805880486,0.000357099014360307,"E02006789"
1.10484085418318,0.0664255549121674,0.00527371668342376,0.0160484798047473,0.0161980896107301,0.00690983900401606,0.00955490890784298,0.0129014738221025,0.0109357573723603,0.0161341566118838,0.0127784180497153,0.109800925985181,4.48549329817391e-05,"E02006791"
1.094888140551,0.0659587460629498,0.00494682567594659,0.0160793607620626,0.0164475057939314,0.00682954824273428,0.00991855399943794,0.0125756203208573,0.0111959475212869,0.0183766677183572,0.0125554933418993,0.108630998546348,4.40380949409827e-05,"E02006792"
1.09199043397761,0.054319153027116,0.0068512092123487,0.00961602359476619,0.0231982966947095,0.00679366662973417,0.00711846337521807,0.0143210180526409,0.0185509655172121,0.0592025717961857,0.0109011354299257,0.110969702696654,8.40246366271103e-05,"E02006793"
1.24703427242953,0.0561578292936102,0.00692477891402651,0.00988091169471673,0.024358720788462,0.00675401323664059,0.0073431864849697,0.014479167286215,0.019577731847715,0.0614727547439312,0.0108598343290177,0.129432272369465,8.2140457516194e-05,"E02006794"
0.928722798406377,0.0454055731483861,0.00308048828644372,0.0135501413463962,0.0174890890342278,0.00527800005901396,0.00613435592128871,0.0110018312668051,0.00902094535031412,0.0300868780245192,0.0104964562917102,0.0945723218916151,0.000111629510151589,"E02006795"
0.821732393781201,0.0415477901868021,0.00312673482461018,0.0134578820685437,0.0171391700817296,0.00528713616396674,0.0060967624813215,0.0106802982357703,0.00944538185826481,0.0257941748914688,0.0104743434091057,0.0819142213258482,7.74185125673059e-05,"E02006796"
1.9303545755821,0.0834617561020665,0.0102201629776594,0.0160019721819504,0.0474123922177818,0.00879660146374906,0.0119470579187343,0.0215924619515573,0.0276354833815585,0.0369707149421882,0.0111734261989595,0.200977070106884,0.10450988286352,"E02006798"
1.12859377737086,0.0469049098497078,0.00447231530431119,0.0112878193177925,0.0376996368533665,0.00496455565550362,0.00560258323846883,0.0135000211363191,0.0161432073156589,0.027889972678848,0.0110854133604163,0.116224982745031,0.000190050884759744,"E02006799"
1.11576303896786,0.0471219335362011,0.00434251872467297,0.0112240234472963,0.0369017082347176,0.00478841602921816,0.00549004897227399,0.0136840609251714,0.0162794361960838,0.0274285818373827,0.0106542889253481,0.11496229088342,0.000183159656339936,"E02006800"
1.54537232123643,0.0653176539058899,0.00749508584728853,0.0102614299534737,0.022860674349356,0.00938203260698379,0.00880938340345242,0.0170163836889469,0.0322201408216235,0.0198704551629802,0.0128765527931689,0.161264390099938,0.0850859564857433,"E02006801"
1.58918124177919,0.068081917670921,0.00758758399130264,0.0104833483808662,0.026106124646708,0.00946206912559401,0.0093717861441352,0.0170618169467431,0.0318352871616873,0.0217326599864285,0.0121987238949416,0.16577936592343,0.0880045602211812,"E02006802"
1.72235392765948,0.0643869844299217,0.0107275113869185,0.0114586085023098,0.0641045517276967,0.00829686764720078,0.00805459834085846,0.0174167667062495,0.0231074412232732,0.0455104654683628,0.0164198856399871,0.177768850190624,0.000385841681181786,"E02006836"
1.86165882721563,0.0722552704601669,0.00807116311293455,0.0147721111028364,0.0465947956151849,0.00699540122259659,0.0108330774603731,0.021348526242051,0.0283907351408242,0.0274758300795164,0.0109821546537671,0.19585901286834,0.0983562713024953,"E02006853"
1.77191024443011,0.0692484269756316,0.0073705867781046,0.0139882698880335,0.0447010169262789,0.0064984340605976,0.010068363798382,0.0210794224251886,0.0280427084843942,0.0267293548591423,0.0109996174063287,0.186371052061817,0.092626995645618,"E02006854"
1.35911930696059,0.0623853626487513,0.00401575467868921,0.0140909462838735,0.0221928524382277,0.00654785641757371,0.00744668012227797,0.0123831704071607,0.00991704313632716,0.0421664220601818,0.0124946548971174,0.142478670250072,0.000104940176078847,"E02006882"
1.09095654609604,0.0501487750867848,0.00453193002663571,0.00866071351838287,0.0257275580690261,0.0043278201966232,0.00648745748901303,0.0131950135074035,0.0210034794102697,0.0253787784121768,0.0102570188807868,0.113621974349796,4.6841254778862e-05,"E02006918"
1.0695044895843,0.0500084244837712,0.00470786009121241,0.00864653670575369,0.0255478449066474,0.00443645399754306,0.00665436387361131,0.0132050310167496,0.0209139805250183,0.0221512261745229,0.0104340047291747,0.110955684367531,4.6629280880766e-05,"E02006921"
1.05058846635818,0.046565884806153,0.00367654219725191,0.0106111482100924,0.0276500543595579,0.0042546779011736,0.00512792635322305,0.0146328478107249,0.0163482443887174,0.0269560566820843,0.00934254426438618,0.109115980301967,0.000483215484227351,"E02006924"
1.04509183720617,0.0472674839793689,0.00354879698401662,0.0102730024974364,0.0192733499317036,0.00426052664067396,0.00513462306628589,0.014881168325695,0.0166603674045745,0.0290285685310243,0.00987195272532887,0.109303849617742,0.000485282999040596,"E02006925"
2.25138325815917,0.0950950347241951,0.012298153625162,0.0196746740897337,0.0696025733050893,0.0106199393770642,0.0123987930628033,0.0233428062550347,0.0286205542707795,0.0318969095720272,0.0159493444656147,0.232692883051593,0.15893683840366,"E02006927"
1.91071503772398,0.0796007030946531,0.00963219535745895,0.015714563901038,0.0488075473703949,0.00785362900236723,0.0117802860375374,0.021898140953158,0.027450429737554,0.0281748843523127,0.0110368146157618,0.199527241087748,0.105299767793721,"E02006928"
1.93256420746494,0.0770611532511217,0.00817269373647073,0.0155928121700314,0.0554297874380818,0.00699138715086302,0.0101353077455874,0.0214721321571057,0.0250161657775236,0.0256930390084615,0.0116160055724728,0.202528270066917,0.107859589056264,"E02006930"
2.00429572685277,0.0830401725796388,0.00975949215031024,0.0159173198806814,0.0509876349173856,0.00791357239975869,0.0117802230254088,0.0223089344917904,0.0275258513067049,0.0265140256241133,0.0115687941846775,0.209878268357266,0.113356902739137,"E02006931"
1.59495657288859,0.068841844509038,0.00727360697384526,0.0105617815433278,0.0375475374396646,0.00863063244998251,0.00974620105984024,0.0162322274428857,0.0307929681193324,0.0259406678881979,0.0111377636119849,0.16590678817901,0.0831290732210948,"E02006941"
1.60947719394576,0.0699465881122159,0.00741313324240931,0.0108135530706646,0.0372857112042562,0.00876972297187383,0.009901303508731,0.0161705424186489,0.0305026804140843,0.0259101719874627,0.0111454754746318,0.167406167542954,0.0856526845947029,"E02006942"
1.43961662731881,0.0673974766949199,0.0046012979969772,0.0146202400342922,0.0219152886292931,0.00780072968810744,0.00862116805131083,0.0170486970493702,0.0106093838435668,0.0299324054521739,0.0140952558607342,0.150149997673469,0.000144055456123786,"E02006953"
1.3719861408287,0.0654633161699806,0.00449113511451798,0.0140935055005339,0.0204498595007548,0.00748183978475152,0.00832276138384106,0.0162806993517825,0.0102744528512341,0.0290258213074946,0.0134710282994173,0.142819772379086,0.000129020766404081,"E02006954"
1.13742090112474,0.0587270755583729,0.00393410876249194,0.013476591464158,0.0183033875917124,0.00581410202952199,0.00718253257451884,0.0119928900881258,0.00871367196386447,0.0246400849203846,0.0106022565517132,0.117390224359,7.40852114581309e-05,"E02006955"
1.14631420453818,0.0608212102879942,0.00410610975702191,0.0136504773289099,0.0176272360780673,0.00590202656777608,0.0072712616775274,0.0120160098783196,0.0088632208917566,0.0202083684822759,0.0107227572417162,0.11806644495008,7.27537426704519e-05,"E02006956"
1.05388810970084,0.0630409335577143,0.00372764960766099,0.0150936217028219,0.0176814464555364,0.00559569667582579,0.00675499827053066,0.0107448479645552,0.00846552914369861,0.0264911514745667,0.0105796949565112,0.106293940502628,4.85029029226009e-05,"E02006968"
1.04935045987419,0.0626971737381751,0.00376930755164755,0.0147976622934304,0.0178613539568247,0.00548403390597981,0.00694926593707308,0.010467572792147,0.00876429256923164,0.0318196952975094,0.010407789327095,0.10587393662268,4.5941693181933e-05,"E02006969"
1.24839986557169,0.0619179690719201,0.00473213613377154,0.0205516879598997,0.0239838221595474,0.00781896415539979,0.00874053114321053,0.0144750260241468,0.0154413079218925,0.0301227832771929,0.015627395137013,0.125478331641132,0.0797487078758844,"E02006970"
1.25120305996444,0.0615825156999971,0.00473807795999527,0.0212824719998974,0.0241910494062064,0.00779959924678659,0.00874650974329878,0.0145371338672284,0.0158641021807815,0.0296801654164948,0.0158175779615982,0.125540482461894,0.0790746601948795,"E02006971"
1.06268943469982,0.0647588793647707,0.00421737892092472,0.0153149109406074,0.0172955604932163,0.00594075154804244,0.00864714182038241,0.0110861669828443,0.0105829862015165,0.0269549154982701,0.0113496992076547,0.106166725918593,4.21519497418492e-05,"E02006972"
1.90935855918415,0.114707309248049,0.00726527392577349,0.0270206014947176,0.0334684974692954,0.0109602022034985,0.0147333054293473,0.0180066487595203,0.0201696944991248,0.0429984606918497,0.0198985030029379,0.191374839596498,0.155893763032341,"E02006973"
1.97114365473702,0.0665473837435895,0.0100624304845424,0.0115872791916735,0.0791939231037688,0.00867878903817687,0.00850387750033578,0.0200012089422779,0.0236658361683731,0.0480581265960205,0.0150683341343513,0.204263736014527,0.000449464510528645,"E02006987"
1.99131064951931,0.0663240464704624,0.0103088797785788,0.011739197559087,0.0827636660288153,0.00880382097863028,0.0085764347974762,0.0202594884792102,0.0239671683771945,0.0483223849352938,0.0153412029825172,0.205820255655924,0.000622118452707451,"E02006988"
1.34375038535487,0.0591330289234596,0.00551922450902521,0.0118738720741674,0.0457320652969454,0.00478975420040026,0.00594011307752074,0.0174650610341873,0.0173662568778033,0.0245897501120511,0.0104096089830307,0.138725003460257,0.000107208772109279,"E02006991"
1.46611708836724,0.0560765199262483,0.00582356798335698,0.0112452495954354,0.036605082397534,0.00463064616153128,0.00706872440925057,0.0168932876777622,0.0203645566612271,0.0224665642876949,0.0088121305675167,0.155089090759475,8.71685643703438e-05,"E02006992"
1.50566004013018,0.0601539238630183,0.00604694171344212,0.0116865447353111,0.0406410537127589,0.00485170270185791,0.00687659226698206,0.0175653910665219,0.01922706521655,0.0232809350348052,0.0092191667084928,0.158625607976062,9.85253724758471e-05,"E02006993"
1.41564161599126,0.0613980856500091,0.00599383941380817,0.0119054967822854,0.0444965485617279,0.00480703865873588,0.00618038624955944,0.0179713599321026,0.0175232512544143,0.0242669081365169,0.00979680195059134,0.14725062660936,0.000101944055711353,"E02006994"
1.07098822585599,0.0418240172162667,0.00379302081086611,0.00872548724257395,0.0246467244781189,0.00382867966581584,0.00554630792548899,0.0129372810960725,0.0197812821292076,0.0231485243257982,0.0086150595744508,0.112994054757813,5.94843110435832e-05,"E02006995"
1.06944574726339,0.0405300043112769,0.0037757393197431,0.00876171208456706,0.0251112322939719,0.00384257862096308,0.0055727747380006,0.0130674099104424,0.0191947574977469,0.0222899998346938,0.00847662403706289,0.112886538884476,6.64498495333152e-05,"E02006996"
1.02207007751196,0.0437693774694859,0.00408809066849984,0.00838467933927689,0.0278933986394341,0.00377679715469514,0.0056058247153012,0.01309050079287,0.0196660691809454,0.0214546184699135,0.00848586886124887,0.106497171192527,6.19822708268753e-05,"E02006997"
1.30541566833393,0.0572217518251374,0.00540089752122992,0.0115518186341919,0.0418397193608131,0.0046237394326495,0.00576736047576492,0.017507774635594,0.0169128993950141,0.0233409461389459,0.00948772330159267,0.135242727047574,0.000109370883003791,"E02006998"
1.35112611993257,0.0563868766744819,0.00562082756815331,0.0109108158803035,0.0399405097449461,0.00447588257126753,0.00610011328050283,0.0170229750872965,0.0175935514450004,0.0226299218737378,0.00872571987222865,0.141245832399834,9.04883286702175e-05,"E02006999"
2.05212535925516,0.0898626508626054,0.0105306529317876,0.016037357414277,0.0484189256996455,0.00924341173028583,0.0116310590124175,0.0228748290784894,0.0273753872187192,0.0323568008022239,0.011945829680735,0.214338643991659,0.111017279899169,"E02007008"
2.09207807423607,0.0921600609146728,0.0103520098851315,0.0155733770400595,0.0463569384703867,0.00967884378820915,0.0112932419283632,0.0227139857020674,0.0273149921905279,0.0375936631634467,0.0126340736226078,0.219085751622831,0.109372273724353,"E02007009"
1.14513138088052,0.047721709302558,0.00424579941667686,0.0113800511756488,0.0361779952306889,0.00489959196842023,0.00557905207935311,0.0140360606205717,0.016476637551904,0.029262192872471,0.0112970951745424,0.118467174424763,0.000215186579253038,"E02007017"
1.13821212947325,0.0473989475585575,0.00433653121755453,0.0113288046503319,0.03685108715727,0.00492228535152033,0.00558991574469824,0.0137961469939047,0.0163506730023475,0.0287041879003298,0.0112035979127989,0.117534334317778,0.000196844560543155,"E02007018"
1.08374472270883,0.0474229238726576,0.00413397142956199,0.0111196231940925,0.036108205637337,0.00448973450170539,0.00530117562326335,0.0143034821364514,0.0163048019728095,0.0262639383693618,0.00969812899056795,0.111408641315001,0.000269318908826512,"E02007019"
1.0857935048625,0.0474469407765623,0.00421888286702399,0.0111880933705525,0.0364022100379225,0.00450621254179983,0.00531674161407713,0.0141839809074662,0.0161795815639307,0.025869273197978,0.00964832881047749,0.111562782310009,0.000261089168606159,"E02007020"
1.97382697805338,0.094486821344907,0.0151257068422547,0.0159234850618355,0.0297171540010122,0.0128880652730032,0.0132131989052363,0.021080313340758,0.0345176263965594,0.0226950666968812,0.0192936248390064,0.201360796196928,0.148558840273691,"E02007083"
2.01379414912018,0.0986030018028328,0.0174395957001083,0.0163500439719308,0.0319280427279646,0.0125837063863622,0.0135648654500349,0.0210157478129041,0.0331365970196718,0.0237179991435275,0.0193919190609729,0.204678676812026,0.153472666653525,"E02007084"
1.4222687859924,0.064757368785024,0.00669104258383555,0.0117402351123086,0.0366733971272753,0.00690477008980901,0.00868587887711499,0.0182561856124076,0.0285438007225366,0.027711143796898,0.0122294755320585,0.146647503630948,0.067473150552102,"E02007108"
1.3857071557434,0.0616252344366913,0.0065542591138578,0.0112480930026577,0.0352777660734945,0.00681012747507315,0.00841516986145081,0.0179322707993932,0.0285984884184903,0.0268686785317933,0.0119087946231828,0.143071338456538,0.0660866388964644,"E02007109"
1.27346387852504,0.0531217738663022,0.00588802892981526,0.009373826108195,0.0253262437983336,0.00661745489903976,0.00758749521271759,0.0159824394302925,0.0291013345117936,0.02182332031854,0.0112583833099626,0.132573435362157,0.0575447002283574,"E02007110"
1.35866879041682,0.0569489472839926,0.00622680775412948,0.00910443618242483,0.030155548982612,0.00694363079922296,0.00805589327987319,0.0166527793814063,0.0303452623355414,0.0236963264051947,0.0113335225113822,0.14142320230368,0.0640835680474287,"E02007111"
1.17511859901075,0.0490149545077697,0.00508766347851624,0.00964499673210357,0.03191107798126,0.00405543349926468,0.00603066635668055,0.0157493944515228,0.0193775740480929,0.0218810397283686,0.00832306282598033,0.122802112115664,7.12291101233796e-05,"E02007112"
1.6492091739927,0.0666895097457101,0.00688161764780963,0.0135971971987313,0.0452513376166316,0.00595589091503684,0.00927147688932693,0.0206362530326347,0.0257289887466199,0.0248383017780924,0.0107131668771032,0.172535284015015,0.0858856989323497,"E02007113"
1.7644080946726,0.0692095141217801,0.00740547832723645,0.0142963415601908,0.0463151037456738,0.00643717175876978,0.00993425963230037,0.0206613891435216,0.0265173966197585,0.0254177277667143,0.0107928760040029,0.185331016284851,0.093500773764613,"E02007114"
1.00818186315006,0.0427302141490223,0.00543390311601305,0.0106891345562382,0.0152546068667812,0.00611437659280567,0.00646065625899837,0.0136651338952997,0.0228132198581548,0.0130958233207679,0.012446741982558,0.103546297932163,0.0328076219437358,"E02007115"
