"Intercept","IMD","Asian","Black","Other","retailers___other","takeaway_sandwich_shop","pub_bar_nightclub","supermarkets_hypermarkets","hotel_bed_and_breakfast_guest_house","other_catering_premises","log_pop_density","alpha","MSOA21CD","MSOA21NM","x","y"
-1.37808074937476,-0.200439820323289,0.00296985568712175,-0.0140694542585855,0.0339245561551498,0.00977237439990505,0.0043648590207529,0.00977352301626105,-0.0117498926698815,0.0258334759349668,-0.0154869635782546,-0.108589783842302,0.136053123890387,"E02000001","City of London 001",532485.482159412,181271.782114895
-6.83630300573136,0.00721320834301647,0.021168650295691,0.0255782702044578,-0.00199417602213921,-0.00219307803511504,-0.011437909447815,0.000173266098016637,-0.0278884341283907,-0.0864490328393893,-0.0144317810716315,0.428923403061491,1e-06,"E02000002","Barking and Dagenham 001",548312.757365699,189881.428040392
-6.78652141317936,0.0155370092321238,0.0230899725970158,0.0272522999460611,-0.0257345499661387,-0.00152160146412543,-0.011099962846505,0.00133286626188421,-0.0268253353216671,-0.0775497958805377,-0.0162048596201817,0.415906867532654,1e-06,"E02000003","Barking and Dagenham 002",548454.861131233,188400.031730149
-6.54316009408612,0.0283057793698734,0.0270095689922573,0.029280207435648,-0.0725646858558837,-0.00129999873436782,-0.00987367113753002,0.00025272628811737,-0.0198233173414564,-0.0707152366125228,-0.0185283706222195,0.377924482341392,1e-06,"E02000004","Barking and Dagenham 003",551009.063352634,186311.121270225
-6.70506859065092,0.0257209860963726,0.0255397862985526,0.0294253049493195,-0.0537783265063602,-0.00102674650801896,-0.0106597146841627,0.0023231107043215,-0.0250608561131128,-0.0694110802093303,-0.0176770675690718,0.397199037203781,1e-06,"E02000005","Barking and Dagenham 004",548667.16108568,186903.342288399
-6.63780628965138,0.0283464737988025,0.0264367400265043,0.029533121677597,-0.0652161686879866,-0.00111200356884423,-0.0103084862993959,0.00171950879397629,-0.0224926312259619,-0.0692939106541324,-0.0180015683075474,0.388162194077222,1e-06,"E02000007","Barking and Dagenham 006",549648.573008712,186561.042714971
-6.63610270892208,0.0292471523941591,0.0261085774320513,0.0298455910864511,-0.0618756591269598,-0.00028876852051002,-0.0102404899107629,0.00198807882398516,-0.0262333790128727,-0.0624701676979184,-0.0187243015233229,0.385771119786498,1e-06,"E02000008","Barking and Dagenham 007",548139.334746794,185911.229533402
-6.64607065175525,0.0274051266522417,0.0255521054737069,0.0301610489449191,-0.0539509064604623,0.000242020858254402,-0.0103283241896281,0.00230310723846558,-0.029452318622176,-0.0593894353557726,-0.0192117873188179,0.385873091256051,1e-06,"E02000009","Barking and Dagenham 008",546965.824618885,185757.98630461
-6.5435258110181,0.032778056116278,0.0270505965946446,0.0299492121540947,-0.0744518752058517,-0.000397252198368575,-0.00981208977379074,0.000360985852626588,-0.0238804703142062,-0.0614535821743674,-0.0192741188476456,0.374395079518695,1e-06,"E02000010","Barking and Dagenham 009",549065.285181043,185295.970622999
-6.41491241847093,0.029511818503592,0.0274718983828835,0.0292670560782069,-0.0781110215785126,-0.000810590773866908,-0.0094810678883057,-0.00143624107209673,-0.0202727177000284,-0.0645832354953104,-0.0195962935210552,0.362149480516571,0.00801218956423932,"E02000011","Barking and Dagenham 010",550510.098585464,185162.620415733
-6.53847595399605,0.0215139287812355,0.0247180644821289,0.0293459508451078,-0.0457609689970641,0.00259644965129107,-0.00886204910539317,0.00137403747850594,-0.0319916199423215,-0.0491016684730558,-0.0205224427099675,0.366788245303591,1e-06,"E02000012","Barking and Dagenham 011",545635.991434474,184893.272213094
-6.55694032740521,0.0330238317096216,0.0263757911115618,0.0299126728524589,-0.0697879613203201,0.000774448804772043,-0.00984568072272647,0.00134783374653317,-0.0285725590594016,-0.0536607595259784,-0.0197551607829536,0.374620672583793,1e-06,"E02000013","Barking and Dagenham 012",547276.79004358,184855.720505038
-6.47166795252532,0.0360233598387659,0.0274871017974944,0.0302372573684169,-0.0810767693530484,-2.45657750259142e-05,-0.00955559421887548,-0.000864012236561573,-0.0246572765814006,-0.0569385655755569,-0.0200265185617349,0.36481499767969,1e-06,"E02000014","Barking and Dagenham 013",548785.518842575,184554.79661471
-6.27931685376629,0.0308357738304741,0.0280287235411152,0.0293164344143867,-0.0844004328744527,-0.000582887090915955,-0.00923518187003186,-0.00304905309834471,-0.0204833212812729,-0.0596680002437775,-0.0204331648282257,0.346503740048308,0.0219595696744826,"E02000015","Barking and Dagenham 014",550075.829439684,184230.971845327
-6.29478577741064,0.00835991646448424,0.0236830362789041,0.0296764772529091,-0.0210223191660619,0.00576377890850055,-0.0056040603106256,-0.000795169493474177,-0.0349040505157194,-0.0416073111294761,-0.0217421823414572,0.319815255176858,1e-06,"E02000016","Barking and Dagenham 015",544029.12812224,184317.709782175
-6.40745496619569,0.0150977505756348,0.024205560041266,0.0291332577485609,-0.0342201593211977,0.00447746189397021,-0.0071420130567951,0.000328293009899314,-0.03318984920249,-0.0434291413356921,-0.0213600144610104,0.341516905546137,1e-06,"E02000017","Barking and Dagenham 016",544838.696322134,184459.569538096
-6.47430018423519,0.0297503090466978,0.025787046164472,0.0289446031470605,-0.0659136121207728,0.00236792832614606,-0.00883717116583659,0.00085748065233023,-0.0300424966394327,-0.0464437554348546,-0.0203416585428711,0.361585860919316,1e-06,"E02000018","Barking and Dagenham 017",546553.200750159,184299.136225403
-6.1916141534879,0.0321566188105559,0.0273881262204403,0.0284507245837664,-0.0838098445772043,0.00155971741253119,-0.0086852776067167,-0.00379553836665422,-0.0248925179111756,-0.0445992177578277,-0.0206839920550854,0.333045188070325,0.0280065207724182,"E02000019","Barking and Dagenham 018",548166.974134814,183259.43802596
-6.11744355299844,0.0233000103656927,0.0255641672124262,0.0259712016300657,-0.074345216387998,0.00538070418683219,-0.00687819333009332,-0.00181573723676649,-0.0287780283789222,-0.0288573215822729,-0.0201174584618006,0.317641742186095,0.0260962699670602,"E02000020","Barking and Dagenham 019",546100.176911004,182743.676315861
-6.03683833619245,0.0299949346788876,0.028354942699,0.0286712368482314,-0.0892190115138023,0.000235970694634824,-0.00834397246185198,-0.0063578708806288,-0.0215320884757813,-0.0483609785364788,-0.0215546272457637,0.31843389655301,0.0592500972589732,"E02000021","Barking and Dagenham 020",549508.872913767,182827.304374099
-6.26202728056802,0.0130060498081862,0.0244038995836265,0.0285214106782039,-0.0356135287226136,0.00719793866891009,-0.00489201145362205,-0.00076311523371927,-0.0322115269457193,-0.0312161877447269,-0.0210874523500675,0.309629559283215,0.00950679274114001,"E02000022","Barking and Dagenham 021",544383.616418689,183516.977756292
-6.20461544989683,0.0288314284235623,0.0260819150764333,0.0270609694413079,-0.0795545196313005,0.00361326588338609,-0.00811498502843517,-0.00180259135655978,-0.0286826398970818,-0.0363385281430466,-0.0203566479887548,0.333915995434598,0.0154162005489553,"E02000023","Barking and Dagenham 022",546653.096514847,183107.949224584
-5.27148206042924,0.0144531048835276,-0.00372878798918044,-0.0115598887393928,0.0779953705902162,0.0169583787351725,0.00208925049410306,-0.0128708547223244,0.011099504768781,-0.0245732819149389,-0.00097142117541545,0.164707764124782,0.0234420338493592,"E02000024","Barnet 001",524413.977712282,197000.436580728
-4.99097947792522,0.0202724952165799,-0.00441319619955637,-0.0129448412627479,0.0890849447976415,0.0173718859432813,0.00586414178742521,-0.00913048461204694,0.0203190698488671,-0.0245478555388304,-0.00107469227361894,0.105113015249408,0.0298301002178758,"E02000025","Barnet 002",525971.331840814,196718.51263964
-4.38929712609771,0.00669865951437551,0.00313397370456513,-0.0142058748220992,0.085516800102226,0.016495314520793,0.0105801973918817,-0.0067075100504549,0.0237015465038344,-0.026903444492458,-0.00352901960033723,0.0327757004480241,0.0553959535069925,"E02000026","Barnet 003",527682.865006507,195951.661985406
-5.39534923634311,0.00799730301254472,-0.00187729772604371,-0.015989197759243,0.0748338851036944,0.0159811141064326,0.000910271417705227,-0.0142328228030568,0.0068029916265127,-0.0211739219384366,-0.00108639164043817,0.192859270404193,0.029043200777519,"E02000027","Barnet 004",524409.58922393,195592.623361259
-4.91808058347364,0.012173153662241,-0.00200368778347411,-0.0157486511601444,0.0859531478962298,0.0162868979114689,0.00525603216011037,-0.00991586639714181,0.0153667937944845,-0.0207460888535234,-0.00188301152659088,0.110333804715573,0.0447069932032963,"E02000028","Barnet 005",526170.600804112,195510.353812209
-4.50191632805124,0.00517695168458838,0.0017394083308631,-0.0156968701765811,0.0853948400357954,0.0158935019164423,0.00845511517615325,-0.00780019235142146,0.0192246950218533,-0.0220639223386295,-0.00335102131735233,0.0567380362723443,0.0593718668382854,"E02000029","Barnet 006",527246.244546428,195339.879317234
-5.42276876551692,-0.0197161813507673,0.00145536496321497,-0.0171387020077226,0.0562991579442094,0.0129899343042142,-0.00325765064956424,-0.0208001551910694,-0.000235681492973734,-0.0174524350901354,-0.00324538287271707,0.251100771397331,0.0322305457957573,"E02000030","Barnet 007",522736.368379066,194775.787742494
-4.79753126677949,-0.00346700120484907,0.00211910341562444,-0.0202423774370979,0.0797289642670593,0.014222850761142,0.00476051788553206,-0.0103311769936743,0.00889688622918792,-0.015487417921881,-0.00279217913841268,0.119741136799127,0.0622870803714157,"E02000031","Barnet 008",526484.698894305,194241.685430412
-3.74913195933242,-0.0267577010768657,0.0213502839478776,-0.0162373890171778,0.0654001418913756,0.0159048957039602,0.0119158238850101,-0.00413688440945284,0.0182037897853169,-0.0259534232420517,-0.00651984916550821,-0.0213283618228946,0.0927172665623101,"E02000032","Barnet 009",528839.404421925,194154.61157734
-3.98728849773613,-0.0278809489395193,0.0159797440827063,-0.0194779724504793,0.0693054436927243,0.0141686055022913,0.00943347234810338,-0.005077200929448,0.0142611765229142,-0.0163311399324597,-0.00598231743428739,0.0218190523151178,0.0970899124118347,"E02000033","Barnet 010",528235.725276371,193569.210417472
-4.45991637727512,-0.0286545891509318,0.00878257903109877,-0.0248292397144487,0.0694190433688149,0.0115108404890252,0.00489275331187445,-0.00911954956980808,0.00238508214622249,-0.00910535085869963,-0.00472738068855612,0.111574131909922,0.0844009247599192,"E02000034","Barnet 011",527072.168712592,193128.373234449
-4.87354540155404,-0.031477279863553,0.00524806153606603,-0.029439881334634,0.064462800204217,0.0103144348076456,0.00119125060292609,-0.0136088562130447,-0.00370745273902963,-0.0086859736550619,-0.00469632112240176,0.189575198769884,0.0606616797642498,"E02000035","Barnet 012",525825.887176229,193028.311679961
-5.20640042219991,-0.0539072871510412,0.00641160316574069,-0.00973300689626686,0.0466045790547172,0.0116405139079406,-0.00596620405138034,-0.0255535666809223,-0.00811975618381976,-0.0165570462354945,-0.00798383898393442,0.257254434701959,0.0541747597344499,"E02000036","Barnet 013",520325.557782937,193009.57171678
-5.01617257394371,-0.0605644192873722,0.00689760151708841,-0.0100210691544549,0.0454521808441144,0.00976090186545027,-0.00442244003755508,-0.0232915329362153,-0.0113109414498351,-0.0254366539109248,-0.011446036122808,0.248893317879499,0.0553122709877239,"E02000037","Barnet 014",518863.642734652,193601.778004069
-4.05829516244951,-0.0549760061563386,0.0183603803711966,-0.027364338314182,0.059249158648753,0.0100394511612876,0.00581949450438721,-0.005283647253536,0.0019154350240204,-0.00580616063664239,-0.00649216816947485,0.0810928567383523,0.103933994733844,"E02000038","Barnet 015",527828.26502017,192350.458064229
-5.12407364167535,-0.0522581221927302,0.00543600221731378,-0.0119596429983748,0.0420823985444439,0.0120043992248337,-0.00710588835186178,-0.024524870239419,-0.00604117016099154,-0.00466957525756575,-0.0066596351329919,0.252035528564151,0.0588644053239286,"E02000039","Barnet 016",521812.869360113,192190.579552239
-5.41824988750176,-0.0252482399122562,0.00394429814159922,-0.0175739904835179,0.0519420106470131,0.0114773789253037,-0.00515735536552892,-0.0228092257945984,-0.00433448015948942,-0.00377381853422681,-0.00704999243179571,0.26439937901335,0.0501905838412397,"E02000040","Barnet 017",523481.414245704,192439.313401176
-5.02350577953003,-0.0680474089130661,0.00798928412143795,-0.0102866919665949,0.0451674462939846,0.0111242327543722,-0.00690502517497253,-0.0218823700484168,-0.00899568766251817,-0.0157419398837595,-0.00799390122413206,0.243382238078749,0.0642978221093035,"E02000041","Barnet 018",519703.352287109,191930.210757931
-4.42222037901646,-0.0688439202180222,0.0118195353398133,-0.0379205242792253,0.0494530098835727,0.00632848118804257,0.000507303018161965,-0.0140711376030634,-0.012326369501122,-0.00292571373946199,-0.00774357833095996,0.19207152047304,0.0659621178289646,"E02000042","Barnet 019",526260.400807393,191902.020199829
-4.76632010300744,-0.0514020100315183,0.00650372153401611,-0.0332659061092148,0.0526614506021065,0.00767217633248814,-0.00210636374231373,-0.0183524817433982,-0.00858125438547616,-0.00370789691995487,-0.00878707430967273,0.223460415464081,0.0558598307011186,"E02000043","Barnet 020",525158.883689486,192117.714663445
-4.94579010793807,-0.0671062125346302,0.00692024848231417,-0.0107082094290958,0.0407390384346699,0.0120747412886603,-0.00816456087518317,-0.0235152811338926,-0.00724002450607945,-0.00563775280298528,-0.00693894791383961,0.238544272648837,0.0639600674095425,"E02000044","Barnet 021",521003.509091245,191593.882926682
-3.73785816561663,-0.093175035609131,0.0254604034854858,-0.0347912699622046,0.0411794923942549,0.00649650849163586,0.00401960213233669,-0.00393237782114491,-0.00789601519805462,0.000429059702155328,-0.00899794416716211,0.0994404071231967,0.104190189499034,"E02000045","Barnet 022",527904.938631386,191323.654652871
-3.91683006506589,-0.0912014303602436,0.0120523920413208,-0.0366879482263363,0.031336995006611,0.00414076099500483,-0.00359335911747231,-0.0203893629362082,-0.0167580335467213,0.00485898298189029,-0.0155357421462944,0.189883555812032,0.0599477738026832,"E02000046","Barnet 023",525551.480983437,190761.923176171
-4.78568667473624,-0.0792815300147652,0.00839562194796587,-0.0111107060971083,0.0404178931154914,0.0117712542521768,-0.0091941927382645,-0.0193835226551685,-0.00765741005007796,-0.00507079577291337,-0.00612778742998975,0.223718270036831,0.0732704614400496,"E02000047","Barnet 024",520442.970104498,190745.35230105
-4.52222507416742,-0.0590347768818504,0.00546658421636249,-0.0160420145757824,0.0318882615855786,0.00949931486269467,-0.00741363433781179,-0.0256895965817689,-0.00945503715876033,0.00648584714562522,-0.0122962699642668,0.217097822579167,0.0683969558751185,"E02000048","Barnet 025",523469.444271885,190795.178183684
-4.62640264052302,-0.075237587628312,0.00678237449011636,-0.0115688920636154,0.0340479943476052,0.0119259236768562,-0.00941091006717237,-0.0230390631816723,-0.00730384875808051,0.00119779543032422,-0.00748439376530404,0.217243157800716,0.0711309130278433,"E02000049","Barnet 026",521559.147771176,190714.70899262
-3.64771874924457,-0.120449856766955,0.0204034912987101,-0.0476947736567961,0.0246872639987465,0.00274357182797543,-0.00024688546834449,-0.0139109125574647,-0.0203375830817441,0.00462316445032305,-0.0125343299067751,0.174044910679142,0.0589554528147443,"E02000050","Barnet 027",526728.30897367,190620.247470334
-3.63560737464898,-0.0840031101963957,0.00991894169185802,-0.0233245365556589,0.0220149838590335,0.00549890298796364,-0.00656652053653342,-0.0259749138522346,-0.0178114364443309,0.00997260472434288,-0.0210628834598849,0.16366821941238,0.0625294366241872,"E02000051","Barnet 028",524820.375290552,189902.502247323
-3.34681731378409,-0.146530163169467,0.0236667537135634,-0.0533794091823597,0.0105725421773458,0.00222255498284551,2.81313974615787e-05,-0.0136594181202167,-0.0209988681533556,0.0079173135456297,-0.0164695378829103,0.173434747932446,0.0484532618080679,"E02000052","Barnet 029",526943.881091317,189657.293280387
-4.06263931684592,-0.0795761035858771,0.00640097753478888,-0.0119896739168571,0.023351683719604,0.010414544372397,-0.0105003018758362,-0.0255275709400676,-0.0100100725438877,0.00885373634436933,-0.0113926645091941,0.181610818779724,0.07541288243807,"E02000054","Barnet 031",522609.186443502,189699.480899839
-3.57973495484434,-0.0869113613892853,0.00670881833567224,-0.0131603643864866,0.0167499194656859,0.00919009100667171,-0.0095758533301576,-0.027542302807862,-0.0132677877507903,0.010101087514551,-0.0148599762933805,0.147773515116415,0.0800513185739972,"E02000055","Barnet 032",523148.557856074,189160.09362057
-3.31417170566437,-0.129640069785777,0.0202088587040261,-0.0404652374208606,0.00496526130865784,0.00516533696011555,-0.000156620432646688,-0.0202281343680544,-0.0212053419528256,0.00557098925264191,-0.0248347578852415,0.161706056430732,0.0380343428714813,"E02000056","Barnet 033",526352.925603114,188507.533295787
-3.21322324839213,-0.0930340526999388,0.00746023581778816,-0.0133819937026775,0.0113318435235829,0.00836070841337887,-0.00874324052450596,-0.02923386937692,-0.0166247686726728,0.0100268065009933,-0.0176382028072244,0.121595927037245,0.0800014202432426,"E02000057","Barnet 034",523576.306159738,188624.63509666
-3.12738340380436,-0.0999464273569628,0.013012826421839,-0.0211809003979407,0.00790616555407372,0.00622949088430575,-0.00471913001062381,-0.0277840904070659,-0.0225585469996368,0.00890322095351479,-0.0249108393346161,0.124920459593551,0.0550841454168167,"E02000058","Barnet 035",525158.929452155,188671.391381101
-3.61855664962376,-0.0956174716119184,0.00835546110385961,-0.0136226521410625,0.0230966443380807,0.0116496172478207,-0.011058934400846,-0.0134403500620498,-0.00872190089021635,0.00828254912946088,-0.00594520506099039,0.124439965442556,0.1042924726599,"E02000059","Barnet 036",521790.814326057,188097.699722067
-2.98802730279467,-0.0974551689995291,0.0094253781982172,-0.0143467217784336,0.00651702175399757,0.00782365931128741,-0.0064320394248018,-0.0301286773804455,-0.0210107876735943,0.00872175216127555,-0.0213170861449536,0.105706819665697,0.0714029090672312,"E02000060","Barnet 037",524289.396409165,188205.270895602
-3.13202332720421,-0.107594146822868,0.0124930604444425,-0.0193834586751479,0.00423276573002812,0.00966930297435136,0.000174420674244516,-0.0262071844640063,-0.0231466673043386,0.00449838560018115,-0.0234720246287023,0.11391766646558,0.0545271801557242,"E02000061","Barnet 038",525174.143859394,187210.176297085
-2.89310823366382,-0.104270537505472,0.00861003678704715,-0.0150218045723478,0.0103079886369527,0.0103157243931519,-0.00607764795936176,-0.0234212686195868,-0.0175216840812474,0.00604810416698972,-0.0144482953884912,0.0786497840644813,0.103239292521263,"E02000062","Barnet 039",523330.580942709,187125.628287436
-2.8325203401753,-0.11017715796576,0.00967182787087902,-0.0163870562229368,0.00626656092406277,0.0105066021121423,-0.0023003342468883,-0.0262770514656922,-0.0213478647908951,0.00464805760008025,-0.0180008270486886,0.0790673619611919,0.0895679783799358,"E02000063","Barnet 040",524084.043501356,186769.688235706
-2.87605657479304,-0.117217735482212,0.0112264885463075,-0.0190432118324203,0.00531483038916839,0.0118170703878936,0.00246072612830773,-0.0258296368589335,-0.0231800587683515,0.00312830267539285,-0.0206794786551697,0.0798904791790658,0.077128260932729,"E02000064","Barnet 041",524712.169010478,186135.346856927
-5.73039244685216,0.0238427133744197,0.0287087593846192,0.0277327316641244,-0.0829647681532078,0.00464731652929959,-0.00299122638244957,-0.00996170240082102,-0.0243612227044235,-0.0135776173116607,-0.0215668366870396,0.253949697190212,0.163635963358286,"E02000065","Bexley 001",548360.50299195,180390.331120472
-5.66352413852553,0.0262321769213905,0.0301392506906085,0.0288124639040937,-0.0728919999257908,0.00742828827383185,0.00206025576051477,-0.00916692895873141,-0.024950628616219,0.0013984269305402,-0.0204178960653668,0.207919299583475,0.217482100275216,"E02000066","Bexley 002",548001.489334768,179327.599453778
-5.59550540934639,0.0225880831597288,0.0300899436300562,0.0291061496030946,-0.0840105276962897,0.0031113343216858,0.00023685707103503,-0.0116037889209452,-0.0239256983584212,-0.0103222646923753,-0.0238144422930164,0.231383366641489,0.223075382184995,"E02000067","Bexley 003",549468.952314907,179398.431665616
-5.61481002556242,0.0204867111427965,0.0307323549435005,0.0302295703860914,-0.0876025224316046,0.000710091441683584,0.0018668707479185,-0.0121970035817394,-0.0230780878308648,-0.0149751040414062,-0.0263732820052019,0.238139633793218,0.240982991353819,"E02000068","Bexley 004",550748.24257366,178863.325481442
-5.61051757483166,0.0232701725159377,0.0320039484181061,0.0309147708260522,-0.0795966018319306,0.00281420423821542,0.00587932125560541,-0.0105214856814925,-0.0239738449520313,-0.00181258992659766,-0.0248521371657382,0.207284055673188,0.276295745729838,"E02000069","Bexley 005",550078.231506385,178180.150088348
-5.58865507007314,0.0339776957179977,0.0334393007611843,0.0310360947132069,-0.0599149815482766,0.00882888433643079,0.00955791261538777,-0.00707666240899359,-0.0247917940212249,0.0129655880888229,-0.0195871469048844,0.148556577358952,0.281837770362413,"E02000070","Bexley 006",548276.467759098,178001.147590577
-5.62835386938205,0.0298695356094982,0.0347107275948739,0.0324185478140048,-0.0696221150848068,0.00439311472738646,0.0120245777431166,-0.00762277474678827,-0.0243635042684804,0.0083570363727781,-0.0225562374849906,0.166237867818902,0.307076713277894,"E02000071","Bexley 007",549837.064536494,177250.672228525
-5.72767529971167,0.0179115708991126,0.0330844338439105,0.0329212247230629,-0.0922448141267807,-0.00316738722864904,0.00915120427374159,-0.010891946106625,-0.0237367920092402,-0.0140227866675579,-0.0288801292271655,0.239012347247488,0.281538767469787,"E02000072","Bexley 008",552736.511675655,176997.895024562
-5.72870101085958,0.0436083110259364,0.0370506261917088,0.0326070591731113,-0.0464735671870618,0.0110799754671753,0.0169105972853256,-0.00310721321446738,-0.0248204214540589,0.02330798423386,-0.016670854048754,0.10896329403197,0.300838843622253,"E02000073","Bexley 009",547830.263279316,176924.955971095
-5.71367173301969,0.0242982911568912,0.0350078670743963,0.0332595565037184,-0.0806015676010185,0.000173406638460238,0.0131203168260094,-0.00838257315624582,-0.0244642750038843,0.00130358984736219,-0.0251957304529292,0.196956111587384,0.30763028430688,"E02000074","Bexley 010",551324.881179298,176680.704250641
-5.68458925846586,0.0393269573477893,0.0377808250852975,0.0333715039325757,-0.0582174519302088,0.00743143881297939,0.0174494143599948,-0.00402770108470118,-0.0247032605317581,0.0183625832077918,-0.018623890338901,0.123006575875823,0.315125671233943,"E02000075","Bexley 011",549001.015081102,176628.158714529
-5.94503465352657,0.0507146939352533,0.0387143895848789,0.0330286721394529,-0.0365300517318185,0.0133733109956788,0.0204347293954425,-0.000660449407140804,-0.0252326232894159,0.0301420101159642,-0.0144314425766045,0.0993867537562978,0.291913275157425,"E02000077","Bexley 013",546964.633274792,176424.001376822
-5.74442620038817,0.0301207723215563,0.0370062503603007,0.0337635900290418,-0.0735289979408789,0.00234593861287595,0.0166794323468948,-0.00600824654656878,-0.0247584116634226,0.00919654507009766,-0.022091546368763,0.167652640543109,0.31600343871546,"E02000078","Bexley 014",550652.211150874,176282.660388855
-5.89086663866754,0.0426474563885008,0.0419635240451827,0.034057745716862,-0.0607026662608911,0.00761465794492726,0.0235853776719235,-0.000538186961346832,-0.0251259676600132,0.0237681378880197,-0.0151860310915261,0.114569712211745,0.30491371094054,"E02000079","Bexley 015",548769.39549091,175474.362997799
-6.23293925509138,0.055971852331227,0.0416405227802983,0.0336188633368618,-0.0366653149758358,0.0135282815505849,0.0242763647153875,0.00139867060769997,-0.025977945729252,0.0345964811035869,-0.0131665691802044,0.108422613329153,0.285059103480446,"E02000080","Bexley 016",546346.925549511,175493.474481018
-5.88809256319799,0.0360920054033688,0.0416611860374812,0.0346216361802079,-0.0717367605261702,0.00374487528093456,0.0233077468374084,-0.00181151971787565,-0.0255096028343123,0.0173750941755836,-0.0173656534172461,0.140436886423534,0.310826849168305,"E02000081","Bexley 017",550145.98751542,175235.953536103
-6.53991920693772,0.062798687139143,0.0415627148975841,0.0334168322494033,-0.0271302307533699,0.0149425120442107,0.023920503681235,0.000744757494199257,-0.0263805223858043,0.0389730744311214,-0.0138331352896519,0.130004375881692,0.286632377373812,"E02000082","Bexley 018",545268.00945712,175362.859856223
-5.97071678246412,0.0273594940447176,0.0403326093884556,0.0348822649316442,-0.0835283826152758,-0.000534336467964377,0.0221995756858017,-0.00360273378228734,-0.0261328071301488,0.00912138541488772,-0.0204650162661714,0.184885860116629,0.307193575190447,"E02000083","Bexley 019",551689.515490382,174881.428732592
-6.11187137719877,0.0452145951144631,0.0440535328108893,0.0337809540798237,-0.0594946546788642,0.00895790018911505,0.0263600507084473,0.00162762441600423,-0.0258223745821406,0.0281703352918279,-0.0129598056715263,0.118819805687181,0.285024959661518,"E02000084","Bexley 020",547931.334732379,174782.982413272
-6.36148545433744,0.0493470824800718,0.0467223191118943,0.0337870916052903,-0.0610096036818076,0.00962831599848606,0.0278046645842643,0.00244064537251284,-0.0273875136490943,0.0322959421296025,-0.012923117165838,0.132997239874932,0.270964909280683,"E02000085","Bexley 021",546747.676365086,174274.144247238
-6.5443900580459,0.050035974797601,0.0469844380995981,0.0330965464348513,-0.0590463439482788,0.00948854233742665,0.0275086566398305,0.00167824280231707,-0.0286028213635173,0.0332268211347122,-0.0141738610296793,0.154780252004357,0.260792943445808,"E02000086","Bexley 022",545878.129846993,173783.706519369
-6.27699949523217,0.033720711620314,0.0470106955853179,0.0338430468548815,-0.0832164398590409,0.00407937686999484,0.0289847909930007,0.00224164738451037,-0.0269272388590486,0.0220787664043654,-0.0125500624452984,0.161177311051512,0.272624193530346,"E02000087","Bexley 023",549669.035864554,173548.417812207
-6.45221374087493,0.0395489649442573,0.0494559995774123,0.0333299473990741,-0.0794707241352354,0.00641733732423859,0.029739277548296,0.00313213516739147,-0.0288955369374235,0.0279482610223973,-0.0124937067590227,0.160875533037985,0.249359372918749,"E02000088","Bexley 024",547642.864469048,173205.916649521
-6.70361381126356,0.0447401925290696,0.0476880733074704,0.0310582941007713,-0.0605443157626045,0.00725011878446761,0.0269311113208868,-0.000284710166059472,-0.0313466855340983,0.029264541589553,-0.0163535347673942,0.19123513613507,0.236734737061088,"E02000089","Bexley 025",545084.242585149,172914.65436051
-6.72989327391725,0.0367692826338086,0.0514318776220284,0.0310073835536955,-0.0810489115875003,0.00489584505984826,0.0286622264358924,0.00102015323757447,-0.0324425617573543,0.0249897554934366,-0.0155786806016548,0.206727433104317,0.218317701031387,"E02000090","Bexley 026",545880.41630046,172225.772467763
-6.78464684013909,0.0298647070920812,0.0546932723969644,0.0311964483827797,-0.0988880737405313,0.00337672087768263,0.0302304264201142,0.0025790136526986,-0.0324854920305288,0.0227877113663266,-0.0144980995419883,0.220547082317371,0.206628307519078,"E02000091","Bexley 027",546866.936652437,171710.662483696
-6.74665443576514,0.0260417327318703,0.0543974892844304,0.0320987005327138,-0.105894260350616,0.00265362838948428,0.0316296422490361,0.00405900883054054,-0.0311809792099051,0.0221622149078372,-0.0125229753190882,0.218287094690279,0.211730314024015,"E02000092","Bexley 028",548646.816585438,171467.279127572
-4.73574411813838,-0.0898586511497089,0.00950668175498309,-0.0132813977058577,0.0408719143509164,0.0105754064269663,-0.0094113899261611,-0.00882060657227744,-0.00810800267910577,-0.00832444676301972,-0.00376279862359001,0.220840860167459,0.0891221515190161,"E02000093","Brent 001",519612.074402568,189690.941220268
-4.36913417591855,-0.0937437873951183,0.00928600870731833,-0.0128095599179224,0.0350296602853,0.0119301928120624,-0.011360625173785,-0.0116200844505366,-0.00658595144843258,0.00205905821649552,-0.00314642851508407,0.185220966228706,0.0908396200982333,"E02000094","Brent 002",520666.03390685,189156.777321451
-4.63250944012006,-0.100152409195966,0.00891525600760749,-0.0163753734280944,0.0359915685088578,0.00944223490933773,-0.00924223245476635,0.00231375569737928,-0.00845508459169169,-0.0106073789427908,-0.00115731652566723,0.223499735524164,0.106743287698951,"E02000095","Brent 003",519253.528451823,188678.065128168
-4.4710084847526,-0.12044406819001,0.00506320542865261,-0.0234246927738672,0.0210747395641379,0.00469681024398415,-0.00455840810378017,0.0151120745333662,-0.0150481182914076,-0.0394401752892926,-0.00347569872235891,0.268851163279444,0.11899411329899,"E02000096","Brent 004",517633.451297015,188209.923196932
-4.14756644214104,-0.10018922330157,0.00944615498900298,-0.0156413871875373,0.03182570452861,0.0112700365413897,-0.0110818516169404,0.00268277448429557,-0.00659402432367761,0.00153718993472105,0.000805342553752906,0.163885172854813,0.114970762499114,"E02000097","Brent 005",520392.362146708,187860.813900338
-4.24920535361731,-0.111438244183091,0.00671545230501287,-0.0213171929600805,0.0239847961983164,0.00797139114669088,-0.00705702905973787,0.0160461011696056,-0.0102307760345153,-0.0159196853353417,0.00122206544604531,0.210314830640226,0.133670505226476,"E02000098","Brent 006",518980.044437893,187546.053840423
-3.88442964394647,-0.13548022004006,0.00438678474058485,-0.027554712881091,0.0122051869981467,0.00513928624776149,-0.00330931768775025,0.0249203106603743,-0.0152068981847265,-0.044629651999278,0.000638202378154792,0.218979798598051,0.131613728547822,"E02000099","Brent 007",517818.866103195,186969.380795865
-3.81637151690339,-0.153876609967525,0.0043089334217982,-0.0290429529156905,0.00832515489393479,0.00197672907714262,-0.00220631382998678,0.0247585635311401,-0.0210950365106595,-0.073547070187334,-0.00315677266322561,0.246975248523929,0.111396502397759,"E02000100","Brent 008",516664.173832605,187130.513880428
-3.92817370293742,-0.102449937603941,0.00825844462984987,-0.019531687220525,0.0255883646980412,0.0105177903858004,-0.00848263370434571,0.0187061432995565,-0.00770134595769398,-0.00569233895857823,0.0043777470295937,0.148326862663978,0.150498735562077,"E02000101","Brent 009",520022.325549303,186701.494315159
-3.70835208583209,-0.0885613036303903,0.00968925333282989,-0.0152726572568362,0.0276039163908252,0.012254086521476,-0.00957209138915841,0.00547593876895239,-0.0080072563461676,0.00332068640768913,0.000732796963509679,0.10818603747535,0.140404054508044,"E02000102","Brent 010",521307.663626501,186729.578992039
-3.15773211131757,-0.0922301598727737,0.00962144446386873,-0.0150187726669373,0.0202958228386306,0.0124008072510005,-0.00658654902644078,-0.00888656086513981,-0.0132160872392395,0.00396422162806409,-0.00725353182410105,0.0681744157410476,0.137231332131023,"E02000103","Brent 011",522480.027967312,186448.664827282
-3.51343695575605,-0.12748813003405,0.00437896764261708,-0.0279520290888767,0.0104140483571632,0.00747126797970635,-0.00289185481085306,0.0284414449709792,-0.0122870934988057,-0.0366370584629949,0.00463812304810427,0.160440542426404,0.150148787532475,"E02000104","Brent 012",518492.399066939,186232.288727269
-3.28609421634234,-0.161799489523496,0.00395403362458218,-0.0331245983143774,0.00154573715903159,0.00308094168897331,-0.000875097882126543,0.02872312118562,-0.020390462458363,-0.0895675690491731,0.00190260052661648,0.196543363444458,0.123106856604863,"E02000105","Brent 013",517044.191836494,185874.806147752
-3.75945594067488,-0.0761015962241444,0.0107600540461531,-0.0155679598906207,0.0297623547143653,0.0134751758552883,-0.00731533307916437,0.0133844263849325,-0.00881216818661912,-0.00183204160057502,0.00338547505030007,0.0928241461297993,0.177200532294649,"E02000106","Brent 014",521366.887827039,185741.559181146
-2.79104500291747,-0.10521509366615,0.0106515545872254,-0.0173233784533371,0.0147279546214825,0.0138390179066547,0.000424150531857824,-0.0187494988535242,-0.0193701276340766,0.00160295246791488,-0.0140812365943604,0.0394435170355427,0.141465912369813,"E02000107","Brent 015",523477.125499106,185579.517386727
-3.1031104780529,-0.179750220918981,0.00365644499013327,-0.0349108072222932,-0.00403420873268241,0.000830885016434141,-0.000284298712449386,0.0279058966083215,-0.024709130688225,-0.116985106877866,0.000845115870086556,0.209619475250899,0.0981444139091334,"E02000108","Brent 016",516207.010924509,185582.174850666
-3.11587206605331,-0.087450405779911,0.011448160491086,-0.0162702616931281,0.0244011559824293,0.0147997797890123,-0.0016389429593853,-0.00467331504153678,-0.0152638715913411,-0.0010508724090444,-0.00737097008105389,0.039239924103481,0.179060722600522,"E02000110","Brent 018",522687.006854483,185289.05313072
-2.89025891095955,-0.151028188183887,0.00346939346411744,-0.0352743940698664,-0.00189981744364365,0.00528702221644776,0.000474653027894124,0.0297186446115426,-0.0178690943145516,-0.0938980277159015,0.0067135624003918,0.142186529306617,0.14220734611705,"E02000111","Brent 019",517632.47076264,184997.961329887
-3.22411826171656,-0.106512251318168,0.00469538807733553,-0.029122083392874,0.00998179801543031,0.0100579321755515,-0.000255077053815975,0.029991243000242,-0.0113505861866223,-0.0458337849410162,0.0091763914842445,0.105442502144407,0.197066304693789,"E02000112","Brent 020",518994.783283087,184864.566355042
-3.75837406957942,-0.0744896833862199,0.00956089380482878,-0.0195899531605523,0.0272274973406001,0.0133318383653682,-0.00411025443779131,0.0245325752581327,-0.00920779155974348,-0.0159029572053503,0.00725072009075694,0.0952507157537762,0.226063328400562,"E02000113","Brent 021",520618.728818805,184950.515017323
-2.92451924666327,-0.0900670635648324,0.0122265890480221,-0.0176487672713222,0.0273819652616019,0.0168374771396385,0.00328728352587234,-0.00597467625705258,-0.0169683213517695,-0.00308677055461188,-0.0109096146647145,0.00560176912727168,0.212581371608489,"E02000114","Brent 022",522920.639062718,184587.818244211
-2.4724600261593,-0.119998311525922,0.011932408380456,-0.0202972256220537,0.0151421528334446,0.0166109312392082,0.00798792302305019,-0.0243150452332286,-0.0218816207713117,0.00173193966645702,-0.0208987876532529,-0.00114528824237714,0.162279212852943,"E02000115","Brent 023",524052.767468708,184647.450664938
-3.24675191441609,-0.0760207093200916,0.0126814633887018,-0.017241864054958,0.0328649606588265,0.0163849172432164,0.00184175253879243,0.00670564686493359,-0.0149151230942554,-0.00935772526087459,-0.00496533095571363,0.0204040449289039,0.253489487607296,"E02000116","Brent 024",522309.349734133,184322.697421327
-3.65182045554224,-0.0649301674697481,0.011991219154989,-0.0176449792040915,0.0330812986448651,0.0151439763766977,-0.00109500086436898,0.0185913197652146,-0.0120806185522876,-0.0156485180984095,0.00297153114842546,0.0599736957314331,0.267004017509048,"E02000117","Brent 025",521454.530524124,184324.837592462
-3.01907773953163,-0.106227428547688,0.00415653270817729,-0.0323431324150975,0.00453862392452267,0.0101729789348563,0.00212358424155587,0.0296985393630409,-0.0129500749677321,-0.0729201038648959,0.0116002120176088,0.0957375804940942,0.200644071380249,"E02000118","Brent 026",518748.782252756,184135.131003194
-3.53314058874355,-0.0630752115694477,0.0087375328914567,-0.0244485831578124,0.0244661419430725,0.0134634443713852,0.00260677002536352,0.0264523335068253,-0.0124203585622187,-0.0425554456899736,0.00938379023310858,0.0728040059309503,0.303162086768952,"E02000119","Brent 027",520089.551705827,183435.587430891
-2.23077842716411,-0.139493200488713,0.0181372675339769,-0.0238334946961569,0.0112174821137376,0.0196290409796852,0.0145993546632075,-0.0307578336682807,-0.0230702319648553,0.00284114899168362,-0.0291478155551826,-0.0318810436660433,0.159781367556518,"E02000120","Brent 028",524908.352109521,183897.508377329
-2.896878257097,-0.124648089550017,0.00434475780423388,-0.0351367904059338,-0.00156716167320437,0.00666070231957776,0.00263944694027083,0.0274776207761942,-0.0181580276840559,-0.112921810630051,0.0108639119913883,0.122194525411104,0.181594506433243,"E02000121","Brent 029",517975.64033487,183751.433298277
-2.33798838514372,-0.108526286423712,0.0124454473494596,-0.0202038019202877,0.026689606676813,0.0192522992468209,0.0107050473146279,-0.0167822502651723,-0.0202010372760851,-0.00148553075487125,-0.0206606222978724,-0.0538407384027331,0.235886585338687,"E02000122","Brent 030",523507.47113827,183925.688125202
-3.38865626170412,-0.059695351924657,0.0132872791668479,-0.0180395699929087,0.0386323073305807,0.0169435918067095,0.0050498553555439,0.0158822106596179,-0.015111855992441,-0.0201432165065231,-0.00198514275520803,0.0109586201392629,0.336358620157004,"E02000123","Brent 031",521766.609938587,183392.01928723
-1.93381905743025,-0.12713806851285,0.0159073593949357,-0.0224408987371106,0.0228715732334407,0.0224303827702295,0.0176231120736125,-0.0290606151708735,-0.0224652628936863,0.00264559227893406,-0.0295433459500834,-0.0972336790140285,0.239082426130827,"E02000124","Brent 032",524171.15687388,183322.068074613
-2.51761024168028,-0.086039660977005,0.01319623226999,-0.0193885560541417,0.037989464761193,0.0201983159896918,0.0127938516279656,-0.0046767069132151,-0.0188578670015852,-0.00817896156571628,-0.0174621019303927,-0.074386955997504,0.316589578063102,"E02000125","Brent 033",522933.3498757,183203.038330227
-2.15033237400494,-0.141482872551934,0.0272179552269089,-0.0249027041428457,0.0114076989621758,0.0242141910580031,0.0199650264883926,-0.0357756736991869,-0.0220376985717985,0.00420275326557853,-0.0344423777069855,-0.071927188737712,0.181679379563922,"E02000126","Brent 034",525170.550679935,183118.72709664
-6.98567636850983,0.0268234284843035,0.0431861615629326,0.0251815833546267,-0.0326417742437194,0.00219581783932002,0.0168556120695758,-0.0110317571192728,-0.0416823532390772,-0.00468686447450258,-0.0288799604171254,0.295612011464233,0.18777410798951,"E02000127","Bromley 001",541918.989077798,172435.219911611
-6.96956488882024,0.0280008860795992,0.0494434282071193,0.0252824288784851,-0.0623358965300247,0.00105806935153868,0.0253941755605046,-0.00321825079578205,-0.036271066525744,0.00537014159766114,-0.0206786451711018,0.272678334175354,0.172014541714863,"E02000128","Bromley 002",544232.737616002,171416.312334204
-6.54491430652985,-0.213365633941032,0.0217604970248635,-0.00766036660017209,0.0570283282438465,0.0041474236528495,-0.00473575506715418,-0.000616731343366857,-0.0331297637001923,-0.105935226759303,-0.00347222528653851,0.476449343886633,1e-06,"E02000130","Bromley 004",535926.811348401,170683.341987428
-7.2012851680446,-0.257246165051897,0.0182515431974103,-0.0100314862560578,0.0434588336413152,0.00419464845160622,-0.00362710103590911,-0.00131117794312804,-0.0208147399627851,-0.115286886730942,-0.00125231490190469,0.57907356657172,1e-06,"E02000131","Bromley 005",534344.413104092,170694.371414725
-6.07411676174127,-0.151181574125022,0.0270293259318185,0.00116733357213751,0.0536037203025113,0.00150605283747347,-0.00408289340044714,0.00186085290409916,-0.037639041751002,-0.10125317694918,-0.00469668549305561,0.373982304890692,1e-06,"E02000132","Bromley 006",537163.94716518,170312.171461568
-7.086401872952,0.01567718603356,0.0476697682123435,0.0184488690713959,-0.0310272652641374,-0.00645521486639929,0.0215000967821941,-0.00332873739455556,-0.038385812828033,-0.0468891888743471,-0.0241747804749805,0.335845689497366,0.102473026887763,"E02000133","Bromley 007",543264.027192414,169902.107927647
-6.10385732389642,-0.0245312110656865,0.0490209252461942,0.0194066263269529,-0.0161786241993775,-0.00771034101366858,0.00836849091210855,-8.39073110867474e-05,-0.048150223711066,-0.0821133174613376,-0.0279791317056702,0.280806966340736,0.0715028596573575,"E02000134","Bromley 008",540465.844483532,170057.677257873
-6.40089479641429,-0.230935183445135,0.0206650855696127,-0.00741036486219377,0.046488936076567,0.00438656698483968,-0.00427061831276023,0.00223303997353547,-0.0160039827242474,-0.117306529916211,0.00643316763165015,0.462884042893485,1e-06,"E02000135","Bromley 009",534848.22543327,169849.738923939
-7.12142660880635,0.0214808596161819,0.048690591527825,0.0230985883728628,-0.0587373120043925,-0.00125129150989784,0.0272760487676722,0.00153997560682765,-0.0331344682508666,-0.00213552243576609,-0.0162382656754313,0.295918609373644,0.137675329599418,"E02000136","Bromley 010",545447.082248634,169710.332076654
-5.99733082998338,-0.064305558541697,0.0389905107751981,0.0152726005222062,0.00848956652458826,-0.00388248799366829,0.00100940015005211,0.00742359848562129,-0.037918713335334,-0.0946749496406923,-0.00978908676315923,0.294656474953196,0.0395343963889983,"E02000137","Bromley 011",539003.787116077,169491.183068226
-5.91097668890307,-0.10368830344503,0.0325519088977021,0.0087183218144552,0.031203290532925,-0.00017505343909755,-0.00228322705950609,0.00941242580341202,-0.0294257218796865,-0.10235682448894,0.000133365559298322,0.308962903630555,0.0171185910664417,"E02000138","Bromley 012",537937.340851143,169330.04039897
-5.71488310293402,-0.187269458433026,0.0245156611851112,-0.0039764391948312,0.0510918759241669,0.00436910328250354,-0.00416568811981789,0.00641850088817992,-0.0208349472060005,-0.110695825877608,0.00759683161370893,0.34914679422295,1e-06,"E02000139","Bromley 013",536196.567583227,169577.255391502
-7.16331549810532,0.0208184587680584,0.0525953041011953,0.0256385208461854,-0.0807964841131931,-0.000447037889737735,0.029655647427411,0.00384743664086481,-0.0315197815155689,0.00816394715387904,-0.0139536590147736,0.288659835055037,0.146523697488992,"E02000140","Bromley 014",546774.387125603,169414.493202171
-6.02437784250324,-0.201932459046094,0.0228173713320702,-0.00402873276798885,0.0389671922533479,0.00451836453993358,-0.00398243474403207,0.00707873183566468,-0.0107412712531159,-0.117346412451215,0.0121697611477773,0.39222259225922,1e-06,"E02000141","Bromley 015",535175.966836474,169137.335236064
-6.61758211796052,-0.0084275558656542,0.0490670939916513,0.0190029223918041,-0.0261423226719235,-0.00705795136301048,0.0132988857733553,0.00209200275034627,-0.0376223655189875,-0.0739532760725771,-0.0209630834523111,0.312188682645762,0.0853054390878217,"E02000142","Bromley 016",541532.770523792,169279.561120143
-6.55010817557768,-0.0327363105261742,0.0438546607182872,0.0174421425620954,-0.0143385473931607,-0.00432445459857737,0.00665798230332965,0.0110105144069919,-0.0296557003475731,-0.0880824642656841,-0.00790560539401032,0.319645521346028,0.0607782025185881,"E02000144","Bromley 018",540226.429242414,168605.662847477
-7.31554679190832,0.0170370485074352,0.0543127378532392,0.0262320049788921,-0.090988940381237,-0.000592800694506381,0.031378383848785,0.00691781097542146,-0.0286379839492511,0.012889892017744,-0.0109874204262493,0.301493330870792,0.14102042224154,"E02000145","Bromley 019",548661.522090254,168148.108840929
-7.10121355806412,-0.0117560409003117,0.0454905603717364,0.016913549282686,-0.0192485532202473,-0.00442000082208478,0.0127095650441829,0.0100306881933499,-0.0250498629137561,-0.0763095327753717,-0.00740342818193753,0.35390933518248,0.0764218733684739,"E02000146","Bromley 020",541542.121967582,168082.054598415
-6.51884089184169,-0.0619848357742801,0.0368712254936839,0.0138994474151728,-0.000778390524413046,-0.000696685932143765,0.00138936927723553,0.0166200145913962,-0.0188859451859314,-0.0976190510079657,0.00460021717393782,0.333951433244854,0.0315741143507632,"E02000147","Bromley 021",539016.619959825,168012.882374129
-7.55651408548552,0.0107503762352708,0.0440954388729398,0.0157447529481809,-0.0189417177997102,-0.00465746821246478,0.0208762869733941,0.0056561901100179,-0.0252749575631836,-0.0550013815633716,-0.0100981065421963,0.377926897043961,0.0858605241341148,"E02000148","Bromley 022",543508.823547856,167951.221120927
-7.44967758072218,0.0182933480789158,0.0445199919072358,0.0195632027352788,-0.0405700069442687,-0.00204505451477148,0.0276338083303697,0.00595864382373145,-0.0269886733320168,-0.0124203265553466,-0.00963476731167706,0.334430614355112,0.117935508647907,"E02000149","Bromley 023",546404.74588831,167821.744900437
-6.34966700569881,-0.112597332856692,0.0308836039632491,0.0057993297500002,0.00795963200593823,0.00337262263945781,-0.0024880665370388,0.0188711635302424,-0.00574608767861975,-0.110247705530283,0.015762941327812,0.35337499538829,0.00203330626789269,"E02000150","Bromley 024",537255.340938619,167439.919440205
-7.83254350948324,0.0161973643086873,0.041181457927012,0.0143654668104231,-0.0137173935573792,-0.00340793728399924,0.0243509190514867,0.00710732576071387,-0.0218430188573335,-0.0431533976565876,-0.0064226708395364,0.392818861305633,0.086993404632748,"E02000151","Bromley 025",544765.210397764,167289.086084388
-7.74510975552306,-0.00196231500119868,0.0420139767857421,0.0146665303576916,-0.0137185905286664,-0.00230755739317862,0.0164916814686636,0.0129570593362391,-0.0163636046463464,-0.0668541195115353,-3.00239061574661e-05,0.402891032842335,0.0788702921072356,"E02000152","Bromley 026",542627.353063506,166983.045726353
-7.42000489047589,-0.0371232308123508,0.0379620383646121,0.0136674536100888,-0.00837123498591761,0.000221806575554363,0.0057513549357972,0.0204275150412448,-0.0116246603111384,-0.0912800036000473,0.00770553803542715,0.403796364435363,0.042331283001819,"E02000153","Bromley 027",540116.385673224,166903.513685984
-7.94302103202758,0.0173640072964641,0.039859977424261,0.0143694539084758,-0.0147247738469672,-0.00234812413056349,0.0263132421357414,0.00893902783009907,-0.019482922804314,-0.0337125234693795,-0.00335660840199008,0.394576400388007,0.0924297566548478,"E02000154","Bromley 028",545894.10502675,166567.519493291
-7.77391763461023,0.0185162435050122,0.0417002263610349,0.0172522250595334,-0.0295463992307644,-0.00194918430466654,0.0285252752466328,0.00891839472317249,-0.0217416508452507,-0.0164787380231862,-0.00448714621916899,0.366466955569542,0.105931021590332,"E02000155","Bromley 029",547212.34478439,166495.729313257
-7.17682939359055,-0.0722288433240926,0.0345547992204073,0.00995289279727473,-0.0127562127466252,0.00202754887718438,7.77682116085462e-07,0.0235099146801921,-0.00226163361123011,-0.104548008355233,0.0155997303316776,0.413039081794035,0.0141531237774216,"E02000156","Bromley 030",538386.12283154,166045.264281134
-8.32976357895376,0.0131461235898242,0.0376556432099362,0.0120094197380184,-0.000262958967206385,-0.000766623641562152,0.0225194687778,0.0136584509896885,-0.0113050122417994,-0.048749577395927,0.00455024980635713,0.439429923733778,0.0778478700877657,"E02000157","Bromley 031",544507.788359662,165828.918641204
-8.02113479164883,0.0158182573362683,0.0389874403919303,0.0147895556275078,-0.0177141833481258,-0.0011180524568474,0.0273436663591551,0.0113055990904376,-0.0169615997429276,-0.0267306871817683,-9.25971175162503e-05,0.395407754421287,0.102790101421011,"E02000158","Bromley 032",547275.2348129,165451.044470382
-8.4824880659072,-0.0127690681395741,0.0373467430685965,0.0110279040965905,-0.00528885341089469,0.00163521907060366,0.0129101696240285,0.0231780091630633,-0.0022383223666601,-0.0768536678340785,0.0134773689870993,0.484703482326522,0.0526628984152349,"E02000159","Bromley 033",542235.459977762,164792.987257028
-8.01388313416987,-0.039277506131877,0.0368172754362028,0.0119584384588604,-0.0216891745443203,0.00138906092175383,0.00469800329645293,0.0256419707272948,-0.000789407702304859,-0.0942735250652268,0.0155401214913813,0.473153696191208,0.0275125941656195,"E02000160","Bromley 034",540101.025998087,164867.294219821
-8.54457782342846,0.0160211124107522,0.0352833796149498,0.0105665503646913,0.00581173143540136,0.000164056728192594,0.02510727593622,0.0147805049936153,-0.00876484076375358,-0.0398286506602292,0.00722915061214896,0.45240627678938,0.0796140436337947,"E02000161","Bromley 035",545833.383985006,164818.709500996
-8.96549771622798,-0.00164100553886475,0.0359454277351997,0.00895073941294731,0.00386797806667361,0.00201136292989702,0.0179211024421958,0.02349986034778,0.00245476379937632,-0.0638521571827667,0.0168962810713127,0.517171403651924,0.0589206793192293,"E02000162","Bromley 036",544372.601604599,162660.211467549
-8.65666803978404,0.0144921266531003,0.0343645835399414,0.0100699043607351,0.00557438538552782,0.000826396169242682,0.0264768901891942,0.0164484376118414,-0.0065091016517903,-0.0343930664167392,0.00963260942994091,0.459684807645452,0.0855837799455388,"E02000163","Bromley 037",547432.6355701,163305.261625689
-8.09031566616172,-0.0456645896486641,0.0407939656405392,0.0129934709601233,-0.0602517672317876,-0.00246240512845637,0.00275365482302171,0.0267391959595931,0.00455812568646161,-0.095998363009338,0.0186092730680758,0.50964196945299,0.0267262600125088,"E02000165","Bromley 039",540757.585685551,159154.235048642
-4.07598330445112,-0.14465367994987,0.0175046048797522,-0.052306346965265,0.0120746804817302,0.00917705269469298,0.00877768317988255,-0.00714016376449283,-0.0121284875930326,-0.00421381916439,-0.0267697113354218,0.225286066020329,0.0100878303228863,"E02000166","Camden 001",527912.333197297,186727.602454997
-3.79859892554782,-0.122533741937338,0.0157863083825969,-0.0348614807691865,0.0102392725865586,0.0112527368873142,0.00812676500136553,-0.0154092037562047,-0.0178847263519486,-0.00164256281500728,-0.0286709591959111,0.176320212936763,0.0098040490286669,"E02000167","Camden 002",526612.699861753,186335.357626523
-3.35443268524075,-0.155329317008349,0.00852464180364119,-0.0446766235386993,0.0134398757648636,0.00930792028655426,0.00812572214923843,-0.00593938963043639,-0.00784423174372461,0.00432321396580282,-0.0399674298295116,0.158412363979889,0.0184224795638654,"E02000168","Camden 003",528884.687233155,185690.561419261
-3.27754378688126,-0.123100042857369,0.0142428263252245,-0.0259533948308416,0.00736593733477634,0.0124140813642975,0.00772849123594877,-0.0213316890220603,-0.0214386467756263,0.000878751028459491,-0.0257701960811748,0.116816834687602,0.0348296724999333,"E02000169","Camden 004",525825.216795552,185771.173110195
-2.75749961407606,-0.124772245956207,0.0120792839911573,-0.0209210856973344,0.00662825555051527,0.0134815983550079,0.00581728594308087,-0.0259729114523689,-0.0232375736775945,0.00228270981280347,-0.0217634145144063,0.0595968884586347,0.090488760969723,"E02000170","Camden 005",524797.815730428,185450.685197707
-3.37027416467138,-0.158523426234919,0.0132802994756245,-0.045933372079357,0.010719443751361,0.0126846546990932,0.00959679231807933,-0.011568535671494,-0.0134668267478766,-0.000758308164078386,-0.0312321078079491,0.153011338902372,0.00983443409696627,"E02000171","Camden 006",527754.083708761,185353.504755446
-3.04181819647626,-0.167375381204814,0.00832342609903075,-0.0454831703067132,0.0129111824986759,0.0119737247180321,0.00915900586205489,-0.00860952348669372,-0.0105431328230541,0.00350716888267552,-0.0367621847078818,0.127275085695689,0.0152017203282427,"E02000172","Camden 007",528506.764222698,185068.585410893
-3.24091173429663,-0.145506379580571,0.0160567348109537,-0.0363962841208557,0.00933087926331741,0.0141767401803121,0.0105770576204471,-0.016271817246691,-0.0164472876315171,-0.00112788208829438,-0.0293880641761838,0.117448979399966,0.0172268319967301,"E02000173","Camden 008",526758.078136333,185085.763236247
-2.84752086357283,-0.171669817939211,0.00382129777662914,-0.0426776289930781,0.0141707776776603,0.0097322446017051,0.00812227153327319,-0.00599010975509793,-0.00180425147120002,0.0082105452673615,-0.0436367672558321,0.114732864450382,0.0181147005481235,"E02000174","Camden 009",529332.750403985,184941.023136964
-2.83847318496888,-0.135591845505039,0.0159666948442436,-0.0256699911807483,0.00657776829986411,0.0148783009489057,0.0101235448586508,-0.0247813905687078,-0.0218794910823523,0.00109325953966467,-0.0259712576471202,0.0625495929577346,0.0707485265766659,"E02000175","Camden 010",525575.756463864,184916.537477495
-3.0793215311112,-0.15815202536223,0.0153240771837645,-0.0402685446887101,0.00935227519373696,0.0150637632109397,0.0109916085140839,-0.0153243956109253,-0.0152311559797384,-0.000866966813927042,-0.0304450177653419,0.107786148868016,0.0154548227713149,"E02000176","Camden 011",527089.827303906,184765.355685388
-2.82133076480018,-0.175442495145535,0.0096232293342147,-0.0461199966658864,0.0121239603221979,0.0144854987793257,0.0104250590865537,-0.010617931987696,-0.0123830047631772,0.00264326629965521,-0.0326866553683862,0.100009515024705,0.0145860144347133,"E02000177","Camden 012",528137.359230555,184603.192893106
-2.49412327004661,-0.135318654427991,0.0144323464108112,-0.0231143867450552,0.0086014313549405,0.0161336216307519,0.0102339040451808,-0.0276740088249855,-0.0231957014651578,0.00193237502984683,-0.0251099869427038,0.0184464552443459,0.120511054892241,"E02000178","Camden 013",524926.29171923,184635.257842977
-2.85929160367176,-0.167868556687653,0.0143110184046348,-0.0420304457162597,0.0101534290395708,0.0157224214476248,0.0114135391281658,-0.0140736723406397,-0.0144314088367382,9.51735249369611e-05,-0.0313732203772493,0.0876594034866036,0.0198215704692597,"E02000179","Camden 014",527373.405691406,184462.040065832
-2.5327312572082,-0.182825318248317,0.00152017320082392,-0.0421608694749191,0.0152575254898846,0.00933113693340755,0.00843064366336708,-0.00602488492651712,0.00340156414228868,0.010320017257943,-0.0419884710610607,0.0861420350212865,0.021414341993456,"E02000180","Camden 015",529675.735514111,184479.328799922
-2.73068426653562,-0.142016569711972,0.0197526334225425,-0.0275691132461827,0.00681566311624866,0.0172836258914819,0.0129556159923784,-0.0256051404674582,-0.0205906125100633,0.00114960994247895,-0.028653322348552,0.0385964386147722,0.0797168441654866,"E02000181","Camden 016",525803.935804998,184326.47569693
-2.71027312330873,-0.163509352433911,0.0176952810863179,-0.0372457291055598,0.00906754347498223,0.0175300138342403,0.0130812963614943,-0.01770206810208,-0.016162420622737,0.000352488456828647,-0.03085970132126,0.0538796419054024,0.0393270409082209,"E02000182","Camden 017",526923.598555143,184047.22579294
-2.41924538004775,-0.186601657894342,0.00864509275364828,-0.0457590730267981,0.0133149662153152,0.016377300457571,0.011703890032568,-0.0102853103413641,-0.0123169320866819,0.00442109187831037,-0.031621877644442,0.0542295540811654,0.0199391801623109,"E02000183","Camden 018",528206.199673593,183999.288314887
-2.19720616425641,-0.194826887648829,0.00173106865097508,-0.0446728916031501,0.016373603142888,0.0125602756744163,0.0101013015495577,-0.00692872938540681,-0.000121265883587906,0.00981984619311107,-0.036515621320481,0.0476418946851364,0.0217967604171017,"E02000184","Camden 019",529355.931515167,183919.406282626
-2.52666612583213,-0.145703989142189,0.0236613351836432,-0.0275841678784181,0.00712481981958698,0.0200718107034556,0.0155706326761793,-0.0285981598537844,-0.020322813032506,0.00213693621667705,-0.0314655499975152,0.000620039533169139,0.106566707089483,"E02000185","Camden 020",525770.011432866,183785.310718481
-1.85192960333302,-0.204390709953605,0.00466676636519709,-0.0454299684717473,0.0167485723695804,0.0173146275679817,0.0128092890515622,-0.00758874869982493,-0.0086027736428715,0.00902196402161037,-0.0294075744916841,-0.0042965122904939,0.0278271481705758,"E02000186","Camden 021",528792.591932123,183203.540572738
-1.85259893099341,-0.207222955769104,-0.00061357132708623,-0.0426745949010298,0.0188378308521055,0.011234892198951,0.0106317549004463,-0.00608305185820782,0.00619063085235674,0.0123514323688433,-0.0321747337765099,0.0127498724146487,0.030738558667659,"E02000187","Camden 022",529889.881137334,183330.725849517
-1.57991072677271,-0.209451709990075,0.00279024393721986,-0.0413888700255606,0.0193735694975824,0.0165425207819976,0.0129923082146829,-0.00516972720317069,-0.00547862842467937,0.0114456690722429,-0.0283136041261965,-0.0375744473877935,0.0382113070175317,"E02000188","Camden 023",529192.258098834,182753.274022548
-1.19420047669482,-0.21472047440056,0.00227676650642063,-0.0338394805879965,0.0234786501272998,0.0170577141201095,0.0136109786311426,-0.00129402186041986,-0.00645139390616072,0.015115079602457,-0.0230507414008047,-0.0959911804688351,0.057843420469609,"E02000191","Camden 026",529550.210569088,182038.350235421
-1.23541206949952,-0.220664717563585,-0.00110188267557029,-0.0304636560528758,0.027550890580908,0.0106151614643105,0.0107586645080289,-0.000476597612017104,0.0084252600023281,0.0193497800159948,-0.0197324293664943,-0.0808333660086111,0.0699602343281479,"E02000192","Camden 027",531012.330625154,181974.845833191
-0.991142839520898,-0.220066753928849,0.000788464213743793,-0.0270851285272272,0.0286527052323104,0.0146769636141822,0.0124072220375897,0.00265962265459462,-0.00299138641543489,0.0190227457623234,-0.0184445801921343,-0.125915257102574,0.079954803214436,"E02000193","Camden 028",530366.851557278,181625.606314881
-7.87787179108578,-0.251267355015665,0.0182807900339892,-0.00576409066734114,0.0300007169393442,0.00210083964861866,-0.00189569553975728,-0.00259425348798002,-0.00836875877888491,-0.126324797657875,0.00193144811971148,0.644156825542603,1e-06,"E02000194","Croydon 001",533140.742479936,170249.5036657
-8.81753572634526,-0.231792601062713,0.0179334180212679,-0.0022061891067045,0.0171111012422615,0.00148145684209666,0.00148495976839144,-0.00136732511616781,-0.00229676628817091,-0.127942618987651,0.00164675716092079,0.726216955786859,1e-06,"E02000195","Croydon 002",531870.270536183,170263.303604801
-8.86429762635257,-0.20282451278972,0.0192888604837699,0.000736488286205553,0.00808434742826682,0.00226656929807946,0.00333450002791032,0.00334203111060987,0.00308208289620873,-0.130535233233022,0.0072234619007827,0.70015261335916,1e-06,"E02000196","Croydon 003",531168.21901145,169566.30388784
-8.83933915555094,-0.179965675937542,0.0199228155446489,0.00184863976026044,0.000602047574152621,0.0035657715196319,0.00578683685732159,0.00711882197678889,0.00510001245998051,-0.129524788407143,0.00967371330504695,0.673407578159588,1e-06,"E02000197","Croydon 004",530505.482521278,169151.917782399
-8.06917961249351,-0.210895409385569,0.021137496083278,0.000219096575979244,0.00811011379374828,0.00226144149170263,0.000201013363938641,0.0045347514649685,0.000763030949212427,-0.133504019198395,0.0120400445996397,0.622014466816503,1e-06,"E02000198","Croydon 005",532346.023236662,169161.52779368
-7.58080672992326,-0.209351124814447,0.0222871345286842,0.00020226197544598,0.00562527204797979,0.00250603938868883,-0.00104294562799827,0.00583063365480091,0.000603509778776015,-0.133139312972446,0.0156286687495702,0.567826428981701,1e-06,"E02000199","Croydon 006",532878.712401842,168850.700157046
-6.91568294636483,-0.210071103695908,0.0223727036169554,-0.00126787012285808,0.0159650855053845,0.00305934874898958,-0.0024473019349922,0.00622008968592699,-0.00245584629659355,-0.128019585038768,0.015123812771895,0.496366028878367,1e-06,"E02000200","Croydon 007",533689.829085359,168871.663330375
-6.43730619185218,-0.195929206555672,0.0236767319877255,-0.00112188341455172,0.0160234027570501,0.0038037852481545,-0.00300997221902921,0.009167217417476,-0.00281234835034407,-0.123685237180636,0.0173563672659664,0.431543461430158,1e-06,"E02000201","Croydon 008",534378.817954607,168516.031145851
-8.06477188696936,-0.180488712419741,0.0227338319553481,0.00224595683853673,-0.0146962777807414,0.00373087538327115,0.00290185812490978,0.010645425582308,0.00511839368272816,-0.132523300617839,0.0173209116709899,0.593662920344315,1e-06,"E02000202","Croydon 009",531523.277190055,168372.515084619
-7.47492911002206,-0.186674270735607,0.0239253270532619,0.00195097592399059,-0.0164287218293946,0.00336339659397562,0.000733570237088303,0.0106495782950542,0.00395726060077851,-0.131492135719531,0.0199934535025384,0.537472719100995,1e-06,"E02000203","Croydon 010",532432.170902174,168140.914274213
-7.79767842488579,-0.160346732878808,0.0234652213125599,0.0030259080327849,-0.026470112134471,0.00481376754344469,0.00493564485456743,0.0135381555700688,0.00611576672295713,-0.129024116640646,0.018822472692638,0.547071772524406,1e-06,"E02000204","Croydon 011",530963.459350888,167850.97922738
-6.8943884905501,-0.177400621786961,0.0260221459772724,0.00238710517707831,-0.0309255496590833,0.00354285216063246,-0.000193374257763307,0.0130752605480828,0.00474652913781456,-0.127081991598488,0.0231219091782065,0.470952980447527,1e-06,"E02000206","Croydon 013",533048.711322964,167487.777375489
-6.32295688816691,-0.166086666527412,0.0274677549421827,0.00190928536953101,-0.018765101107624,0.00382969552206744,-0.00253379046329458,0.0151184956834278,0.00229214176780529,-0.120516697865908,0.022530722695866,0.400085284179312,1e-06,"E02000207","Croydon 014",534618.71049712,167263.809317907
-7.11752231533332,-0.163753496560898,0.0258590122511505,0.0031998906208147,-0.044627047497421,0.00434746923949315,0.00276101085992364,0.015009584059685,0.00634367647636488,-0.126623961936811,0.0225253593889252,0.483332075063931,1e-06,"E02000208","Croydon 015",531847.923954201,167193.589983128
-7.23534519248128,-0.144785633309086,0.0253392884898244,0.00360991849148263,-0.0465341215440522,0.0054604466109277,0.00627591603321971,0.0158748716384762,0.0073261876821706,-0.124879540835573,0.0212627895822454,0.475748996332796,1e-06,"E02000209","Croydon 016",530574.536008038,167010.519528343
-6.4562640377272,-0.162896494694866,0.0279983784787024,0.00313530385478775,-0.0367381541206872,0.0034779030400667,-0.00122729424547292,0.0156732935265886,0.00468105510862483,-0.121700573922153,0.0235936300466783,0.41462159452684,1e-06,"E02000210","Croydon 017",533838.220073479,166841.74105808
-6.26462852281004,-0.13444971621538,0.0301145662712626,0.00370093652945439,-0.0156756130659083,0.00376053585390091,-0.00308660800470912,0.0193114166857616,0.000456209723072114,-0.114487065215653,0.0203762821185706,0.369056197122275,1e-06,"E02000211","Croydon 018",536015.450128301,166715.638046307
-6.73387015736825,-0.142751443134691,0.0272831671773615,0.00428963389168277,-0.0569259167907672,0.00492284891756835,0.00506285797100817,0.0173432674651578,0.00695490494380552,-0.122010334240925,0.0226828116872916,0.423334276814718,1e-06,"E02000212","Croydon 019",531118.875040996,166259.635464498
-6.64219801952466,-0.154090689324201,0.0278943907272892,0.00404734342243355,-0.0539090231092892,0.00402697127537141,0.00199173485378345,0.0169027546469907,0.00645722368280192,-0.122411912368489,0.0234901445308667,0.426861247426183,1e-06,"E02000213","Croydon 020",532340.985138879,166430.206835598
-6.25540708354504,-0.146902602700393,0.0298961093437574,0.0040606467824428,-0.0387290418222147,0.00324602048848163,-0.00223779665833265,0.0183403974066184,0.00409713104716618,-0.117269924811546,0.0226773076228067,0.382621684388625,1e-06,"E02000214","Croydon 021",534698.859182387,166276.033588355
-6.39708566026916,-0.152308618350894,0.0293887697295413,0.0042526375149372,-0.0524648186123476,0.00337202037318936,-0.000252373171027447,0.0176775900907989,0.00595031411601464,-0.119808370172488,0.0237000336079511,0.402150099168659,1e-06,"E02000215","Croydon 022",533465.66566391,166151.878706527
-6.24612830059655,-0.135827608032623,0.0317397928129103,0.00576268897346961,-0.0598990376371995,0.00277641017115404,-0.00062219825576697,0.0205441586914812,0.00584511439240102,-0.115946360885749,0.0225648175505995,0.375194696633124,1e-06,"E02000216","Croydon 023",533911.777202111,165134.352346029
-6.42453071811368,-0.138873874333695,0.0296255658527912,0.00499315279978816,-0.0696745667563951,0.00439957632522365,0.00402975139212037,0.0191535693220544,0.00686427144342411,-0.118550715700082,0.0233010957402787,0.390625914427201,1e-06,"E02000217","Croydon 024",531600.556377106,165407.563145727
-6.84778033259797,-0.0956691521818859,0.0339732198508987,0.00797535389331675,-0.0283501278513252,0.00208234056150725,-0.00244647951888453,0.0235232492617172,0.0016490600182846,-0.110606810113646,0.0188714975129137,0.40571458216501,0.00437616628659678,"E02000218","Croydon 025",537189.044567496,165416.653043647
-6.57768371669285,-0.11034902483372,0.0342487109981169,0.00786450241109239,-0.0485636690111802,0.00152108495448774,-0.00324735637947786,0.0233676305681182,0.00411473993164805,-0.113038692941532,0.0203236012745012,0.395228225052124,0.000516498945797498,"E02000219","Croydon 026",536050.610125083,164718.158433601
-6.14388252969266,-0.124402510186833,0.0321244071667687,0.00608428514148212,-0.0710082047192714,0.00378874236930692,0.00474232453503636,0.021059624385639,0.00718131450811329,-0.114888972029495,0.0223988290225795,0.345402473002435,1e-06,"E02000221","Croydon 028",531517.935437902,163893.919191442
-6.20061365224267,-0.123019015922045,0.0334851372603252,0.00707398533799686,-0.0696342838531846,0.00256367818978147,0.00101744441981997,0.0225789509609777,0.00592859525189842,-0.113567165604051,0.0217110307231815,0.358340470225464,1e-06,"E02000222","Croydon 029",533355.295708787,163849.148371447
-7.33044328012871,-0.0739535602118424,0.0371880512731304,0.0107608123062934,-0.0470006311721309,5.30087760738694e-05,-0.00158682331093723,0.0258376881244044,0.00350293812800113,-0.107099274350564,0.0184844970238346,0.44823302013085,0.011800827347596,"E02000223","Croydon 030",537939.421064638,163527.223489044
-6.11729302725969,-0.116323382943872,0.034490974729918,0.00740354998338898,-0.0735817601924522,0.00268310881085661,0.00320732737281849,0.023267840514409,0.00570112000885701,-0.111942251052543,0.0211040183561136,0.339258380072006,0.00399754256307954,"E02000224","Croydon 031",532458.178608089,162826.190788991
-7.54486666228339,-0.0654772714628539,0.0381102098012052,0.0115490657333724,-0.0505744160098175,-0.000529504835163879,-0.000759134172496741,0.026313202866278,0.00372352395250475,-0.104885975596829,0.0183217712223656,0.465598813945376,0.0151376807633904,"E02000225","Croydon 032",538445.091675183,162846.60797779
-6.36571757242326,-0.109813301695931,0.0362239303455445,0.00882982476018312,-0.0703785949306984,0.000807630070113774,-0.00156336004745904,0.0249522145456275,0.00494336009605057,-0.111863865484658,0.0197423933461365,0.373589985949098,0.00511678788476579,"E02000226","Croydon 033",534727.591050093,163051.069167167
-6.91643759451499,-0.0864194535433426,0.0380641187502159,0.010934276176465,-0.0610364221032446,-0.000755699170034347,-0.00277612237437803,0.0259947263106406,0.00424533548796192,-0.109288275975899,0.0184325458086374,0.41873795022714,0.0105215657855528,"E02000227","Croydon 034",536837.061832219,162597.373709997
-6.21665074663664,-0.105967611391968,0.0364288918884828,0.00871311976796262,-0.0717780177622632,0.00151795677075907,0.00178257640738922,0.0250368296612966,0.00449140796239388,-0.109567862892687,0.0195070651492972,0.344950837318711,0.009207874809782,"E02000228","Croydon 035",533510.378747411,161892.397610009
-7.69549807944862,-0.0594203924164719,0.0392890019349039,0.0123288453014931,-0.0569646161916264,-0.0013982991959066,-7.20760617492303e-05,0.0266241127072144,0.00405284499545337,-0.102734715559728,0.0182978672188113,0.479362726739411,0.0184753958444629,"E02000229","Croydon 036",538929.437146393,161702.819873756
-6.00653059323981,-0.110699714188338,0.0358617048723617,0.00745219345241081,-0.0752596372055968,0.00252646439286764,0.00501247329285805,0.0236320115188816,0.00576307112803447,-0.110456620688022,0.0206566698815247,0.318430160595804,0.00899353977541224,"E02000230","Croydon 037",531591.320735826,161726.903704931
-5.99348493381136,-0.101013807752905,0.0347593756781349,0.00494281520906835,-0.0556814230436792,0.00409717490251798,0.00921801274868946,0.0217237382682995,0.00984220893954887,-0.106217641794313,0.0213683836153312,0.293568083998817,0.0145107125481494,"E02000231","Croydon 038",530011.574440998,161127.994725534
-6.4927244181482,-0.0919305680237681,0.0392013893002562,0.0107477970032139,-0.0722625830616244,-0.000468057723377427,-0.000535740544759149,0.026978343929513,0.00366653233358781,-0.107893302756158,0.0176415853628659,0.37142689484538,0.0148855643271846,"E02000232","Croydon 039",535028.01263946,160753.17025982
-6.04337674398045,-0.101577954039355,0.0385848072434835,0.00853220188675457,-0.0778145023029734,0.00141295402645031,0.0047618535233775,0.025278821637276,0.00456956670635816,-0.107439015052184,0.0191858893221407,0.315793557600642,0.016271980675257,"E02000233","Croydon 040",531908.649259954,160009.895639722
-6.04117191945303,-0.0964136239700074,0.0373874376520174,0.00638854784938612,-0.063656415536854,0.00289827829311899,0.00806460124208569,0.0236732837079852,0.00773252302009741,-0.10435708073122,0.0202188150924406,0.299019087738413,0.0194611286492231,"E02000234","Croydon 041",530622.468396046,159645.365752633
-6.1713928547315,-0.0967222442001344,0.0398764969323265,0.00972561055884432,-0.0794108954427654,0.000423753641590393,0.00320014269672182,0.0265721822057922,0.00348754737989593,-0.106556858784311,0.0180557887997064,0.330377857679553,0.0184132007491759,"E02000235","Croydon 042",532901.537772026,159360.195721779
-6.25179855798971,-0.0836697000813878,0.0366175265814426,0.00391237768738407,-0.0456076451131528,0.00465835096594858,0.0119166389826937,0.0219689005012741,0.0124734869219162,-0.097380028467659,0.0213660912837889,0.296427793391033,0.0257824427196627,"E02000236","Croydon 043",529297.850650842,158416.443019497
-6.23845665043296,-0.0870276554149388,0.0397508304080919,0.007397846392307,-0.0648580547608516,0.00190463131311511,0.0075734675285109,0.0251475165933131,0.00675456264523628,-0.100894234743591,0.0190951655038104,0.314140222113983,0.0259702976975672,"E02000237","Croydon 044",531288.499089923,157493.753687814
-3.03855246780178,-0.190099758479184,0.00392029221183048,-0.0316903327232487,-0.00845524976336737,-0.00188521129830899,0.000145075803114259,0.0265047036131247,-0.0313522815895651,-0.122325407615624,-0.00123717005713934,0.226758802522982,0.0676067936818824,"E02000238","Ealing 001",514638.551559879,185127.9524247
-2.79059659652222,-0.184027410050938,0.00316767138970389,-0.0378964551216506,-0.0104266678852621,0.000404850618792304,0.000564936534953859,0.0268567179904495,-0.0259922400995177,-0.143251615201909,0.00481039391151705,0.193528510290979,0.0920731683339471,"E02000239","Ealing 002",516115.349185639,184605.832694592
-3.06936254654532,-0.179453255626824,0.00466816358514713,-0.0228071419999283,-0.00825155786546102,-0.00322444203230349,0.000765893360613087,0.0257317147138667,-0.0366911718500166,-0.0948871073490529,-0.00426907570022256,0.219867420565628,0.0715763692149956,"E02000240","Ealing 003",512811.623175246,184719.562293428
-3.12579994611714,-0.176546134690713,0.00450396861281294,-0.024794954777804,-0.00827805158620579,-0.00302220668436275,0.000649144158545508,0.0253960403870064,-0.035381389142769,-0.106128854153658,-0.00145660075731099,0.226651874184602,0.0745729134381818,"E02000241","Ealing 004",513513.812973368,184311.72060069
-2.67189188662079,-0.148728814193958,0.00358071711329486,-0.0381631697433379,-0.0101681305705999,0.00306580368886951,0.00197141568339631,0.0256221547645636,-0.0224972839327836,-0.156747630590274,0.0108435676922893,0.147724429006289,0.130111831559911,"E02000242","Ealing 005",517115.095595717,183641.481233436
-3.03662012721275,-0.166891795633931,0.0042474620309243,-0.0293329190009135,-0.0103246180199577,-0.0024973502015998,0.000517719159849183,0.0240307371449838,-0.0324547810114599,-0.145765662886753,0.00493217131665505,0.218397538734274,0.0860324634004993,"E02000243","Ealing 006",514849.73673278,183450.785415881
-2.7679552100682,-0.149475290387773,0.00412584358540412,-0.0356420704303718,-0.0114958722664107,0.000148906007393541,0.00134509341648941,0.0229354432322806,-0.026813438100769,-0.181182390284832,0.010218836450721,0.174512554751924,0.117376885542143,"E02000244","Ealing 007",516404.149609188,183154.453253798
-3.46354642314442,-0.149811989736226,0.00567640132253232,-0.0129880239620643,-0.00433364669658353,-0.0043505202744621,0.00131373676872898,0.0251220571752603,-0.0404313193412123,-0.0865666658163906,-0.00255851609430614,0.23514424307373,0.0905157058248361,"E02000245","Ealing 008",512126.013039204,183473.254282999
-3.63346942539263,-0.136865791909071,0.00642886751792349,-0.00626050140030717,-0.00188658659744425,-0.00494305474853596,0.00169952783038013,0.0257403469928043,-0.043170128705434,-0.0768370961629264,-0.0041088663537244,0.23654802508416,0.0965070918238227,"E02000246","Ealing 009",511049.522133961,183260.66606636
-3.52404726747758,-0.145273498270475,0.00552382989405562,-0.0159115635280681,-0.00509903745573805,-0.0041645573707521,0.00081947906410413,0.024228519190736,-0.0385888119873724,-0.102099590092497,0.00105323243708682,0.244783474487177,0.0921768460601117,"E02000247","Ealing 010",513269.846564138,183043.06430894
-3.2628389045625,-0.0800389126139937,0.00615932721721012,-0.0319407057603278,0.0072704577725938,0.0089057425998002,0.00598213803036954,0.024485543165744,-0.0178191435338877,-0.109583575268833,0.013738468034008,0.11063354046116,0.25302651011703,"E02000248","Ealing 011",518590.808178972,182583.946117733
-3.551858968636,-0.126382882757564,0.00618923685024715,-0.016418577166465,-0.00182643751700603,-0.00396994364092838,0.00111017787103867,0.0229805230130435,-0.0371501591269304,-0.123201822412311,0.00438064213526964,0.230947319489953,0.120023063469029,"E02000249","Ealing 012",514313.833956786,182267.75141925
-3.10451527321399,-0.0962508817859805,0.00614576902710836,-0.031173631180681,-0.00189305430032036,0.00300891439398977,0.00382775280959729,0.0216711783356324,-0.024026026132488,-0.181673676899845,0.0131670916853306,0.146301508013681,0.192096819018326,"E02000250","Ealing 013",517446.753620888,182241.252431449
-3.78054281771232,-0.11746876615191,0.0066837593951653,-0.0100927868168349,0.000741513347180414,-0.00475776240540931,0.00120941487969149,0.0231276267614118,-0.0401892068110386,-0.10441786593462,0.00268892259202015,0.244084365330349,0.121938820862024,"E02000251","Ealing 014",513649.722327166,182086.061861565
-3.25992382324151,-0.050029908211138,0.0107989927203893,-0.0234573234038627,0.0356985630752995,0.01472287884106,0.00997069797163656,0.0212424114494647,-0.0165635182085437,-0.0464524366566705,0.00353580747654406,0.0100375810999081,0.416142191475027,"E02000252","Ealing 015",520555.700931461,182146.921955834
-3.43104418397817,-0.10792316269277,0.00683060639561898,-0.0198380027742073,-0.000330926970225208,-0.00307000312026556,0.00137718210693582,0.0214285889722315,-0.0337687948880249,-0.162650980550865,0.00777729969364128,0.203912049754034,0.146866232773065,"E02000253","Ealing 016",515509.302823324,181806.46089592
-4.20492573887161,-0.0930703294185956,0.00790514524862928,0.000794553229235896,0.00653922297687167,-0.00588115994448345,0.00130221940013109,0.0230114430218052,-0.0447684655815281,-0.086367650760505,0.000948994765178777,0.26178712801763,0.134944743407629,"E02000254","Ealing 017",512942.986342606,181531.086743613
-3.3079351709663,-0.0946202187154763,0.00704516185439491,-0.0231370055142198,-0.000636713406508798,-0.00173800007508755,0.00189547887659153,0.0199872999361715,-0.0307292016045248,-0.193638807648625,0.0103113214809996,0.181459050666408,0.167299709803223,"E02000255","Ealing 018",516337.325850018,181673.705751545
-3.43891384142986,-0.0700353918768919,0.00794577755493929,-0.0222180414245269,0.00579881103506819,-0.000202660119594747,0.00395464534430539,0.019209301814972,-0.0289936024091706,-0.20084298442743,0.0113250765087036,0.162476275946634,0.218665274061381,"E02000256","Ealing 019",517059.6305505,181146.550184541
-3.11110060586377,-0.0525807175267324,0.00880260200997691,-0.0278273758867155,0.033534292911179,0.0124901628862223,0.0153661753817069,0.0200766337337801,-0.0192682535582956,-0.0700500558873188,0.00540796979718095,0.0122550483884692,0.441100861755593,"E02000258","Ealing 021",519882.031972096,181179.14386797
-3.95945232415203,-0.0814570661555322,0.00817471420537668,-0.00925104431531362,0.00739894970432145,-0.00474047368398457,0.00137396825133673,0.0211465663216975,-0.0385335128695777,-0.141210706926318,0.00619212369571709,0.232393045117782,0.16196774998227,"E02000259","Ealing 022",515086.678999912,181133.665134228
-4.61206862334345,-0.0609461881752384,0.00949132536529865,0.0112673721921932,0.0151282215427398,-0.00708642196210829,0.00135542335164318,0.0220486960100024,-0.0495126752982057,-0.0803035070637377,0.000103706592231042,0.270234676546992,0.167628318416183,"E02000260","Ealing 023",513080.123454655,180524.628985478
-1.78003125947594,-0.125629827986302,0.00196722682529661,-0.0437140811870356,0.0527973239614882,0.024448310892054,0.0308601314348886,0.00547338084285539,-0.012453654687804,-0.0140927723986298,0.0021012013144946,-0.1508036783599,1e-06,"E02000261","Ealing 024",521268.499949501,180601.530654219
-2.12537594789858,-0.131241751057154,0.00267557848212682,-0.0430618477214971,0.0414157786274071,0.0189592425798423,0.0268979244862686,0.0148586533669992,-0.0164666581300751,-0.0360235202848749,0.00873896994416495,-0.0781855102263712,1e-06,"E02000262","Ealing 025",520206.216675974,180382.461744134
-4.85646033686296,-0.0474814104598709,0.0102279069507375,0.0207972728920609,0.0176295047780162,-0.00769677983299212,0.0011154538802422,0.0217859319827153,-0.0538941545214077,-0.0657405671572533,-0.00237152261085296,0.279386703743116,0.169345469649818,"E02000263","Ealing 026",512057.274849681,180171.772095211
-3.23728323372619,-0.0549341625075548,0.00799968799316033,-0.0276325423689198,0.0320946441751304,0.00783182143877905,0.016398494563321,0.01824562182106,-0.0235992611641813,-0.102451514754662,0.00624440379369488,0.0500444541012515,0.442083851265368,"E02000264","Ealing 027",519075.076322788,180242.190332954
-4.06316533949937,-0.0506255604823747,0.00961432856421317,-0.00828421279832737,0.0176651391434956,-0.00410635173101958,0.00281767671795378,0.0190016605546795,-0.0371301431242488,-0.171698256034144,0.00633583053724282,0.206191201783586,0.233860295623373,"E02000265","Ealing 028",516301.482283995,180205.944610554
-4.78317713022856,-0.0417380901080658,0.010300999055009,0.0129361329666301,0.0207253160797148,-0.00772907675724211,0.000984674378906085,0.0207526632031416,-0.0505571338660681,-0.0958032240890088,0.000698648845584423,0.27325133658787,0.195047765186974,"E02000266","Ealing 029",514140.359874351,179943.785172957
-4.58869475507379,-0.0404674926139002,0.0102512415151672,0.00252416555023663,0.0220660473993204,-0.00636574342682975,0.00151551993857133,0.0195754189953385,-0.0437047612727143,-0.136908120800109,0.00359487542789638,0.253240744341471,0.216361101118466,"E02000267","Ealing 030",515426.278374014,179966.528486074
-3.61922190925034,-0.0506609618803757,0.00858824889601459,-0.0203831135363237,0.0266444069951934,0.00193545331183937,0.0107199493958642,0.0180412488668848,-0.0293844397256057,-0.153982110313762,0.00690544828427635,0.12209459282719,0.366804481668006,"E02000268","Ealing 031",517989.156940831,179833.425341392
-3.8755094041366,-0.0468735279468511,0.00962713444728233,-0.0121096769408486,0.0234642863162879,-0.00210237798590952,0.00571970824079942,0.0185035599024122,-0.0343482875143879,-0.174078973672418,0.00574100928338008,0.166219170603376,0.300894266767238,"E02000269","Ealing 032",517110.34542829,179801.499638639
-2.83039577538761,-0.0460340813506153,0.00818440619732261,-0.0282244117164936,0.0462033717394496,0.0119344576758042,0.0252908825990797,0.0149071545171258,-0.0240941665274327,-0.0786463428195971,-0.000199108030105604,-0.0406964902088664,0.554244228511138,"E02000270","Ealing 033",519925.602769003,179634.600017146
-1.40932616819736,-0.136645151904469,-0.00121186557781608,-0.0482507036111696,0.0548952110156808,0.023364836084825,0.0399562678718664,0.00401464964830087,-0.0157124889833769,-0.02036701004012,-0.000173936444497156,-0.182018115887699,1e-06,"E02000271","Ealing 034",521011.264993981,179495.733065696
-4.75296286594668,-0.024249612496229,0.0110135389628183,0.00561932975878487,0.0315522651978963,-0.00664329036142644,0.00177550275135911,0.0180673453190124,-0.0455259956190901,-0.145737116624943,0.00103625910899979,0.248404056280349,0.270824434929481,"E02000272","Ealing 035",516060.846497653,179218.386013501
-5.1783880048609,-0.0163752483027827,0.0116402976343277,0.0310936402835809,0.028140383996615,-0.0093342756379829,8.67844694783633e-05,0.0193191521254535,-0.0610286091830598,-0.0680486299428805,-0.00438809866806363,0.283584191794384,0.217586402182571,"E02000275","Ealing 038",513076.7552241,178918.889118592
-3.9896693067238,-0.0364279203784862,0.00993539181453809,-0.00668795747169814,0.0345594799682439,-0.00281637049122368,0.00710710339591507,0.0169046588928829,-0.038991483166007,-0.161483376082904,0.00108630661447019,0.156148611218346,0.367836303193349,"E02000276","Ealing 039",517372.041909151,178870.155401065
-2.64204434182178,-0.0723311228666634,0.0249946368366382,-0.010204510373158,0.0371281743251723,0.00979871947500924,0.0162345142016329,-0.00227644052454361,0.000163136562421191,-0.0774389850577969,-0.00808094367534475,-0.0635044785165099,0.0487355087605864,"E02000277","Enfield 001",535920.529742216,199516.449228722
-2.621719181352,-0.0713512543587136,0.0277877273363678,-0.0104368737016287,0.0382461387235914,0.0106086675488292,0.0165305368775149,-0.00197130881545618,0.000690107189042893,-0.0754701317608809,-0.00822594966663936,-0.0763259844374885,0.0537123358070777,"E02000278","Enfield 002",535206.235372745,199136.886640445
-2.48130606444616,-0.0777545688904085,0.0214854137571479,-0.0104257202411586,0.0341665707453576,0.0085685633172632,0.0153923540048022,-0.00367921369705967,-0.00349037033682425,-0.0824809184667153,-0.00836169496744222,-0.0597754810692867,0.0489315865344348,"E02000279","Enfield 003",536951.189590752,198923.581698644
-3.58574433290715,-0.0331675462642004,0.0326409090844917,-0.0076213917260291,0.0468557898372718,0.0159463600255617,0.0171556736643709,-0.0018824171146809,0.0171846409549325,-0.0561086864777146,-0.00578708087619493,-0.0419956719637648,0.0384164773807669,"E02000280","Enfield 004",531091.167079446,199396.932743669
-2.7899300546375,-0.0651738698245761,0.035638179268643,-0.0108289744187236,0.0415130612981141,0.0124915909158738,0.0171445734618378,-0.000337871846559897,0.00401066376078045,-0.0710523113909108,-0.00769853435073547,-0.0871878562684926,0.0539947587752085,"E02000281","Enfield 005",533925.281673189,198201.075695844
-2.45234661905596,-0.0746666494845508,0.0297837285299624,-0.0111618911374304,0.0384872267840281,0.0104387217941197,0.0165985097547636,-0.00134256064094449,-0.00174565883539966,-0.0788729763727741,-0.00858484736950745,-0.094395578336564,0.0595350076341286,"E02000282","Enfield 006",535240.976378112,197989.038278882
-2.24330476951543,-0.0798104211279041,0.0267364805735714,-0.0113467042949391,0.0360756801197325,0.00941666882770814,0.0161370726098638,-0.00253619105071661,-0.00525182268202618,-0.0847498750772083,-0.00905788695195523,-0.0997462893436001,0.0614671820873159,"E02000283","Enfield 007",535974.793654977,197580.462348808
-3.13227639264645,-0.0512251434574773,0.0419166791052117,-0.00994697344315428,0.0433631463859312,0.0152778164012998,0.0173183435580412,0.000596797483626804,0.00936765329969176,-0.0656174859512837,-0.00683060679788214,-0.0840536036137133,0.0511404987669976,"E02000284","Enfield 008",532414.776420262,197316.468070954
-2.84959824978403,-0.0618199269634562,0.0406382153651614,-0.0109836140463036,0.0427718876086116,0.0134996822551452,0.0173130680278557,0.000899944692539614,0.00464655491794745,-0.0704603842161914,-0.00757249488395292,-0.0964553131820984,0.055360560315665,"E02000285","Enfield 009",533403.769927242,197303.715783089
-3.35668622959942,-0.0407628781819224,0.0388567585986029,-0.00914806742787221,0.0451405406917308,0.0163968977586566,0.0170471179718336,-0.000625478271959883,0.0138879178871297,-0.0599448967914963,-0.00644905911467044,-0.069250734146176,0.0501707052430221,"E02000286","Enfield 010",531456.128739894,197408.645476621
-4.33952733058912,0.0104865777358103,0.0024421058151805,-0.0110336446289653,0.0824349857541627,0.0162955366324643,0.0120288120629469,-0.0067255797547466,0.0240591584366218,-0.0311270710077964,-0.00409858413129179,0.0272337393656801,0.045941388912849,"E02000287","Enfield 011",527840.773221261,197705.488810246
-2.21615838208318,-0.0783093597191011,0.0347511841921088,-0.012355702262809,0.0397061624369136,0.010557853468862,0.0166953777194268,-0.00029247383666957,-0.00478871814332809,-0.08106437263006,-0.00919378782677031,-0.126264136222009,0.0705161574184494,"E02000288","Enfield 012",534907.534717884,196514.447840774
-3.49545437731937,-0.0304957046198437,0.0332573426880065,-0.00959342291634365,0.0503599423890777,0.0170109610862762,0.0162122547770128,-0.00216829996304402,0.0170935949913316,-0.0515809101937744,-0.00670617575298678,-0.0595573717669632,0.0591266041723805,"E02000289","Enfield 013",530453.513227605,196695.791699881
-1.83035165669252,-0.0894867835854111,0.0238584566715049,-0.0121948968894942,0.032098284084315,0.00830117019425029,0.0153591807496724,-0.00522496324826093,-0.0112620063732774,-0.0918593201737899,-0.00981723352421742,-0.119897243109376,0.0658959365636202,"E02000290","Enfield 014",536755.651901335,196474.404081777
-2.66819280941211,-0.0648210731628401,0.0455792878913698,-0.0119572482137286,0.0434683147668569,0.0133620713196924,0.0170296639065397,0.00263686135027424,0.00128205813516283,-0.0724302522453163,-0.00818696948701893,-0.120693661927137,0.0657917673212643,"E02000291","Enfield 015",533372.136332747,195892.92069591
-2.34211415985441,-0.0739423855219531,0.0416053302473443,-0.0127082084906618,0.042330837633005,0.0116469696537437,0.0168723977444427,0.00164602090414881,-0.00310775119014514,-0.0780388601679172,-0.00899267421525222,-0.134116320857419,0.0720862166782835,"E02000292","Enfield 016",534157.414862516,195879.198526565
-3.05443746264366,-0.0497449514574469,0.0457387445923519,-0.0107831264653723,0.0441532734227247,0.0159383911850255,0.0165864075527113,0.00202412763440818,0.00780722855917361,-0.0647487359802018,-0.00750475741452111,-0.101182948074103,0.0670039804769778,"E02000293","Enfield 017",531996.111447058,195636.786192635
-1.43414398224816,-0.0928557501579608,0.031353067233136,-0.0139479632468634,0.0356065443448985,0.00858768566175049,0.0158633753489951,-0.00386090950614791,-0.0155570425328153,-0.0930468092508352,-0.0108599123371312,-0.177122352952227,0.0841169623168983,"E02000294","Enfield 018",535892.069593017,194996.58919309
-3.32770795462847,-0.0368661286236466,0.0356015597456371,-0.0117189293900769,0.0497359347016828,0.0169339339274589,0.014882771021623,-0.00195054033006488,0.0145187031857993,-0.0456532300582461,-0.00773582570295036,-0.0730200260280131,0.081201189438009,"E02000295","Enfield 019",530229.836488039,195072.219560534
-3.64354389825263,-0.0222653184255423,0.0239503759406589,-0.012412625767766,0.0606342327722367,0.016712357716511,0.0138602474208643,-0.00429933133607227,0.0183661836395058,-0.036126659036427,-0.00700075612293938,-0.040305136847217,0.0786708203949288,"E02000296","Enfield 020",529285.905585775,195313.920144149
-2.62942568017908,-0.0633261726069748,0.0507958210687273,-0.0125355370534425,0.0440697828933753,0.0138132998905588,0.01630159094997,0.00463268524115638,-0.000171886771973788,-0.0706613967330494,-0.00853479346410494,-0.135141581551621,0.0764351917382221,"E02000297","Enfield 021",532972.508424737,194719.315813538
-2.99099138844778,-0.0500061164955868,0.0456351648754714,-0.0121709883311152,0.0444083473648902,0.0163579276240334,0.0151221396365825,0.00194093683509464,0.00734631555024763,-0.0563297881368148,-0.00843260412610287,-0.107249473084456,0.0893720983768232,"E02000298","Enfield 022",531267.457003327,194431.843533803
-1.61775765754686,-0.086500003911407,0.0422186995254932,-0.0148898421037027,0.0416631106868775,0.00948847417857725,0.016151393741382,-6.09666843675131e-05,-0.013445134222895,-0.0847604023805156,-0.0106905479092559,-0.189836839101461,0.090253722189393,"E02000299","Enfield 023",534841.652895945,194376.142186135
-2.08759943626916,-0.0755873585681906,0.0499258293767034,-0.014323285003065,0.0449174776740844,0.0112414020650077,0.0162617950825647,0.00364558708259611,-0.00808642770189009,-0.078382385617232,-0.00969495860258523,-0.171193596901219,0.083557108789858,"E02000300","Enfield 024",533987.129379648,194283.962000976
-0.834656880321748,-0.102354331866576,0.0321264687617404,-0.0151938807853108,0.0337297531210691,0.00782604260098461,0.0154316326194294,-0.00550854940382896,-0.0232397264890178,-0.0997216768186612,-0.0124293380659379,-0.228382086402909,0.0960107747746592,"E02000301","Enfield 025",536029.132527759,193846.791140456
-2.59512132591458,-0.0634579708674327,0.0541136890458668,-0.0135476896897667,0.0428959708542613,0.0144333500152043,0.014608319808901,0.00665871305121778,-0.00113506061208374,-0.0630343575072198,-0.00935007429510212,-0.143204422193922,0.0987454354153796,"E02000302","Enfield 026",532201.053579166,193546.795793953
-1.99075237619789,-0.0743530994943853,0.055328473760242,-0.0151960011457771,0.0459467758837006,0.0110378795633661,0.0150797254410167,0.0051073299834679,-0.0111748238610743,-0.0729455796553572,-0.0103401193613241,-0.187698297119096,0.0944583509309153,"E02000303","Enfield 027",533684.895373705,193309.855681387
-3.11191060246415,-0.0549643728282116,0.0394531021288634,-0.0161216150489107,0.0473993161178634,0.015731204064733,0.0121392399746319,0.000236443709517311,0.0096427038734113,-0.0333716027365619,-0.00876213849891129,-0.0796987924622919,0.11847766681684,"E02000304","Enfield 028",529978.644116481,193260.420841783
-2.77240947176983,-0.0607048449861637,0.0499160643333666,-0.0145744096688267,0.0428868234273031,0.0157689038263527,0.0132019471212311,0.00492576040855152,0.0029333243534042,-0.0512234010449197,-0.00948696383177455,-0.123981690501643,0.116723144270577,"E02000305","Enfield 029",531134.492657103,193207.54483112
-0.757468213169944,-0.096671996273137,0.04442077914441,-0.0171784842746104,0.0423580258532158,0.00741562107041242,0.0151125743459114,-0.00250735857898514,-0.026348556106653,-0.0890953384805789,-0.0132744353442983,-0.263687296117892,0.106905329942818,"E02000306","Enfield 030",535237.493625547,192871.886390843
-2.29485943192413,-0.0697546514448614,0.058296903727149,-0.0147898712555152,0.0440326626329669,0.0127060142650542,0.0141043527099776,0.00815059990054603,-0.00717635707903635,-0.0651152381353668,-0.00996349463750924,-0.169125646099237,0.102579427472514,"E02000307","Enfield 031",532799.860486453,193000.163967466
-3.26295841786826,-0.0683827787629974,0.0358988819172373,-0.0205710508603823,0.0464525664387908,0.0130024373581059,0.00934167154474223,0.000429720986781124,0.0069860086449263,-0.0154881226569821,-0.00899423901356181,-0.0348920329368715,0.131608991749647,"E02000308","Enfield 032",529282.956433067,192382.727667438
-0.710885780974513,-0.0894176728618062,0.0510388381739248,-0.0177579667974398,0.0473443804684883,0.00681643381950225,0.0140617149384989,-0.00127767763201586,-0.0312000165327447,-0.0855033616707989,-0.0146818722093749,-0.281227539064192,0.112066986341041,"E02000309","Enfield 033",534978.938969275,192086.676886493
-2.25212960412638,-0.0792189601892247,0.059748632831987,-0.0165987017469004,0.0392145962233479,0.0128585526253611,0.0115081395761038,0.0104560590708413,-0.00833497672257733,-0.0511590201834427,-0.0111854267160492,-0.16370368248503,0.131957640868047,"E02000311","Enfield 035",531933.057315129,192166.2167407
-2.63897883221075,-0.0799686903474682,0.0508668221982218,-0.0180515319573328,0.0379317437902138,0.0140716155960168,0.0102849971932929,0.00639751603756545,-0.00102333018600872,-0.0327712301155655,-0.0106640229057459,-0.112929170457166,0.144161934341471,"E02000312","Enfield 036",530580.663214193,192211.498284168
-5.80476328959297,0.0236473211159825,0.0282594324626231,0.0270743358644552,-0.0719088417779037,0.00882635595359881,-0.00068347464916583,-0.00725861290182134,-0.025755352379065,-0.0017997494398723,-0.0188585968806396,0.235238791765563,0.153165459180497,"E02000313","Greenwich 001",546864.026009832,180292.376540569
-5.87534983795389,0.0246928987416334,0.0280729204193464,0.02688460434259,-0.0570470265332822,0.0125323470068539,0.00243129914195639,-0.00502381214942051,-0.0268091104360968,0.00747365963753278,-0.0168851026814574,0.212178090064407,0.143421594338896,"E02000314","Greenwich 002",545741.603542685,180154.947116856
-5.76570005652824,0.03106403898806,0.0302297757931109,0.0287450707393336,-0.0597980265557306,0.0112712312903412,0.00419134761500092,-0.00658580657118004,-0.0259025064320471,0.0100812214404053,-0.0175179340178546,0.187609367944595,0.204046414447709,"E02000315","Greenwich 003",546779.198705021,179321.773227812
-6.98201776736522,0.0672288988164655,0.0303970412153649,0.0291199697029502,0.0601861602017109,0.0232536001291278,0.0154889362285941,-0.00802024634084888,-0.0293188403581432,0.0457724377146479,-0.0141117003423484,0.164636871205813,0.183970959773535,"E02000317","Greenwich 005",542504.959476933,178647.136995371
-5.97777977012083,0.0449050007069567,0.031827257533379,0.0302291863773938,-0.0296246839702731,0.0162409542083613,0.0104744290357476,-0.00363880044459475,-0.0269937478004538,0.0244918302984388,-0.0150331494953846,0.14387742717617,0.213373079859543,"E02000318","Greenwich 006",545591.028447577,178670.597932614
-6.19335373620077,0.0547812740691121,0.0319165128471735,0.0303874227515986,-0.0117347504472511,0.0187143646563789,0.0128679024343554,-0.00357229221958316,-0.0280304664138171,0.0309944798499029,-0.0140772052222311,0.138219892870112,0.201833603457976,"E02000319","Greenwich 007",544772.526304028,178667.139702925
-5.72331739325212,0.0394194848687947,0.0330500102922334,0.0305373566274058,-0.0449426396944234,0.0129472141271766,0.0104812989857944,-0.00512119939686078,-0.0256582881056773,0.0198167217238231,-0.0165370746821171,0.135099445102756,0.255776205267152,"E02000320","Greenwich 008",546899.088793056,178202.501531097
-6.40131582310175,0.0637657533417718,0.0325431119708886,0.0312869226429694,0.00303788015066455,0.0200862549368187,0.0147044729188623,-0.0037302729976496,-0.0284623409481404,0.0359901644648658,-0.0140556753699894,0.135504356616498,0.207705795656783,"E02000321","Greenwich 009",544343.511949695,178407.045492195
-6.66167061899138,0.0720140108684328,0.0329549458050423,0.0319054391972693,0.0195767423548943,0.0212747629981757,0.0158875159927307,-0.00418247018953356,-0.0286686816973487,0.0407643608991826,-0.0142230631209411,0.141096802396001,0.214455745369339,"E02000323","Greenwich 011",543855.972866411,178141.533095204
-7.401766236887,0.0514576410353168,0.0285588927225809,0.0259852413554378,0.0844745042360109,0.0241418276899196,0.0137653824249664,-0.00961336667861781,-0.0295090437797174,0.0524241566954032,-0.0142841735836692,0.212198377406593,0.210688543975549,"E02000324","Greenwich 012",541762.141144956,177895.990621282
-7.38081337262485,0.00571103942503935,0.0240882520831536,0.0208015582130621,0.0958139173254481,0.0249316783529674,0.00977224201736646,-0.00989372262665433,-0.0326338213064482,0.056399368409974,-0.0139005648225411,0.249719696362352,0.202901137854477,"E02000326","Greenwich 014",540859.622594691,177806.58802025
-7.2866630576411,0.0807808996073451,0.0322954018303643,0.0305811739461057,0.0567998518817975,0.0228221757059442,0.0165442606871168,-0.00756757014898097,-0.0279978254209416,0.0485946157771567,-0.0146908410468117,0.181579739052397,0.234819704790835,"E02000327","Greenwich 015",542957.338489159,177635.638441516
-7.04402022780227,-0.0376070947680816,0.0215839676373663,0.0195030591548935,0.082177193687006,0.0246514743626781,0.00364050682828839,-0.00833661755638835,-0.0403384788985159,0.059284940207099,-0.0142499589171237,0.260178727710253,0.182581335986015,"E02000328","Greenwich 016",539930.356526644,177619.338521488
-6.49877271227306,0.0690819825383696,0.036759856774041,0.0329646024792714,-0.000851710270775327,0.0190416721906011,0.0196812198047059,-0.00100313488145072,-0.0270284436793336,0.0405189758535096,-0.0135061726951263,0.117890750828647,0.270316020697823,"E02000329","Greenwich 017",544789.061105938,176787.512110341
-7.72308527965741,0.0437209905376616,0.0268487110517214,0.0235955584885477,0.0882241578881402,0.0235773602737262,0.0127408402244886,-0.0116661505810554,-0.0282417876981637,0.0540501370845708,-0.0153611418128005,0.260556326763858,0.246407870080062,"E02000331","Greenwich 019",541721.609753664,177052.313516507
-7.04921278830883,0.0791073823188236,0.0352526029039426,0.032086748092085,0.0263939122883861,0.0207079041341427,0.0185975121582789,-0.00350431225062895,-0.0270418071829623,0.0460647293542837,-0.0144016327126244,0.161355391346184,0.271868366839948,"E02000332","Greenwich 020",543738.20549633,176732.438099834
-7.38087591617563,-0.0287876856163698,0.0211546455858823,0.019083895347994,0.0749314450804274,0.0231929605843527,0.00494405264635483,-0.0117732291430397,-0.0364218212148572,0.057061489914254,-0.0161970807038863,0.301667277644712,0.20973833836107,"E02000333","Greenwich 021",540310.324186175,176592.0085102
-7.845614268663,0.0447606190768445,0.0272699830025709,0.0238353546189464,0.0763802970535161,0.0219998437087913,0.0124595351154196,-0.0113929226486137,-0.0283481794827239,0.0532032558271888,-0.0168034900852792,0.283382106896175,0.261087554434893,"E02000334","Greenwich 022",541730.195352578,176356.159830724
-7.15235450573536,0.0704711513829816,0.0359512178216338,0.0303208307828729,0.0185906327595647,0.0183417660458493,0.0193637420551558,-0.00410361299541354,-0.0265111481216503,0.0459832189450775,-0.0162274128345899,0.18857680905751,0.283822511550765,"E02000335","Greenwich 023",543453.903627404,175668.48966736
-7.72502672476484,0.0498417647936032,0.0304540025526423,0.0246425329351272,0.0460612416741509,0.0177659518303896,0.0149204505986116,-0.0108739641652031,-0.0286802889996818,0.0481958304103149,-0.0194568489670858,0.285393707932541,0.269619487665266,"E02000337","Greenwich 025",541978.776325458,175262.999925343
-7.32512005710628,0.0618197072223621,0.0362891423541919,0.0283184987148837,0.0119608785688638,0.0157836791662382,0.0196365600156637,-0.00570011543075241,-0.0267452016556257,0.0444864433261185,-0.0178704760928913,0.227796195199218,0.280900183027176,"E02000339","Greenwich 027",543120.267060744,174968.409141985
-7.10112230706797,0.053926573920472,0.0409011924962676,0.029018706275592,-0.0201554378529969,0.0118110421546,0.0224146799979201,-0.00409402223690585,-0.0281502225664738,0.0382641196147709,-0.0182376040268706,0.22126712977118,0.267846173801117,"E02000340","Greenwich 028",543595.754443433,174128.40630065
-7.43564906501857,0.0299957432802256,0.0350107267383454,0.0247182679282821,0.00622791775614943,0.0110181930636689,0.0145284421804688,-0.0127509210822612,-0.0346068818052929,0.0311514517526914,-0.0248232601340257,0.305850260629306,0.241892750331493,"E02000341","Greenwich 029",541520.829847804,173942.833364797
-6.81521699228531,0.0511286943153775,0.0452716629673077,0.0309887216337204,-0.0458488405038274,0.00964399423069119,0.0252933594240237,-0.00132363020699311,-0.0288388090368415,0.0344824992423806,-0.0167007226211323,0.191778760019289,0.260330952553502,"E02000342","Greenwich 030",544541.933121812,173720.505265264
-7.12283214183624,0.0358894085678636,0.0441045654933873,0.0250651364883397,-0.0343424753495203,0.0040907737056921,0.0208964462570837,-0.00861088985069673,-0.0364222388453752,0.0123118943281655,-0.0243565395164335,0.283747152327975,0.205980399325339,"E02000343","Greenwich 031",542808.227385503,172616.731992747
-6.95632693285624,0.0377011226251659,0.0462722793503884,0.0267731291286169,-0.0478831040601279,0.00460822760694036,0.0239921228096947,-0.00487501095662194,-0.0347828414370518,0.0189020958433583,-0.0209494292310059,0.250694906093689,0.207750039817951,"E02000344","Greenwich 032",543712.480872236,172433.804414008
0.0534525629118789,-0.0721948342172477,0.0265142602516783,-0.00774148702357874,0.00313352134953053,0.0100981256376611,0.0113266344724649,0.00518447542535593,-0.0476036463097709,-0.0102574069845433,-0.0438308363236506,-0.309828967694863,0.189386489257425,"E02000345","Hackney 001",533931.454707021,187874.622167829
-0.511197321488911,-0.116035700298391,0.0225161512540247,-0.0112569662715203,-0.0135383863381687,0.0108637203464115,0.00738900435736603,0.00880780836544564,-0.0288951633205668,0.00494425333500606,-0.0436984197540187,-0.215297456133985,0.176943322329464,"E02000346","Hackney 002",532380.289556417,187512.962984593
-0.276036823737019,-0.0972561225377897,0.0212771235266169,-0.00839015028573383,-0.0100427688624383,0.0110813928430367,0.00893355736841288,0.00636876276320378,-0.0368103701075861,0.00433006233947269,-0.0435073703668211,-0.251331844779741,0.184363670300229,"E02000347","Hackney 003",533029.736213923,187455.738067643
0.153671800670138,-0.0783660748266952,0.0219142425599903,-0.0062073565943199,-0.0074492049172814,0.0106339665669585,0.0116329296237015,0.00370831002642271,-0.0461942056459547,-0.00267555271517083,-0.0451232721272692,-0.306604267993183,0.187674229741664,"E02000348","Hackney 004",534075.541700547,187456.620347661
0.0800661950218475,-0.0891033106135206,0.0164228779932792,-0.00474887416104814,-0.0203235238894212,0.0113150896114802,0.0114041895253818,0.00331935782942383,-0.0416817720399335,0.00911096114221746,-0.0446896120161191,-0.282570951093723,0.186935140461805,"E02000350","Hackney 006",534063.219516578,186769.861477505
-0.903454639213446,-0.134368288069448,0.0144107363631161,-0.0118829868704509,-0.0236796611165628,0.00986594317228939,0.00598419737710653,0.00646190819506712,-0.0184208055766391,0.0156882009889812,-0.0474184497821793,-0.142206230356391,0.139297928274959,"E02000351","Hackney 007",531991.48695497,186778.384793867
-0.324907797855552,-0.128776592770563,0.0137236119541208,-0.00775730174265482,-0.0301441761747731,0.0103605441107687,0.00737728174641994,0.00543176248730755,-0.0270353667723635,0.0148572148373433,-0.0464778594313562,-0.206125598489191,0.162124293141344,"E02000352","Hackney 008",532809.630064069,186601.42443571
-0.0612810724128585,-0.113632400630942,0.0138519709360063,-0.00569499839285036,-0.0283144624774134,0.0108015114467023,0.0091287405411324,0.00437001910152999,-0.0337178436230206,0.0141800840696964,-0.045167423219993,-0.245827767716749,0.178221378208955,"E02000353","Hackney 009",533500.111403216,186458.939758608
-0.137118227482369,-0.0866468456243977,0.012258458802373,-0.00301209665833489,-0.0246657700371438,0.0124347428212914,0.0136419398257244,0.00302697809920271,-0.039267514918769,0.0179919046638978,-0.0396710604915456,-0.263362372912241,0.190250007825831,"E02000354","Hackney 010",534512.29857395,185980.037440639
-0.315791785861367,-0.0635640841725457,0.0133111957881595,-0.000944154281726889,-0.0201175794230152,0.013617006824087,0.0176897997896707,0.00103771086603336,-0.0437325970574746,0.0151520032531111,-0.0377882769877793,-0.268072252841915,0.185578963371974,"E02000355","Hackney 011",535241.701418299,186015.340582868
-0.513516676695168,-0.143285080774301,0.00876448163318715,-0.0088220272180821,-0.0320596823775771,0.00918224183185221,0.00678342465877859,0.00295185068098628,-0.0225687295241088,0.0206175592991397,-0.0437960827480154,-0.167555684956887,0.147268782207072,"E02000356","Hackney 012",532849.990848915,185838.870517157
-0.751962933707909,-0.0341846203762113,0.0161453456879789,0.00412674719811288,-0.00601928648787332,0.0146364941725825,0.020236966265137,-0.00478199009612876,-0.0466444135221421,-0.00475236069641229,-0.0351508950483354,-0.257591997382367,0.148092839738113,"E02000357","Hackney 013",536526.726204192,185998.503756365
-0.207452859570936,-0.132201303694124,0.00900910658228582,-0.00632052467331832,-0.0320695174389939,0.0101367114583426,0.00877926979765204,0.00351569146381316,-0.0280428826120161,0.0205614776959973,-0.040583645242591,-0.213995906963925,0.169826626225198,"E02000358","Hackney 014",533517.734333815,185684.790047818
-0.913411873202296,-0.0410828536908366,0.0143477163499005,0.00288815794667455,-0.00491136568451625,0.0153237587455482,0.0210373160528657,0.00118412464086819,-0.0446863437622352,0.0178600037584734,-0.0327630960575016,-0.244705481438358,0.177507360450012,"E02000359","Hackney 015",535924.397322096,185525.892655344
-0.281109415867919,-0.108324189973237,0.0094346792852519,-0.00387112978597748,-0.0220133884538544,0.0117916786985991,0.011905472860396,0.00395377997055743,-0.0338954327682219,0.0239827419751131,-0.0354296307735242,-0.237509698708795,0.190322473835492,"E02000360","Hackney 016",534311.074088783,185328.788766983
-0.820084385560909,-0.0848218091251087,0.0106585173699005,-0.000591898409391958,-0.0109519141311792,0.0142140847858943,0.0151283018260076,0.00465996158420523,-0.0386897999403952,0.030408795258141,-0.0313469293690345,-0.218064408338308,0.19921949169297,"E02000361","Hackney 017",534970.471087032,184980.238075254
-1.92351589370214,-0.0121702698804798,0.0181396656178575,0.00995499489036943,0.0231703559941548,0.0167660035595707,0.0199019209503627,0.00137883628568589,-0.0445327590222771,0.0105486118761162,-0.0286131884736471,-0.192659268846924,0.155098604196829,"E02000362","Hackney 018",536849.800498042,184993.965587693
-1.23227708721129,-0.059786871116992,0.0126896518303032,0.00258558060588736,-9.39066072005854e-05,0.0157557509499084,0.0185781825086015,0.00543532337272214,-0.0433061052754769,0.032446468139046,-0.0294791373688318,-0.209771605853048,0.196434036763898,"E02000363","Hackney 019",535531.155250246,184909.088965787
-0.540991628512856,-0.136513912308601,0.00686649526930676,-0.00581177846292071,-0.0143292743981125,0.0106212985558779,0.00882940765382615,0.0039187055231945,-0.0285672703848884,0.0280728633454685,-0.0310599891313948,-0.195923095975931,0.183731115263704,"E02000364","Hackney 020",534145.863649472,184616.309542485
-2.03076541182623,-0.0607744136101523,0.0139191687016784,0.00470270958828362,0.016770111405282,0.0171353548702433,0.0162918496821853,0.00870451923505175,-0.0476288251913757,0.0417188977424354,-0.0259440901903241,-0.150046170140663,0.203929857326697,"E02000366","Hackney 022",535740.668407259,184230.276261693
-1.43400181961735,-0.108582883119233,0.00960646973897925,-0.00121234916252422,0.00523259617624948,0.0143138369914806,0.00987029438850422,0.00739705086609563,-0.0381112278910116,0.0398464174934811,-0.0261415617472845,-0.155344978867199,0.205017340585146,"E02000367","Hackney 023",534916.356419239,183984.732225009
-0.973019970587408,-0.160896040573599,0.0048804812878867,-0.0089265335513514,0.00204913521107307,0.00921082768239021,0.00392236546313231,0.00447540862235952,-0.02362488899703,0.0322660841080493,-0.0258051025667741,-0.141749064563146,0.175620500560706,"E02000368","Hackney 024",534123.211328732,183643.895808236
-0.93508869975062,-0.192756110374371,0.00127168758755711,-0.0172119885093876,0.00126997728580435,0.00536659506807958,0.00389109732943938,0.000395688712490026,-0.0094560122921458,0.0267775145966702,-0.027398100668128,-0.102803149543693,0.128782976868367,"E02000369","Hackney 025",533303.870689581,183647.451306741
-1.50180573613857,-0.206405024888733,-0.00116944113272964,-0.0263462736366324,0.0150959138675019,0.00417443528064117,0.00548030945798684,-0.003013199291871,0.00267246059081814,0.0236712885327751,-0.0269253650652303,-0.0291189966247156,0.0842229988796898,"E02000370","Hackney 026",532577.308705708,183227.74873348
-2.5036897098782,-0.056488028089156,0.0138794353595228,-0.0199956923453962,0.0497069736358201,0.021976023399314,0.0204959727229023,0.00358698851185536,-0.0194702400217352,-0.0201755377841988,-0.0159484241585595,-0.121972055745315,0.452383409916548,"E02000372","Hammersmith and Fulham 001",522362.973269155,181818.984033708
-0.61896224197863,-0.153319044458714,0.00322599946227483,-0.0470327599162126,0.054655221256891,0.0257228224723512,0.0315380451758404,-0.0203825361086953,-0.0126777631335126,-0.00255968359982743,-0.0111673311383904,-0.254691011323875,1e-06,"E02000373","Hammersmith and Fulham 002",522579.547095242,180719.7291872
-0.977475857074092,-0.141341973933135,0.00232168952697862,-0.0461703455557814,0.0565257141287017,0.0256184980542361,0.0326402587197116,-0.0104495476891348,-0.0125360173960944,-0.00591772006446268,-0.00692183264109845,-0.229553322362605,1e-06,"E02000374","Hammersmith and Fulham 003",522109.386959752,180473.052919019
0.0255314875288923,-0.176395152466353,0.00787167956099811,-0.0498583941444239,0.0497175046066821,0.0277420275978492,0.0345103094590039,-0.0388641289113955,-0.0151264894448569,0.00120311870630189,-0.0179637529819077,-0.310026151486959,1e-06,"E02000375","Hammersmith and Fulham 004",523324.585040474,180258.079747882
-0.13019668265389,-0.160474163099776,0.005213296512286,-0.0499475710112987,0.0562646884056693,0.0274513105955894,0.0374290282370271,-0.0324846786890614,-0.014215609480629,-0.0021127182238826,-0.01520245447943,-0.31036544518652,1e-06,"E02000376","Hammersmith and Fulham 005",522918.761368006,179823.881881643
-0.623177268563678,-0.145494182262789,0.00211638378341508,-0.0484993457404725,0.0591250142367532,0.0262279938250507,0.0375475241013683,-0.0168944723714762,-0.0139198620182178,-0.00625656038016718,-0.00984994682526775,-0.269024599245269,1e-06,"E02000377","Hammersmith and Fulham 006",522253.352931962,179767.462722065
-0.189101937984133,-0.164655830285802,0.0156440860367194,-0.0472938602588563,0.048934593693,0.0288580015670385,0.0386013112586865,-0.0462670241057795,-0.017630504765055,-7.30973459970775e-05,-0.0185952485864341,-0.310352698575221,1e-06,"E02000378","Hammersmith and Fulham 007",523603.30505311,179581.244354077
-0.901835659359469,-0.138721615014218,0.000283922624927972,-0.0491890558382834,0.060813150896118,0.0258427079355416,0.0415659508165446,-0.0102719653861321,-0.0148355853504269,-0.0102382745814249,-0.00703137177770962,-0.247037995612334,1e-06,"E02000379","Hammersmith and Fulham 008",521848.7087818,179375.031009056
-0.249221694017055,-0.148954953567003,0.00757290201282031,-0.0508373020922385,0.0596315921102041,0.0288108403030216,0.0436681003236652,-0.0366503383744663,-0.0150223801296429,-0.00383726683321354,-0.0154038036226246,-0.318401316600285,1e-06,"E02000380","Hammersmith and Fulham 009",522925.752430196,179201.108560484
-0.665299153790103,-0.147050797952759,0.0241776558832771,-0.0429434571526142,0.0469717044738183,0.0292173371948999,0.0408369985627587,-0.0488577984694425,-0.0195146034089217,-0.0021424804414495,-0.0181756768441339,-0.285363523938308,1e-06,"E02000381","Hammersmith and Fulham 010",523752.177204541,179115.846353439
-0.65113435345225,-0.135997193786436,0.00369778816908653,-0.0510043263389107,0.0637614550549271,0.0276015445121296,0.0479227880547141,-0.0236634299553478,-0.0166046379924216,-0.00875796357837289,-0.0118102387867721,-0.287016358725829,1e-06,"E02000382","Hammersmith and Fulham 011",522331.755235763,178710.94300244
-2.19245577326847,-0.111049282510929,0.0510496260469886,-0.029927668518274,0.0328090973982925,0.0294578031151668,0.0406988116725457,-0.055566808900829,-0.0209659835614317,-0.00599944272677227,-0.0161104206460998,-0.176889290589941,1e-06,"E02000383","Hammersmith and Fulham 012",524293.51365244,178685.321038369
-0.753345938717096,-0.128519964300699,0.0187675413252949,-0.0454180344188086,0.0562465820460458,0.0298277796940656,0.0463552671384488,-0.041666043435406,-0.0189989084541555,-0.0058317572108196,-0.016829071031684,-0.295237307743321,1e-06,"E02000384","Hammersmith and Fulham 013",523209.764270333,178529.269975775
-2.58003058796601,-0.0818176880926922,0.0526129018874516,-0.0191062528350068,0.0357715229034475,0.027616922081314,0.0412821078367128,-0.0481509480624354,-0.0271646147023707,-0.00716696254006908,-0.0163297568862761,-0.164534411761255,1e-06,"E02000385","Hammersmith and Fulham 014",524236.454009646,178107.53831283
-2.58388763668578,-0.0708992197375274,0.0507482711363348,-0.00429487923502769,0.0324670094310256,0.0236046279524052,0.0370113156314789,-0.0527483674113311,-0.0358642666223045,-0.00346786300264769,-0.0199674065695201,-0.161436656150286,1e-06,"E02000386","Hammersmith and Fulham 015",524815.880146298,178017.480343296
-2.8436906407038,-0.0696743262365612,0.0550585526825389,-0.0214878410963438,0.03774262021884,0.029637822044291,0.0447863193358904,-0.0460213004625938,-0.0269461200282233,-0.00927683012395919,-0.0153195186386215,-0.155987995997369,1e-06,"E02000387","Hammersmith and Fulham 016",523987.092467243,177749.798100749
-2.64697074109443,-0.051766139561493,0.047645699688113,0.012954012403134,0.0336806277381577,0.0180580287743601,0.0332392832790976,-0.0458665128753673,-0.0472759987077724,-0.00103339695179624,-0.0220155831858712,-0.163598333773074,1e-06,"E02000388","Hammersmith and Fulham 017",525192.89271643,177560.608870598
-3.16545703064373,-0.0544602408418226,0.0565937121159995,-0.0236446773917484,0.0412526732323166,0.0311336103513807,0.0480168723065106,-0.0391028368444599,-0.026646976066854,-0.0124057067248055,-0.0135648583381185,-0.143898859053897,1e-06,"E02000389","Hammersmith and Fulham 018",523602.296241024,177314.214657432
-2.99442221635741,-0.0409567675997371,0.0504294026350455,-0.000553220546322219,0.0385179563237211,0.0247592366771654,0.039747002778197,-0.044759480849499,-0.0373841969216475,-0.00495467128889203,-0.0170741301209164,-0.154291304018579,1e-06,"E02000390","Hammersmith and Fulham 019",524423.533274798,177267.598675139
-2.5956606663898,-0.045313518692784,0.042771839399747,0.0254358194877577,0.0346892915717157,0.011446346970982,0.0287361669118775,-0.0367422594461284,-0.0524381688796088,0.000828793103299066,-0.0198546156662897,-0.166766708718157,1e-06,"E02000391","Hammersmith and Fulham 020",525588.165894802,176898.861632598
-2.94526727369505,-0.0283120214605308,0.0440197333412475,0.017697474246393,0.0386949336284975,0.017096951459259,0.0336645050352824,-0.0396972439552409,-0.0462504100156172,-0.00148315050303529,-0.0175225686024649,-0.154668939102399,1e-06,"E02000392","Hammersmith and Fulham 021",524892.647278677,176794.624547636
-3.20975131198328,-0.0241178257161956,0.0469637725226194,0.00153749691382781,0.0426567434719421,0.0255272520030681,0.0398433492097441,-0.0406603948700754,-0.0366794720056413,-0.00501400734762372,-0.0146563140410806,-0.148794160531948,1e-06,"E02000393","Hammersmith and Fulham 022",524205.688287211,176838.633907178
-2.21051248296479,-0.0621399117171087,0.0373414289509053,0.0304158358081964,0.0330030697952186,0.00564643151583977,0.0241962858583995,-0.0286897379399932,-0.0492384984489436,0.00274724260363474,-0.015391124449737,-0.186660416884177,1e-06,"E02000394","Hammersmith and Fulham 023",526113.898386832,176454.3577707
-3.34716138620824,-0.00723724939831559,0.0328418431776161,0.0187510774876878,0.0431675272110737,0.0182684487674361,0.033047744293769,-0.0368199913564486,-0.0392084875641224,-0.000356297732864366,-0.0116097582726577,-0.12672575491646,1e-06,"E02000395","Hammersmith and Fulham 024",524485.74765122,176099.900200684
-2.82354642281197,-0.0388610167753567,0.0352502032371814,0.0306510183085272,0.0320442721616893,0.00604307280120271,0.0256815227963536,-0.0321727937388051,-0.0437425197608797,0.00181349118238391,-0.0119633721300854,-0.136764115296842,1e-06,"E02000396","Hammersmith and Fulham 025",525519.438803029,176000.582021773
-2.41720058148132,-0.104935715560611,0.0552100126731578,-0.0217039823740657,0.0317194430532349,0.0119071004780168,0.00759434017281567,0.0114117810355415,-0.00757542104979416,-0.0226544775925081,-0.0120900592572045,-0.110874849392811,0.162841544243103,"E02000397","Haringey 001",530500.156870882,191314.67259528
-0.87818266343248,-0.0752207588344366,0.0556940678375436,-0.0170071513773785,0.052126966184434,0.00628547761057947,0.0125251720752057,-0.000255090579261759,-0.0376484565054457,-0.0827611984980623,-0.0171772344919154,-0.275646185972837,0.118460919370167,"E02000398","Haringey 002",534834.297424736,191281.606863286
-2.82020537272896,-0.104893943273975,0.0457186104751272,-0.0248085379912301,0.0328701441000404,0.0104355564020768,0.00678589241101385,0.00677567678604896,-0.00327116257395151,-0.00900307320932885,-0.0113736600480916,-0.0477189199583074,0.152352798968473,"E02000400","Haringey 004",529599.002955803,191244.459249577
-1.86882540014005,-0.0886910772323767,0.0643961059048442,-0.0187388900229691,0.0385006125568277,0.0101133097443161,0.00923775620055244,0.0126075073174855,-0.0187501959655653,-0.0416525399469257,-0.0137694103741311,-0.18675019215378,0.149057677829225,"E02000401","Haringey 005",532330.716795134,191204.796874297
-1.68686744669366,-0.0773933131852582,0.0650586995797177,-0.0181840355104602,0.045369857158866,0.00867499521898945,0.00976176742833201,0.0105107647386384,-0.024624863567891,-0.0473230338146082,-0.0146868081118356,-0.210421491512434,0.141333247143269,"E02000402","Haringey 006",533071.313326518,191122.796003545
-2.19801238523637,-0.108026460241784,0.0618288226718122,-0.0214730517707433,0.0316701592128291,0.0113440925122416,0.00724122174928534,0.0148810151462598,-0.0128749902487281,-0.030034580456187,-0.0129469148017371,-0.137874097159309,0.166767994312286,"E02000403","Haringey 007",531121.888815904,191059.837899968
-2.06353074070815,-0.103352146086152,0.0658826212004239,-0.0209319356389914,0.0342527615496015,0.0104286396217187,0.00720371225397414,0.0160562024989034,-0.0177307800797649,-0.034046273196254,-0.0138651846046988,-0.156773669375482,0.164945610717676,"E02000404","Haringey 008",531705.338135244,190876.291137164
-2.53591172217333,-0.128938809715335,0.0471555196592216,-0.0291989919407809,0.0219172069522143,0.00834217457896442,0.00528070061249777,0.00954591596205614,-0.00955998151087106,-0.00335333888481495,-0.0136253223509772,-0.0427720023118723,0.149558962714832,"E02000405","Haringey 009",529571.757049949,190367.250640115
-1.96023489056254,-0.110112602830163,0.0648737997609439,-0.0222261615658752,0.0307589813032997,0.00942634080386657,0.00611896386238246,0.0167787399769774,-0.0222139748676157,-0.0268233699409935,-0.016450565563608,-0.151122464590272,0.17487530988436,"E02000406","Haringey 010",531685.566857346,190309.26636725
-1.34403498629882,-0.0646542297576972,0.0592750145576491,-0.0168885663438949,0.0474484542221626,0.00725053515049327,0.00932885307052671,0.0087898990775785,-0.0377035556762842,-0.0472431458627949,-0.02145005424461,-0.234123108544556,0.160786416470679,"E02000407","Haringey 011",533546.410531384,190231.061552198
-1.14853410978038,-0.0576577518038825,0.0559617335305865,-0.015501605528702,0.0500211289774091,0.0068220248611616,0.0104867531900723,0.00459686710479924,-0.0415694212636011,-0.0602954571769751,-0.0227982451679168,-0.25331380821832,0.151219907964803,"E02000408","Haringey 012",534058.044792551,190249.217180941
-1.71336432861171,-0.0876305107793538,0.0644197036806846,-0.0198290734685316,0.0392158367202295,0.00806415214985636,0.00705190119882492,0.0150585131653134,-0.0308875669791218,-0.0313037450450911,-0.0195330252365044,-0.18754928985792,0.17523011701437,"E02000409","Haringey 013",532612.728408351,190100.858201518
-3.02129916634658,-0.133999976625865,0.035955467368407,-0.0383323185970714,0.0197459905516477,0.00515349412253786,0.0045093091638151,0.00326697810739164,-0.0105607875880873,0.00411003615917895,-0.0128302914063449,0.0537167149875627,0.111909587684769,"E02000410","Haringey 014",528618.399992884,190089.326090507
-0.851836689005816,-0.0556738513463,0.051513687703552,-0.0136237888452584,0.0493584713891797,0.00613855951815546,0.011480783673778,0.000436773001741137,-0.0497426877554308,-0.0778040608110579,-0.0257477361893874,-0.274800337319539,0.142540454141061,"E02000411","Haringey 015",534670.997817325,190040.3438734
-1.97379710325502,-0.125795331909462,0.0599765466645315,-0.0249524233128565,0.0223442518868401,0.00939005307975723,0.0051781368874491,0.0159507604736459,-0.0198469171616665,-0.0181581494158191,-0.0169858121377242,-0.125160021950926,0.176363840486833,"E02000412","Haringey 016",531006.415134054,189967.336866023
-3.29818654853266,-0.139226504477947,0.0293512515944062,-0.046998514680915,0.0164145530538932,0.00342840057297139,0.00298764429283737,-0.00387815363440198,-0.0168649687282866,0.00639126013962421,-0.0127474133178915,0.12369878671503,0.0801085617792706,"E02000413","Haringey 017",527904.044075235,189961.164778228
-1.2716830684012,-0.0699387185026695,0.0563366929091412,-0.0170982001791236,0.0412561623992066,0.00768464619744686,0.00864775363007371,0.0115760636225383,-0.0388085037006869,-0.0368110510935817,-0.0246550649425147,-0.230644472807961,0.179957164082141,"E02000414","Haringey 018",533161.797474589,189765.015449458
-1.66618170967108,-0.10017779418421,0.05988671632842,-0.0210778119311605,0.0306323704996342,0.00872369798070676,0.00630487889768803,0.0159201302290802,-0.0296506639085423,-0.0241202581568798,-0.0218735894559312,-0.173574436401424,0.187599195903293,"E02000415","Haringey 019",532099.509710221,189671.608337831
-1.98984453105125,-0.133722440838542,0.0500299390163386,-0.0279519824233173,0.0122834614475366,0.00913719531578934,0.00518450458005739,0.0127825655404392,-0.0166262033733874,-0.0090220861180291,-0.018662338627746,-0.0927854221515628,0.162661958792939,"E02000416","Haringey 020",530432.547537583,189350.605941855
-2.91040775408168,-0.148425027930641,0.0351117983508276,-0.0433264332206001,0.0100824257636728,0.00524701987436366,0.00522769355438737,0.00468213468613265,-0.0105454612468187,0.00355927553982799,-0.0153003897807588,0.0644363740783561,0.100960526614679,"E02000417","Haringey 021",528886.828521517,189166.205020887
-2.36211794923463,-0.144183460360089,0.0430374468075091,-0.0344227997955176,0.00854554729841953,0.00759155494636499,0.00512958845276301,0.00968084407941156,-0.0111154417098678,-0.00159080495587218,-0.017052564529757,-0.0248751834929311,0.135349290141686,"E02000418","Haringey 022",529682.341535431,189151.544912706
-1.6441953444415,-0.118738393557361,0.0528110401269112,-0.0236349583258619,0.0176109130143594,0.00938291289655904,0.00534784382658395,0.0156206948275523,-0.0249815946177652,-0.0166844946695265,-0.0237545506747617,-0.146413163116803,0.186983410172547,"E02000419","Haringey 023",531406.703816775,189134.311878427
-0.895893000845992,-0.0663884380615084,0.0469698328573547,-0.0149590279753207,0.033378723131439,0.0083909108126494,0.00929860926006063,0.0110100470140353,-0.0428434762737686,-0.0301065929124545,-0.0311246927552096,-0.255005286330691,0.192054636579535,"E02000420","Haringey 024",533192.497445094,189162.554304292
-0.608341576271356,-0.0535987049956918,0.0441763560557049,-0.0124948675370472,0.0358138081628455,0.00771812049506076,0.0108293307429863,0.00668011738511496,-0.0504349095766177,-0.0429523308183608,-0.0334534451094278,-0.286341663958851,0.178650993743534,"E02000421","Haringey 025",533954.095762378,189115.829339634
-0.908137321726886,-0.0779239688543871,0.0425262453363719,-0.0151378599565493,0.023862760890571,0.0093914196783365,0.00851791428220786,0.0119279816580186,-0.0387040640463401,-0.0196923012123018,-0.0332321605920723,-0.238516824363982,0.198358872662122,"E02000422","Haringey 026",532714.155559715,188827.262069337
-1.12061246561341,-0.0928610413921262,0.041103408766237,-0.0170695208043537,0.0171687027730283,0.0100576298218063,0.0074939475779568,0.0126364893422341,-0.0322698413046989,-0.013623273647013,-0.0322304137345219,-0.203724719194605,0.194969389169796,"E02000423","Haringey 027",532113.591848065,188694.259341371
-1.7469488782807,-0.130568191873347,0.0426970729780292,-0.0265392733169392,0.00605038963886083,0.0096106709458425,0.00551662687297212,0.0124963028065268,-0.0169415066887687,-0.00695866720727994,-0.0251842511911727,-0.105736657609882,0.165714176954347,"E02000424","Haringey 028",530779.864727142,188605.176471889
-0.176729575857908,-0.0600494896935589,0.0345695682542599,-0.00977145218971614,0.0196955205932558,0.00892045679482889,0.0112747574529548,0.00639299469381637,-0.0510369231371495,-0.0258976897955754,-0.0403757486010104,-0.308756022904998,0.186662806746631,"E02000425","Haringey 029",533970.655123792,188449.174850954
-3.74973262010526,-0.15255513954413,0.0227359746888732,-0.0570883960479114,0.00946555734716414,0.00487589688236623,0.00585877637355896,-0.00630444690463739,-0.0145326191111638,-0.000592221576448719,-0.0192997637046881,0.204679810747824,0.0382125110993839,"E02000426","Haringey 030",527845.650342865,188264.529086458
-1.07522088726498,-0.114950052464984,0.0280467420418739,-0.0165348063754924,-0.00327023027953247,0.0108640474911489,0.00689487483989178,0.0105338786835839,-0.0225134093914971,0.00147007372536,-0.0381831900566912,-0.168468617667875,0.170523592495382,"E02000427","Haringey 031",531656.606730381,187882.645843358
-0.526120449373795,-0.0860750846673591,0.0325019278389889,-0.0121397660893289,0.00880391962608431,0.0102007284166176,0.00865188905535423,0.0102414181846855,-0.0386040104466699,-0.00947893490558178,-0.0396301418306054,-0.254055512794456,0.196606957647865,"E02000428","Haringey 032",532825.978454767,188208.119168032
-2.91118061471981,-0.138164643887827,0.0306497588052487,-0.0396026711342586,0.00756299471433521,0.00744124409045132,0.0064628258523303,0.00482956943360203,-0.0073423057078543,0.00123351272731911,-0.0219871529938696,0.0585962558653077,0.096090550741597,"E02000429","Haringey 033",529471.909791157,188227.867651761
-2.06562349338246,-0.12661965566114,0.0323891521543448,-0.0277400127708771,0.00459917208283944,0.00951648768961854,0.00636522646215992,0.00910841767453904,-0.0106457590919313,0.00127444293552025,-0.0286752417001369,-0.0569468249079205,0.137982787941273,"E02000430","Haringey 034",530449.305395009,188125.186986536
-3.79039628581366,-0.145281520197685,0.0220628527596242,-0.0518927107692966,0.0104185893288189,0.00664709924611869,0.00775909320482801,-0.00107012328250923,-0.00785031373252999,-0.000631260749752154,-0.0230488414400852,0.186865518113794,0.0424362454677144,"E02000431","Haringey 035",528824.28141061,187668.963130963
-1.47392665671816,-0.123283398461744,0.0248702735811463,-0.0198339071464361,-0.00454759600019644,0.0103057195917619,0.00634357170414255,0.00918650315437554,-0.014514027315562,0.00628117643683764,-0.0385881743233724,-0.112090724244661,0.146620207938152,"E02000432","Haringey 036",531172.675803647,187645.335576483
-3.63897929729565,-0.114750785911045,0.00563282100531489,-0.0167137533610503,0.0245878167354907,0.00477825124418984,-0.00343006318617429,-0.00739549242023549,-0.0174226247092838,-0.0397107034248773,-0.01912480354552,0.175924251079237,0.0702664070244914,"E02000433","Harrow 001",516499.758090908,193256.425505975
-4.96675237710897,-0.0754452113728776,0.00805339949089577,-0.0121617848579207,0.042818850733277,0.0084939155051671,-0.00544170884166803,-0.0142907213182586,-0.0118024117781318,-0.0255256089016113,-0.010059151119813,0.253270628537816,0.0738917373139556,"E02000434","Harrow 002",518243.318651012,191763.791432769
-3.26499375735907,-0.134474721006661,0.00625085899038745,-0.0190462612809877,0.0214536246183446,0.00438111450447691,-0.00328015763669295,-0.00111719539940719,-0.0191942465599015,-0.0524433824944694,-0.0156560604123977,0.147725406605608,1e-06,"E02000435","Harrow 003",516310.692053196,191677.657619681
-2.2760953338389,-0.184258888490214,0.00476542695597358,-0.0244913488401082,0.00122796782548078,-0.0010116972322744,-0.00182302211488801,0.00941747872773793,-0.0285637773327329,-0.0625038344774085,-0.0242537588668424,0.121539581821922,0.0602762188534762,"E02000436","Harrow 004",513676.356494471,192126.332074452
-2.50869878493126,-0.173465267647221,0.00556714432214552,-0.0232782981423611,0.00828551651573574,0.00118745644339361,-0.00272627015744303,0.00738293020549513,-0.025548342934149,-0.0644195790075588,-0.0181402184237177,0.119486709971172,1e-06,"E02000437","Harrow 005",515130.351576953,191124.474950577
-2.35163153496906,-0.192308709977969,0.00484935394992716,-0.0255723649304176,-0.00142960897572927,-0.00180513637661966,-0.00146086483088413,0.0143930483993729,-0.030789425143904,-0.068206803500598,-0.0220462878334088,0.140131194578499,0.0549067652178211,"E02000438","Harrow 006",513293.203954763,191016.718497511
-4.97220808775317,-0.0777163101260188,0.00906999586316604,-0.0115662797683343,0.0448171754684663,0.0104327280215647,-0.00761790085000218,-0.0154300901184029,-0.00917223495331512,-0.0162834774091132,-0.00656250019215463,0.240443678619093,0.0755121296756685,"E02000439","Harrow 007",519203.464383787,190906.699871458
-3.87697325440334,-0.116593984562457,0.00696768406830786,-0.0173812499819173,0.0287829095363514,0.00572884388725992,-0.00408788327726285,-0.00217584428491104,-0.0164308026118977,-0.0460644910702374,-0.0111373636572721,0.186710803862114,1e-06,"E02000440","Harrow 008",517016.402114534,190918.285019826
-2.111478909938,-0.21001449699687,0.00510847368073636,-0.0256732903418892,-0.00855781688379941,-0.00256426756472948,-0.000810584553992348,0.0178236144353249,-0.0354795087617028,-0.0662597669492561,-0.0219563959586009,0.134140763241035,0.0318306110163951,"E02000441","Harrow 009",511344.08898317,190881.821110027
-4.9257969354681,-0.0845121721771748,0.008827405926936,-0.0134363783547,0.0422320721053596,0.00914916517651938,-0.00738837875359056,-0.00953805106879865,-0.0100701261645807,-0.0194286976625394,-0.006204379896953,0.246861923696923,0.0854490534533466,"E02000442","Harrow 010",518771.631101692,190375.774315347
-2.61606357732793,-0.177988302027062,0.00545650333465235,-0.0242993159032436,0.00682106262315098,0.000687728420238885,-0.00268214209534411,0.0110369975354925,-0.0264311001498843,-0.0690742169897031,-0.015853337463861,0.137612150179649,1e-06,"E02000443","Harrow 011",515132.854626468,190273.925073765
-4.06943185734061,-0.112226392402598,0.00743887276109205,-0.0173264518023353,0.0315737962407936,0.0069056630960613,-0.00511641509176762,-0.00149934579562782,-0.0140113491760198,-0.0385506807603641,-0.00704983718130643,0.193554939584633,1e-06,"E02000444","Harrow 012",517696.896187454,190148.263782605
-3.04693205489582,-0.163737963566643,0.00550934488444535,-0.0236837404730314,0.01178125595095,0.00173580238769988,-0.00297697204042566,0.0104610158136412,-0.0236652644942295,-0.0678006522490842,-0.0127027432898335,0.165266786427436,1e-06,"E02000445","Harrow 013",515776.24748196,189819.829669607
-2.24002348316253,-0.20067602890975,0.00538695312779481,-0.0256657116524025,-0.00175953919824426,-0.00120021338256854,-0.00197047079299422,0.016390049638351,-0.0316208280407853,-0.0756358204427149,-0.0170738725880063,0.127670207042518,1e-06,"E02000447","Harrow 015",513801.316103781,189944.843887815
-2.34708544458765,-0.206362352813312,0.00498207609915041,-0.0260505591498394,-0.00771582344394718,-0.00257223187160352,-0.000868996886820141,0.020498508402854,-0.0348475747602027,-0.0713850778789336,-0.0187739234008202,0.156448228623079,0.0389804647488862,"E02000448","Harrow 016",512166.476993778,189626.957710617
-3.99646520340586,-0.113987469217649,0.00770134190996738,-0.0180400207048019,0.0311143638146545,0.00818292785642468,-0.00620188013275146,0.000905070894652167,-0.0115843906439784,-0.0290861731421719,-0.00308185806123948,0.177746327894259,1e-06,"E02000449","Harrow 017",518379.409232902,189344.924234565
-2.56243983535894,-0.199075783609387,0.00489193326266959,-0.0266091707692687,-0.00468773626038822,-0.00234269849767583,-0.00102194753609389,0.0211924417374322,-0.0328898115630404,-0.0763603327046398,-0.0171964982311248,0.171413836142276,0.0491940600718173,"E02000451","Harrow 019",513147.890089262,189164.513785204
-2.73466600224306,-0.185785300271516,0.00539186300677307,-0.0259780734549143,0.00390360099167006,0.000148630715668264,-0.00268085003075228,0.0166635742434661,-0.0278722666556689,-0.0757094980314256,-0.0115283167593481,0.160289959276334,1e-06,"E02000452","Harrow 020",515222.542009261,189009.557560489
-2.49846386489302,-0.200151432624907,0.00526500840689851,-0.0267311361776311,-0.00185482874654925,-0.00116170904637159,-0.00195328075027194,0.0204672438222743,-0.0311606634931999,-0.0845221845764967,-0.0124002989766373,0.154737942149636,1e-06,"E02000453","Harrow 021",514334.059944707,188652.852761936
-2.53253508903875,-0.204751118209804,0.0049806233470611,-0.0251831435979617,-0.00919153322209076,-0.00280194131391928,-0.000371171158317658,0.024204839889428,-0.0359634632375453,-0.0772012607571059,-0.0154846800032799,0.175815986216653,0.0412754123150112,"E02000454","Harrow 022",512000.086389909,188351.608674801
-2.96938842096698,-0.182915383671788,0.00521783650727145,-0.0272912648049694,0.00503101117549588,0.000744269624206774,-0.00263001938405325,0.0194493172310786,-0.0260547092722853,-0.080501530002925,-0.00741636838612706,0.17946673635067,1e-06,"E02000455","Harrow 023",515741.546777619,188206.058334681
-2.50386024899842,-0.204902386406804,0.00522055603593842,-0.027225597276423,-0.00441928981728124,-0.00150136542398113,-0.00171650739598385,0.0231419245365338,-0.0322840263952677,-0.0892636306702695,-0.0105250265700255,0.161861206661274,1e-06,"E02000456","Harrow 024",514156.395703781,187994.224839139
-2.70115073300796,-0.200971112383197,0.00488751596393693,-0.0268369920956825,-0.00704498174496718,-0.00256248761188827,-0.000559918122971216,0.025389710403201,-0.0340161894661154,-0.0842389189479777,-0.0130385734125724,0.189419775966058,0.0481623748986597,"E02000457","Harrow 025",513147.602356324,187733.8450199
-3.02189405129956,-0.192891960659379,0.004560542816949,-0.0290938825941489,-0.00467939204022926,-0.00199358264005379,-0.000553332341444063,0.0269131755393115,-0.0313357375378703,-0.0996577134364435,-0.00835991229668528,0.216879390360424,0.0611512223640116,"E02000459","Harrow 027",514318.438286472,186814.071047487
-2.80808432787767,-0.198481152413024,0.0047222788855019,-0.0268430383293101,-0.00830280850544773,-0.00264684670061567,-0.000130548581514544,0.0267421219589197,-0.0344967199999386,-0.0908425615568219,-0.00961533216919836,0.201521728468341,0.0525550504097284,"E02000460","Harrow 028",513189.84742231,186636.113941684
-3.35668249359063,-0.178824822879991,0.00432181781234523,-0.0302558753087768,3.85777697004231e-05,-0.00061288970853916,-0.000994414701104902,0.0266170244282162,-0.0273024302314369,-0.100531701925792,-0.00560860493147757,0.234974125768358,0.083112495450515,"E02000461","Harrow 029",515413.894562784,186767.960513704
-2.95496467399244,-0.19354708583237,0.00446016836513713,-0.0282819845881046,-0.0078366704094664,-0.00237580024109832,-1.77023112533531e-05,0.0267978665117902,-0.0333698427555313,-0.10128586142362,-0.00615314898188441,0.215572696848528,0.060563104590116,"E02000462","Harrow 030",513804.980693163,185898.545007827
-2.89209126288702,-0.191856966835277,0.00464485453928141,-0.0250278682214205,-0.00891416872323659,-0.00287715044699792,0.000362402802301915,0.0264286357480752,-0.0357574351115119,-0.0915581977993229,-0.00754674863024312,0.207823736230181,0.0606568241538945,"E02000463","Harrow 031",512808.983403422,185803.171633452
-6.81918730107584,0.00593734248020881,0.0211431349623234,0.0234384560028112,-0.000784460095653142,-0.00290307499063823,-0.0114013190551977,0.0012755241150264,-0.0176946230304542,-0.100054386963431,-0.0124305047456026,0.426198831793914,1e-06,"E02000464","Havering 001",553999.897637653,193423.399401109
-6.75866613914683,0.0129996595884211,0.0235693440389167,0.0249846112685972,-0.0341159266804447,-0.00249592900454051,-0.010795392385559,0.00174832411834661,-0.0159675873819159,-0.0945746313349721,-0.0141110043060335,0.415396196498708,1e-06,"E02000465","Havering 002",555355.562886587,192213.42875951
-6.85082654814405,0.00178480719959753,0.0199670379585932,0.0231593548727185,0.0150710557288447,-0.0029024038628524,-0.0116104838975457,0.000423326598918592,-0.0215320555211131,-0.0986015750917823,-0.0121045676255874,0.432476902653708,1e-06,"E02000466","Havering 003",551347.361174558,192721.639900596
-6.80636060110535,0.013147060725577,0.023210305139954,0.0251642114805118,-0.0295883061972935,-0.00250291339667886,-0.0109748637984937,0.00184589783564693,-0.0176352704807113,-0.0933818562127199,-0.0139244021221077,0.421116227984995,1e-06,"E02000467","Havering 004",553774.410914265,191769.223543847
-6.80622492674729,-0.00522470436885236,0.0187960624919017,0.0221820658553315,0.029958773261232,-0.00277828270605829,-0.011544406858995,-0.000799332750620286,-0.0253653226891485,-0.0982112804896442,-0.011741923306683,0.431857217034003,1e-06,"E02000468","Havering 005",549403.711597471,192432.977288573
-6.82234627216213,0.0141486095988208,0.023291368964361,0.0255668991904978,-0.0305786115605373,-0.00243466442159789,-0.0110110912741288,0.00190370492276011,-0.0187253026831192,-0.0913771599233053,-0.0141143840076316,0.422412751641844,1e-06,"E02000469","Havering 006",552847.253450566,191207.781806796
-6.63221710083327,0.0169212357164307,0.0253002207248175,0.0263013865688047,-0.0546798244619846,-0.00221779168341162,-0.0102601400283659,0.0011942876594358,-0.0148632945499113,-0.0890467710882798,-0.0157670221563517,0.397296339871767,1e-06,"E02000470","Havering 007",555880.50783144,190490.66614618
-6.85280642666217,0.0131098342528844,0.0226701309912527,0.0255298707542387,-0.0233783064977287,-0.00231425378439405,-0.0111437276223935,0.00153807536118621,-0.0212698043803796,-0.0891026786558574,-0.0141985513312303,0.427181895439104,1e-06,"E02000471","Havering 008",551402.86528582,190702.16586498
-6.86533287964889,0.012592410646953,0.0223788685762268,0.0257024245172945,-0.0193838211240705,-0.0022604136835449,-0.0112376210420016,0.00134041331658077,-0.0230383814387856,-0.087638600925347,-0.014310971585227,0.429063125380207,1e-06,"E02000472","Havering 009",550417.498298466,190325.901079438
-6.61472814465635,0.0189527791814282,0.025709124116417,0.0269782510514547,-0.0587362925424588,-0.00208569005722853,-0.0102113482129355,0.00118484460394389,-0.0156401646447855,-0.0856772450955662,-0.016240633605353,0.393423797762912,1e-06,"E02000473","Havering 010",554656.17177908,189503.11481832
-6.8382106784265,0.0131124637173341,0.0225003234346174,0.0259724841348168,-0.0211380181483881,-0.00195906429122298,-0.0111492385450863,0.00117714738610941,-0.0243899096158189,-0.0839165056153616,-0.0149621095004189,0.425355171753752,1e-06,"E02000474","Havering 011",549769.283926154,189631.159816123
-6.7280757599216,0.018381585797949,0.0247436054085344,0.0267931031771252,-0.0475989809785555,-0.00205612032025735,-0.0106178495690174,0.00183080818635546,-0.0182139680489857,-0.0851920369885824,-0.015510069763877,0.407474524600308,1e-06,"E02000475","Havering 012",552795.516329224,189688.571376038
-6.74709348584653,0.0201471803696008,0.0248550327620367,0.0275455779429348,-0.0476462813886537,-0.00193467209818467,-0.010756110588242,0.00215187206736856,-0.0200757092648986,-0.081900498067046,-0.0157962684601792,0.407995310702937,1e-06,"E02000476","Havering 013",551317.876330426,188960.638121918
-6.60883874455135,0.0219216794375437,0.0261030070104953,0.0278543722515199,-0.0625032547136012,-0.00186200135538706,-0.0101959997154025,0.00123127058179795,-0.017227775899255,-0.0807753208968006,-0.0168261541569992,0.390226248029812,1e-06,"E02000477","Havering 014",552964.88511718,188355.822310347
-6.50756758236724,0.0207336879297353,0.026593125451798,0.0276254159210256,-0.0682826339253539,-0.00201188087067394,-0.0098499084642123,0.000135966744249823,-0.015087237160715,-0.0824365062808337,-0.0174819372504584,0.379611891496307,0.00100423387758359,"E02000478","Havering 015",554760.11621999,188259.723647452
-6.63143468252058,0.0233875247007435,0.0261429996322465,0.028293049293059,-0.0623487514761053,-0.00176878387313493,-0.0103049358517172,0.00156498782892121,-0.0184356000369502,-0.0786920894213137,-0.0169040619425017,0.391597901555911,1e-06,"E02000479","Havering 016",551967.896539984,187998.338586426
-6.73710710055888,0.0232655795545501,0.025365578450169,0.0286907504759753,-0.0518736431865758,-0.00171383725731396,-0.0108068103975643,0.00244633536450353,-0.0219104290661226,-0.0771480651671615,-0.0165005739142174,0.403765500490385,1e-06,"E02000480","Havering 017",550058.937003196,188021.258376401
-6.12864338144962,0.012573585245194,0.0279935211328533,0.0266544181113642,-0.0800930861161427,-0.00297042926110111,-0.00904516925176251,-0.00258320047393432,-0.00981741207030102,-0.0891031622015806,-0.0199812056005802,0.343073708677217,0.0328132460320405,"E02000481","Havering 018",559066.900294497,186853.061034776
-6.29653801666967,0.0174001930363747,0.0275875187853904,0.0272123845287826,-0.0772048638461208,-0.00254312122159691,-0.00947880558662187,-0.0010477807737394,-0.0117626318275897,-0.0862347095879939,-0.0184749256581243,0.35828586175409,0.0153171020226536,"E02000482","Havering 019",556493.467193229,187546.250297245
-6.42156118836009,0.0226675865550996,0.0273484305731248,0.0282035694579782,-0.0753279730984146,-0.00207413479604197,-0.00970122794335755,-0.000449480163764715,-0.014903695007188,-0.0799743313379334,-0.0182832484058569,0.368534933446763,0.00606854683139292,"E02000483","Havering 020",553900.594248606,187127.032702818
-6.52746317269883,0.025634366725661,0.0269678116388324,0.0287714801939261,-0.0719034512927232,-0.00170134836829677,-0.00987084678974132,0.000194555109229758,-0.017636304183879,-0.0758607635161212,-0.0181359317399983,0.378294259989043,1e-06,"E02000484","Havering 021",552366.649847226,186982.385143528
-6.29021170931156,0.0191451587405023,0.0276633150600076,0.0275773130896181,-0.0779590043626059,-0.00228578500315078,-0.00941336928636546,-0.0015617804877491,-0.0130583262372874,-0.0816671561833265,-0.0189749705995408,0.356229056071785,0.0176634603895745,"E02000485","Havering 022",555221.599850388,186764.908958567
-6.34311760768759,0.0232430432853552,0.0276651675123725,0.028323216722281,-0.0784158845708104,-0.00187195800091385,-0.00949254083017815,-0.00150544328145231,-0.0154258745982848,-0.0757922271513829,-0.0191469189672766,0.359204310415478,0.0139515759948232,"E02000486","Havering 023",553237.478260132,186141.919137566
-6.01916491969133,0.0145025841646709,0.0285469693524104,0.0274536860282304,-0.0847516036798097,-0.00291318850745536,-0.00852701585312741,-0.00455594931751242,-0.0115381837419613,-0.0811903996730094,-0.0218175641469432,0.32948191250692,0.0525028914981717,"E02000487","Havering 024",556512.165251812,184739.177539714
-6.21256942711092,0.0213080441687202,0.028087657480233,0.028092533604672,-0.0820069228745976,-0.0020214756443654,-0.0091476304768368,-0.00288260024297931,-0.0144542275959246,-0.0750317003269074,-0.0201053327509339,0.345898859641651,0.0283857164551515,"E02000488","Havering 025",553667.599350985,185379.261036547
-6.23281827028035,0.0242183076159423,0.028075717387957,0.0285032956807553,-0.0824972269185002,-0.00157304665340161,-0.00914505145175151,-0.00308170448555536,-0.0163062629539106,-0.0697043671536485,-0.0202701215176987,0.345839699962373,0.0274882014326261,"E02000489","Havering 026",552342.617535228,184924.104629267
-6.09855195336058,0.0228888200926923,0.0284215639457048,0.0283981858887741,-0.0853365935482607,-0.00156143949065608,-0.00865006421626898,-0.00490162555590543,-0.0162218787267423,-0.0661958862259953,-0.0214334774758163,0.331280643422359,0.0474486286678777,"E02000490","Havering 027",552339.375684849,183986.403463752
-5.95965797390862,0.0245871297135574,0.0286884888394205,0.0285820873917525,-0.0884469173317312,-0.000803066366150997,-0.00776672203623491,-0.00742440817764185,-0.0185977059975907,-0.0542901348680349,-0.0226169411317374,0.312322659585322,0.0769141456001716,"E02000491","Havering 028",551092.351730769,182664.617820309
-5.76328261185141,0.0166374313432512,0.0294103197017463,0.0287761923115752,-0.0929484207668644,-0.00266664730354713,-0.00583733075857205,-0.00982442931842895,-0.0162116640093716,-0.0598541819239972,-0.0256422369369297,0.295913915580855,0.122330440750021,"E02000492","Havering 029",553491.071065647,181454.099310567
-5.82817423373353,0.0193773633750261,0.0291660806551753,0.0286245433163184,-0.090997978572298,-0.00200091534459421,-0.00680553681490956,-0.00886963405354703,-0.0166377876510465,-0.0589769224067416,-0.0243638126579844,0.301532512619222,0.103202602636331,"E02000493","Havering 030",552723.264285669,182040.426361995
-2.42051956393824,-0.205836686817865,0.00513627644290923,-0.0215774155888864,-0.0125488375205626,-0.00295328940875551,0.000617558212655835,0.0219451494242551,-0.0394200973678891,-0.0702430701272188,-0.0208420625217028,0.166719921545121,0.0299422856618215,"E02000494","Hillingdon 001",508285.923976125,190862.128250027
-2.28525952474688,-0.20961976549893,0.00513152080056733,-0.0235615339785921,-0.0115405470641018,-0.00283593695148583,6.08646570695189e-05,0.0207666525287633,-0.0380837463788113,-0.0692251979795701,-0.0210505138072532,0.154646313838536,0.0273637660919851,"E02000495","Hillingdon 002",509608.88618061,190710.709175648
-2.81980277871246,-0.188145354150321,0.00561270130848564,-0.015045582411634,-0.0117677640657943,-0.00342320388111648,0.00195462299548359,0.0259746589357489,-0.0421186205241108,-0.070563529470937,-0.0183753222359247,0.19047826957689,0.0435897648021274,"E02000496","Hillingdon 003",505638.714358784,189946.564452872
-2.51253087815213,-0.203973637174265,0.00501896740845317,-0.0227499038764899,-0.0109618559542704,-0.00296407006443866,0.000149382941445146,0.0235047580900767,-0.0380331664682659,-0.0735530217936822,-0.0175306392549218,0.174451674117387,0.0384602276326129,"E02000497","Hillingdon 004",510306.286862473,189146.212453375
-2.79756834900419,-0.191084216380601,0.00536841602709323,-0.017311879909872,-0.0110683447952511,-0.00341328786273513,0.00140322708928814,0.0262201927232481,-0.0407645590055763,-0.0734079857849782,-0.0163187723133939,0.192051941275367,0.0464105795129339,"E02000498","Hillingdon 005",508191.177616528,188537.3241065
-2.62287816990008,-0.201675139694331,0.00502554674257048,-0.0233328527968318,-0.0101656799304217,-0.00302793594548288,0.000155031036672781,0.0254697011543675,-0.0373320241991712,-0.0780120628606404,-0.0146560521692515,0.183573367690762,0.0431532274427044,"E02000499","Hillingdon 006",511296.290043071,187917.964722193
-2.75466592152835,-0.194448960808875,0.00523823911720276,-0.0192569434808105,-0.0109050394364088,-0.00335643304476255,0.00105367535834076,0.0262492000014262,-0.039756142495046,-0.0754249215464205,-0.0152628720721687,0.19116614964892,0.0453967877703966,"E02000500","Hillingdon 007",509455.490766194,187980.744648465
-2.76749330167177,-0.195821019142414,0.00502796620549484,-0.0216780777094406,-0.0102762562137354,-0.00328953642152839,0.000707889543381378,0.02651299018524,-0.0383043460891731,-0.0797384748761897,-0.0125183246779564,0.195168084157662,0.0476249875534269,"E02000501","Hillingdon 008",510990.960805621,186976.598199035
-3.13475178260199,-0.171658130007905,0.00563222610388812,-0.0130826984574953,-0.00797773317489229,-0.00401547994186398,0.00186866085768724,0.0272968298896304,-0.0418182596306161,-0.0744327504560676,-0.0108279575377855,0.211258699967033,0.0655918808116612,"E02000502","Hillingdon 009",509130.850781235,185879.495889204
-2.93502480009873,-0.186051305460504,0.00510565821243878,-0.0187966662167218,-0.00963188768908364,-0.003576419444097,0.00118465030172207,0.0266688716096844,-0.0395361533883882,-0.0792564565754792,-0.0108413990211451,0.205554546162543,0.0564875082478559,"E02000503","Hillingdon 010",510549.950438025,186205.75408633
-3.21868318248744,-0.164204934055893,0.00608791728322464,-0.00926593041417333,-0.00711480836411863,-0.00422664679584149,0.00232369934922693,0.0279640298674061,-0.0433810897205703,-0.070559291589809,-0.0120572364383459,0.209970079710727,0.0683210756155487,"E02000504","Hillingdon 011",507477.512047564,186180.834954445
-3.37940127116357,-0.150744206132593,0.00667525437051699,-0.00419828942896998,-0.00501013935133282,-0.00462397020795603,0.00271875810875382,0.0284050008046802,-0.0451612547424128,-0.0673165380129455,-0.0115838806166075,0.211625338376621,0.0775145522743221,"E02000506","Hillingdon 013",506406.163562692,185594.989330386
-3.55003386062713,-0.139808224716851,0.00679304446581916,-0.00280877734809369,-0.0025924879125802,-0.00499115413139315,0.00236799938863112,0.0274509154439236,-0.0451432600244332,-0.0688846061362761,-0.00817971528601944,0.222816998413536,0.089571400427334,"E02000507","Hillingdon 014",508606.346815755,184079.730831417
-3.72634403751044,-0.120653134535846,0.00793063903287973,0.00627045565606996,0.000716722917904306,-0.00551746796663899,0.00305468146278612,0.028210924579285,-0.0487117439274011,-0.0621790958091264,-0.00948636929828327,0.215497965397661,0.102262450397649,"E02000508","Hillingdon 015",506164.095086113,183536.208909286
-3.78382878725175,-0.114180175660464,0.00836661800696257,0.00987018120900218,0.000836945152115404,-0.00570454383986623,0.00322271871504131,0.0285199191801676,-0.0502281411748452,-0.0601450882309079,-0.00988773405172092,0.213460686304301,0.103836657157733,"E02000509","Hillingdon 016",505153.206504095,183285.102544321
-3.88870303272011,-0.108394240959292,0.00836769405359264,0.00989374324707731,0.00309270349832974,-0.00591839687385841,0.00285663846250881,0.0275382076675022,-0.0499095812822011,-0.0610346579736535,-0.0082024597857375,0.221684963332227,0.112269642270719,"E02000510","Hillingdon 017",507076.663595062,182643.11587457
-3.87846835444184,-0.114504119742962,0.00774330065873037,0.00448222647150688,0.0026822728168166,-0.00572647076708165,0.00230401352030342,0.0264802732075066,-0.0474261213770383,-0.0661072519210778,-0.00606483444188576,0.2329016803543,0.110905348181095,"E02000511","Hillingdon 018",509287.784075766,182667.53464598
-3.90900848117366,-0.109048667427402,0.00818469436730238,0.00825736167975209,0.00347175836672988,-0.00590461463255244,0.0026245060277938,0.0270211982587615,-0.0490916588837958,-0.062638917641869,-0.00725812459149126,0.226890642453668,0.113552215618246,"E02000512","Hillingdon 019",508105.329243321,182553.896469627
-3.98378784663597,-0.110703235472933,0.0075378940647825,0.00179284557073134,0.00353680497307504,-0.00570446601061503,0.00176811161714716,0.0250331226442517,-0.0458719816924129,-0.0721445903034476,-0.00321993430681106,0.247040481182911,0.116249631527136,"E02000513","Hillingdon 020",511068.260526064,182292.519105086
-4.19233439748896,-0.0935849915112722,0.00848462640087319,0.00994886144032752,0.00639427333822652,-0.00634554631370871,0.0018769305759043,0.0251453931732312,-0.0492345125480972,-0.0652392853644799,-0.00429325478373535,0.249137835779453,0.125319082110993,"E02000514","Hillingdon 021",510270.88396857,181741.319512352
-4.11581590661989,-0.0832138787257212,0.00968548778661577,0.0211422554172891,0.0068683042107739,-0.00660514134319551,0.00300480626843871,0.0270705717401264,-0.0546872009030325,-0.0552033162686492,-0.0086862729558921,0.216288187537013,0.130111518846756,"E02000515","Hillingdon 022",505575.15074328,181219.46956234
-4.32000806468405,-0.088562205932373,0.00829447817834136,0.006439157553411,0.00729137728912296,-0.00628478271580635,0.00132469451061129,0.0236161063319873,-0.0473370694325744,-0.0742703018598776,-0.0012466592283408,0.265990491627485,0.131234623662617,"E02000516","Hillingdon 023",511973.004265616,181527.883591136
-4.24514549980596,-0.082103731329173,0.00933262912368743,0.0175350974600017,0.00862562351203227,-0.00671762497807806,0.0023630593981707,0.0256918125770795,-0.0527141777879886,-0.058393436223399,-0.0063832518594349,0.235881328390201,0.133995252996285,"E02000517","Hillingdon 024",508525.174995592,181222.949466543
-4.22685727179822,-0.0769928937092435,0.00975978963609024,0.0214257213453285,0.00947524465594185,-0.00682289254136013,0.00271189013164675,0.0259686538480892,-0.0546445733651116,-0.0554324995436865,-0.00760391652196269,0.224133697630614,0.138611787277999,"E02000518","Hillingdon 025",507056.947982624,180853.832685617
-4.52045318769113,-0.0695510877223031,0.00948432449521573,0.0172593135293431,0.0119777923664417,-0.00702349993542746,0.00166154401751549,0.0237087368034008,-0.052192460967914,-0.0619298674775807,-0.00385266394192928,0.260323764577272,0.145889482099272,"E02000519","Hillingdon 026",510669.140869914,180841.691605288
-4.5881283127535,-0.0566124709747124,0.0102909172110349,0.0249161915831116,0.0146467480312669,-0.00744945191393434,0.00185244095801763,0.0234165417979461,-0.0559449238490892,-0.0556649541763141,-0.00557310970632719,0.249113139826742,0.156981958595743,"E02000520","Hillingdon 027",509517.313339834,180139.069154562
-4.59008002901016,-0.044964800216937,0.0111236753759091,0.0339899930137727,0.0145966165502901,-0.00772905292757211,0.00185850623563911,0.0232975903340848,-0.0605362826599504,-0.0505429471091672,-0.00744258415492781,0.232640001679392,0.162244983394857,"E02000521","Hillingdon 028",507633.486246248,179263.455096402
-4.44581456890907,-0.051342375166883,0.0110686514025708,0.0338125541434826,0.0120803021239834,-0.00746045011816058,0.00228568723073625,0.0244924262364355,-0.0605058720580308,-0.050267282539592,-0.00827612880697121,0.219965364496713,0.155235935979806,"E02000522","Hillingdon 029",506090.449393625,179331.304947965
-4.93744607309086,-0.0260237593922303,0.0116321434711199,0.0386870442873891,0.0186853825223723,-0.00842164230082029,0.000769663322584337,0.0210043665811367,-0.0628086685922938,-0.0501954485760659,-0.0066918651739506,0.258248457658675,0.175656409671682,"E02000523","Hillingdon 030",509486.333418242,178940.061220206
-4.98418445062244,0.00399426970361578,0.0131726225848866,0.059388991603831,0.018603528841039,-0.00845658326066475,-0.000220162755998355,0.0170497416425785,-0.0732856954720847,-0.0416941901002952,-0.00918626004250876,0.227176801731971,0.194192243690751,"E02000524","Hillingdon 031",506657.815408983,176436.272468521
-5.16608224020217,0.00185618052546346,0.0127462463087479,0.0524839282648148,0.0242743971338815,-0.00913936975784551,-0.000624700718901602,0.0167067324504719,-0.0706940364969371,-0.0453093385494102,-0.008443108783832,0.25506956415656,0.203683181646617,"E02000525","Hillingdon 032",509416.505644443,177394.058207476
-1.07133733601366,-0.134604417475204,-0.00229272573512527,-0.0514809807712614,0.0636132313405717,0.0249815478444702,0.0488347631335281,-0.0080041092370815,-0.0159423908980256,-0.0162784334408173,-0.0059829039752644,-0.234457675316623,1e-06,"E02000526","Hounslow 001",521534.204611565,178509.957458122
-5.27412479349785,-0.00196621864028475,0.0122893840512322,0.0408902020758996,0.0335138816624141,-0.0100881843906493,-0.00112904051214273,0.0166427019891579,-0.0678949588575549,-0.0607464147325164,-0.0074505928167879,0.276688756883343,0.243341674497135,"E02000529","Hounslow 004",512845.725820314,177948.217056199
-5.27485965191589,-0.00135338003040843,0.0124019757867352,0.0459616408606235,0.0273332689852682,-0.00955567010628059,-0.000694711285678272,0.0173928216528761,-0.0682514231437891,-0.0511517324230537,-0.00745855965381906,0.274845971565432,0.211845937486652,"E02000530","Hounslow 005",511214.269781108,178049.601049221
-4.26538465883536,-0.0218763077065805,0.0106082765187358,0.00893069264029907,0.0464641244291064,-0.00610200920437105,0.0025680533175978,0.0128343434810353,-0.0536396674792619,-0.142429463479224,-0.00747450039430453,0.173341555816984,0.412335252201216,"E02000531","Hounslow 006",517132.706905277,177597.416590414
-1.07509457837402,-0.136719646573705,-0.00816230225836035,-0.053181501976105,0.0636779622615657,0.0215533146648341,0.0499928300418646,-0.00460058247354782,-0.0139402089488328,-0.0378479781739732,-0.00445814836403567,-0.216299818515397,1e-06,"E02000532","Hounslow 007",520906.409982565,177276.869592157
-2.51773978181909,-0.0616409527254045,0.00477727343274511,-0.029830432417985,0.0554966810119285,0.00967306709692448,0.0284482325877108,0.00473954242000782,-0.0324397441768489,-0.0991631687782811,-0.00636561808808614,-0.0581448332452381,0.677526284060657,"E02000533","Hounslow 008",519882.988047161,177484.264734929
-5.37264836217165,0.00237389590059097,0.0123779485816059,0.0297147899506503,0.0442859942481337,-0.0100837382138965,-0.00232303778164529,0.0156180731616551,-0.0631854457878032,-0.0981074562847281,-0.00785187973529796,0.285960111798941,0.29999077784467,"E02000534","Hounslow 009",515222.611906535,177899.105792702
-5.34537853464065,0.0110095799763182,0.0127151615922057,0.05412854024122,0.0335907504703306,-0.0104494169598138,-0.00268228844750059,0.0141320872595791,-0.0758073721191651,-0.0512004624214314,-0.0102107503756007,0.271299715365624,0.24389982656187,"E02000535","Hounslow 010",511867.402999061,177035.534135591
-5.39428586454644,0.0110097420612659,0.0124083651655413,0.0537838848041145,0.0404958000181974,-0.0111934041168417,-0.00475527079282262,0.0122776739554913,-0.0796024258723727,-0.0574120997429443,-0.0123990565032024,0.279541953864254,0.274140342205838,"E02000536","Hounslow 011",513069.088905046,176716.393562344
-5.35452575177299,0.00629750582335733,0.0123378632139745,0.0440082764091436,0.0450992617100739,-0.0111055226611576,-0.00469259780663037,0.012695092398656,-0.0749952389822404,-0.0714313708791701,-0.0118189682771215,0.279536232090402,0.300514701527508,"E02000537","Hounslow 012",514254.965386231,176992.753726032
-5.32640594624623,0.0210236489121395,0.0129132235464122,0.0616857224568992,0.0330501845100943,-0.0100528254007676,-0.00299652491034413,0.0111553659479911,-0.0793002950107215,-0.0449145858910532,-0.0104823334108957,0.257776034903254,0.244245619395514,"E02000538","Hounslow 013",510808.569842311,176160.304152486
-4.90172970511785,0.00176322515404097,0.0109070077641299,0.0336542211529705,0.0577897507108074,-0.0101241141796665,-0.00666219497583162,0.00726100124911093,-0.0777930923764673,-0.101934524203436,-0.0152600329388976,0.2350765026603,0.385568432073755,"E02000539","Hounslow 014",516079.071866988,176209.283796793
-5.207840187604,0.0107617570854145,0.0116622469965921,0.0467130966107157,0.053620610607197,-0.0112677522506115,-0.00763137115300449,0.0074365887326927,-0.0830267140474003,-0.073299109075263,-0.0145935082231168,0.26144506273821,0.3386027122893,"E02000540","Hounslow 015",514759.641103255,175988.637280252
-5.34563166984686,0.0214278403825445,0.0124952469182779,0.0624294084471611,0.0384984571769013,-0.0106198343134014,-0.00469257261841445,0.00905945023043989,-0.0833228588208318,-0.0475276943282054,-0.0120684516789334,0.26248865085515,0.266992881667439,"E02000541","Hounslow 016",511828.236250157,175852.3889719
-5.36335948569794,0.0186286825918973,0.0119580589906176,0.0610897125245474,0.0444625187164729,-0.0111818130877513,-0.00672061222024977,0.00758958967185521,-0.0870542877568139,-0.0520279626826285,-0.0139173762847163,0.27055214220881,0.288699702587562,"E02000542","Hounslow 017",512848.103805083,175717.589713315
-5.33464612129442,0.0194143333379761,0.0111205022467274,0.0596159294133781,0.0524863551315146,-0.0113268502012051,-0.00913349011663524,0.00452349744556779,-0.0921656699515384,-0.0563581350039883,-0.0156149245731041,0.270648463502062,0.314314102815641,"E02000543","Hounslow 018",513701.579603761,175290.069234053
-5.03912427519425,0.0135090718174065,0.0103519792215682,0.0471303618369996,0.0605369693931085,-0.0106142332997015,-0.0088588418122702,0.00174257106793147,-0.0884068794328303,-0.0673058893059117,-0.0146093161173168,0.241624438846429,0.360527585308918,"E02000544","Hounslow 019",514786.666531319,175037.275899062
-4.61825727721086,-0.0038719142911454,0.00851078347808531,0.0328779949916653,0.0677415382712562,-0.00976571568593429,-0.00924762015783413,5.94190859038334e-05,-0.0871004010502682,-0.088096893109813,-0.0156728867446648,0.212913053572283,0.40505087698782,"E02000545","Hounslow 020",516050.566887169,175091.854999792
-5.31504401103407,0.0311532921309319,0.0112021628580738,0.06577223857009,0.0479970907156285,-0.00998348222481537,-0.00693720284090167,0.00154632833929936,-0.0903772321615816,-0.044680434333348,-0.0128837492642553,0.253339544782683,0.302274768083689,"E02000546","Hounslow 021",512289.305084946,174517.461371054
-5.38500392485832,0.0407083533584695,0.0126565984362658,0.0737877380674349,0.0352961901949603,-0.0093550372801476,-0.0044500292872154,0.00495700525482194,-0.0870231480925595,-0.0385126193238731,-0.011151854692418,0.247136322158271,0.257746633786769,"E02000547","Hounslow 022",510016.62608538,174591.817809294
-5.43865474861097,0.0580268868992597,0.0129041616168973,0.0791297393680239,0.032730230794218,-0.00766436355175954,-0.00321859305855992,0.00125937368816236,-0.0859334844226344,-0.0326142922920028,-0.00873764354189344,0.233197755381176,0.259033251134301,"E02000548","Hounslow 023",508291.191780513,173289.554443471
-5.34981829597103,0.0470632593487532,0.0109702602744281,0.069856356222922,0.0477888921922535,-0.0082304366879724,-0.00549379574370983,-0.00284037341673623,-0.0888872264104964,-0.0374105974322535,-0.0102556814325181,0.23877932349028,0.307679716602695,"E02000549","Hounslow 024",511279.641591635,173404.728943616
-5.40610678766656,0.0564355938698427,0.0116399624831663,0.0741002995918335,0.0424923682983941,-0.00747022981854617,-0.00406724685381594,-0.00281872771273592,-0.0867421033479036,-0.0337271850685225,-0.00874866979467615,0.232999716060292,0.294611373486668,"E02000550","Hounslow 025",510024.077355819,172961.48972426
-5.35407412170226,0.0552809811335879,0.00937539490835687,0.06492170843452,0.0589495146265771,-0.00623743029751443,-0.00554616587679575,-0.00900691082484411,-0.08723871603494,-0.0346124997010278,-0.00829639397745746,0.227978300227946,0.34921561661123,"E02000551","Hounslow 026",512061.794049676,172333.619056717
-5.50154465198164,0.0694814539712725,0.0115243293393094,0.0789992954231999,0.0425676224555858,-0.00627597683896459,-0.00397178125341231,-0.00583170933907293,-0.0874148205051962,-0.0295967745212442,-0.00771485723362296,0.229670939328879,0.301004805996928,"E02000552","Hounslow 027",509414.298129043,172069.409393677
-5.52631799391461,0.0739937505946725,0.00930704945983895,0.0702385713445152,0.059295265617931,-0.00421981675529428,-0.00473516301511774,-0.0124735829733901,-0.0844844117376096,-0.0280275263350605,-0.00642634634936786,0.223936403963557,0.356737118508742,"E02000553","Hounslow 028",511424.834272172,171259.754877501
-2.60499725493337,-0.126708246168671,0.0213205054551371,-0.0304488161917769,0.00583388821864337,0.0085839753254841,0.0067412644125569,0.00564909734152246,-0.00426425259939373,0.00793241259427542,-0.0354672190513215,0.0231788338603621,0.0976982338459341,"E02000554","Islington 001",530219.274859478,187432.968803511
-3.30717697403478,-0.132274207892223,0.0180395484835313,-0.0392807699371001,0.0103003603884519,0.00765759520777226,0.007378632197927,0.00177593679925623,-0.00258526411170784,0.00609244407404311,-0.0336063835955772,0.116866988948681,0.0608772242214128,"E02000555","Islington 002",529622.526666528,187203.707984133
-2.48534686593388,-0.129512499670251,0.0149151165858125,-0.0264580059614005,0.00212674896382777,0.00830272309681338,0.00616314711938654,0.00519182400258662,-0.00346311512155278,0.0128689990251106,-0.0438969250632213,0.0229869373413382,0.0865246820818187,"E02000556","Islington 003",530560.927845706,186921.097502358
-3.60127541621402,-0.139391246394653,0.0126557884698207,-0.0433347962202725,0.0129484848063203,0.00776447231058677,0.00778164015117724,-0.00155118479257063,-0.00414197741817115,0.00532155496686999,-0.0373770547702446,0.166982454382251,0.0320762761577585,"E02000557","Islington 004",529277.059443033,186619.906494818
-2.21079879524674,-0.137343813434304,0.0107950683773802,-0.0219663926832972,-0.00411796455399139,0.0078131560264012,0.00525311357554178,0.00455831982458284,-0.0050022803667962,0.0166514319581352,-0.0494465009038716,0.00730770320211754,0.0841012766707483,"E02000558","Islington 005",531010.702794244,186444.711968979
-1.53127689890201,-0.143355108300532,0.00995261303433259,-0.0159515752511283,-0.0159331901951602,0.0079994402479049,0.00495183772112335,0.00435205911093127,-0.0107046074397784,0.0190961006185986,-0.0494524175089957,-0.0591707829072726,0.105205258482241,"E02000559","Islington 006",531655.0923838,186233.629396086
-2.75255349178551,-0.142885320174584,0.00778852580881551,-0.0281938472393211,0.00433706643806532,0.00679360515892903,0.00550143030451305,0.00206744822700084,-0.000456572053540344,0.0153378209883379,-0.0505175732523682,0.0775783164437679,0.0547388166578069,"E02000560","Islington 007",530590.183610447,186133.29332172
-3.29689750557486,-0.147199548459613,0.00743262708170354,-0.0385412265920058,0.012166249453097,0.0072483495015353,0.00696793988501417,-0.00135749767415348,-3.22316804810322e-05,0.00963682593176016,-0.0467469034489519,0.144919552098248,0.028483848140453,"E02000561","Islington 008",529696.451915532,186040.21211324
-1.29451805681137,-0.152690350837741,0.00721384953875193,-0.0153325385310753,-0.0162486324503594,0.00726634846362909,0.00503531125956809,0.00192846751866687,-0.0128933016841175,0.020941262838749,-0.0460233058560936,-0.0745726641235077,0.110040480966992,"E02000562","Islington 009",532085.77054044,185658.901037178
-3.00459078258861,-0.15823072169394,0.00423405918396425,-0.0365137696291235,0.011808776574834,0.00673820609018058,0.00642990238681976,-0.00240820933800204,0.00171904559215237,0.0117115997075985,-0.049495768428245,0.124710850464525,0.0278944414077833,"E02000563","Islington 010",529990.132428352,185509.536445952
-2.54656393412078,-0.159126248216645,0.00398045612009324,-0.0287607648436888,0.0054253200580775,0.00559067182483521,0.00542308306143444,-0.000725731248851292,0.00134891501577418,0.0169896044492423,-0.04902730607552,0.0725732580635907,0.0484029019794164,"E02000564","Islington 011",530893.650161988,185448.08104865
-0.583178626833905,-0.160693960291653,0.00546937786879411,-0.0112742955006456,-0.0263673655574995,0.00755920040331554,0.00641353651478721,0.0017992790260873,-0.0161644085151134,0.0232938840222829,-0.0391585855869221,-0.147828078822572,0.134944106753735,"E02000565","Islington 012",532880.179621729,185214.601962157
-2.06481700051551,-0.170735472567769,0.00259876497954776,-0.0255240073159015,0.00118971411221145,0.00481706574221601,0.00564976288756293,-0.0015974253701098,0.00193930255918091,0.0205018603307621,-0.04393304177386,0.0263268242823897,0.0608418930175091,"E02000566","Islington 013",531493.604696082,185063.193146934
-0.953391424889299,-0.176010238490124,0.003103849144129,-0.0165520815032046,-0.0111690832903079,0.00578454059267803,0.00566638433226864,-0.000151245131357533,-0.0084236483416237,0.0238820642416478,-0.0359302909433193,-0.0992299782743097,0.112424649987302,"E02000567","Islington 014",532641.043875473,184692.309407622
-2.51143827923349,-0.182224110237886,0.000215321629284664,-0.037693750616462,0.01351573207181,0.00576345360514873,0.00725085776835268,-0.0051117585783365,0.00855714242656386,0.0138955664972093,-0.0429693641155146,0.0878590419960404,0.0292018980591502,"E02000568","Islington 015",530448.531077361,184601.44946436
-1.65945856440694,-0.186684162485572,0.000747682943185878,-0.0252350934414408,0.00303379171552586,0.00421285075320854,0.00603050425588397,-0.00329425834990959,0.00281723512731955,0.0224202111371487,-0.036443218227782,-0.0108827228331449,0.0703656309154521,"E02000569","Islington 016",531999.318108382,184443.190492744
-2.16304443244419,-0.196485035327325,-0.00167067454857366,-0.0355547556815228,0.0129065621527237,0.00401188616524517,0.00740010709512388,-0.00662588801600838,0.0121942784835131,0.0175697556031932,-0.0368561147889606,0.0578556991579486,0.0379187164126272,"E02000570","Islington 017",531157.08432179,184114.719669152
-1.5059063493764,-0.196318932583499,-0.000207585039041549,-0.02577306545452,0.00925932562795512,0.00428582394944167,0.00587864406442799,-0.00321734984601513,0.00153656880020338,0.0223298733858135,-0.0312515184592457,-0.0281774844674775,0.079682884107501,"E02000571","Islington 018",532308.093126486,183833.818259048
-2.03147276963043,-0.206477898951451,-0.00251041549251584,-0.0403081984355205,0.0169303868937938,0.00604726760628716,0.00884934829159865,-0.00743391021758022,0.0140651574679322,0.0149096960107574,-0.0334600142032347,0.0457116222992526,0.0327126122429075,"E02000572","Islington 019",530695.827779251,183608.291819044
-1.84747696195403,-0.206000992399587,-0.00217409201971637,-0.0332900780827406,0.0163885840591387,0.00413290766410448,0.00751035707419965,-0.00600897899688692,0.0113043140802368,0.0188782241944102,-0.0305372276737419,0.0190924149469646,0.0526572699985611,"E02000573","Islington 020",531666.396585099,183446.531117076
-1.77673578001487,-0.213422517374363,-0.00273487217719557,-0.0382809373498466,0.0201313484749959,0.00666120868476557,0.0094074073122694,-0.00606295284372482,0.0149640790518787,0.0159953219663663,-0.0286444300037236,0.0106600795115798,0.0425512850116868,"E02000574","Islington 021",530953.301339549,183055.830477646
-1.51693136453068,-0.218062072228909,-0.00215301032068401,-0.0318942378714667,0.0251013632338572,0.00693292321070596,0.00886707782130967,-0.00299640531724844,0.0130026311896509,0.0198925285714882,-0.0227348793878279,-0.0345322558735747,0.0649057687056114,"E02000575","Islington 022",531606.876658343,182382.047369711
-1.57271191599762,-0.20777469265346,-0.000637605776592601,-0.0244906630364947,0.0254280018805583,0.00588814566454112,0.00607174799217863,0.000172284479315847,0.00331371232012689,0.0230558632691423,-0.0219746257631272,-0.0423452974190791,0.0936099321638542,"E02000576","Islington 023",532460.634316692,182359.993167537
-1.85336179525358,-0.109055183362145,0.0208434197395562,-0.0225845443235994,0.0329907659425596,0.0278160057067878,0.0264363016186288,-0.0295151323983613,-0.022064172897016,0.00176151671516354,-0.0323569823773643,-0.161963881279895,0.321403580465187,"E02000577","Kensington and Chelsea 001",523991.755515497,182186.41807209
-1.92527632375184,-0.0927639803983949,0.0185274877172238,-0.022239592870401,0.0404886040756423,0.0277504868662043,0.0276761038695783,-0.0227218966110482,-0.0213280760274492,-0.00204697852642953,-0.0299598694653612,-0.172742679629675,0.366817302411837,"E02000578","Kensington and Chelsea 002",523620.902326073,181919.684255478
-2.01268496527974,-0.0817910702070576,0.0231089582336999,-0.0222299935974216,0.0421199081169425,0.0303400579702753,0.0322792126654459,-0.0259161668267546,-0.0216222850145431,-0.00323068451929184,-0.0305632834083027,-0.18907110191734,0.399009748992609,"E02000579","Kensington and Chelsea 003",523659.908775547,181379.551791817
-2.62740733218314,-0.0901335711375616,0.0432455279961794,-0.0182204384951183,0.0239863148728873,0.0329147309246052,0.033094329739272,-0.0438385477101999,-0.0233620912949549,0.00247880584338663,-0.033199363997646,-0.134634633225801,0.317796776662928,"E02000580","Kensington and Chelsea 004",524598.903343499,181343.664105964
-2.62060194943802,-0.0642943412280427,0.0391879433900668,-0.0186347670704414,0.035458920457909,0.0338491179915548,0.0370074003020482,-0.0356771975545124,-0.0230847131861601,-0.00381818235494832,-0.0306666459055714,-0.1648805704997,0.407884293586269,"E02000581","Kensington and Chelsea 005",523998.04060888,180756.796714821
-3.58121410444256,-0.0546603896452967,0.0551569465144452,-0.00538328889815857,0.0219769963867799,0.031218031372983,0.0338358675324016,-0.0413470770782323,-0.0272444268797343,0.000314722169922981,-0.0312994134346514,-0.0785324305934583,0.338667329615338,"E02000582","Kensington and Chelsea 006",525058.199613977,180708.251916202
-3.28268733927073,-0.0511423848670231,0.051492848312599,-0.0126151421640237,0.0286145477795571,0.0341893707194023,0.0372489483992381,-0.0402251486595291,-0.0246407617353764,-0.00332109857991997,-0.029627290055294,-0.118502625386816,0.390218264705787,"E02000583","Kensington and Chelsea 007",524367.92790459,180532.239887172
-4.22645435603019,-0.0175826966683775,0.0579806417365863,0.0116909928535992,0.0246327696890511,0.0272459036236812,0.0325729129201725,-0.037462650311677,-0.0329939455392617,-0.000772074152996986,-0.0343828718358883,-0.0439103485062621,0.398529160968523,"E02000584","Kensington and Chelsea 008",525459.232118843,180069.051612414
-1.39524313629902,-0.152313028032721,0.0417700055233475,-0.0387305432571612,0.0304891748843637,0.0292967947913581,0.0368150672088151,-0.0603399518708771,-0.0180313474059039,-0.00107489520275577,-0.017847370369536,-0.210134498864321,1e-06,"E02000585","Kensington and Chelsea 009",524511.537947175,179635.869008659
-1.69488939768525,-0.117251725767676,0.0394501545663044,-0.00376078404439097,0.0285595299212084,0.0174810416020242,0.0279418817717933,-0.0499248311844012,-0.0383471138513203,0.00384649593294511,-0.0271243538364579,-0.186878617080034,1e-06,"E02000586","Kensington and Chelsea 010",526050.429881814,179353.512726121
-1.86484362413827,-0.120714733777851,0.0450314135656519,-0.0180260790763959,0.0281090316188772,0.0235098544777392,0.0332892238922642,-0.0587831102933511,-0.0270500578735747,3.18744756251525e-05,-0.021051151389397,-0.180292022739129,1e-06,"E02000587","Kensington and Chelsea 011",525231.268292094,179214.744322038
-2.97829011097297,-0.0755467017023193,0.0331937003614195,0.0272900990117236,0.0377751003967583,0.0154654811651061,0.0217031967485874,-0.00254402681400122,-0.0612115655301808,0.0108242480859008,-0.026438023177108,-0.117744386660428,0.448681889413658,"E02000588","Kensington and Chelsea 012",527639.843541129,179109.720000154
-1.89255599929349,-0.0977469756845202,0.0419326734961769,0.00222048874788846,0.0300683909390651,0.0175419944758758,0.0295986109526046,-0.0511367814222685,-0.0411215308795895,0.00260457551530312,-0.0264415435085488,-0.188518489259737,1e-06,"E02000589","Kensington and Chelsea 013",525782.252572116,178843.529286003
-1.01171975650427,-0.129537146308715,0.028967533895977,0.0153294552427785,0.0341116821623142,0.0120113506999647,0.0214923278596833,-0.0261368747655573,-0.065854024045116,0.0117052973601132,-0.0233146697648857,-0.251895036067561,1e-06,"E02000590","Kensington and Chelsea 014",527202.190460546,178741.950972395
-2.15451709143741,-0.0972974456061109,0.0476383153232155,-0.010400159998572,0.0295737686325101,0.0232479524557744,0.0346205287368631,-0.0578242450236433,-0.031638491726902,-0.00140261152827442,-0.0215232987855166,-0.174638255976929,1e-06,"E02000591","Kensington and Chelsea 015",525091.75847442,178662.487842051
-1.59605006797316,-0.0999204515564974,0.0368701806396662,0.0143204141184438,0.0318781278583237,0.0131217314296806,0.0252752219077274,-0.0403241945047253,-0.0580182401382152,0.00657321632936585,-0.028575073809468,-0.212859280718645,1e-06,"E02000592","Kensington and Chelsea 016",526492.066896221,178690.135030217
-2.11621008921923,-0.075536005547633,0.0427195107816936,0.0123943346353012,0.0325774207519769,0.0157090731986493,0.0297245730786418,-0.0460867283586162,-0.048172530244737,0.00202457581705632,-0.0255929802515251,-0.187790430493022,1e-06,"E02000593","Kensington and Chelsea 017",525693.872804038,178184.043473644
-0.216638707927415,-0.159078140210344,0.0223164796303969,0.0188110657818903,0.0363868322534133,0.0117860519674292,0.01729828068633,-0.0113040785404878,-0.0700663976770391,0.0159857025742657,-0.0174745576760071,-0.323798751994397,1e-06,"E02000594","Kensington and Chelsea 018",527833.89435822,178089.069729427
-1.1580400919908,-0.110869654497761,0.0317684262557082,0.0225226961149046,0.0351030034344605,0.0100188708601247,0.0220088978644735,-0.0269699848380755,-0.0639017708945518,0.0097240755442537,-0.0223389115024531,-0.257417741851477,1e-06,"E02000595","Kensington and Chelsea 019",526961.665540226,177987.885261681
-1.89213717210294,-0.0779366311330338,0.0393587735575228,0.0215903996698,0.0333591840583917,0.0117833465315379,0.0261729663641215,-0.0381414275016368,-0.0582983815398182,0.00456450927596346,-0.025904919441347,-0.206350586562704,1e-06,"E02000596","Kensington and Chelsea 020",526190.577238766,177884.85907205
-1.80458551567739,-0.0781641333116264,0.0378540314424104,0.0267417235764602,0.0342655596263327,0.00906050060742103,0.0244434672648193,-0.0310895098106149,-0.0576483213974606,0.00505021229620701,-0.0214312574825897,-0.218978100521318,1e-06,"E02000597","Kensington and Chelsea 021",526382.930870441,177326.876255638
-2.29626578445203,-0.104490277653259,-0.00934042551632245,-0.0586106853248194,0.0734090435192877,0.00654942742288436,0.0129896388654476,-0.0211231580006121,-0.0276073802499846,-0.020453326455457,-0.00140347605763213,-0.0107976593106152,0.341061956131796,"E02000598","Kingston upon Thames 001",518227.32491332,171043.138061405
-2.52257502351541,-0.114530099187005,0.0146639623102825,-0.0562672609276225,-0.0386024688807674,0.0106265201508794,0.0202556588303795,-0.019516071689474,0.0115439313611611,0.00628426790130214,0.000764848090527007,-0.0174456685100014,0.150457323743268,"E02000599","Kingston upon Thames 002",520915.357886725,170596.966546483
-2.29816787871334,-0.0887079313937392,-0.000517868739081168,-0.0575875100038099,-0.0036609511951915,0.0112630845244403,0.0201599475532947,-0.0213145535398967,0.00676807025771001,0.0160996725536026,4.50666078020931e-06,-0.052342241237006,0.166549749712759,"E02000600","Kingston upon Thames 003",519471.618521839,170152.988288586
-2.63216061018884,-0.0773531273460348,-0.00648982015859153,-0.0556412304960386,0.0418952047516383,0.0104325760057728,0.0169011667654445,-0.0205262896824893,-0.00965152817772634,0.00231812938046286,-0.00169137766751795,-0.0171090560147852,0.247312608430019,"E02000601","Kingston upon Thames 004",518373.448407341,170045.540879004
-3.00735376853966,-0.0453164955019358,0.000917747456882269,-0.0465400082481782,-0.0058084120842461,0.0142842695505909,0.0201790053864428,-0.0188657788012511,0.00938805276306096,0.0188126312972156,-0.00121250078055993,-0.0265590655525938,0.149560018507164,"E02000602","Kingston upon Thames 005",518868.577761464,169099.231903731
-3.28556360357427,-0.0469280185929678,0.00959845561397506,-0.0402164316113331,-0.0293971568638099,0.0152515537207042,0.0207777629930719,-0.0170343171251093,0.0167484556621729,0.0199226136150145,-0.000508540306927816,-0.010547299361179,0.11982218722031,"E02000603","Kingston upon Thames 006",519964.179459295,168874.32470468
-4.3282667080524,-0.0636538552505851,0.0279169534796512,-0.0344753483071914,-0.0423942857451487,0.0143787327593176,0.020858264770701,-0.0113950597380808,0.018364142672933,0.00286620825145208,-0.000504234517590791,0.0900440977101791,0.0740111683825881,"E02000604","Kingston upon Thames 007",521583.509929801,168629.405713725
-3.88413690063104,-0.0413708972457268,0.0186023966979867,-0.0325172775104532,-0.0390174854937089,0.0160983160004701,0.0205196797497487,-0.0137237897903343,0.018231522023452,0.0162919535867383,-0.000520522954455693,0.0323433501523106,0.103263012683425,"E02000605","Kingston upon Thames 008",520664.530382181,168322.791445934
-3.46553457115888,-0.022612102672554,0.000154631481930879,-0.0433409387779242,0.00775912560949943,0.0154504680533144,0.0191117488948441,-0.0175113548132848,0.00507622423683222,0.0153911574152967,-0.00132108818915895,0.000231284519189634,0.169132359576067,"E02000606","Kingston upon Thames 009",518109.628574234,168509.674781474
-3.65354006551616,-0.0160368580481141,0.0074665170638283,-0.0342889905713198,-0.0253201930533025,0.0171757958730101,0.0207489799309456,-0.0159615135703862,0.01698392111135,0.0219324125916442,-0.000566421026828142,-0.00222324539377282,0.114103953526191,"E02000607","Kingston upon Thames 010",519194.90619953,168007.090986089
-3.99751668701869,0.00765065231011315,0.00371672219832528,-0.0349677622919757,-0.00670658745365971,0.0180679788740486,0.01977502817454,-0.0155596568351391,0.0105068977586069,0.0175355295208539,-0.00110037512261057,0.0183552517628819,0.139174920011288,"E02000608","Kingston upon Thames 011",517878.630714257,167394.02491824
-4.78676175110376,-0.0276274100273155,0.026432867769922,-0.0248770086179078,-0.0401725678116852,0.0182093314129855,0.020375848048327,-0.00818043063448913,0.0204551242694022,0.00516714957930983,0.00267602999749949,0.0941990009237541,0.0725433491139419,"E02000609","Kingston upon Thames 012",521112.484573428,167118.653389424
-4.18461272918508,0.0187956743743305,0.0070003800992023,-0.026532523962978,-0.0220514639491403,0.0192159894347332,0.020517463977011,-0.0145183268296222,0.0159646535394393,0.0203508459247798,-0.000742553837186741,0.0187699866014702,0.111942164793296,"E02000610","Kingston upon Thames 013",518281.784789587,166826.136122876
-4.30336380527798,-0.00136369118927869,0.0154800039032556,-0.0236795629981202,-0.0356928602182186,0.0191846199750471,0.020571991403917,-0.0118717334753065,0.0201322982921107,0.0187011035758264,0.000823464009157961,0.0342472803487019,0.0972805805742649,"E02000611","Kingston upon Thames 014",519788.938366425,166900.945925176
-5.44419241144239,-0.0305285033891056,0.0294731378485166,-0.0201148254703739,-0.0285577866314508,0.0178500056565381,0.0211572979053966,-0.00470817184741903,0.023013554093105,-0.0185954132682843,0.00665710050135474,0.152299899855976,0.0442043535596544,"E02000612","Kingston upon Thames 015",521886.187038532,166779.666037882
-4.48978562095245,0.0311184518099637,0.010012278272927,-0.0194570009524686,-0.0291990886210887,0.0205400600472399,0.0206280633629502,-0.0127383117926153,0.0188433612427414,0.0203274215247854,0.000317811222246809,0.0303517526226637,0.0992607807186487,"E02000613","Kingston upon Thames 016",518433.369947604,166023.465406164
-4.88429454233888,0.0147389408213184,0.0193733184320638,-0.0154526081176236,-0.0374814694211239,0.0210027990906778,0.0203760918027041,-0.00806407220091223,0.0217743343821259,0.0119083193893548,0.00367093628055089,0.0674455556226298,0.0850281744909177,"E02000614","Kingston upon Thames 017",519842.679730377,165512.396877125
-4.84036084611555,0.0472622372506089,0.0115385908745543,-0.0124760033129066,-0.0310842802120613,0.021706565378225,0.0205819699677009,-0.0110896884950796,0.0199707978582923,0.0183903143397652,0.00152417780580128,0.0460752873535239,0.0928495216172934,"E02000615","Kingston upon Thames 018",518166.797439034,164892.812122191
-5.16410756923628,0.0409803443686591,0.0167140367618964,-0.00812379535390209,-0.0353464152067944,0.0221817183217017,0.0204392673117562,-0.0074173448453648,0.0223445458201034,0.0116436568772979,0.00482211937233839,0.0728534257077398,0.082920612293549,"E02000616","Kingston upon Thames 019",518897.996013069,163921.60848954
-5.41376016959529,0.0661305246131285,0.0129846571386784,-0.00185267244015842,-0.0305632102302517,0.0224221728291328,0.0204641508073922,-0.00817774763561993,0.0210297521775444,0.0112116788304389,0.00450892310837254,0.0822939065585758,0.0851619194518216,"E02000617","Kingston upon Thames 020",517480.774518049,162284.733180737
-0.933244362509647,-0.216376180215141,0.00830611206477261,-0.00171615404691412,0.0468704559950481,0.0200887081825375,0.00515094410506863,0.0369436624124579,-0.0419268732611505,0.0308801127136693,0.00140414670332195,-0.233691163751185,0.238706493993902,"E02000619","Lambeth 002",531171.276301548,178756.165935153
-1.06461488915821,-0.22007672779944,0.00782288000292736,-0.00116640345911349,0.0455535262700537,0.0196206682660801,0.00575103571809588,0.0375620919661794,-0.0406084924456178,0.0274224662765714,0.00353636194412072,-0.218321226956474,0.267693683667081,"E02000620","Lambeth 003",530944.624003881,178266.638039614
-1.37057169515625,-0.22161924263372,0.00703063537732075,0.000804003559607057,0.0386885799320842,0.0166138015130534,0.00737291670524274,0.0330480357164174,-0.0373063202539882,0.0185653033022645,0.00367822420592813,-0.173308378306044,0.31458315808259,"E02000621","Lambeth 004",530409.375628669,177531.957141324
-1.94054968869267,-0.222942019322745,0.00517081624249804,-0.0025005117344847,0.0454179252555623,0.0157405404275693,0.00371693593253736,0.0343463588080667,-0.0332840715415481,0.01441424236009,0.00462079998284779,-0.103866420102668,0.287293435616167,"E02000622","Lambeth 005",531361.039419251,177378.7118855
-1.86238695585012,-0.221420923743461,0.00596393055148315,0.00171317390057676,0.0336854295746109,0.0130834138939185,0.00690692260116574,0.0283034108661962,-0.0328442056533271,0.00955075177118334,0.00316125884510341,-0.104870179831069,0.331296690190664,"E02000623","Lambeth 006",530284.69647588,176958.509690528
-2.38321201996877,-0.226967752137645,0.00302331140583208,-0.00280129019238403,0.0417381126521524,0.012627352653927,0.00390404935620305,0.029884932248809,-0.0299241825356234,0.00277795025926914,0.00409784213421617,-0.0366263669549895,0.301303207399619,"E02000624","Lambeth 007",531167.48974511,176790.98497722
-2.32084251136824,-0.218049818088407,0.00577035786447838,0.00416897625830279,0.026065611061524,0.00982553247889084,0.00690087849673206,0.0228482318481821,-0.029695022233975,0.00130305015621385,0.0021717761764762,-0.0439929438633265,0.342166261558791,"E02000625","Lambeth 008",529950.896428494,176434.122988955
-3.08508534328557,-0.233808561351719,-0.00015741863063027,-0.00576605075059562,0.0457793559294685,0.0105524072429799,0.00188060289558782,0.0256788881915544,-0.0284842254431713,-0.0137464072515533,0.00197594971057618,0.064006852681807,0.271581126982786,"E02000626","Lambeth 009",531763.159043337,176281.233098433
-2.90592890657888,-0.224262068588119,0.00227772074457891,0.000176822790380191,0.0302256181112892,0.00847155486362728,0.00420457852909827,0.0221390170851704,-0.0260780732864869,-0.0107989144290464,0.00284542603557115,0.0381169246040187,0.310412982209005,"E02000627","Lambeth 010",530523.188447932,176035.802182997
-3.24388943404297,-0.230735321120462,-0.000916086436677282,-0.00378492251903618,0.0384760325705467,0.00838928488687585,0.00228147440658687,0.0219799098704246,-0.0253619635671396,-0.0207159722838954,0.00193360625803833,0.0888187860571462,0.277297877476479,"E02000628","Lambeth 011",531214.261153658,175868.916977146
-3.01136445045299,-0.208603286817406,0.0069967152017366,0.00713036529686924,0.0178253639009642,0.00626368932524818,0.00617039961105342,0.0168498091598972,-0.0258527743723906,-0.00765576467703565,0.00114947932448844,0.0378441013039125,0.336961391576364,"E02000629","Lambeth 012",529696.327593158,175891.597584142
-3.69652117108527,-0.182315884713852,0.0145497309037251,0.0154567880331518,0.00590456703530651,0.00201759514499577,0.00776675923204332,0.00920284817966265,-0.022971475115176,-0.00824744612127037,-0.000783488098771411,0.0943267195408252,0.358674210257018,"E02000630","Lambeth 013",528975.159772048,175622.448194333
-3.95713263595819,-0.243937854117222,-0.00525591163761347,-0.00879692352504336,0.0488742729687207,0.00804140678524514,-6.16505374528415e-05,0.0180872312599022,-0.0282471847073508,-0.0416064531808608,-0.00197626468382801,0.194775130259134,0.217452744054994,"E02000631","Lambeth 014",532286.512186396,175556.412238001
-3.95402864793896,-0.217987299926289,0.00221594072327977,0.00154072208207927,0.0218640205401415,0.00557514344016117,0.00335869766620361,0.0157422231079864,-0.0223584450138358,-0.0307675706587707,0.00168578153807636,0.165568667246131,0.272800878581794,"E02000632","Lambeth 015",530338.134378801,175264.244467074
-4.27163240005972,-0.223793894749443,-0.0015207318774731,-0.00292736081916459,0.0324876147929407,0.00639368316199734,0.00180058558821419,0.0158054341523977,-0.0223442018842877,-0.0415271535901063,0.000706153331431478,0.211713553323955,0.234937131212036,"E02000633","Lambeth 016",531001.114134978,175093.294821719
-4.32354066385082,-0.204348859312136,0.00919093239561345,0.00773873279789252,0.00680743935363342,0.00301357510467546,0.00475450299404166,0.0116617683049193,-0.0200891313498349,-0.0266045037039244,0.000848631049045554,0.193959989753165,0.283034203984006,"E02000634","Lambeth 017",529720.025532888,175053.327201735
-5.21698667387081,-0.222129583024698,-0.00238410307431144,-0.00524703586585112,0.0373634275284289,0.00675508064425386,0.000667587526727432,0.0121694466916271,-0.0234218752238536,-0.0586682400342808,-0.00271401659232154,0.324392596055921,0.16900446704758,"E02000635","Lambeth 018",531650.343379241,174568.646231081
-5.18035841686038,-0.188120053330583,0.0146510462598051,0.0128252519285486,-0.00624363945457381,-0.000279939907114541,0.00574922230003082,0.00652350690135858,-0.0165535913056532,-0.0286246789589412,0.000111835330004593,0.278643611694926,0.267686857457267,"E02000636","Lambeth 019",529241.383023638,174631.667096796
-5.85747033416658,-0.210242247931059,0.00517676475497815,-0.000783832649241835,0.0221441391338959,0.00506575134894418,0.0027522326555928,0.0112666085101287,-0.0190178052485104,-0.0565057051935409,-0.000992749763985017,0.37730495081448,0.178427793046863,"E02000637","Lambeth 020",530851.126047957,174284.440277013
-6.65062130752393,-0.201104962525034,0.0093461292726095,0.002055397795985,0.0121321260631242,0.00349770717882303,0.00418522248865042,0.00946800358324446,-0.0163906916334852,-0.0580165767208736,-0.000788343972257816,0.455168295355906,0.165926569984316,"E02000638","Lambeth 021",530422.941264802,173988.18193087
-7.2024166118878,-0.191807238837503,0.012405631503961,0.00495235498052229,0.00355180914458704,0.00182386902826552,0.00538043645828706,0.00729899104805954,-0.0143331239994268,-0.0580787586662071,-0.000856547928320569,0.508172732389565,0.155415836186017,"E02000639","Lambeth 022",530045.445650539,173725.025284421
-7.89883589481904,-0.182506412855458,0.016064420550617,0.00947659252680489,-0.0116120244542907,-0.000624376504289402,0.00719135260282783,0.00472181187794531,-0.0111910215209211,-0.0542467613529826,-0.000286051768989078,0.576193359353401,0.148760105473982,"E02000640","Lambeth 023",529423.914572849,173569.117344637
-7.90509661287327,-0.199014660578749,0.00804813205716371,-0.001700697266452,0.0200983391799224,0.0051401947764499,0.00377349099871468,0.00795363214358621,-0.0176071644072274,-0.0750907496621353,-0.00375775736759464,0.596396555975415,0.0901890742322098,"E02000641","Lambeth 024",531143.852688358,173457.855037026
-8.09506894848007,-0.215694844906863,0.00523125947750863,-0.00496646745696038,0.0257038657991979,0.00643836948034444,0.00199995549012171,0.0048121557128894,-0.0230271193278474,-0.0891977480621645,-0.0079504564938445,0.640980959485962,0.0341396246290653,"E02000642","Lambeth 025",532107.250223948,173252.441965359
-10.2308980873176,-0.177999164526405,0.0127508169895115,0.0030297398839915,0.00260206278492407,0.00344341710015433,0.00793762321483594,0.00529215859407296,-0.012143126771066,-0.0790059010675867,-0.00350825228451374,0.827304288194529,0.0241482424046926,"E02000643","Lambeth 026",530317.091533658,172827.31976054
-9.78417724774669,-0.199289062083663,0.0116599534742914,-0.00127498792028613,0.0138820471245775,0.00385395493267855,0.00543755524382821,0.0029657818375876,-0.0141721752936931,-0.0938788791186944,-0.00664252355496667,0.806100836386185,1e-06,"E02000644","Lambeth 027",531211.8606196,172484.203772112
-9.02714095993668,-0.233329500332773,0.0121923416329706,-0.0053360973277631,0.0185007990780586,0.00390102848534162,0.00260106229731162,0.000389612661240397,-0.0168266069537775,-0.103880732421047,-0.00823958932279728,0.758586245870141,1e-06,"E02000645","Lambeth 028",532164.721642052,172235.301112896
-10.6615098685919,-0.184263855527835,0.0145819063013662,0.00442886337852548,-0.00576874121871991,0.00213993015128005,0.00871283272249675,0.000916130332862746,-0.00916741504396029,-0.0849054308483409,-0.004428360113178,0.882063858393677,1e-06,"E02000646","Lambeth 029",530008.856914929,172256.002253766
-9.664676328772,-0.218819131275682,0.0148788736931403,-0.00204946451410542,0.0146673304827742,0.00197887741863713,0.00450272777772654,-0.000959173658973342,-0.00734685325857095,-0.109270214564894,-0.00526585916739678,0.810175230904335,1e-06,"E02000647","Lambeth 030",531230.062905924,171571.555087097
-8.88524937461313,-0.249611780777767,0.0152758164034353,-0.00622428874821312,0.0226498273341839,0.00206227980630323,0.00159890003513146,-0.00284658835489685,-0.0106579083824443,-0.11572070394836,-0.00563849320956319,0.756170965014952,1e-06,"E02000648","Lambeth 031",532214.325109334,171404.730331084
-10.3909146791047,-0.195572698153808,0.0157926104152939,0.00243962768408496,0.00285191680997635,0.00123726826309987,0.00768008117093055,-0.00178136600690009,-0.00281669729667,-0.105740464646312,-0.00370407187021809,0.864561992458745,1e-06,"E02000649","Lambeth 032",530057.55068314,171353.1844454
-8.27871520236288,-0.267613158871404,0.0160648693093039,-0.00890017197434065,0.0296482783058298,0.0024437656663151,-0.000758071933803383,-0.00407064581918246,-0.0140617148819713,-0.118101020691403,-0.00494704168717494,0.707471389570393,1e-06,"E02000650","Lambeth 033",533018.204038562,171199.02331446
-9.65852952072049,-0.204088050925225,0.0169255123407643,0.000780740747707865,0.0101198067690802,0.0015301985235923,0.00582107069779829,-0.000671465346797841,0.000575335839241838,-0.119998561557845,-0.000185823097596423,0.790147348343982,1e-06,"E02000651","Lambeth 034",530410.757276602,170571.020687383
-9.76166300639521,-0.18451709217028,0.0173252790562099,0.00200757761178551,0.00362586188152951,0.00219174420341232,0.00861295120653177,0.00012457888166895,0.00517230670638249,-0.123134872169238,0.00161829764428284,0.781563969663227,1e-06,"E02000652","Lambeth 035",529580.756690382,170092.884934961
-4.76640464561419,-0.0791762696973034,0.0198073453202573,0.0170821129178838,0.0657839587856006,0.0199823577146328,-0.00357756938123546,0.0169397596377809,-0.0604474110786452,0.0589015436375164,-0.0100507299958192,0.0639103841986893,0.205839931648623,"E02000653","Lewisham 001",536187.43493137,178519.662949528
-4.91226320457929,-0.0841513161026837,0.0192956884959453,0.0176729164958169,0.0608915051642614,0.0210599105416634,-0.00315133373784404,0.00924111879410518,-0.0582391109975391,0.0573722064928185,-0.0106676514704521,0.0854370079941867,0.186049169926688,"E02000654","Lewisham 002",536704.410719618,177939.934421057
-4.8157085419671,-0.107298071794621,0.014958977878059,0.0125661362461871,0.0602653391567391,0.0166776881820379,-0.00280271962245635,0.0135785447336975,-0.0546681518445494,0.0319946169942044,-0.00933394476745764,0.117301227710798,0.198408437286394,"E02000655","Lewisham 003",535705.998368643,177554.670437935
-5.32172202591505,-0.129721687372122,0.0135067031356554,0.0130401043758656,0.0492816140037254,0.0178485857349723,-0.00229730096281242,3.23094395723387e-05,-0.0539681536899588,0.0364150082134736,-0.0119335973238792,0.194055455935719,0.151269516549256,"E02000657","Lewisham 005",536747.30305056,176556.910581166
-5.36272039600548,-0.139079817830136,0.0102557423603313,0.00837286857446005,0.0526622767380466,0.0146240820494927,-0.00170024906208485,0.00838750041392046,-0.0518062845449268,0.00574407533658838,-0.010325744788123,0.2236777277591,0.170374615809695,"E02000658","Lewisham 006",535739.960255264,176545.681101102
-6.31289142396016,-0.130276759515702,0.0140973446174503,0.014580389016963,0.0533269731168665,0.0211156110523714,-0.00368001427558635,-0.0137836796984055,-0.05069665049288,0.0576218247946132,-0.0154657769283424,0.293271228363585,0.128139121210218,"E02000659","Lewisham 007",538619.742513435,176123.257899615
-5.59200206892365,-0.155652344341712,0.0110733094317835,0.0108571132101858,0.0469616801908652,0.0170750477120393,-0.00283307546593534,-0.00557726899863024,-0.053947495399249,0.0349842874120236,-0.0133348422708175,0.253293616328112,0.129310134865375,"E02000660","Lewisham 008",537093.258244866,176047.872058877
-6.9100649182409,-0.0793268668437814,0.0177911741024937,0.0172551066219629,0.0593650123673993,0.0219085967932251,0.000336327467122229,-0.0131747636472171,-0.0437760977711207,0.0564483376010999,-0.0165436291955565,0.307396234547625,0.168544108660784,"E02000661","Lewisham 009",539470.64832982,176060.523779581
-6.10024186982017,-0.17574037267036,0.00662359922241479,0.00565303140614475,0.0437661732071565,0.0136103190431256,-0.00144950039684828,0.00168228268711756,-0.0531930880923108,-0.0099580644211225,-0.0130640192083372,0.347605192735254,0.118449334354029,"E02000662","Lewisham 010",536121.05308666,175638.939230198
-5.96200155974181,-0.180155821949562,0.00919428249579636,0.00974313797001511,0.0423400022811368,0.0168816194552303,-0.00367838653305624,-0.0118873429696975,-0.0546987769490007,0.0372184748595415,-0.0151535505418402,0.319474014279186,0.0926806085818272,"E02000663","Lewisham 011",537529.992599691,175557.394505503
-6.88613021641863,-0.0908304357909181,0.0175673020625755,0.016868059688338,0.0426705607784585,0.017266559791481,0.00124331347734986,-0.0145001074380282,-0.0476663019391911,0.0432444977612315,-0.0202466958779053,0.338962901789323,0.131843899053331,"E02000665","Lewisham 013",539311.78727164,174872.327407634
-6.46713044123714,-0.209656976189072,0.00502209746064877,0.00566511519891934,0.0373896855835682,0.0138883482114038,-0.00335726046350227,-0.0102744318110547,-0.0562398088578852,0.00459754432563588,-0.0164796782662411,0.41985308278527,0.0507442166756476,"E02000666","Lewisham 014",537092.452903805,174929.107628824
-7.07888263852128,-0.232461496103691,0.000867295580482781,0.00133510984805875,0.0359515643118233,0.0118929069525037,-0.00309746908547756,-0.00844350291353679,-0.0575890956881362,-0.0277458820522552,-0.018025931604309,0.523904899237943,0.0159434228383951,"E02000667","Lewisham 015",536612.776949395,174500.080455156
-7.1175913579911,-0.0485811531493606,0.0230637193339664,0.020266383472601,0.0317409327343976,0.0139856941950428,0.00429349077161673,-0.0133763678045371,-0.0470480150340335,0.0301109972537166,-0.0242310620760681,0.340985917988474,0.149519959836995,"E02000668","Lewisham 016",539747.845227288,174245.008662741
-6.69553927142928,-0.128507650797836,0.0137329837680384,0.0133872700473099,0.0381220820723666,0.0136302936870127,-0.000636266832147521,-0.0150439686165355,-0.0537878820458827,0.0208375404841645,-0.0221283707261999,0.374685625769675,0.0561816055627711,"E02000669","Lewisham 017",538781.521794676,174130.473908398
-6.72693829227053,-0.192978942279415,0.00771748577656924,0.00675431769984175,0.0402216602010126,0.0112286248050298,-0.00282797355024399,-0.0158275167118828,-0.0601633595790575,0.00121573991785777,-0.023232505916791,0.4495860269495,1e-06,"E02000670","Lewisham 018",538210.194480987,173825.93070337
-7.57921230940384,-0.254710844515359,-0.00341390304692296,-0.00403989087352899,0.0393560593589259,0.00996304669613388,-0.0024696784730258,-0.00926508699262434,-0.0565467736496842,-0.0558775909802936,-0.0208434422518093,0.61594986719782,1e-06,"E02000671","Lewisham 019",536212.390360127,173758.272188228
-7.0431243303988,-0.221579901153914,0.00227999412397578,0.00148053450555732,0.041492867962421,0.0100918952385447,-0.00324564527521349,-0.0141473262920236,-0.0596829874757392,-0.0260068574276649,-0.0217440603108571,0.522778841702552,1e-06,"E02000672","Lewisham 020",537350.170177931,173698.177140139
-7.78261083624248,-0.258233360683106,-0.00528135657027089,-0.00610817731490069,0.03635475533439,0.00912533361673491,-0.0013382261868253,-0.00501409322045392,-0.0474509740838077,-0.0808453353484456,-0.0187556810786424,0.646407946770104,1e-06,"E02000673","Lewisham 021",535196.555469758,173523.421954582
-6.87035145677586,-0.112032570766233,0.0178030712131753,0.0127741905928451,0.0365059746649852,0.00785396974725147,0.00010482290107775,-0.0134822295668674,-0.0584777619233348,-0.0141673080763116,-0.0287139025767161,0.40866556382354,0.0281345423617672,"E02000674","Lewisham 022",538963.708562082,173249.682432072
-7.08161033673929,-0.00457184594452453,0.0331949846010431,0.0237612983385126,0.00176071070114912,0.00664396415315247,0.00856356496158445,-0.0124842760666031,-0.04800253620068,-0.0011559178165126,-0.0301246754605884,0.329405080836026,0.162182547639053,"E02000675","Lewisham 023",540364.288603985,173177.551992056
-7.57163904920277,-0.24173769035357,0.00208664294309331,-0.0054541252823055,0.0457092514465395,0.00764305051838352,-0.00266756940856621,-0.0105810243606412,-0.0533605355314145,-0.0659406728268398,-0.0213947505750918,0.615493178147643,1e-06,"E02000676","Lewisham 024",536178.552549043,172982.562100827
-6.9607538623123,-0.171428549634867,0.0117234072236365,0.00467258811879131,0.0454841943694131,0.00537149646595647,-0.00226113674900187,-0.0137795891611559,-0.0627331831967166,-0.0345859093750061,-0.027929724902824,0.488045227759407,1e-06,"E02000677","Lewisham 025",538146.337127239,172859.8116794
-6.80839797835822,-0.0371358855975239,0.0293492900746136,0.0187645451252822,0.0194481828088481,0.00267337258852956,0.00482817651456618,-0.0116108350166559,-0.0562679233762,-0.0337828151697063,-0.0333309395935987,0.352806141169616,0.0929545413341811,"E02000678","Lewisham 026",539712.973610245,172626.804574213
-7.55519949895587,-0.237899536369638,0.0107777416483468,-0.00780543987615289,0.0507159802162321,0.0055415567583409,-0.00343500199832893,-0.00966925973910518,-0.0490093829589565,-0.080515008060832,-0.0187276867613246,0.616631219093065,1e-06,"E02000679","Lewisham 027",535906.096582866,172357.934644563
-7.74555513744585,-0.265994778027073,0.0105609646665045,-0.0106870376180262,0.0425187028478442,0.00563765181318845,-0.00280058647418633,-0.0069239055845132,-0.039875482536969,-0.097184953623987,-0.0149824863505252,0.657029653826672,1e-06,"E02000680","Lewisham 028",534876.167310915,172446.957292052
-7.27064555084057,-0.196000718969735,0.0116538541288629,-0.00148653297089744,0.0518845507610642,0.00473650431006692,-0.0030439372676043,-0.011710607314481,-0.057822228331469,-0.0606627376480736,-0.0236506320074838,0.551571110694493,1e-06,"E02000681","Lewisham 029",537095.14079238,172393.090484919
-6.7237305734164,-0.112069483387277,0.0211879465610376,0.00949286999950781,0.0449147097093676,0.00128572471218364,-0.000795975990600705,-0.0104362855118178,-0.0622543738993505,-0.0524730115215878,-0.0314802004981286,0.423336776841773,1e-06,"E02000682","Lewisham 030",538635.031297404,172140.756671477
-6.72861567791058,0.012669453144887,0.0439362176315942,0.0245376653697251,-0.0325854275297656,-0.0016687876932014,0.0131787916374937,-0.0113109108109985,-0.0487846898803002,-0.0336950150005539,-0.0338727176351457,0.303535595689412,0.151579182374959,"E02000683","Lewisham 031",541276.847508919,172013.867915331
-7.55595037272307,-0.266059331663174,0.0156819574669921,-0.0118167267662853,0.0450932252352177,0.00484248028547652,-0.00358348375435025,-0.00498257391935894,-0.0334824229827135,-0.104052535023681,-0.0101605772536134,0.634367219918911,1e-06,"E02000685","Lewisham 033",534751.245747087,171754.754386477
-6.52721267354501,-0.137723947352659,0.0252633944679433,0.0038313427783825,0.0549188698800616,0.000100598400043089,-0.00350323348052894,-0.00524268858448739,-0.0534664567070152,-0.0843006563178946,-0.0180547228631086,0.425887896898186,1e-06,"E02000686","Lewisham 034",537631.752666304,171188.535356794
-7.18474788995185,-0.23150802977449,0.0186191570508651,-0.00930013510736899,0.0548843209422935,0.00434931717135203,-0.00457511559155189,-0.00524480550948011,-0.0403850936225717,-0.0980023258745923,-0.0109665289793814,0.569271158426126,1e-06,"E02000687","Lewisham 035",535744.027370426,171450.836810022
-9.6288105216942,-0.0864034616610804,0.0325508398986518,0.0120292368682869,-0.05020209707147,-0.00115506023208609,0.0269551408115439,-0.0118416736937466,0.02292359746728,-0.0796470235022197,0.00111250580931595,0.664885336874372,0.10417368032039,"E02000689","Merton 001",525394.730959179,172039.747576867
-5.15655035516461,-0.0972535256696495,0.0353445277092627,-0.0255683369760064,-0.0472535895652831,0.00538180387039288,0.0261050331810997,-0.0126444230231206,0.0195699608032075,-0.0495186671949265,-0.000237513185331726,0.207882541840485,0.115428445824465,"E02000690","Merton 002",523069.649059791,171419.17006552
-9.55031095147384,-0.0931292855849509,0.0313156984819398,-0.00188560649526503,-0.000342185115321022,-0.000524615481677376,0.029544193308078,-0.0116360486459276,0.0252699604582626,-0.0948551396086331,-0.00162552706175755,0.65337132429389,0.0570580809858188,"E02000691","Merton 003",525332.585713905,171053.415323161
-7.95540365371035,-0.0849536756604836,0.0337339104398946,-0.0143051135985987,0.00365117990947605,0.00254192623160025,0.0300377926717292,-0.0120970374116436,0.0257129504101749,-0.076420061275094,-0.00272976171300159,0.473564026298275,0.0507256553654541,"E02000692","Merton 004",524245.434420047,170693.326808483
-10.2446582090813,-0.122819451448375,0.0228273738376693,0.00159875140503664,0.00920583348174835,0.000150484175586601,0.0229346304768829,-0.0097062776063599,0.0189753471894974,-0.104988507044586,-0.00170574437265156,0.765474442335837,0.00782984724666582,"E02000693","Merton 005",526802.234417784,170503.247705329
-10.0107678770583,-0.106091667933965,0.0266285892294358,-0.00227698651180362,0.0201393187862592,-0.000208924715748634,0.02708869104471,-0.0115151737690888,0.0230115973674654,-0.0976690413787949,-0.00156570389886534,0.71589743082908,0.0211479729825172,"E02000694","Merton 006",526048.882107922,170521.380885454
-10.1459448830884,-0.166331506765037,0.0177398385639739,0.00298694349502622,-0.00147782136932835,0.00164525505465755,0.0131593034852082,-0.00352612963961987,0.0088354256998459,-0.119364169892725,-0.000799164225145198,0.806936470025709,1e-06,"E02000695","Merton 007",528554.683548239,170257.605181657
-10.118574719734,-0.138381429979224,0.0198566745095545,0.00120193325196823,0.00870436160988874,0.00130773869240055,0.0193026291725588,-0.00798869831102973,0.0170491048161924,-0.114550178066424,-0.000959303099549433,0.771498560068046,1e-06,"E02000696","Merton 008",527464.962950383,170088.992337983
-9.3032803505149,-0.0902261851240589,0.0283513068824047,-0.00849600030298972,0.0368077785973132,0.00225265473781797,0.028732003207411,-0.0109898345450223,0.0258658608456014,-0.0901670019146332,0.00111915331246162,0.614212857945677,0.0177602884446512,"E02000697","Merton 009",525391.172917752,169947.77443306
-5.12687441014871,-0.0864468396822292,0.0322795935357021,-0.0329795754714313,-0.0269439296968266,0.00931783039180225,0.0238037159960701,-0.01240309899159,0.0197031451530515,-0.0259210754202158,-0.0023964259994495,0.191185392126811,0.0503201837800346,"E02000698","Merton 010",522660.961451526,169811.664821772
-7.94791684692925,-0.0754294472473724,0.0308078518755931,-0.0163965167151226,0.02498767605432,0.00607644372039828,0.0285383737106003,-0.0107124397320955,0.0264825381164286,-0.0701688218462213,0.00209461689136722,0.454591971302751,0.0139968099382606,"E02000699","Merton 011",524251.96785698,169610.628088781
-9.36858458620446,-0.106136213094445,0.0239778214044489,-0.00409103018965717,0.0309200118471111,0.00309227626243862,0.0241068328519577,-0.00678144467332331,0.0241579084502567,-0.106090447955049,0.00470801662854788,0.64159813636258,0.0085745729815508,"E02000700","Merton 012",526468.899095937,169450.430901624
-9.47925282282003,-0.141642562331979,0.0199487109282464,0.00112679123891177,0.00450841125039099,0.00307088745593091,0.0160011949250464,-0.00129547893652493,0.0159305009313643,-0.123486909469411,0.00465778015626899,0.703757870305464,1e-06,"E02000701","Merton 013",528038.859252059,169471.624270075
-8.78724245198478,-0.142674795427782,0.0207491425038532,0.0017564560145206,-0.00368710147742662,0.00460560859279976,0.0122365827509465,0.00622073520915464,0.0126123979296868,-0.127302226648328,0.0107968361923573,0.629891171108018,1e-06,"E02000702","Merton 014",528807.23112859,168771.769995352
-8.70225904454801,-0.0806428922867653,0.0278349544989251,-0.0108307679544723,0.0407329320189029,0.00583584544992336,0.0274944874177571,-0.00827010558893933,0.0276346473639643,-0.0887625330214593,0.0073903181087946,0.532877758248222,0.00826057851211693,"E02000703","Merton 015",525199.201296599,169086.45947205
-6.29428314420084,-0.0652985171927857,0.0306129453153873,-0.0224369412891911,0.000261087288582542,0.0107256038154533,0.0249575045602063,-0.00924624475363683,0.0237965322818876,-0.0442327677179982,0.00251557991619003,0.276173794486294,0.0227023046891643,"E02000704","Merton 016",523236.552165655,168943.453637427
-8.9660947584878,-0.160784070964156,0.0198730188308975,0.00212806838140782,-0.0030993048023001,0.00409981035430934,0.00936629012560703,0.00674416366802342,0.00869401433411165,-0.128457794472428,0.00909095846403037,0.668565722263334,1e-06,"E02000705","Merton 017",529492.031875746,169043.945040085
-9.04671346683922,-0.11827834945459,0.0221458869760968,-0.00150167051125877,0.0159386114067018,0.00418113072603779,0.0195930576125418,-0.00163429814313979,0.0214522173888262,-0.11785188963316,0.00858961670642774,0.624666281525223,0.000936574895084123,"E02000706","Merton 018",527297.48222978,168989.292333451
-8.25756540355916,-0.150763779762544,0.0220929618338387,0.00264657025912204,-0.0201304336552481,0.00528354226069451,0.00799487918694023,0.0117882532638911,0.00867807044866869,-0.128777221546749,0.0156830129941796,0.584977229846002,1e-06,"E02000707","Merton 019",529929.143247653,168160.335725549
-5.96149949283444,-0.0492938001062165,0.0294487887321644,-0.0202446357042586,-0.00739906246736101,0.0143337636120243,0.0230944884709813,-0.00636166757473528,0.0243461390955439,-0.0382638636344346,0.00612370186599339,0.221671751307253,0.0293117028670286,"E02000708","Merton 020",522861.195662569,167954.812628386
-7.55577746478789,-0.0611275260904785,0.0287440260711525,-0.0138456817202171,0.0259047761026109,0.0110101403007908,0.0259051684529898,-0.005070907151576,0.0290280782513052,-0.0769995090859904,0.0121062735554112,0.3869560742779,0.00572174191823848,"E02000709","Merton 021",524307.512734783,168039.855098583
-8.06462671895884,-0.111245516514955,0.0239099144396094,-0.00045001815108019,0.00186580849641385,0.00611225415208389,0.016695189034578,0.00625892319572463,0.0193629433742436,-0.120491118894737,0.0168366531150633,0.510559761232126,0.000490204625192289,"E02000710","Merton 022",527715.016397053,167877.300091066
-8.20789021046457,-0.0836290113513583,0.026006549057276,-0.00659001593527775,0.031218870469731,0.00758775589647879,0.0238642515458106,-0.00151154803329037,0.0274177605035294,-0.103298836512295,0.0155048181416435,0.480996215312253,1e-06,"E02000711","Merton 023",525907.365765289,168095.889411872
-7.61542436658281,-0.071579964998029,0.0269989608801891,-0.00753890047174355,0.0239060165688307,0.00997985753255291,0.0238597768982665,0.00041534863432422,0.0290250095794072,-0.0974416432920152,0.0186118897881497,0.40148460179159,1e-06,"E02000712","Merton 024",525395.573552891,167284.670898399
-6.84889755800091,-0.0482149895722705,0.028120506768427,-0.0119035489463467,0.0107646801900806,0.013910730926815,0.0241648747498416,-0.00165625367977901,0.029940673182121,-0.0727798660736208,0.0153243110834514,0.298805483546535,1e-06,"E02000713","Merton 025",523822.593505187,166884.424844993
-3.40551911337162,-0.0386262508802735,0.01622265991744,0.0173843530383518,0.0251735558121121,0.0110812763006328,0.0052057243965927,-0.015088229725662,-0.032788757702009,-0.0512266537774584,-0.0271111649059789,0.0301381052605769,0.0307489825045121,"E02000714","Newham 001",540356.267302032,185666.21700037
-5.37741555087653,-0.0189076065501143,0.0188719169980104,0.0233591861862413,0.0148146076511519,0.00558643426397137,-0.00462104882816452,-0.00771766258564265,-0.0375172741396356,-0.0559870333453387,-0.0226316935394971,0.253510458451089,0.00709403424048916,"E02000715","Newham 002",542949.120227284,185728.237257484
-4.49002875598459,-0.0337450140956414,0.0166569546441642,0.0196209203843222,0.0198929380396765,0.00733689563172313,-0.00136579424568425,-0.0123648947844024,-0.0370527246110928,-0.0588252580116407,-0.0239474886704058,0.168275755885903,0.0110510617995262,"E02000716","Newham 003",541978.456688226,186009.339477769
-4.91784899930531,-0.0256943365157529,0.0180516543337289,0.0224451773632489,0.0191552276802129,0.00745868796115265,-0.00175250863345756,-0.00931367281243753,-0.0370181582538365,-0.0536819797344843,-0.0235518294385157,0.19795901213006,0.00982632157946577,"E02000717","Newham 004",542215.429924872,185425.732568559
-5.6456191774503,-0.0121831402339088,0.0201042548310698,0.0254106313882724,0.00839911489671683,0.00565177668448723,-0.00482696923763977,-0.00565133196804488,-0.0371432649040846,-0.0521885653116763,-0.0225470780139676,0.272031369034996,0.00549337386692935,"E02000718","Newham 005",543152.043703145,185307.484656533
-3.23383516691266,-0.029055051809142,0.0176830098538802,0.0181942024996455,0.0351982606284368,0.0127992934005058,0.00797375916854905,-0.0113393931619669,-0.0332767086095453,-0.0407480926548293,-0.0275045586728309,-0.0196189149986468,0.0480605297972481,"E02000719","Newham 006",539710.286371341,185294.203590575
-4.2018105511157,-0.0332116052182521,0.0171170422820745,0.0202145790361067,0.0321328967152158,0.010155228763369,0.00275106079605213,-0.011677067169207,-0.0339293048495625,-0.0496122886219675,-0.0250759492732046,0.106374389475578,0.0215919984149839,"E02000720","Newham 007",541064.247915412,185311.15523072
-4.24744782964942,-0.0272869599068359,0.0183448719201061,0.0215023604432046,0.0436761248764315,0.0117888798338179,0.00479002098298169,-0.00890144440378337,-0.0338117622559653,-0.039178332693892,-0.0250618852637039,0.0814636017424947,0.0347985778961931,"E02000721","Newham 008",540630.528007901,184831.915343631
-3.79528773885928,-0.0187023565452315,0.0195470801036002,0.0206173888081765,0.0528568519259075,0.0138379770014944,0.00849240621064077,-0.00550553563164875,-0.0353475154333111,-0.0279791386283746,-0.0256064624595549,0.00419193901373987,0.0580982548959498,"E02000722","Newham 009",539682.460656564,184714.791470361
-5.24202469009671,-0.0181182029406497,0.0197336658532595,0.0248782943584343,0.0188993383025161,0.00846050871076924,-0.00143538907860179,-0.00726549217167452,-0.0363404846494619,-0.0432445580100008,-0.0235208329036918,0.209468488771042,0.0167944517679719,"E02000723","Newham 010",542367.282263806,184649.076181006
-4.97592366439401,-0.022784760213658,0.0191904060998688,0.0245040262363521,0.0277680102107214,0.00951805873423695,0.0007368970526523,-0.00711432445476446,-0.0362119330903574,-0.0437560088729023,-0.0237540730615969,0.173673723165968,0.0161657516332057,"E02000724","Newham 011",541764.107042836,184651.890984831
-3.5894874691586,-0.00766595139887765,0.0209040178273396,0.0198969660609613,0.0583764391888478,0.0153991531767872,0.0114690667611622,-0.00138321100222701,-0.0393307566894156,-0.0141225182657855,-0.0253380981335754,-0.0436937942408487,0.0837896668539652,"E02000725","Newham 012",538982.963799752,184530.744347035
-4.9744889314465,-0.0215469720712723,0.0198192779571505,0.0248806472993882,0.0408668682797918,0.0111640953163812,0.0026231804418436,-0.00612311806845771,-0.0356261005745006,-0.0347923629355206,-0.0236246181187849,0.1496451673203,0.0282347756133537,"E02000727","Newham 014",541355.006230572,184258.690557688
-5.72526628780045,-0.0081910546418143,0.0214293521166435,0.0268546087415086,0.00748163840534323,0.00775669293847327,-0.00323665473852196,-0.00520965573953555,-0.0353447659335793,-0.0393656355107116,-0.0227728268261635,0.255330191500786,0.0156755782082858,"E02000728","Newham 015",543042.020002655,184340.724572216
-4.59179520882825,-0.0161406780117361,0.0209268917061757,0.0233909957674035,0.0666858189954868,0.014068670277605,0.00711658549797117,-0.00200833439103137,-0.036807528225892,-0.0197482639735738,-0.0233157613626201,0.0667548331887419,0.0572921172311752,"E02000729","Newham 016",540129.874420618,184105.282610663
-4.86536029836702,-0.0201068524308443,0.0202990254262068,0.0243748734758374,0.0554820067483655,0.0127337438037888,0.00475354322399394,-0.00445565457444881,-0.0356014064441348,-0.026705119485701,-0.0233012606348807,0.115672897824037,0.0422705762412195,"E02000730","Newham 017",540804.456678257,184081.652609542
-5.55333721697193,-0.0119668316038314,0.0216258686994809,0.0273458658959512,0.0179080682372104,0.0103564688601912,-6.25396979333368e-06,-0.00508131775595872,-0.0355368089032584,-0.0300563657040107,-0.0223780200348036,0.212338458439513,0.0239242601411309,"E02000731","Newham 018",542361.34317988,183721.495170924
-5.38080212082266,-0.0158224722409935,0.0212686122078876,0.0267827549982397,0.0357205454499939,0.0117302934370804,0.00214493683748057,-0.00468552863580641,-0.0358361880020004,-0.0262112318680283,-0.0223667297601279,0.178464180392532,0.0320487613005771,"E02000732","Newham 019",541739.597847549,183649.331181869
-4.8400422575642,-0.00404825130687942,0.023821080896029,0.0235042479898454,0.091209927686906,0.0165042855844473,0.0101787767446701,0.00632530530525832,-0.0435684745041664,0.00402432769669159,-0.0212344811529282,0.0403500483333134,0.0890850087635326,"E02000733","Newham 020",539355.861913579,183611.610469274
-5.08334143952478,-0.009760871626275,0.0228643014392139,0.0249354524878873,0.0831391993797281,0.0153570528541783,0.00777742006682908,0.00284921557233846,-0.0396418745990019,-0.00571473652192942,-0.0212231043413916,0.0848751065839364,0.0699504755112409,"E02000734","Newham 021",540041.243659716,183548.9362414
-5.38921703109538,-0.0139816495667247,0.0220824022872912,0.0262413946599478,0.0642688233845651,0.0140742735714164,0.00515960431718487,-0.0011441258816436,-0.0365922081791393,-0.0132716965855478,-0.021109534483444,0.141444854652928,0.0522967588403646,"E02000735","Newham 022",540946.632293956,183349.34053881
-6.05679113107789,0.0034226454104249,0.0237181699455754,0.0284454946419651,-0.0143975432694167,0.00945503573368223,-0.00236643114568865,-0.00270894752755309,-0.0329512261449642,-0.0253903642894289,-0.0210440089862163,0.269352670123364,0.0199464736335716,"E02000736","Newham 023",543513.969289699,183257.818177297
-5.79996072180664,-0.00563536580031239,0.0228726686557349,0.0278248030841559,0.00847999309267011,0.0115555070380751,0.000365952148461312,-0.00437423271411353,-0.0339505002834013,-0.0200727229777534,-0.0208831264889289,0.22446323930805,0.0318008879914143,"E02000737","Newham 024",542698.464248644,183071.756641792
-5.62610316807332,-0.0114344537388128,0.0224046679873694,0.0272997991581387,0.0369497666849717,0.0133288967072364,0.0031209705192991,-0.00354360708518892,-0.0351522367661708,-0.014767567382469,-0.0206183837993136,0.183144946952155,0.0433947043284652,"E02000738","Newham 025",541821.006252824,183021.77348266
-5.81100403950516,-0.00517788190675942,0.0242357423310978,0.0276138339738157,0.0885320110286044,0.0159968445911679,0.00708175525238208,0.00453726097245193,-0.039225658017303,0.00271064158438942,-0.0188098144505574,0.141040978809537,0.0681986188259841,"E02000739","Newham 026",540539.596580451,182858.668158375
-5.73495540692253,-0.003399932115924,0.0265437574732411,0.0251237711975652,0.11374684754244,0.0183819847257664,0.0100998645251675,0.0127587569525047,-0.0481105715042545,0.0260469473116559,-0.0175478815988382,0.0916519291289104,0.107640564844423,"E02000740","Newham 027",539362.923984097,182650.20198835
-5.86404296991488,-0.00695365348602491,0.0236224103395122,0.0271928391049714,0.0651722308847757,0.0158728103522879,0.0059812743536968,0.000219204889074842,-0.0362620442328704,0.00128908699696141,-0.0183632754820402,0.165301224029233,0.0653442680644668,"E02000741","Newham 028",541233.624248445,182503.026543304
-5.83879636471303,-0.00341078689907561,0.0235071032639446,0.0272390087921195,0.0156089410507648,0.0143979605271018,0.00344624269716732,-0.00288945209456428,-0.033204866170787,-0.00647758520625767,-0.0188053353201454,0.199719426986746,0.0468776514515186,"E02000742","Newham 029",542411.298291283,182379.190016003
-6.29554021092682,-9.22888690142305e-05,0.0267382203899006,0.0271960514455818,0.115097398440643,0.0186784849120667,0.00926722742205575,0.0110219535597902,-0.0443091697389151,0.0270382525946323,-0.0158796703589901,0.142929936999272,0.0988636074484674,"E02000743","Newham 030",539960.498489565,182131.304589362
-6.30437275374509,0.000246084916897333,0.02563117774745,0.0275032486805481,0.0967279819940077,0.018181418401546,0.00835347427278291,0.00553782736125277,-0.0393443422137028,0.0199069420222742,-0.0159165322255977,0.163191480292437,0.0884133626893482,"E02000744","Newham 031",540649.755265246,181964.950598108
-6.00806102099008,-1.14827247965588e-05,0.024315968833236,0.026747527949946,0.0437969737223906,0.0172436990761485,0.00667447761672921,-0.00157278774231666,-0.0336853273315125,0.00934266472803329,-0.0166234901271301,0.176032077705785,0.0749569726004413,"E02000745","Newham 032",541858.535034566,181770.500179257
-6.17317876357443,0.023835774749772,0.0261485124689599,0.0289702865030545,-0.0438271711989499,0.0118972697205832,0.000426463750542686,-0.00183895329311317,-0.0315412486835612,-0.0133345142501029,-0.0192951991397373,0.256950085685402,1e-06,"E02000746","Newham 033",544107.176063904,181813.807362904
-6.63229138127303,-0.00665764464647078,0.0277222924448815,0.025733106972527,0.121940877768263,0.0207806772456618,0.00984269850965203,0.0140448381749775,-0.0478005213586002,0.0450623239597167,-0.0140132144080039,0.159098104655684,0.120912101900349,"E02000747","Newham 034",539614.60693682,181342.990609062
-6.29377854837054,0.0290365470768787,0.027647528521338,0.0320092597035654,0.00600559482553368,0.0172337129876858,0.0073068352962583,-0.001285498722271,-0.0329360830632666,0.00352099589185555,-0.0173027839759013,0.190885165126115,1e-06,"E02000748","Newham 035",542499.150323574,181153.555467087
-6.51155709931826,0.00512669125772745,0.026190848432301,0.0268812816415856,0.0868933799739732,0.0200240581145651,0.00952814215693977,0.00259598657476381,-0.0364523183924857,0.0296942660448208,-0.0140362163934189,0.173180995717445,0.103627189814706,"E02000749","Newham 036",541046.858248414,181103.016973687
-2.02072543832029,-0.116487186583496,0.0107570114855591,-0.00720864568582729,0.00316260683601088,0.00771148188303805,0.00514000613819494,-0.0201959294169562,-0.0314370165038175,-0.0996843926306723,-0.0140105248416615,0.00035500999390845,0.0217712016515983,"E02000751","Redbridge 001",540415.761334705,192643.267114189
-6.61258097969601,-0.0159535859686163,0.0176141357651621,0.0197933123545825,0.0391879208897844,-0.00233058226465744,-0.0108850979608187,-0.00255691671341436,-0.0304094755901219,-0.098564683593412,-0.0112916484178403,0.419416795154426,1e-06,"E02000752","Redbridge 002",547536.769062635,192330.003297724
-5.98896645768706,-0.0347967102327887,0.0159366447252952,0.0141810500688787,0.0381791044174372,-0.00102112066800636,-0.00905992019797345,-0.00592524700592402,-0.0381120206627505,-0.0988191581538524,-0.01132438986526,0.372276153171149,1e-06,"E02000753","Redbridge 003",545514.309982798,192235.045048212
-3.04152009090786,-0.0996808929906589,0.0105646661935981,-0.00413334680965032,0.0103052095836263,0.00589904750246572,0.000279793709584713,-0.0198144027245538,-0.0372645872434404,-0.0965887724263235,-0.014531557026399,0.112909875674183,0.00881939399454292,"E02000754","Redbridge 004",541504.063779986,192097.290186148
-3.70948636590494,-0.0839326612515761,0.0114023152469246,-1.28379499330542e-05,0.0141794190636004,0.00448137654213934,-0.00244277336859536,-0.0182654811082566,-0.041971855496074,-0.0955102967558061,-0.0147390030087071,0.177665773008953,0.00394874764823832,"E02000755","Redbridge 005",542185.932827539,191592.871954895
-5.57355162270578,-0.0405647823858316,0.0153828152396542,0.0131220312254552,0.0302462444940621,0.000155103498195442,-0.00818065180660302,-0.00877397805808996,-0.0427253162665263,-0.0941101043755191,-0.013049570785364,0.33628232194987,1e-06,"E02000756","Redbridge 006",544438.456721257,191117.717383921
-1.62670063675227,-0.115971114236289,0.0104872831182116,-0.00336952324798842,-0.0133925583123841,0.00819582425002598,0.00467364479739819,-0.0271079394168887,-0.0382334731926581,-0.100582200277839,-0.0207247321610268,-0.0286440634931081,0.012276769661001,"E02000757","Redbridge 007",540141.203685704,190676.862457369
-4.39946275351826,-0.0621616036612424,0.013097193942117,0.00684810538943813,0.0145783976956792,0.0031241584224391,-0.00491814404169728,-0.0159257149026805,-0.045572376257097,-0.0906450955524597,-0.0160353769260983,0.23552238587269,0.00028474123696922,"E02000758","Redbridge 008",542802.809342842,190503.039035553
-2.84066502767583,-0.0950915774924867,0.0104324722950775,-0.00057414880098611,-0.00438566974222005,0.00634460405239032,0.000170486817173727,-0.0234098847037902,-0.0412508369410604,-0.0940093948375816,-0.0189613916530159,0.0974716218627689,0.00279698245078511,"E02000759","Redbridge 009",541240.154963793,190326.416099843
-5.34877436004898,-0.0413926411890681,0.0152384042484628,0.0134585567299345,0.0242323928972144,0.00102656984936266,-0.0076345504100433,-0.0103644883222905,-0.0443084312075803,-0.089255720507388,-0.0147691371716039,0.313758508916152,1e-06,"E02000760","Redbridge 010",543881.281642452,190213.504934537
-5.0161308082334,-0.042096468768063,0.0150211561873348,0.0140989745000441,0.0171700724456318,0.00236313906246098,-0.00654124146911967,-0.0123933259287023,-0.044091142998373,-0.0825445317126026,-0.0173738708741681,0.277111906220417,1e-06,"E02000762","Redbridge 012",543225.816162466,189088.559657557
-6.53713065728171,-0.0107384158706741,0.0186185993785631,0.0225292778486865,0.0276700424563337,-0.00161251332953369,-0.010840982208267,-0.00285457948933955,-0.0340921433700934,-0.0885452694783263,-0.0137862643671733,0.406387220188696,1e-06,"E02000763","Redbridge 013",546408.532831075,190182.703941769
-1.67527897638605,-0.100227699348965,0.0110570235912774,0.00137639578561311,-0.0219887647157661,0.00831409208801776,0.00403645044780765,-0.0279904007256746,-0.0396116241697058,-0.091707576298074,-0.0271902362220183,-0.0308519511394699,0.0115619628063833,"E02000764","Redbridge 014",540138.052025348,189084.566802157
-5.42402913496633,-0.0328063289475589,0.0161690535763844,0.0174277949638814,0.0217744563317493,0.0015876699340624,-0.00766912605566374,-0.00974848067110961,-0.0428090077086064,-0.0811650234708859,-0.0170284152208379,0.307645560406036,1e-06,"E02000765","Redbridge 015",543645.305298506,188830.22611606
-5.9100022692575,-0.0223972853948301,0.0175736554129583,0.0209512868102757,0.0252462773616429,0.000394766070664988,-0.00911534768440067,-0.00641848060114438,-0.0408248837370716,-0.0813732294690882,-0.0162302339187493,0.346622210874595,1e-06,"E02000767","Redbridge 017",544340.893353274,188791.849462822
-2.82980007013224,-0.0719456900966439,0.0123215538761697,0.0070956880528765,-0.0110692653382273,0.0070797460360032,0.000552573186663682,-0.0226989586860679,-0.0394496029523639,-0.079735662403449,-0.0255054378963338,0.0681630942053844,0.00881964011137571,"E02000768","Redbridge 018",541088.497644971,188307.604828552
-6.38402393523691,-0.00493311018255984,0.019902165859744,0.0247190664894031,0.0134471181916248,-0.000200048294689801,-0.0102940888898608,-0.00288240344062611,-0.0365236835329234,-0.0758753699690865,-0.0172064967106796,0.380731791049992,1e-06,"E02000770","Redbridge 020",545387.026180438,188109.888839176
-6.6225183676641,0.00566743441896882,0.0213596681541927,0.0263784867488732,-0.00238810001691137,-0.000966720960233735,-0.010971620984257,-0.000790105451661517,-0.0329667210118992,-0.0760831806637491,-0.0169539047890905,0.402266670739153,1e-06,"E02000772","Redbridge 022",546448.993814685,188125.129893736
-6.07704116799452,-0.0124849663040999,0.0190611681726439,0.0238877203665367,0.017498008100391,0.000910624661243226,-0.00925084781462751,-0.00481576406422308,-0.0389858957751204,-0.0734619590509387,-0.0180641802137376,0.350003379444775,1e-06,"E02000773","Redbridge 023",544402.759177245,187654.863749822
-6.51095446600257,0.00332495338557366,0.0212472214522094,0.0267434933417395,0.000150336247745839,-0.000307756493934483,-0.0105912401256293,-0.00136748778650058,-0.0352305485866041,-0.0725296581528145,-0.0178939327920707,0.3881061355391,1e-06,"E02000774","Redbridge 024",545631.068032568,187559.503673563
-5.88430678297823,-0.0150765740939158,0.018770020652391,0.0232635998491018,0.017172703248905,0.00203162934351999,-0.00822594400278685,-0.00595782031201326,-0.0391245113013776,-0.069601920466196,-0.0192793420973434,0.327166462895068,1e-06,"E02000776","Redbridge 026",543971.767044735,187196.566227958
-3.14476198249664,-0.0547805535095816,0.0138649641159179,0.0127425089512814,0.00334032556278403,0.008450921342798,0.00194939033011016,-0.0202038039277094,-0.0355581654132274,-0.0679799457503816,-0.0265570027105754,0.0604736973966225,0.0138810161146403,"E02000777","Redbridge 027",540939.690528277,186865.617284587
-5.37713851383637,-0.0234634104968152,0.0177386138111438,0.0214620477648084,0.018073257557286,0.00388072548676498,-0.00604139896702955,-0.00860855560365398,-0.0393422908812251,-0.0660654050390716,-0.0209738774100796,0.273632937486007,0.00149159764360329,"E02000779","Redbridge 029",543175.059588004,186749.070152312
-6.55161311306952,0.0138220997799611,0.0232911346406083,0.0288757277978416,-0.0229063199120108,0.00125373767059603,-0.00973882037365776,0.000223598337157287,-0.0337098075490353,-0.0594255132585622,-0.0199433844721977,0.376895824817815,1e-06,"E02000781","Redbridge 031",545484.598836042,186007.59503587
-5.90601872422682,-0.00800924787739482,0.0204820709050141,0.0256936833739727,0.00632487281025024,0.0041922083282541,-0.00660624040699408,-0.00465878087545121,-0.0370357395065707,-0.0558915915695817,-0.0217781568192501,0.306001073905351,0.0029678800312251,"E02000782","Redbridge 032",543691.755036167,185711.190649119
-6.2580695951213,0.00412597061316513,0.0224139445241174,0.0280458846479809,-0.00991362297542004,0.00398491283116883,-0.0071880062682187,-0.00189073074527767,-0.0355048443410581,-0.0510930148589164,-0.0216471939436833,0.333271599811488,1e-06,"E02000783","Redbridge 033",544268.825735138,185218.550398657
-2.31899539997215,-0.0752575328324348,0.0259223337615003,-0.040367095905716,0.0596763525008762,0.0319514311923517,0.0513848619815461,-0.0269727217463536,-0.0197010694932509,-0.016681405774672,-0.00984245098661272,-0.19506195486592,1e-06,"E02000784","Richmond upon Thames 001",522500.9255279,177097.013956487
-3.11368856500157,-0.0597998115896274,0.00546750411832849,-0.00533864715120097,0.055565299306486,-0.00158864839171691,0.00608585962371087,0.00388027355097272,-0.0573626639979083,-0.133871291387435,-0.0119020238914759,0.0648584249280714,0.54515987648543,"E02000785","Richmond upon Thames 002",518272.10949915,176339.438894494
-1.7659353491764,-0.0959506117405337,-0.00268418869730929,-0.0441709924737865,0.0643605017450664,0.0254594884484291,0.0475947033619781,-0.0176548299128581,-0.0162743515283053,-0.0394548007638909,-0.00688306771578557,-0.190890457335226,1e-06,"E02000786","Richmond upon Thames 003",521653.183950323,175894.21348566
-2.13649057982586,-0.0981889140899654,-7.11545189161723e-05,-0.0289164173485063,0.0589422352201004,0.00518258989477048,0.016105503770301,-0.00219681300356073,-0.0458899834079069,-0.1191882893968,-0.0107684538689436,-0.0353897030531734,0.643657726372178,"E02000787","Richmond upon Thames 004",519377.003659195,175964.81847416
-1.68496657581461,-0.121033757269651,-0.00553583184261555,-0.0475137089567116,0.0568603801305354,0.0116280548452089,0.0245513623584356,-0.0128408803382848,-0.0351506090514935,-0.103868088036277,-0.0116768855481821,-0.0841402240440264,0.686196621971318,"E02000788","Richmond upon Thames 005",520493.556749511,175334.395153833
-1.77484992845878,-0.129499218411371,-0.00613420874568797,-0.0417096122693072,0.075558397114423,0.00123379858334196,0.00893477497272594,-0.0125257977211821,-0.05416782963105,-0.0981819278160826,-0.00965011927220879,-0.0217654931434848,0.559989253414987,"E02000789","Richmond upon Thames 006",519043.641496211,174485.845476845
-3.99439919672731,-0.0314779440998814,0.00504176318627453,0.0157844241986577,0.0753490248538142,-0.00801235539743861,-0.00806843796742013,-0.00476509544791676,-0.0852378497807479,-0.0908226333230545,-0.0134992400235722,0.168057821913817,0.446616354708033,"E02000790","Richmond upon Thames 007",516714.493732276,174635.375839534
-2.60096130289233,-0.0921484914925297,-0.000543786075846452,-0.0194258497068348,0.0768208483876267,-0.002936144363829,0.000452048575691846,-0.00856928518655296,-0.0690006385409477,-0.102297318175829,-0.00967482270537718,0.0507542845022479,0.526251559062242,"E02000791","Richmond upon Thames 008",518092.176395473,174525.800449788
-3.26364638742879,-0.0667882208175881,0.000380338753648979,-0.00754449722210274,0.0848775784704478,-0.00542946123414991,-0.00481330065675583,-0.010556633397234,-0.0779184800426854,-0.0827187829136956,-0.00876203806226431,0.112446418369346,0.478176644336746,"E02000792","Richmond upon Thames 009",517253.214541573,173961.48714041
-5.08853119569058,0.0247070543058688,0.00919226134389741,0.0525737173917785,0.0643090241637823,-0.00941890836850111,-0.00905653925849344,-0.00342393393974928,-0.0918655582321617,-0.0537129777638846,-0.0131757462463518,0.236693595252312,0.357627243324663,"E02000793","Richmond upon Thames 010",514133.185075581,174056.657717985
-4.63497406321439,0.00502308433658161,0.00670143759015959,0.0338092874720262,0.0771530311084713,-0.00848475179668036,-0.00965232256083357,-0.00644362131394571,-0.0880369604591522,-0.0674157446377413,-0.0124293301455075,0.204113360270022,0.403645707724728,"E02000794","Richmond upon Thames 011",515538.53425914,173920.257948057
-1.26413354533703,-0.163367361107119,-0.0111932553594368,-0.0686206058369889,0.0556618507829517,0.00421769595807858,0.0175554757212306,-0.0219650843603695,-0.0274228678151153,-0.051566083405775,-0.00685893068004826,-0.058461529897572,0.42555032797432,"E02000795","Richmond upon Thames 012",519707.404825412,172838.135566829
-5.20485244246203,0.0376010712476976,0.00919819994350206,0.0588769980843099,0.0620782378141095,-0.00825160578427067,-0.00776907497876573,-0.00590106554200335,-0.0910006953915663,-0.0440808776882831,-0.011305788345211,0.234572939798839,0.349480266140465,"E02000796","Richmond upon Thames 013",513241.66180837,173404.765066718
-4.2280258193251,-0.0121760676133322,0.00378524708623076,0.0171853081570578,0.086511184121031,-0.00637498258902666,-0.00742413358927879,-0.0109495187990856,-0.081854795699826,-0.0645115919538008,-0.00845563398956324,0.168702248766093,0.432781435326766,"E02000797","Richmond upon Thames 014",515972.351354076,173286.051809056
-5.02452167442393,0.0369521219253594,0.00678592717927949,0.044701728818656,0.077513466664814,-0.00571460888512276,-0.00690445240916342,-0.0116438972601892,-0.0834916414562617,-0.043465823808053,-0.00751052537632438,0.206610045683806,0.394459425003964,"E02000798","Richmond upon Thames 015",514183.091045886,172436.742775764
-4.44688528393092,0.00392065538003171,0.00319142499973671,0.0176448416993178,0.091916037930874,-0.00431940158234048,-0.0057727099426132,-0.0140573022500454,-0.076263278965327,-0.0511988141908528,-0.00517337846671663,0.168631611667162,0.4289207335764,"E02000799","Richmond upon Thames 016",515551.846761419,172385.692380372
-3.32976559380891,-0.0613767054570335,-0.00276277148944539,-0.0218501900335004,0.0990504023155759,-0.00159984215899417,-0.000693629644942325,-0.0168596647781022,-0.065315021733358,-0.0529514782440099,-0.00155485537579538,0.0971080237250183,0.455618167379322,"E02000800","Richmond upon Thames 017",516880.941280172,172333.043712309
-4.35529292462939,-0.00106461011223299,0.00138509621376686,0.00440025794989336,0.0976164429458728,-0.00130341324969118,-0.00227539723572214,-0.0162384830681325,-0.0677889035906291,-0.0433974910615564,-0.00211832460751124,0.150035394660682,0.438695641817028,"E02000801","Richmond upon Thames 018",515688.708763175,171601.093951093
-4.99245149696554,0.0412875596505127,0.00454629773506134,0.0291004823930366,0.0895244505852587,-0.00122176101941295,-0.00326865944471864,-0.0160730680759286,-0.0701967062173453,-0.0349842498709142,-0.00315399327778161,0.179710215596756,0.421412036016484,"E02000802","Richmond upon Thames 019",514526.740535518,171080.195115254
-5.35405790721168,0.0633326740462189,0.00733085120066459,0.0533057529029503,0.0742807628521367,-0.00282460032902959,-0.00442014438305622,-0.014605497262415,-0.078248590514733,-0.0307091580203122,-0.004940677683277,0.207459927888734,0.39528024778106,"E02000803","Richmond upon Thames 020",513074.087667022,171127.618504706
-4.42584542411234,0.00117431884580085,-0.000296346631770417,-0.0128851359774675,0.095273694708103,0.00499375713005603,0.00394623403709237,-0.0178140564881875,-0.0514236747444267,-0.0267227381950053,-7.90650099762552e-05,0.129660815561738,0.417420614210833,"E02000804","Richmond upon Thames 021",515823.074916133,170124.887258231
-3.39976635785503,-0.0498416549918693,-0.00526574443843137,-0.0450720504205205,0.0763178570280122,0.00907239536853005,0.0111152412596623,-0.0191371754776907,-0.0284383201257924,-0.0115684916575527,0.000743925999128179,0.0481392520587498,0.336214046846181,"E02000805","Richmond upon Thames 022",517238.107942422,169979.518946315
-5.00643734240222,0.0422937761064305,0.0031286580383331,0.00348354444459487,0.0887456822041952,0.00663204129366199,0.00398430585169961,-0.0171551835634277,-0.0494960363676228,-0.0202942813866786,-0.000472058025616806,0.145754020671257,0.410158512575883,"E02000806","Richmond upon Thames 023",514835.392211437,169121.895391766
-4.89005598376939,-0.0700838706400406,0.0208499700981536,0.0150656935956478,0.0680420202210705,0.0196686662607897,-0.00238382334177707,0.0280202421003346,-0.0637802444125377,0.0716469498863847,-0.0108595331296157,0.0636163987804319,0.22244629551945,"E02000807","Southwark 001",535950.816876416,180089.720210474
-1.173093234643,-0.198958714134905,0.00724448118707431,-0.00475423833874632,0.0427096513018556,0.014551583793264,0.00281732087541528,0.0239816580737633,-0.0311619104064061,0.0302934924782411,-0.00848734730839712,-0.179201630329509,0.177589006309864,"E02000808","Southwark 002",532166.574632004,180073.021530194
-3.08606090541112,-0.127309196901428,0.0140776929875499,0.00697170131061768,0.0639485616059269,0.0148790199681997,-0.00479011707704839,0.0267276602359402,-0.0492545834909758,0.0401705635500347,-0.0076666575982873,-0.0507993657697524,0.212213853767964,"E02000810","Southwark 004",534150.854516132,179376.48145301
-2.00960018935014,-0.169121890720314,0.0102595656753798,0.00163470657816876,0.0522174184690445,0.0147445024266295,-0.00175303428101468,0.0285953376366304,-0.0401380489287626,0.0320500858363509,-0.00612165954011693,-0.125883647360588,0.204450217422287,"E02000812","Southwark 006",532997.492079261,179403.930914107
-4.1987751934326,-0.0887890744507207,0.0186420981056529,0.0135070943292827,0.0694887094326849,0.0174029845484079,-0.00512620351492381,0.0250632238995849,-0.0591825727009598,0.0567407663601327,-0.00935073848402321,0.0186493695017223,0.218935578950216,"E02000813","Southwark 007",535309.065140629,179333.350935063
-4.88443678101238,-0.0706559501920017,0.021335306271556,0.0167626002761209,0.0696940194370269,0.0206016466023636,-0.00208199305536233,0.0228571238649794,-0.0626314559276742,0.0677255069756082,-0.0107334724068219,0.0590772064413677,0.214793407936037,"E02000814","Southwark 008",536246.931896039,179394.02640593
-1.49369773318221,-0.190753766926535,0.00914030821858292,-4.66042870173408e-05,0.0482224566908733,0.0164887434348572,0.000351480451777857,0.0315049379152273,-0.0384895659297867,0.0313893352210678,-0.00358401661522189,-0.172483324515084,0.209173554923253,"E02000815","Southwark 009",532313.640126106,179190.244341504
-3.64428335939888,-0.121411583757036,0.0141214447507031,0.00844919757104282,0.0662491193368397,0.0153348249478599,-0.00426814035997703,0.0251179652581592,-0.0515033944440131,0.034884673172436,-0.0069276320823091,0.00201043243070361,0.220333725473885,"E02000816","Southwark 010",534424.963917561,178621.667623153
-4.11057384540071,-0.102910837415766,0.0163590985982534,0.0118165110215428,0.0676039711281873,0.0163004130193679,-0.00449804874919383,0.0226995871261756,-0.0559423205162427,0.0436229179511903,-0.0084845659680231,0.0304297409789926,0.218081117680163,"E02000817","Southwark 011",535059.358675264,178639.96157825
-1.98486331279448,-0.184644009235155,0.00932107292805886,0.00105200688825315,0.0530555130878143,0.0167753358446026,-0.000807787316315917,0.0333959841502658,-0.0394975974073811,0.0283375859040299,-0.00112295299207769,-0.130173182076737,0.22740539539632,"E02000818","Southwark 012",532548.094812838,178582.888156483
-3.14346651493677,-0.143961942610211,0.0118847161533322,0.00507292573425011,0.0636029485906237,0.015242033685812,-0.00329195347228737,0.0278980213160203,-0.0467244170770397,0.0286711222988737,-0.00492884937478608,-0.0318010351760463,0.223422953849995,"E02000819","Southwark 013",533784.335583648,178543.169805166
-1.61862322001598,-0.206233217675885,0.00802179048935502,-0.000746537267425849,0.0493180645418635,0.0178990569626079,0.00192574222489392,0.0361840743599381,-0.0373639253866017,0.026529281680201,0.00227566538460877,-0.160739699664212,0.246181736229018,"E02000820","Southwark 014",531832.885247055,178237.807705468
-3.10956486891463,-0.16130614334016,0.00982599691415839,0.0025141321604905,0.0625351775946182,0.0155082018282613,-0.00227661571325579,0.0287165954135049,-0.0441213971411809,0.0205599592027194,-0.00297701001996156,-0.0202172857347159,0.231021138863841,"E02000821","Southwark 015",533471.089020247,178093.000505125
-2.54575974017594,-0.182263131091341,0.00858360720023795,0.000432978652760016,0.0579271076566683,0.016388233532486,-0.000961070661598164,0.0325030846006853,-0.0399796930562998,0.0217848839333974,-0.000246861902835245,-0.0700559642652873,0.238789337823434,"E02000822","Southwark 016",532819.089341984,178067.320256245
-2.37857142479592,-0.201068462672749,0.00691046879312119,-0.00137231997813494,0.0535217965442186,0.0158644467944792,0.000910712746090098,0.0333365606989518,-0.0360709380367303,0.0173148594351837,0.00182713412080092,-0.0726736508018296,0.252819051450217,"E02000823","Southwark 017",532328.078360841,177681.310878789
-4.2338956330076,-0.133829204179398,0.0114169536822467,0.00635625318689702,0.0644810075380961,0.0148814845572259,-0.00288944297089221,0.0205863912058016,-0.0503097829961589,0.015623237395121,-0.00666221985633691,0.0862654578433572,0.217449666578289,"E02000824","Southwark 018",534549.121582045,177638.658777947
-3.60011811431166,-0.183351926254814,0.00637273247464454,-0.000772355395603905,0.0610141302803225,0.0136993403853811,-0.00135984117992035,0.0246904020725061,-0.0419360259472937,0.000838733936515623,-0.00335294573932683,0.0654858706510898,0.229954971108249,"E02000825","Southwark 019",533573.652278858,177226.72670524
-3.20793549201512,-0.204978305448057,0.00467097314230206,-0.00319575454237945,0.0572004513927239,0.0135736785059118,-7.8693665976746e-05,0.0273386432395621,-0.0371067875370799,0.000295345845523621,-0.000859212570655111,0.0386206282594644,0.243405857994217,"E02000826","Southwark 020",532971.438697793,177071.086501703
-2.8269742848357,-0.219686624305323,0.00362036415137225,-0.004300096530121,0.0518072893826206,0.0134862558249543,0.00139957583596143,0.0296740720646099,-0.0331435366120919,0.00162065157388865,0.00185198675213283,0.00632428567036717,0.263405258786615,"E02000827","Southwark 021",532271.0986437,176953.416227305
-4.39417229336344,-0.170663103529255,0.00649219268100148,0.000870185798674437,0.060898335096355,0.0126626452867819,-0.00182375563002152,0.0178782010603405,-0.0462927771081861,-0.00952297593201647,-0.00689868766644429,0.15302032570702,0.20708438950637,"E02000828","Southwark 022",534322.025720463,176842.99546817
-5.00599770800584,-0.147397943424005,0.00878507400876414,0.00508108027632174,0.0582139360600852,0.0134239536012224,-0.00186014039345905,0.0134564638415284,-0.050460355379376,-0.00429862806361578,-0.00896995578650097,0.197400645791833,0.191180882084142,"E02000829","Southwark 023",534994.406115359,176761.546201155
-3.88720302453219,-0.232165021550139,-6.52339155318925e-05,-0.00737884473040652,0.0552160222220236,0.0104395304858462,-0.000577160491566802,0.0199101702724817,-0.0359892570073224,-0.0297864072488095,-0.00356505873696242,0.161965638048287,0.21742146244895,"E02000830","Southwark 024",533207.225213779,176207.919411428
-4.58113313386441,-0.211677157610363,0.00145913227916298,-0.00488763101816889,0.0576413291168115,0.0103962483714994,-0.00121308916804487,0.0148357859372545,-0.0424549216964427,-0.0353285137829895,-0.00732505765785953,0.22582678296397,0.189305185761945,"E02000831","Southwark 025",534025.6360581,176108.515525185
-5.64422413465677,-0.189824288177188,0.00324395915577885,-0.000769347878147771,0.0535654644507877,0.0110282610863798,-0.000955541791664797,0.00918713814925642,-0.0491348468308348,-0.0351767793199963,-0.0109982102590698,0.323786776487001,0.153356193193596,"E02000832","Southwark 026",534945.969080079,175819.129369525
-4.43569283614807,-0.247697208044661,-0.00466558138483813,-0.00980671203584712,0.0522220574826442,0.00786307862037122,-0.000874140018573784,0.0141430142751687,-0.0326489728891668,-0.0533581128120493,-0.00548413888712074,0.256953428426052,0.182791717203389,"E02000833","Southwark 027",533033.340785707,175379.200482751
-5.80719382233092,-0.237657393345452,-0.00271591379997392,-0.00710166588409998,0.0496719628465268,0.00864856365377263,-0.00047453786889244,0.00779810825854882,-0.0427219867309439,-0.0622654022340563,-0.0115199424988363,0.398808560643398,0.120942784597493,"E02000834","Southwark 028",534319.801879149,175068.848782708
-6.88343153535183,-0.225276729538028,-0.00017677411549694,-0.002236442743422,0.0417185810699458,0.0103920238597417,-0.000586289287555599,0.00199652657400278,-0.0522570528642415,-0.0553654429027012,-0.0155806475218738,0.499449957941297,0.068450537531714,"E02000835","Southwark 029",535501.815480569,174841.420126263
-5.65962669531737,-0.244906798284499,-0.0055259123242707,-0.0089020825354844,0.0489596197740544,0.00763533130197421,-0.000992795591201677,0.00692007269582155,-0.0360887251749311,-0.0723199467248023,-0.0104723210427638,0.399739777441008,0.109401966533886,"E02000836","Southwark 030",533643.874777118,174620.678852096
-6.37085985856606,-0.234009659749652,-0.00351378148796083,-0.00774816040245575,0.0417609351909395,0.00753149101046762,-0.000617756334604916,0.00515230604239102,-0.0309470163274416,-0.0824806577759726,-0.0097090692246555,0.472926733420407,0.0735883288427302,"E02000837","Southwark 031",532970.528372891,173960.449670556
-7.52351661711599,-0.254771103094832,-0.00849877101142578,-0.00632482939507062,0.035346254413729,0.00889009969394956,-0.000633544702078631,-0.000475613144673797,-0.0430669408164708,-0.0848992915298199,-0.0165976210442587,0.615972521748386,1e-06,"E02000838","Southwark 032",534406.05988623,173921.71068905
-8.05203061030894,-0.270661333306665,0.011831787970724,-0.0102925646184758,0.0312055354079816,0.00454913288175612,-0.0010377639766883,-0.00342502035623637,-0.0280371570519406,-0.108382942062751,-0.0111876092710421,0.690237767396398,1e-06,"E02000839","Southwark 033",533648.481653015,172353.476081775
-7.34751548110836,-0.100776339468566,0.0258268782650926,-0.000845993493489463,-0.00550380063904785,0.00725832059595644,0.0168785142531369,0.00887049592701563,0.0203465844130448,-0.115247478518009,0.0204586709456534,0.420040652732817,1e-06,"E02000840","Sutton 001",527484.618597314,166913.914774194
-7.14796324274979,-0.0823210019341428,0.0268354838966196,-0.00382789819735756,0.00760368161128894,0.00912468410755297,0.0204485893949868,0.00611523824164133,0.0255639763770879,-0.104803022965039,0.0213484143644318,0.368438901848942,1e-06,"E02000841","Sutton 002",526330.564474553,166443.008371811
-7.02034219988846,-0.0579048743954877,0.0278431816604897,-0.00758252989253322,0.0112177799629889,0.0123770729070132,0.0235410514847772,0.00243261232025217,0.0301008550699336,-0.089231696734886,0.0201553241153079,0.323102517947638,1e-06,"E02000842","Sutton 003",524755.469821751,166084.513580558
-6.74396591863005,-0.106182646574691,0.0272735448583875,0.00113668876486368,-0.0282832209792475,0.0069626369943877,0.0139123562413293,0.0133511956245162,0.0164284365282285,-0.115505651804155,0.0220328909118532,0.368687458244028,0.00058506884243125,"E02000843","Sutton 004",528135.391053305,165926.764035297
-6.74492665693027,-0.0948560064737009,0.0272781235425938,-0.000721303232429801,-0.0138666078280782,0.00795602460409458,0.016549477856539,0.011264598947996,0.0203971784473323,-0.110314823498381,0.0222272156030277,0.348553188809189,1e-06,"E02000844","Sutton 005",527360.478246642,165782.515630205
-6.12112789250792,-0.0322247413631112,0.0283732834750776,-0.0125375446533441,-0.0119461688658443,0.0167818934996528,0.0223785410749299,-0.000979028129055306,0.0287021999603426,-0.051428880783446,0.013452860128103,0.213339481551773,1e-06,"E02000845","Sutton 006",522708.12734303,165981.650493623
-6.91427604275657,-0.0742245955477827,0.0275709576992762,-0.0042056103864643,0.00407295268322707,0.0101847229261742,0.021024980777727,0.00665365813155174,0.0269686675764187,-0.100478960476586,0.0222396938056281,0.333053266566137,1e-06,"E02000846","Sutton 007",525892.86999623,165685.26068468
-6.30738278991285,-0.0377510126637441,0.0275745374961455,-0.00926693938380299,-0.0058442036216554,0.0156473983285077,0.0227514243146303,0.00139703058756922,0.0301162454493069,-0.0654049612974022,0.0168575233479684,0.233944350884871,1e-06,"E02000847","Sutton 008",523223.294631632,165447.787948115
-6.50548625405702,-0.0495480454329253,0.0273033580277598,-0.00653497733410863,-0.000427474380772926,0.013664881703925,0.022595603860744,0.00403512132568485,0.030307680640055,-0.0808892812101907,0.0201469831367968,0.263699565892002,1e-06,"E02000848","Sutton 009",524070.296825338,165018.46523065
-6.33254632942579,-0.112291363543388,0.0288242704191851,0.00255211207290959,-0.0446275072857908,0.00617871832569644,0.0115719423694693,0.0161398077478589,0.0135515545979385,-0.114914809006291,0.0227337117741043,0.336924956207959,0.000495169832228597,"E02000849","Sutton 010",528808.982381929,164945.704237518
-6.61199223912018,-0.125527750921885,0.0277240438752286,0.00369503596813983,-0.0529753319886446,0.00564697188666132,0.00895888585203597,0.0166449717551771,0.0101675762075348,-0.119900525911043,0.0224000560458973,0.387613962276473,1e-06,"E02000850","Sutton 011",529699.029214029,165792.465449302
-6.63142300240574,-0.0753641164005245,0.0279805233209034,-0.00293204261760825,-0.00408144762688746,0.00999377785954039,0.0198490940573975,0.00923734592621786,0.0258627409629924,-0.0999717840624151,0.023249945227073,0.306562243619058,1e-06,"E02000851","Sutton 012",526018.817894071,164633.663049773
-6.53373448481057,-0.0853840524614497,0.0280432278762947,-0.00153468784367682,-0.0109123951065455,0.0088306740244316,0.0178563191366037,0.0112752890968873,0.0227399603981723,-0.104374221899206,0.0232207024585805,0.311444490396223,1e-06,"E02000852","Sutton 013",526793.938996798,164719.15585395
-6.62699493001486,-0.0614012351633939,0.0277756699283219,-0.00458678153742676,-0.000570087801824125,0.0118178154342498,0.0217220208843238,0.00673626176943072,0.0288530513438894,-0.0919293630877182,0.0223100865779203,0.288429255814524,1e-06,"E02000853","Sutton 014",524988.166104995,164604.720564785
-6.30232228880176,-0.0953406969922856,0.0289889277725721,0.000285760414598124,-0.0264161253663302,0.00756451207023634,0.0152420064659586,0.014350854419846,0.0181713484191028,-0.106860659071811,0.0227620897346523,0.304956109736797,0.00730475179280706,"E02000854","Sutton 015",527657.598724089,164347.644766357
-6.44063095506108,-0.0501607308501396,0.0279300192557798,-0.0048332692911816,-0.0071039091641328,0.0132788397601476,0.0220577209626486,0.00673857887849091,0.0299383376879125,-0.0831080649267488,0.0215864046491579,0.258173954703834,1e-06,"E02000855","Sutton 016",524136.684384647,163697.747958762
-6.09512584903212,-0.11041778219071,0.0309814402306414,0.00343013801051465,-0.053335751767136,0.00555184513807594,0.0104851519415313,0.0184444220842769,0.0121218672430526,-0.111881897913853,0.022672558525059,0.312026229438704,0.00370452736668973,"E02000856","Sutton 017",529207.841842538,163695.644731568
-6.50356123024255,-0.0689044922639779,0.0283749559080228,-0.00290604704091528,-0.00796824917892363,0.0106629641847359,0.0201866011277638,0.00972188262514826,0.0268071809993303,-0.0953149350210222,0.0234394160320822,0.286237090770574,1e-06,"E02000857","Sutton 018",525550.75741486,163607.283208731
-6.08576022295231,-0.118143804455358,0.0320234390901544,0.00513376537221666,-0.0658527737939872,0.00437711477954728,0.00756710433266296,0.0199514352536369,0.00913312608418206,-0.114182632902478,0.0226201333136573,0.326766888629274,0.00158273730997814,"E02000858","Sutton 019",530312.938307134,163572.117467899
-6.1218566672219,-0.0998936302109341,0.0307600954753846,0.00191610941934947,-0.0387170273558487,0.00644579605871797,0.012932088708258,0.0173802342147343,0.0151199510391047,-0.106988608221987,0.0227403578517042,0.296002436183946,0.00889188832306585,"E02000859","Sutton 020",528451.424290245,163237.271777525
-6.43933696269731,-0.0761326701442686,0.0289171696070096,-0.00183275116210988,-0.0135318899394393,0.00965027066051849,0.0187950885806532,0.011726927758188,0.024827606939278,-0.0983396627093751,0.0238715842437626,0.289868934632872,1e-06,"E02000860","Sutton 021",526178.063407445,163185.038744623
-6.36129073604704,-0.0824858462282646,0.0296300549192279,-0.000679928727956223,-0.0198808355235283,0.00865605958082836,0.0171236268783962,0.0138204053442724,0.0225184047447343,-0.100670264065846,0.0240331460448897,0.291853408745845,1e-06,"E02000861","Sutton 022",526857.097780007,162705.766105374
-6.11905205715474,-0.0930590926302515,0.0326687446568821,0.00230177243753874,-0.0386999907389181,0.00606432771315003,0.0129236058413165,0.0189405006284169,0.0147804813799188,-0.1025805979417,0.0225230671547885,0.287932623056083,0.0155875861383578,"E02000863","Sutton 024",528593.828704074,161586.631898787
-2.86148883137743,-0.0261119757219858,0.0196643636686725,0.0114969951717743,0.0455283162914741,0.0182178835093258,0.0167147227222138,0.00859378142819851,-0.0517215405436926,0.0340044931343824,-0.0248746028235089,-0.120560301171218,0.177782289330546,"E02000864","Tower Hamlets 001",536801.765497257,184035.86565295
-2.12974840485089,-0.112867573948623,0.010390430051948,-0.000621873808618968,0.0214806447665473,0.0150655870420832,0.00555355101918012,0.0119516183555335,-0.043146164887065,0.048721886494603,-0.0220587430253606,-0.0993844869234385,0.212092296437454,"E02000865","Tower Hamlets 002",535070.148424527,183239.159322518
-3.23552945649466,-0.0604684183828121,0.0172953954810126,0.00727142206966755,0.0453159242393988,0.0192408656799474,0.0122335589178668,0.0153717187893383,-0.058599375454753,0.0554828452468055,-0.0218419900164209,-0.0648866887594059,0.212336402444064,"E02000866","Tower Hamlets 003",536118.603077967,183271.365462734
-4.00856234809741,-0.026515078964414,0.0233274404312973,0.0153076077180893,0.0767120498204554,0.0193610043032262,0.0137617084805284,0.0155736632976356,-0.0588899818034175,0.047414600643296,-0.0215295986968296,-0.0443286999101292,0.177065782044133,"E02000867","Tower Hamlets 004",537217.034709593,183273.338175106
-1.61285004482804,-0.144189500451735,0.00718994638147537,-0.00579873206925452,0.0174381665068734,0.012214094355324,0.00252653619174801,0.00896679084213245,-0.0312671870156601,0.0406237018824479,-0.0221676841547563,-0.112978071274626,0.192310679488426,"E02000868","Tower Hamlets 005",534532.091827277,183042.974347218
-1.34757592638984,-0.176697939700982,0.00355279079914625,-0.012426554589314,0.0168282516199643,0.00824749485202935,0.00130423658999524,0.00547745325591124,-0.0170529787994484,0.0332793291662672,-0.0220886546024805,-0.0993442467628975,0.15774744874913,"E02000869","Tower Hamlets 006",533882.180931196,182816.805075868
-2.93016642256413,-0.095097488512176,0.0136484034880938,0.00219918308283796,0.0384194600927422,0.0180330082002441,0.00669225930001574,0.0160431675825901,-0.0533659627098407,0.056633245797275,-0.0200247434265073,-0.0582530670764966,0.219478770047131,"E02000870","Tower Hamlets 007",535460.375679255,182771.55922924
-5.07674006849823,-0.0244705508499959,0.0267299243825008,0.0195695941022341,0.105883814631037,0.0202443779601034,0.0118350209220877,0.020357652636438,-0.060168549872571,0.052294448394438,-0.0180204821643269,0.0248581339046961,0.160896136151273,"E02000871","Tower Hamlets 008",537882.235296635,182557.134884287
-1.60298079390756,-0.169586444610967,0.00488522212413828,-0.0101252487086202,0.0255116417543516,0.00951702091877184,6.55490881660508e-05,0.00845898828692649,-0.0198551228999104,0.0361749808859579,-0.0198059517228257,-0.0930927464774462,0.165639913956245,"E02000872","Tower Hamlets 009",534035.977448441,182398.718542441
-3.80931523409596,-0.0748527493400187,0.0171917613781195,0.00673863763174278,0.0533595915278949,0.0197654293437322,0.00742111115814945,0.020783043307432,-0.0641206162639182,0.0672702444391066,-0.0184390264411123,-0.00894026610464523,0.223000071543613,"E02000873","Tower Hamlets 010",535925.673467696,182504.803735411
-2.77193996305478,-0.111882479704818,0.0122136542266613,0.000440468050709197,0.0390530635176731,0.0166693268670817,0.00284069169289312,0.016683115026113,-0.0480100265187868,0.054678724502257,-0.0186966511564175,-0.0582070229345241,0.214950263955744,"E02000874","Tower Hamlets 011",535176.497445256,182440.85939832
-5.01345619505463,-0.037915829596526,0.0256278837678276,0.0167548070272323,0.0951946984301152,0.0211008529677382,0.0101935665750507,0.0235516244455292,-0.0664390459969825,0.0644041832890079,-0.0175012170587496,0.0313716387550033,0.187097775333457,"E02000875","Tower Hamlets 012",537318.815984416,182238.345431267
-2.33143609473345,-0.135005309617366,0.00968182103655025,-0.00268914048341932,0.0368110192830884,0.014046143816277,-0.000674398729510737,0.0150409263008922,-0.0371328908794237,0.0479330591012681,-0.0178922728246241,-0.0741071571425996,0.199639278811231,"E02000876","Tower Hamlets 013",534759.814770147,182194.908538499
-4.83843876882973,-0.0524463468543094,0.0232954407772246,0.0132694273398882,0.0819259142152486,0.0214502302369062,0.00804274335507534,0.0248096606389942,-0.0696583334284503,0.0705358441986095,-0.0169329612308336,0.0369436840885933,0.207984148573576,"E02000877","Tower Hamlets 014",536763.568600849,181980.329555016
-1.84523276939761,-0.169314070695184,0.00571597055589852,-0.00869248013515199,0.0353929083100181,0.00991655444453609,-0.000853044452737406,0.0116289497575971,-0.0206967924851078,0.0358646109251609,-0.016979404320686,-0.082797968911673,0.164366324135552,"E02000878","Tower Hamlets 015",533895.079981502,181772.540175824
-3.78582772404063,-0.0952601067202879,0.0159972134935357,0.0054671481975037,0.0571903788465467,0.0185004964164099,0.00100285062167985,0.0234033104291821,-0.0585113232268566,0.0656378082278528,-0.0152462234042829,0.00167787923603083,0.222331017523667,"E02000879","Tower Hamlets 016",535526.274829227,181628.678795339
-2.94897725122308,-0.121630796634101,0.0123541573816126,0.00104710159204815,0.0495917845684405,0.0156709387986617,-0.00180564248129464,0.0198644418011788,-0.044963470730511,0.0542054303149707,-0.0152768728719055,-0.0432675235120348,0.208227296319528,"E02000880","Tower Hamlets 017",534986.787514011,181619.672126119
-5.83203902478454,-0.0252916771734484,0.0281724652623604,0.021892716163419,0.110628530009026,0.0214099749940797,0.00994589788719483,0.0222862103135422,-0.0599932801669262,0.0586224761312561,-0.0151259436590485,0.084666356505624,0.15905889112292,"E02000881","Tower Hamlets 018",538282.093085874,181602.299897946
-4.71195703616377,-0.0695980358742703,0.0200518806112913,0.0106537465392467,0.0672969273928922,0.0205393280939945,0.00384801722605171,0.0270495562622242,-0.0693810710113462,0.0757924094222132,-0.0151273564562805,0.0532591376658518,0.224050438433482,"E02000882","Tower Hamlets 019",536109.538874059,181579.606991823
-5.76599647428292,-0.0324065114574311,0.0276607288136352,0.0206221799861558,0.102050759611382,0.0221117716375059,0.00884141642838563,0.0234182024403409,-0.062816406799167,0.0651226569864185,-0.0146550601266979,0.084472265765113,0.174905981545113,"E02000883","Tower Hamlets 020",537947.157227997,181268.107791443
-2.35019710045076,-0.14852749529596,0.00939789056923086,-0.00230435224020918,0.04633834050996,0.0119215312771663,-0.00368849179956871,0.0176983086155246,-0.0319545415043556,0.0419946867088993,-0.0142275880648323,-0.0703006841058998,0.184268794950038,"E02000884","Tower Hamlets 021",534263.351019503,181246.603280418
-3.5205370621897,-0.108027887003096,0.0149183309188657,0.00535606027995377,0.0576087246278364,0.0164143548797468,-0.0032587032720879,0.0240699767955397,-0.0514522164497384,0.0593147261040946,-0.0131760398389744,-0.0121080251124845,0.214457779955905,"E02000885","Tower Hamlets 022",535176.891869801,181091.092296544
-5.37193549401313,-0.0538350495176751,0.0236853788872779,0.0156127958012379,0.0781371417935098,0.0218998609255469,0.00472929123954089,0.0281094302719713,-0.0700975069361734,0.0772942161254653,-0.0138245034593333,0.0837872917376171,0.214174592372664,"E02000886","Tower Hamlets 023",536694.144750366,181036.290835029
-5.6414394241151,-0.0409776704561771,0.0264302268893778,0.0188864243006286,0.0910286290008378,0.0225247381131877,0.00702173414252198,0.0254859751039062,-0.0667867185801717,0.0721860909152926,-0.0141082026058054,0.0845530347249495,0.194104721731294,"E02000887","Tower Hamlets 024",537423.105483326,181016.80714904
-4.14698584512903,-0.0907992525483203,0.0176333941944242,0.00884240927416377,0.064157346316021,0.0183299065463969,-0.00184864296715828,0.0264947277096027,-0.0593072878103143,0.0668317351174409,-0.0127413591685972,0.0218713418425208,0.221627995727015,"E02000888","Tower Hamlets 025",535550.313322982,180886.257601441
-2.88189103288355,-0.129483623726813,0.0128253529532471,0.00351278912975408,0.0566367005785875,0.0135904137038002,-0.00527146118378754,0.0229170673972431,-0.0429617244816073,0.0462726616428415,-0.0116414120549417,-0.0524086797584862,0.199257259679273,"E02000889","Tower Hamlets 026",534473.749855697,180589.486016871
-2.8355669993122,-0.131931992665006,0.0127946988003806,0.00379094472400108,0.0575053900867411,0.0135433428044099,-0.00508734071327317,0.0233904212615129,-0.0436898073808542,0.044434307169342,-0.0111873672091535,-0.0571407796783718,0.198551699701706,"E02000890","Tower Hamlets 027",534344.14713449,180399.507465472
-5.60176312592506,-0.054766024320789,0.0229943704558351,0.0183829906271769,0.0796061815233925,0.0246648516387949,0.0020345329881544,0.00504980485161627,-0.0536907249031065,0.0635209299160688,-0.0130534626640668,0.110659200610981,0.176569182416921,"E02000893","Tower Hamlets 030",538312.680000644,178817.782974235
-5.12361572828765,-0.0650944415578892,0.0220796293872453,0.018060143621083,0.0718885505918476,0.0239505616695317,-0.000459975132954831,0.00834150698146379,-0.0570973966316822,0.0644233859631025,-0.0120225939037486,0.074304316908709,0.186626912574582,"E02000894","Tower Hamlets 031",537582.449927374,178670.784891026
-1.11666493309871,-0.111279911620692,0.0186536876354181,-0.0129769886430751,0.0209273368228727,0.00757007844356163,0.0135716857079539,-0.0104984990196535,-0.0211645872956011,-0.105802062605425,-0.0111096360980399,-0.152648895779393,0.0658437517228211,"E02000895","Waltham Forest 001",537872.578331195,194780.005338128
-1.47212679583158,-0.117824303509912,0.0135337138469772,-0.0117236103598787,0.0134945175396753,0.00752768947382456,0.0106066752238332,-0.0134927736409473,-0.0224189096559225,-0.103347547415403,-0.0106982009223388,-0.0862172623420195,0.0463312554308311,"E02000896","Waltham Forest 002",539198.58191395,194616.858400866
-1.11467814572224,-0.129534306525085,0.0126136068216568,-0.0104452682303524,0.00253447877670824,0.00823160503595792,0.00945253799558547,-0.0183581078527673,-0.0291596130013355,-0.107918015581735,-0.0130902479054723,-0.104758454371438,0.0395862828407337,"E02000897","Waltham Forest 003",539312.679575108,193053.749911181
-0.442636586537263,-0.129759439291024,0.0169988612218613,-0.0123189001210841,0.00822436157213716,0.00817783163354369,0.012371724204131,-0.015224429296496,-0.03143221697407,-0.11561022230097,-0.0136234184391712,-0.197610765621113,0.0654822915389347,"E02000898","Waltham Forest 004",538163.342516713,192946.57964298
-0.183850263701646,-0.124821479559705,0.0218046808296265,-0.0138834115171962,0.0164835202229048,0.00776792278644103,0.0139578175493385,-0.0121605119485529,-0.0322761224529119,-0.117921857758277,-0.0141070003620172,-0.246106334735574,0.084077195467354,"E02000899","Waltham Forest 005",537340.568145645,192931.976961498
0.132474380558107,-0.121668543150761,0.0256397851563016,-0.0138302478071401,0.0189240076620693,0.0074991741101883,0.0143583741056649,-0.011718233014537,-0.0381381925861634,-0.120822832624782,-0.0167052406634299,-0.289796718141628,0.100185635436831,"E02000900","Waltham Forest 006",536827.40062487,192132.118148854
-0.726069391234384,-0.131440672071837,0.0133791511024948,-0.00811773979109302,-0.00590744337080552,0.00877004435991732,0.00948913831507486,-0.0231904419073977,-0.0368842128404935,-0.112068414826544,-0.017417044325949,-0.141223460181392,0.0391718561281791,"E02000901","Waltham Forest 007",538949.014869252,191749.95381188
-0.0749104586966274,-0.127981451945426,0.0183461322572017,-0.00887207028977932,0.000467216889484909,0.00854735723281681,0.0122206550678691,-0.0209677639317889,-0.0437698296381571,-0.121130034579825,-0.0204356793627934,-0.233419596844204,0.0675926533552837,"E02000902","Waltham Forest 008",537870.821140362,191326.343200347
0.206135514511504,-0.109071648515748,0.032479315477729,-0.0123608432486074,0.0239121006372429,0.00646416004606435,0.0141107826908799,-0.012930578724408,-0.0501756426635615,-0.125526615169209,-0.022405399059527,-0.312909966182365,0.112202487739606,"E02000903","Waltham Forest 009",536336.419213624,190955.778401361
-0.528690460550125,-0.125195767669766,0.0136676445307008,-0.00440285139407811,-0.0145648444925523,0.00914337267913217,0.00916104616178446,-0.0273649166549163,-0.0435532461290701,-0.108767892718966,-0.0239567247228793,-0.161131277927764,0.0364039648389232,"E02000904","Waltham Forest 010",538780.351907135,190593.337408585
0.201920490820866,-0.117278694487193,0.0206779531780787,-0.00569617450021159,-0.00222822145029507,0.00832314818794324,0.0129799060149795,-0.0232335884838633,-0.0548169536963961,-0.118677917367835,-0.0289074200439895,-0.271225523956145,0.0761747560409042,"E02000905","Waltham Forest 011",537364.725666631,190196.731495067
0.337465222757574,-0.10538566041932,0.0255483169228547,-0.00614516292654089,0.00623690525835497,0.00740070831772217,0.0139480954907724,-0.0200406556213407,-0.0610212089130978,-0.117613620363011,-0.0324170429225538,-0.304911132072907,0.0952335237578548,"E02000906","Waltham Forest 012",536715.438773793,189820.096272403
-0.128062633862126,-0.121051743630251,0.0148868678111309,-0.0021122347564949,-0.0206628186388081,0.00928727502399145,0.0101586640723252,-0.0292922576171229,-0.0510683699472776,-0.105777539265633,-0.0318131721185045,-0.206489942482393,0.0400987218951419,"E02000907","Waltham Forest 013",538315.562223892,189619.986995933
-0.126989367811084,-0.0701247683557053,0.0370021922162334,-0.00889891618535302,0.0309489591049274,0.00647455414101197,0.0135438149079165,-0.00867917659794386,-0.0605963201366184,-0.0932672735796566,-0.0328359669611995,-0.309171063444187,0.131997990136974,"E02000908","Waltham Forest 014",535581.893592601,189603.655063555
-0.390874493645411,-0.119487289400417,0.0129749790854577,-0.00128389569056645,-0.0263191699812599,0.00930589527814019,0.00849868489617205,-0.0306176860020938,-0.0473565464550198,-0.100999362755974,-0.0320495584832432,-0.167371341953828,0.0276679737648639,"E02000909","Waltham Forest 015",538766.05167708,189298.264173449
0.419182601305423,-0.114225723329478,0.0180762965567151,-0.00153314729556162,-0.0198400952488933,0.00903978575625318,0.0129236170577553,-0.026798818020907,-0.0588604992125745,-0.10073755419374,-0.039648099527186,-0.28023793775722,0.0635062479387392,"E02000910","Waltham Forest 016",537425.347887274,188906.343250677
0.534515984742435,-0.101014054694131,0.0231702352736599,-0.00322737232511845,-0.00645964828298714,0.00812939442166031,0.0143484336058226,-0.0209202201718367,-0.0639876717027714,-0.0952759143281919,-0.0416433158279917,-0.317745482427759,0.0918263184435182,"E02000911","Waltham Forest 017",536625.117627397,188860.188150899
0.47582498378292,-0.0751379502557373,0.0249062578737539,-0.00435060445807825,-0.000731177745406081,0.00884399069691991,0.014908200824068,-0.00880583634793869,-0.0594262670844792,-0.0539898358206411,-0.0452785919033483,-0.339559984843159,0.135832977263953,"E02000912","Waltham Forest 018",535685.081707018,188174.107920574
-0.257094844099733,-0.105426428640074,0.0133253256817548,0.00179246212431661,-0.0308214798131723,0.00989354597667552,0.00927943711677419,-0.0290338975230621,-0.0448650417080164,-0.0886894995725771,-0.0374795387476198,-0.194978626160287,0.0352427470995691,"E02000913","Waltham Forest 019",538611.054508763,188188.194051914
0.33105309675831,-0.105305084705866,0.0153787551705717,0.00096079667813513,-0.0299582901150638,0.0103138028426818,0.0127032077918979,-0.0259313399299262,-0.0513467211044059,-0.0829936204956555,-0.0418543438984257,-0.270857012190949,0.0587925477223972,"E02000914","Waltham Forest 020",537759.859026064,188009.935776596
-0.900771431013855,-0.0980860102797946,0.0122097766971075,0.00297180407415619,-0.0284492062748223,0.00945734561980854,0.00689480725655525,-0.0293518356534777,-0.0401129695241021,-0.0871295948597667,-0.0339598744463597,-0.124524983084111,0.0236867555019202,"E02000915","Waltham Forest 021",539280.213471403,188158.263678788
0.358296647823483,-0.0732869973366033,0.0177418323966021,-0.00106532104986537,-0.0193299442156894,0.0114407279771574,0.01744442807891,-0.0102850985418539,-0.0533382692537384,-0.0362729361106245,-0.0444217737301621,-0.319682201070449,0.130127113318382,"E02000916","Waltham Forest 022",536276.630224818,187235.11810211
-0.267724096241647,-0.0718762366262286,0.0141910514083362,0.00527334213684746,-0.0172475535422261,0.0121238030102461,0.0128036421830875,-0.0247383793322139,-0.0426866238794949,-0.0757454807074575,-0.0414118621007651,-0.240198361581754,1e-06,"E02000917","Waltham Forest 023",538090.593389153,187168.273739525
-1.64177232526707,-0.0677323455421307,0.0130376417884892,0.00830913034182832,-0.0121583947564425,0.01035083257197,0.00727920268787401,-0.0257325104181174,-0.0379179823559766,-0.0758779712903274,-0.0333394602632528,-0.0861526994916652,1e-06,"E02000918","Waltham Forest 024",539536.180484895,187150.673090244
-0.976456231472972,-0.0548274362852779,0.0147737320228659,0.00914007827511371,-0.00810482123079989,0.0125588970105196,0.0120060715252267,-0.0216160609277059,-0.0389088884490876,-0.0679777057651826,-0.0372912141752594,-0.190571107073595,1e-06,"E02000919","Waltham Forest 025",538476.846585683,186696.983012213
-0.814460914774861,-0.0340006606083945,0.0160965763734005,0.00902577319702571,0.00209254252467364,0.0143955634406409,0.0165655158570732,-0.0159316118945417,-0.0381764626359295,-0.0544122682138456,-0.0389420647846297,-0.244183408765329,1e-06,"E02000920","Waltham Forest 026",537640.142884669,186317.602689528
-1.77951190374681,-0.0406438012346612,0.0157642245160465,0.0130023151690535,0.00667701675173792,0.012850410129019,0.0111947256007444,-0.0178961363727789,-0.0363045890812477,-0.0604522069634963,-0.0336385039935958,-0.133758676080155,1e-06,"E02000921","Waltham Forest 027",538885.521099878,186164.51729863
-2.52584721319027,-0.0413773587376652,0.0156533826667306,0.0148010192511122,0.0157404264734879,0.0118730289311806,0.00861292300131523,-0.0176508248202066,-0.0350337702860572,-0.0607298701550331,-0.0307091012455673,-0.054945331889499,1e-06,"E02000922","Waltham Forest 028",539591.731862418,186023.295631527
-3.58150148445018,-0.0992090471054849,0.0285800730743765,0.0302460188987208,0.0282037333239683,0.00535909147366765,0.0151877538237181,0.000965400601248192,-0.0362838514913347,0.0029747890356501,-0.0100309612628053,-0.0231397011640489,0.523093616710949,"E02000923","Wandsworth 001",527790.041433007,177060.190960286
-4.08982929026018,-0.100056370872769,0.0280395673967699,0.0308706607518875,0.0214744418179667,0.00130677931035646,0.0132419137456076,-0.00169339798429743,-0.0285859779382332,-0.00132040817100413,-0.00819989028501963,0.045750267236159,0.51108468117753,"E02000925","Wandsworth 003",527711.115492102,176525.087237255
-5.25274751032203,-0.0438939053588072,0.0305989786547501,0.0395058331501722,0.0216132329770586,-0.00126970897731344,0.01311092250771,-0.011815539350889,-0.0245161679646818,-0.00629520156721417,-0.0106275418471904,0.134161176220508,0.568055122115838,"E02000926","Wandsworth 004",526835.063918881,176249.314266672
-3.88761809813121,-0.146123670325052,0.0215115569516757,0.0234042039393218,0.00964293064563285,0.000263947170946411,0.0105086388871064,0.00401106162254396,-0.0236065740475183,-0.00333157267817829,-0.00327473558578572,0.0751924304050351,0.425440462608546,"E02000927","Wandsworth 005",528319.117945372,175940.035467841
-4.19345580228184,0.00632607180143395,0.0278457998033819,-0.00276935436758273,0.0525072907538536,0.0306974344379276,0.0419977945191402,-0.0278775239147916,-0.0249922305613007,-0.00875153415554484,-0.00476224026485885,-0.0754048010000111,1e-06,"E02000928","Wandsworth 006",523375.70379607,175759.313914999
-5.80093026530885,-0.0518322892860584,0.0291184134540545,0.0403636729069842,0.00631336045783287,-0.00525692412057791,0.0113520671727153,-0.0130480826190045,-0.0170327099263104,-0.00718655413209196,-0.00639868664297368,0.213144049843201,0.521579765778902,"E02000929","Wandsworth 007",526736.489764444,175664.465991091
-5.01412140693826,-0.099521198532358,0.0279647381409524,0.0331105743621835,0.00474152842459025,-0.00448491548203542,0.0111958549377097,-0.00505887931440098,-0.0190812299740561,-0.00554928620424617,-0.00440991663502325,0.163640986995785,0.468121240877833,"E02000930","Wandsworth 008",527533.246548786,175731.818798254
-5.07384523515301,-0.144558772270866,0.022438874066346,0.0250851373202992,-0.0102204710482466,-0.00426659476972046,0.00859677025387881,-0.000105112279919655,-0.0166074495734424,-0.0107875686498623,-0.00125657020761606,0.222526766339519,0.360645796236008,"E02000931","Wandsworth 009",528164.10124717,175099.318933061
-3.96359225192622,-0.0217464195084761,0.0247695659962818,0.0314239805330651,0.0195494515509425,0.00558250383594441,0.0239332925230054,-0.0297938602215864,-0.0287622971060279,0.00343321192627609,-0.00369610744768569,-0.0159306836321829,1e-06,"E02000932","Wandsworth 010",524950.880920375,175114.515431044
-4.64226741210033,0.0031251056752991,0.0182194817687092,-0.00469575742265711,0.0380686693882474,0.0304594958472861,0.0396017834784996,-0.0219807735271871,-0.0142354230668391,-0.0226000212307183,-0.00270240312350539,-0.00876011420202931,1e-06,"E02000933","Wandsworth 011",523029.475772516,175044.151097436
-6.25814854590333,-0.06228697205114,0.0267486755426963,0.0388590194707773,-0.00821466374364317,-0.00717250569544472,0.00997549932203428,-0.0140169598389623,-0.0126434053045635,-0.00865170805543268,-0.00358739549777931,0.285218679463597,0.459329930209051,"E02000934","Wandsworth 012",526610.344416673,175102.206727266
-2.38788406932635,-0.0968292624772312,0.00708081438653072,-0.0403922740707071,0.0307238586700267,0.0158906439159853,0.0251172746740601,-0.0213719727318473,-0.0243186811191388,-0.089299898742757,-0.0073587978926994,-0.0581507584216281,0.649160163097172,"E02000935","Wandsworth 013",521670.000220281,174688.302416669
-5.52743871746638,0.0108845589152767,0.0124531152749867,0.0260849662784633,-0.00452931174296846,0.0120971078668013,0.0188456834951575,-0.0184076865047714,-0.00436212986711315,-0.0265752430351369,-8.6347987126779e-05,0.135581570611843,0.531862450120453,"E02000936","Wandsworth 014",524048.773110464,174493.250100112
-6.9816908954768,-0.122603054079013,0.0259551392615283,0.0306690543350207,-0.0400513356351057,-0.00841508316462541,0.00910743769681471,-0.00769506833877551,-0.00824373984485954,-0.0159938177192048,0.000646653589935506,0.427421535326145,0.291273206603197,"E02000937","Wandsworth 015",527353.815318528,174216.674363071
-4.10001869237177,-0.0413830340039506,0.0161446019839422,-0.00888508966545955,-0.00165527618632634,0.0161862567287397,0.0231598959560601,-0.017700165221656,-0.00501812127251305,-0.0680512762433562,0.0013482818167173,0.0390898318434736,0.529172423930321,"E02000938","Wandsworth 016",522902.580256046,174116.307085059
-6.42615455540501,-0.151552297160911,0.0225310299871928,0.0235916425682351,-0.0286190319584143,-0.00597585755294945,0.00802832662076059,-0.0017748805246457,-0.011100803906154,-0.0227359210103108,0.00025925825575148,0.388806953578022,0.266758575824238,"E02000939","Wandsworth 017",528144.757235831,174253.137303244
-7.18476515617468,-0.0483077079890622,0.0232357106185417,0.0372752776957493,-0.0434752272999057,-0.00360398004706146,0.0120959840262951,-0.0162962293322936,-0.00259541668974321,-0.010597360403864,0.000813097760456286,0.385311082022434,0.368822408151908,"E02000940","Wandsworth 018",525609.332084291,174183.022594718
-7.37605390677629,-0.084944446166689,0.0260489776623167,0.0361695480968767,-0.0483346893295062,-0.00789602655501084,0.0102175383568139,-0.0142162323723421,-0.00446278734134575,-0.0110960495155527,0.00095863794219848,0.441368675808916,0.325228128092082,"E02000941","Wandsworth 019",526382.98452076,174166.978322693
-6.77248686185844,-0.0245998132683471,0.0215083584077736,0.0318316699524257,-0.0463271327651045,0.00291764350638334,0.0171365933876452,-0.0158076469774894,0.00346479985373941,-0.0220890813222755,0.00227945660197799,0.312888381373984,0.369270608617893,"E02000942","Wandsworth 020",524781.083317253,173899.322947773
-7.4750004347049,-0.167886426694064,0.0210956685596971,0.0187559520623313,-0.0340240917820765,-0.00482990160155452,0.0083253158742189,-0.000347367691345006,-0.00890200778339696,-0.0388934572317948,0.000681408855473347,0.520295228509299,0.194275025089622,"E02000943","Wandsworth 021",528436.055151694,173769.853610673
-5.87695181886023,-0.0226710682813833,0.0216162411689328,0.0206949675753244,-0.0408291437800902,0.00724024377893264,0.0210256655402064,-0.0149683556406938,0.00673727686380318,-0.0418779862203383,0.00385291698130842,0.210330207438704,0.384055834590895,"E02000944","Wandsworth 022",524094.970738745,173680.686121349
-3.77947920868281,-0.0952525366456894,0.0247465451984986,-0.0298752569013018,-0.0332392568387757,0.0106152844840763,0.0229453192310071,-0.0145077907770111,0.00461263912030524,-0.0773264195535417,0.00546475239045764,0.0704604528934903,0.324571694945986,"E02000945","Wandsworth 023",522542.243719637,172939.249451993
-9.2195469810791,-0.111649805332491,0.0264232216083184,0.0284388380648935,-0.0716791635140783,-0.00549605053069357,0.0136909641892589,-0.0120376638202308,0.00364499626678011,-0.0347747238536869,0.00191180042994991,0.665376644204854,0.17733965373587,"E02000946","Wandsworth 024",526454.245404055,173290.855715004
-8.29394118813654,-0.0629586630864358,0.0279134766574104,0.0287836811331637,-0.0720113943430406,-0.000802105844302598,0.0189807873005039,-0.0136712767867676,0.0108179153349531,-0.0361150237215265,0.00334793153028159,0.512577607669994,0.22188805879732,"E02000947","Wandsworth 025",525315.714819325,173289.170624664
-11.1948144583917,-0.168183966899649,0.0171781296831159,0.0099267184452463,-0.0240011880193108,5.59040403530161e-05,0.0112842748615982,-0.000133467992203977,-0.00649581013533685,-0.0720906658944945,-0.00246006972443012,0.922597201906214,0.0231588581023658,"E02000948","Wandsworth 026",529060.578114261,172610.378191335
-9.98763230125276,-0.1484689293264,0.0230016762807975,0.0204337855642324,-0.0584670464294065,-0.00460963374242222,0.0125525756200289,-0.00713925143956998,-0.000541385104733038,-0.051230427432622,-0.000203986578132125,0.781149453948178,0.11493770046908,"E02000949","Wandsworth 027",527457.815453183,172936.78491922
-6.41880093073984,-0.0525529215621364,0.0307980245942159,0.0130092445322998,-0.0667344451828118,0.00441137081318295,0.0256059196035873,-0.0105894385053078,0.0175275196988018,-0.0632698660789597,0.0051527627783253,0.292549434096976,0.241417216686466,"E02000950","Wandsworth 028",524165.953009595,172883.157591392
-10.9677196518095,-0.160053669676145,0.0203202913313195,0.0149851042361526,-0.0448020607094528,-0.00236511022365131,0.0128886040361181,-0.00471594143811867,-0.00242944989608961,-0.0628021283986079,-0.00182827336791829,0.894023555536139,0.0579851074817501,"E02000951","Wandsworth 029",528086.553170977,172616.729362014
-11.6171194491509,-0.165589381383438,0.0182467908876924,0.0120154750713169,-0.0349226789497213,-0.000855682020712664,0.0128732474669585,-0.00381030159836245,-0.00414087570425839,-0.0725869263193334,-0.00305523200657664,0.968237190800391,0.0104121073153056,"E02000952","Wandsworth 030",528533.869047241,172414.450908417
-10.712335766128,-0.111987449093062,0.02749000638697,0.0178178287558096,-0.0606778845795924,-0.00267504506190202,0.0208272471968522,-0.0115945108872307,0.0138669207903198,-0.0695233093583952,-0.000241389764225874,0.817867112845,0.0799353235009014,"E02000953","Wandsworth 031",526319.843336314,172314.100480626
-11.86058221267,-0.160554249056213,0.0198075381067761,0.0124606364851783,-0.0411433296619589,-0.00170286511045084,0.0154272506077309,-0.0081841550538772,0.00191487172522649,-0.0819243333504633,-0.00450865761118817,0.992332835643729,1e-06,"E02000954","Wandsworth 032",527871.978912197,171979.484119972
-11.6056900013736,-0.151578130701106,0.0209236801935084,0.0121041421944083,-0.0398192256756947,-0.00177307014420779,0.0171275155601681,-0.00918934419399263,0.00555829596434917,-0.0856713174814054,-0.00429716893612649,0.95547108859567,0.000708806370227953,"E02000955","Wandsworth 033",527530.061197079,171796.377252926
-11.1300595975262,-0.130053632994413,0.0240223721414442,0.00945440737753725,-0.0291506440772055,-0.00187177171699535,0.0215834994325234,-0.0109452209470015,0.0139230159701383,-0.0935028260767684,-0.00335544391239099,0.877672585718564,0.0149970225924889,"E02000956","Wandsworth 034",526821.802225112,171480.691319022
-11.1401452761259,-0.1552498331272,0.0194181587067359,0.00672926288468393,-0.0162611827200371,-0.00067123923623916,0.0172318286079423,-0.00936688014797191,0.00849060464478777,-0.102375147407046,-0.00447997390472726,0.906446405675331,1e-06,"E02000957","Wandsworth 035",527726.956548666,171092.754607897
-11.0634409671386,-0.177716240334116,0.0168163322134754,0.00564351502124557,-0.013052228554206,0.000434549452711412,0.0123080979481278,-0.00563591768961609,0.00158647951267542,-0.102918848085573,-0.00415568564087244,0.921206049488706,1e-06,"E02000958","Wandsworth 036",528788.982336377,171219.399022244
-10.5760013507903,-0.185434846175526,0.0163017685479069,0.00381214409278167,-0.00346666275211132,0.000959191993601887,0.0101595694160091,-0.00387690345540015,0.00120122888896698,-0.108821459165381,-0.00302806058706374,0.874829171723515,1e-06,"E02000959","Wandsworth 037",529258.053765356,170992.308063714
-2.36267852999836,-0.17900245356987,0.0160076726055976,-0.0402079545152322,0.0107589875353523,0.0195897102602766,0.014295820478532,-0.0152280350479336,-0.015691321088329,0.00265801483810215,-0.0326160565128774,0.0192244271728581,0.0430387773476386,"E02000960","Westminster 001",527370.678981384,183386.743348355
-2.40383364961265,-0.150793552509752,0.027309595470875,-0.0284769379725143,0.00782479478814313,0.0225242798180646,0.0178996077626777,-0.0285360870118108,-0.0193349209478221,0.00296414152178485,-0.0339998819574883,-0.0266981285085468,0.119594801501514,"E02000961","Westminster 002",526063.880018864,183245.327727674
-2.25020575386126,-0.161226742724885,0.0242782285414491,-0.0295428596478919,0.0101936808724653,0.0227033617895665,0.0180397892612717,-0.0219396670621673,-0.0189190788387117,0.00427390061444641,-0.0362148280658293,-0.0380359816845295,0.109778703615361,"E02000962","Westminster 003",526798.351656741,182761.796197689
-0.951518379178159,-0.185255424592709,0.0132187086736271,-0.04038022521741,0.0277079947389219,0.0210168157132903,0.021628439185669,-0.0388974460011838,-0.0205102633147526,0.00361614112516275,-0.0223554803641804,-0.155705688706764,1e-06,"E02000963","Westminster 004",524308.002395089,182648.119959732
-2.07262005525152,-0.130794647837406,0.0302894566866984,-0.023151411450128,0.0168457196553932,0.0274856297366636,0.0243164135486547,-0.0388820894845497,-0.0228244209113799,0.00483978510894001,-0.0353213692478656,-0.113654671912161,0.236386518835967,"E02000964","Westminster 005",524873.895902588,182523.786046084
-2.3439253160124,-0.134974879772716,0.0354145269052532,-0.0228180460765516,0.0108792106863881,0.026813521425623,0.0233061362974291,-0.0373057292668639,-0.0220097157242091,0.00442088560402289,-0.0355342573662897,-0.0810095231184182,0.196509191947769,"E02000965","Westminster 006",525551.155171536,182464.259583292
-2.35852968045349,-0.138580348073848,0.0344174673756504,-0.0217295669502092,0.0108139386876221,0.0259519418695876,0.0225805517319111,-0.0324471202634247,-0.0216256097572332,0.00507533524382905,-0.0371458783756526,-0.0755573883721159,0.178718603787701,"E02000966","Westminster 007",526150.089904123,182252.240438149
-1.90149050769422,-0.187569867709803,0.0141761794371864,-0.0365642755850549,0.0147020631101173,0.0211744637677022,0.0158284862081302,-0.0105822773095827,-0.0177837827243233,0.00670827695670747,-0.0314725600838861,-0.0421103704136037,0.0680244691540001,"E02000967","Westminster 008",527883.155683204,182546.475348918
-2.20445501594051,-0.148763617126043,0.0269873336629693,-0.0207369743922216,0.0133202149329672,0.0236589070787383,0.0198211502597897,-0.0202551007138146,-0.0221912393080439,0.00603941884053103,-0.0395892003841879,-0.0730820277531028,0.156804081375138,"E02000968","Westminster 009",526964.219053125,182063.405542461
-2.63780715761455,-0.112966169789037,0.0431028864417422,-0.0173377676939119,0.013863752463049,0.0291886239053178,0.027490268848275,-0.0416275858092699,-0.0235344962716822,0.00450486262344101,-0.0354885888555275,-0.0936071105855087,0.2392969827356,"E02000969","Westminster 010",525457.949846061,181815.726308678
-1.49185761511162,-0.172056471895487,0.0141080632602918,-0.0139206408098534,0.0210546145022207,0.0214938568449595,0.0161983620297483,-0.00212356900060462,-0.0312990615917215,0.0123879823199801,-0.0316224386850274,-0.131400848694273,0.148137933265455,"E02000970","Westminster 011",528366.269372988,181393.746487416
-2.03027816441913,-0.146713761018122,0.0222286825803168,-0.0118161488637116,0.0177833663617528,0.0221101938837148,0.0180486471956509,-0.0095959500093771,-0.0287812205606421,0.00835084293928159,-0.0400875332000932,-0.0975341985376013,0.180368441745116,"E02000971","Westminster 012",527625.545529365,181524.758599455
-0.904978359903633,-0.202461173577708,0.00720806104487745,-0.0176479933504646,0.026185829319786,0.0208486524185935,0.0150097626715598,0.00367379736590237,-0.0278792463652368,0.0176599987678715,-0.0214467125307597,-0.173485279584331,0.11555731243259,"E02000972","Westminster 013",529180.596623707,181227.771463664
-2.99243325943847,-0.0917545747429613,0.0479335251058374,-0.0114587809913979,0.016401385155083,0.0296357675043675,0.0297162531899206,-0.0419170619279489,-0.0254154495478789,0.00371266275042137,-0.0346211166483688,-0.0878628623401112,0.271738102504972,"E02000973","Westminster 014",525452.923636288,181365.681109662
-2.53258066039002,-0.114292541456367,0.032042968299238,-0.00317062043079198,0.0185291569180738,0.0226523095697252,0.0214433064477726,-0.0177481098700995,-0.0302779420751701,0.00668482773205611,-0.043295283921277,-0.0892465100556566,0.24040348792724,"E02000974","Westminster 015",527027.195014512,181253.574154764
-2.93831143370642,-0.091248677704214,0.0417877954929483,-0.0011546078830912,0.017840657623838,0.0246659831025411,0.0254691909804918,-0.0309292689468999,-0.0294155145166468,0.00528484113643077,-0.0421967925292673,-0.0808728544260492,0.269971694464206,"E02000975","Westminster 016",526394.63516271,181127.948103737
-3.29654168541714,-0.0734113967430967,0.0481078639315942,-0.000988079591786683,0.0189493195201842,0.0267818134984972,0.0290343092913901,-0.0366220271284009,-0.0296045084027125,0.00352590024278509,-0.0366742092312158,-0.0723575685067674,0.299886643521605,"E02000976","Westminster 017",525856.369317783,180960.095629965
-0.555654903875105,-0.209101890324973,0.00795334203899067,-0.007568899913796,0.0347214217190375,0.0216140487358466,0.0141096923484215,0.0155045572498295,-0.0460601468539155,0.0231867711933359,-0.0149451159687837,-0.239425775317399,0.169751655687717,"E02000977","Westminster 018",529629.630166646,180418.066833469
-3.22201939968274,-0.0678644519507214,0.0369101438820334,0.022145053785489,0.0298466779185371,0.0173354151291651,0.0220021497248532,-0.0113841589090969,-0.0533722639511075,0.00759960928466496,-0.039104309335593,-0.0795574895700912,0.379195907081525,"E02000978","Westminster 019",527333.13591258,179978.215315835
-0.326412943047064,-0.211566137324542,0.0106249924392502,0.000561707973822134,0.0418340766026379,0.0239093318775615,0.0142848421419,0.0271887935646522,-0.0628250320645539,0.0285268384671648,-0.00703039587316588,-0.302007972913153,0.246258938436622,"E02000979","Westminster 020",529583.590122293,179418.029276444
-0.635286383260465,-0.211603194527914,0.0102788203822708,0.00179299254084696,0.0430954986063184,0.0218797613087087,0.012231888253886,0.0323622337004098,-0.0548860747603879,0.0273531766927935,-0.00120044447164226,-0.275641235731368,0.287388689098053,"E02000980","Westminster 021",529849.364461891,178670.139069717
-1.01825528482698,-0.183597535053779,0.0142316645446584,0.00876550243749206,0.0416226945480103,0.0197825214061294,0.0157202289266887,0.0243553739559718,-0.0575878435139519,0.0223673465105976,-0.00508691229986815,-0.254973906196226,0.352624493199904,"E02000981","Westminster 022",529122.159004529,178488.732602683
-1.41928030605315,-0.15625031178886,0.0179408248487435,0.0148166267825437,0.0418919118392121,0.0180230121416635,0.0179238211914317,0.0176247018165712,-0.0599181221318173,0.0194181019971691,-0.00930148914898348,-0.232026081543195,0.398243158625986,"E02000982","Westminster 023",528658.052448281,178493.882893123
-0.960097871586715,-0.200727044418862,0.0114305965501913,0.0057610205661451,0.040437728548808,0.0193187406356981,0.0131009557412846,0.0291902181779464,-0.0508665890887173,0.0226634355949042,-0.0008458291206673,-0.246971343729893,0.34051924409371,"E02000983","Westminster 024",529508.668857668,178129.434375327
-6.30502844376846,-0.00820162118924712,0.0480375648504912,0.0212112976676813,-0.0231215641702521,-0.00745409608751226,0.0107405511906826,-0.00675405642515441,-0.0533624791126439,-0.0715276171595788,-0.0366485741701131,0.2946335242044,0.092663750455497,"E02006782","Bromley 040",540860.642418247,170949.738890624
-6.44585882639052,-0.030034739780454,0.038415437946451,0.0190392127591653,0.00725536901778628,-0.00391714233306111,0.00569807129000602,-0.00917076324399048,-0.0602979029453432,-0.0647004756572048,-0.0387324537571844,0.328288131393096,0.0734693468411568,"E02006783","Lewisham 037",539891.234990542,171785.629049521
-6.18570701997186,-0.0764681975618112,0.0344694545619889,0.0133040782509226,0.034367494820446,-0.00436429765364007,0.000183914608512296,-0.00469476528008819,-0.0605626686386879,-0.0794702241335214,-0.0292163345633443,0.342240031202582,0.0171049146924701,"E02006784","Lewisham 038",538860.620099159,171123.239009216
-6.13930058773041,0.0582466166672618,0.0378417514333414,0.0329408472713481,-0.0210017602751711,0.0163481736790552,0.0201928051208998,-0.000292973317714521,-0.0261279966065857,0.0350303377035698,-0.0136411100572288,0.100282030944021,0.279390527045882,"E02006785","Bexley 029",545903.460740443,176630.845401026
-5.93154945342393,0.0507918538278298,0.0346440387899824,0.0315465977330215,-0.025577204559841,0.0160584525583229,0.0149972824408678,-0.00274059344391268,-0.0263803468873034,0.0290048878080883,-0.0145271959420511,0.111136410988093,0.258025704331149,"E02006786","Greenwich 033",546040.773081253,177716.62092686
-5.79874016260033,-0.154894439804635,0.0268546294136515,0.000557170224682129,0.0321364845345836,0.00425927698384362,-0.00353652003832153,0.0127237854274847,-0.0107691382600455,-0.112441607960095,0.0140025596496166,0.326534924115163,1e-06,"E02006787","Bromley 041",536417.655877345,168510.839661421
-6.13181321457762,-0.168561470239601,0.0260566684606803,0.00050766803919628,0.00955492004532587,0.00427753180010154,-0.00320792656073267,0.0137345316217591,-0.00194189425146131,-0.118801387991217,0.0192771903272797,0.375803442963158,1e-06,"E02006788","Croydon 045",535195.883319228,167887.00266559
-8.80041840094671,-0.0253083117058708,0.0382167385632135,0.0120675002099182,-0.0428275237144287,0.000349630222908226,0.00770657026437554,0.0262673293833114,0.00729002885409704,-0.0923819817710675,0.020677101858477,0.55296118511477,1e-06,"E02006789","Bromley 042",542781.156446467,160023.581593816
-1.50789498858177,-0.137299042560315,-0.00177711530381665,-0.0473972795274891,0.0513194507357898,0.0201582582795221,0.0395609014934759,0.00813975052083088,-0.0180118663560063,-0.0332726164861218,0.00213662950412182,-0.156811088867157,1e-06,"E02006791","Ealing 040",520491.014330113,179151.380590675
-1.7535610835774,-0.128285756170682,-0.000861256644886111,-0.0430045366752806,0.049720304208211,0.0162642117919926,0.0370116884740075,0.010472901626458,-0.021331194659287,-0.053184840421496,0.00404660107692548,-0.123050036001276,1e-06,"E02006792","Hounslow 029",519999.222764534,178610.920967743
-1.98523475816088,-0.0505380962308094,0.0546769684854716,-0.0120482536830473,0.0413201369151836,0.0133741722990158,0.0137745183819316,0.0050257299248154,-0.0150887132726831,-0.0605040196940094,-0.0128310709727691,-0.199967037853435,1e-06,"E02006793","Enfield 037",533308.906350851,192110.320257156
-1.57297225434131,-0.0413940718651861,0.0556771381024493,-0.0133877324236424,0.048891150406271,0.0110174316294695,0.0127011646016889,0.00282953997950831,-0.026751711664433,-0.06410075724176,-0.0165133411253277,-0.237466310238,1e-06,"E02006794","Haringey 037",533814.612422684,191241.588318331
-2.44563679111452,-0.206459508271889,0.00530609870716545,-0.0239084219498627,-0.00942212626343927,-0.00242099949744977,-0.00110847811630228,0.0254488664275011,-0.0362935184967173,-0.0875205402300865,-0.00921900875545158,0.162732967366784,1e-06,"E02006795","Harrow 032",512621.84963751,187029.667974629
-2.86428940405878,-0.170983583008781,0.00621629694464061,-0.011336457626035,-0.00595704512492548,-0.0035878604193785,-0.0010081142094582,0.024835158980547,-0.0409432584717809,-0.0874269928895674,-0.00440989598623583,0.177797850748988,1e-06,"E02006796","Hillingdon 033",511142.019838187,185045.893120289
-5.0030387001774,-0.0996813722241285,0.0172936409276173,0.0162656255134376,0.0559053487812414,0.020110696800902,-0.00276261045729362,0.00427926222822444,-0.055980794505293,0.0510245756973342,-0.0111058982234849,0.117775465514488,0.172293313048487,"E02006798","Lewisham 039",536776.105042327,177337.332238927
-6.70122851231864,0.0224561757722611,0.024655607543081,0.0292313464382112,-0.042363392595267,-0.000652061612881518,-0.0107452833622539,0.00202259180542897,-0.0283241219634426,-0.0674103413626904,-0.0180538638861811,0.397898880776872,1e-06,"E02006799","Barking and Dagenham 023",547548.505972958,186808.861360041
-6.64763594319585,0.0160042466385397,0.023391972743659,0.0287681245454004,-0.0250595774626941,-0.000310979668177021,-0.0107349635419909,0.000829136755066581,-0.0319875215297277,-0.067277732263468,-0.0185162713971511,0.394385667369721,1e-06,"E02006800","Redbridge 034",546403.645925221,186862.129199086
-0.61544379963025,-0.219248561424981,0.00734272496780208,-0.00542868999099426,0.0437066847064477,0.0192836401776334,0.00761110317351287,0.0290338684734925,-0.0414950457627472,0.0304194658335461,-0.00502498272963357,-0.246403183612844,0.189432024791489,"E02006801","Lambeth 036",531003.592079835,179737.885935879
-1.00705626507557,-0.207676795066218,0.00827751306259698,-0.00253443916999852,0.0459709035681614,0.0179219316247517,0.00364449828970183,0.0318815329238861,-0.038392494417174,0.0318977293661927,-0.00311537005771715,-0.216145863274819,0.204110469790023,"E02006802","Southwark 034",531662.18315369,179382.395200031
-6.3976188679215,-0.0584976636248043,0.0289480191320215,-0.00280814500196736,-0.0146182823255737,0.0117166236798765,0.0207230126895113,0.0103436369004653,0.0281664191411022,-0.087573521509577,0.0232720497452955,0.26481489545024,1e-06,"E02006836","Sutton 025",524693.567372607,161932.836849332
-5.33978480545112,-0.0531978141922701,0.0238909440374659,0.0191799467058462,0.074280662857947,0.0235717600249575,0.00148618522982367,0.0159609231515586,-0.0604445298216439,0.0686613003257752,-0.0119281206666411,0.0776029258765997,0.194757431215993,"E02006853","Tower Hamlets 032",537406.603637998,179371.055705823
-5.62179772119096,-0.0444434555663206,0.0255799104075507,0.0194370088264877,0.0813825702561919,0.0230894957122799,0.00470161528428724,0.0221872032579368,-0.0639361665988129,0.0718997732375394,-0.0128208298762612,0.0901260292781586,0.196300718282142,"E02006854","Tower Hamlets 033",537416.207657147,180220.641135736
-3.65098722108918,-0.139693418255596,0.00600367725260872,-0.0219110154598215,0.0203839957980412,0.00415350350431971,-0.00397325428603084,0.00817239309578896,-0.0185740236653667,-0.0547767003626559,-0.00727067079800564,0.193220895882691,1e-06,"E02006882","Harrow 033",516913.262093985,189319.109105821
-1.0425764478426,-0.0688675323169304,0.0137864771435405,0.0027346490011733,-0.022143841828155,0.0157129142524087,0.0151041841756898,-0.00864809053023854,-0.0410106780354069,0.00790951223982641,-0.049485743140739,-0.18307016619637,1e-06,"E02006918","Hackney 028",535153.915216537,186787.939436089
-1.05985932732404,-0.0753376007142953,0.0145283579442337,0.00128274388800885,-0.0228232053523325,0.0160107190019207,0.0127968587579905,-0.00633979558807034,-0.0387098050250676,0.0141673649808302,-0.051088398265827,-0.176701711365158,1e-06,"E02006921","Hackney 029",534582.592671579,187045.35238983
-4.8511070377453,-0.0366229750183927,0.0156814966962303,0.0167952058222211,0.016657136044548,0.00381785822132112,-0.0052354313481483,-0.0126038162988819,-0.041709608946115,-0.0737119354406407,-0.0205474013729484,0.242344591686593,1e-06,"E02006924","Redbridge 035",542803.307595691,187767.642284259
-4.01883545073746,-0.0615396116543637,0.0129989494778853,0.00814707922147233,0.00495537070317088,0.00433752457555267,-0.00363666418615854,-0.0178143832750303,-0.0445963114976776,-0.084350037995349,-0.0194618209304965,0.193347300863058,1e-06,"E02006925","Redbridge 036",542273.797639913,189351.065128616
-7.55196184474282,0.00627278077882334,0.0256751260727317,0.0224481391602846,0.0492148994444251,0.0183445948556625,0.00872838206679525,-0.0132249302620038,-0.0355977647129601,0.0483670006170473,-0.0209228158559925,0.313206992681029,0.229611649110403,"E02006927","Greenwich 034",540690.76243836,175179.258560366
-5.14303839156151,-0.0890363220462963,0.0187477000784804,0.0164493815139336,0.0658504873772783,0.0231293778065948,-0.00307110074424259,-0.00125746974721185,-0.0552420518163683,0.0603753299661179,-0.0126690179315422,0.11428275775527,0.170526645946007,"E02006928","Greenwich 035",537702.353009456,177610.999394066
-6.89866490515988,-0.0339415850327142,0.0228223871148842,0.0203739903925604,0.0858936627668366,0.0248694671758116,0.00445716008763012,-0.00443996578246499,-0.0423730348383616,0.0595795102144568,-0.0134409542683402,0.232935572020898,0.168996079602476,"E02006930","Greenwich 037",539775.383069745,178275.199173359
-5.99030747997861,-0.0924337747623023,0.0177670284137897,0.0165710117016084,0.0670042282411491,0.0236934200684849,-0.0031115982662559,-0.00895958961367568,-0.0512066447015726,0.0607564486007997,-0.0142019872951452,0.210579943577172,0.156345165139384,"E02006931","Greenwich 038",538620.662756862,177151.178319436
-2.18642512559184,-0.15577820917579,0.0107407457923961,0.00130722557069207,0.052661662125172,0.0133613500152731,-0.00324912601337446,0.0243680997275628,-0.0390400712698273,0.0352105764843227,-0.00939235038403228,-0.105465380679428,0.192274365737029,"E02006941","Southwark 035",533491.878662998,180038.062119913
-2.30292907299299,-0.155353135786273,0.0111846349662188,0.00269254786310359,0.0549229476793657,0.0141112120639873,-0.00299824481093334,0.0268559542542071,-0.0418423038142018,0.0343391973309311,-0.00764482608615348,-0.101919419259343,0.201734908871698,"E02006942","Southwark 036",533412.46427827,179616.178159746
-4.05167213782037,-0.083215859221884,0.00666540530372284,-0.0118360866498362,0.0269707560412126,0.0121600356094278,-0.00953136739837541,-0.0221651396114261,-0.00709891706759532,0.00206651742996802,-0.00709142565296879,0.164695492790278,1e-06,"E02006953","Barnet 042",521756.232660488,189981.546178683
-3.84496030889818,-0.0920478873915669,0.00744541432652158,-0.0127793536705523,0.0272510625130612,0.0123755768818879,-0.00943319136492509,-0.0187281113182191,-0.00693773374068897,0.00188670422180441,-0.00519509898107438,0.141092509504267,1e-06,"E02006954","Barnet 043",521395.744853562,189532.123274409
-2.82985752210218,-0.13429803176858,0.00517988476177995,-0.0288165224357355,0.0133069405311821,0.0112940307464876,-0.00183673326800502,0.0266613778307694,-0.00927119176762287,-0.0298621708622797,0.0118368040040739,0.0630707259757732,1e-06,"E02006955","Brent 035",519145.962026962,185786.90334406
-3.09288737378068,-0.113664591722088,0.00622769541058297,-0.0268059276017861,0.0203767947503811,0.0136825516930472,-0.00216282666044804,0.0261528762524332,-0.0064211318490003,-0.0196147913546856,0.0147309084369757,0.0572009264639212,1e-06,"E02006956","Brent 036",519710.668886464,185402.413698468
-2.95438543713917,-0.11988694298505,0.00655962892870543,-0.0356159631254579,0.0128471207501129,0.00998035413468179,0.0101762563370529,0.0235705636682548,-0.020366875387344,-0.114547917148036,0.020777322347035,0.079459497964643,1e-06,"E02006968","Ealing 041",518535.558909046,181443.901979872
-3.04766382749033,-0.101983415815474,0.00787047815752662,-0.0272400124414228,0.0158989431838968,0.00553575987702854,0.0078471375838275,0.0223137957664855,-0.0245214531167204,-0.153712281428568,0.019205612494681,0.0875955433508158,1e-06,"E02006969","Ealing 042",518051.054431283,180703.212379316
-5.08363426803158,-0.0248791626278893,0.0113039021543631,0.0298255686761867,0.024293734572655,-0.00872149729550006,0.000653838650461855,0.0200688266901847,-0.059272033487051,-0.0621091828368159,-0.00397308281986168,0.279523778225455,0.198174995647167,"E02006970","Ealing 043",512250.975175774,179233.39572816
-5.15281731050552,-0.0196682789212381,0.0115694894567681,0.0351693592453233,0.0232156959052246,-0.00886239742054895,0.000304061005904516,0.019869988237391,-0.0616136109341988,-0.0564157794854093,-0.00515220468965099,0.28162162594275,0.191151236255108,"E02006971","Ealing 044",511530.200619734,179087.899230229
-2.81011165604078,-0.093592622902298,0.0066135740259305,-0.0241630875594572,0.0397828661304188,0.00652949316196493,0.0166189719797747,0.0178187491491874,-0.0276705526041091,-0.122719395843466,0.0112523483051515,0.0122462027753101,1e-06,"E02006972","Hounslow 030",518701.937949885,178684.411615005
-3.72348555758617,-0.0390737068804565,0.00885631980363656,-0.00499145470754594,0.0440076309461045,-0.00198497187757575,0.00926485242041405,0.0132026692053081,-0.0448564439165597,-0.14880319959237,-0.00464304596291019,0.115035174043504,0.462245926871021,"E02006973","Hounslow 031",517895.856101728,177869.198762372
-6.34886220231802,-0.140725903009585,0.0298325330068397,0.00515286290511976,-0.0592521972186058,0.00369556534624728,0.00189608485558692,0.0190882700997555,0.0064633966748899,-0.118372015855496,0.0231150648315818,0.384792129688566,1e-06,"E02006987","Croydon 046",532638.776551783,165512.535375282
-6.21616384646167,-0.131429647435655,0.0318084487093097,0.00608019774293536,-0.069417329781307,0.00339249162646583,0.00218848018648132,0.0210802655322189,0.00634909287722908,-0.115392289712734,0.0226524098207036,0.364208352952826,1e-06,"E02006988","Croydon 047",532627.662828236,164547.835532756
-6.41793077581319,0.0680911383503419,0.0312844785991625,0.0340501475241169,-0.0201916388634242,0.0188794211057498,0.0100705841574465,-0.00590809459656971,-0.029192571979956,0.0165982093462596,-0.0174241598849079,0.168673275047901,1e-06,"E02006991","Greenwich 039",543966.21456617,179141.902828682
-6.9225933503784,-0.0189053946170004,0.0276087100942669,0.0262076947002633,0.0737796901363229,0.0228214587602705,0.00856311169182696,0.00662234002866196,-0.0463452890440765,0.0560765338332074,-0.0151300028919468,0.208534723824369,1e-06,"E02006992","Greenwich 040",539425.139411225,179145.516391415
-7.32531549400881,0.00904465360433443,0.0284425874025481,0.0290424813209299,0.0672606770821783,0.0234938890416518,0.0114181765969613,1.87572497510684e-05,-0.0371082687161286,0.0520948123015201,-0.0146243111008859,0.229747603816003,1e-06,"E02006993","Greenwich 041",540385.63859716,178953.534992912
-7.03525779940013,0.072004903336972,0.0315547833829824,0.03496732226394,0.0275813476610767,0.0223778730984311,0.0136425044358858,-0.00625978103307435,-0.030328704361608,0.0347662352583677,-0.0162619038579321,0.180533907081394,1e-06,"E02006994","Greenwich 042",542233.9672257,178993.525427483
-2.76920190047824,-0.00732656367088173,0.0199271674101387,0.0186448050358341,0.0412058843035436,0.0163866492797077,0.0157912540342632,-0.00357597926983218,-0.0341253669429034,-0.0268712007071361,-0.0304536735551751,-0.121031030933403,1e-06,"E02006995","Newham 038",537917.070755759,184982.459535484
-3.23343505309917,-0.00665834962144581,0.0208193997367008,0.0205751081125599,0.0537499745596507,0.0158528905956107,0.0140722084890021,-0.00146423363722722,-0.0359167333306561,-0.0294133679554986,-0.028517981296458,-0.0824673278075517,1e-06,"E02006996","Newham 039",538497.973707661,184746.3503113
-4.64931408031331,-0.0101650018770543,0.0257259541336471,0.0244227314096966,0.090741322983821,0.0177059138541536,0.0132910390442778,0.0124744074975284,-0.0456977122121068,0.00612404343409358,-0.0232153072198519,0.000762539766403678,1e-06,"E02006997","Newham 040",538215.55191704,183512.20477774
-6.435170399322,0.0502730102119531,0.0292109836864718,0.032596937756412,-0.00206161037054597,0.0190518806332253,0.00940709578395703,-0.00405825263150911,-0.0309646775805562,0.0138742981648816,-0.0168556787136915,0.180753505239358,1e-06,"E02006998","Newham 041",542883.561550059,180245.653340163
-7.05688193920664,0.0209386825666954,0.0296867180771432,0.0322625231847732,0.0627615824588851,0.0208518715004206,0.0106680254891848,0.00403115751984986,-0.0373037259813847,0.0345201530939414,-0.0146180037002283,0.205119531652571,1e-06,"E02006999","Newham 042",540846.50402984,180141.65157339
-5.96071500761644,-0.154433717838997,0.0119694365263051,0.0124251280351391,0.0477702197807573,0.0190378062688443,-0.00388298229889751,-0.0131839343266886,-0.0531258720452916,0.051242083393772,-0.0150365452122758,0.285706779624288,0.114576903091561,"E02007008","Lewisham 040",538003.41345475,175900.487534233
-6.37850573641097,-0.171180638089184,0.0100395088322668,0.0111917977379767,0.0404663674881882,0.0167250331714672,-0.00337479471008727,-0.0158112823960444,-0.0538887380257041,0.0385438208407227,-0.0174720876871794,0.36002108233163,0.0641482023158137,"E02007009","Lewisham 041",538272.481738251,174993.897194018
-6.7336156652586,0.00765658390271351,0.0215007797471691,0.0263551253133053,-0.00471132191538609,-0.0015576843033116,-0.011253405639124,-0.000186390981497499,-0.0307559378751286,-0.0799075103361993,-0.0159719397302317,0.415324963612666,1e-06,"E02007017","Redbridge 037",547209.621587126,188714.593423384
-6.73960730602056,0.0140844394221507,0.0228322447285358,0.0278064200555974,-0.0198599323692192,-0.00129079864571673,-0.0111644643993775,0.000877795728382208,-0.029842914261614,-0.0751450927913225,-0.0168969045297855,0.410180324701885,1e-06,"E02007018","Redbridge 038",547311.57605941,187941.782332966
-6.18290528608404,-0.00383192887065575,0.0205868174980789,0.0260681429347073,0.00399588226375998,0.00198183629959499,-0.00870363745224092,-0.00339727588341979,-0.0373327705549932,-0.0640862935649409,-0.0200054133912217,0.347236288083604,1e-06,"E02007019","Redbridge 039",544346.962162576,186519.978600253
-6.26762378949687,0.000829244691849336,0.0214559397925443,0.0272051274376674,-0.00355018138775108,0.00238521589281668,-0.008512001750985,-0.00240888396369214,-0.0364677396525615,-0.0599021590403504,-0.0205617543447291,0.349204032964483,1e-06,"E02007020","Redbridge 040",544409.317925574,186061.014857306
-1.67424081625554,-0.186987829201473,0.0130491009385678,0.0108869066929351,0.0332977333001091,0.0134478395270023,0.0123226014616201,0.0217315061825849,-0.0408834234107725,0.0137029946091668,-0.00181835964359155,-0.165479925260846,0.389607026127782,"E02007083","Wandsworth 038",529189.209605018,177375.532542245
-2.54483458343975,-0.17709980313112,0.0151807594285411,0.0149686116857806,0.0235243585780669,0.00736648833050057,0.0105681239239271,0.0138164301934694,-0.0316907353134676,0.00439421580307005,-0.00271382233410609,-0.060165554545763,0.407862255031435,"E02007084","Wandsworth 039",528943.740975134,176636.763861614
-0.37994000104053,-0.161827174276787,0.00487608966139816,-0.00950963189420464,-0.021406352740057,0.00800500621381183,0.00714082254734951,0.00262426974945239,-0.019518713365442,0.0246213352224062,-0.0335157916137198,-0.179583409829097,0.156269675980683,"E02007108","Hackney 030",533489.026967412,184760.666751074
-0.572236511853196,-0.171796285687497,0.00362532278938376,-0.0117139617349136,-0.0127113563142353,0.00738773269979141,0.00582035676066627,0.00196704912303109,-0.0174879423532781,0.0261224454346718,-0.0307336026834275,-0.155277435269587,0.151115493463507,"E02007109","Hackney 031",533483.858319839,184306.034956007
-1.4458677748559,-0.20147386242419,-7.04381760129586e-05,-0.0224580075745828,0.0182832735116949,0.00519845171148506,0.00434402592561988,-1.73751409477115e-05,-0.00224395307249313,0.0252987523267437,-0.024329785716554,-0.0511510499274969,0.105104991443051,"E02007110","Hackney 032",532932.42663868,182900.197208887
-1.46049250394853,-0.194030858559822,0.00137374724643206,-0.0181545161368669,0.0217305185371966,0.00635612875391859,0.00258823160173502,0.00322271704928231,-0.00713176027137776,0.0283453455732828,-0.0219051381497278,-0.0684034341981937,0.126645277382463,"E02007111","Hackney 033",533316.311079251,182586.568230349
-6.47554475333457,-0.0128169159828518,0.0301960308102702,0.0270779339897331,0.0960737647288764,0.0201150392190202,0.0105699739330821,0.0210683473586261,-0.0538589491908009,0.0469716958251841,-0.0162595692811018,0.144128779192632,1e-06,"E02007112","Tower Hamlets 034",538973.160875022,180908.735208383
-5.95610409002124,-0.0316414383847392,0.0269917297319855,0.0210832510149602,0.0952286501023242,0.023032896869107,0.00749337338699665,0.0180568232575176,-0.0585953872527118,0.0647308300616087,-0.0136548783952903,0.107794501361834,0.171844215833084,"E02007113","Tower Hamlets 035",538263.070527507,180486.974742482
-5.6163222091107,-0.045483897992514,0.0248365831590742,0.0193612735516711,0.0814297712021521,0.0239865162444105,0.00427085826010905,0.0119227270561993,-0.05625124012025,0.0652317289354809,-0.0130012032748212,0.0957746404552441,0.181502492840719,"E02007114","Tower Hamlets 036",538076.976649236,179498.497462725
-1.44580806815595,-0.22061939151927,-0.00191004524413043,-0.0395145658770165,0.0229785857103449,0.0111890285725271,0.011291557944853,-0.00395055496581522,0.0109867672216332,0.0157548321415702,-0.0251062154894291,-0.0377596208532621,0.0432598738433715,"E02007115","Camden 029",530405.673682391,182562.10740517
