MSOA21CD,MSOA21NM,age_0_4,age_5_14,age_15_19,age_20_24,age_25_44,age_45_64,age_65plus,total_population,age_0_4_pct,age_5_14_pct,age_15_19_pct,age_20_24_pct,age_25_44_pct,age_45_64_pct,age_65plus_pct
E02000001,City of London 001,214.0,334.0,217.0,965.0,3484.0,2161.0,1204.0,8579.0,2.49,3.89,2.53,11.25,40.61,25.19,14.03
E02000002,Barking and Dagenham 001,654.0,1521.0,617.0,410.0,2425.0,1730.0,924.0,8281.0,7.9,18.37,7.45,4.95,29.28,20.89,11.16
E02000003,Barking and Dagenham 002,951.0,1606.0,714.0,738.0,3659.0,2604.0,1276.0,11548.0,8.24,13.91,6.18,6.39,31.69,22.55,11.05
E02000004,Barking and Dagenham 003,394.0,847.0,392.0,423.0,1919.0,1666.0,1000.0,6641.0,5.93,12.75,5.9,6.37,28.9,25.09,15.06
E02000005,Barking and Dagenham 004,976.0,1958.0,734.0,621.0,3504.0,2407.0,886.0,11086.0,8.8,17.66,6.62,5.6,31.61,21.71,7.99
E02000007,Barking and Dagenham 006,749.0,1776.0,697.0,631.0,3072.0,2260.0,978.0,10163.0,7.37,17.48,6.86,6.21,30.23,22.24,9.62
E02000008,Barking and Dagenham 007,896.0,2307.0,886.0,720.0,3908.0,3319.0,1208.0,13244.0,6.77,17.42,6.69,5.44,29.51,25.06,9.12
E02000009,Barking and Dagenham 008,1026.0,2269.0,967.0,850.0,4028.0,2818.0,907.0,12865.0,7.98,17.64,7.52,6.61,31.31,21.9,7.05
E02000010,Barking and Dagenham 009,684.0,1554.0,665.0,580.0,2856.0,2305.0,838.0,9482.0,7.21,16.39,7.01,6.12,30.12,24.31,8.84
E02000011,Barking and Dagenham 010,510.0,1021.0,467.0,450.0,2062.0,1630.0,891.0,7031.0,7.25,14.52,6.64,6.4,29.33,23.18,12.67
E02000012,Barking and Dagenham 011,745.0,1754.0,864.0,925.0,3457.0,2577.0,1190.0,11512.0,6.47,15.24,7.51,8.04,30.03,22.39,10.34
E02000013,Barking and Dagenham 012,698.0,1575.0,662.0,532.0,2835.0,2175.0,913.0,9390.0,7.43,16.77,7.05,5.67,30.19,23.16,9.72
E02000014,Barking and Dagenham 013,673.0,1624.0,667.0,571.0,2931.0,2362.0,1034.0,9862.0,6.82,16.47,6.76,5.79,29.72,23.95,10.48
E02000015,Barking and Dagenham 014,680.0,1396.0,535.0,464.0,2509.0,1915.0,726.0,8225.0,8.27,16.97,6.5,5.64,30.5,23.28,8.83
E02000016,Barking and Dagenham 015,1019.0,1816.0,658.0,621.0,4178.0,1916.0,360.0,10568.0,9.64,17.18,6.23,5.88,39.53,18.13,3.41
E02000017,Barking and Dagenham 016,664.0,1215.0,622.0,641.0,3130.0,2098.0,762.0,9132.0,7.27,13.3,6.81,7.02,34.28,22.97,8.34
E02000018,Barking and Dagenham 017,761.0,1644.0,650.0,582.0,3021.0,2107.0,785.0,9550.0,7.97,17.21,6.81,6.09,31.63,22.06,8.22
E02000019,Barking and Dagenham 018,828.0,1664.0,665.0,565.0,2923.0,2175.0,844.0,9664.0,8.57,17.22,6.88,5.85,30.25,22.51,8.73
E02000020,Barking and Dagenham 019,1291.0,2286.0,986.0,753.0,4888.0,2897.0,957.0,14058.0,9.18,16.26,7.01,5.36,34.77,20.61,6.81
E02000021,Barking and Dagenham 020,628.0,1610.0,604.0,541.0,2427.0,2089.0,866.0,8765.0,7.16,18.37,6.89,6.17,27.69,23.83,9.88
E02000022,Barking and Dagenham 021,837.0,1374.0,570.0,413.0,2949.0,1318.0,280.0,7741.0,10.81,17.75,7.36,5.34,38.1,17.03,3.62
E02000023,Barking and Dagenham 022,671.0,1597.0,648.0,486.0,2590.0,1635.0,395.0,8022.0,8.36,19.91,8.08,6.06,32.29,20.38,4.92
E02000024,Barnet 001,564.0,1218.0,547.0,532.0,2749.0,3050.0,2191.0,10851.0,5.2,11.22,5.04,4.9,25.33,28.11,20.19
E02000025,Barnet 002,498.0,1014.0,420.0,395.0,2478.0,2431.0,1352.0,8588.0,5.8,11.81,4.89,4.6,28.85,28.31,15.74
E02000026,Barnet 003,410.0,768.0,326.0,301.0,1679.0,1743.0,1239.0,6466.0,6.34,11.88,5.04,4.66,25.97,26.96,19.16
E02000027,Barnet 004,535.0,1252.0,602.0,546.0,2583.0,2589.0,1538.0,9645.0,5.55,12.98,6.24,5.66,26.78,26.84,15.95
E02000028,Barnet 005,380.0,785.0,337.0,306.0,1901.0,1753.0,1079.0,6541.0,5.81,12.0,5.15,4.68,29.06,26.8,16.5
E02000029,Barnet 006,746.0,1331.0,602.0,551.0,2777.0,2496.0,1171.0,9674.0,7.71,13.76,6.22,5.7,28.71,25.8,12.1
E02000030,Barnet 007,432.0,1188.0,569.0,447.0,2099.0,2707.0,2015.0,9457.0,4.57,12.56,6.02,4.73,22.2,28.62,21.31
E02000031,Barnet 008,496.0,942.0,386.0,329.0,2500.0,2082.0,1598.0,8333.0,5.95,11.3,4.63,3.95,30.0,24.98,19.18
E02000032,Barnet 009,304.0,1108.0,488.0,401.0,1748.0,2363.0,1534.0,7946.0,3.83,13.94,6.14,5.05,22.0,29.74,19.31
E02000033,Barnet 010,458.0,1164.0,480.0,500.0,2526.0,2451.0,1305.0,8884.0,5.16,13.1,5.4,5.63,28.43,27.59,14.69
E02000034,Barnet 011,522.0,1177.0,485.0,446.0,2650.0,2311.0,1489.0,9080.0,5.75,12.96,5.34,4.91,29.19,25.45,16.4
E02000035,Barnet 012,453.0,934.0,307.0,428.0,2921.0,1976.0,1513.0,8532.0,5.31,10.95,3.6,5.02,34.24,23.16,17.73
E02000036,Barnet 013,711.0,1730.0,639.0,623.0,3106.0,2776.0,1665.0,11250.0,6.32,15.38,5.68,5.54,27.61,24.68,14.8
E02000037,Barnet 014,708.0,1762.0,678.0,571.0,2856.0,2429.0,1819.0,10823.0,6.54,16.28,6.26,5.28,26.39,22.44,16.81
E02000038,Barnet 015,535.0,1398.0,652.0,503.0,3031.0,2963.0,1640.0,10722.0,4.99,13.04,6.08,4.69,28.27,27.63,15.3
E02000039,Barnet 016,482.0,910.0,435.0,378.0,1932.0,1857.0,1171.0,7165.0,6.73,12.7,6.07,5.28,26.96,25.92,16.34
E02000040,Barnet 017,586.0,1182.0,652.0,445.0,2841.0,2100.0,1336.0,9142.0,6.41,12.93,7.13,4.87,31.08,22.97,14.61
E02000041,Barnet 018,558.0,1319.0,548.0,567.0,2843.0,2178.0,1443.0,9456.0,5.9,13.95,5.8,6.0,30.07,23.03,15.26
E02000042,Barnet 019,663.0,1350.0,518.0,601.0,3828.0,2890.0,1712.0,11562.0,5.73,11.68,4.48,5.2,33.11,25.0,14.81
E02000043,Barnet 020,445.0,1120.0,388.0,299.0,2042.0,2025.0,1242.0,7561.0,5.89,14.81,5.13,3.95,27.01,26.78,16.43
E02000044,Barnet 021,562.0,1283.0,536.0,576.0,2727.0,2242.0,911.0,8837.0,6.36,14.52,6.07,6.52,30.86,25.37,10.31
E02000045,Barnet 022,620.0,1497.0,622.0,537.0,3117.0,2893.0,1247.0,10533.0,5.89,14.21,5.91,5.1,29.59,27.47,11.84
E02000046,Barnet 023,455.0,743.0,242.0,353.0,2654.0,1628.0,889.0,6964.0,6.53,10.67,3.48,5.07,38.11,23.38,12.77
E02000047,Barnet 024,869.0,1800.0,777.0,826.0,3849.0,2931.0,1353.0,12405.0,7.01,14.51,6.26,6.66,31.03,23.63,10.91
E02000048,Barnet 025,695.0,1376.0,542.0,537.0,2932.0,2448.0,1750.0,10280.0,6.76,13.39,5.27,5.22,28.52,23.81,17.02
E02000049,Barnet 026,784.0,1566.0,735.0,730.0,3435.0,2524.0,760.0,10534.0,7.44,14.87,6.98,6.93,32.61,23.96,7.21
E02000050,Barnet 027,558.0,1345.0,616.0,645.0,3112.0,2664.0,1434.0,10374.0,5.38,12.97,5.94,6.22,30.0,25.68,13.82
E02000051,Barnet 028,513.0,1050.0,444.0,470.0,2766.0,2161.0,1756.0,9160.0,5.6,11.46,4.85,5.13,30.2,23.59,19.17
E02000052,Barnet 029,566.0,1197.0,461.0,394.0,3354.0,2504.0,1365.0,9841.0,5.75,12.16,4.68,4.0,34.08,25.44,13.87
E02000054,Barnet 031,433.0,907.0,355.0,589.0,2564.0,1780.0,996.0,7624.0,5.68,11.9,4.66,7.73,33.63,23.35,13.06
E02000055,Barnet 032,696.0,1410.0,653.0,1154.0,3898.0,2556.0,1362.0,11729.0,5.93,12.02,5.57,9.84,33.23,21.79,11.61
E02000056,Barnet 033,496.0,1306.0,523.0,362.0,2200.0,2391.0,1848.0,9126.0,5.44,14.31,5.73,3.97,24.11,26.2,20.25
E02000057,Barnet 034,671.0,1310.0,444.0,664.0,2503.0,1510.0,911.0,8013.0,8.37,16.35,5.54,8.29,31.24,18.84,11.37
E02000058,Barnet 035,715.0,1426.0,504.0,522.0,3038.0,2209.0,1812.0,10226.0,6.99,13.94,4.93,5.1,29.71,21.6,17.72
E02000059,Barnet 036,743.0,1142.0,538.0,730.0,4407.0,2789.0,1281.0,11630.0,6.39,9.82,4.63,6.28,37.89,23.98,11.01
E02000060,Barnet 037,1151.0,2205.0,758.0,686.0,3162.0,2020.0,1583.0,11565.0,9.95,19.07,6.55,5.93,27.34,17.47,13.69
E02000061,Barnet 038,410.0,964.0,373.0,482.0,2798.0,2008.0,1313.0,8348.0,4.91,11.55,4.47,5.77,33.52,24.05,15.73
E02000062,Barnet 039,417.0,976.0,423.0,480.0,2302.0,1711.0,664.0,6973.0,5.98,14.0,6.07,6.88,33.01,24.54,9.52
E02000063,Barnet 040,443.0,924.0,476.0,465.0,2430.0,1899.0,955.0,7592.0,5.84,12.17,6.27,6.12,32.01,25.01,12.58
E02000064,Barnet 041,447.0,802.0,376.0,435.0,2275.0,1592.0,762.0,6689.0,6.68,11.99,5.62,6.5,34.01,23.8,11.39
E02000065,Bexley 001,545.0,1454.0,605.0,446.0,2137.0,2264.0,617.0,8068.0,6.76,18.02,7.5,5.53,26.49,28.06,7.65
E02000066,Bexley 002,574.0,1455.0,660.0,585.0,2557.0,2554.0,1049.0,9434.0,6.08,15.42,7.0,6.2,27.1,27.07,11.12
E02000067,Bexley 003,761.0,1440.0,573.0,583.0,3372.0,2411.0,1098.0,10238.0,7.43,14.07,5.6,5.69,32.94,23.55,10.72
E02000068,Bexley 004,691.0,1347.0,490.0,477.0,2524.0,1838.0,808.0,8175.0,8.45,16.48,5.99,5.83,30.87,22.48,9.88
E02000069,Bexley 005,500.0,952.0,360.0,382.0,2108.0,1721.0,1188.0,7211.0,6.93,13.2,4.99,5.3,29.23,23.87,16.47
E02000070,Bexley 006,471.0,995.0,415.0,415.0,2013.0,2196.0,1599.0,8104.0,5.81,12.28,5.12,5.12,24.84,27.1,19.73
E02000071,Bexley 007,455.0,1116.0,516.0,439.0,1956.0,2030.0,1163.0,7675.0,5.93,14.54,6.72,5.72,25.49,26.45,15.15
E02000072,Bexley 008,1008.0,2221.0,876.0,785.0,3844.0,3167.0,1011.0,12912.0,7.81,17.2,6.78,6.08,29.77,24.53,7.83
E02000073,Bexley 009,587.0,1302.0,610.0,596.0,2641.0,2912.0,2085.0,10733.0,5.47,12.13,5.68,5.55,24.61,27.13,19.43
E02000074,Bexley 010,563.0,1317.0,532.0,471.0,2509.0,2236.0,1230.0,8858.0,6.36,14.87,6.01,5.32,28.32,25.24,13.89
E02000075,Bexley 011,372.0,930.0,414.0,396.0,1861.0,2126.0,1893.0,7992.0,4.65,11.64,5.18,4.95,23.29,26.6,23.69
E02000077,Bexley 013,469.0,1009.0,510.0,440.0,2243.0,2113.0,1365.0,8149.0,5.76,12.38,6.26,5.4,27.52,25.93,16.75
E02000078,Bexley 014,497.0,952.0,406.0,389.0,2174.0,2001.0,1514.0,7933.0,6.26,12.0,5.12,4.9,27.4,25.22,19.08
E02000079,Bexley 015,520.0,1069.0,397.0,427.0,2540.0,2116.0,1707.0,8776.0,5.93,12.18,4.52,4.87,28.94,24.11,19.45
E02000080,Bexley 016,561.0,1305.0,546.0,487.0,2891.0,2537.0,1739.0,10066.0,5.57,12.96,5.42,4.84,28.72,25.2,17.28
E02000081,Bexley 017,512.0,1075.0,443.0,411.0,2096.0,2145.0,1622.0,8304.0,6.17,12.95,5.33,4.95,25.24,25.83,19.53
E02000082,Bexley 018,564.0,1205.0,494.0,522.0,2525.0,2467.0,1549.0,9326.0,6.05,12.92,5.3,5.6,27.07,26.45,16.61
E02000083,Bexley 019,711.0,1518.0,705.0,607.0,3432.0,2818.0,1477.0,11268.0,6.31,13.47,6.26,5.39,30.46,25.01,13.11
E02000084,Bexley 020,634.0,1426.0,564.0,552.0,2868.0,2980.0,2099.0,11123.0,5.7,12.82,5.07,4.96,25.78,26.79,18.87
E02000085,Bexley 021,489.0,998.0,469.0,465.0,2118.0,2015.0,1399.0,7953.0,6.15,12.55,5.9,5.85,26.63,25.34,17.59
E02000086,Bexley 022,355.0,881.0,388.0,358.0,1715.0,2061.0,1416.0,7174.0,4.95,12.28,5.41,4.99,23.91,28.73,19.74
E02000087,Bexley 023,453.0,937.0,440.0,374.0,2020.0,2264.0,1724.0,8212.0,5.52,11.41,5.36,4.55,24.6,27.57,20.99
E02000088,Bexley 024,444.0,955.0,387.0,444.0,1954.0,2082.0,1482.0,7748.0,5.73,12.33,4.99,5.73,25.22,26.87,19.13
E02000089,Bexley 025,450.0,978.0,448.0,438.0,1854.0,2093.0,1598.0,7859.0,5.73,12.44,5.7,5.57,23.59,26.63,20.33
E02000090,Bexley 026,490.0,959.0,566.0,736.0,2787.0,2217.0,1884.0,9639.0,5.08,9.95,5.87,7.64,28.91,23.0,19.55
E02000091,Bexley 027,547.0,1107.0,522.0,587.0,2542.0,2594.0,2260.0,10159.0,5.38,10.9,5.14,5.78,25.02,25.53,22.25
E02000092,Bexley 028,427.0,957.0,402.0,396.0,1708.0,1712.0,1159.0,6761.0,6.32,14.15,5.95,5.86,25.26,25.32,17.14
E02000093,Brent 001,671.0,1284.0,637.0,853.0,4001.0,2763.0,1671.0,11880.0,5.65,10.81,5.36,7.18,33.68,23.26,14.07
E02000094,Brent 002,652.0,1202.0,691.0,712.0,3513.0,2446.0,1242.0,10458.0,6.23,11.49,6.61,6.81,33.59,23.39,11.88
E02000095,Brent 003,565.0,1198.0,538.0,718.0,3421.0,2453.0,1572.0,10465.0,5.4,11.45,5.14,6.86,32.69,23.44,15.02
E02000096,Brent 004,441.0,844.0,344.0,408.0,2220.0,1762.0,1621.0,7640.0,5.77,11.05,4.5,5.34,29.06,23.06,21.22
E02000097,Brent 005,556.0,1116.0,543.0,637.0,2942.0,2415.0,1317.0,9526.0,5.84,11.72,5.7,6.69,30.88,25.35,13.83
E02000098,Brent 006,437.0,1033.0,584.0,598.0,2611.0,2053.0,1431.0,8747.0,5.0,11.81,6.68,6.84,29.85,23.47,16.36
E02000099,Brent 007,728.0,1172.0,531.0,728.0,3292.0,2103.0,1005.0,9559.0,7.62,12.26,5.55,7.62,34.44,22.0,10.51
E02000100,Brent 008,355.0,717.0,573.0,718.0,2377.0,2057.0,1523.0,8320.0,4.27,8.62,6.89,8.63,28.57,24.72,18.31
E02000101,Brent 009,567.0,1302.0,687.0,664.0,2985.0,2416.0,1309.0,9930.0,5.71,13.11,6.92,6.69,30.06,24.33,13.18
E02000102,Brent 010,619.0,1349.0,617.0,586.0,2279.0,1993.0,882.0,8325.0,7.44,16.2,7.41,7.04,27.38,23.94,10.59
E02000103,Brent 011,654.0,1345.0,624.0,722.0,2955.0,2487.0,1185.0,9972.0,6.56,13.49,6.26,7.24,29.63,24.94,11.88
E02000104,Brent 012,359.0,806.0,394.0,488.0,2454.0,1859.0,1144.0,7504.0,4.78,10.74,5.25,6.5,32.7,24.77,15.25
E02000105,Brent 013,675.0,1197.0,558.0,701.0,3251.0,2370.0,1098.0,9850.0,6.85,12.15,5.66,7.12,33.01,24.06,11.15
E02000106,Brent 014,638.0,1342.0,629.0,801.0,3240.0,2502.0,1198.0,10350.0,6.16,12.97,6.08,7.74,31.3,24.17,11.57
E02000107,Brent 015,583.0,1163.0,512.0,776.0,4047.0,2695.0,1163.0,10939.0,5.33,10.63,4.68,7.09,37.0,24.64,10.63
E02000108,Brent 016,435.0,883.0,463.0,476.0,2408.0,1725.0,870.0,7260.0,5.99,12.16,6.38,6.56,33.17,23.76,11.98
E02000110,Brent 018,446.0,860.0,445.0,602.0,2720.0,2002.0,1098.0,8173.0,5.46,10.52,5.44,7.37,33.28,24.5,13.43
E02000111,Brent 019,698.0,1432.0,678.0,795.0,3793.0,2640.0,1247.0,11283.0,6.19,12.69,6.01,7.05,33.62,23.4,11.05
E02000112,Brent 020,608.0,1328.0,596.0,867.0,4108.0,3003.0,1235.0,11745.0,5.18,11.31,5.07,7.38,34.98,25.57,10.52
E02000113,Brent 021,498.0,1526.0,886.0,758.0,2417.0,2534.0,1018.0,9637.0,5.17,15.83,9.19,7.87,25.08,26.29,10.56
E02000114,Brent 022,469.0,851.0,414.0,666.0,3577.0,2136.0,881.0,8994.0,5.21,9.46,4.6,7.4,39.77,23.75,9.8
E02000115,Brent 023,416.0,842.0,339.0,623.0,3352.0,2031.0,1022.0,8625.0,4.82,9.76,3.93,7.22,38.86,23.55,11.85
E02000116,Brent 024,612.0,1139.0,568.0,588.0,2713.0,2208.0,715.0,8543.0,7.16,13.33,6.65,6.88,31.76,25.85,8.37
E02000117,Brent 025,828.0,1992.0,945.0,882.0,3541.0,3315.0,1229.0,12732.0,6.5,15.65,7.42,6.93,27.81,26.04,9.65
E02000118,Brent 026,615.0,1314.0,658.0,858.0,3870.0,2777.0,1206.0,11298.0,5.44,11.63,5.82,7.59,34.25,24.58,10.67
E02000119,Brent 027,756.0,1541.0,736.0,761.0,3519.0,2422.0,884.0,10619.0,7.12,14.51,6.93,7.17,33.14,22.81,8.32
E02000120,Brent 028,477.0,858.0,319.0,578.0,3781.0,2127.0,878.0,9018.0,5.29,9.51,3.54,6.41,41.93,23.59,9.74
E02000121,Brent 029,776.0,1471.0,808.0,889.0,4423.0,2696.0,1179.0,12242.0,6.34,12.02,6.6,7.26,36.13,22.02,9.63
E02000122,Brent 030,415.0,969.0,482.0,407.0,2520.0,2219.0,1154.0,8166.0,5.08,11.87,5.9,4.98,30.86,27.17,14.13
E02000123,Brent 031,820.0,1803.0,856.0,927.0,4185.0,3699.0,1290.0,13580.0,6.04,13.28,6.3,6.83,30.82,27.24,9.5
E02000124,Brent 032,670.0,1080.0,478.0,581.0,3515.0,2511.0,1124.0,9959.0,6.73,10.84,4.8,5.83,35.29,25.21,11.29
E02000125,Brent 033,641.0,1151.0,455.0,491.0,3319.0,2690.0,1193.0,9940.0,6.45,11.58,4.58,4.94,33.39,27.06,12.0
E02000126,Brent 034,435.0,1059.0,539.0,573.0,2711.0,2143.0,742.0,8202.0,5.3,12.91,6.57,6.99,33.05,26.13,9.05
E02000127,Bromley 001,656.0,1339.0,558.0,491.0,2779.0,2319.0,1188.0,9330.0,7.03,14.35,5.98,5.26,29.79,24.86,12.73
E02000128,Bromley 002,522.0,1067.0,416.0,324.0,2145.0,1990.0,1328.0,7792.0,6.7,13.69,5.34,4.16,27.53,25.54,17.04
E02000130,Bromley 004,546.0,985.0,359.0,356.0,2770.0,2243.0,1171.0,8430.0,6.48,11.68,4.26,4.22,32.86,26.61,13.89
E02000131,Bromley 005,780.0,989.0,462.0,383.0,4628.0,2534.0,702.0,10478.0,7.44,9.44,4.41,3.66,44.17,24.18,6.7
E02000132,Bromley 006,639.0,895.0,311.0,327.0,3934.0,2261.0,1473.0,9840.0,6.49,9.1,3.16,3.32,39.98,22.98,14.97
E02000133,Bromley 007,561.0,1358.0,568.0,389.0,2569.0,3095.0,2205.0,10745.0,5.22,12.64,5.29,3.62,23.91,28.8,20.52
E02000134,Bromley 008,791.0,1386.0,488.0,543.0,4047.0,2951.0,1549.0,11755.0,6.73,11.79,4.15,4.62,34.43,25.1,13.18
E02000135,Bromley 009,612.0,1181.0,617.0,540.0,3334.0,2573.0,1009.0,9866.0,6.2,11.97,6.25,5.47,33.79,26.08,10.23
E02000136,Bromley 010,325.0,695.0,315.0,295.0,1315.0,1515.0,1273.0,5733.0,5.67,12.12,5.49,5.15,22.94,26.43,22.2
E02000137,Bromley 011,494.0,1000.0,337.0,291.0,2428.0,2180.0,1671.0,8401.0,5.88,11.9,4.01,3.46,28.9,25.95,19.89
E02000138,Bromley 012,476.0,730.0,270.0,281.0,2464.0,2276.0,2004.0,8501.0,5.6,8.59,3.18,3.31,28.98,26.77,23.57
E02000139,Bromley 013,527.0,968.0,345.0,283.0,2530.0,2134.0,923.0,7710.0,6.84,12.56,4.47,3.67,32.81,27.68,11.97
E02000140,Bromley 014,667.0,1296.0,612.0,538.0,2375.0,2154.0,1036.0,8678.0,7.69,14.93,7.05,6.2,27.37,24.82,11.94
E02000141,Bromley 015,523.0,813.0,337.0,316.0,2426.0,1947.0,863.0,7225.0,7.24,11.25,4.66,4.37,33.58,26.95,11.94
E02000142,Bromley 016,514.0,1209.0,442.0,381.0,2388.0,2400.0,1480.0,8814.0,5.83,13.72,5.01,4.32,27.09,27.23,16.79
E02000144,Bromley 018,641.0,1212.0,403.0,383.0,3673.0,2381.0,1364.0,10057.0,6.37,12.05,4.01,3.81,36.52,23.68,13.56
E02000145,Bromley 019,671.0,1364.0,523.0,430.0,2537.0,2172.0,1128.0,8825.0,7.6,15.46,5.93,4.87,28.75,24.61,12.78
E02000146,Bromley 020,668.0,1195.0,455.0,393.0,3051.0,2499.0,1440.0,9701.0,6.89,12.32,4.69,4.05,31.45,25.76,14.84
E02000147,Bromley 021,426.0,1097.0,483.0,376.0,1702.0,2365.0,1742.0,8191.0,5.2,13.39,5.9,4.59,20.78,28.87,21.27
E02000148,Bromley 022,364.0,880.0,332.0,260.0,1497.0,1892.0,1493.0,6718.0,5.42,13.1,4.94,3.87,22.28,28.16,22.22
E02000149,Bromley 023,530.0,1039.0,455.0,450.0,2286.0,2169.0,1232.0,8161.0,6.49,12.73,5.58,5.51,28.01,26.58,15.1
E02000150,Bromley 024,393.0,1259.0,477.0,438.0,1926.0,2590.0,1426.0,8509.0,4.62,14.8,5.61,5.15,22.63,30.44,16.76
E02000151,Bromley 025,482.0,971.0,333.0,249.0,1724.0,2086.0,1698.0,7543.0,6.39,12.87,4.41,3.3,22.86,27.65,22.51
E02000152,Bromley 026,537.0,1201.0,487.0,394.0,2226.0,2013.0,1112.0,7970.0,6.74,15.07,6.11,4.94,27.93,25.26,13.95
E02000153,Bromley 027,397.0,1208.0,507.0,394.0,1724.0,2364.0,1510.0,8104.0,4.9,14.91,6.26,4.86,21.27,29.17,18.63
E02000154,Bromley 028,487.0,964.0,386.0,396.0,2514.0,2131.0,1647.0,8525.0,5.71,11.31,4.53,4.65,29.49,25.0,19.32
E02000155,Bromley 029,366.0,745.0,346.0,305.0,1659.0,2028.0,1706.0,7155.0,5.12,10.41,4.84,4.26,23.19,28.34,23.84
E02000156,Bromley 030,552.0,1528.0,669.0,550.0,2560.0,3527.0,2905.0,12291.0,4.49,12.43,5.44,4.47,20.83,28.7,23.64
E02000157,Bromley 031,373.0,1137.0,477.0,391.0,1800.0,2272.0,1915.0,8365.0,4.46,13.59,5.7,4.67,21.52,27.16,22.89
E02000158,Bromley 032,478.0,1075.0,498.0,353.0,1846.0,1962.0,1570.0,7782.0,6.14,13.81,6.4,4.54,23.72,25.21,20.17
E02000159,Bromley 033,309.0,808.0,440.0,350.0,1449.0,2109.0,1658.0,7123.0,4.34,11.34,6.18,4.91,20.34,29.61,23.28
E02000160,Bromley 034,340.0,1100.0,506.0,435.0,1585.0,2435.0,1703.0,8104.0,4.2,13.57,6.24,5.37,19.56,30.05,21.01
E02000161,Bromley 035,452.0,1202.0,519.0,355.0,2159.0,2298.0,1705.0,8690.0,5.2,13.83,5.97,4.09,24.84,26.44,19.62
E02000162,Bromley 036,298.0,936.0,397.0,315.0,1558.0,1875.0,1740.0,7119.0,4.19,13.15,5.58,4.42,21.89,26.34,24.44
E02000163,Bromley 037,386.0,931.0,428.0,330.0,1719.0,2169.0,1744.0,7707.0,5.01,12.08,5.55,4.28,22.3,28.14,22.63
E02000165,Bromley 039,407.0,897.0,433.0,375.0,1787.0,1953.0,1329.0,7181.0,5.67,12.49,6.03,5.22,24.89,27.2,18.51
E02000166,Camden 001,327.0,808.0,456.0,409.0,2129.0,2189.0,1432.0,7750.0,4.22,10.43,5.88,5.28,27.47,28.25,18.48
E02000167,Camden 002,345.0,788.0,303.0,295.0,2150.0,1990.0,1319.0,7190.0,4.8,10.96,4.21,4.1,29.9,27.68,18.34
E02000168,Camden 003,351.0,780.0,352.0,545.0,2726.0,2007.0,1048.0,7809.0,4.49,9.99,4.51,6.98,34.91,25.7,13.42
E02000169,Camden 004,448.0,876.0,389.0,290.0,2176.0,1872.0,1121.0,7172.0,6.25,12.21,5.42,4.04,30.34,26.1,15.63
E02000170,Camden 005,415.0,852.0,359.0,499.0,2972.0,1852.0,968.0,7917.0,5.24,10.76,4.53,6.3,37.54,23.39,12.23
E02000171,Camden 006,354.0,758.0,347.0,435.0,2558.0,1876.0,1065.0,7393.0,4.79,10.25,4.69,5.88,34.6,25.38,14.41
E02000172,Camden 007,524.0,1189.0,737.0,846.0,3384.0,2251.0,1074.0,10005.0,5.24,11.88,7.37,8.46,33.82,22.5,10.73
E02000173,Camden 008,465.0,796.0,273.0,428.0,2953.0,1658.0,920.0,7493.0,6.21,10.62,3.64,5.71,39.41,22.13,12.28
E02000174,Camden 009,370.0,869.0,450.0,766.0,2897.0,1844.0,892.0,8088.0,4.57,10.74,5.56,9.47,35.82,22.8,11.03
E02000175,Camden 010,445.0,685.0,454.0,726.0,4148.0,1792.0,838.0,9088.0,4.9,7.54,5.0,7.99,45.64,19.72,9.22
E02000176,Camden 011,336.0,572.0,173.0,258.0,2374.0,1454.0,748.0,5915.0,5.68,9.67,2.92,4.36,40.14,24.58,12.65
E02000177,Camden 012,428.0,871.0,506.0,791.0,2955.0,1889.0,1041.0,8481.0,5.05,10.27,5.97,9.33,34.84,22.27,12.27
E02000178,Camden 013,481.0,752.0,357.0,697.0,3890.0,1891.0,834.0,8902.0,5.4,8.45,4.01,7.83,43.7,21.24,9.37
E02000179,Camden 014,284.0,668.0,341.0,363.0,1901.0,1404.0,789.0,5750.0,4.94,11.62,5.93,6.31,33.06,24.42,13.72
E02000180,Camden 015,328.0,737.0,389.0,982.0,2970.0,1686.0,781.0,7873.0,4.17,9.36,4.94,12.47,37.72,21.41,9.92
E02000181,Camden 016,460.0,699.0,290.0,509.0,3602.0,1715.0,806.0,8081.0,5.69,8.65,3.59,6.3,44.57,21.22,9.97
E02000182,Camden 017,457.0,803.0,361.0,490.0,2621.0,1550.0,833.0,7115.0,6.42,11.29,5.07,6.89,36.84,21.78,11.71
E02000183,Camden 018,387.0,689.0,344.0,522.0,2518.0,1927.0,1201.0,7588.0,5.1,9.08,4.53,6.88,33.18,25.4,15.83
E02000184,Camden 019,373.0,717.0,811.0,1377.0,3179.0,1744.0,706.0,8907.0,4.19,8.05,9.11,15.46,35.69,19.58,7.93
E02000185,Camden 020,468.0,1049.0,553.0,626.0,3006.0,2064.0,1119.0,8885.0,5.27,11.81,6.22,7.05,33.83,23.23,12.59
E02000186,Camden 021,233.0,503.0,333.0,920.0,2286.0,1309.0,644.0,6228.0,3.74,8.08,5.35,14.77,36.71,21.02,10.34
E02000187,Camden 022,500.0,1185.0,802.0,1459.0,3040.0,1947.0,847.0,9780.0,5.11,12.12,8.2,14.92,31.08,19.91,8.66
E02000188,Camden 023,352.0,787.0,780.0,966.0,2053.0,1595.0,644.0,7177.0,4.9,10.97,10.87,13.46,28.61,22.22,8.97
E02000191,Camden 026,112.0,193.0,1134.0,1048.0,1548.0,853.0,439.0,5327.0,2.1,3.62,21.29,19.67,29.06,16.01,8.24
E02000192,Camden 027,255.0,607.0,373.0,777.0,2235.0,1655.0,762.0,6664.0,3.83,9.11,5.6,11.66,33.54,24.83,11.43
E02000193,Camden 028,155.0,276.0,379.0,1104.0,1950.0,1346.0,745.0,5955.0,2.6,4.63,6.36,18.54,32.75,22.6,12.51
E02000194,Croydon 001,626.0,1021.0,408.0,396.0,3378.0,2290.0,1078.0,9197.0,6.81,11.1,4.44,4.31,36.73,24.9,11.72
E02000195,Croydon 002,572.0,1224.0,540.0,506.0,2620.0,2611.0,1570.0,9643.0,5.93,12.69,5.6,5.25,27.17,27.08,16.28
E02000196,Croydon 003,485.0,847.0,468.0,435.0,2482.0,1945.0,1245.0,7907.0,6.13,10.71,5.92,5.5,31.39,24.6,15.75
E02000197,Croydon 004,476.0,1129.0,528.0,539.0,2772.0,2346.0,1238.0,9028.0,5.27,12.51,5.85,5.97,30.7,25.99,13.71
E02000198,Croydon 005,574.0,1186.0,615.0,534.0,2685.0,2472.0,814.0,8880.0,6.46,13.36,6.93,6.01,30.24,27.84,9.17
E02000199,Croydon 006,512.0,1040.0,552.0,508.0,2461.0,2388.0,948.0,8409.0,6.09,12.37,6.56,6.04,29.27,28.4,11.27
E02000200,Croydon 007,599.0,1018.0,446.0,431.0,3182.0,2351.0,1026.0,9053.0,6.62,11.24,4.93,4.76,35.15,25.97,11.33
E02000201,Croydon 008,601.0,1196.0,465.0,467.0,2923.0,2226.0,814.0,8692.0,6.91,13.76,5.35,5.37,33.63,25.61,9.36
E02000202,Croydon 009,468.0,1186.0,644.0,533.0,2496.0,2435.0,1161.0,8923.0,5.24,13.29,7.22,5.97,27.97,27.29,13.01
E02000203,Croydon 010,542.0,1022.0,499.0,458.0,2389.0,2140.0,923.0,7973.0,6.8,12.82,6.26,5.74,29.96,26.84,11.58
E02000204,Croydon 011,630.0,1297.0,575.0,639.0,2789.0,2507.0,1223.0,9660.0,6.52,13.43,5.95,6.61,28.87,25.95,12.66
E02000206,Croydon 013,836.0,1478.0,634.0,631.0,3560.0,2627.0,1057.0,10823.0,7.72,13.66,5.86,5.83,32.89,24.27,9.77
E02000207,Croydon 014,531.0,1062.0,575.0,617.0,2742.0,2531.0,842.0,8900.0,5.97,11.93,6.46,6.93,30.81,28.44,9.46
E02000208,Croydon 015,920.0,1667.0,674.0,659.0,3627.0,2539.0,785.0,10871.0,8.46,15.33,6.2,6.06,33.36,23.36,7.22
E02000209,Croydon 016,530.0,1404.0,656.0,633.0,2674.0,2337.0,822.0,9056.0,5.85,15.5,7.24,6.99,29.53,25.81,9.08
E02000210,Croydon 017,564.0,1093.0,530.0,467.0,2772.0,2391.0,890.0,8707.0,6.48,12.55,6.09,5.36,31.84,27.46,10.22
E02000211,Croydon 018,419.0,937.0,443.0,411.0,2043.0,2254.0,1770.0,8277.0,5.06,11.32,5.35,4.97,24.68,27.23,21.38
E02000212,Croydon 019,680.0,1449.0,683.0,687.0,2834.0,2350.0,778.0,9461.0,7.19,15.32,7.22,7.26,29.95,24.84,8.22
E02000213,Croydon 020,1121.0,1678.0,615.0,808.0,4916.0,2780.0,879.0,12797.0,8.76,13.11,4.81,6.31,38.42,21.72,6.87
E02000214,Croydon 021,392.0,698.0,320.0,313.0,1600.0,1770.0,1146.0,6239.0,6.28,11.19,5.13,5.02,25.65,28.37,18.37
E02000215,Croydon 022,919.0,1193.0,476.0,664.0,4669.0,2601.0,1309.0,11831.0,7.77,10.08,4.02,5.61,39.46,21.98,11.06
E02000216,Croydon 023,460.0,875.0,319.0,287.0,2399.0,1560.0,1265.0,7165.0,6.42,12.21,4.45,4.01,33.48,21.77,17.66
E02000217,Croydon 024,940.0,1545.0,619.0,677.0,4553.0,2734.0,858.0,11926.0,7.88,12.95,5.19,5.68,38.18,22.92,7.19
E02000218,Croydon 025,369.0,1069.0,521.0,414.0,1508.0,1775.0,1019.0,6675.0,5.53,16.01,7.81,6.2,22.59,26.59,15.27
E02000219,Croydon 026,300.0,721.0,396.0,394.0,1583.0,2199.0,2037.0,7630.0,3.93,9.45,5.19,5.16,20.75,28.82,26.7
E02000221,Croydon 028,700.0,1645.0,768.0,640.0,3157.0,2740.0,1207.0,10857.0,6.45,15.15,7.07,5.89,29.08,25.24,11.12
E02000222,Croydon 029,557.0,1006.0,326.0,355.0,3005.0,2058.0,1046.0,8353.0,6.67,12.04,3.9,4.25,35.98,24.64,12.52
E02000223,Croydon 030,510.0,1796.0,886.0,554.0,2003.0,2015.0,763.0,8527.0,5.98,21.06,10.39,6.5,23.49,23.63,8.95
E02000224,Croydon 031,595.0,974.0,405.0,417.0,2808.0,1935.0,916.0,8050.0,7.39,12.1,5.03,5.18,34.88,24.04,11.38
E02000225,Croydon 032,414.0,1130.0,558.0,493.0,1799.0,2046.0,1058.0,7498.0,5.52,15.07,7.44,6.58,23.99,27.29,14.11
E02000226,Croydon 033,349.0,891.0,466.0,381.0,1636.0,2134.0,1753.0,7610.0,4.59,11.71,6.12,5.01,21.5,28.04,23.04
E02000227,Croydon 034,680.0,1481.0,613.0,602.0,3136.0,3069.0,2106.0,11687.0,5.82,12.67,5.25,5.15,26.83,26.26,18.02
E02000228,Croydon 035,422.0,1040.0,365.0,335.0,1723.0,2131.0,1939.0,7955.0,5.3,13.07,4.59,4.21,21.66,26.79,24.37
E02000229,Croydon 036,369.0,1022.0,466.0,387.0,1531.0,1637.0,812.0,6224.0,5.93,16.42,7.49,6.22,24.6,26.3,13.05
E02000230,Croydon 037,647.0,1187.0,481.0,496.0,3078.0,2703.0,1905.0,10497.0,6.16,11.31,4.58,4.73,29.32,25.75,18.15
E02000231,Croydon 038,388.0,906.0,432.0,428.0,1917.0,2173.0,1689.0,7933.0,4.89,11.42,5.45,5.4,24.16,27.39,21.29
E02000232,Croydon 039,290.0,754.0,375.0,298.0,1326.0,1701.0,1445.0,6189.0,4.69,12.18,6.06,4.81,21.43,27.48,23.35
E02000233,Croydon 040,413.0,881.0,323.0,276.0,1896.0,1575.0,1000.0,6364.0,6.49,13.84,5.08,4.34,29.79,24.75,15.71
E02000234,Croydon 041,647.0,1267.0,535.0,452.0,2724.0,2347.0,1484.0,9456.0,6.84,13.4,5.66,4.78,28.81,24.82,15.69
E02000235,Croydon 042,391.0,801.0,347.0,336.0,1677.0,2002.0,1341.0,6895.0,5.67,11.62,5.03,4.87,24.32,29.04,19.45
E02000236,Croydon 043,714.0,1244.0,467.0,414.0,2710.0,2171.0,1412.0,9132.0,7.82,13.62,5.11,4.53,29.68,23.77,15.46
E02000237,Croydon 044,460.0,929.0,365.0,312.0,1769.0,1977.0,1790.0,7602.0,6.05,12.22,4.8,4.1,23.27,26.01,23.55
E02000238,Ealing 001,618.0,1328.0,675.0,676.0,3643.0,2669.0,1092.0,10701.0,5.78,12.41,6.31,6.32,34.04,24.94,10.2
E02000239,Ealing 002,448.0,1044.0,508.0,506.0,2926.0,2241.0,1375.0,9048.0,4.95,11.54,5.61,5.59,32.34,24.77,15.2
E02000240,Ealing 003,711.0,1607.0,791.0,668.0,3347.0,2793.0,1289.0,11206.0,6.34,14.34,7.06,5.96,29.87,24.92,11.5
E02000241,Ealing 004,437.0,945.0,486.0,409.0,2291.0,1949.0,882.0,7399.0,5.91,12.77,6.57,5.53,30.96,26.34,11.92
E02000242,Ealing 005,345.0,811.0,432.0,438.0,2147.0,1787.0,924.0,6884.0,5.01,11.78,6.28,6.36,31.19,25.96,13.42
E02000243,Ealing 006,474.0,1025.0,529.0,498.0,2709.0,2261.0,1233.0,8729.0,5.43,11.74,6.06,5.71,31.03,25.9,14.13
E02000244,Ealing 007,454.0,956.0,464.0,404.0,2612.0,2013.0,990.0,7893.0,5.75,12.11,5.88,5.12,33.09,25.5,12.54
E02000245,Ealing 008,805.0,1421.0,621.0,513.0,2926.0,2216.0,803.0,9305.0,8.65,15.27,6.67,5.51,31.45,23.82,8.63
E02000246,Ealing 009,621.0,1502.0,682.0,630.0,2733.0,2312.0,985.0,9465.0,6.56,15.87,7.21,6.66,28.87,24.43,10.41
E02000247,Ealing 010,724.0,1618.0,716.0,659.0,3456.0,2654.0,1323.0,11150.0,6.49,14.51,6.42,5.91,31.0,23.8,11.87
E02000248,Ealing 011,570.0,935.0,302.0,446.0,2731.0,1730.0,995.0,7709.0,7.39,12.13,3.92,5.79,35.43,22.44,12.91
E02000249,Ealing 012,512.0,1081.0,501.0,506.0,2583.0,2059.0,1139.0,8381.0,6.11,12.9,5.98,6.04,30.82,24.57,13.59
E02000250,Ealing 013,313.0,871.0,322.0,251.0,1626.0,1846.0,1254.0,6483.0,4.83,13.44,4.97,3.87,25.08,28.47,19.34
E02000251,Ealing 014,449.0,1114.0,502.0,442.0,2539.0,2114.0,1152.0,8312.0,5.4,13.4,6.04,5.32,30.55,25.43,13.86
E02000252,Ealing 015,569.0,1092.0,1697.0,1487.0,4122.0,2229.0,1043.0,12239.0,4.65,8.92,13.87,12.15,33.68,18.21,8.52
E02000253,Ealing 016,629.0,1525.0,769.0,638.0,2724.0,2671.0,1386.0,10342.0,6.08,14.75,7.44,6.17,26.34,25.83,13.4
E02000254,Ealing 017,449.0,1130.0,585.0,584.0,2690.0,2490.0,1280.0,9208.0,4.88,12.27,6.35,6.34,29.21,27.04,13.9
E02000255,Ealing 018,574.0,1269.0,609.0,609.0,2853.0,2543.0,1403.0,9860.0,5.82,12.87,6.18,6.18,28.94,25.79,14.23
E02000256,Ealing 019,475.0,861.0,376.0,506.0,3546.0,2255.0,1165.0,9184.0,5.17,9.38,4.09,5.51,38.61,24.55,12.69
E02000258,Ealing 021,398.0,956.0,298.0,470.0,2445.0,1573.0,761.0,6901.0,5.77,13.85,4.32,6.81,35.43,22.79,11.03
E02000259,Ealing 022,343.0,977.0,406.0,295.0,1904.0,1811.0,848.0,6584.0,5.21,14.84,6.17,4.48,28.92,27.51,12.88
E02000260,Ealing 023,519.0,1342.0,651.0,616.0,2851.0,2446.0,1415.0,9840.0,5.27,13.64,6.62,6.26,28.97,24.86,14.38
E02000261,Ealing 024,756.0,1406.0,626.0,959.0,5027.0,2656.0,1227.0,12657.0,5.97,11.11,4.95,7.58,39.72,20.98,9.69
E02000262,Ealing 025,571.0,1092.0,433.0,661.0,3334.0,2326.0,931.0,9348.0,6.11,11.68,4.63,7.07,35.67,24.88,9.96
E02000263,Ealing 026,772.0,1889.0,1004.0,941.0,4067.0,3503.0,1540.0,13716.0,5.63,13.77,7.32,6.86,29.65,25.54,11.23
E02000264,Ealing 027,371.0,764.0,343.0,648.0,3159.0,2017.0,1191.0,8493.0,4.37,9.0,4.04,7.63,37.2,23.75,14.02
E02000265,Ealing 028,719.0,1303.0,550.0,651.0,4034.0,2743.0,1224.0,11224.0,6.41,11.61,4.9,5.8,35.94,24.44,10.91
E02000266,Ealing 029,837.0,1750.0,919.0,859.0,4251.0,3178.0,1323.0,13117.0,6.38,13.34,7.01,6.55,32.41,24.23,10.09
E02000267,Ealing 030,496.0,1144.0,417.0,363.0,2654.0,2203.0,876.0,8153.0,6.08,14.03,5.11,4.45,32.55,27.02,10.74
E02000268,Ealing 031,470.0,889.0,414.0,613.0,2992.0,2498.0,1372.0,9248.0,5.08,9.61,4.48,6.63,32.35,27.01,14.84
E02000269,Ealing 032,513.0,986.0,327.0,334.0,2690.0,2214.0,1099.0,8163.0,6.28,12.08,4.01,4.09,32.95,27.12,13.46
E02000270,Ealing 033,701.0,1061.0,470.0,549.0,4050.0,1998.0,780.0,9609.0,7.3,11.04,4.89,5.71,42.15,20.79,8.12
E02000271,Ealing 034,425.0,821.0,283.0,319.0,2154.0,2009.0,940.0,6951.0,6.11,11.81,4.07,4.59,30.99,28.9,13.52
E02000272,Ealing 035,329.0,927.0,367.0,297.0,1715.0,1923.0,1156.0,6714.0,4.9,13.81,5.47,4.42,25.54,28.64,17.22
E02000275,Ealing 038,443.0,1066.0,523.0,501.0,2497.0,2008.0,1132.0,8170.0,5.42,13.05,6.4,6.13,30.56,24.58,13.86
E02000276,Ealing 039,423.0,859.0,295.0,391.0,2293.0,1723.0,770.0,6754.0,6.26,12.72,4.37,5.79,33.95,25.51,11.4
E02000277,Enfield 001,487.0,1205.0,531.0,482.0,1932.0,1927.0,959.0,7523.0,6.47,16.02,7.06,6.41,25.68,25.61,12.75
E02000278,Enfield 002,568.0,1551.0,736.0,638.0,2537.0,2344.0,1060.0,9434.0,6.02,16.44,7.8,6.76,26.89,24.85,11.24
E02000279,Enfield 003,949.0,2116.0,890.0,766.0,3675.0,2974.0,948.0,12318.0,7.7,17.18,7.23,6.22,29.83,24.14,7.7
E02000280,Enfield 004,584.0,1190.0,499.0,391.0,2262.0,2263.0,1460.0,8649.0,6.75,13.76,5.77,4.52,26.15,26.16,16.88
E02000281,Enfield 005,657.0,1497.0,668.0,560.0,2769.0,2382.0,1117.0,9650.0,6.81,15.51,6.92,5.8,28.69,24.68,11.58
E02000282,Enfield 006,781.0,1796.0,844.0,653.0,2672.0,2322.0,881.0,9949.0,7.85,18.05,8.48,6.56,26.86,23.34,8.86
E02000283,Enfield 007,525.0,1349.0,694.0,584.0,2287.0,2150.0,950.0,8539.0,6.15,15.8,8.13,6.84,26.78,25.18,11.13
E02000284,Enfield 008,602.0,1091.0,467.0,358.0,2619.0,2308.0,1303.0,8748.0,6.88,12.47,5.34,4.09,29.94,26.38,14.89
E02000285,Enfield 009,371.0,811.0,358.0,360.0,1588.0,1900.0,1248.0,6636.0,5.59,12.22,5.39,5.42,23.93,28.63,18.81
E02000286,Enfield 010,498.0,1032.0,356.0,298.0,2477.0,2219.0,1807.0,8687.0,5.73,11.88,4.1,3.43,28.51,25.54,20.8
E02000287,Enfield 011,392.0,861.0,364.0,333.0,1829.0,1911.0,1668.0,7358.0,5.33,11.7,4.95,4.53,24.86,25.97,22.67
E02000288,Enfield 012,888.0,2162.0,1148.0,1024.0,3400.0,3005.0,1153.0,12780.0,6.95,16.92,8.98,8.01,26.6,23.51,9.02
E02000289,Enfield 013,325.0,883.0,377.0,358.0,1531.0,1934.0,1367.0,6775.0,4.8,13.03,5.56,5.28,22.6,28.55,20.18
E02000290,Enfield 014,549.0,1184.0,482.0,378.0,2069.0,1459.0,560.0,6681.0,8.22,17.72,7.21,5.66,30.97,21.84,8.38
E02000291,Enfield 015,728.0,1258.0,516.0,503.0,3237.0,2434.0,1479.0,10155.0,7.17,12.39,5.08,4.95,31.88,23.97,14.56
E02000292,Enfield 016,641.0,1436.0,673.0,563.0,2773.0,2475.0,1273.0,9834.0,6.52,14.6,6.84,5.73,28.2,25.17,12.94
E02000293,Enfield 017,294.0,791.0,345.0,290.0,1377.0,1835.0,1475.0,6407.0,4.59,12.35,5.38,4.53,21.49,28.64,23.02
E02000294,Enfield 018,527.0,1502.0,721.0,645.0,2412.0,2344.0,1229.0,9380.0,5.62,16.01,7.69,6.88,25.71,24.99,13.1
E02000295,Enfield 019,536.0,1159.0,473.0,376.0,2457.0,2281.0,1424.0,8706.0,6.16,13.31,5.43,4.32,28.22,26.2,16.36
E02000296,Enfield 020,624.0,1334.0,571.0,500.0,3244.0,2485.0,1590.0,10348.0,6.03,12.89,5.52,4.83,31.35,24.01,15.37
E02000297,Enfield 021,535.0,1035.0,450.0,488.0,2329.0,2570.0,1985.0,9392.0,5.7,11.02,4.79,5.2,24.8,27.36,21.14
E02000298,Enfield 022,463.0,1025.0,384.0,336.0,2115.0,2353.0,1578.0,8254.0,5.61,12.42,4.65,4.07,25.62,28.51,19.12
E02000299,Enfield 023,623.0,1586.0,710.0,610.0,2576.0,2323.0,1072.0,9500.0,6.56,16.69,7.47,6.42,27.12,24.45,11.28
E02000300,Enfield 024,675.0,1327.0,595.0,578.0,2552.0,2143.0,989.0,8859.0,7.62,14.98,6.72,6.52,28.81,24.19,11.16
E02000301,Enfield 025,653.0,1644.0,791.0,719.0,2837.0,2521.0,1056.0,10221.0,6.39,16.08,7.74,7.03,27.76,24.66,10.33
E02000302,Enfield 026,492.0,1100.0,463.0,468.0,2384.0,2309.0,1458.0,8674.0,5.67,12.68,5.34,5.4,27.48,26.62,16.81
E02000303,Enfield 027,565.0,1195.0,674.0,673.0,2285.0,2036.0,939.0,8367.0,6.75,14.28,8.06,8.04,27.31,24.33,11.22
E02000304,Enfield 028,420.0,977.0,417.0,341.0,1942.0,2271.0,1677.0,8045.0,5.22,12.14,5.18,4.24,24.14,28.23,20.85
E02000305,Enfield 029,565.0,919.0,396.0,401.0,2870.0,2464.0,1260.0,8875.0,6.37,10.35,4.46,4.52,32.34,27.76,14.2
E02000306,Enfield 030,669.0,1458.0,704.0,579.0,2590.0,2251.0,879.0,9130.0,7.33,15.97,7.71,6.34,28.37,24.65,9.63
E02000307,Enfield 031,597.0,1512.0,753.0,631.0,2680.0,2628.0,1311.0,10112.0,5.9,14.95,7.45,6.24,26.5,25.99,12.96
E02000308,Enfield 032,532.0,1065.0,509.0,550.0,2918.0,2116.0,1071.0,8761.0,6.07,12.16,5.81,6.28,33.31,24.15,12.22
E02000309,Enfield 033,875.0,1968.0,880.0,756.0,3464.0,2762.0,1085.0,11790.0,7.42,16.69,7.46,6.41,29.38,23.43,9.2
E02000311,Enfield 035,648.0,1235.0,583.0,736.0,3258.0,2697.0,1387.0,10544.0,6.15,11.71,5.53,6.98,30.9,25.58,13.15
E02000312,Enfield 036,780.0,1123.0,518.0,568.0,4102.0,2733.0,1477.0,11301.0,6.9,9.94,4.58,5.03,36.3,24.18,13.07
E02000313,Greenwich 001,434.0,1071.0,436.0,384.0,1766.0,1823.0,585.0,6499.0,6.68,16.48,6.71,5.91,27.17,28.05,9.0
E02000314,Greenwich 002,1010.0,2261.0,940.0,1205.0,4499.0,3494.0,704.0,14113.0,7.16,16.02,6.66,8.54,31.88,24.76,4.99
E02000315,Greenwich 003,675.0,1751.0,693.0,579.0,2913.0,2374.0,880.0,9865.0,6.84,17.75,7.02,5.87,29.53,24.06,8.92
E02000317,Greenwich 005,518.0,1136.0,503.0,501.0,2383.0,1832.0,697.0,7570.0,6.84,15.01,6.64,6.62,31.48,24.2,9.21
E02000318,Greenwich 006,806.0,1422.0,635.0,712.0,3700.0,2603.0,1192.0,11070.0,7.28,12.85,5.74,6.43,33.42,23.51,10.77
E02000319,Greenwich 007,748.0,1428.0,537.0,637.0,3724.0,2691.0,852.0,10617.0,7.05,13.45,5.06,6.0,35.08,25.35,8.02
E02000320,Greenwich 008,452.0,1027.0,396.0,416.0,2227.0,1786.0,740.0,7044.0,6.42,14.58,5.62,5.91,31.62,25.35,10.51
E02000321,Greenwich 009,529.0,1109.0,436.0,484.0,2523.0,1897.0,741.0,7719.0,6.85,14.37,5.65,6.27,32.69,24.58,9.6
E02000323,Greenwich 011,916.0,1809.0,852.0,867.0,4703.0,2738.0,973.0,12858.0,7.12,14.07,6.63,6.74,36.58,21.29,7.57
E02000324,Greenwich 012,515.0,1126.0,520.0,488.0,2397.0,1932.0,882.0,7860.0,6.55,14.33,6.62,6.21,30.5,24.58,11.22
E02000326,Greenwich 014,480.0,962.0,320.0,358.0,2896.0,1997.0,777.0,7790.0,6.16,12.35,4.11,4.6,37.18,25.64,9.97
E02000327,Greenwich 015,493.0,900.0,437.0,465.0,2304.0,1561.0,460.0,6620.0,7.45,13.6,6.6,7.02,34.8,23.58,6.95
E02000328,Greenwich 016,360.0,720.0,286.0,258.0,2179.0,1780.0,926.0,6509.0,5.53,11.06,4.39,3.96,33.48,27.35,14.23
E02000329,Greenwich 017,419.0,808.0,341.0,328.0,1796.0,1681.0,957.0,6330.0,6.62,12.76,5.39,5.18,28.37,26.56,15.12
E02000331,Greenwich 019,570.0,1091.0,481.0,478.0,2792.0,1968.0,853.0,8233.0,6.92,13.25,5.84,5.81,33.91,23.9,10.36
E02000332,Greenwich 020,451.0,1000.0,323.0,410.0,2176.0,2041.0,1058.0,7459.0,6.05,13.41,4.33,5.5,29.17,27.36,14.18
E02000333,Greenwich 021,321.0,748.0,193.0,240.0,2160.0,1591.0,993.0,6246.0,5.14,11.98,3.09,3.84,34.58,25.47,15.9
E02000334,Greenwich 022,408.0,817.0,423.0,368.0,1956.0,1757.0,911.0,6640.0,6.14,12.3,6.37,5.54,29.46,26.46,13.72
E02000335,Greenwich 023,466.0,872.0,297.0,300.0,1828.0,1786.0,1133.0,6682.0,6.97,13.05,4.44,4.49,27.36,26.73,16.96
E02000337,Greenwich 025,474.0,1251.0,532.0,479.0,2434.0,2190.0,1101.0,8461.0,5.6,14.79,6.29,5.66,28.77,25.88,13.01
E02000339,Greenwich 027,363.0,772.0,307.0,320.0,1600.0,1707.0,1217.0,6286.0,5.77,12.28,4.88,5.09,25.45,27.16,19.36
E02000340,Greenwich 028,399.0,782.0,286.0,331.0,2049.0,1681.0,1339.0,6867.0,5.81,11.39,4.16,4.82,29.84,24.48,19.5
E02000341,Greenwich 029,527.0,1298.0,525.0,413.0,2329.0,1957.0,941.0,7990.0,6.6,16.25,6.57,5.17,29.15,24.49,11.78
E02000342,Greenwich 030,379.0,791.0,551.0,631.0,1867.0,1374.0,756.0,6349.0,5.97,12.46,8.68,9.94,29.41,21.64,11.91
E02000343,Greenwich 031,418.0,929.0,405.0,386.0,1972.0,1835.0,1106.0,7051.0,5.93,13.18,5.74,5.47,27.97,26.02,15.69
E02000344,Greenwich 032,435.0,758.0,332.0,352.0,1750.0,1657.0,1147.0,6431.0,6.76,11.79,5.16,5.47,27.21,25.77,17.84
E02000345,Hackney 001,921.0,1757.0,702.0,703.0,2155.0,1263.0,709.0,8210.0,11.22,21.4,8.55,8.56,26.25,15.38,8.64
E02000346,Hackney 002,703.0,1111.0,422.0,694.0,4087.0,1696.0,682.0,9395.0,7.48,11.83,4.49,7.39,43.5,18.05,7.26
E02000347,Hackney 003,907.0,1597.0,643.0,665.0,2284.0,1373.0,681.0,8150.0,11.13,19.6,7.89,8.16,28.02,16.85,8.36
E02000348,Hackney 004,909.0,1649.0,655.0,614.0,2168.0,1478.0,635.0,8108.0,11.21,20.34,8.08,7.57,26.74,18.23,7.83
E02000350,Hackney 006,755.0,1239.0,555.0,625.0,4267.0,2081.0,712.0,10234.0,7.38,12.11,5.42,6.11,41.69,20.33,6.96
E02000351,Hackney 007,519.0,765.0,337.0,626.0,4605.0,1732.0,697.0,9281.0,5.59,8.24,3.63,6.74,49.62,18.66,7.51
E02000352,Hackney 008,478.0,918.0,397.0,372.0,2355.0,1529.0,699.0,6748.0,7.08,13.6,5.88,5.51,34.9,22.66,10.36
E02000353,Hackney 009,414.0,789.0,346.0,531.0,3145.0,1810.0,728.0,7763.0,5.33,10.16,4.46,6.84,40.51,23.32,9.38
E02000354,Hackney 010,462.0,1034.0,569.0,640.0,4038.0,2079.0,789.0,9611.0,4.81,10.76,5.92,6.66,42.01,21.63,8.21
E02000355,Hackney 011,495.0,828.0,373.0,505.0,3355.0,1834.0,806.0,8196.0,6.04,10.1,4.55,6.16,40.93,22.38,9.83
E02000356,Hackney 012,365.0,703.0,312.0,355.0,3031.0,1676.0,590.0,7032.0,5.19,10.0,4.44,5.05,43.1,23.83,8.39
E02000357,Hackney 013,375.0,946.0,523.0,514.0,2091.0,1628.0,769.0,6846.0,5.48,13.82,7.64,7.51,30.54,23.78,11.23
E02000358,Hackney 014,523.0,1043.0,502.0,627.0,5096.0,2440.0,854.0,11085.0,4.72,9.41,4.53,5.66,45.97,22.01,7.7
E02000359,Hackney 015,464.0,764.0,343.0,456.0,2584.0,1507.0,576.0,6694.0,6.93,11.41,5.12,6.81,38.6,22.51,8.6
E02000360,Hackney 016,651.0,1521.0,683.0,767.0,4407.0,2573.0,914.0,11516.0,5.65,13.21,5.93,6.66,38.27,22.34,7.94
E02000361,Hackney 017,397.0,725.0,301.0,558.0,3940.0,1612.0,516.0,8049.0,4.93,9.01,3.74,6.93,48.95,20.03,6.41
E02000362,Hackney 018,319.0,736.0,440.0,516.0,2921.0,1477.0,553.0,6962.0,4.58,10.57,6.32,7.41,41.96,21.22,7.94
E02000363,Hackney 019,733.0,1808.0,804.0,839.0,4173.0,2640.0,882.0,11879.0,6.17,15.22,6.77,7.06,35.13,22.22,7.42
E02000364,Hackney 020,448.0,901.0,420.0,534.0,3838.0,2113.0,965.0,9219.0,4.86,9.77,4.56,5.79,41.63,22.92,10.47
E02000366,Hackney 022,411.0,970.0,480.0,518.0,2991.0,2088.0,876.0,8334.0,4.93,11.64,5.76,6.22,35.89,25.05,10.51
E02000367,Hackney 023,475.0,944.0,472.0,713.0,5095.0,2078.0,648.0,10425.0,4.56,9.06,4.53,6.84,48.87,19.93,6.22
E02000368,Hackney 024,500.0,1119.0,543.0,725.0,3873.0,2253.0,913.0,9926.0,5.04,11.27,5.47,7.3,39.02,22.7,9.2
E02000369,Hackney 025,721.0,1346.0,625.0,902.0,6340.0,2608.0,920.0,13462.0,5.36,10.0,4.64,6.7,47.1,19.37,6.83
E02000370,Hackney 026,420.0,903.0,461.0,724.0,3944.0,1872.0,541.0,8865.0,4.74,10.19,5.2,8.17,44.49,21.12,6.1
E02000372,Hammersmith and Fulham 001,450.0,943.0,483.0,1150.0,3704.0,2371.0,886.0,9987.0,4.51,9.44,4.84,11.51,37.09,23.74,8.87
E02000373,Hammersmith and Fulham 002,376.0,1078.0,544.0,608.0,2137.0,1673.0,620.0,7036.0,5.34,15.32,7.73,8.64,30.37,23.78,8.81
E02000374,Hammersmith and Fulham 003,364.0,840.0,450.0,664.0,2331.0,1568.0,701.0,6918.0,5.26,12.14,6.5,9.6,33.69,22.67,10.13
E02000375,Hammersmith and Fulham 004,404.0,706.0,352.0,672.0,2926.0,1800.0,643.0,7503.0,5.38,9.41,4.69,8.96,39.0,23.99,8.57
E02000376,Hammersmith and Fulham 005,281.0,540.0,238.0,575.0,3035.0,1464.0,574.0,6707.0,4.19,8.05,3.55,8.57,45.25,21.83,8.56
E02000377,Hammersmith and Fulham 006,422.0,728.0,395.0,691.0,2883.0,1915.0,755.0,7789.0,5.42,9.35,5.07,8.87,37.01,24.59,9.69
E02000378,Hammersmith and Fulham 007,272.0,533.0,234.0,514.0,2771.0,1501.0,608.0,6433.0,4.23,8.29,3.64,7.99,43.07,23.33,9.45
E02000379,Hammersmith and Fulham 008,429.0,918.0,348.0,428.0,2433.0,1904.0,930.0,7390.0,5.81,12.42,4.71,5.79,32.92,25.76,12.58
E02000380,Hammersmith and Fulham 009,335.0,553.0,225.0,330.0,1975.0,1422.0,661.0,5501.0,6.09,10.05,4.09,6.0,35.9,25.85,12.02
E02000381,Hammersmith and Fulham 010,393.0,857.0,308.0,491.0,2815.0,1949.0,812.0,7625.0,5.15,11.24,4.04,6.44,36.92,25.56,10.65
E02000382,Hammersmith and Fulham 011,282.0,589.0,300.0,459.0,2309.0,1542.0,706.0,6187.0,4.56,9.52,4.85,7.42,37.32,24.92,11.41
E02000383,Hammersmith and Fulham 012,315.0,565.0,293.0,964.0,3290.0,1908.0,1122.0,8457.0,3.72,6.68,3.46,11.4,38.9,22.56,13.27
E02000384,Hammersmith and Fulham 013,351.0,702.0,393.0,872.0,3320.0,1758.0,863.0,8259.0,4.25,8.5,4.76,10.56,40.2,21.29,10.45
E02000385,Hammersmith and Fulham 014,208.0,290.0,151.0,784.0,2656.0,1070.0,458.0,5617.0,3.7,5.16,2.69,13.96,47.29,19.05,8.15
E02000386,Hammersmith and Fulham 015,315.0,744.0,435.0,840.0,2816.0,1643.0,790.0,7583.0,4.15,9.81,5.74,11.08,37.14,21.67,10.42
E02000387,Hammersmith and Fulham 016,249.0,501.0,282.0,757.0,2298.0,1329.0,611.0,6027.0,4.13,8.31,4.68,12.56,38.13,22.05,10.14
E02000388,Hammersmith and Fulham 017,364.0,641.0,282.0,934.0,3785.0,1731.0,914.0,8651.0,4.21,7.41,3.26,10.8,43.75,20.01,10.57
E02000389,Hammersmith and Fulham 018,412.0,857.0,351.0,841.0,3052.0,2056.0,1071.0,8640.0,4.77,9.92,4.06,9.73,35.32,23.8,12.4
E02000390,Hammersmith and Fulham 019,348.0,516.0,236.0,665.0,2606.0,1237.0,593.0,6201.0,5.61,8.32,3.81,10.72,42.03,19.95,9.56
E02000391,Hammersmith and Fulham 020,410.0,863.0,313.0,575.0,2795.0,1758.0,880.0,7594.0,5.4,11.36,4.12,7.57,36.81,23.15,11.59
E02000392,Hammersmith and Fulham 021,477.0,959.0,436.0,901.0,3678.0,1988.0,789.0,9228.0,5.17,10.39,4.72,9.76,39.86,21.54,8.55
E02000393,Hammersmith and Fulham 022,380.0,567.0,219.0,547.0,2503.0,1186.0,570.0,5972.0,6.36,9.49,3.67,9.16,41.91,19.86,9.54
E02000394,Hammersmith and Fulham 023,579.0,891.0,412.0,735.0,3917.0,1952.0,793.0,9279.0,6.24,9.6,4.44,7.92,42.21,21.04,8.55
E02000395,Hammersmith and Fulham 024,263.0,506.0,190.0,462.0,2098.0,1255.0,899.0,5673.0,4.64,8.92,3.35,8.14,36.98,22.12,15.85
E02000396,Hammersmith and Fulham 025,398.0,939.0,338.0,507.0,2286.0,1706.0,724.0,6898.0,5.77,13.61,4.9,7.35,33.14,24.73,10.5
E02000397,Haringey 001,432.0,866.0,337.0,447.0,3084.0,1944.0,799.0,7909.0,5.46,10.95,4.26,5.65,38.99,24.58,10.1
E02000398,Haringey 002,468.0,1002.0,556.0,521.0,2242.0,2018.0,707.0,7514.0,6.23,13.34,7.4,6.93,29.84,26.86,9.41
E02000400,Haringey 004,439.0,1087.0,481.0,458.0,2483.0,2111.0,931.0,7990.0,5.49,13.6,6.02,5.73,31.08,26.42,11.65
E02000401,Haringey 005,307.0,843.0,542.0,548.0,2053.0,1867.0,708.0,6868.0,4.47,12.27,7.89,7.98,29.89,27.18,10.31
E02000402,Haringey 006,361.0,810.0,472.0,446.0,1957.0,1756.0,672.0,6474.0,5.58,12.51,7.29,6.89,30.23,27.12,10.38
E02000403,Haringey 007,497.0,738.0,332.0,449.0,3079.0,1710.0,716.0,7521.0,6.61,9.81,4.41,5.97,40.94,22.74,9.52
E02000404,Haringey 008,336.0,787.0,434.0,502.0,2521.0,1744.0,789.0,7113.0,4.72,11.06,6.1,7.06,35.44,24.52,11.09
E02000405,Haringey 009,354.0,1046.0,377.0,267.0,1639.0,1921.0,875.0,6479.0,5.46,16.14,5.82,4.12,25.3,29.65,13.51
E02000406,Haringey 010,318.0,608.0,396.0,531.0,2458.0,1767.0,647.0,6725.0,4.73,9.04,5.89,7.9,36.55,26.28,9.62
E02000407,Haringey 011,451.0,895.0,424.0,455.0,2662.0,2036.0,684.0,7607.0,5.93,11.77,5.57,5.98,34.99,26.76,8.99
E02000408,Haringey 012,515.0,1159.0,502.0,563.0,2581.0,2120.0,804.0,8244.0,6.25,14.06,6.09,6.83,31.31,25.72,9.75
E02000409,Haringey 013,325.0,654.0,362.0,408.0,2092.0,1502.0,725.0,6068.0,5.36,10.78,5.97,6.72,34.48,24.75,11.95
E02000410,Haringey 014,339.0,800.0,448.0,251.0,1883.0,1850.0,853.0,6424.0,5.28,12.45,6.97,3.91,29.31,28.8,13.28
E02000411,Haringey 015,677.0,1247.0,956.0,1123.0,4192.0,2458.0,772.0,11425.0,5.93,10.91,8.37,9.83,36.69,21.51,6.76
E02000412,Haringey 016,305.0,633.0,367.0,628.0,2928.0,1783.0,673.0,7317.0,4.17,8.65,5.02,8.58,40.02,24.37,9.2
E02000413,Haringey 017,437.0,1174.0,486.0,378.0,2130.0,2145.0,1019.0,7769.0,5.62,15.11,6.26,4.87,27.42,27.61,13.12
E02000414,Haringey 018,430.0,734.0,356.0,392.0,2690.0,1781.0,696.0,7079.0,6.07,10.37,5.03,5.54,38.0,25.16,9.83
E02000415,Haringey 019,391.0,722.0,339.0,495.0,2891.0,1660.0,741.0,7239.0,5.4,9.97,4.68,6.84,39.94,22.93,10.24
E02000416,Haringey 020,484.0,804.0,409.0,399.0,3616.0,1907.0,826.0,8445.0,5.73,9.52,4.84,4.72,42.82,22.58,9.78
E02000417,Haringey 021,293.0,746.0,291.0,299.0,2047.0,1782.0,1091.0,6549.0,4.47,11.39,4.44,4.57,31.26,27.21,16.66
E02000418,Haringey 022,272.0,659.0,262.0,201.0,1469.0,1595.0,966.0,5424.0,5.01,12.15,4.83,3.71,27.08,29.41,17.81
E02000419,Haringey 023,484.0,752.0,382.0,522.0,3968.0,1878.0,750.0,8736.0,5.54,8.61,4.37,5.98,45.42,21.5,8.59
E02000420,Haringey 024,443.0,720.0,347.0,499.0,3177.0,1916.0,882.0,7984.0,5.55,9.02,4.35,6.25,39.79,24.0,11.05
E02000421,Haringey 025,469.0,867.0,554.0,802.0,3103.0,2017.0,697.0,8509.0,5.51,10.19,6.51,9.43,36.47,23.7,8.19
E02000422,Haringey 026,512.0,844.0,393.0,461.0,2753.0,1800.0,711.0,7474.0,6.85,11.29,5.26,6.17,36.83,24.08,9.51
E02000423,Haringey 027,335.0,579.0,224.0,449.0,3172.0,1556.0,593.0,6908.0,4.85,8.38,3.24,6.5,45.92,22.52,8.58
E02000424,Haringey 028,352.0,690.0,309.0,301.0,2456.0,1902.0,739.0,6749.0,5.22,10.22,4.58,4.46,36.39,28.18,10.95
E02000425,Haringey 029,879.0,2006.0,709.0,446.0,2265.0,1304.0,560.0,8169.0,10.76,24.56,8.68,5.46,27.73,15.96,6.86
E02000426,Haringey 030,319.0,766.0,336.0,287.0,1972.0,1711.0,1096.0,6487.0,4.92,11.81,5.18,4.42,30.4,26.38,16.9
E02000427,Haringey 031,327.0,471.0,235.0,456.0,2929.0,1615.0,587.0,6620.0,4.94,7.11,3.55,6.89,44.24,24.4,8.87
E02000428,Haringey 032,497.0,984.0,507.0,667.0,3368.0,1791.0,622.0,8436.0,5.89,11.66,6.01,7.91,39.92,21.23,7.37
E02000429,Haringey 033,366.0,737.0,253.0,194.0,2281.0,1957.0,1006.0,6794.0,5.39,10.85,3.72,2.86,33.57,28.8,14.81
E02000430,Haringey 034,392.0,651.0,221.0,322.0,2793.0,1788.0,754.0,6921.0,5.66,9.41,3.19,4.65,40.36,25.83,10.89
E02000431,Haringey 035,264.0,462.0,201.0,265.0,2430.0,1495.0,725.0,5842.0,4.52,7.91,3.44,4.54,41.6,25.59,12.41
E02000432,Haringey 036,297.0,441.0,207.0,363.0,2753.0,1440.0,614.0,6115.0,4.86,7.21,3.39,5.94,45.02,23.55,10.04
E02000433,Harrow 001,421.0,917.0,411.0,385.0,2245.0,2017.0,2206.0,8602.0,4.89,10.66,4.78,4.48,26.1,23.45,25.65
E02000434,Harrow 002,561.0,1058.0,536.0,521.0,3091.0,2311.0,1772.0,9850.0,5.7,10.74,5.44,5.29,31.38,23.46,17.99
E02000435,Harrow 003,468.0,1047.0,465.0,545.0,2165.0,1965.0,1538.0,8193.0,5.71,12.78,5.68,6.65,26.42,23.98,18.77
E02000436,Harrow 004,250.0,613.0,296.0,256.0,1328.0,1540.0,1477.0,5760.0,4.34,10.64,5.14,4.44,23.06,26.74,25.64
E02000437,Harrow 005,468.0,1101.0,504.0,505.0,2293.0,2237.0,1659.0,8767.0,5.34,12.56,5.75,5.76,26.15,25.52,18.92
E02000438,Harrow 006,549.0,1165.0,512.0,405.0,2300.0,2115.0,1501.0,8547.0,6.42,13.63,5.99,4.74,26.91,24.75,17.56
E02000439,Harrow 007,629.0,1197.0,544.0,598.0,3072.0,2052.0,1170.0,9262.0,6.79,12.92,5.87,6.46,33.17,22.16,12.63
E02000440,Harrow 008,530.0,1271.0,556.0,532.0,2614.0,2447.0,1662.0,9612.0,5.51,13.22,5.78,5.53,27.2,25.46,17.29
E02000441,Harrow 009,454.0,947.0,411.0,385.0,2060.0,1842.0,1386.0,7485.0,6.07,12.65,5.49,5.14,27.52,24.61,18.52
E02000442,Harrow 010,627.0,1150.0,586.0,633.0,3188.0,2306.0,1099.0,9589.0,6.54,11.99,6.11,6.6,33.25,24.05,11.46
E02000443,Harrow 011,732.0,1478.0,662.0,729.0,3481.0,2381.0,1284.0,10747.0,6.81,13.75,6.16,6.78,32.39,22.16,11.95
E02000444,Harrow 012,518.0,1180.0,481.0,521.0,2638.0,2016.0,1363.0,8717.0,5.94,13.54,5.52,5.98,30.26,23.13,15.64
E02000445,Harrow 013,865.0,1620.0,751.0,710.0,3730.0,2689.0,1415.0,11780.0,7.34,13.75,6.38,6.03,31.66,22.83,12.01
E02000447,Harrow 015,506.0,1095.0,458.0,409.0,2483.0,2005.0,1238.0,8194.0,6.18,13.36,5.59,4.99,30.3,24.47,15.11
E02000448,Harrow 016,407.0,919.0,360.0,296.0,1799.0,1775.0,1514.0,7070.0,5.76,13.0,5.09,4.19,25.45,25.11,21.41
E02000449,Harrow 017,503.0,900.0,443.0,592.0,2601.0,2039.0,1221.0,8299.0,6.06,10.84,5.34,7.13,31.34,24.57,14.71
E02000451,Harrow 019,350.0,813.0,343.0,292.0,1873.0,1763.0,1283.0,6717.0,5.21,12.1,5.11,4.35,27.88,26.25,19.1
E02000452,Harrow 020,705.0,1168.0,497.0,579.0,3641.0,2032.0,873.0,9495.0,7.42,12.3,5.23,6.1,38.35,21.4,9.19
E02000453,Harrow 021,581.0,1018.0,430.0,461.0,2889.0,1949.0,1054.0,8382.0,6.93,12.15,5.13,5.5,34.47,23.25,12.57
E02000454,Harrow 022,358.0,1156.0,401.0,322.0,1863.0,1894.0,1347.0,7341.0,4.88,15.75,5.46,4.39,25.38,25.8,18.35
E02000455,Harrow 023,903.0,1162.0,435.0,647.0,5140.0,2139.0,1232.0,11658.0,7.75,9.97,3.73,5.55,44.09,18.35,10.57
E02000456,Harrow 024,440.0,896.0,440.0,519.0,2530.0,1975.0,1021.0,7821.0,5.63,11.46,5.63,6.64,32.35,25.25,13.05
E02000457,Harrow 025,308.0,880.0,372.0,400.0,2096.0,1788.0,1210.0,7054.0,4.37,12.48,5.27,5.67,29.71,25.35,17.15
E02000459,Harrow 027,621.0,1245.0,520.0,538.0,3087.0,2225.0,1096.0,9332.0,6.65,13.34,5.57,5.77,33.08,23.84,11.74
E02000460,Harrow 028,497.0,1026.0,486.0,499.0,2346.0,1699.0,754.0,7307.0,6.8,14.04,6.65,6.83,32.11,23.25,10.32
E02000461,Harrow 029,410.0,865.0,857.0,379.0,2254.0,1616.0,918.0,7299.0,5.62,11.85,11.74,5.19,30.88,22.14,12.58
E02000462,Harrow 030,388.0,855.0,430.0,407.0,2172.0,1750.0,979.0,6981.0,5.56,12.25,6.16,5.83,31.11,25.07,14.02
E02000463,Harrow 031,424.0,1203.0,631.0,625.0,2296.0,2341.0,1181.0,8701.0,4.87,13.83,7.25,7.18,26.39,26.9,13.57
E02000464,Havering 001,498.0,1065.0,500.0,477.0,2157.0,1832.0,1224.0,7753.0,6.42,13.74,6.45,6.15,27.82,23.63,15.79
E02000465,Havering 002,662.0,1441.0,570.0,529.0,2795.0,2348.0,1007.0,9352.0,7.08,15.41,6.09,5.66,29.89,25.11,10.77
E02000466,Havering 003,626.0,1193.0,539.0,561.0,2378.0,2253.0,1520.0,9070.0,6.9,13.15,5.94,6.19,26.22,24.84,16.76
E02000467,Havering 004,848.0,2061.0,822.0,659.0,3370.0,2581.0,1116.0,11457.0,7.4,17.99,7.17,5.75,29.41,22.53,9.74
E02000468,Havering 005,548.0,1188.0,545.0,489.0,2264.0,2144.0,1480.0,8658.0,6.33,13.72,6.29,5.65,26.15,24.76,17.09
E02000469,Havering 006,537.0,1054.0,431.0,388.0,2028.0,1765.0,1083.0,7286.0,7.37,14.47,5.92,5.33,27.83,24.22,14.86
E02000470,Havering 007,650.0,991.0,429.0,446.0,3136.0,2298.0,1826.0,9776.0,6.65,10.14,4.39,4.56,32.08,23.51,18.68
E02000471,Havering 008,378.0,869.0,410.0,413.0,1766.0,2114.0,1872.0,7822.0,4.83,11.11,5.24,5.28,22.58,27.03,23.93
E02000472,Havering 009,562.0,1229.0,535.0,485.0,2572.0,2344.0,1745.0,9472.0,5.93,12.98,5.65,5.12,27.15,24.75,18.42
E02000473,Havering 010,669.0,1339.0,532.0,569.0,3046.0,2547.0,1789.0,10491.0,6.38,12.76,5.07,5.42,29.03,24.28,17.05
E02000474,Havering 011,664.0,1218.0,505.0,469.0,2758.0,2167.0,1410.0,9191.0,7.22,13.25,5.49,5.1,30.01,23.58,15.34
E02000475,Havering 012,573.0,1044.0,437.0,424.0,2679.0,2409.0,2047.0,9613.0,5.96,10.86,4.55,4.41,27.87,25.06,21.29
E02000476,Havering 013,731.0,1002.0,387.0,548.0,3487.0,1994.0,1200.0,9349.0,7.82,10.72,4.14,5.86,37.3,21.33,12.84
E02000477,Havering 014,520.0,1029.0,500.0,484.0,2535.0,2522.0,1936.0,9526.0,5.46,10.8,5.25,5.08,26.61,26.47,20.32
E02000478,Havering 015,241.0,585.0,323.0,314.0,1229.0,1634.0,1664.0,5990.0,4.02,9.77,5.39,5.24,20.52,27.28,27.78
E02000479,Havering 016,703.0,1159.0,526.0,509.0,3212.0,2231.0,1103.0,9443.0,7.44,12.27,5.57,5.39,34.01,23.63,11.68
E02000480,Havering 017,1140.0,1912.0,767.0,802.0,4760.0,2938.0,1524.0,13843.0,8.24,13.81,5.54,5.79,34.39,21.22,11.01
E02000481,Havering 018,464.0,1031.0,423.0,422.0,1969.0,2100.0,1827.0,8236.0,5.63,12.52,5.14,5.12,23.91,25.5,22.18
E02000482,Havering 019,284.0,813.0,398.0,310.0,1296.0,1843.0,1642.0,6586.0,4.31,12.34,6.04,4.71,19.68,27.98,24.93
E02000483,Havering 020,447.0,844.0,359.0,415.0,2198.0,2028.0,1717.0,8008.0,5.58,10.54,4.48,5.18,27.45,25.32,21.44
E02000484,Havering 021,439.0,942.0,494.0,450.0,2145.0,2455.0,1562.0,8487.0,5.17,11.1,5.82,5.3,25.27,28.93,18.4
E02000485,Havering 022,493.0,1012.0,410.0,420.0,2356.0,2195.0,1597.0,8483.0,5.81,11.93,4.83,4.95,27.77,25.88,18.83
E02000486,Havering 023,400.0,736.0,331.0,383.0,1891.0,2022.0,1596.0,7359.0,5.44,10.0,4.5,5.2,25.7,27.48,21.69
E02000487,Havering 024,326.0,901.0,424.0,391.0,1491.0,2308.0,2069.0,7910.0,4.12,11.39,5.36,4.94,18.85,29.18,26.16
E02000488,Havering 025,392.0,762.0,356.0,380.0,1870.0,2024.0,1800.0,7584.0,5.17,10.05,4.69,5.01,24.66,26.69,23.73
E02000489,Havering 026,545.0,1123.0,469.0,453.0,2332.0,2230.0,1481.0,8633.0,6.31,13.01,5.43,5.25,27.01,25.83,17.16
E02000490,Havering 027,550.0,1043.0,504.0,493.0,2296.0,2073.0,1512.0,8471.0,6.49,12.31,5.95,5.82,27.1,24.47,17.85
E02000491,Havering 028,750.0,1483.0,703.0,681.0,3105.0,2543.0,1372.0,10637.0,7.05,13.94,6.61,6.4,29.19,23.91,12.9
E02000492,Havering 029,350.0,780.0,362.0,358.0,1693.0,1782.0,1498.0,6823.0,5.13,11.43,5.31,5.25,24.81,26.12,21.96
E02000493,Havering 030,498.0,977.0,384.0,383.0,2044.0,1591.0,866.0,6743.0,7.39,14.49,5.69,5.68,30.31,23.59,12.84
E02000494,Hillingdon 001,368.0,917.0,360.0,269.0,1845.0,2207.0,1987.0,7953.0,4.63,11.53,4.53,3.38,23.2,27.75,24.98
E02000495,Hillingdon 002,613.0,1298.0,466.0,494.0,3126.0,2474.0,1937.0,10408.0,5.89,12.47,4.48,4.75,30.03,23.77,18.61
E02000496,Hillingdon 003,411.0,909.0,420.0,375.0,2053.0,2162.0,1463.0,7793.0,5.27,11.66,5.39,4.81,26.34,27.74,18.77
E02000497,Hillingdon 004,542.0,1272.0,467.0,479.0,2630.0,2451.0,1688.0,9529.0,5.69,13.35,4.9,5.03,27.6,25.72,17.71
E02000498,Hillingdon 005,383.0,748.0,319.0,262.0,1590.0,1700.0,1383.0,6385.0,6.0,11.71,5.0,4.1,24.9,26.62,21.66
E02000499,Hillingdon 006,388.0,878.0,401.0,370.0,1872.0,2100.0,1712.0,7721.0,5.03,11.37,5.19,4.79,24.25,27.2,22.17
E02000500,Hillingdon 007,385.0,876.0,394.0,488.0,2090.0,2240.0,1805.0,8278.0,4.65,10.58,4.76,5.9,25.25,27.06,21.8
E02000501,Hillingdon 008,498.0,1060.0,422.0,361.0,2447.0,2193.0,1496.0,8477.0,5.87,12.5,4.98,4.26,28.87,25.87,17.65
E02000502,Hillingdon 009,667.0,1145.0,397.0,381.0,3023.0,1966.0,1350.0,8929.0,7.47,12.82,4.45,4.27,33.86,22.02,15.12
E02000503,Hillingdon 010,589.0,1048.0,444.0,406.0,2624.0,2356.0,1222.0,8689.0,6.78,12.06,5.11,4.67,30.2,27.11,14.06
E02000504,Hillingdon 011,410.0,991.0,370.0,347.0,1891.0,2070.0,1560.0,7639.0,5.37,12.97,4.84,4.54,24.75,27.1,20.42
E02000506,Hillingdon 013,381.0,895.0,423.0,364.0,1946.0,2204.0,1746.0,7959.0,4.79,11.25,5.31,4.57,24.45,27.69,21.94
E02000507,Hillingdon 014,527.0,1191.0,538.0,489.0,2372.0,2040.0,1083.0,8240.0,6.4,14.45,6.53,5.93,28.79,24.76,13.14
E02000508,Hillingdon 015,805.0,1254.0,1290.0,1292.0,4068.0,2201.0,1034.0,11944.0,6.74,10.5,10.8,10.82,34.06,18.43,8.66
E02000509,Hillingdon 016,618.0,1006.0,983.0,2099.0,3108.0,1823.0,928.0,10565.0,5.85,9.52,9.3,19.87,29.42,17.26,8.78
E02000510,Hillingdon 017,512.0,1184.0,521.0,611.0,2555.0,2347.0,1388.0,9118.0,5.62,12.99,5.71,6.7,28.02,25.74,15.22
E02000511,Hillingdon 018,641.0,1365.0,656.0,603.0,2820.0,2539.0,1317.0,9941.0,6.45,13.73,6.6,6.07,28.37,25.54,13.25
E02000512,Hillingdon 019,630.0,1245.0,590.0,590.0,2650.0,2131.0,992.0,8828.0,7.14,14.1,6.68,6.68,30.02,24.14,11.24
E02000513,Hillingdon 020,795.0,1645.0,639.0,553.0,3074.0,2257.0,805.0,9768.0,8.14,16.84,6.54,5.66,31.47,23.11,8.24
E02000514,Hillingdon 021,704.0,1579.0,763.0,714.0,3245.0,2490.0,1176.0,10671.0,6.6,14.8,7.15,6.69,30.41,23.33,11.02
E02000515,Hillingdon 022,1063.0,1694.0,657.0,1085.0,4796.0,2794.0,1218.0,13307.0,7.99,12.73,4.94,8.15,36.04,21.0,9.15
E02000516,Hillingdon 023,547.0,1259.0,582.0,535.0,2582.0,2255.0,894.0,8654.0,6.32,14.55,6.73,6.18,29.84,26.06,10.33
E02000517,Hillingdon 024,731.0,1658.0,714.0,626.0,3164.0,2426.0,1154.0,10473.0,6.98,15.83,6.82,5.98,30.21,23.16,11.02
E02000518,Hillingdon 025,803.0,1305.0,756.0,610.0,2778.0,2251.0,1135.0,9638.0,8.33,13.54,7.84,6.33,28.82,23.36,11.78
E02000519,Hillingdon 026,586.0,1515.0,662.0,656.0,2669.0,2318.0,1146.0,9552.0,6.13,15.86,6.93,6.87,27.94,24.27,12.0
E02000520,Hillingdon 027,1019.0,2049.0,877.0,924.0,4779.0,3128.0,1281.0,14057.0,7.25,14.58,6.24,6.57,34.0,22.25,9.11
E02000521,Hillingdon 028,1034.0,1939.0,847.0,823.0,4698.0,2817.0,1034.0,13192.0,7.84,14.7,6.42,6.24,35.61,21.35,7.84
E02000522,Hillingdon 029,675.0,1395.0,514.0,565.0,3163.0,2130.0,1131.0,9573.0,7.05,14.57,5.37,5.9,33.04,22.25,11.81
E02000523,Hillingdon 030,718.0,1488.0,681.0,845.0,3942.0,2613.0,1083.0,11370.0,6.31,13.09,5.99,7.43,34.67,22.98,9.53
E02000524,Hillingdon 031,490.0,911.0,339.0,472.0,2582.0,1886.0,847.0,7527.0,6.51,12.1,4.5,6.27,34.3,25.06,11.25
E02000525,Hillingdon 032,708.0,1521.0,564.0,578.0,3412.0,2373.0,906.0,10062.0,7.04,15.12,5.61,5.74,33.91,23.58,9.0
E02000526,Hounslow 001,405.0,947.0,445.0,459.0,2837.0,2323.0,1221.0,8637.0,4.69,10.96,5.15,5.31,32.85,26.9,14.14
E02000529,Hounslow 004,649.0,1382.0,604.0,594.0,3118.0,2257.0,1109.0,9713.0,6.68,14.23,6.22,6.12,32.1,23.24,11.42
E02000530,Hounslow 005,580.0,1370.0,602.0,553.0,2476.0,1818.0,720.0,8119.0,7.14,16.87,7.41,6.81,30.5,22.39,8.87
E02000531,Hounslow 006,705.0,1330.0,544.0,621.0,4117.0,2885.0,1370.0,11572.0,6.09,11.49,4.7,5.37,35.58,24.93,11.84
E02000532,Hounslow 007,497.0,1079.0,475.0,447.0,2503.0,2503.0,1475.0,8979.0,5.54,12.02,5.29,4.98,27.88,27.88,16.43
E02000533,Hounslow 008,451.0,1084.0,406.0,362.0,2502.0,2310.0,1282.0,8397.0,5.37,12.91,4.84,4.31,29.8,27.51,15.27
E02000534,Hounslow 009,505.0,1036.0,445.0,462.0,2853.0,2078.0,1172.0,8551.0,5.91,12.12,5.2,5.4,33.36,24.3,13.71
E02000535,Hounslow 010,557.0,1256.0,561.0,632.0,3126.0,2401.0,1512.0,10045.0,5.55,12.5,5.58,6.29,31.12,23.9,15.05
E02000536,Hounslow 011,645.0,1380.0,697.0,658.0,3515.0,2565.0,1382.0,10842.0,5.95,12.73,6.43,6.07,32.42,23.66,12.75
E02000537,Hounslow 012,546.0,1072.0,438.0,704.0,3508.0,2251.0,1341.0,9860.0,5.54,10.87,4.44,7.14,35.58,22.83,13.6
E02000538,Hounslow 013,601.0,1238.0,567.0,664.0,3444.0,2473.0,1119.0,10106.0,5.95,12.25,5.61,6.57,34.08,24.47,11.07
E02000539,Hounslow 014,807.0,1669.0,660.0,643.0,4359.0,2917.0,1173.0,12228.0,6.6,13.65,5.4,5.26,35.65,23.86,9.59
E02000540,Hounslow 015,898.0,1585.0,588.0,689.0,4415.0,2730.0,1215.0,12120.0,7.41,13.08,4.85,5.68,36.43,22.52,10.02
E02000541,Hounslow 016,720.0,1296.0,646.0,594.0,3491.0,2571.0,1297.0,10615.0,6.78,12.21,6.09,5.6,32.89,24.22,12.22
E02000542,Hounslow 017,892.0,1665.0,719.0,756.0,4289.0,2688.0,1290.0,12299.0,7.25,13.54,5.85,6.15,34.87,21.86,10.49
E02000543,Hounslow 018,1124.0,1807.0,713.0,709.0,5572.0,2963.0,1106.0,13994.0,8.03,12.91,5.1,5.07,39.82,21.17,7.9
E02000544,Hounslow 019,427.0,1017.0,480.0,459.0,2615.0,2232.0,1327.0,8557.0,4.99,11.89,5.61,5.36,30.56,26.08,15.51
E02000545,Hounslow 020,601.0,1353.0,607.0,423.0,2875.0,2246.0,1136.0,9241.0,6.5,14.64,6.57,4.58,31.11,24.3,12.29
E02000546,Hounslow 021,630.0,1483.0,641.0,675.0,3314.0,2540.0,1143.0,10426.0,6.04,14.22,6.15,6.47,31.79,24.36,10.96
E02000547,Hounslow 022,724.0,1480.0,610.0,645.0,3464.0,2627.0,1446.0,10996.0,6.58,13.46,5.55,5.87,31.5,23.89,13.15
E02000548,Hounslow 023,723.0,1592.0,623.0,620.0,3401.0,2529.0,1089.0,10577.0,6.84,15.05,5.89,5.86,32.15,23.91,10.3
E02000549,Hounslow 024,696.0,1538.0,827.0,762.0,3898.0,3198.0,1614.0,12533.0,5.55,12.27,6.6,6.08,31.1,25.52,12.88
E02000550,Hounslow 025,700.0,1636.0,660.0,642.0,3656.0,2578.0,841.0,10713.0,6.53,15.27,6.16,5.99,34.13,24.06,7.85
E02000551,Hounslow 026,691.0,1511.0,608.0,581.0,2985.0,2366.0,1012.0,9754.0,7.08,15.49,6.23,5.96,30.6,24.26,10.38
E02000552,Hounslow 027,618.0,1354.0,594.0,602.0,2933.0,2294.0,874.0,9269.0,6.67,14.61,6.41,6.49,31.64,24.75,9.43
E02000553,Hounslow 028,450.0,1051.0,392.0,382.0,2003.0,1858.0,983.0,7119.0,6.32,14.76,5.51,5.37,28.14,26.1,13.81
E02000554,Islington 001,545.0,1079.0,468.0,668.0,3503.0,2214.0,880.0,9357.0,5.82,11.53,5.0,7.14,37.44,23.66,9.4
E02000555,Islington 002,479.0,1039.0,442.0,779.0,3537.0,2211.0,1080.0,9567.0,5.01,10.86,4.62,8.14,36.97,23.11,11.29
E02000556,Islington 003,576.0,955.0,551.0,981.0,5048.0,2328.0,957.0,11396.0,5.05,8.38,4.84,8.61,44.3,20.43,8.4
E02000557,Islington 004,416.0,834.0,337.0,689.0,3537.0,2028.0,945.0,8786.0,4.73,9.49,3.84,7.84,40.26,23.08,10.76
E02000558,Islington 005,600.0,1113.0,517.0,828.0,3488.0,2037.0,842.0,9425.0,6.37,11.81,5.49,8.79,37.01,21.61,8.93
E02000559,Islington 006,540.0,994.0,469.0,556.0,4138.0,2108.0,781.0,9586.0,5.63,10.37,4.89,5.8,43.17,21.99,8.15
E02000560,Islington 007,331.0,573.0,245.0,793.0,3437.0,1402.0,577.0,7358.0,4.5,7.79,3.33,10.78,46.71,19.05,7.84
E02000561,Islington 008,325.0,705.0,397.0,467.0,2790.0,1795.0,904.0,7383.0,4.4,9.55,5.38,6.33,37.79,24.31,12.24
E02000562,Islington 009,400.0,744.0,367.0,426.0,3296.0,1784.0,847.0,7864.0,5.09,9.46,4.67,5.42,41.91,22.69,10.77
E02000563,Islington 010,420.0,922.0,455.0,821.0,3372.0,1845.0,856.0,8691.0,4.83,10.61,5.24,9.45,38.8,21.23,9.85
E02000564,Islington 011,600.0,920.0,517.0,1240.0,6138.0,2197.0,805.0,12417.0,4.83,7.41,4.16,9.99,49.43,17.69,6.48
E02000565,Islington 012,421.0,912.0,482.0,640.0,3636.0,1787.0,668.0,8546.0,4.93,10.67,5.64,7.49,42.55,20.91,7.82
E02000566,Islington 013,497.0,758.0,301.0,547.0,3710.0,1863.0,881.0,8557.0,5.81,8.86,3.52,6.39,43.36,21.77,10.3
E02000567,Islington 014,550.0,880.0,357.0,584.0,4726.0,2368.0,974.0,10439.0,5.27,8.43,3.42,5.59,45.27,22.68,9.33
E02000568,Islington 015,551.0,1119.0,675.0,1352.0,4539.0,2154.0,955.0,11345.0,4.86,9.86,5.95,11.92,40.01,18.99,8.42
E02000569,Islington 016,576.0,1039.0,427.0,625.0,3919.0,2264.0,1083.0,9933.0,5.8,10.46,4.3,6.29,39.45,22.79,10.9
E02000570,Islington 017,422.0,655.0,285.0,483.0,3669.0,1830.0,944.0,8288.0,5.09,7.9,3.44,5.83,44.27,22.08,11.39
E02000571,Islington 018,611.0,730.0,443.0,576.0,3766.0,1969.0,829.0,8924.0,6.85,8.18,4.96,6.45,42.2,22.06,9.29
E02000572,Islington 019,411.0,935.0,519.0,1042.0,3016.0,1815.0,857.0,8595.0,4.78,10.88,6.04,12.12,35.09,21.12,9.97
E02000573,Islington 020,517.0,702.0,436.0,798.0,4796.0,2062.0,1001.0,10312.0,5.01,6.81,4.23,7.74,46.51,20.0,9.71
E02000574,Islington 021,295.0,474.0,519.0,930.0,3111.0,1700.0,812.0,7841.0,3.76,6.05,6.62,11.86,39.68,21.68,10.36
E02000575,Islington 022,583.0,795.0,774.0,1452.0,4549.0,2245.0,917.0,11315.0,5.15,7.03,6.84,12.83,40.2,19.84,8.1
E02000576,Islington 023,547.0,1064.0,648.0,1198.0,4157.0,2133.0,925.0,10672.0,5.13,9.97,6.07,11.23,38.95,19.99,8.67
E02000577,Kensington and Chelsea 001,303.0,757.0,489.0,850.0,2358.0,2020.0,933.0,7710.0,3.93,9.82,6.34,11.02,30.58,26.2,12.1
E02000578,Kensington and Chelsea 002,330.0,698.0,461.0,366.0,1723.0,1615.0,809.0,6002.0,5.5,11.63,7.68,6.1,28.71,26.91,13.48
E02000579,Kensington and Chelsea 003,514.0,921.0,493.0,569.0,2736.0,2527.0,1236.0,8996.0,5.71,10.24,5.48,6.33,30.41,28.09,13.74
E02000580,Kensington and Chelsea 004,282.0,612.0,304.0,500.0,2889.0,2178.0,1135.0,7900.0,3.57,7.75,3.85,6.33,36.57,27.57,14.37
E02000581,Kensington and Chelsea 005,297.0,800.0,496.0,654.0,1964.0,2089.0,1092.0,7392.0,4.02,10.82,6.71,8.85,26.57,28.26,14.77
E02000582,Kensington and Chelsea 006,289.0,486.0,249.0,460.0,2442.0,1649.0,971.0,6546.0,4.41,7.42,3.8,7.03,37.31,25.19,14.83
E02000583,Kensington and Chelsea 007,276.0,574.0,249.0,376.0,2145.0,1885.0,921.0,6426.0,4.3,8.93,3.87,5.85,33.38,29.33,14.33
E02000584,Kensington and Chelsea 008,343.0,772.0,333.0,507.0,2081.0,2050.0,1090.0,7176.0,4.78,10.76,4.64,7.07,29.0,28.57,15.19
E02000585,Kensington and Chelsea 009,372.0,917.0,424.0,532.0,2509.0,2283.0,1044.0,8081.0,4.6,11.35,5.25,6.58,31.05,28.25,12.92
E02000586,Kensington and Chelsea 010,247.0,589.0,277.0,652.0,2055.0,1849.0,806.0,6475.0,3.81,9.1,4.28,10.07,31.74,28.56,12.45
E02000587,Kensington and Chelsea 011,283.0,612.0,255.0,511.0,1867.0,1981.0,981.0,6490.0,4.36,9.43,3.93,7.87,28.77,30.52,15.12
E02000588,Kensington and Chelsea 012,241.0,500.0,222.0,532.0,1803.0,1829.0,859.0,5986.0,4.03,8.35,3.71,8.89,30.12,30.55,14.35
E02000589,Kensington and Chelsea 013,260.0,496.0,294.0,990.0,2654.0,1853.0,698.0,7245.0,3.59,6.85,4.06,13.66,36.63,25.58,9.63
E02000590,Kensington and Chelsea 014,226.0,461.0,277.0,521.0,1737.0,1745.0,1001.0,5968.0,3.79,7.72,4.64,8.73,29.11,29.24,16.77
E02000591,Kensington and Chelsea 015,248.0,472.0,235.0,708.0,2275.0,1488.0,780.0,6206.0,4.0,7.61,3.79,11.41,36.66,23.98,12.57
E02000592,Kensington and Chelsea 016,272.0,509.0,232.0,570.0,1950.0,1526.0,703.0,5762.0,4.72,8.83,4.03,9.89,33.84,26.48,12.2
E02000593,Kensington and Chelsea 017,395.0,490.0,340.0,1005.0,2491.0,1850.0,818.0,7389.0,5.35,6.63,4.6,13.6,33.71,25.04,11.07
E02000594,Kensington and Chelsea 018,204.0,460.0,230.0,354.0,1594.0,1987.0,1657.0,6486.0,3.15,7.09,3.55,5.46,24.58,30.64,25.55
E02000595,Kensington and Chelsea 019,290.0,544.0,238.0,419.0,1847.0,1702.0,1124.0,6164.0,4.7,8.83,3.86,6.8,29.96,27.61,18.23
E02000596,Kensington and Chelsea 020,234.0,519.0,299.0,682.0,2348.0,1656.0,882.0,6620.0,3.53,7.84,4.52,10.3,35.47,25.02,13.32
E02000597,Kensington and Chelsea 021,264.0,658.0,302.0,442.0,1844.0,1782.0,1037.0,6329.0,4.17,10.4,4.77,6.98,29.14,28.16,16.38
E02000598,Kingston upon Thames 001,358.0,1407.0,530.0,312.0,1653.0,2541.0,1289.0,8090.0,4.43,17.39,6.55,3.86,20.43,31.41,15.93
E02000599,Kingston upon Thames 002,253.0,897.0,508.0,412.0,1408.0,2008.0,1521.0,7007.0,3.61,12.8,7.25,5.88,20.09,28.66,21.71
E02000600,Kingston upon Thames 003,514.0,1197.0,414.0,486.0,2650.0,2003.0,1095.0,8359.0,6.15,14.32,4.95,5.81,31.7,23.96,13.1
E02000601,Kingston upon Thames 004,776.0,1755.0,625.0,591.0,3862.0,3059.0,1232.0,11900.0,6.52,14.75,5.25,4.97,32.45,25.71,10.35
E02000602,Kingston upon Thames 005,665.0,1267.0,700.0,1257.0,3279.0,2119.0,1028.0,10315.0,6.45,12.28,6.79,12.19,31.79,20.54,9.97
E02000603,Kingston upon Thames 006,491.0,1165.0,671.0,697.0,2475.0,2134.0,997.0,8630.0,5.69,13.5,7.78,8.08,28.68,24.73,11.55
E02000604,Kingston upon Thames 007,586.0,1254.0,479.0,421.0,2744.0,2461.0,1286.0,9231.0,6.35,13.58,5.19,4.56,29.73,26.66,13.93
E02000605,Kingston upon Thames 008,489.0,1143.0,446.0,392.0,2239.0,2354.0,1424.0,8487.0,5.76,13.47,5.26,4.62,26.38,27.74,16.78
E02000606,Kingston upon Thames 009,568.0,808.0,405.0,1414.0,4016.0,2156.0,1194.0,10561.0,5.38,7.65,3.83,13.39,38.03,20.41,11.31
E02000607,Kingston upon Thames 010,378.0,779.0,526.0,705.0,1910.0,1645.0,856.0,6799.0,5.56,11.46,7.74,10.37,28.09,24.19,12.59
E02000608,Kingston upon Thames 011,402.0,514.0,323.0,601.0,3090.0,1561.0,712.0,7203.0,5.58,7.14,4.48,8.34,42.9,21.67,9.88
E02000609,Kingston upon Thames 012,349.0,952.0,479.0,445.0,1793.0,2171.0,1434.0,7623.0,4.58,12.49,6.28,5.84,23.52,28.48,18.81
E02000610,Kingston upon Thames 013,453.0,735.0,274.0,484.0,3232.0,1714.0,1057.0,7949.0,5.7,9.25,3.45,6.09,40.66,21.56,13.3
E02000611,Kingston upon Thames 014,371.0,1024.0,446.0,373.0,1602.0,2089.0,1536.0,7441.0,4.99,13.76,5.99,5.01,21.53,28.07,20.64
E02000612,Kingston upon Thames 015,444.0,952.0,413.0,410.0,2080.0,2204.0,1746.0,8249.0,5.38,11.54,5.01,4.97,25.22,26.72,21.17
E02000613,Kingston upon Thames 016,568.0,1089.0,386.0,336.0,2529.0,2038.0,1147.0,8093.0,7.02,13.46,4.77,4.15,31.25,25.18,14.17
E02000614,Kingston upon Thames 017,570.0,1217.0,566.0,596.0,2810.0,2360.0,1178.0,9297.0,6.13,13.09,6.09,6.41,30.22,25.38,12.67
E02000615,Kingston upon Thames 018,423.0,1053.0,459.0,411.0,2079.0,2195.0,1257.0,7877.0,5.37,13.37,5.83,5.22,26.39,27.87,15.96
E02000616,Kingston upon Thames 019,364.0,749.0,315.0,294.0,1791.0,1604.0,938.0,6055.0,6.01,12.37,5.2,4.86,29.58,26.49,15.49
E02000617,Kingston upon Thames 020,539.0,1134.0,489.0,511.0,2490.0,2327.0,1379.0,8869.0,6.08,12.79,5.51,5.76,28.08,26.24,15.55
E02000619,Lambeth 002,464.0,979.0,449.0,683.0,3257.0,2282.0,991.0,9105.0,5.1,10.75,4.93,7.5,35.77,25.06,10.88
E02000620,Lambeth 003,385.0,849.0,461.0,993.0,3887.0,2358.0,921.0,9854.0,3.91,8.62,4.68,10.08,39.45,23.93,9.35
E02000621,Lambeth 004,436.0,726.0,575.0,1583.0,5834.0,2415.0,949.0,12518.0,3.48,5.8,4.59,12.65,46.6,19.29,7.58
E02000622,Lambeth 005,355.0,619.0,373.0,847.0,3582.0,1906.0,724.0,8406.0,4.22,7.36,4.44,10.08,42.61,22.67,8.61
E02000623,Lambeth 006,286.0,847.0,447.0,648.0,2722.0,2096.0,803.0,7849.0,3.64,10.79,5.69,8.26,34.68,26.7,10.23
E02000624,Lambeth 007,416.0,856.0,418.0,817.0,4388.0,2062.0,673.0,9630.0,4.32,8.89,4.34,8.48,45.57,21.41,6.99
E02000625,Lambeth 008,453.0,1051.0,476.0,913.0,3749.0,2105.0,558.0,9305.0,4.87,11.3,5.12,9.81,40.29,22.62,6.0
E02000626,Lambeth 009,414.0,1046.0,514.0,628.0,2876.0,2280.0,603.0,8361.0,4.95,12.51,6.15,7.51,34.4,27.27,7.21
E02000627,Lambeth 010,419.0,793.0,483.0,1046.0,4152.0,1915.0,753.0,9561.0,4.38,8.29,5.05,10.94,43.43,20.03,7.88
E02000628,Lambeth 011,422.0,1009.0,581.0,1119.0,4268.0,2516.0,872.0,10787.0,3.91,9.35,5.39,10.37,39.57,23.32,8.08
E02000629,Lambeth 012,332.0,630.0,258.0,1057.0,4404.0,1799.0,631.0,9111.0,3.64,6.91,2.83,11.6,48.34,19.75,6.93
E02000630,Lambeth 013,297.0,582.0,223.0,737.0,3457.0,1505.0,733.0,7534.0,3.94,7.72,2.96,9.78,45.89,19.98,9.73
E02000631,Lambeth 014,476.0,994.0,574.0,774.0,3671.0,2210.0,829.0,9528.0,5.0,10.43,6.02,8.12,38.53,23.19,8.7
E02000632,Lambeth 015,238.0,411.0,182.0,1355.0,5346.0,1500.0,560.0,9592.0,2.48,4.28,1.9,14.13,55.73,15.64,5.84
E02000633,Lambeth 016,400.0,819.0,429.0,881.0,3863.0,2059.0,716.0,9167.0,4.36,8.93,4.68,9.61,42.14,22.46,7.81
E02000634,Lambeth 017,263.0,560.0,282.0,706.0,2876.0,1472.0,620.0,6779.0,3.88,8.26,4.16,10.41,42.43,21.71,9.15
E02000635,Lambeth 018,430.0,839.0,361.0,739.0,4462.0,2290.0,688.0,9809.0,4.38,8.55,3.68,7.53,45.49,23.35,7.01
E02000636,Lambeth 019,420.0,730.0,223.0,749.0,3404.0,1580.0,614.0,7720.0,5.44,9.46,2.89,9.7,44.09,20.47,7.95
E02000637,Lambeth 020,362.0,563.0,291.0,667.0,4163.0,1732.0,625.0,8403.0,4.31,6.7,3.46,7.94,49.54,20.61,7.44
E02000638,Lambeth 021,485.0,920.0,438.0,887.0,4524.0,2262.0,732.0,10248.0,4.73,8.98,4.27,8.66,44.15,22.07,7.14
E02000639,Lambeth 022,340.0,746.0,426.0,665.0,3429.0,2092.0,623.0,8321.0,4.09,8.97,5.12,7.99,41.21,25.14,7.49
E02000640,Lambeth 023,556.0,940.0,331.0,766.0,4169.0,1749.0,784.0,9295.0,5.98,10.11,3.56,8.24,44.85,18.82,8.43
E02000641,Lambeth 024,476.0,1170.0,631.0,581.0,2916.0,2171.0,686.0,8631.0,5.52,13.56,7.31,6.73,33.79,25.15,7.95
E02000642,Lambeth 025,535.0,1138.0,511.0,562.0,3522.0,2465.0,1075.0,9808.0,5.45,11.6,5.21,5.73,35.91,25.13,10.96
E02000643,Lambeth 026,479.0,930.0,454.0,561.0,4177.0,2052.0,724.0,9377.0,5.11,9.92,4.84,5.98,44.55,21.88,7.72
E02000644,Lambeth 027,526.0,996.0,409.0,446.0,3408.0,2027.0,710.0,8522.0,6.17,11.69,4.8,5.23,39.99,23.79,8.33
E02000645,Lambeth 028,603.0,1113.0,432.0,440.0,3619.0,2502.0,825.0,9534.0,6.32,11.67,4.53,4.62,37.96,26.24,8.65
E02000646,Lambeth 029,479.0,988.0,336.0,534.0,4024.0,2212.0,927.0,9500.0,5.04,10.4,3.54,5.62,42.36,23.28,9.76
E02000647,Lambeth 030,575.0,978.0,443.0,421.0,2827.0,2258.0,1081.0,8583.0,6.7,11.39,5.16,4.91,32.94,26.31,12.59
E02000648,Lambeth 031,529.0,1114.0,511.0,435.0,2416.0,2034.0,783.0,7822.0,6.76,14.24,6.53,5.56,30.89,26.0,10.01
E02000649,Lambeth 032,721.0,1240.0,452.0,767.0,5643.0,2726.0,926.0,12475.0,5.78,9.94,3.62,6.15,45.23,21.85,7.42
E02000650,Lambeth 033,482.0,950.0,370.0,381.0,2792.0,1974.0,723.0,7672.0,6.28,12.38,4.82,4.97,36.39,25.73,9.42
E02000651,Lambeth 034,549.0,906.0,358.0,432.0,3352.0,2136.0,1015.0,8748.0,6.28,10.36,4.09,4.94,38.32,24.42,11.6
E02000652,Lambeth 035,441.0,858.0,466.0,514.0,2485.0,1856.0,940.0,7560.0,5.83,11.35,6.16,6.8,32.87,24.55,12.43
E02000653,Lewisham 001,652.0,1245.0,685.0,1045.0,5951.0,2393.0,634.0,12605.0,5.17,9.88,5.43,8.29,47.21,18.98,5.03
E02000654,Lewisham 002,487.0,1175.0,497.0,691.0,3372.0,1984.0,582.0,8788.0,5.54,13.37,5.66,7.86,38.37,22.58,6.62
E02000655,Lewisham 003,607.0,1166.0,580.0,1044.0,4144.0,2147.0,599.0,10287.0,5.9,11.33,5.64,10.15,40.28,20.87,5.82
E02000657,Lewisham 005,487.0,973.0,655.0,1176.0,3873.0,2015.0,723.0,9902.0,4.92,9.83,6.61,11.88,39.11,20.35,7.3
E02000658,Lewisham 006,409.0,854.0,384.0,763.0,3301.0,2175.0,728.0,8614.0,4.75,9.91,4.46,8.86,38.32,25.25,8.45
E02000659,Lewisham 007,430.0,891.0,353.0,473.0,3234.0,1904.0,777.0,8062.0,5.33,11.05,4.38,5.87,40.11,23.62,9.64
E02000660,Lewisham 008,473.0,788.0,347.0,528.0,3731.0,1794.0,550.0,8211.0,5.76,9.6,4.23,6.43,45.44,21.85,6.7
E02000661,Lewisham 009,382.0,651.0,252.0,320.0,2330.0,1708.0,853.0,6496.0,5.88,10.02,3.88,4.93,35.87,26.29,13.13
E02000662,Lewisham 010,547.0,1062.0,415.0,505.0,3171.0,1987.0,605.0,8292.0,6.6,12.81,5.0,6.09,38.24,23.96,7.3
E02000663,Lewisham 011,380.0,695.0,285.0,488.0,2505.0,1776.0,661.0,6790.0,5.6,10.24,4.2,7.19,36.89,26.16,9.73
E02000665,Lewisham 013,546.0,957.0,380.0,358.0,2946.0,2096.0,879.0,8162.0,6.69,11.73,4.66,4.39,36.09,25.68,10.77
E02000666,Lewisham 014,474.0,841.0,346.0,468.0,2550.0,1775.0,740.0,7194.0,6.59,11.69,4.81,6.51,35.45,24.67,10.29
E02000667,Lewisham 015,485.0,799.0,364.0,344.0,2444.0,1567.0,689.0,6692.0,7.25,11.94,5.44,5.14,36.52,23.42,10.3
E02000668,Lewisham 016,564.0,910.0,347.0,288.0,2246.0,1705.0,796.0,6856.0,8.23,13.27,5.06,4.2,32.76,24.87,11.61
E02000669,Lewisham 017,639.0,825.0,331.0,331.0,3385.0,1793.0,671.0,7975.0,8.01,10.34,4.15,4.15,42.45,22.48,8.41
E02000670,Lewisham 018,474.0,772.0,321.0,361.0,2484.0,1645.0,646.0,6703.0,7.07,11.52,4.79,5.39,37.06,24.54,9.64
E02000671,Lewisham 019,687.0,985.0,345.0,371.0,3447.0,2072.0,836.0,8743.0,7.86,11.27,3.95,4.24,39.43,23.7,9.56
E02000672,Lewisham 020,792.0,1147.0,488.0,534.0,4012.0,2457.0,842.0,10272.0,7.71,11.17,4.75,5.2,39.06,23.92,8.2
E02000673,Lewisham 021,481.0,942.0,366.0,330.0,3148.0,2070.0,810.0,8147.0,5.9,11.56,4.49,4.05,38.64,25.41,9.94
E02000674,Lewisham 022,614.0,958.0,503.0,562.0,2462.0,2350.0,1006.0,8455.0,7.26,11.33,5.95,6.65,29.12,27.79,11.9
E02000675,Lewisham 023,555.0,1053.0,405.0,421.0,2717.0,2173.0,1208.0,8532.0,6.5,12.34,4.75,4.93,31.84,25.47,14.16
E02000676,Lewisham 024,566.0,944.0,322.0,392.0,2931.0,1908.0,756.0,7819.0,7.24,12.07,4.12,5.01,37.49,24.4,9.67
E02000677,Lewisham 025,460.0,827.0,369.0,409.0,2145.0,1974.0,1040.0,7224.0,6.37,11.45,5.11,5.66,29.69,27.33,14.4
E02000678,Lewisham 026,507.0,1017.0,461.0,414.0,2064.0,1825.0,670.0,6958.0,7.29,14.62,6.63,5.95,29.66,26.23,9.63
E02000679,Lewisham 027,574.0,1077.0,373.0,404.0,2905.0,1913.0,883.0,8129.0,7.06,13.25,4.59,4.97,35.74,23.53,10.86
E02000680,Lewisham 028,477.0,948.0,350.0,356.0,2409.0,1783.0,724.0,7047.0,6.77,13.45,4.97,5.05,34.18,25.3,10.27
E02000681,Lewisham 029,586.0,1098.0,497.0,485.0,2479.0,2300.0,1025.0,8470.0,6.92,12.96,5.87,5.73,29.27,27.15,12.1
E02000682,Lewisham 030,532.0,1418.0,698.0,620.0,2423.0,2296.0,952.0,8939.0,5.95,15.86,7.81,6.94,27.11,25.69,10.65
E02000683,Lewisham 031,429.0,828.0,405.0,382.0,2110.0,1795.0,814.0,6763.0,6.34,12.24,5.99,5.65,31.2,26.54,12.04
E02000685,Lewisham 033,499.0,1083.0,440.0,407.0,2690.0,2017.0,996.0,8132.0,6.14,13.32,5.41,5.0,33.08,24.8,12.25
E02000686,Lewisham 034,511.0,1160.0,496.0,406.0,2308.0,2059.0,595.0,7535.0,6.78,15.39,6.58,5.39,30.63,27.33,7.9
E02000687,Lewisham 035,570.0,980.0,360.0,352.0,2865.0,2115.0,1023.0,8265.0,6.9,11.86,4.36,4.26,34.66,25.59,12.38
E02000689,Merton 001,740.0,1191.0,388.0,440.0,3314.0,2079.0,897.0,9049.0,8.18,13.16,4.29,4.86,36.62,22.97,9.91
E02000690,Merton 002,220.0,670.0,285.0,194.0,1032.0,1692.0,1432.0,5525.0,3.98,12.13,5.16,3.51,18.68,30.62,25.92
E02000691,Merton 003,423.0,841.0,310.0,359.0,2812.0,1783.0,832.0,7360.0,5.75,11.43,4.21,4.88,38.21,24.23,11.3
E02000692,Merton 004,386.0,726.0,270.0,253.0,2732.0,1920.0,1369.0,7656.0,5.04,9.48,3.53,3.3,35.68,25.08,17.88
E02000693,Merton 005,602.0,765.0,260.0,562.0,4872.0,1941.0,848.0,9850.0,6.11,7.77,2.64,5.71,49.46,19.71,8.61
E02000694,Merton 006,723.0,977.0,269.0,435.0,3934.0,1938.0,826.0,9102.0,7.94,10.73,2.96,4.78,43.22,21.29,9.07
E02000695,Merton 007,531.0,885.0,412.0,535.0,3109.0,2059.0,1110.0,8641.0,6.15,10.24,4.77,6.19,35.98,23.83,12.85
E02000696,Merton 008,526.0,943.0,415.0,534.0,3563.0,1969.0,681.0,8631.0,6.09,10.93,4.81,6.19,41.28,22.81,7.89
E02000697,Merton 009,631.0,868.0,273.0,417.0,3937.0,1858.0,744.0,8728.0,7.23,9.95,3.13,4.78,45.11,21.29,8.52
E02000698,Merton 010,452.0,1194.0,477.0,268.0,2105.0,2289.0,1452.0,8237.0,5.49,14.5,5.79,3.25,25.56,27.79,17.63
E02000699,Merton 011,589.0,1095.0,313.0,311.0,2984.0,1918.0,1005.0,8215.0,7.17,13.33,3.81,3.79,36.32,23.35,12.23
E02000700,Merton 012,527.0,1157.0,492.0,495.0,3077.0,2135.0,780.0,8663.0,6.08,13.36,5.68,5.71,35.52,24.65,9.0
E02000701,Merton 013,526.0,1142.0,560.0,486.0,2959.0,2284.0,1049.0,9006.0,5.84,12.68,6.22,5.4,32.86,25.36,11.65
E02000702,Merton 014,683.0,1377.0,602.0,509.0,3044.0,2201.0,907.0,9323.0,7.33,14.77,6.46,5.46,32.65,23.61,9.73
E02000703,Merton 015,411.0,1072.0,401.0,374.0,2081.0,2165.0,1467.0,7971.0,5.16,13.45,5.03,4.69,26.11,27.16,18.4
E02000704,Merton 016,604.0,895.0,325.0,388.0,3420.0,1883.0,1074.0,8589.0,7.03,10.42,3.78,4.52,39.82,21.92,12.5
E02000705,Merton 017,499.0,1188.0,545.0,545.0,2967.0,2323.0,1272.0,9339.0,5.34,12.72,5.84,5.84,31.77,24.87,13.62
E02000706,Merton 018,716.0,1522.0,624.0,604.0,3260.0,2440.0,867.0,10033.0,7.14,15.17,6.22,6.02,32.49,24.32,8.64
E02000707,Merton 019,492.0,1203.0,602.0,574.0,2314.0,2241.0,868.0,8294.0,5.93,14.5,7.26,6.92,27.9,27.02,10.47
E02000708,Merton 020,557.0,1156.0,466.0,417.0,2711.0,2330.0,1252.0,8889.0,6.27,13.0,5.24,4.69,30.5,26.21,14.08
E02000709,Merton 021,467.0,1020.0,397.0,382.0,2153.0,2127.0,1429.0,7975.0,5.86,12.79,4.98,4.79,27.0,26.67,17.92
E02000710,Merton 022,569.0,1140.0,461.0,517.0,2810.0,2277.0,1405.0,9179.0,6.2,12.42,5.02,5.63,30.61,24.81,15.31
E02000711,Merton 023,605.0,1200.0,494.0,540.0,3396.0,2290.0,920.0,9445.0,6.41,12.71,5.23,5.72,35.96,24.25,9.74
E02000712,Merton 024,584.0,1301.0,585.0,614.0,2745.0,2583.0,1248.0,9660.0,6.05,13.47,6.06,6.36,28.42,26.74,12.92
E02000713,Merton 025,468.0,933.0,457.0,408.0,2090.0,2111.0,1336.0,7803.0,6.0,11.96,5.86,5.23,26.78,27.05,17.12
E02000714,Newham 001,564.0,995.0,448.0,551.0,2801.0,1749.0,602.0,7710.0,7.32,12.91,5.81,7.15,36.33,22.68,7.81
E02000715,Newham 002,588.0,1263.0,583.0,557.0,2198.0,1544.0,558.0,7291.0,8.06,17.32,8.0,7.64,30.15,21.18,7.65
E02000716,Newham 003,545.0,1104.0,528.0,448.0,2549.0,1536.0,643.0,7353.0,7.41,15.01,7.18,6.09,34.67,20.89,8.74
E02000717,Newham 004,609.0,1414.0,603.0,560.0,2825.0,1696.0,649.0,8356.0,7.29,16.92,7.22,6.7,33.81,20.3,7.77
E02000718,Newham 005,551.0,1308.0,633.0,571.0,2278.0,1541.0,526.0,7408.0,7.44,17.66,8.54,7.71,30.75,20.8,7.1
E02000719,Newham 006,506.0,913.0,436.0,624.0,3172.0,1822.0,610.0,8083.0,6.26,11.3,5.39,7.72,39.24,22.54,7.55
E02000720,Newham 007,557.0,985.0,492.0,519.0,2616.0,1624.0,693.0,7486.0,7.44,13.16,6.57,6.93,34.95,21.69,9.26
E02000721,Newham 008,709.0,1418.0,678.0,742.0,3342.0,1920.0,737.0,9546.0,7.43,14.85,7.1,7.77,35.01,20.11,7.72
E02000722,Newham 009,452.0,857.0,401.0,696.0,3340.0,1761.0,630.0,8137.0,5.55,10.53,4.93,8.55,41.05,21.64,7.74
E02000723,Newham 010,855.0,1441.0,634.0,877.0,3950.0,2372.0,1061.0,11190.0,7.64,12.88,5.67,7.84,35.3,21.2,9.48
E02000724,Newham 011,813.0,1533.0,711.0,843.0,3263.0,2100.0,766.0,10029.0,8.11,15.29,7.09,8.41,32.54,20.94,7.64
E02000725,Newham 012,638.0,974.0,439.0,1086.0,4292.0,1885.0,674.0,9988.0,6.39,9.75,4.4,10.87,42.97,18.87,6.75
E02000727,Newham 014,600.0,1316.0,570.0,676.0,2954.0,1762.0,638.0,8516.0,7.05,15.45,6.69,7.94,34.69,20.69,7.49
E02000728,Newham 015,553.0,1198.0,552.0,599.0,2965.0,1997.0,667.0,8531.0,6.48,14.04,6.47,7.02,34.76,23.41,7.82
E02000729,Newham 016,600.0,897.0,394.0,451.0,2670.0,1567.0,744.0,7323.0,8.19,12.25,5.38,6.16,36.46,21.4,10.16
E02000730,Newham 017,882.0,1216.0,511.0,769.0,3834.0,1814.0,912.0,9938.0,8.88,12.24,5.14,7.74,38.58,18.25,9.18
E02000731,Newham 018,684.0,1497.0,697.0,736.0,3414.0,2054.0,869.0,9951.0,6.87,15.04,7.0,7.4,34.31,20.64,8.73
E02000732,Newham 019,673.0,1284.0,754.0,723.0,2951.0,1896.0,623.0,8904.0,7.56,14.42,8.47,8.12,33.14,21.29,7.0
E02000733,Newham 020,605.0,1155.0,662.0,881.0,3743.0,2243.0,814.0,10103.0,5.99,11.43,6.55,8.72,37.05,22.2,8.06
E02000734,Newham 021,428.0,903.0,462.0,547.0,2608.0,1765.0,586.0,7299.0,5.86,12.37,6.33,7.49,35.73,24.18,8.03
E02000735,Newham 022,576.0,1251.0,555.0,653.0,3008.0,1809.0,763.0,8615.0,6.69,14.52,6.44,7.58,34.92,21.0,8.86
E02000736,Newham 023,644.0,1584.0,740.0,676.0,2810.0,2133.0,614.0,9201.0,7.0,17.22,8.04,7.35,30.54,23.18,6.67
E02000737,Newham 024,673.0,1709.0,785.0,795.0,3097.0,2485.0,839.0,10383.0,6.48,16.46,7.56,7.66,29.83,23.93,8.08
E02000738,Newham 025,728.0,1480.0,665.0,639.0,3333.0,2087.0,647.0,9579.0,7.6,15.45,6.94,6.67,34.79,21.79,6.75
E02000739,Newham 026,524.0,1002.0,535.0,609.0,2711.0,1770.0,573.0,7724.0,6.78,12.97,6.93,7.88,35.1,22.92,7.42
E02000740,Newham 027,402.0,807.0,407.0,575.0,2467.0,1603.0,512.0,6773.0,5.94,11.91,6.01,8.49,36.42,23.67,7.56
E02000741,Newham 028,515.0,1318.0,540.0,540.0,2717.0,1960.0,652.0,8242.0,6.25,15.99,6.55,6.55,32.97,23.78,7.91
E02000742,Newham 029,622.0,1486.0,657.0,635.0,2705.0,1997.0,603.0,8705.0,7.15,17.07,7.55,7.29,31.07,22.94,6.93
E02000743,Newham 030,566.0,1362.0,725.0,923.0,3799.0,2205.0,699.0,10279.0,5.51,13.25,7.05,8.98,36.96,21.45,6.8
E02000744,Newham 031,678.0,1305.0,547.0,644.0,3359.0,1993.0,655.0,9181.0,7.38,14.21,5.96,7.01,36.59,21.71,7.13
E02000745,Newham 032,525.0,1175.0,532.0,622.0,3015.0,2063.0,662.0,8594.0,6.11,13.67,6.19,7.24,35.08,24.01,7.7
E02000746,Newham 033,636.0,1073.0,580.0,964.0,3772.0,1795.0,606.0,9426.0,6.75,11.38,6.15,10.23,40.02,19.04,6.43
E02000747,Newham 034,696.0,1290.0,606.0,1041.0,6447.0,2269.0,750.0,13099.0,5.31,9.85,4.63,7.95,49.22,17.32,5.73
E02000748,Newham 035,366.0,876.0,381.0,446.0,2237.0,1463.0,508.0,6277.0,5.83,13.96,6.07,7.11,35.64,23.31,8.09
E02000749,Newham 036,586.0,1298.0,658.0,788.0,3272.0,2183.0,762.0,9547.0,6.14,13.6,6.89,8.25,34.27,22.87,7.98
E02000751,Redbridge 001,557.0,1328.0,564.0,514.0,2681.0,3087.0,2422.0,11153.0,4.99,11.91,5.06,4.61,24.04,27.68,21.72
E02000752,Redbridge 002,647.0,1244.0,495.0,453.0,2985.0,2004.0,953.0,8781.0,7.37,14.17,5.64,5.16,33.99,22.82,10.85
E02000753,Redbridge 003,544.0,918.0,395.0,407.0,2181.0,1607.0,865.0,6917.0,7.86,13.27,5.71,5.88,31.53,23.23,12.51
E02000754,Redbridge 004,427.0,808.0,370.0,328.0,2145.0,1757.0,940.0,6775.0,6.3,11.93,5.46,4.84,31.66,25.93,13.87
E02000755,Redbridge 005,326.0,691.0,293.0,266.0,1629.0,1473.0,805.0,5483.0,5.95,12.6,5.34,4.85,29.71,26.86,14.68
E02000756,Redbridge 006,968.0,1966.0,798.0,869.0,4618.0,3527.0,1852.0,14598.0,6.63,13.47,5.47,5.95,31.63,24.16,12.69
E02000757,Redbridge 007,835.0,1420.0,558.0,552.0,4285.0,3057.0,1690.0,12397.0,6.74,11.45,4.5,4.45,34.56,24.66,13.63
E02000758,Redbridge 008,378.0,953.0,480.0,442.0,1837.0,1789.0,1019.0,6898.0,5.48,13.82,6.96,6.41,26.63,25.94,14.77
E02000759,Redbridge 009,891.0,1801.0,730.0,676.0,4216.0,3275.0,1498.0,13087.0,6.81,13.76,5.58,5.17,32.22,25.02,11.45
E02000760,Redbridge 010,453.0,1066.0,482.0,446.0,2237.0,1798.0,1057.0,7539.0,6.01,14.14,6.39,5.92,29.67,23.85,14.02
E02000762,Redbridge 012,333.0,797.0,402.0,436.0,1872.0,1685.0,1102.0,6627.0,5.02,12.03,6.07,6.58,28.25,25.43,16.63
E02000763,Redbridge 013,514.0,1068.0,494.0,521.0,2542.0,1888.0,988.0,8015.0,6.41,13.33,6.16,6.5,31.72,23.56,12.33
E02000764,Redbridge 014,716.0,1241.0,444.0,499.0,4104.0,3115.0,2183.0,12302.0,5.82,10.09,3.61,4.06,33.36,25.32,17.75
E02000765,Redbridge 015,531.0,1064.0,413.0,484.0,2541.0,1641.0,857.0,7531.0,7.05,14.13,5.48,6.43,33.74,21.79,11.38
E02000767,Redbridge 017,548.0,1311.0,470.0,479.0,2835.0,1858.0,1119.0,8620.0,6.36,15.21,5.45,5.56,32.89,21.55,12.98
E02000768,Redbridge 018,349.0,757.0,274.0,246.0,1582.0,1553.0,1027.0,5788.0,6.03,13.08,4.73,4.25,27.33,26.83,17.74
E02000770,Redbridge 020,476.0,1132.0,561.0,611.0,2479.0,1888.0,990.0,8137.0,5.85,13.91,6.89,7.51,30.47,23.2,12.17
E02000772,Redbridge 022,533.0,1308.0,641.0,504.0,2701.0,1863.0,831.0,8381.0,6.36,15.61,7.65,6.01,32.23,22.23,9.92
E02000773,Redbridge 023,801.0,1583.0,873.0,835.0,3168.0,2519.0,963.0,10742.0,7.46,14.74,8.13,7.77,29.49,23.45,8.96
E02000774,Redbridge 024,659.0,1174.0,532.0,537.0,2752.0,1635.0,827.0,8116.0,8.12,14.47,6.55,6.62,33.91,20.15,10.19
E02000776,Redbridge 026,502.0,1068.0,452.0,428.0,2271.0,1590.0,722.0,7033.0,7.14,15.19,6.43,6.09,32.29,22.61,10.27
E02000777,Redbridge 027,431.0,741.0,293.0,265.0,1671.0,1597.0,1010.0,6008.0,7.17,12.33,4.88,4.41,27.81,26.58,16.81
E02000779,Redbridge 029,774.0,1134.0,462.0,553.0,3062.0,1667.0,765.0,8417.0,9.2,13.47,5.49,6.57,36.38,19.81,9.09
E02000781,Redbridge 031,1168.0,2554.0,1334.0,1132.0,4621.0,3704.0,1770.0,16283.0,7.17,15.69,8.19,6.95,28.38,22.75,10.87
E02000782,Redbridge 032,975.0,1883.0,799.0,784.0,4033.0,2258.0,767.0,11499.0,8.48,16.38,6.95,6.82,35.07,19.64,6.67
E02000783,Redbridge 033,571.0,1265.0,597.0,595.0,2286.0,1553.0,528.0,7395.0,7.72,17.11,8.07,8.05,30.91,21.0,7.14
E02000784,Richmond upon Thames 001,472.0,1337.0,593.0,426.0,2311.0,3105.0,1882.0,10126.0,4.66,13.2,5.86,4.21,22.82,30.66,18.59
E02000785,Richmond upon Thames 002,491.0,1145.0,408.0,349.0,2705.0,2811.0,1802.0,9711.0,5.06,11.79,4.2,3.59,27.86,28.95,18.56
E02000786,Richmond upon Thames 003,895.0,1452.0,432.0,364.0,3576.0,3034.0,1620.0,11373.0,7.87,12.77,3.8,3.2,31.44,26.68,14.24
E02000787,Richmond upon Thames 004,801.0,1564.0,528.0,458.0,4038.0,3172.0,1536.0,12097.0,6.62,12.93,4.36,3.79,33.38,26.22,12.7
E02000788,Richmond upon Thames 005,620.0,1410.0,410.0,326.0,2449.0,2524.0,1359.0,9098.0,6.81,15.5,4.51,3.58,26.92,27.74,14.94
E02000789,Richmond upon Thames 006,314.0,758.0,271.0,218.0,1875.0,1783.0,1082.0,6301.0,4.98,12.03,4.3,3.46,29.76,28.3,17.17
E02000790,Richmond upon Thames 007,422.0,934.0,348.0,225.0,1867.0,2018.0,772.0,6586.0,6.41,14.18,5.28,3.42,28.35,30.64,11.72
E02000791,Richmond upon Thames 008,381.0,744.0,231.0,223.0,2173.0,1729.0,1001.0,6482.0,5.88,11.48,3.56,3.44,33.52,26.67,15.44
E02000792,Richmond upon Thames 009,339.0,933.0,357.0,237.0,1905.0,2107.0,1268.0,7146.0,4.74,13.06,5.0,3.32,26.66,29.49,17.74
E02000793,Richmond upon Thames 010,421.0,1029.0,426.0,448.0,2161.0,2220.0,1396.0,8101.0,5.2,12.7,5.26,5.53,26.68,27.4,17.23
E02000794,Richmond upon Thames 011,422.0,954.0,364.0,286.0,2045.0,1932.0,1011.0,7014.0,6.02,13.6,5.19,4.08,29.16,27.54,14.41
E02000795,Richmond upon Thames 012,369.0,1147.0,430.0,247.0,1332.0,2033.0,1376.0,6934.0,5.32,16.54,6.2,3.56,19.21,29.32,19.84
E02000796,Richmond upon Thames 013,625.0,1546.0,690.0,603.0,2929.0,2898.0,1789.0,11080.0,5.64,13.95,6.23,5.44,26.44,26.16,16.15
E02000797,Richmond upon Thames 014,515.0,985.0,328.0,354.0,2656.0,2088.0,932.0,7858.0,6.55,12.53,4.17,4.5,33.8,26.57,11.86
E02000798,Richmond upon Thames 015,678.0,1777.0,685.0,471.0,2907.0,3313.0,1474.0,11305.0,6.0,15.72,6.06,4.17,25.71,29.31,13.04
E02000799,Richmond upon Thames 016,275.0,775.0,732.0,588.0,1355.0,1821.0,1065.0,6611.0,4.16,11.72,11.07,8.89,20.5,27.55,16.11
E02000800,Richmond upon Thames 017,300.0,889.0,346.0,195.0,1227.0,1585.0,873.0,5415.0,5.54,16.42,6.39,3.6,22.66,29.27,16.12
E02000801,Richmond upon Thames 018,430.0,985.0,340.0,304.0,1845.0,2150.0,1052.0,7106.0,6.05,13.86,4.78,4.28,25.96,30.26,14.8
E02000802,Richmond upon Thames 019,329.0,954.0,303.0,285.0,1861.0,2008.0,1263.0,7003.0,4.7,13.62,4.33,4.07,26.57,28.67,18.04
E02000803,Richmond upon Thames 020,525.0,1258.0,509.0,415.0,2426.0,2765.0,1821.0,9719.0,5.4,12.94,5.24,4.27,24.96,28.45,18.74
E02000804,Richmond upon Thames 021,405.0,789.0,332.0,382.0,1920.0,2069.0,1238.0,7135.0,5.68,11.06,4.65,5.35,26.91,29.0,17.35
E02000805,Richmond upon Thames 022,530.0,1384.0,598.0,425.0,2729.0,3268.0,1819.0,10753.0,4.93,12.87,5.56,3.95,25.38,30.39,16.92
E02000806,Richmond upon Thames 023,544.0,1294.0,487.0,400.0,2458.0,3104.0,2017.0,10304.0,5.28,12.56,4.73,3.88,23.85,30.12,19.57
E02000807,Southwark 001,418.0,601.0,208.0,563.0,4161.0,1617.0,660.0,8228.0,5.08,7.3,2.53,6.84,50.57,19.65,8.02
E02000808,Southwark 002,311.0,517.0,950.0,1569.0,4174.0,1920.0,731.0,10172.0,3.06,5.08,9.34,15.42,41.03,18.88,7.19
E02000810,Southwark 004,597.0,1282.0,582.0,882.0,5139.0,2527.0,884.0,11893.0,5.02,10.78,4.89,7.42,43.21,21.25,7.43
E02000812,Southwark 006,450.0,1124.0,621.0,1306.0,4045.0,2389.0,856.0,10791.0,4.17,10.42,5.75,12.1,37.48,22.14,7.93
E02000813,Southwark 007,481.0,1133.0,479.0,927.0,4444.0,2033.0,719.0,10216.0,4.71,11.09,4.69,9.07,43.5,19.9,7.04
E02000814,Southwark 008,580.0,799.0,268.0,816.0,5195.0,1947.0,688.0,10293.0,5.63,7.76,2.6,7.93,50.47,18.92,6.68
E02000815,Southwark 009,313.0,528.0,690.0,1265.0,3256.0,1220.0,333.0,7605.0,4.12,6.94,9.07,16.63,42.81,16.04,4.38
E02000816,Southwark 010,554.0,1014.0,470.0,884.0,3810.0,2112.0,754.0,9598.0,5.77,10.56,4.9,9.21,39.7,22.0,7.86
E02000817,Southwark 011,347.0,800.0,365.0,531.0,2370.0,1640.0,769.0,6822.0,5.09,11.73,5.35,7.78,34.74,24.04,11.27
E02000818,Southwark 012,441.0,824.0,424.0,1047.0,4385.0,1895.0,779.0,9795.0,4.5,8.41,4.33,10.69,44.77,19.35,7.95
E02000819,Southwark 013,490.0,956.0,475.0,888.0,2981.0,2046.0,664.0,8500.0,5.76,11.25,5.59,10.45,35.07,24.07,7.81
E02000820,Southwark 014,399.0,875.0,579.0,995.0,3645.0,2014.0,746.0,9253.0,4.31,9.46,6.26,10.75,39.39,21.77,8.06
E02000821,Southwark 015,592.0,1227.0,655.0,706.0,3104.0,2419.0,647.0,9350.0,6.33,13.12,7.01,7.55,33.2,25.87,6.92
E02000822,Southwark 016,355.0,851.0,432.0,579.0,2359.0,1658.0,494.0,6728.0,5.28,12.65,6.42,8.61,35.06,24.64,7.34
E02000823,Southwark 017,380.0,874.0,450.0,753.0,3292.0,2175.0,751.0,8675.0,4.38,10.07,5.19,8.68,37.95,25.07,8.66
E02000824,Southwark 018,546.0,1341.0,683.0,840.0,3232.0,2496.0,776.0,9914.0,5.51,13.53,6.89,8.47,32.6,25.18,7.83
E02000825,Southwark 019,557.0,1315.0,756.0,840.0,3371.0,2620.0,768.0,10227.0,5.45,12.86,7.39,8.21,32.96,25.62,7.51
E02000826,Southwark 020,554.0,971.0,598.0,764.0,3895.0,2270.0,825.0,9877.0,5.61,9.83,6.05,7.74,39.44,22.98,8.35
E02000827,Southwark 021,603.0,1210.0,627.0,770.0,4267.0,2830.0,1011.0,11318.0,5.33,10.69,5.54,6.8,37.7,25.0,8.93
E02000828,Southwark 022,457.0,969.0,502.0,847.0,3256.0,2127.0,651.0,8809.0,5.19,11.0,5.7,9.62,36.96,24.15,7.39
E02000829,Southwark 023,633.0,1099.0,461.0,682.0,4529.0,2541.0,980.0,10925.0,5.79,10.06,4.22,6.24,41.46,23.26,8.97
E02000830,Southwark 024,422.0,766.0,385.0,608.0,3790.0,2135.0,776.0,8882.0,4.75,8.62,4.33,6.85,42.67,24.04,8.74
E02000831,Southwark 025,566.0,913.0,377.0,558.0,4067.0,2038.0,833.0,9352.0,6.05,9.76,4.03,5.97,43.49,21.79,8.91
E02000832,Southwark 026,585.0,981.0,449.0,661.0,3582.0,2378.0,1055.0,9691.0,6.04,10.12,4.63,6.82,36.96,24.54,10.89
E02000833,Southwark 027,435.0,1017.0,379.0,450.0,2726.0,1876.0,599.0,7482.0,5.81,13.59,5.07,6.01,36.43,25.07,8.01
E02000834,Southwark 028,626.0,890.0,270.0,489.0,4264.0,2017.0,830.0,9386.0,6.67,9.48,2.88,5.21,45.43,21.49,8.84
E02000835,Southwark 029,597.0,1060.0,353.0,335.0,2748.0,1910.0,670.0,7673.0,7.78,13.81,4.6,4.37,35.81,24.89,8.73
E02000836,Southwark 030,632.0,958.0,335.0,307.0,3205.0,1996.0,874.0,8307.0,7.61,11.53,4.03,3.7,38.58,24.03,10.52
E02000837,Southwark 031,483.0,1375.0,474.0,325.0,2130.0,2487.0,1291.0,8565.0,5.64,16.05,5.53,3.79,24.87,29.04,15.07
E02000838,Southwark 032,633.0,1118.0,468.0,424.0,3480.0,2453.0,922.0,9498.0,6.66,11.77,4.93,4.46,36.64,25.83,9.71
E02000839,Southwark 033,526.0,1227.0,537.0,325.0,2631.0,2152.0,1079.0,8477.0,6.21,14.47,6.33,3.83,31.04,25.39,12.73
E02000840,Sutton 001,645.0,1492.0,597.0,504.0,2917.0,2326.0,845.0,9326.0,6.92,16.0,6.4,5.4,31.28,24.94,9.06
E02000841,Sutton 002,554.0,1356.0,644.0,554.0,2704.0,2446.0,931.0,9189.0,6.03,14.76,7.01,6.03,29.43,26.62,10.13
E02000842,Sutton 003,441.0,1065.0,494.0,443.0,2126.0,2243.0,1472.0,8284.0,5.32,12.86,5.96,5.35,25.66,27.08,17.77
E02000843,Sutton 004,800.0,1229.0,369.0,389.0,3681.0,2112.0,901.0,9481.0,8.44,12.96,3.89,4.1,38.83,22.28,9.5
E02000844,Sutton 005,516.0,1236.0,603.0,497.0,2491.0,2248.0,1074.0,8665.0,5.95,14.26,6.96,5.74,28.75,25.94,12.39
E02000845,Sutton 006,646.0,1370.0,484.0,424.0,2847.0,2501.0,1150.0,9422.0,6.86,14.54,5.14,4.5,30.22,26.54,12.21
E02000846,Sutton 007,413.0,1062.0,417.0,392.0,2035.0,2009.0,1284.0,7612.0,5.43,13.95,5.48,5.15,26.73,26.39,16.87
E02000847,Sutton 008,565.0,1170.0,464.0,447.0,2503.0,2366.0,1908.0,9423.0,6.0,12.42,4.92,4.74,26.56,25.11,20.25
E02000848,Sutton 009,413.0,1213.0,565.0,403.0,2066.0,2250.0,1237.0,8147.0,5.07,14.89,6.94,4.95,25.36,27.62,15.18
E02000849,Sutton 010,542.0,1086.0,426.0,377.0,2404.0,2133.0,1210.0,8178.0,6.63,13.28,5.21,4.61,29.4,26.08,14.8
E02000850,Sutton 011,611.0,1396.0,678.0,568.0,2787.0,3113.0,1691.0,10844.0,5.63,12.87,6.25,5.24,25.7,28.71,15.59
E02000851,Sutton 012,918.0,1520.0,477.0,572.0,4406.0,2468.0,1225.0,11586.0,7.92,13.12,4.12,4.94,38.03,21.3,10.57
E02000852,Sutton 013,509.0,1126.0,392.0,344.0,2501.0,2131.0,1138.0,8141.0,6.25,13.83,4.82,4.23,30.72,26.18,13.98
E02000853,Sutton 014,531.0,1222.0,430.0,355.0,2460.0,2112.0,1063.0,8173.0,6.5,14.95,5.26,4.34,30.1,25.84,13.01
E02000854,Sutton 015,498.0,1006.0,360.0,296.0,2200.0,2044.0,1205.0,7609.0,6.54,13.22,4.73,3.89,28.91,26.86,15.84
E02000855,Sutton 016,405.0,1066.0,448.0,398.0,1923.0,2331.0,1644.0,8215.0,4.93,12.98,5.45,4.84,23.41,28.37,20.01
E02000856,Sutton 017,558.0,1263.0,466.0,441.0,2684.0,2468.0,1457.0,9337.0,5.98,13.53,4.99,4.72,28.75,26.43,15.6
E02000857,Sutton 018,560.0,1079.0,338.0,331.0,3260.0,2034.0,1390.0,8992.0,6.23,12.0,3.76,3.68,36.25,22.62,15.46
E02000858,Sutton 019,560.0,1378.0,609.0,483.0,2525.0,2071.0,938.0,8564.0,6.54,16.09,7.11,5.64,29.48,24.18,10.95
E02000859,Sutton 020,408.0,1125.0,479.0,354.0,2074.0,2245.0,1802.0,8487.0,4.81,13.26,5.64,4.17,24.44,26.45,21.23
E02000860,Sutton 021,620.0,1074.0,334.0,320.0,3282.0,2001.0,1157.0,8788.0,7.06,12.22,3.8,3.64,37.35,22.77,13.17
E02000861,Sutton 022,337.0,1034.0,420.0,330.0,1618.0,2289.0,1752.0,7780.0,4.33,13.29,5.4,4.24,20.8,29.42,22.52
E02000863,Sutton 024,319.0,875.0,425.0,346.0,1474.0,1941.0,1358.0,6738.0,4.73,12.99,6.31,5.14,21.88,28.81,20.15
E02000864,Tower Hamlets 001,712.0,1262.0,564.0,831.0,5118.0,1974.0,808.0,11269.0,6.32,11.2,5.0,7.37,45.42,17.52,7.17
E02000865,Tower Hamlets 002,461.0,950.0,486.0,705.0,3180.0,1606.0,577.0,7965.0,5.79,11.93,6.1,8.85,39.92,20.16,7.24
E02000866,Tower Hamlets 003,674.0,1064.0,508.0,908.0,4445.0,2138.0,907.0,10644.0,6.33,10.0,4.77,8.53,41.76,20.09,8.52
E02000867,Tower Hamlets 004,602.0,995.0,489.0,983.0,5956.0,1727.0,587.0,11339.0,5.31,8.78,4.31,8.67,52.53,15.23,5.18
E02000868,Tower Hamlets 005,362.0,671.0,410.0,719.0,3436.0,1154.0,441.0,7193.0,5.03,9.33,5.7,10.0,47.77,16.04,6.13
E02000869,Tower Hamlets 006,298.0,678.0,284.0,522.0,2431.0,1217.0,499.0,5929.0,5.03,11.44,4.79,8.8,41.0,20.53,8.42
E02000870,Tower Hamlets 007,356.0,774.0,384.0,604.0,2628.0,1136.0,485.0,6367.0,5.59,12.16,6.03,9.49,41.28,17.84,7.62
E02000871,Tower Hamlets 008,847.0,1571.0,708.0,1082.0,4775.0,1919.0,614.0,11516.0,7.35,13.64,6.15,9.4,41.46,16.66,5.33
E02000872,Tower Hamlets 009,396.0,850.0,443.0,936.0,3768.0,1337.0,416.0,8146.0,4.86,10.43,5.44,11.49,46.26,16.41,5.11
E02000873,Tower Hamlets 010,627.0,1145.0,1561.0,1137.0,3541.0,1395.0,434.0,9840.0,6.37,11.64,15.86,11.55,35.99,14.18,4.41
E02000874,Tower Hamlets 011,450.0,1007.0,474.0,878.0,3067.0,1224.0,397.0,7497.0,6.0,13.43,6.32,11.71,40.91,16.33,5.3
E02000875,Tower Hamlets 012,860.0,1812.0,968.0,1316.0,5755.0,2205.0,659.0,13575.0,6.34,13.35,7.13,9.69,42.39,16.24,4.85
E02000876,Tower Hamlets 013,437.0,739.0,333.0,843.0,3322.0,1228.0,381.0,7283.0,6.0,10.15,4.57,11.57,45.61,16.86,5.23
E02000877,Tower Hamlets 014,901.0,1839.0,809.0,1520.0,6051.0,2028.0,657.0,13805.0,6.53,13.32,5.86,11.01,43.83,14.69,4.76
E02000878,Tower Hamlets 015,480.0,875.0,595.0,1539.0,4831.0,1521.0,597.0,10438.0,4.6,8.38,5.7,14.74,46.28,14.57,5.72
E02000879,Tower Hamlets 016,511.0,1042.0,559.0,903.0,3011.0,1575.0,738.0,8339.0,6.13,12.5,6.7,10.83,36.11,18.89,8.85
E02000880,Tower Hamlets 017,472.0,774.0,402.0,759.0,2684.0,1024.0,384.0,6499.0,7.26,11.91,6.19,11.68,41.3,15.76,5.91
E02000881,Tower Hamlets 018,825.0,1525.0,796.0,1077.0,4407.0,1640.0,559.0,10829.0,7.62,14.08,7.35,9.95,40.7,15.14,5.16
E02000882,Tower Hamlets 019,804.0,1640.0,843.0,1112.0,4346.0,2039.0,710.0,11494.0,6.99,14.27,7.33,9.67,37.81,17.74,6.18
E02000883,Tower Hamlets 020,631.0,1442.0,792.0,811.0,3364.0,1631.0,614.0,9285.0,6.8,15.53,8.53,8.73,36.23,17.57,6.61
E02000884,Tower Hamlets 021,701.0,1150.0,856.0,2189.0,5927.0,1469.0,467.0,12759.0,5.49,9.01,6.71,17.16,46.45,11.51,3.66
E02000885,Tower Hamlets 022,468.0,995.0,467.0,705.0,2498.0,1324.0,597.0,7054.0,6.63,14.11,6.62,9.99,35.41,18.77,8.46
E02000886,Tower Hamlets 023,581.0,997.0,434.0,918.0,4500.0,1687.0,480.0,9597.0,6.05,10.39,4.52,9.57,46.89,17.58,5.0
E02000887,Tower Hamlets 024,781.0,1520.0,721.0,978.0,4375.0,1796.0,627.0,10798.0,7.23,14.08,6.68,9.06,40.52,16.63,5.81
E02000888,Tower Hamlets 025,572.0,1020.0,447.0,750.0,3858.0,1532.0,439.0,8618.0,6.64,11.84,5.19,8.7,44.77,17.78,5.09
E02000889,Tower Hamlets 026,494.0,947.0,353.0,833.0,4412.0,1448.0,477.0,8964.0,5.51,10.56,3.94,9.29,49.22,16.15,5.32
E02000890,Tower Hamlets 027,312.0,310.0,128.0,387.0,2803.0,1367.0,512.0,5819.0,5.36,5.33,2.2,6.65,48.17,23.49,8.8
E02000893,Tower Hamlets 030,490.0,867.0,360.0,592.0,3074.0,1435.0,595.0,7413.0,6.61,11.7,4.86,7.99,41.47,19.36,8.03
E02000894,Tower Hamlets 031,783.0,1134.0,420.0,910.0,5306.0,1907.0,555.0,11015.0,7.11,10.3,3.81,8.26,48.17,17.31,5.04
E02000895,Waltham Forest 001,449.0,969.0,496.0,485.0,1992.0,2231.0,1743.0,8365.0,5.37,11.58,5.93,5.8,23.81,26.67,20.84
E02000896,Waltham Forest 002,551.0,1030.0,447.0,460.0,2505.0,2559.0,1779.0,9331.0,5.91,11.04,4.79,4.93,26.85,27.42,19.07
E02000897,Waltham Forest 003,465.0,1113.0,514.0,456.0,2389.0,2316.0,1308.0,8561.0,5.43,13.0,6.0,5.33,27.91,27.05,15.28
E02000898,Waltham Forest 004,452.0,971.0,447.0,381.0,2109.0,2220.0,1434.0,8014.0,5.64,12.12,5.58,4.75,26.32,27.7,17.89
E02000899,Waltham Forest 005,507.0,1087.0,479.0,462.0,2537.0,2318.0,1418.0,8808.0,5.76,12.34,5.44,5.25,28.8,26.32,16.1
E02000900,Waltham Forest 006,587.0,1198.0,592.0,521.0,2620.0,2291.0,1161.0,8970.0,6.54,13.36,6.6,5.81,29.21,25.54,12.94
E02000901,Waltham Forest 007,696.0,1300.0,585.0,579.0,3049.0,2872.0,1407.0,10488.0,6.64,12.4,5.58,5.52,29.07,27.38,13.42
E02000902,Waltham Forest 008,790.0,1462.0,623.0,509.0,3206.0,2439.0,930.0,9959.0,7.93,14.68,6.26,5.11,32.19,24.49,9.34
E02000903,Waltham Forest 009,694.0,1453.0,715.0,664.0,3576.0,2313.0,857.0,10272.0,6.76,14.15,6.96,6.46,34.81,22.52,8.34
E02000904,Waltham Forest 010,547.0,1103.0,492.0,479.0,2984.0,2049.0,772.0,8426.0,6.49,13.09,5.84,5.68,35.41,24.32,9.16
E02000905,Waltham Forest 011,941.0,1404.0,541.0,488.0,3892.0,2399.0,807.0,10472.0,8.99,13.41,5.17,4.66,37.17,22.91,7.71
E02000906,Waltham Forest 012,666.0,1261.0,571.0,501.0,3715.0,2211.0,724.0,9649.0,6.9,13.07,5.92,5.19,38.5,22.91,7.5
E02000907,Waltham Forest 013,810.0,1493.0,713.0,591.0,3791.0,2334.0,849.0,10581.0,7.66,14.11,6.74,5.59,35.83,22.06,8.02
E02000908,Waltham Forest 014,834.0,1466.0,739.0,737.0,5766.0,2546.0,810.0,12898.0,6.47,11.37,5.73,5.71,44.7,19.74,6.28
E02000909,Waltham Forest 015,665.0,1250.0,392.0,396.0,3445.0,2271.0,828.0,9247.0,7.19,13.52,4.24,4.28,37.26,24.56,8.95
E02000910,Waltham Forest 016,794.0,1243.0,455.0,569.0,4819.0,2504.0,1043.0,11427.0,6.95,10.88,3.98,4.98,42.17,21.91,9.13
E02000911,Waltham Forest 017,917.0,1547.0,624.0,639.0,5596.0,2750.0,889.0,12962.0,7.07,11.93,4.81,4.93,43.17,21.22,6.86
E02000912,Waltham Forest 018,708.0,1170.0,564.0,617.0,3544.0,2211.0,924.0,9738.0,7.27,12.01,5.79,6.34,36.39,22.7,9.49
E02000913,Waltham Forest 019,691.0,1275.0,614.0,588.0,3346.0,2064.0,1066.0,9644.0,7.17,13.22,6.37,6.1,34.7,21.4,11.05
E02000914,Waltham Forest 020,847.0,1558.0,680.0,734.0,4274.0,2739.0,964.0,11796.0,7.18,13.21,5.76,6.22,36.23,23.22,8.17
E02000915,Waltham Forest 021,520.0,826.0,324.0,405.0,3281.0,1823.0,928.0,8107.0,6.41,10.19,4.0,5.0,40.47,22.49,11.45
E02000916,Waltham Forest 022,766.0,1202.0,559.0,606.0,4299.0,2367.0,767.0,10566.0,7.25,11.38,5.29,5.74,40.69,22.4,7.26
E02000917,Waltham Forest 023,781.0,1001.0,412.0,489.0,4285.0,1955.0,664.0,9587.0,8.15,10.44,4.3,5.1,44.7,20.39,6.93
E02000918,Waltham Forest 024,639.0,1042.0,416.0,562.0,3722.0,2124.0,817.0,9322.0,6.85,11.18,4.46,6.03,39.93,22.78,8.76
E02000919,Waltham Forest 025,683.0,859.0,376.0,551.0,4049.0,1919.0,806.0,9243.0,7.39,9.29,4.07,5.96,43.81,20.76,8.72
E02000920,Waltham Forest 026,626.0,1180.0,570.0,677.0,4133.0,2216.0,896.0,10298.0,6.08,11.46,5.54,6.57,40.13,21.52,8.7
E02000921,Waltham Forest 027,678.0,1284.0,617.0,812.0,4252.0,2629.0,928.0,11200.0,6.05,11.46,5.51,7.25,37.96,23.47,8.29
E02000922,Waltham Forest 028,678.0,1289.0,583.0,616.0,4092.0,2345.0,856.0,10459.0,6.48,12.32,5.57,5.89,39.12,22.42,8.18
E02000923,Wandsworth 001,367.0,580.0,240.0,407.0,2946.0,1755.0,1234.0,7529.0,4.87,7.7,3.19,5.41,39.13,23.31,16.39
E02000925,Wandsworth 003,472.0,878.0,355.0,598.0,3016.0,1831.0,752.0,7902.0,5.97,11.11,4.49,7.57,38.17,23.17,9.52
E02000926,Wandsworth 004,617.0,888.0,304.0,772.0,5852.0,2223.0,980.0,11636.0,5.3,7.63,2.61,6.63,50.29,19.1,8.42
E02000927,Wandsworth 005,365.0,563.0,211.0,572.0,3137.0,1455.0,792.0,7095.0,5.14,7.94,2.97,8.06,44.21,20.51,11.16
E02000928,Wandsworth 006,464.0,881.0,290.0,500.0,3142.0,1975.0,1105.0,8357.0,5.55,10.54,3.47,5.98,37.6,23.63,13.22
E02000929,Wandsworth 007,514.0,938.0,440.0,612.0,3159.0,1687.0,748.0,8098.0,6.35,11.58,5.43,7.56,39.01,20.83,9.24
E02000930,Wandsworth 008,471.0,696.0,243.0,1222.0,5158.0,1641.0,663.0,10094.0,4.67,6.9,2.41,12.11,51.1,16.26,6.57
E02000931,Wandsworth 009,623.0,1035.0,244.0,609.0,4008.0,1715.0,587.0,8821.0,7.06,11.73,2.77,6.9,45.44,19.44,6.65
E02000932,Wandsworth 010,664.0,971.0,315.0,799.0,6738.0,2332.0,1019.0,12838.0,5.17,7.56,2.45,6.22,52.48,18.16,7.94
E02000933,Wandsworth 011,407.0,850.0,369.0,473.0,3329.0,2178.0,1254.0,8860.0,4.59,9.59,4.16,5.34,37.57,24.58,14.15
E02000934,Wandsworth 012,405.0,535.0,211.0,683.0,4746.0,1595.0,739.0,8914.0,4.54,6.0,2.37,7.66,53.24,17.89,8.29
E02000935,Wandsworth 013,467.0,1075.0,755.0,1036.0,1979.0,1377.0,688.0,7377.0,6.33,14.57,10.23,14.04,26.83,18.67,9.33
E02000936,Wandsworth 014,410.0,743.0,317.0,636.0,4351.0,1909.0,984.0,9350.0,4.39,7.95,3.39,6.8,46.53,20.42,10.52
E02000937,Wandsworth 015,540.0,1165.0,387.0,465.0,2993.0,1965.0,653.0,8168.0,6.61,14.26,4.74,5.69,36.64,24.06,7.99
E02000938,Wandsworth 016,690.0,1365.0,535.0,652.0,3596.0,2552.0,1385.0,10775.0,6.4,12.67,4.97,6.05,33.37,23.68,12.85
E02000939,Wandsworth 017,549.0,1186.0,359.0,384.0,2496.0,1943.0,902.0,7819.0,7.02,15.17,4.59,4.91,31.92,24.85,11.54
E02000940,Wandsworth 018,485.0,866.0,324.0,559.0,4722.0,1676.0,690.0,9322.0,5.2,9.29,3.48,6.0,50.65,17.98,7.4
E02000941,Wandsworth 019,737.0,1143.0,347.0,575.0,4277.0,2200.0,891.0,10170.0,7.25,11.24,3.41,5.65,42.06,21.63,8.76
E02000942,Wandsworth 020,595.0,1117.0,406.0,531.0,3532.0,2353.0,1157.0,9691.0,6.14,11.53,4.19,5.48,36.45,24.28,11.94
E02000943,Wandsworth 021,456.0,710.0,237.0,672.0,4241.0,1652.0,748.0,8716.0,5.23,8.15,2.72,7.71,48.66,18.95,8.58
E02000944,Wandsworth 022,472.0,979.0,424.0,518.0,2793.0,1743.0,714.0,7643.0,6.18,12.81,5.55,6.78,36.54,22.81,9.34
E02000945,Wandsworth 023,446.0,1037.0,544.0,812.0,2483.0,1717.0,798.0,7837.0,5.69,13.23,6.94,10.36,31.68,21.91,10.18
E02000946,Wandsworth 024,500.0,725.0,342.0,561.0,4022.0,1646.0,645.0,8441.0,5.92,8.59,4.05,6.65,47.65,19.5,7.64
E02000947,Wandsworth 025,803.0,958.0,266.0,395.0,4210.0,1929.0,793.0,9354.0,8.58,10.24,2.84,4.22,45.01,20.62,8.48
E02000948,Wandsworth 026,511.0,752.0,258.0,760.0,5132.0,1736.0,880.0,10029.0,5.1,7.5,2.57,7.58,51.17,17.31,8.77
E02000949,Wandsworth 027,509.0,927.0,317.0,595.0,4298.0,2305.0,1052.0,10003.0,5.09,9.27,3.17,5.95,42.97,23.04,10.52
E02000950,Wandsworth 028,408.0,870.0,382.0,456.0,2858.0,1729.0,883.0,7586.0,5.38,11.47,5.04,6.01,37.67,22.79,11.64
E02000951,Wandsworth 029,298.0,511.0,208.0,530.0,2884.0,1353.0,649.0,6433.0,4.63,7.94,3.23,8.24,44.83,21.03,10.09
E02000952,Wandsworth 030,317.0,535.0,205.0,485.0,2598.0,1413.0,603.0,6156.0,5.15,8.69,3.33,7.88,42.2,22.95,9.8
E02000953,Wandsworth 031,559.0,643.0,385.0,511.0,3571.0,1331.0,502.0,7502.0,7.45,8.57,5.13,6.81,47.6,17.74,6.69
E02000954,Wandsworth 032,353.0,566.0,231.0,529.0,2538.0,1172.0,713.0,6102.0,5.78,9.28,3.79,8.67,41.59,19.21,11.68
E02000955,Wandsworth 033,353.0,695.0,325.0,560.0,2920.0,1284.0,756.0,6893.0,5.12,10.08,4.71,8.12,42.36,18.63,10.97
E02000956,Wandsworth 034,362.0,636.0,296.0,905.0,3331.0,1338.0,555.0,7423.0,4.88,8.57,3.99,12.19,44.87,18.03,7.48
E02000957,Wandsworth 035,624.0,1043.0,360.0,825.0,5004.0,2034.0,972.0,10862.0,5.74,9.6,3.31,7.6,46.07,18.73,8.95
E02000958,Wandsworth 036,421.0,1060.0,621.0,575.0,2443.0,2028.0,1117.0,8265.0,5.09,12.83,7.51,6.96,29.56,24.54,13.51
E02000959,Wandsworth 037,521.0,946.0,377.0,502.0,2938.0,1875.0,712.0,7871.0,6.62,12.02,4.79,6.38,37.33,23.82,9.05
E02000960,Westminster 001,263.0,615.0,271.0,402.0,2080.0,1546.0,980.0,6157.0,4.27,9.99,4.4,6.53,33.78,25.11,15.92
E02000961,Westminster 002,548.0,1132.0,550.0,726.0,3414.0,2374.0,1066.0,9810.0,5.59,11.54,5.61,7.4,34.8,24.2,10.87
E02000962,Westminster 003,319.0,600.0,306.0,525.0,2921.0,1790.0,1237.0,7698.0,4.14,7.79,3.98,6.82,37.94,23.25,16.07
E02000963,Westminster 004,564.0,1175.0,683.0,799.0,3323.0,2817.0,1162.0,10523.0,5.36,11.17,6.49,7.59,31.58,26.77,11.04
E02000964,Westminster 005,579.0,1150.0,682.0,1009.0,4335.0,3145.0,1245.0,12145.0,4.77,9.47,5.62,8.31,35.69,25.9,10.25
E02000965,Westminster 006,412.0,609.0,231.0,684.0,3498.0,1771.0,672.0,7877.0,5.23,7.73,2.93,8.68,44.41,22.48,8.53
E02000966,Westminster 007,428.0,795.0,376.0,569.0,3356.0,2548.0,1182.0,9254.0,4.63,8.59,4.06,6.15,36.27,27.53,12.77
E02000967,Westminster 008,220.0,378.0,233.0,676.0,2490.0,1263.0,794.0,6054.0,3.63,6.24,3.85,11.17,41.13,20.86,13.12
E02000968,Westminster 009,720.0,1543.0,1022.0,1558.0,4326.0,3509.0,1805.0,14483.0,4.97,10.65,7.06,10.76,29.87,24.23,12.46
E02000969,Westminster 010,458.0,1167.0,716.0,794.0,3096.0,2442.0,933.0,9606.0,4.77,12.15,7.45,8.27,32.23,25.42,9.71
E02000970,Westminster 011,244.0,409.0,232.0,606.0,2500.0,1862.0,982.0,6835.0,3.57,5.98,3.39,8.87,36.58,27.24,14.37
E02000971,Westminster 012,254.0,441.0,269.0,866.0,3182.0,1654.0,809.0,7475.0,3.4,5.9,3.6,11.59,42.57,22.13,10.82
E02000972,Westminster 013,181.0,395.0,324.0,1210.0,3114.0,1834.0,810.0,7868.0,2.3,5.02,4.12,15.38,39.58,23.31,10.29
E02000973,Westminster 014,457.0,646.0,334.0,863.0,4126.0,2442.0,1097.0,9965.0,4.59,6.48,3.35,8.66,41.4,24.51,11.01
E02000974,Westminster 015,378.0,596.0,570.0,1047.0,3207.0,1893.0,1003.0,8694.0,4.35,6.86,6.56,12.04,36.89,21.77,11.54
E02000975,Westminster 016,279.0,347.0,256.0,866.0,3346.0,1575.0,753.0,7422.0,3.76,4.68,3.45,11.67,45.08,21.22,10.15
E02000976,Westminster 017,334.0,532.0,305.0,878.0,3676.0,1789.0,915.0,8429.0,3.96,6.31,3.62,10.42,43.61,21.22,10.86
E02000977,Westminster 018,173.0,252.0,421.0,840.0,2312.0,1556.0,833.0,6387.0,2.71,3.95,6.59,13.15,36.2,24.36,13.04
E02000978,Westminster 019,281.0,532.0,899.0,749.0,1685.0,1882.0,1099.0,7127.0,3.94,7.46,12.61,10.51,23.64,26.41,15.42
E02000979,Westminster 020,284.0,649.0,447.0,812.0,2870.0,1942.0,1081.0,8085.0,3.51,8.03,5.53,10.04,35.5,24.02,13.37
E02000980,Westminster 021,299.0,684.0,390.0,870.0,3014.0,2253.0,1214.0,8724.0,3.43,7.84,4.47,9.97,34.55,25.83,13.92
E02000981,Westminster 022,220.0,488.0,286.0,780.0,3308.0,2257.0,936.0,8275.0,2.66,5.9,3.46,9.43,39.98,27.27,11.31
E02000982,Westminster 023,304.0,684.0,444.0,562.0,2527.0,2071.0,1044.0,7636.0,3.98,8.96,5.81,7.36,33.09,27.12,13.67
E02000983,Westminster 024,318.0,690.0,394.0,639.0,2606.0,1930.0,1118.0,7695.0,4.13,8.97,5.12,8.3,33.87,25.08,14.53
E02006782,Bromley 040,483.0,1037.0,436.0,404.0,2098.0,2216.0,1450.0,8124.0,5.95,12.76,5.37,4.97,25.82,27.28,17.85
E02006783,Lewisham 037,461.0,1275.0,576.0,462.0,2243.0,2065.0,695.0,7777.0,5.93,16.39,7.41,5.94,28.84,26.55,8.94
E02006784,Lewisham 038,402.0,1102.0,528.0,455.0,2229.0,2126.0,1109.0,7951.0,5.06,13.86,6.64,5.72,28.03,26.74,13.95
E02006785,Bexley 029,376.0,782.0,369.0,302.0,1838.0,1795.0,1164.0,6626.0,5.67,11.8,5.57,4.56,27.74,27.09,17.57
E02006786,Greenwich 033,490.0,1106.0,432.0,424.0,2314.0,1944.0,840.0,7550.0,6.49,14.65,5.72,5.62,30.65,25.75,11.13
E02006787,Bromley 041,521.0,1107.0,428.0,308.0,2081.0,2247.0,1210.0,7902.0,6.59,14.01,5.42,3.9,26.34,28.44,15.31
E02006788,Croydon 045,517.0,1076.0,487.0,428.0,2267.0,2033.0,799.0,7607.0,6.8,14.14,6.4,5.63,29.8,26.73,10.5
E02006789,Bromley 042,299.0,742.0,358.0,303.0,1302.0,1891.0,1882.0,6777.0,4.41,10.95,5.28,4.47,19.21,27.9,27.77
E02006791,Ealing 040,452.0,732.0,277.0,416.0,2991.0,1858.0,828.0,7554.0,5.98,9.69,3.67,5.51,39.59,24.6,10.96
E02006792,Hounslow 029,457.0,809.0,366.0,612.0,3351.0,2115.0,1275.0,8985.0,5.09,9.0,4.07,6.81,37.3,23.54,14.19
E02006793,Enfield 037,650.0,1499.0,791.0,635.0,2799.0,2383.0,898.0,9655.0,6.73,15.53,8.19,6.58,28.99,24.68,9.3
E02006794,Haringey 037,581.0,1313.0,567.0,566.0,2534.0,2038.0,680.0,8279.0,7.02,15.86,6.85,6.84,30.61,24.62,8.21
E02006795,Harrow 032,424.0,1125.0,525.0,525.0,2425.0,2074.0,1174.0,8272.0,5.13,13.6,6.35,6.35,29.32,25.07,14.19
E02006796,Hillingdon 033,644.0,1224.0,503.0,545.0,3248.0,2247.0,1288.0,9699.0,6.64,12.62,5.19,5.62,33.49,23.17,13.28
E02006798,Lewisham 039,461.0,927.0,454.0,827.0,3580.0,2035.0,604.0,8888.0,5.19,10.43,5.11,9.3,40.28,22.9,6.8
E02006799,Barking and Dagenham 023,924.0,2133.0,848.0,720.0,3708.0,2691.0,1017.0,12041.0,7.67,17.71,7.04,5.98,30.79,22.35,8.45
E02006800,Redbridge 034,1139.0,2081.0,935.0,1019.0,4980.0,3101.0,1421.0,14676.0,7.76,14.18,6.37,6.94,33.93,21.13,9.68
E02006801,Lambeth 036,231.0,533.0,759.0,1421.0,3100.0,1667.0,851.0,8562.0,2.7,6.23,8.86,16.6,36.21,19.47,9.94
E02006802,Southwark 034,357.0,809.0,619.0,1398.0,3611.0,1893.0,599.0,9286.0,3.84,8.71,6.67,15.05,38.89,20.39,6.45
E02006836,Sutton 025,435.0,1163.0,427.0,395.0,2042.0,2347.0,1917.0,8726.0,4.99,13.33,4.89,4.53,23.4,26.9,21.97
E02006853,Tower Hamlets 032,714.0,1084.0,522.0,1188.0,5669.0,1443.0,392.0,11012.0,6.48,9.84,4.74,10.79,51.48,13.1,3.56
E02006854,Tower Hamlets 033,349.0,468.0,317.0,720.0,3858.0,1117.0,236.0,7065.0,4.94,6.62,4.49,10.19,54.61,15.81,3.34
E02006882,Harrow 033,799.0,1545.0,701.0,910.0,4280.0,3565.0,2589.0,14389.0,5.55,10.74,4.87,6.32,29.74,24.78,17.99
E02006918,Hackney 028,677.0,1277.0,530.0,528.0,3209.0,1667.0,512.0,8400.0,8.06,15.2,6.31,6.29,38.2,19.85,6.1
E02006921,Hackney 029,966.0,1293.0,603.0,636.0,2321.0,1498.0,613.0,7930.0,12.18,16.31,7.6,8.02,29.27,18.89,7.73
E02006924,Redbridge 035,786.0,1709.0,911.0,851.0,4362.0,3100.0,1883.0,13602.0,5.78,12.56,6.7,6.26,32.07,22.79,13.84
E02006925,Redbridge 036,682.0,1795.0,1131.0,1062.0,3949.0,3637.0,2165.0,14421.0,4.73,12.45,7.84,7.36,27.38,25.22,15.01
E02006927,Greenwich 034,829.0,1505.0,547.0,731.0,4453.0,2700.0,1593.0,12358.0,6.71,12.18,4.43,5.92,36.03,21.85,12.89
E02006928,Greenwich 035,686.0,1054.0,861.0,1292.0,5932.0,1774.0,501.0,12100.0,5.67,8.71,7.12,10.68,49.02,14.66,4.14
E02006930,Greenwich 037,694.0,950.0,355.0,728.0,4506.0,1895.0,716.0,9844.0,7.05,9.65,3.61,7.4,45.77,19.25,7.27
E02006931,Greenwich 038,606.0,908.0,400.0,664.0,3615.0,2243.0,1030.0,9466.0,6.4,9.59,4.23,7.01,38.19,23.7,10.88
E02006941,Southwark 035,136.0,154.0,65.0,485.0,3086.0,1088.0,303.0,5317.0,2.56,2.9,1.22,9.12,58.04,20.46,5.7
E02006942,Southwark 036,294.0,545.0,227.0,653.0,3383.0,1269.0,380.0,6751.0,4.35,8.07,3.36,9.67,50.11,18.8,5.63
E02006953,Barnet 042,652.0,937.0,458.0,859.0,4463.0,1457.0,342.0,9168.0,7.11,10.22,5.0,9.37,48.68,15.89,3.73
E02006954,Barnet 043,715.0,1233.0,564.0,741.0,4025.0,2033.0,792.0,10103.0,7.08,12.2,5.58,7.33,39.84,20.12,7.84
E02006955,Brent 035,410.0,621.0,757.0,1074.0,3279.0,1099.0,269.0,7509.0,5.46,8.27,10.08,14.3,43.67,14.64,3.58
E02006956,Brent 036,442.0,916.0,730.0,1067.0,2889.0,1804.0,981.0,8829.0,5.01,10.37,8.27,12.09,32.72,20.43,11.11
E02006968,Ealing 041,430.0,971.0,322.0,438.0,2918.0,2062.0,1202.0,8343.0,5.15,11.64,3.86,5.25,34.98,24.72,14.41
E02006969,Ealing 042,417.0,500.0,173.0,376.0,3014.0,1274.0,677.0,6431.0,6.48,7.77,2.69,5.85,46.87,19.81,10.53
E02006970,Ealing 043,487.0,1080.0,549.0,503.0,2353.0,1802.0,574.0,7348.0,6.63,14.7,7.47,6.85,32.02,24.52,7.81
E02006971,Ealing 044,462.0,1215.0,593.0,571.0,2499.0,2059.0,896.0,8295.0,5.57,14.65,7.15,6.88,30.13,24.82,10.8
E02006972,Hounslow 030,403.0,666.0,239.0,370.0,2048.0,1204.0,482.0,5412.0,7.45,12.31,4.42,6.84,37.84,22.25,8.91
E02006973,Hounslow 031,525.0,1077.0,419.0,427.0,3111.0,2004.0,936.0,8499.0,6.18,12.67,4.93,5.02,36.6,23.58,11.01
E02006987,Croydon 046,473.0,528.0,169.0,597.0,4157.0,1077.0,364.0,7365.0,6.42,7.17,2.29,8.11,56.44,14.62,4.94
E02006988,Croydon 047,563.0,808.0,305.0,305.0,2921.0,1502.0,753.0,7157.0,7.87,11.29,4.26,4.26,40.81,20.99,10.52
E02006991,Greenwich 039,343.0,313.0,150.0,455.0,3812.0,939.0,300.0,6312.0,5.43,4.96,2.38,7.21,60.39,14.88,4.75
E02006992,Greenwich 040,621.0,724.0,347.0,461.0,4208.0,1353.0,513.0,8227.0,7.55,8.8,4.22,5.6,51.15,16.45,6.24
E02006993,Greenwich 041,587.0,892.0,425.0,699.0,4416.0,1097.0,285.0,8401.0,6.99,10.62,5.06,8.32,52.57,13.06,3.39
E02006994,Greenwich 042,604.0,893.0,402.0,522.0,3161.0,1567.0,496.0,7645.0,7.9,11.68,5.26,6.83,41.35,20.5,6.49
E02006995,Newham 038,440.0,841.0,448.0,1168.0,4848.0,796.0,102.0,8643.0,5.09,9.73,5.18,13.51,56.09,9.21,1.18
E02006996,Newham 039,468.0,696.0,556.0,1043.0,4152.0,1122.0,389.0,8426.0,5.55,8.26,6.6,12.38,49.28,13.32,4.62
E02006997,Newham 040,346.0,497.0,269.0,686.0,3911.0,975.0,197.0,6881.0,5.03,7.22,3.91,9.97,56.84,14.17,2.86
E02006998,Newham 041,534.0,983.0,429.0,498.0,2777.0,1472.0,392.0,7085.0,7.54,13.87,6.06,7.03,39.2,20.78,5.53
E02006999,Newham 042,899.0,921.0,358.0,893.0,6481.0,1464.0,226.0,11242.0,8.0,8.19,3.18,7.94,57.65,13.02,2.01
E02007008,Lewisham 040,325.0,480.0,324.0,501.0,3175.0,802.0,150.0,5757.0,5.65,8.34,5.63,8.7,55.15,13.93,2.61
E02007009,Lewisham 041,593.0,903.0,362.0,531.0,3690.0,2270.0,793.0,9142.0,6.49,9.88,3.96,5.81,40.36,24.83,8.67
E02007017,Redbridge 037,583.0,1470.0,647.0,568.0,2525.0,2033.0,993.0,8819.0,6.61,16.67,7.34,6.44,28.63,23.05,11.26
E02007018,Redbridge 038,624.0,1203.0,428.0,457.0,2415.0,1573.0,574.0,7274.0,8.58,16.54,5.88,6.28,33.2,21.62,7.89
E02007019,Redbridge 039,680.0,1119.0,386.0,439.0,2923.0,1187.0,426.0,7160.0,9.5,15.63,5.39,6.13,40.82,16.58,5.95
E02007020,Redbridge 040,795.0,1511.0,664.0,714.0,3170.0,2042.0,943.0,9839.0,8.08,15.36,6.75,7.26,32.22,20.75,9.58
E02007083,Wandsworth 038,464.0,480.0,197.0,717.0,4386.0,1218.0,255.0,7717.0,6.01,6.22,2.55,9.29,56.84,15.78,3.3
E02007084,Wandsworth 039,488.0,1027.0,460.0,844.0,4193.0,2073.0,790.0,9875.0,4.94,10.4,4.66,8.55,42.46,20.99,8.0
E02007108,Hackney 030,260.0,330.0,158.0,350.0,3594.0,904.0,345.0,5941.0,4.38,5.55,2.66,5.89,60.49,15.22,5.81
E02007109,Hackney 031,392.0,670.0,285.0,466.0,3410.0,1646.0,750.0,7619.0,5.15,8.79,3.74,6.12,44.76,21.6,9.84
E02007110,Hackney 032,332.0,585.0,359.0,959.0,3225.0,1425.0,450.0,7335.0,4.53,7.98,4.89,13.07,43.97,19.43,6.13
E02007111,Hackney 033,142.0,311.0,283.0,930.0,3183.0,909.0,191.0,5949.0,2.39,5.23,4.76,15.63,53.5,15.28,3.21
E02007112,Tower Hamlets 034,268.0,346.0,223.0,767.0,3646.0,556.0,86.0,5892.0,4.55,5.87,3.78,13.02,61.88,9.44,1.46
E02007113,Tower Hamlets 035,493.0,796.0,327.0,701.0,3976.0,962.0,210.0,7465.0,6.6,10.66,4.38,9.39,53.26,12.89,2.81
E02007114,Tower Hamlets 036,399.0,751.0,388.0,1161.0,3564.0,985.0,319.0,7567.0,5.27,9.92,5.13,15.34,47.1,13.02,4.22
E02007115,Camden 029,382.0,749.0,1695.0,2038.0,3360.0,2152.0,1208.0,11584.0,3.3,6.47,14.63,17.59,29.01,18.58,10.43
