MSOA21CD,MSOA21NM,restaurant_count,low_rating_count,low_rating_pct,IMD,restaurant_cafe_canteen,retailers___other,takeaway_sandwich_shop,pub_bar_nightclub,other_catering_premises,supermarkets_hypermarkets,hotel_bed_and_breakfast_guest_house,0-4,4_15,15-19,20-24,25-44,45-64,65plus,Asian,Black,Mixed_or_Multiple,White,Other,Population_density
E02000001,City of London 001,1468,46,3.13,10.2098,53.75,5.38,22.0,12.53,3.2,2.04,1.09,2.49,3.89,2.53,11.25,40.61,25.19,14.03,16.83,2.7,5.48,69.37,5.62,2975.0
E02000002,Barking and Dagenham 001,15,0,0.0,30.8332,26.67,33.33,13.33,6.67,13.33,6.67,0.0,7.9,18.37,7.45,4.95,29.28,20.89,11.16,22.25,20.97,4.93,48.82,3.03,3831.0
E02000003,Barking and Dagenham 002,68,5,7.35,24.9398,30.88,36.76,25.0,1.47,1.47,4.41,0.0,8.24,13.91,6.18,6.39,31.69,22.55,11.05,34.95,15.6,4.19,40.67,4.59,5389.7
E02000004,Barking and Dagenham 003,17,0,0.0,20.1416,29.41,35.29,23.53,5.88,0.0,5.88,0.0,5.93,12.75,5.9,6.37,28.9,25.09,15.06,15.85,14.24,3.7,62.86,3.34,2663.6
E02000005,Barking and Dagenham 004,39,0,0.0,25.8117,17.95,43.59,25.64,5.13,2.56,5.13,0.0,8.8,17.66,6.62,5.6,31.61,21.71,7.99,30.08,17.66,4.3,44.37,3.58,9327.5
E02000007,Barking and Dagenham 006,30,0,0.0,35.5027,13.33,43.33,26.67,3.33,6.67,6.67,0.0,7.37,17.48,6.86,6.21,30.23,22.24,9.62,14.67,26.11,4.19,51.0,4.02,5854.4
E02000008,Barking and Dagenham 007,25,0,0.0,31.053,12.0,36.0,40.0,4.0,4.0,4.0,0.0,6.77,17.42,6.69,5.44,29.51,25.06,9.12,18.75,19.31,4.1,54.62,3.21,9331.6
E02000009,Barking and Dagenham 008,34,5,14.71,30.5831,14.71,50.0,29.41,0.0,2.94,2.94,0.0,7.98,17.64,7.52,6.61,31.31,21.9,7.05,24.14,22.86,4.8,44.06,4.14,13380.5
E02000010,Barking and Dagenham 009,9,1,11.11,29.3068,44.44,11.11,22.22,0.0,11.11,11.11,0.0,7.21,16.39,7.01,6.12,30.12,24.31,8.84,15.72,19.88,4.0,57.26,3.14,8458.9
E02000011,Barking and Dagenham 010,51,0,0.0,26.5472,19.61,37.25,31.37,1.96,5.88,1.96,1.96,7.25,14.52,6.64,6.4,29.33,23.18,12.67,21.77,19.95,3.33,51.64,3.31,4410.6
E02000012,Barking and Dagenham 011,24,6,25.0,21.0575,33.33,37.5,20.83,4.17,0.0,4.17,0.0,6.47,15.24,7.51,8.04,30.03,22.39,10.34,58.76,8.95,3.13,25.86,3.3,8852.6
E02000013,Barking and Dagenham 012,18,1,5.56,28.8974,22.22,38.89,27.78,0.0,0.0,11.11,0.0,7.43,16.77,7.05,5.67,30.19,23.16,9.72,16.78,20.57,4.36,56.3,1.99,7203.7
E02000014,Barking and Dagenham 013,56,3,5.36,31.5526,8.93,50.0,28.57,1.79,1.79,8.93,0.0,6.82,16.47,6.76,5.79,29.72,23.95,10.48,15.4,18.94,3.15,60.29,2.22,8269.8
E02000015,Barking and Dagenham 014,39,0,0.0,36.9014,12.82,58.97,23.08,5.13,0.0,0.0,0.0,8.27,16.97,6.5,5.64,30.5,23.28,8.83,13.71,30.71,4.87,48.1,2.6,6042.0
E02000016,Barking and Dagenham 015,120,19,15.83,37.248,31.67,43.33,16.67,1.67,2.5,3.33,0.83,9.64,17.18,6.23,5.88,39.53,18.13,3.41,36.57,26.65,5.05,27.43,4.3,11925.1
E02000017,Barking and Dagenham 016,43,8,18.6,31.2012,37.21,34.88,23.26,2.33,2.33,0.0,0.0,7.27,13.3,6.81,7.02,34.28,22.97,8.34,48.41,11.86,3.59,31.75,4.39,10419.9
E02000018,Barking and Dagenham 017,29,5,17.24,33.0133,20.69,37.93,24.14,6.9,3.45,6.9,0.0,7.97,17.21,6.81,6.09,31.63,22.06,8.22,20.18,20.54,4.09,52.13,3.06,7034.9
E02000019,Barking and Dagenham 018,22,1,4.55,31.8738,27.27,36.36,13.64,9.09,0.0,9.09,4.55,8.57,17.22,6.88,5.85,30.25,22.51,8.73,17.8,22.78,4.59,52.14,2.69,3187.3
E02000020,Barking and Dagenham 019,60,11,18.33,29.9086,26.67,38.33,16.67,3.33,8.33,6.67,0.0,9.18,16.26,7.01,5.36,34.77,20.61,6.81,31.05,24.52,4.43,35.68,4.32,4116.3
E02000021,Barking and Dagenham 020,41,2,4.88,30.3704,34.15,36.59,26.83,2.44,0.0,0.0,0.0,7.16,18.37,6.89,6.17,27.69,23.83,9.88,18.41,28.34,4.36,45.45,3.45,3043.2
E02000022,Barking and Dagenham 021,14,0,0.0,35.4997,42.86,21.43,7.14,0.0,0.0,14.29,14.29,10.81,17.75,7.36,5.34,38.1,17.03,3.62,25.98,33.81,5.31,30.18,4.72,10270.7
E02000023,Barking and Dagenham 022,24,3,12.5,33.9814,12.5,41.67,29.17,4.17,4.17,8.33,0.0,8.36,19.91,8.08,6.06,32.29,20.38,4.92,21.42,37.17,5.7,32.46,3.26,4594.6
E02000024,Barnet 001,88,3,3.41,10.1479,42.05,17.05,14.77,7.95,13.64,4.55,0.0,5.2,11.22,5.04,4.9,25.33,28.11,20.19,11.55,4.84,5.39,73.63,4.59,2888.2
E02000025,Barnet 002,18,1,5.56,18.4963,33.33,27.78,27.78,5.56,0.0,0.0,5.56,5.8,11.81,4.89,4.6,28.85,28.31,15.74,11.18,7.38,5.96,70.27,5.22,3573.0
E02000026,Barnet 003,3,0,0.0,11.7596,33.33,33.33,0.0,33.33,0.0,0.0,0.0,6.34,11.88,5.04,4.66,25.97,26.96,19.16,12.51,4.15,5.12,69.75,8.47,4404.8
E02000027,Barnet 004,12,0,0.0,20.3226,16.67,33.33,16.67,16.67,16.67,0.0,0.0,5.55,12.98,6.24,5.66,26.78,26.84,15.95,15.73,10.31,6.74,61.1,6.12,5761.1
E02000028,Barnet 005,30,1,3.33,16.4816,23.33,16.67,33.33,10.0,13.33,3.33,0.0,5.81,12.0,5.15,4.68,29.06,26.8,16.5,16.91,6.85,5.42,63.83,6.99,6189.5
E02000029,Barnet 006,61,6,9.84,20.4312,31.15,26.23,18.03,9.84,8.2,6.56,0.0,7.71,13.76,6.22,5.7,28.71,25.8,12.1,11.79,6.43,7.53,65.64,8.61,5745.1
E02000030,Barnet 007,17,0,0.0,12.104,11.76,11.76,5.88,64.71,5.88,0.0,0.0,4.57,12.56,6.02,4.73,22.2,28.62,21.31,19.02,5.22,4.61,65.07,6.08,648.7
E02000031,Barnet 008,52,3,5.77,10.4642,46.15,21.15,11.54,5.77,9.62,3.85,1.92,5.95,11.3,4.63,3.95,30.0,24.98,19.18,19.68,3.96,5.99,62.0,8.37,4296.5
E02000032,Barnet 009,21,2,9.52,7.6668,42.86,9.52,23.81,14.29,4.76,4.76,0.0,3.83,13.94,6.14,5.05,22.0,29.74,19.31,20.91,3.59,5.47,58.87,11.16,5679.6
E02000033,Barnet 010,20,2,10.0,17.4588,30.0,40.0,10.0,10.0,10.0,0.0,0.0,5.16,13.1,5.4,5.63,28.43,27.59,14.69,15.43,6.52,6.93,62.22,8.91,5007.0
E02000034,Barnet 011,18,0,0.0,14.9153,44.44,22.22,22.22,5.56,0.0,5.56,0.0,5.75,12.96,5.34,4.91,29.19,25.45,16.4,16.99,5.62,5.72,64.25,7.42,5831.7
E02000035,Barnet 012,23,0,0.0,13.1804,47.83,17.39,8.7,13.04,8.7,0.0,4.35,5.31,10.95,3.6,5.02,34.24,23.16,17.73,22.25,4.45,4.68,59.51,9.12,6573.2
E02000036,Barnet 013,26,2,7.69,22.6968,19.23,30.77,26.92,7.69,7.69,3.85,3.85,6.32,15.38,5.68,5.54,27.61,24.68,14.8,21.51,10.37,4.56,55.01,8.55,6265.1
E02000037,Barnet 014,11,0,0.0,16.8447,9.09,45.45,27.27,0.0,9.09,9.09,0.0,6.54,16.28,6.26,5.28,26.39,22.44,16.81,23.01,7.16,3.56,55.69,10.57,2505.6
E02000038,Barnet 015,44,4,9.09,17.715,25.0,25.0,34.09,4.55,4.55,6.82,0.0,4.99,13.04,6.08,4.69,28.27,27.63,15.3,18.46,7.3,6.36,60.03,7.85,6082.0
E02000039,Barnet 016,51,2,3.92,13.6935,39.22,25.49,11.76,3.92,13.73,5.88,0.0,6.73,12.7,6.07,5.28,26.96,25.92,16.34,15.85,7.6,4.65,63.71,8.19,3362.3
E02000040,Barnet 017,21,0,0.0,14.5973,19.05,23.81,14.29,19.05,14.29,9.52,0.0,6.41,12.93,7.13,4.87,31.08,22.97,14.61,19.75,9.41,6.06,54.84,9.95,1772.8
E02000041,Barnet 018,88,5,5.68,26.342,39.77,36.36,6.82,1.14,11.36,4.55,0.0,5.9,13.95,5.8,6.0,30.07,23.03,15.26,24.05,8.55,3.69,53.38,10.32,7008.4
E02000042,Barnet 019,94,9,9.57,18.485,41.49,31.91,9.57,5.32,8.51,3.19,0.0,5.73,11.68,4.48,5.2,33.11,25.0,14.81,26.09,5.1,5.74,52.25,10.81,9531.6
E02000043,Barnet 020,7,0,0.0,5.6998,42.86,0.0,28.57,14.29,0.0,14.29,0.0,5.89,14.81,5.13,3.95,27.01,26.78,16.43,27.84,3.38,5.71,54.05,9.02,5157.7
E02000044,Barnet 021,17,1,5.88,25.4804,23.53,52.94,23.53,0.0,0.0,0.0,0.0,6.36,14.52,6.07,6.52,30.86,25.37,10.31,22.26,14.74,5.52,48.51,8.98,7986.3
E02000045,Barnet 022,18,0,0.0,23.9091,33.33,16.67,22.22,5.56,16.67,5.56,0.0,5.89,14.21,5.91,5.1,29.59,27.47,11.84,14.73,10.06,7.61,59.73,7.87,6065.4
E02000046,Barnet 023,79,7,8.86,16.3559,29.11,34.18,16.46,6.33,10.13,3.8,0.0,6.53,10.67,3.48,5.07,38.11,23.38,12.77,21.51,3.49,5.38,61.14,8.47,7170.7
E02000047,Barnet 024,48,8,16.67,31.1239,20.83,41.67,20.83,2.08,6.25,8.33,0.0,7.01,14.51,6.26,6.66,31.03,23.63,10.91,26.72,16.18,6.03,42.53,8.54,8715.6
E02000048,Barnet 025,27,2,7.41,16.5938,25.93,29.63,14.81,18.52,7.41,3.7,0.0,6.76,13.39,5.27,5.22,28.52,23.81,17.02,18.63,7.08,4.62,56.92,12.75,3334.0
E02000049,Barnet 026,7,2,28.57,32.6712,42.86,28.57,14.29,0.0,0.0,14.29,0.0,7.44,14.87,6.98,6.93,32.61,23.96,7.21,22.41,23.64,6.71,36.34,10.9,13360.4
E02000050,Barnet 027,36,0,0.0,21.3568,44.44,22.22,8.33,8.33,11.11,2.78,2.78,5.38,12.97,5.94,6.22,30.0,25.68,13.82,18.69,8.38,6.25,58.16,8.53,4893.4
E02000051,Barnet 028,44,5,11.36,16.1657,34.09,20.45,18.18,2.27,13.64,6.82,4.55,5.6,11.46,4.85,5.13,30.2,23.59,19.17,17.37,5.56,4.53,60.8,11.74,6322.0
E02000052,Barnet 029,56,2,3.57,15.9265,37.5,21.43,12.5,12.5,10.71,5.36,0.0,5.75,12.16,4.68,4.0,34.08,25.44,13.87,12.92,6.0,6.52,67.93,6.63,10163.0
E02000054,Barnet 031,14,1,7.14,22.0658,42.86,0.0,28.57,7.14,21.43,0.0,0.0,5.68,11.9,4.66,7.73,33.63,23.35,13.06,21.29,8.06,4.23,52.63,13.78,5086.0
E02000055,Barnet 032,113,10,8.85,23.1873,38.94,33.63,11.5,2.65,6.19,7.08,0.0,5.93,12.02,5.57,9.84,33.23,21.79,11.61,15.8,7.64,4.26,60.53,11.77,8140.7
E02000056,Barnet 033,24,1,4.17,10.1133,54.17,20.83,0.0,8.33,12.5,4.17,0.0,5.44,14.31,5.73,3.97,24.11,26.2,20.25,11.19,2.54,4.7,69.92,11.65,2829.1
E02000057,Barnet 034,18,1,5.56,24.3156,33.33,33.33,22.22,5.56,5.56,0.0,0.0,8.37,16.35,5.54,8.29,31.24,18.84,11.37,12.68,4.29,2.97,67.95,12.11,7322.5
E02000058,Barnet 035,42,2,4.76,17.6304,40.48,35.71,0.0,0.0,14.29,7.14,2.38,6.99,13.94,4.93,5.1,29.71,21.6,17.72,12.69,3.74,4.04,68.79,10.74,5639.7
E02000059,Barnet 036,44,2,4.55,26.6607,31.82,25.0,20.45,4.55,13.64,2.27,2.27,6.39,9.82,4.63,6.28,37.89,23.98,11.01,29.59,9.79,5.04,46.41,9.17,5298.8
E02000060,Barnet 037,25,1,4.0,26.2046,8.0,56.0,20.0,4.0,0.0,4.0,8.0,9.95,19.07,6.55,5.93,27.34,17.47,13.69,10.96,2.94,2.5,69.62,13.98,9376.2
E02000061,Barnet 038,82,9,10.98,16.9849,47.56,29.27,7.32,1.22,9.76,3.66,1.22,4.91,11.55,4.47,5.77,33.52,24.05,15.73,18.75,3.5,4.64,61.79,11.32,5257.7
E02000062,Barnet 039,94,7,7.45,37.8071,35.11,25.53,17.02,2.13,12.77,5.32,2.13,5.98,14.0,6.07,6.88,33.01,24.54,9.52,20.78,13.86,7.21,42.41,15.73,3785.4
E02000063,Barnet 040,6,1,16.67,28.3813,33.33,0.0,16.67,0.0,16.67,0.0,33.33,5.84,12.17,6.27,6.12,32.01,25.01,12.58,20.59,9.18,6.36,45.63,18.24,7309.9
E02000064,Barnet 041,29,3,10.34,24.2243,37.93,27.59,17.24,10.34,3.45,3.45,0.0,6.68,11.99,5.62,6.5,34.01,23.8,11.39,16.14,12.92,6.17,53.97,10.8,8402.4
E02000065,Bexley 001,8,2,25.0,23.1994,37.5,37.5,0.0,12.5,12.5,0.0,0.0,6.76,18.02,7.5,5.53,26.49,28.06,7.65,7.8,49.83,4.92,33.99,3.45,2519.8
E02000066,Bexley 002,8,0,0.0,27.5278,50.0,37.5,12.5,0.0,0.0,0.0,0.0,6.08,15.42,7.0,6.2,27.1,27.07,11.12,10.43,37.71,4.19,45.1,2.57,5995.7
E02000067,Bexley 003,61,5,8.2,24.7529,26.23,31.15,24.59,13.11,0.0,3.28,1.64,7.43,14.07,5.6,5.69,32.94,23.55,10.72,10.83,22.46,5.03,58.53,3.16,4431.3
E02000068,Bexley 004,49,8,16.33,32.0893,26.53,32.65,24.49,8.16,4.08,4.08,0.0,8.45,16.48,5.99,5.83,30.87,22.48,9.88,11.75,27.2,5.01,52.98,3.05,3607.0
E02000069,Bexley 005,9,0,0.0,16.9212,22.22,22.22,33.33,11.11,0.0,11.11,0.0,6.93,13.2,4.99,5.3,29.23,23.87,16.47,12.56,19.16,4.44,61.3,2.55,4969.3
E02000070,Bexley 006,11,2,18.18,11.7461,18.18,45.45,27.27,9.09,0.0,0.0,0.0,5.81,12.28,5.12,5.12,24.84,27.1,19.73,11.21,9.53,3.86,72.32,3.08,4370.2
E02000071,Bexley 007,39,3,7.69,19.6042,17.95,38.46,28.21,12.82,0.0,2.56,0.0,5.93,14.54,6.72,5.72,25.49,26.45,15.15,9.05,10.34,3.39,74.22,3.01,6509.4
E02000072,Bexley 008,23,0,0.0,30.9693,17.39,30.43,21.74,17.39,13.04,0.0,0.0,7.81,17.2,6.78,6.08,29.77,24.53,7.83,7.62,31.46,4.14,54.24,2.54,2952.4
E02000073,Bexley 009,27,1,3.7,6.7844,14.81,33.33,40.74,3.7,0.0,7.41,0.0,5.47,12.13,5.68,5.55,24.61,27.13,19.43,15.69,6.44,2.59,72.47,2.81,6704.2
E02000074,Bexley 010,11,0,0.0,27.0304,9.09,45.45,18.18,18.18,9.09,0.0,0.0,6.36,14.87,6.01,5.32,28.32,25.24,13.89,6.61,17.9,3.56,69.73,2.2,7851.3
E02000075,Bexley 011,18,0,0.0,6.3099,16.67,44.44,22.22,11.11,0.0,5.56,0.0,4.65,11.64,5.18,4.95,23.29,26.6,23.69,10.91,4.63,2.71,79.31,2.44,5201.3
E02000077,Bexley 013,17,0,0.0,12.3582,11.76,47.06,23.53,0.0,5.88,11.76,0.0,5.76,12.38,6.26,5.4,27.52,25.93,16.75,16.62,6.57,2.91,69.79,4.1,7283.6
E02000078,Bexley 014,29,1,3.45,8.6652,24.14,31.03,31.03,10.34,0.0,3.45,0.0,6.26,12.0,5.12,4.9,27.4,25.22,19.08,6.72,7.6,3.23,80.78,1.66,5331.7
E02000079,Bexley 015,133,1,0.75,13.3722,40.6,26.32,10.53,10.53,4.51,5.26,2.26,5.93,12.18,4.52,4.87,28.94,24.11,19.45,12.77,5.27,3.33,76.26,2.37,5321.9
E02000080,Bexley 016,100,10,10.0,11.1799,34.0,24.0,30.0,6.0,1.0,5.0,0.0,5.57,12.96,5.42,4.84,28.72,25.2,17.28,16.5,7.37,3.68,69.1,3.35,5949.3
E02000081,Bexley 017,20,1,5.0,14.0009,25.0,25.0,15.0,30.0,5.0,0.0,0.0,6.17,12.95,5.33,4.95,25.24,25.83,19.53,9.68,6.64,3.14,78.49,2.05,3765.9
E02000082,Bexley 018,28,1,3.57,7.2734,14.29,25.0,32.14,21.43,0.0,7.14,0.0,6.05,12.92,5.3,5.6,27.07,26.45,16.61,10.64,6.16,3.12,76.94,3.14,6234.0
E02000083,Bexley 019,74,1,1.35,19.5695,35.14,31.08,21.62,8.11,1.35,2.7,0.0,6.31,13.47,6.26,5.39,30.46,25.01,13.11,7.1,10.17,3.35,76.95,2.44,3013.2
E02000084,Bexley 020,16,0,0.0,6.6345,37.5,18.75,6.25,37.5,0.0,0.0,0.0,5.7,12.82,5.07,4.96,25.78,26.79,18.87,12.09,4.62,3.38,77.46,2.46,4285.5
E02000085,Bexley 021,51,1,1.96,9.8339,41.18,27.45,17.65,7.84,1.96,3.92,0.0,6.15,12.55,5.9,5.85,26.63,25.34,17.59,7.68,4.33,2.55,83.68,1.76,4903.3
E02000086,Bexley 022,14,0,0.0,6.5887,21.43,28.57,35.71,14.29,0.0,0.0,0.0,4.95,12.28,5.41,4.99,23.91,28.73,19.74,5.63,2.48,2.92,87.16,1.81,4822.0
E02000087,Bexley 023,53,1,1.89,5.7213,37.74,18.87,11.32,20.75,9.43,0.0,1.89,5.52,11.41,5.36,4.55,24.6,27.57,20.99,8.69,3.57,3.17,83.36,1.22,2209.0
E02000088,Bexley 024,17,0,0.0,6.5945,35.29,11.76,29.41,17.65,0.0,5.88,0.0,5.73,12.33,4.99,5.73,25.22,26.87,19.13,7.05,2.8,2.48,86.53,1.15,3877.3
E02000089,Bexley 025,12,0,0.0,6.1828,41.67,25.0,16.67,8.33,0.0,8.33,0.0,5.73,12.44,5.7,5.57,23.59,26.63,20.33,5.85,2.44,3.1,86.87,1.74,5753.5
E02000090,Bexley 026,90,3,3.33,11.0882,47.78,24.44,8.89,11.11,2.22,4.44,1.11,5.08,9.95,5.87,7.64,28.91,23.0,19.55,6.31,3.29,3.87,85.1,1.43,5326.6
E02000091,Bexley 027,32,1,3.12,11.7856,34.38,25.0,21.88,18.75,0.0,0.0,0.0,5.38,10.9,5.14,5.78,25.02,25.53,22.25,7.29,4.67,3.9,82.64,1.5,3718.2
E02000092,Bexley 028,25,1,4.0,26.9107,36.0,24.0,12.0,20.0,4.0,4.0,0.0,6.32,14.15,5.95,5.86,25.26,25.32,17.14,5.01,9.61,3.78,79.09,2.52,1127.0
E02000093,Brent 001,36,4,11.11,20.5049,25.0,27.78,19.44,5.56,2.78,19.44,0.0,5.65,10.81,5.36,7.18,33.68,23.26,14.07,46.12,8.35,3.33,34.83,7.37,8624.0
E02000094,Brent 002,72,0,0.0,23.1799,29.17,6.94,34.72,5.56,4.17,19.44,0.0,6.23,11.49,6.61,6.81,33.59,23.39,11.88,37.3,12.68,3.79,37.57,8.66,8989.3
E02000095,Brent 003,81,9,11.11,21.5111,28.4,27.16,19.75,6.17,0.0,17.28,1.23,5.4,11.45,5.14,6.86,32.69,23.44,15.02,47.65,7.62,2.48,33.58,8.67,6754.3
E02000096,Brent 004,20,2,10.0,12.7266,10.0,10.0,30.0,5.0,15.0,30.0,0.0,5.77,11.05,4.5,5.34,29.06,23.06,21.22,55.81,3.32,2.56,31.33,6.98,4666.5
E02000097,Brent 005,38,0,0.0,22.3436,7.89,18.42,39.47,13.16,2.63,18.42,0.0,5.84,11.72,5.7,6.69,30.88,25.35,13.83,35.08,10.76,3.52,40.69,9.93,5094.1
E02000098,Brent 006,19,0,0.0,23.0185,15.79,21.05,31.58,5.26,0.0,21.05,5.26,5.0,11.81,6.68,6.84,29.85,23.47,16.36,35.32,13.49,4.04,32.74,14.41,4755.0
E02000099,Brent 007,42,3,7.14,23.2185,14.29,19.05,33.33,7.14,4.76,21.43,0.0,7.62,12.26,5.55,7.62,34.44,22.0,10.51,37.61,11.01,3.45,36.72,11.21,7426.4
E02000100,Brent 008,24,0,0.0,12.0796,58.33,12.5,8.33,4.17,0.0,16.67,0.0,4.27,8.62,6.89,8.63,28.57,24.72,18.31,53.76,7.49,3.32,26.02,9.41,4003.6
E02000101,Brent 009,37,3,8.11,32.1465,18.92,16.22,37.84,5.41,0.0,21.62,0.0,5.71,13.11,6.92,6.69,30.06,24.33,13.18,30.02,21.82,4.47,30.25,13.44,7078.6
E02000102,Brent 010,14,0,0.0,47.3959,14.29,7.14,57.14,0.0,21.43,0.0,0.0,7.44,16.2,7.41,7.04,27.38,23.94,10.59,29.46,22.43,4.3,29.91,13.9,6126.2
E02000103,Brent 011,34,0,0.0,38.4569,26.47,11.76,41.18,2.94,2.94,14.71,0.0,6.56,13.49,6.26,7.24,29.63,24.94,11.88,19.42,21.33,6.31,36.36,16.57,5628.1
E02000104,Brent 012,12,1,8.33,26.1491,41.67,16.67,0.0,0.0,0.0,41.67,0.0,4.78,10.74,5.25,6.5,32.7,24.77,15.25,42.66,12.16,3.68,30.68,10.82,6774.7
E02000105,Brent 013,58,6,10.34,26.6875,29.31,17.24,24.14,1.72,3.45,24.14,0.0,6.85,12.15,5.66,7.12,33.01,24.06,11.15,49.82,13.26,3.73,25.48,7.72,7185.9
E02000106,Brent 014,61,4,6.56,47.7495,24.59,14.75,26.23,4.92,1.64,27.87,0.0,6.16,12.97,6.08,7.74,31.3,24.17,11.57,24.23,18.97,5.57,37.1,14.12,7719.2
E02000107,Brent 015,55,4,7.27,31.8802,38.18,20.0,14.55,3.64,1.82,20.0,1.82,5.33,10.63,4.68,7.09,37.0,24.64,10.63,21.7,12.61,6.19,47.66,11.84,11458.0
E02000108,Brent 016,7,1,14.29,23.6576,14.29,0.0,0.0,14.29,28.57,42.86,0.0,5.99,12.16,6.38,6.56,33.17,23.76,11.98,46.85,14.41,3.77,26.38,8.6,8929.8
E02000110,Brent 018,17,0,0.0,24.5571,23.53,29.41,17.65,0.0,0.0,29.41,0.0,5.46,10.52,5.44,7.37,33.28,24.5,13.43,20.57,12.88,7.69,48.92,9.93,10230.3
E02000111,Brent 019,72,7,9.72,29.2473,26.39,19.44,36.11,1.39,2.78,13.89,0.0,6.19,12.69,6.01,7.05,33.62,23.4,11.05,65.22,10.17,2.59,15.39,6.63,10002.7
E02000112,Brent 020,95,6,6.32,28.4216,30.53,16.84,26.32,4.21,0.0,18.95,3.16,5.18,11.31,5.07,7.38,34.98,25.57,10.52,56.88,13.88,3.44,19.93,5.87,9259.9
E02000113,Brent 021,16,0,0.0,52.2983,31.25,25.0,18.75,0.0,6.25,18.75,0.0,5.17,15.83,9.19,7.87,25.08,26.29,10.56,18.31,44.83,5.54,20.35,10.96,6491.0
E02000114,Brent 022,68,2,2.94,29.892,29.41,11.76,23.53,5.88,4.41,25.0,0.0,5.21,9.46,4.6,7.4,39.77,23.75,9.8,19.35,14.68,7.96,48.13,9.89,14668.2
E02000115,Brent 023,15,0,0.0,25.5633,33.33,0.0,20.0,0.0,20.0,26.67,0.0,4.82,9.76,3.93,7.22,38.86,23.55,11.85,11.59,14.4,7.49,54.01,12.51,10160.3
E02000116,Brent 024,80,9,11.25,46.5346,32.5,11.25,23.75,3.75,7.5,21.25,0.0,7.16,13.33,6.65,6.88,31.76,25.85,8.37,20.58,21.24,7.78,35.37,15.03,7798.0
E02000117,Brent 025,51,3,5.88,49.8637,17.65,17.65,31.37,0.0,1.96,31.37,0.0,6.5,15.65,7.42,6.93,27.81,26.04,9.65,15.23,40.68,6.38,27.64,10.07,14306.7
E02000118,Brent 026,63,8,12.7,29.7662,19.05,20.63,33.33,1.59,4.76,19.05,1.59,5.44,11.63,5.82,7.59,34.25,24.58,10.67,63.96,11.59,2.28,15.98,6.2,9150.8
E02000119,Brent 027,54,1,1.85,41.1477,37.04,11.11,25.93,3.7,5.56,14.81,1.85,7.12,14.51,6.93,7.17,33.14,22.81,8.32,16.39,42.3,5.95,21.76,13.59,4131.8
E02000120,Brent 028,79,3,3.8,28.649,39.24,12.66,22.78,7.59,2.53,15.19,0.0,5.29,9.51,3.54,6.41,41.93,23.59,9.74,12.14,14.31,7.36,56.72,9.47,17810.7
E02000121,Brent 029,88,6,6.82,28.2511,23.86,19.32,36.36,0.0,1.14,19.32,0.0,6.34,12.02,6.6,7.26,36.13,22.02,9.63,64.21,10.69,2.61,14.65,7.84,8770.4
E02000122,Brent 030,14,0,0.0,18.3778,28.57,7.14,7.14,0.0,21.43,35.71,0.0,5.08,11.87,5.9,4.98,30.86,27.17,14.13,15.34,9.85,7.76,57.13,9.91,6798.9
E02000123,Brent 031,143,8,5.59,50.3827,27.97,18.18,22.38,5.59,0.7,25.17,0.0,6.04,13.28,6.3,6.83,30.82,27.24,9.5,13.8,30.63,7.79,38.18,9.6,13118.8
E02000124,Brent 032,89,2,2.25,21.3973,46.07,16.85,12.36,7.87,3.37,13.48,0.0,6.73,10.84,4.8,5.83,35.29,25.21,11.29,9.79,11.56,8.07,64.04,6.54,9078.8
E02000125,Brent 033,34,1,2.94,21.1721,32.35,14.71,20.59,2.94,2.94,26.47,0.0,6.45,11.58,4.58,4.94,33.39,27.06,12.0,12.53,16.7,7.51,56.39,6.87,12981.6
E02000126,Brent 034,28,2,7.14,31.1868,42.86,21.43,10.71,3.57,3.57,14.29,3.57,5.3,12.91,6.57,6.99,33.05,26.13,9.05,13.79,35.89,6.99,31.79,11.53,18710.0
E02000127,Bromley 001,27,0,0.0,27.836,22.22,29.63,40.74,3.7,0.0,3.7,0.0,7.03,14.35,5.98,5.26,29.79,24.86,12.73,7.43,12.6,5.69,71.37,2.92,4192.1
E02000128,Bromley 002,35,0,0.0,11.0495,60.0,20.0,5.71,8.57,0.0,5.71,0.0,6.7,13.69,5.34,4.16,27.53,25.54,17.04,7.15,4.98,4.92,81.08,1.87,3070.2
E02000130,Bromley 004,67,2,2.99,17.6069,35.82,22.39,26.87,7.46,1.49,4.48,1.49,6.48,11.68,4.26,4.22,32.86,26.61,13.89,6.35,14.0,8.38,67.97,3.31,5669.5
E02000131,Bromley 005,35,3,8.57,19.1619,45.71,31.43,11.43,5.71,0.0,5.71,0.0,7.44,9.44,4.41,3.66,44.17,24.18,6.7,5.34,18.61,9.56,63.23,3.27,5935.1
E02000132,Bromley 006,88,0,0.0,12.2787,55.68,17.05,9.09,9.09,3.41,3.41,2.27,6.49,9.1,3.16,3.32,39.98,22.98,14.97,8.82,9.52,7.79,70.78,3.1,5660.2
E02000133,Bromley 007,19,1,5.26,4.3712,42.11,15.79,15.79,15.79,5.26,5.26,0.0,5.22,12.64,5.29,3.62,23.91,28.8,20.52,9.68,3.74,4.97,79.48,2.14,1799.1
E02000134,Bromley 008,92,2,2.17,17.1077,40.22,21.74,10.87,17.39,2.17,5.43,2.17,6.73,11.79,4.15,4.62,34.43,25.1,13.18,8.17,8.42,6.96,73.63,2.82,6072.2
E02000135,Bromley 009,54,3,5.56,36.5736,37.04,31.48,20.37,5.56,1.85,3.7,0.0,6.2,11.97,6.25,5.47,33.79,26.08,10.23,6.58,26.98,8.99,53.81,3.65,8530.7
E02000136,Bromley 010,21,0,0.0,16.1799,42.86,28.57,4.76,14.29,9.52,0.0,0.0,5.67,12.12,5.49,5.15,22.94,26.43,22.2,8.76,6.18,3.81,78.87,2.38,1260.0
E02000137,Bromley 011,8,0,0.0,7.5195,50.0,12.5,0.0,25.0,0.0,0.0,12.5,5.88,11.9,4.01,3.46,28.9,25.95,19.89,8.48,6.31,6.72,76.63,1.87,4512.7
E02000138,Bromley 012,19,0,0.0,4.8839,36.84,21.05,15.79,15.79,5.26,5.26,0.0,5.6,8.59,3.18,3.31,28.98,26.77,23.57,6.8,4.89,5.25,80.28,2.79,4077.5
E02000139,Bromley 013,31,0,0.0,11.871,35.48,16.13,29.03,6.45,3.23,9.68,0.0,6.84,12.56,4.47,3.67,32.81,27.68,11.97,5.76,8.02,7.4,76.38,2.44,5020.8
E02000140,Bromley 014,31,3,9.68,31.0157,16.13,29.03,48.39,0.0,0.0,6.45,0.0,7.69,14.93,7.05,6.2,27.37,24.82,11.94,6.97,11.72,4.65,74.36,2.3,4599.2
E02000141,Bromley 015,15,0,0.0,15.7114,20.0,26.67,26.67,0.0,0.0,20.0,6.67,7.24,11.25,4.66,4.37,33.58,26.95,11.94,5.82,16.56,8.3,66.65,2.67,7749.7
E02000142,Bromley 016,21,2,9.52,6.475,28.57,19.05,33.33,14.29,4.76,0.0,0.0,5.83,13.72,5.01,4.32,27.09,27.23,16.79,9.94,5.42,5.49,76.96,2.19,4953.6
E02000144,Bromley 018,111,4,3.6,9.1596,48.65,23.42,14.41,4.5,3.6,3.6,1.8,6.37,12.05,4.01,3.81,36.52,23.68,13.56,14.19,6.02,6.3,69.8,3.69,5068.8
E02000145,Bromley 019,38,0,0.0,31.7064,39.47,34.21,18.42,0.0,0.0,7.89,0.0,7.6,15.46,5.93,4.87,28.75,24.61,12.78,6.38,16.26,4.73,70.58,2.05,782.2
E02000146,Bromley 020,33,2,6.06,10.2995,42.42,21.21,21.21,9.09,0.0,3.03,3.03,6.89,12.32,4.69,4.05,31.45,25.76,14.84,9.17,5.78,6.15,76.79,2.1,5378.9
E02000147,Bromley 021,8,0,0.0,3.4199,50.0,37.5,0.0,0.0,0.0,12.5,0.0,5.2,13.39,5.9,4.59,20.78,28.87,21.27,10.36,3.86,4.72,78.43,2.62,3639.7
E02000148,Bromley 022,61,2,3.28,4.9145,47.54,19.67,18.03,8.2,0.0,4.92,1.64,5.42,13.1,4.94,3.87,22.28,28.16,22.22,9.08,3.87,3.66,81.68,1.71,2395.3
E02000149,Bromley 023,20,0,0.0,20.0729,40.0,30.0,20.0,5.0,5.0,0.0,0.0,6.49,12.73,5.58,5.51,28.01,26.58,15.1,7.14,6.66,4.6,79.65,1.95,4346.2
E02000150,Bromley 024,27,0,0.0,9.089,51.85,11.11,18.52,7.41,3.7,7.41,0.0,4.62,14.8,5.61,5.15,22.63,30.44,16.76,6.26,7.36,5.85,77.95,2.57,2768.0
E02000151,Bromley 025,3,0,0.0,2.2059,33.33,33.33,0.0,0.0,0.0,33.33,0.0,6.39,12.87,4.41,3.3,22.86,27.65,22.51,11.31,1.94,3.51,82.17,1.07,3589.3
E02000152,Bromley 026,7,0,0.0,19.8806,42.86,42.86,14.29,0.0,0.0,0.0,0.0,6.74,15.07,6.11,4.94,27.93,25.26,13.95,8.32,8.99,6.62,73.1,2.98,3095.1
E02000153,Bromley 027,4,0,0.0,4.3294,25.0,50.0,25.0,0.0,0.0,0.0,0.0,4.9,14.91,6.26,4.86,21.27,29.17,18.63,6.65,3.05,4.01,84.54,1.75,3605.7
E02000154,Bromley 028,99,2,2.02,9.7006,47.47,26.26,16.16,5.05,0.0,4.04,1.01,5.71,11.31,4.53,4.65,29.49,25.0,19.32,15.67,4.13,4.36,73.78,2.06,4088.4
E02000155,Bromley 029,10,1,10.0,12.9339,40.0,10.0,30.0,0.0,20.0,0.0,0.0,5.12,10.41,4.84,4.26,23.19,28.34,23.84,9.24,6.41,3.19,79.23,1.93,3936.0
E02000156,Bromley 030,74,2,2.7,5.3407,52.7,17.57,10.81,9.46,4.05,5.41,0.0,4.49,12.43,5.44,4.47,20.83,28.7,23.64,6.09,4.02,4.66,83.21,2.02,3198.1
E02000157,Bromley 031,9,0,0.0,2.9278,44.44,22.22,11.11,0.0,11.11,11.11,0.0,4.46,13.59,5.7,4.67,21.52,27.16,22.89,10.74,2.56,3.3,81.73,1.67,3418.3
E02000158,Bromley 032,13,1,7.69,18.6864,23.08,61.54,15.38,0.0,0.0,0.0,0.0,6.14,13.81,6.4,4.54,23.72,25.21,20.17,9.66,9.66,4.24,74.64,1.81,3605.6
E02000159,Bromley 033,35,1,2.86,6.1438,40.0,22.86,14.29,17.14,0.0,5.71,0.0,4.34,11.34,6.18,4.91,20.34,29.61,23.28,7.47,2.87,3.15,84.37,2.15,1209.1
E02000160,Bromley 034,48,1,2.08,6.0746,43.75,14.58,18.75,12.5,2.08,8.33,0.0,4.2,13.57,6.24,5.37,19.56,30.05,21.01,4.17,2.78,4.14,87.17,1.74,958.5
E02000161,Bromley 035,14,0,0.0,3.2222,35.71,35.71,21.43,0.0,0.0,7.14,0.0,5.2,13.83,5.97,4.09,24.84,26.44,19.62,17.17,2.9,3.25,75.1,1.59,5062.2
E02000162,Bromley 036,15,0,0.0,11.4187,40.0,13.33,26.67,13.33,6.67,0.0,0.0,4.19,13.15,5.58,4.42,21.89,26.34,24.44,8.89,4.09,3.29,82.66,1.08,558.1
E02000163,Bromley 037,31,0,0.0,6.6134,35.48,25.81,22.58,9.68,0.0,6.45,0.0,5.01,12.08,5.55,4.28,22.3,28.14,22.63,11.07,2.13,2.79,82.7,1.32,682.4
E02000165,Bromley 039,10,0,0.0,10.4265,20.0,30.0,20.0,0.0,10.0,20.0,0.0,5.67,12.49,6.03,5.22,24.89,27.2,18.51,1.81,2.69,2.93,92.16,0.4,1266.7
E02000166,Camden 001,53,6,11.32,23.1905,33.96,26.42,13.21,11.32,3.77,7.55,3.77,4.22,10.43,5.88,5.28,27.47,28.25,18.48,6.82,7.15,7.27,73.1,5.67,2561.3
E02000167,Camden 002,99,6,6.06,8.5,55.56,21.21,13.13,8.08,0.0,1.01,1.01,4.8,10.96,4.21,4.1,29.9,27.68,18.34,8.9,2.25,6.06,77.69,5.1,3458.4
E02000168,Camden 003,81,7,8.64,18.1799,54.32,19.75,13.58,8.64,1.23,2.47,0.0,4.49,9.99,4.51,6.98,34.91,25.7,13.42,8.41,6.6,6.77,73.61,4.61,11479.6
E02000169,Camden 004,13,0,0.0,8.0536,53.85,30.77,7.69,0.0,0.0,7.69,0.0,6.25,12.21,5.42,4.04,30.34,26.1,15.63,14.38,3.26,6.35,68.73,7.27,6393.2
E02000170,Camden 005,35,1,2.86,17.612,54.29,31.43,5.71,5.71,0.0,2.86,0.0,5.24,10.76,4.53,6.3,37.54,23.39,12.23,13.74,5.17,6.73,66.98,7.38,10264.5
E02000171,Camden 006,29,3,10.34,16.1766,37.93,34.48,6.9,17.24,3.45,0.0,0.0,4.79,10.25,4.69,5.88,34.6,25.38,14.41,11.94,6.11,6.63,70.32,4.99,14174.5
E02000172,Camden 007,93,14,15.05,35.9783,37.63,33.33,20.43,4.3,1.08,3.23,0.0,5.24,11.88,7.37,8.46,33.82,22.5,10.73,16.91,13.62,6.87,56.29,6.31,14951.4
E02000173,Camden 008,69,6,8.7,10.304,56.52,14.49,15.94,5.8,0.0,2.9,4.35,6.21,10.62,3.64,5.71,39.41,22.13,12.28,18.65,3.19,5.92,66.15,6.08,9622.4
E02000174,Camden 009,39,1,2.56,25.6127,15.38,43.59,23.08,12.82,2.56,2.56,0.0,4.57,10.74,5.56,9.47,35.82,22.8,11.03,12.58,11.35,6.95,64.01,5.11,14812.2
E02000175,Camden 010,111,8,7.21,19.5203,54.05,18.02,17.12,5.41,0.9,4.5,0.0,4.9,7.54,5.0,7.99,45.64,19.72,9.22,15.15,7.49,6.51,63.18,7.68,13135.7
E02000176,Camden 011,21,3,14.29,8.4183,57.14,23.81,4.76,4.76,0.0,4.76,4.76,5.68,9.67,2.92,4.36,40.14,24.58,12.65,11.66,2.4,6.69,72.89,6.36,14874.2
E02000177,Camden 012,54,6,11.11,31.7159,48.15,16.67,16.67,11.11,1.85,1.85,3.7,5.05,10.27,5.97,9.33,34.84,22.27,12.27,17.6,12.6,6.62,56.96,6.22,16204.7
E02000178,Camden 013,50,3,6.0,32.8574,44.0,20.0,18.0,4.0,6.0,6.0,2.0,5.4,8.45,4.01,7.83,43.7,21.24,9.37,15.41,11.78,7.4,55.65,9.76,15844.5
E02000179,Camden 014,29,1,3.45,20.485,34.48,20.69,13.79,13.79,0.0,6.9,10.34,4.94,11.62,5.93,6.31,33.06,24.42,13.72,14.81,10.26,5.55,61.19,8.19,15019.6
E02000180,Camden 015,33,4,12.12,27.3307,33.33,27.27,24.24,3.03,3.03,6.06,3.03,4.17,9.36,4.94,12.47,37.72,21.41,9.92,16.15,11.56,7.19,59.92,5.18,16228.6
E02000181,Camden 016,11,1,9.09,11.9032,45.45,27.27,9.09,9.09,0.0,9.09,0.0,5.69,8.65,3.59,6.3,44.57,21.22,9.97,13.79,4.79,6.5,68.29,6.63,14936.2
E02000182,Camden 017,35,3,8.57,16.4292,45.71,25.71,17.14,2.86,0.0,8.57,0.0,6.42,11.29,5.07,6.89,36.84,21.78,11.71,24.97,7.53,5.83,52.49,9.18,8919.7
E02000183,Camden 018,187,20,10.7,19.5698,34.22,12.83,45.99,4.81,0.0,0.0,2.14,5.1,9.08,4.53,6.88,33.18,25.4,15.83,12.01,6.86,6.57,68.96,5.6,9835.4
E02000184,Camden 019,77,5,6.49,29.6293,45.45,16.88,24.68,7.79,0.0,2.6,2.6,4.19,8.05,9.11,15.46,35.69,19.58,7.93,22.12,12.11,7.03,52.62,6.12,13399.5
E02000185,Camden 020,38,5,13.16,35.6413,36.84,23.68,10.53,7.89,5.26,10.53,5.26,5.27,11.81,6.22,7.05,33.83,23.23,12.59,16.97,16.06,6.35,47.84,12.78,18813.8
E02000186,Camden 021,248,18,7.26,29.9283,51.21,14.92,21.37,8.47,0.4,2.42,1.21,3.74,8.08,5.35,14.77,36.71,21.02,10.34,16.29,9.75,7.31,60.68,5.96,6201.9
E02000187,Camden 022,190,15,7.89,37.6338,53.68,18.42,16.84,5.26,1.58,2.11,2.11,5.11,12.12,8.2,14.92,31.08,19.91,8.66,32.51,15.95,6.4,38.24,6.91,10104.3
E02000188,Camden 023,85,8,9.41,32.5365,38.82,27.06,17.65,8.24,2.35,3.53,2.35,4.9,10.97,10.87,13.46,28.61,22.22,8.97,32.06,14.47,5.75,40.05,7.66,14140.2
E02000191,Camden 026,308,21,6.82,18.9891,58.44,10.06,13.96,7.79,0.65,1.95,7.14,2.1,3.62,21.29,19.67,29.06,16.01,8.24,28.32,5.02,7.53,53.74,5.39,8311.8
E02000192,Camden 027,187,20,10.7,29.6645,41.71,12.83,29.41,9.63,2.14,2.67,1.6,3.83,9.11,5.6,11.66,33.54,24.83,11.43,27.11,10.83,5.92,49.86,6.28,15417.9
E02000193,Camden 028,531,47,8.85,22.4743,58.38,10.36,13.37,9.42,1.51,1.51,5.46,2.6,4.63,6.36,18.54,32.75,22.6,12.51,23.44,5.84,6.53,57.74,6.46,5469.8
E02000194,Croydon 001,62,3,4.84,20.8782,51.61,22.58,12.9,8.06,1.61,1.61,1.61,6.81,11.1,4.44,4.31,36.73,24.9,11.72,6.73,20.13,9.35,60.25,3.54,6615.7
E02000195,Croydon 002,29,2,6.9,15.0066,20.69,27.59,37.93,3.45,3.45,6.9,0.0,5.93,12.69,5.6,5.25,27.17,27.08,16.28,24.1,20.11,6.99,44.09,4.72,4983.5
E02000196,Croydon 003,43,1,2.33,24.9103,25.58,23.26,41.86,2.33,2.33,2.33,2.33,6.13,10.71,5.92,5.5,31.39,24.6,15.75,26.74,24.58,7.25,36.18,5.25,6455.7
E02000197,Croydon 004,57,6,10.53,21.4727,40.35,35.09,21.05,0.0,0.0,3.51,0.0,5.27,12.51,5.85,5.97,30.7,25.99,13.71,26.46,25.0,7.68,35.31,5.55,9091.4
E02000198,Croydon 005,34,2,5.88,30.9605,20.59,52.94,23.53,0.0,2.94,0.0,0.0,6.46,13.36,6.93,6.01,30.24,27.84,9.17,11.52,37.69,8.64,37.06,5.09,9965.2
E02000199,Croydon 006,38,2,5.26,23.1926,7.89,55.26,31.58,2.63,2.63,0.0,0.0,6.09,12.37,6.56,6.04,29.27,28.4,11.27,10.75,39.6,8.88,36.24,4.53,9752.0
E02000200,Croydon 007,47,2,4.26,23.4596,38.3,31.91,14.89,6.38,4.26,4.26,0.0,6.62,11.24,4.93,4.76,35.15,25.97,11.33,8.64,30.7,8.44,48.1,4.11,7253.7
E02000201,Croydon 008,60,5,8.33,33.3335,30.0,30.0,28.33,8.33,0.0,3.33,0.0,6.91,13.76,5.35,5.37,33.63,25.61,9.36,8.77,37.86,10.26,39.37,3.75,10119.9
E02000202,Croydon 009,19,3,15.79,22.2067,5.26,68.42,21.05,0.0,0.0,5.26,0.0,5.24,13.29,7.22,5.97,27.97,27.29,13.01,30.98,32.85,7.15,24.47,4.55,12146.6
E02000203,Croydon 010,64,4,6.25,34.4938,20.31,35.94,29.69,1.56,3.12,4.69,4.69,6.8,12.82,6.26,5.74,29.96,26.84,11.58,18.45,39.71,7.52,29.17,5.15,10294.7
E02000204,Croydon 011,69,4,5.8,26.5994,27.54,49.28,17.39,0.0,0.0,4.35,1.45,6.52,13.43,5.95,6.61,28.87,25.95,12.66,38.8,30.12,6.38,19.62,5.09,8884.7
E02000206,Croydon 013,38,1,2.63,32.7995,13.16,34.21,36.84,7.89,2.63,5.26,0.0,7.72,13.66,5.86,5.83,32.89,24.27,9.77,13.1,37.17,9.62,35.63,4.47,7404.0
E02000207,Croydon 014,32,2,6.25,29.2256,9.38,34.38,40.62,6.25,3.12,6.25,0.0,5.97,11.93,6.46,6.93,30.81,28.44,9.46,10.53,33.47,9.87,42.56,3.57,7174.4
E02000208,Croydon 015,29,1,3.45,39.9906,24.14,31.03,20.69,3.45,0.0,6.9,13.79,8.46,15.33,6.2,6.06,33.36,23.36,7.22,28.06,35.08,7.59,23.98,5.28,12407.8
E02000209,Croydon 016,18,2,11.11,26.8405,16.67,50.0,33.33,0.0,0.0,0.0,0.0,5.85,15.5,7.24,6.99,29.53,25.81,9.08,39.76,25.5,6.01,21.76,6.97,9043.5
E02000210,Croydon 017,15,0,0.0,21.6667,26.67,40.0,26.67,6.67,0.0,0.0,0.0,6.48,12.55,6.09,5.36,31.84,27.46,10.22,12.04,24.95,10.08,49.27,3.66,11239.7
E02000211,Croydon 018,11,0,0.0,9.5571,54.55,27.27,0.0,0.0,0.0,18.18,0.0,5.06,11.32,5.35,4.97,24.68,27.23,21.38,14.2,13.37,6.45,62.98,3.0,4930.3
E02000212,Croydon 019,71,9,12.68,33.4553,25.35,45.07,22.54,0.0,4.23,2.82,0.0,7.19,15.32,7.22,7.26,29.95,24.84,8.22,34.0,27.49,6.76,26.64,5.11,7622.5
E02000213,Croydon 020,102,14,13.73,36.4022,25.49,40.2,16.67,1.96,7.84,5.88,1.96,8.76,13.11,4.81,6.31,38.42,21.72,6.87,20.96,32.8,8.53,32.16,5.54,12415.6
E02000214,Croydon 021,37,0,0.0,11.667,21.62,29.73,35.14,0.0,8.11,5.41,0.0,6.28,11.19,5.13,5.02,25.65,28.37,18.37,15.72,15.53,8.86,57.0,2.89,6048.5
E02000215,Croydon 022,50,6,12.0,26.2911,28.0,18.0,34.0,12.0,0.0,6.0,2.0,7.77,10.08,4.02,5.61,39.46,21.98,11.06,17.45,20.7,8.69,48.87,4.28,11984.4
E02000216,Croydon 023,4,1,25.0,11.6514,0.0,25.0,0.0,25.0,50.0,0.0,0.0,6.42,12.21,4.45,4.01,33.48,21.77,17.66,37.79,12.3,5.03,39.33,5.54,3275.6
E02000217,Croydon 024,92,7,7.61,29.2107,22.83,43.48,13.04,4.35,6.52,8.7,1.09,7.88,12.95,5.19,5.68,38.18,22.92,7.19,16.28,24.78,9.63,44.73,4.59,8332.2
E02000218,Croydon 025,20,1,5.0,23.3009,25.0,45.0,15.0,5.0,5.0,5.0,0.0,5.53,16.01,7.81,6.2,22.59,26.59,15.27,12.19,26.67,7.48,50.01,3.66,5862.0
E02000219,Croydon 026,27,1,3.7,8.2606,44.44,22.22,14.81,3.7,14.81,0.0,0.0,3.93,9.45,5.19,5.16,20.75,28.82,26.7,17.04,10.69,4.85,64.42,3.0,1336.2
E02000221,Croydon 028,35,0,0.0,25.7942,42.86,25.71,11.43,0.0,2.86,5.71,11.43,6.45,15.15,7.07,5.89,29.08,25.24,11.12,19.64,24.96,8.22,42.8,4.39,3870.4
E02000222,Croydon 029,28,0,0.0,15.3475,50.0,25.0,7.14,3.57,3.57,7.14,3.57,6.67,12.04,3.9,4.25,35.98,24.64,12.52,15.03,14.4,7.47,60.38,2.72,4485.9
E02000223,Croydon 030,6,0,0.0,42.5718,16.67,66.67,0.0,16.67,0.0,0.0,0.0,5.98,21.06,10.39,6.5,23.49,23.63,8.95,6.52,35.72,7.08,47.54,3.14,8868.8
E02000224,Croydon 031,49,3,6.12,17.54,30.61,34.69,26.53,2.04,0.0,2.04,4.08,7.39,12.1,5.03,5.18,34.88,24.04,11.38,14.62,16.37,8.7,57.16,3.14,6288.0
E02000225,Croydon 032,7,1,14.29,32.7402,0.0,42.86,14.29,14.29,0.0,28.57,0.0,5.52,15.07,7.44,6.58,23.99,27.29,14.11,6.21,22.18,6.21,63.47,1.92,4597.8
E02000226,Croydon 033,29,1,3.45,5.8084,37.93,13.79,17.24,10.34,10.34,10.34,0.0,4.59,11.71,6.12,5.01,21.5,28.04,23.04,18.05,9.0,5.54,65.21,2.19,2320.7
E02000227,Croydon 034,16,1,6.25,17.7143,31.25,31.25,6.25,6.25,12.5,6.25,6.25,5.82,12.67,5.25,5.15,26.83,26.26,18.02,9.51,13.81,6.38,68.05,2.25,2539.2
E02000228,Croydon 035,21,0,0.0,3.4936,28.57,38.1,14.29,0.0,14.29,4.76,0.0,5.3,13.07,4.59,4.21,21.66,26.79,24.37,16.0,5.39,6.1,70.73,1.78,2542.0
E02000229,Croydon 036,42,0,0.0,44.3993,19.05,38.1,30.95,2.38,4.76,4.76,0.0,5.93,16.42,7.49,6.22,24.6,26.3,13.05,5.52,23.48,5.87,63.39,1.73,4725.4
E02000230,Croydon 037,69,3,4.35,14.9098,39.13,27.54,21.74,5.8,2.9,2.9,0.0,6.16,11.31,4.58,4.73,29.32,25.75,18.15,19.49,12.23,7.23,58.31,2.74,4016.4
E02000231,Croydon 038,10,1,10.0,6.4943,40.0,20.0,40.0,0.0,0.0,0.0,0.0,4.89,11.42,5.45,5.4,24.16,27.39,21.29,26.94,8.5,5.62,54.78,4.16,2358.3
E02000232,Croydon 039,13,0,0.0,8.4986,38.46,23.08,23.08,0.0,7.69,7.69,0.0,4.69,12.18,6.06,4.81,21.43,27.48,23.35,12.25,6.71,6.07,72.92,2.05,1417.7
E02000233,Croydon 040,11,0,0.0,14.0023,27.27,36.36,27.27,0.0,0.0,9.09,0.0,6.49,13.84,5.08,4.34,29.79,24.75,15.71,13.11,11.16,7.23,65.57,2.92,4010.1
E02000234,Croydon 041,54,4,7.41,15.2549,50.0,14.81,24.07,3.7,0.0,5.56,1.85,6.84,13.4,5.66,4.78,28.81,24.82,15.69,15.39,12.83,8.5,60.65,2.62,3038.5
E02000235,Croydon 042,7,0,0.0,9.3718,28.57,42.86,14.29,14.29,0.0,0.0,0.0,5.67,11.62,5.03,4.87,24.32,29.04,19.45,11.17,8.17,6.04,72.54,2.09,1277.1
E02000236,Croydon 043,12,0,0.0,6.9533,33.33,41.67,16.67,8.33,0.0,0.0,0.0,7.82,13.62,5.11,4.53,29.68,23.77,15.46,12.06,9.05,6.27,70.87,1.75,2554.1
E02000237,Croydon 044,23,0,0.0,11.1042,30.43,34.78,17.39,8.7,8.7,0.0,0.0,6.05,12.22,4.8,4.1,23.27,26.01,23.55,6.51,6.61,6.21,79.46,1.21,1535.7
E02000238,Ealing 001,34,2,5.88,23.6393,26.47,52.94,11.76,5.88,0.0,2.94,0.0,5.78,12.41,6.31,6.32,34.04,24.94,10.2,32.23,13.01,4.63,41.11,9.01,7024.2
E02000239,Ealing 002,41,7,17.07,18.6189,31.71,41.46,7.32,17.07,0.0,2.44,0.0,4.95,11.54,5.61,5.59,32.34,24.77,15.2,40.17,8.04,3.81,37.77,10.21,3839.5
E02000240,Ealing 003,12,0,0.0,33.3632,25.0,50.0,16.67,0.0,8.33,0.0,0.0,6.34,14.34,7.06,5.96,29.87,24.92,11.5,27.91,16.35,5.36,40.53,9.85,6489.3
E02000241,Ealing 004,30,1,3.33,25.7112,20.0,43.33,23.33,6.67,3.33,0.0,3.33,5.91,12.77,6.57,5.53,30.96,26.34,11.92,29.73,13.09,4.36,41.27,11.55,5667.1
E02000242,Ealing 005,26,4,15.38,22.8762,23.08,46.15,26.92,0.0,0.0,3.85,0.0,5.01,11.78,6.28,6.36,31.19,25.96,13.42,41.27,7.04,3.28,33.51,14.9,7749.0
E02000243,Ealing 006,40,1,2.5,27.1283,35.0,32.5,5.0,12.5,5.0,10.0,0.0,5.43,11.74,6.06,5.71,31.03,25.9,14.13,26.95,11.99,4.8,44.6,11.65,3064.3
E02000244,Ealing 007,35,2,5.71,29.8189,48.57,25.71,5.71,8.57,5.71,5.71,0.0,5.75,12.11,5.88,5.12,33.09,25.5,12.54,21.24,8.14,4.94,45.86,19.81,4390.6
E02000245,Ealing 008,12,0,0.0,39.9034,41.67,33.33,8.33,8.33,0.0,8.33,0.0,8.65,15.27,6.67,5.51,31.45,23.82,8.63,27.19,20.7,6.35,35.05,10.72,5622.8
E02000246,Ealing 009,20,1,5.0,34.1172,25.0,55.0,5.0,0.0,5.0,10.0,0.0,6.56,15.87,7.21,6.66,28.87,24.43,10.41,27.85,18.62,5.6,35.99,11.94,4598.5
E02000247,Ealing 010,32,4,12.5,32.2714,28.12,40.62,21.88,3.12,0.0,6.25,0.0,6.49,14.51,6.42,5.91,31.0,23.8,11.87,30.81,16.29,6.02,35.45,11.44,7978.7
E02000248,Ealing 011,40,7,17.5,25.9034,50.0,30.0,7.5,7.5,2.5,2.5,0.0,7.39,12.13,3.92,5.79,35.43,22.44,12.91,21.18,5.81,4.59,46.45,21.98,4468.2
E02000249,Ealing 012,74,7,9.46,28.1449,35.14,41.89,12.16,6.76,1.35,2.7,0.0,6.11,12.9,5.98,6.04,30.82,24.57,13.59,30.57,12.77,4.65,39.08,12.93,6553.5
E02000250,Ealing 013,25,4,16.0,9.2208,52.0,24.0,8.0,8.0,0.0,8.0,0.0,4.83,13.44,4.97,3.87,25.08,28.47,19.34,13.92,4.01,6.53,66.59,8.95,6499.2
E02000251,Ealing 014,17,3,17.65,23.7066,11.76,58.82,23.53,5.88,0.0,0.0,0.0,5.4,13.4,6.04,5.32,30.55,25.43,13.86,52.03,9.02,3.69,24.41,10.84,8795.9
E02000252,Ealing 015,159,23,14.47,30.1178,34.59,21.38,14.47,2.52,22.01,3.77,1.26,4.65,8.92,13.87,12.15,33.68,18.21,8.52,18.61,15.75,6.82,45.83,12.99,3828.6
E02000253,Ealing 016,11,0,0.0,34.1399,36.36,36.36,0.0,0.0,18.18,9.09,0.0,6.08,14.75,7.44,6.17,26.34,25.83,13.4,20.14,17.47,7.75,44.49,10.14,8945.8
E02000254,Ealing 017,19,2,10.53,29.5067,15.79,68.42,10.53,0.0,5.26,0.0,0.0,4.88,12.27,6.35,6.34,29.21,27.04,13.9,69.92,5.36,1.59,10.35,12.78,8846.3
E02000255,Ealing 018,10,3,30.0,24.4749,30.0,10.0,0.0,30.0,30.0,0.0,0.0,5.82,12.87,6.18,6.18,28.94,25.79,14.23,15.85,13.56,6.25,54.49,9.86,6369.6
E02000256,Ealing 019,26,5,19.23,16.6733,42.31,11.54,15.38,23.08,0.0,7.69,0.0,5.17,9.38,4.09,5.51,38.61,24.55,12.69,18.26,5.5,6.72,61.7,7.83,8376.4
E02000258,Ealing 021,13,1,7.69,20.6033,23.08,53.85,7.69,7.69,0.0,7.69,0.0,5.77,13.85,4.32,6.81,35.43,22.79,11.03,18.39,8.59,5.45,53.38,14.19,6683.1
E02000259,Ealing 022,24,5,20.83,20.1054,33.33,37.5,12.5,8.33,8.33,0.0,0.0,5.21,14.84,6.17,4.48,28.92,27.51,12.88,13.73,8.67,7.29,63.37,6.94,5151.4
E02000260,Ealing 023,121,28,23.14,34.9381,44.63,27.27,22.31,2.48,2.48,0.83,0.0,5.27,13.64,6.62,6.26,28.97,24.86,14.38,75.53,6.55,1.52,7.19,9.21,9057.2
E02000261,Ealing 024,50,7,14.0,24.2347,42.0,26.0,20.0,4.0,6.0,2.0,0.0,5.97,11.11,4.95,7.58,39.72,20.98,9.69,13.74,13.6,7.05,48.58,17.03,9698.7
E02000262,Ealing 025,121,13,10.74,27.5936,47.11,30.58,9.92,8.26,0.83,3.31,0.0,6.11,11.68,4.63,7.07,35.67,24.88,9.96,11.72,11.41,7.55,58.72,10.59,13214.6
E02000263,Ealing 026,68,20,29.41,33.7261,50.0,36.76,7.35,1.47,2.94,0.0,1.47,5.63,13.77,7.32,6.86,29.65,25.54,11.23,78.75,7.16,1.55,3.98,8.56,11096.2
E02000264,Ealing 027,46,9,19.57,17.6069,36.96,21.74,17.39,15.22,2.17,6.52,0.0,4.37,9.0,4.04,7.63,37.2,23.75,14.02,17.98,6.68,6.1,61.16,8.08,5912.2
E02000265,Ealing 028,105,18,17.14,29.8888,50.48,26.67,7.62,6.67,2.86,4.76,0.95,6.41,11.61,4.9,5.8,35.94,24.44,10.91,15.4,11.32,7.23,57.26,8.79,11080.2
E02000266,Ealing 029,37,8,21.62,36.0735,29.73,40.54,16.22,2.7,10.81,0.0,0.0,6.38,13.34,7.01,6.55,32.41,24.23,10.09,42.37,21.83,4.76,20.02,11.02,3390.4
E02000267,Ealing 030,59,12,20.34,23.2106,35.59,25.42,15.25,15.25,5.08,3.39,0.0,6.08,14.03,5.11,4.45,32.55,27.02,10.74,12.93,10.1,6.18,65.33,5.46,10814.8
E02000268,Ealing 031,45,8,17.78,19.3021,57.78,15.56,11.11,11.11,0.0,4.44,0.0,5.08,9.61,4.48,6.63,32.35,27.01,14.84,13.07,6.63,6.38,67.01,6.91,6975.3
E02000269,Ealing 032,62,9,14.52,13.0136,67.74,17.74,4.84,8.06,0.0,1.61,0.0,6.28,12.08,4.01,4.09,32.95,27.12,13.46,11.85,4.32,5.9,72.81,5.13,9226.2
E02000270,Ealing 033,48,8,16.67,24.7662,35.42,18.75,29.17,4.17,8.33,4.17,0.0,7.3,11.04,4.89,5.71,42.15,20.79,8.12,13.34,19.35,5.75,51.17,10.4,12064.5
E02000271,Ealing 034,36,3,8.33,11.9605,44.44,27.78,22.22,2.78,0.0,2.78,0.0,6.11,11.81,4.07,4.59,30.99,28.9,13.52,7.93,4.66,6.32,75.94,5.15,9295.2
E02000272,Ealing 035,21,3,14.29,12.3095,33.33,33.33,14.29,9.52,0.0,4.76,4.76,4.9,13.81,5.47,4.42,25.54,28.64,17.22,14.34,5.42,6.48,69.44,4.32,5599.8
E02000275,Ealing 038,39,13,33.33,35.0144,43.59,38.46,5.13,7.69,5.13,0.0,0.0,5.42,13.05,6.4,6.13,30.56,24.58,13.86,67.1,7.58,2.09,9.66,13.58,6968.0
E02000276,Ealing 039,37,7,18.92,14.3434,48.65,29.73,13.51,8.11,0.0,0.0,0.0,6.26,12.72,4.37,5.79,33.95,25.51,11.4,11.51,7.02,6.7,70.38,4.39,8035.4
E02000277,Enfield 001,17,1,5.88,34.3809,35.29,47.06,11.76,0.0,0.0,5.88,0.0,6.47,16.02,7.06,6.41,25.68,25.61,12.75,6.58,24.71,6.87,48.34,13.49,7186.2
E02000278,Enfield 002,57,6,10.53,44.5698,31.58,31.58,19.3,5.26,8.77,3.51,0.0,6.02,16.44,7.8,6.76,26.89,24.85,11.24,7.57,24.12,6.72,47.2,14.39,7177.1
E02000279,Enfield 003,36,4,11.11,37.2522,22.22,27.78,19.44,13.89,13.89,2.78,0.0,7.7,17.18,7.23,6.22,29.83,24.14,7.7,7.45,30.69,7.19,41.11,13.55,4724.1
E02000280,Enfield 004,65,3,4.62,22.71,27.69,27.69,10.77,16.92,13.85,3.08,0.0,6.75,13.76,5.77,4.52,26.15,26.16,16.88,4.66,9.2,6.06,73.36,6.73,554.7
E02000281,Enfield 005,23,4,17.39,30.6975,21.74,30.43,26.09,4.35,13.04,4.35,0.0,6.81,15.51,6.92,5.8,28.69,24.68,11.58,9.28,17.2,7.33,53.83,12.36,5087.2
E02000282,Enfield 006,65,8,12.31,46.7044,24.62,36.92,24.62,3.08,4.62,6.15,0.0,7.85,18.05,8.48,6.56,26.86,23.34,8.86,9.08,28.32,5.66,42.27,14.67,7877.0
E02000283,Enfield 007,15,1,6.67,37.0021,20.0,46.67,26.67,0.0,6.67,0.0,0.0,6.15,15.8,8.13,6.84,26.78,25.18,11.13,9.37,23.32,5.88,46.47,14.97,7486.4
E02000284,Enfield 008,76,7,9.21,17.9747,30.26,28.95,13.16,13.16,9.21,3.95,1.32,6.88,12.47,5.34,4.09,29.94,26.38,14.89,6.76,9.24,6.84,71.63,5.53,6814.5
E02000285,Enfield 009,9,1,11.11,10.0876,11.11,55.56,22.22,0.0,11.11,0.0,0.0,5.59,12.22,5.39,5.42,23.93,28.63,18.81,8.4,7.03,5.25,73.07,6.25,6742.1
E02000286,Enfield 010,17,2,11.76,15.0714,47.06,11.76,11.76,17.65,0.0,11.76,0.0,5.73,11.88,4.1,3.43,28.51,25.54,20.8,8.26,6.99,6.2,71.8,6.74,4235.4
E02000287,Enfield 011,62,3,4.84,12.4533,45.16,24.19,6.45,8.06,12.9,1.61,1.61,5.33,11.7,4.95,4.53,24.86,25.97,22.67,15.08,4.54,5.62,63.87,10.88,829.5
E02000288,Enfield 012,83,13,15.66,39.996,32.53,30.12,16.87,2.41,9.64,7.23,1.2,6.95,16.92,8.98,8.01,26.6,23.51,9.02,18.8,29.62,4.44,34.07,13.07,6039.9
E02000289,Enfield 013,7,0,0.0,7.8556,14.29,42.86,0.0,14.29,28.57,0.0,0.0,4.8,13.03,5.56,5.28,22.6,28.55,20.18,13.92,5.55,5.82,63.24,11.47,1991.7
E02000290,Enfield 014,27,3,11.11,43.4355,40.74,25.93,0.0,11.11,7.41,14.81,0.0,8.22,17.72,7.21,5.66,30.97,21.84,8.38,14.22,29.62,6.2,34.61,15.36,1368.7
E02000291,Enfield 015,100,11,11.0,26.8259,28.0,29.0,17.0,5.0,13.0,8.0,0.0,7.17,12.39,5.08,4.95,31.88,23.97,14.56,8.16,14.35,7.27,60.79,9.43,8780.8
E02000292,Enfield 016,31,3,9.68,24.1204,16.13,25.81,25.81,12.9,6.45,9.68,3.23,6.52,14.6,6.84,5.73,28.2,25.17,12.94,10.53,15.68,7.22,54.33,12.25,5236.1
E02000293,Enfield 017,19,0,0.0,8.4034,10.53,31.58,5.26,21.05,31.58,0.0,0.0,4.59,12.35,5.38,4.53,21.49,28.64,23.02,10.25,5.1,4.86,72.06,7.73,2963.1
E02000294,Enfield 018,34,7,20.59,36.7737,20.59,38.24,23.53,0.0,14.71,2.94,0.0,5.62,16.01,7.69,6.88,25.71,24.99,13.1,14.02,28.48,4.32,36.62,16.55,6245.2
E02000295,Enfield 019,17,2,11.76,15.4124,41.18,17.65,5.88,5.88,23.53,5.88,0.0,6.16,13.31,5.43,4.32,28.22,26.2,16.36,14.03,6.63,6.9,61.63,10.81,5363.5
E02000296,Enfield 020,110,7,6.36,20.9639,33.64,24.55,16.36,10.91,10.91,3.64,0.0,6.03,12.89,5.52,4.83,31.35,24.01,15.37,15.26,6.23,5.62,62.3,10.6,5739.1
E02000297,Enfield 021,34,4,11.76,11.868,29.41,20.59,29.41,11.76,5.88,2.94,0.0,5.7,11.02,4.79,5.2,24.8,27.36,21.14,12.48,8.03,5.52,62.26,11.7,5799.8
E02000298,Enfield 022,56,4,7.14,8.5901,41.07,21.43,8.93,14.29,12.5,1.79,0.0,5.61,12.42,4.65,4.07,25.62,28.51,19.12,8.06,3.67,7.1,73.42,7.75,4126.5
E02000299,Enfield 023,44,7,15.91,45.9238,25.0,40.91,20.45,0.0,9.09,4.55,0.0,6.56,16.69,7.47,6.42,27.12,24.45,11.28,12.64,32.07,4.77,34.38,16.14,10825.4
E02000300,Enfield 024,16,1,6.25,41.8897,18.75,31.25,12.5,6.25,31.25,0.0,0.0,7.62,14.98,6.72,6.52,28.81,24.19,11.16,13.27,27.64,5.06,40.61,13.42,11396.4
E02000301,Enfield 025,23,2,8.7,47.8527,21.74,43.48,13.04,0.0,13.04,8.7,0.0,6.39,16.08,7.74,7.03,27.76,24.66,10.33,10.57,33.65,6.01,34.95,14.82,5611.7
E02000302,Enfield 026,17,1,5.88,20.1093,47.06,23.53,0.0,11.76,11.76,5.88,0.0,5.67,12.68,5.34,5.4,27.48,26.62,16.81,12.6,11.85,6.09,57.24,12.22,5485.4
E02000303,Enfield 027,33,3,9.09,49.0389,48.48,24.24,15.15,6.06,6.06,0.0,0.0,6.75,14.28,8.06,8.04,27.31,24.33,11.22,14.1,26.56,4.94,40.25,14.16,6735.6
E02000304,Enfield 028,24,0,0.0,8.2612,37.5,12.5,4.17,20.83,20.83,0.0,4.17,5.22,12.14,5.18,4.24,24.14,28.23,20.85,13.78,3.77,8.1,65.37,8.98,4673.4
E02000305,Enfield 029,72,5,6.94,19.1622,47.22,18.06,13.89,9.72,6.94,4.17,0.0,6.37,10.35,4.46,4.52,32.34,27.76,14.2,8.01,6.33,5.87,70.76,9.03,9238.3
E02000306,Enfield 030,103,9,8.74,52.0415,33.98,37.86,11.65,0.97,8.74,4.85,1.94,7.33,15.97,7.71,6.34,28.37,24.65,9.63,11.61,36.65,4.83,30.74,16.17,4372.4
E02000307,Enfield 031,27,3,11.11,31.687,14.81,33.33,22.22,3.7,25.93,0.0,0.0,5.9,14.95,7.45,6.24,26.5,25.99,12.96,14.65,19.95,4.82,44.23,16.36,9143.7
E02000308,Enfield 032,36,4,11.11,24.1808,22.22,33.33,16.67,8.33,11.11,5.56,2.78,6.07,12.16,5.81,6.28,33.31,24.15,12.22,17.44,11.14,6.0,56.27,9.14,7634.4
E02000309,Enfield 033,98,14,14.29,46.2383,21.43,43.88,17.35,7.14,5.1,5.1,0.0,7.42,16.69,7.46,6.41,29.38,23.43,9.2,13.1,33.85,5.56,33.34,14.15,7239.6
E02000311,Enfield 035,33,5,15.15,30.1502,51.52,33.33,3.03,3.03,3.03,6.06,0.0,6.15,11.71,5.53,6.98,30.9,25.58,13.15,14.41,13.14,5.36,51.65,15.45,7441.1
E02000312,Enfield 036,56,7,12.5,24.7945,32.14,23.21,12.5,8.93,17.86,5.36,0.0,6.9,9.94,4.58,5.03,36.3,24.18,13.07,11.58,8.63,6.18,64.7,8.92,8626.3
E02000313,Greenwich 001,8,0,0.0,34.3332,12.5,37.5,25.0,0.0,25.0,0.0,0.0,6.68,16.48,6.71,5.91,27.17,28.05,9.0,5.41,43.53,4.64,43.81,2.62,8880.5
E02000314,Greenwich 002,26,1,3.85,26.7134,11.54,34.62,26.92,0.0,0.0,26.92,0.0,7.16,16.02,6.66,8.54,31.88,24.76,4.99,10.44,43.92,7.1,34.36,4.18,4429.6
E02000315,Greenwich 003,25,0,0.0,31.8664,20.0,40.0,24.0,8.0,4.0,4.0,0.0,6.84,17.75,7.02,5.87,29.53,24.06,8.92,9.04,37.47,4.49,45.44,3.57,8274.1
E02000317,Greenwich 005,15,1,6.67,32.5041,20.0,46.67,20.0,0.0,6.67,6.67,0.0,6.84,15.01,6.64,6.62,31.48,24.2,9.21,14.27,31.97,5.61,43.98,4.17,11584.2
E02000318,Greenwich 006,70,3,4.29,31.4251,37.14,34.29,12.86,4.29,7.14,4.29,0.0,7.28,12.85,5.74,6.43,33.42,23.51,10.77,34.04,23.34,4.09,29.41,9.13,10014.5
E02000319,Greenwich 007,40,3,7.5,29.9923,32.5,30.0,25.0,5.0,7.5,0.0,0.0,7.05,13.45,5.06,6.0,35.08,25.35,8.02,20.73,26.74,6.68,40.37,5.49,11482.6
E02000320,Greenwich 008,12,1,8.33,25.4827,25.0,33.33,25.0,0.0,8.33,8.33,0.0,6.42,14.58,5.62,5.91,31.62,25.35,10.51,13.52,28.15,5.51,48.24,4.59,4822.6
E02000321,Greenwich 009,8,0,0.0,32.9468,12.5,37.5,25.0,25.0,0.0,0.0,0.0,6.85,14.37,5.65,6.27,32.69,24.58,9.6,14.81,30.8,5.63,42.73,6.02,12403.2
E02000323,Greenwich 011,75,4,5.33,29.5906,28.0,29.33,20.0,8.0,13.33,1.33,0.0,7.12,14.07,6.63,6.74,36.58,21.29,7.57,19.92,30.89,6.56,36.7,5.94,16893.5
E02000324,Greenwich 012,34,6,17.65,27.9668,23.53,35.29,20.59,2.94,11.76,5.88,0.0,6.55,14.33,6.62,6.21,30.5,24.58,11.22,13.13,22.65,8.17,51.71,4.35,6035.3
E02000326,Greenwich 014,15,1,6.67,18.12,13.33,53.33,26.67,6.67,0.0,0.0,0.0,6.16,12.35,4.11,4.6,37.18,25.64,9.97,12.41,15.08,6.08,63.44,2.99,10679.3
E02000327,Greenwich 015,18,0,0.0,28.8645,16.67,44.44,11.11,0.0,27.78,0.0,0.0,7.45,13.6,6.6,7.02,34.8,23.58,6.95,12.53,34.24,5.49,43.9,3.83,3563.9
E02000328,Greenwich 016,16,1,6.25,15.7274,50.0,37.5,6.25,6.25,0.0,0.0,0.0,5.53,11.06,4.39,3.96,33.48,27.35,14.23,7.43,8.09,6.48,75.46,2.53,7432.1
E02000329,Greenwich 017,13,0,0.0,22.9119,23.08,15.38,30.77,7.69,7.69,15.38,0.0,6.62,12.76,5.39,5.18,28.37,26.56,15.12,14.68,18.17,6.71,56.32,4.12,3591.6
E02000331,Greenwich 019,13,0,0.0,27.2161,23.08,15.38,23.08,23.08,0.0,15.38,0.0,6.92,13.25,5.84,5.81,33.91,23.9,10.36,14.69,18.6,6.11,55.27,5.33,8295.6
E02000332,Greenwich 020,17,0,0.0,17.2068,41.18,17.65,11.76,23.53,5.88,0.0,0.0,6.05,13.41,4.33,5.5,29.17,27.36,14.18,8.02,20.21,7.07,61.96,2.74,3694.1
E02000333,Greenwich 021,21,0,0.0,13.3182,42.86,28.57,4.76,9.52,9.52,4.76,0.0,5.14,11.98,3.09,3.84,34.58,25.47,15.9,8.34,5.73,5.52,77.36,3.04,4948.9
E02000334,Greenwich 022,6,0,0.0,21.03,33.33,33.33,16.67,16.67,0.0,0.0,0.0,6.14,12.3,6.37,5.54,29.46,26.46,13.72,13.61,17.41,5.69,58.18,5.11,4791.8
E02000335,Greenwich 023,12,0,0.0,10.0988,50.0,25.0,25.0,0.0,0.0,0.0,0.0,6.97,13.05,4.44,4.49,27.36,26.73,16.96,7.25,4.91,4.21,81.41,2.22,5158.0
E02000337,Greenwich 025,13,1,7.69,29.1817,38.46,15.38,7.69,7.69,15.38,15.38,0.0,5.6,14.79,6.29,5.66,28.77,25.88,13.01,9.21,11.97,4.66,70.11,4.05,6062.0
E02000339,Greenwich 027,66,0,0.0,16.1476,30.3,31.82,16.67,4.55,9.09,7.58,0.0,5.77,12.28,4.88,5.09,25.45,27.16,19.36,6.34,4.85,4.77,82.02,2.02,5006.8
E02000340,Greenwich 028,81,0,0.0,15.8441,38.27,29.63,12.35,11.11,6.17,2.47,0.0,5.81,11.39,4.16,4.82,29.84,24.48,19.5,8.22,7.4,3.8,78.07,2.51,2104.4
E02000341,Greenwich 029,14,0,0.0,36.4303,35.71,21.43,14.29,7.14,14.29,7.14,0.0,6.6,16.25,6.57,5.17,29.15,24.49,11.78,7.41,16.68,5.93,66.27,3.72,4462.5
E02000342,Greenwich 030,28,0,0.0,21.4376,32.14,14.29,25.0,10.71,17.86,0.0,0.0,5.97,12.46,8.68,9.94,29.41,21.64,11.91,8.94,10.36,4.71,72.68,3.31,4652.2
E02000343,Greenwich 031,21,0,0.0,25.7493,28.57,57.14,4.76,9.52,0.0,0.0,0.0,5.93,13.18,5.74,5.47,27.97,26.02,15.69,9.4,11.57,4.81,69.9,4.33,5607.5
E02000344,Greenwich 032,12,0,0.0,13.2962,25.0,41.67,25.0,0.0,0.0,0.0,8.33,6.76,11.79,5.16,5.47,27.21,25.77,17.84,8.43,7.96,3.62,76.58,3.41,4977.6
E02000345,Hackney 001,25,5,20.0,51.4829,28.0,48.0,20.0,0.0,0.0,4.0,0.0,11.22,21.4,8.55,8.56,26.25,15.38,8.64,4.83,7.05,3.49,68.62,16.01,13394.9
E02000346,Hackney 002,17,0,0.0,31.6194,47.06,29.41,11.76,0.0,5.88,5.88,0.0,7.48,11.83,4.49,7.39,43.5,18.05,7.26,14.44,25.7,7.22,42.26,10.37,16131.1
E02000347,Hackney 003,12,0,0.0,45.4136,41.67,50.0,0.0,0.0,8.33,0.0,0.0,11.13,19.6,7.89,8.16,28.02,16.85,8.36,4.25,11.42,3.39,67.48,13.46,11888.3
E02000348,Hackney 004,13,0,0.0,54.5665,30.77,53.85,0.0,0.0,7.69,7.69,0.0,11.21,20.34,8.08,7.57,26.74,18.23,7.83,7.5,16.21,3.99,59.04,13.26,14511.3
E02000350,Hackney 006,35,1,2.86,26.767,31.43,42.86,14.29,2.86,8.57,0.0,0.0,7.38,12.11,5.42,6.11,41.69,20.33,6.96,15.02,12.17,5.64,59.39,7.79,18077.7
E02000351,Hackney 007,41,2,4.88,24.6897,51.22,21.95,9.76,4.88,0.0,4.88,7.32,5.59,8.24,3.63,6.74,49.62,18.66,7.51,8.58,12.78,7.86,61.28,9.5,17770.8
E02000352,Hackney 008,10,0,0.0,25.7268,60.0,20.0,10.0,10.0,0.0,0.0,0.0,7.08,13.6,5.88,5.51,34.9,22.66,10.36,5.33,15.02,7.29,65.54,6.83,8850.0
E02000353,Hackney 009,97,6,6.19,19.7955,58.76,19.59,9.28,4.12,6.19,2.06,0.0,5.33,10.16,4.46,6.84,40.51,23.32,9.38,10.02,12.29,6.77,64.95,5.96,13897.2
E02000354,Hackney 010,46,7,15.22,32.3503,36.96,36.96,10.87,8.7,6.52,0.0,0.0,4.81,10.76,5.92,6.66,42.01,21.63,8.21,13.78,26.45,7.25,44.92,7.6,12111.2
E02000355,Hackney 011,42,2,4.76,26.2092,45.24,28.57,14.29,4.76,7.14,0.0,0.0,6.04,10.1,4.55,6.16,40.93,22.38,9.83,16.87,17.7,7.05,53.77,4.61,12488.9
E02000356,Hackney 012,33,1,3.03,18.4569,54.55,18.18,15.15,12.12,0.0,0.0,0.0,5.19,10.0,4.44,5.05,43.1,23.83,8.39,5.89,10.66,7.85,69.03,6.57,17436.8
E02000357,Hackney 013,11,0,0.0,39.0107,27.27,54.55,18.18,0.0,0.0,0.0,0.0,5.48,13.82,7.64,7.51,30.54,23.78,11.23,9.14,45.33,6.66,30.67,8.19,4495.6
E02000358,Hackney 014,84,3,3.57,27.7078,54.76,19.05,15.48,3.57,5.95,1.19,0.0,4.72,9.41,4.53,5.66,45.97,22.01,7.7,9.53,19.5,7.86,53.88,9.24,17988.6
E02000359,Hackney 015,39,4,10.26,23.7811,53.85,23.08,15.38,2.56,5.13,0.0,0.0,6.93,11.41,5.12,6.81,38.6,22.51,8.6,10.11,22.84,7.0,53.28,6.76,15335.5
E02000360,Hackney 016,42,3,7.14,35.1221,42.86,21.43,14.29,9.52,9.52,2.38,0.0,5.65,13.21,5.93,6.66,38.27,22.34,7.94,13.86,31.78,6.86,37.94,9.56,21076.5
E02000361,Hackney 017,114,6,5.26,34.7233,45.61,29.82,11.4,7.02,4.39,1.75,0.0,4.93,9.01,3.74,6.93,48.95,20.03,6.41,9.87,21.62,7.81,53.03,7.67,13557.7
E02000362,Hackney 018,48,2,4.17,36.9773,54.17,14.58,16.67,10.42,4.17,0.0,0.0,4.58,10.57,6.32,7.41,41.96,21.22,7.94,8.74,27.66,7.89,48.95,6.77,5373.2
E02000363,Hackney 019,33,1,3.03,40.7076,36.36,27.27,18.18,6.06,9.09,3.03,0.0,6.17,15.22,6.77,7.06,35.13,22.22,7.42,11.76,37.35,7.41,35.18,8.3,19916.2
E02000364,Hackney 020,85,1,1.18,25.0405,23.53,61.18,4.71,2.35,5.88,2.35,0.0,4.86,9.77,4.56,5.79,41.63,22.92,10.47,8.39,22.33,5.98,57.22,6.09,13870.6
E02000366,Hackney 022,39,5,12.82,33.6992,41.03,25.64,10.26,17.95,5.13,0.0,0.0,4.93,11.64,5.76,6.22,35.89,25.05,10.51,8.31,23.36,7.94,54.99,5.4,12943.7
E02000367,Hackney 023,123,15,12.2,27.3659,52.03,23.58,13.01,4.88,4.07,1.63,0.81,4.56,9.06,4.53,6.84,48.87,19.93,6.22,8.7,17.94,7.88,59.84,5.64,14100.1
E02000368,Hackney 024,36,0,0.0,31.9213,50.0,25.0,11.11,0.0,13.89,0.0,0.0,5.04,11.27,5.47,7.3,39.02,22.7,9.2,10.89,28.45,6.59,44.27,9.8,15622.7
E02000369,Hackney 025,64,4,6.25,27.0645,64.06,17.19,9.38,3.12,4.69,1.56,0.0,5.36,10.0,4.64,6.7,47.1,19.37,6.83,10.48,22.15,7.14,50.54,9.69,20695.1
E02000370,Hackney 026,29,1,3.45,26.9518,62.07,13.79,10.34,10.34,3.45,0.0,0.0,4.74,10.19,5.2,8.17,44.49,21.12,6.1,11.07,21.88,7.36,49.8,9.89,18158.2
E02000372,Hammersmith and Fulham 001,101,5,4.95,33.3421,45.54,22.77,14.85,1.98,10.89,3.96,0.0,4.51,9.44,4.84,11.51,37.09,23.74,8.87,18.37,18.62,7.66,44.94,10.4,2901.9
E02000373,Hammersmith and Fulham 002,12,1,8.33,36.0074,25.0,25.0,25.0,0.0,16.67,8.33,0.0,5.34,15.32,7.73,8.64,30.37,23.78,8.81,13.19,35.85,7.73,32.16,11.07,17236.0
E02000374,Hammersmith and Fulham 003,11,0,0.0,25.7836,45.45,18.18,9.09,9.09,9.09,9.09,0.0,5.26,12.14,6.5,9.6,33.69,22.67,10.13,11.01,17.59,7.35,55.2,8.85,13942.3
E02000375,Hammersmith and Fulham 004,177,2,1.13,28.3827,61.02,20.34,7.91,2.26,5.65,2.26,0.56,5.38,9.41,4.69,8.96,39.0,23.99,8.57,11.84,18.83,8.22,52.56,8.55,9992.0
E02000376,Hammersmith and Fulham 005,124,12,9.68,27.2127,45.16,30.65,12.9,5.65,0.81,2.42,2.42,4.19,8.05,3.55,8.57,45.25,21.83,8.56,10.45,15.57,7.43,57.42,9.13,16343.9
E02000377,Hammersmith and Fulham 006,56,1,1.79,24.3511,32.14,33.93,12.5,10.71,1.79,8.93,0.0,5.42,9.35,5.07,8.87,37.01,24.59,9.69,9.33,16.0,7.68,60.38,6.61,17572.1
E02000378,Hammersmith and Fulham 007,44,0,0.0,23.1312,31.82,29.55,11.36,6.82,2.27,4.55,13.64,4.23,8.29,3.64,7.99,43.07,23.33,9.45,10.75,11.24,6.6,62.84,8.56,21858.6
E02000379,Hammersmith and Fulham 008,8,0,0.0,15.9603,37.5,12.5,12.5,37.5,0.0,0.0,0.0,5.81,12.42,4.71,5.79,32.92,25.76,12.58,7.73,12.06,6.59,66.76,6.86,10887.1
E02000380,Hammersmith and Fulham 009,16,1,6.25,16.1573,56.25,25.0,0.0,12.5,0.0,0.0,6.25,6.09,10.05,4.09,6.0,35.9,25.85,12.02,8.52,8.72,5.81,71.84,5.12,15634.4
E02000381,Hammersmith and Fulham 010,60,0,0.0,18.1877,45.0,15.0,10.0,11.67,5.0,1.67,11.67,5.15,11.24,4.04,6.44,36.92,25.56,10.65,7.63,9.03,6.75,69.53,7.06,13798.8
E02000382,Hammersmith and Fulham 011,75,0,0.0,16.4921,53.33,17.33,6.67,14.67,1.33,5.33,1.33,4.56,9.52,4.85,7.42,37.32,24.92,11.41,11.59,8.77,7.09,65.66,6.89,10022.7
E02000383,Hammersmith and Fulham 012,57,1,1.75,18.1461,52.63,15.79,17.54,7.02,3.51,1.75,1.75,3.72,6.68,3.46,11.4,38.9,22.56,13.27,14.32,8.86,6.82,57.85,12.15,14093.9
E02000384,Hammersmith and Fulham 013,188,1,0.53,26.3798,52.13,17.55,9.04,10.11,4.26,4.79,2.13,4.25,8.5,4.76,10.56,40.2,21.29,10.45,14.41,13.88,7.7,56.1,7.91,10560.8
E02000385,Hammersmith and Fulham 014,26,1,3.85,18.3102,50.0,26.92,3.85,7.69,7.69,3.85,0.0,3.7,5.16,2.69,13.96,47.29,19.05,8.15,12.09,6.66,5.42,69.81,6.02,14045.5
E02000386,Hammersmith and Fulham 015,52,0,0.0,30.3209,38.46,25.0,15.38,7.69,7.69,5.77,0.0,4.15,9.81,5.74,11.08,37.14,21.67,10.42,11.33,18.7,7.31,52.87,9.8,17334.2
E02000387,Hammersmith and Fulham 016,18,0,0.0,22.2238,50.0,22.22,22.22,0.0,0.0,5.56,0.0,4.13,8.31,4.68,12.56,38.13,22.05,10.14,14.58,14.11,7.06,58.38,5.88,14767.2
E02000388,Hammersmith and Fulham 017,102,5,4.9,19.8254,37.25,30.39,13.73,9.8,2.94,2.94,2.94,4.21,7.41,3.26,10.8,43.75,20.01,10.57,10.97,8.52,5.58,69.43,5.51,16284.8
E02000389,Hammersmith and Fulham 018,40,2,5.0,10.3447,42.5,25.0,10.0,5.0,7.5,10.0,0.0,4.77,9.92,4.06,9.73,35.32,23.8,12.4,10.13,4.95,5.79,74.06,5.07,13776.9
E02000390,Hammersmith and Fulham 019,18,0,0.0,19.8626,44.44,22.22,5.56,16.67,5.56,5.56,0.0,5.61,8.32,3.81,10.72,42.03,19.95,9.56,7.1,8.6,5.73,73.02,5.55,17812.0
E02000391,Hammersmith and Fulham 020,62,1,1.61,16.9842,38.71,16.13,11.29,14.52,11.29,6.45,1.61,5.4,11.36,4.12,7.57,36.81,23.15,11.59,6.96,6.51,5.61,75.27,5.65,11402.2
E02000392,Hammersmith and Fulham 021,94,3,3.19,18.656,58.51,14.89,7.45,5.32,5.32,8.51,0.0,5.17,10.39,4.72,9.76,39.86,21.54,8.55,7.61,9.61,6.14,71.06,5.58,16682.9
E02000393,Hammersmith and Fulham 022,16,1,6.25,10.67,62.5,25.0,6.25,0.0,0.0,6.25,0.0,6.36,9.49,3.67,9.16,41.91,19.86,9.54,5.27,4.83,5.23,80.87,3.8,16779.0
E02000394,Hammersmith and Fulham 023,23,0,0.0,16.6464,52.17,8.7,4.35,13.04,4.35,8.7,8.7,6.24,9.6,4.44,7.92,42.21,21.04,8.55,10.82,11.25,8.25,61.74,7.93,14096.3
E02000395,Hammersmith and Fulham 024,60,0,0.0,11.7849,55.0,18.33,10.0,8.33,5.0,1.67,1.67,4.64,8.92,3.35,8.14,36.98,22.12,15.85,5.63,3.66,4.75,82.48,3.47,5828.6
E02000396,Hammersmith and Fulham 025,33,0,0.0,17.8101,60.61,15.15,6.06,9.09,6.06,3.03,0.0,5.77,13.61,4.9,7.35,33.14,24.73,10.5,7.21,9.71,6.38,70.7,6.0,11042.1
E02000397,Haringey 001,34,1,2.94,33.6344,35.29,29.41,11.76,11.76,5.88,5.88,0.0,5.46,10.95,4.26,5.65,38.99,24.58,10.1,9.03,13.44,6.38,61.67,9.48,14022.0
E02000398,Haringey 002,32,0,0.0,57.2219,18.75,34.38,18.75,6.25,18.75,0.0,3.12,6.23,13.34,7.4,6.93,29.84,26.86,9.41,7.8,37.92,6.61,33.47,14.2,6312.1
E02000400,Haringey 004,27,0,0.0,26.0782,29.63,25.93,18.52,7.41,3.7,14.81,0.0,5.49,13.6,6.02,5.73,31.08,26.42,11.65,9.24,17.51,7.05,58.25,7.95,5988.5
E02000401,Haringey 005,16,0,0.0,41.538,18.75,31.25,25.0,6.25,12.5,6.25,0.0,4.47,12.27,7.89,7.98,29.89,27.18,10.31,12.2,24.0,7.31,43.16,13.33,9194.9
E02000402,Haringey 006,10,0,0.0,45.8951,10.0,40.0,20.0,0.0,30.0,0.0,0.0,5.58,12.51,7.29,6.89,30.23,27.12,10.38,9.44,29.63,6.74,39.67,14.52,6809.0
E02000403,Haringey 007,38,2,5.26,32.283,36.84,34.21,15.79,10.53,2.63,0.0,0.0,6.61,9.81,4.41,5.97,40.94,22.74,9.52,9.85,11.33,5.95,62.97,9.89,8827.4
E02000404,Haringey 008,27,0,0.0,40.4888,33.33,37.04,18.52,0.0,3.7,7.41,0.0,4.72,11.06,6.1,7.06,35.44,24.52,11.09,11.99,17.04,6.52,51.74,12.7,11091.9
E02000405,Haringey 009,28,0,0.0,10.4599,32.14,28.57,17.86,14.29,7.14,0.0,0.0,5.46,16.14,5.82,4.12,25.3,29.65,13.51,5.77,5.77,7.06,76.67,4.72,3633.0
E02000406,Haringey 010,16,1,6.25,37.8536,37.5,31.25,18.75,12.5,0.0,0.0,0.0,4.73,9.04,5.89,7.9,36.55,26.28,9.62,12.04,16.34,6.77,53.88,10.97,14704.2
E02000407,Haringey 011,60,0,0.0,44.7389,35.0,30.0,23.33,1.67,6.67,3.33,0.0,5.93,11.77,5.57,5.98,34.99,26.76,8.99,9.93,32.32,8.38,39.22,10.14,14566.2
E02000408,Haringey 012,42,2,4.76,42.0305,28.57,38.1,9.52,14.29,4.76,4.76,0.0,6.25,14.06,6.09,6.83,31.31,25.72,9.75,8.03,33.91,6.63,38.77,12.65,15936.7
E02000409,Haringey 013,16,0,0.0,38.4536,62.5,25.0,0.0,0.0,6.25,6.25,0.0,5.36,10.78,5.97,6.72,34.48,24.75,11.95,10.35,27.62,6.38,42.54,13.12,8730.9
E02000410,Haringey 014,28,0,0.0,9.4212,57.14,14.29,7.14,7.14,10.71,3.57,0.0,5.28,12.45,6.97,3.91,29.31,28.8,13.28,5.91,3.58,6.7,79.01,4.8,8533.4
E02000411,Haringey 015,18,0,0.0,29.6301,27.78,27.78,11.11,5.56,5.56,22.22,0.0,5.93,10.91,8.37,9.83,36.69,21.51,6.76,13.39,26.74,6.83,43.24,9.8,8199.8
E02000412,Haringey 016,165,4,2.42,40.9723,38.79,21.21,22.42,2.42,8.48,6.06,0.61,4.17,8.65,5.02,8.58,40.02,24.37,9.2,12.92,21.32,6.05,48.7,11.02,9491.9
E02000413,Haringey 017,12,0,0.0,12.8397,41.67,25.0,0.0,16.67,8.33,0.0,8.33,5.62,15.11,6.26,4.87,27.42,27.61,13.12,7.72,6.35,8.1,71.08,6.75,6366.2
E02000414,Haringey 018,19,0,0.0,34.2054,36.84,21.05,36.84,0.0,5.26,0.0,0.0,6.07,10.37,5.03,5.54,38.0,25.16,9.83,9.52,23.1,7.49,50.39,9.51,17296.0
E02000415,Haringey 019,35,1,2.86,29.3236,37.14,37.14,17.14,0.0,5.71,2.86,0.0,5.4,9.97,4.68,6.84,39.94,22.93,10.24,11.67,13.54,6.89,56.41,11.49,10282.6
E02000416,Haringey 020,40,1,2.5,26.108,50.0,12.5,17.5,5.0,10.0,5.0,0.0,5.73,9.52,4.84,4.72,42.82,22.58,9.78,7.45,15.12,7.73,62.1,7.6,13445.2
E02000417,Haringey 021,52,2,3.85,9.7789,44.23,30.77,5.77,13.46,0.0,5.77,0.0,4.47,11.39,4.44,4.57,31.26,27.21,16.66,6.31,4.24,7.52,77.66,4.27,6187.2
E02000418,Haringey 022,16,0,0.0,10.5105,50.0,18.75,6.25,12.5,12.5,0.0,0.0,5.01,12.15,4.83,3.71,27.08,29.41,17.81,5.4,4.84,6.47,78.85,4.44,7615.0
E02000419,Haringey 023,74,0,0.0,27.4034,50.0,33.78,8.11,1.35,4.05,2.7,0.0,5.54,8.61,4.37,5.98,45.42,21.5,8.59,9.41,10.22,7.93,63.53,8.92,13601.1
E02000420,Haringey 024,74,7,9.46,37.2949,35.14,43.24,13.51,2.7,4.05,1.35,0.0,5.55,9.02,4.35,6.25,39.79,24.0,11.05,9.51,22.37,7.18,49.82,11.12,13836.8
E02000421,Haringey 025,73,3,4.11,41.8202,36.99,26.03,17.81,2.74,9.59,6.85,0.0,5.51,10.19,6.51,9.43,36.47,23.7,8.19,8.32,32.13,9.63,36.69,13.22,10857.3
E02000422,Haringey 026,18,0,0.0,37.6972,27.78,44.44,11.11,0.0,5.56,11.11,0.0,6.85,11.29,5.26,6.17,36.83,24.08,9.51,10.19,23.06,6.36,47.73,12.66,13750.0
E02000423,Haringey 027,33,1,3.03,26.7684,51.52,33.33,9.09,0.0,0.0,6.06,0.0,4.85,8.38,3.24,6.5,45.92,22.52,8.58,11.22,10.47,6.76,60.18,11.38,12449.5
E02000424,Haringey 028,32,0,0.0,18.1588,15.62,37.5,37.5,3.12,6.25,0.0,0.0,5.22,10.22,4.58,4.46,36.39,28.18,10.95,4.53,11.22,8.48,70.55,5.21,10139.6
E02000425,Haringey 029,18,0,0.0,49.7288,38.89,50.0,5.56,5.56,0.0,0.0,0.0,10.76,24.56,8.68,5.46,27.73,15.96,6.86,5.06,11.46,3.77,63.31,16.4,15099.8
E02000426,Haringey 030,22,0,0.0,12.4747,36.36,22.73,13.64,22.73,4.55,0.0,0.0,4.92,11.81,5.18,4.42,30.4,26.38,16.9,9.77,5.62,7.73,70.62,6.25,2912.3
E02000427,Haringey 031,35,3,8.57,26.0336,54.29,25.71,2.86,5.71,5.71,5.71,0.0,4.94,7.11,3.55,6.89,44.24,24.4,8.87,7.41,9.83,7.37,66.72,8.67,6166.7
E02000428,Haringey 032,52,2,3.85,38.4875,26.92,32.69,7.69,3.85,23.08,5.77,0.0,5.89,11.66,6.01,7.91,39.92,21.23,7.37,7.48,23.38,6.33,50.24,12.57,14136.8
E02000429,Haringey 033,7,0,0.0,10.2089,57.14,14.29,0.0,0.0,28.57,0.0,0.0,5.39,10.85,3.72,2.86,33.57,28.8,14.81,6.06,5.28,6.9,76.69,5.06,6927.4
E02000430,Haringey 034,94,4,4.26,14.1715,50.0,23.4,6.38,9.57,5.32,5.32,0.0,5.66,9.41,3.19,4.65,40.36,25.83,10.89,5.49,6.34,7.63,75.98,4.55,10516.6
E02000431,Haringey 035,41,1,2.44,11.3592,56.1,19.51,7.32,9.76,0.0,7.32,0.0,4.52,7.91,3.44,4.54,41.6,25.59,12.41,7.06,3.59,6.76,79.15,3.44,9599.5
E02000432,Haringey 036,27,0,0.0,22.9157,40.74,40.74,7.41,7.41,3.7,0.0,0.0,4.86,7.21,3.39,5.94,45.02,23.55,10.04,5.75,11.21,7.21,69.93,5.9,11420.0
E02000433,Harrow 001,45,1,2.22,15.718,35.56,15.56,17.78,8.89,11.11,11.11,0.0,4.89,10.66,4.78,4.48,26.1,23.45,25.65,37.56,5.58,2.89,46.5,7.46,1361.2
E02000434,Harrow 002,36,2,5.56,18.4247,52.78,22.22,13.89,0.0,8.33,0.0,2.78,5.7,10.74,5.44,5.29,31.38,23.46,17.99,41.39,7.24,3.11,40.16,8.11,5017.6
E02000435,Harrow 003,4,0,0.0,22.5448,100.0,0.0,0.0,0.0,0.0,0.0,0.0,5.71,12.78,5.68,6.65,26.42,23.98,18.77,42.0,8.06,3.36,39.37,7.22,4533.7
E02000436,Harrow 004,11,0,0.0,5.4435,36.36,0.0,0.0,18.18,36.36,0.0,9.09,4.34,10.64,5.14,4.44,23.06,26.74,25.64,47.93,3.61,2.97,40.93,4.55,1219.4
E02000437,Harrow 005,21,0,0.0,18.6552,23.81,28.57,19.05,14.29,0.0,14.29,0.0,5.34,12.56,5.75,5.76,26.15,25.52,18.92,37.43,8.42,3.29,42.82,8.04,6272.4
E02000438,Harrow 006,44,5,11.36,17.2377,54.55,22.73,11.36,2.27,6.82,2.27,0.0,6.42,13.63,5.99,4.74,26.91,24.75,17.56,36.1,11.17,4.27,42.58,5.87,4880.9
E02000439,Harrow 007,42,0,0.0,22.9556,26.19,35.71,16.67,2.38,7.14,9.52,2.38,6.79,12.92,5.87,6.46,33.17,22.16,12.63,39.94,9.37,3.22,39.3,8.18,8710.9
E02000440,Harrow 008,24,0,0.0,13.1882,37.5,29.17,8.33,4.17,8.33,12.5,0.0,5.51,13.22,5.78,5.53,27.2,25.46,17.29,52.23,4.35,2.8,34.67,5.95,6423.9
E02000441,Harrow 009,13,0,0.0,15.9706,30.77,23.08,23.08,7.69,7.69,7.69,0.0,6.07,12.65,5.49,5.14,27.52,24.61,18.52,41.85,7.6,4.33,40.22,5.99,3202.6
E02000442,Harrow 010,18,0,0.0,19.5899,27.78,38.89,16.67,11.11,0.0,5.56,0.0,6.54,11.99,6.11,6.6,33.25,24.05,11.46,52.33,4.41,2.03,33.58,7.64,8409.2
E02000443,Harrow 011,50,7,14.0,27.6238,24.0,32.0,20.0,6.0,12.0,6.0,0.0,6.81,13.75,6.16,6.78,32.39,22.16,11.95,41.7,11.68,3.79,32.28,10.55,10987.6
E02000444,Harrow 012,36,3,8.33,17.1532,25.0,47.22,13.89,8.33,2.78,2.78,0.0,5.94,13.54,5.52,5.98,30.26,23.13,15.64,55.57,4.34,2.04,31.98,6.07,7964.0
E02000445,Harrow 013,54,6,11.11,27.8652,38.89,25.93,20.37,3.7,7.41,3.7,0.0,7.34,13.75,6.38,6.03,31.66,22.83,12.01,42.15,10.63,4.37,36.11,6.74,9410.9
E02000447,Harrow 015,14,0,0.0,10.5814,35.71,21.43,14.29,14.29,14.29,0.0,0.0,6.18,13.36,5.59,4.99,30.3,24.47,15.11,50.28,6.42,4.93,31.82,6.54,3856.9
E02000448,Harrow 016,48,2,4.17,7.6533,56.25,14.58,10.42,4.17,6.25,6.25,2.08,5.76,13.0,5.09,4.19,25.45,25.11,21.41,34.75,4.1,4.18,51.53,5.44,4109.5
E02000449,Harrow 017,9,0,0.0,19.6682,33.33,33.33,11.11,0.0,11.11,11.11,0.0,6.06,10.84,5.34,7.13,31.34,24.57,14.71,52.6,5.81,2.77,32.69,6.13,9033.0
E02000451,Harrow 019,36,1,2.78,7.1595,36.11,33.33,16.67,0.0,8.33,5.56,0.0,5.21,12.1,5.11,4.35,27.88,26.25,19.1,50.01,3.31,3.98,38.18,4.52,4196.5
E02000452,Harrow 020,95,10,10.53,23.0119,46.32,24.21,14.74,3.16,2.11,8.42,1.05,7.42,12.3,5.23,6.1,38.35,21.4,9.19,40.17,6.79,5.5,40.52,7.02,8450.1
E02000453,Harrow 021,22,1,4.55,15.6098,36.36,27.27,13.64,4.55,9.09,9.09,0.0,6.93,12.15,5.13,5.5,34.47,23.25,12.57,41.79,6.64,5.96,38.18,7.42,8109.5
E02000454,Harrow 022,11,1,9.09,3.8036,27.27,27.27,27.27,9.09,0.0,9.09,0.0,4.88,15.75,5.46,4.39,25.38,25.8,18.35,47.6,2.48,3.76,41.18,4.97,4684.1
E02000455,Harrow 023,111,6,5.41,19.2341,45.95,21.62,15.32,5.41,5.41,5.41,0.9,7.75,9.97,3.73,5.55,44.09,18.35,10.57,47.42,6.99,4.51,34.42,6.66,9470.8
E02000456,Harrow 024,10,0,0.0,14.9547,30.0,50.0,10.0,0.0,10.0,0.0,0.0,5.63,11.46,5.63,6.64,32.35,25.25,13.05,36.27,10.39,5.93,41.01,6.39,8453.6
E02000457,Harrow 025,44,5,11.36,11.9259,36.36,29.55,20.45,4.55,0.0,9.09,0.0,4.37,12.48,5.27,5.67,29.71,25.35,17.15,48.88,6.73,3.84,32.63,7.92,6085.3
E02000459,Harrow 027,48,7,14.58,23.3919,22.92,20.83,41.67,4.17,2.08,6.25,2.08,6.65,13.34,5.57,5.77,33.08,23.84,11.74,43.36,10.58,4.24,32.54,9.28,7774.3
E02000460,Harrow 028,20,2,10.0,23.1724,30.0,40.0,15.0,0.0,15.0,0.0,0.0,6.8,14.04,6.65,6.83,32.11,23.25,10.32,49.14,12.77,4.19,25.11,8.8,8443.4
E02000461,Harrow 029,42,5,11.9,14.2001,33.33,33.33,19.05,9.52,2.38,2.38,0.0,5.62,11.85,11.74,5.19,30.88,22.14,12.58,34.77,6.64,5.0,46.89,6.7,2738.3
E02000462,Harrow 030,61,10,16.39,22.2203,37.7,31.15,11.48,4.92,8.2,6.56,0.0,5.56,12.25,6.16,5.83,31.11,25.07,14.02,48.85,8.94,3.55,28.34,10.33,6985.5
E02000463,Harrow 031,26,3,11.54,22.1753,30.77,30.77,30.77,3.85,3.85,0.0,0.0,4.87,13.83,7.25,7.18,26.39,26.9,13.57,44.07,11.12,3.58,31.52,9.71,9371.4
E02000464,Havering 001,7,0,0.0,28.0435,42.86,14.29,28.57,14.29,0.0,0.0,0.0,6.42,13.74,6.45,6.15,27.82,23.63,15.79,7.16,10.68,3.91,76.92,1.34,1324.3
E02000465,Havering 002,23,1,4.35,27.9064,47.83,30.43,13.04,8.7,0.0,0.0,0.0,7.08,15.41,6.09,5.66,29.89,25.11,10.77,9.9,10.97,3.52,73.92,1.69,3337.3
E02000466,Havering 003,8,1,12.5,23.2517,62.5,12.5,0.0,25.0,0.0,0.0,0.0,6.9,13.15,5.94,6.19,26.22,24.84,16.76,8.1,8.62,4.37,77.24,1.68,1444.7
E02000467,Havering 004,40,4,10.0,39.8829,30.0,42.5,15.0,0.0,0.0,12.5,0.0,7.4,17.99,7.17,5.75,29.41,22.53,9.74,7.15,16.37,4.97,69.65,1.86,8433.6
E02000468,Havering 005,38,0,0.0,18.2332,42.11,21.05,23.68,5.26,0.0,7.89,0.0,6.33,13.72,6.29,5.65,26.15,24.76,17.09,10.4,8.84,4.02,74.55,2.2,2113.0
E02000469,Havering 006,11,0,0.0,28.0193,27.27,54.55,18.18,0.0,0.0,0.0,0.0,7.37,14.47,5.92,5.33,27.83,24.22,14.86,9.22,13.22,4.27,71.17,2.11,4248.9
E02000470,Havering 007,38,0,0.0,12.5989,39.47,21.05,23.68,7.89,0.0,7.89,0.0,6.65,10.14,4.39,4.56,32.08,23.51,18.68,10.12,6.12,3.83,78.97,0.96,1446.5
E02000471,Havering 008,12,1,8.33,7.4551,50.0,16.67,25.0,0.0,0.0,8.33,0.0,4.83,11.11,5.24,5.28,22.58,27.03,23.93,10.89,4.86,2.7,79.41,2.15,3653.8
E02000472,Havering 009,19,0,0.0,12.6671,42.11,36.84,5.26,10.53,0.0,0.0,5.26,5.93,12.98,5.65,5.12,27.15,24.75,18.42,13.21,6.11,4.04,73.9,2.73,6167.9
E02000473,Havering 010,20,1,5.0,11.1295,40.0,35.0,15.0,5.0,0.0,5.0,0.0,6.38,12.76,5.07,5.42,29.03,24.28,17.05,12.07,6.09,3.68,76.05,2.11,3674.7
E02000474,Havering 011,18,0,0.0,19.0438,38.89,22.22,16.67,5.56,0.0,16.67,0.0,7.22,13.25,5.49,5.1,30.01,23.58,15.34,13.58,9.37,4.59,70.25,2.2,4161.0
E02000475,Havering 012,45,1,2.22,12.4352,48.89,15.56,13.33,13.33,0.0,4.44,4.44,5.96,10.86,4.55,4.41,27.87,25.06,21.29,12.42,6.04,3.28,75.65,2.61,3430.1
E02000476,Havering 013,219,10,4.57,26.8563,49.32,26.03,9.13,7.31,0.0,6.39,1.83,7.82,10.72,4.14,5.86,37.3,21.33,12.84,15.12,10.27,5.06,66.05,3.49,5976.6
E02000477,Havering 014,22,1,4.55,6.3133,9.09,54.55,22.73,4.55,0.0,9.09,0.0,5.46,10.8,5.25,5.08,26.61,26.47,20.32,9.64,3.19,3.72,82.07,1.37,5450.7
E02000478,Havering 015,5,0,0.0,5.6357,40.0,20.0,40.0,0.0,0.0,0.0,0.0,4.02,9.77,5.39,5.24,20.52,27.28,27.78,26.92,4.47,2.1,61.46,5.04,2404.1
E02000479,Havering 016,40,3,7.5,20.6879,30.0,22.5,30.0,10.0,0.0,7.5,0.0,7.44,12.27,5.57,5.39,34.01,23.63,11.68,12.84,9.35,4.73,70.03,3.05,6871.5
E02000480,Havering 017,35,1,2.86,20.9156,31.43,37.14,20.0,8.57,0.0,2.86,0.0,8.24,13.81,5.54,5.79,34.39,21.22,11.01,20.33,13.56,5.14,57.35,3.62,4100.7
E02000481,Havering 018,21,1,4.76,9.4185,52.38,19.05,9.52,14.29,0.0,4.76,0.0,5.63,12.52,5.14,5.12,23.91,25.5,22.18,4.18,3.3,2.45,89.29,0.78,672.5
E02000482,Havering 019,24,1,4.17,3.2047,50.0,25.0,4.17,16.67,0.0,4.17,0.0,4.31,12.34,6.04,4.71,19.68,27.98,24.93,5.39,1.5,2.88,89.53,0.7,2327.9
E02000483,Havering 020,87,2,2.3,15.1861,57.47,16.09,8.05,13.79,0.0,4.6,0.0,5.58,10.54,4.48,5.18,27.45,25.32,21.44,5.92,4.29,3.19,85.16,1.45,4991.9
E02000484,Havering 021,20,1,5.0,8.9035,40.0,25.0,20.0,10.0,0.0,5.0,0.0,5.17,11.1,5.82,5.3,25.27,28.93,18.4,9.58,6.41,2.95,79.15,1.92,4588.8
E02000485,Havering 022,77,4,5.19,11.3736,59.74,18.18,14.29,3.9,0.0,3.9,0.0,5.81,11.93,4.83,4.95,27.77,25.88,18.83,6.0,4.26,2.87,85.48,1.39,4048.3
E02000486,Havering 023,34,2,5.88,10.1466,26.47,23.53,38.24,5.88,0.0,5.88,0.0,5.44,10.0,4.5,5.2,25.7,27.48,21.69,8.95,5.06,3.15,81.32,1.52,5771.8
E02000487,Havering 024,21,0,0.0,2.7923,57.14,19.05,14.29,9.52,0.0,0.0,0.0,4.12,11.39,5.36,4.94,18.85,29.18,26.16,3.13,1.12,2.25,92.81,0.68,614.3
E02000488,Havering 025,12,0,0.0,5.2374,50.0,8.33,16.67,0.0,0.0,25.0,0.0,5.17,10.05,4.69,5.01,24.66,26.69,23.73,6.97,3.79,2.14,85.67,1.44,4144.7
E02000489,Havering 026,23,0,0.0,15.9881,52.17,26.09,8.7,8.7,0.0,4.35,0.0,6.31,13.01,5.43,5.25,27.01,25.83,17.16,12.08,8.68,4.18,73.3,1.76,3321.9
E02000490,Havering 027,17,3,17.65,15.5919,29.41,35.29,29.41,0.0,0.0,5.88,0.0,6.49,12.31,5.95,5.82,27.1,24.47,17.85,10.06,11.63,2.99,74.2,1.12,4128.0
E02000491,Havering 028,27,1,3.7,24.9877,37.04,37.04,14.81,7.41,0.0,3.7,0.0,7.05,13.94,6.61,6.4,29.19,23.91,12.9,13.39,15.89,4.33,64.33,2.06,2216.4
E02000492,Havering 029,11,0,0.0,15.1319,36.36,18.18,18.18,27.27,0.0,0.0,0.0,5.13,11.43,5.31,5.25,24.81,26.12,21.96,8.11,8.69,2.65,78.87,1.68,486.3
E02000493,Havering 030,41,4,9.76,23.5158,36.59,29.27,21.95,7.32,0.0,4.88,0.0,7.39,14.49,5.69,5.68,30.31,23.59,12.84,14.42,14.85,4.87,62.96,2.91,5226.1
E02000494,Hillingdon 001,8,1,12.5,8.6424,37.5,12.5,0.0,37.5,0.0,0.0,12.5,4.63,11.53,4.53,3.38,23.2,27.75,24.98,44.82,3.67,4.04,43.95,3.52,1279.2
E02000495,Hillingdon 002,90,8,8.89,15.0703,41.11,22.22,22.22,4.44,5.56,4.44,0.0,5.89,12.47,4.48,4.75,30.03,23.77,18.61,29.64,4.99,4.13,56.44,4.8,3819.1
E02000496,Hillingdon 003,33,6,18.18,23.4194,33.33,24.24,12.12,24.24,3.03,3.03,0.0,5.27,11.66,5.39,4.81,26.34,27.74,18.77,9.41,2.72,3.97,81.75,2.15,512.4
E02000497,Hillingdon 004,18,0,0.0,14.0289,16.67,22.22,22.22,16.67,16.67,0.0,5.56,5.69,13.35,4.9,5.03,27.6,25.72,17.71,26.16,4.61,4.36,60.96,3.91,3523.6
E02000498,Hillingdon 005,8,0,0.0,11.8992,25.0,50.0,0.0,25.0,0.0,0.0,0.0,6.0,11.71,5.0,4.1,24.9,26.62,21.66,13.41,2.59,4.64,76.71,2.65,2032.3
E02000499,Hillingdon 006,46,2,4.35,6.6182,45.65,17.39,28.26,2.17,2.17,4.35,0.0,5.03,11.37,5.19,4.79,24.25,27.2,22.17,27.89,2.33,4.18,62.29,3.31,4803.3
E02000500,Hillingdon 007,108,2,1.85,7.6384,49.07,22.22,16.67,3.7,2.78,5.56,0.0,4.65,10.58,4.76,5.9,25.25,27.06,21.8,19.21,2.08,4.29,71.1,3.32,2856.6
E02000501,Hillingdon 008,27,3,11.11,8.1123,25.93,25.93,29.63,14.81,0.0,3.7,0.0,5.87,12.5,4.98,4.26,28.87,25.87,17.65,21.39,3.45,4.83,67.34,3.0,5899.3
E02000502,Hillingdon 009,32,2,6.25,9.9818,37.5,21.88,12.5,18.75,0.0,9.38,0.0,7.47,12.82,4.45,4.27,33.86,22.02,15.12,21.33,4.56,4.51,66.07,3.53,2143.3
E02000503,Hillingdon 010,4,0,0.0,7.0124,25.0,25.0,0.0,25.0,0.0,25.0,0.0,6.78,12.06,5.11,4.67,30.2,27.11,14.06,18.02,3.38,4.68,70.69,3.22,6296.6
E02000504,Hillingdon 011,25,3,12.0,5.1094,40.0,36.0,8.0,12.0,4.0,0.0,0.0,5.37,12.97,4.84,4.54,24.75,27.1,20.42,21.28,1.57,3.66,70.25,3.23,2494.5
E02000506,Hillingdon 013,18,1,5.56,8.4377,38.89,22.22,11.11,16.67,5.56,5.56,0.0,4.79,11.25,5.31,4.57,24.45,27.69,21.94,33.7,2.93,3.93,52.46,6.98,1451.3
E02000507,Hillingdon 014,16,3,18.75,14.6378,31.25,31.25,25.0,12.5,0.0,0.0,0.0,6.4,14.45,6.53,5.93,28.79,24.76,13.14,28.21,5.59,4.96,55.59,5.65,3066.5
E02000508,Hillingdon 015,96,7,7.29,15.301,48.96,19.79,14.58,8.33,2.08,3.12,3.12,6.74,10.5,10.8,10.82,34.06,18.43,8.66,26.9,7.75,6.4,52.72,6.23,4350.0
E02000509,Hillingdon 016,101,10,9.9,22.4464,30.69,19.8,26.73,11.88,4.95,4.95,0.99,5.85,9.52,9.3,19.87,29.42,17.26,8.78,25.86,9.77,6.79,52.2,5.39,5241.1
E02000510,Hillingdon 017,42,4,9.52,17.5,26.19,40.48,19.05,9.52,0.0,2.38,2.38,5.62,12.99,5.71,6.7,28.02,25.74,15.22,31.28,6.1,4.78,51.32,6.52,4277.7
E02000511,Hillingdon 018,30,2,6.67,21.0222,26.67,30.0,20.0,16.67,3.33,3.33,0.0,6.45,13.73,6.6,6.07,28.37,25.54,13.25,37.93,8.44,3.52,40.87,9.24,4158.6
E02000512,Hillingdon 019,29,3,10.34,29.1048,34.48,27.59,27.59,3.45,0.0,0.0,6.9,7.14,14.1,6.68,6.68,30.02,24.14,11.24,31.88,11.46,4.99,44.42,7.25,6269.0
E02000513,Hillingdon 020,23,4,17.39,33.001,26.09,34.78,30.43,4.35,0.0,4.35,0.0,8.14,16.84,6.54,5.66,31.47,23.11,8.24,39.6,16.78,3.92,31.26,8.43,6633.6
E02000514,Hillingdon 021,66,8,12.12,24.9364,25.76,36.36,28.79,1.52,1.52,6.06,0.0,6.6,14.8,7.15,6.69,30.41,23.33,11.02,58.85,9.36,2.39,18.72,10.68,8900.9
E02000515,Hillingdon 022,60,5,8.33,26.1724,28.33,35.0,21.67,3.33,0.0,11.67,0.0,7.99,12.73,4.94,8.15,36.04,21.0,9.15,23.96,11.17,4.68,54.33,5.85,4216.5
E02000516,Hillingdon 023,12,2,16.67,24.5585,41.67,25.0,16.67,8.33,8.33,0.0,0.0,6.32,14.55,6.73,6.18,29.84,26.06,10.33,47.47,10.5,4.89,25.83,11.31,5224.5
E02000517,Hillingdon 024,12,2,16.67,29.7963,0.0,50.0,41.67,0.0,0.0,0.0,8.33,6.98,15.83,6.82,5.98,30.21,23.16,11.02,40.35,14.27,4.28,32.4,8.71,6767.1
E02000518,Hillingdon 025,20,2,10.0,28.0395,25.0,30.0,30.0,10.0,5.0,0.0,0.0,8.33,13.54,7.84,6.33,28.82,23.36,11.78,24.66,10.2,4.42,55.78,4.94,3817.4
E02000519,Hillingdon 026,27,4,14.81,29.3874,48.15,22.22,11.11,0.0,7.41,11.11,0.0,6.13,15.86,6.93,6.87,27.94,24.27,12.0,47.99,13.78,3.36,24.44,10.42,5259.0
E02000520,Hillingdon 027,161,21,13.04,28.8064,34.78,36.02,15.53,5.59,3.73,3.11,1.24,7.25,14.58,6.24,6.57,34.0,22.25,9.11,48.53,12.53,4.07,25.93,8.94,3224.6
E02000521,Hillingdon 028,15,3,20.0,28.6417,6.67,33.33,26.67,6.67,6.67,13.33,6.67,7.84,14.7,6.42,6.24,35.61,21.35,7.84,39.7,10.8,4.51,38.52,6.47,5374.9
E02000522,Hillingdon 029,43,10,23.26,30.676,32.56,34.88,23.26,2.33,2.33,0.0,4.65,7.05,14.57,5.37,5.9,33.04,22.25,11.81,27.42,8.95,5.08,53.39,5.16,6100.1
E02000523,Hillingdon 030,53,9,16.98,24.9616,41.51,28.3,18.87,5.66,0.0,5.66,0.0,6.31,13.09,5.99,7.43,34.67,22.98,9.53,58.74,8.53,2.8,19.91,10.02,6906.9
E02000524,Hillingdon 031,189,8,4.23,29.4765,47.62,30.69,2.65,6.88,2.12,2.12,7.94,6.51,12.1,4.5,6.27,34.3,25.06,11.25,34.73,5.76,3.8,50.4,5.31,367.4
E02000525,Hillingdon 032,30,2,6.67,31.2429,26.67,23.33,16.67,10.0,0.0,0.0,23.33,7.04,15.12,5.61,5.74,33.91,23.58,9.0,49.42,9.96,3.76,27.99,8.87,2473.7
E02000526,Hounslow 001,54,1,1.85,11.2646,57.41,25.93,3.7,5.56,1.85,1.85,3.7,4.69,10.96,5.15,5.31,32.85,26.9,14.14,9.22,5.46,6.06,74.56,4.69,9345.6
E02000529,Hounslow 004,24,1,4.17,28.9197,12.5,41.67,20.83,12.5,8.33,4.17,0.0,6.68,14.23,6.22,6.12,32.1,23.24,11.42,58.78,7.33,2.91,16.73,14.25,8221.4
E02000530,Hounslow 005,33,0,0.0,36.9381,27.27,30.3,15.15,6.06,0.0,15.15,6.06,7.14,16.87,7.41,6.81,30.5,22.39,8.87,50.1,15.73,4.03,19.68,10.46,2981.8
E02000531,Hounslow 006,75,3,4.0,23.3749,40.0,24.0,14.67,10.67,5.33,2.67,2.67,6.09,11.49,4.7,5.37,35.58,24.93,11.84,13.5,8.51,6.13,65.93,5.93,4527.3
E02000532,Hounslow 007,24,0,0.0,15.8708,25.0,33.33,8.33,29.17,4.17,0.0,0.0,5.54,12.02,5.29,4.98,27.88,27.88,16.43,9.24,5.01,6.74,73.85,5.16,3920.0
E02000533,Hounslow 008,19,2,10.53,15.8818,42.11,10.53,15.79,15.79,15.79,0.0,0.0,5.37,12.91,4.84,4.31,29.8,27.51,15.27,8.55,5.07,7.18,74.15,5.05,7912.2
E02000534,Hounslow 009,32,0,0.0,14.1558,59.38,9.38,12.5,12.5,3.12,0.0,3.12,5.91,12.12,5.2,5.4,33.36,24.3,13.71,36.58,5.46,5.16,45.22,7.59,1758.6
E02000535,Hounslow 010,12,0,0.0,23.246,16.67,25.0,41.67,0.0,0.0,8.33,8.33,5.55,12.5,5.58,6.29,31.12,23.9,15.05,65.7,3.89,2.58,17.58,10.26,6485.6
E02000536,Hounslow 011,32,2,6.25,24.9447,37.5,34.38,18.75,0.0,3.12,3.12,3.12,5.95,12.73,6.43,6.07,32.42,23.66,12.75,59.89,5.26,3.08,21.78,9.99,6749.1
E02000537,Hounslow 012,34,2,5.88,19.0696,35.29,35.29,14.71,11.76,0.0,0.0,2.94,5.54,10.87,4.44,7.14,35.58,22.83,13.6,58.13,3.0,3.74,26.7,8.43,5214.2
E02000538,Hounslow 013,41,0,0.0,29.0311,29.27,36.59,14.63,0.0,7.32,4.88,7.32,5.95,12.25,5.61,6.57,34.08,24.47,11.07,63.46,5.3,2.63,19.97,8.64,4291.5
E02000539,Hounslow 014,33,2,6.06,23.0641,39.39,27.27,12.12,12.12,6.06,3.03,0.0,6.6,13.65,5.4,5.26,35.65,23.86,9.59,21.81,7.47,7.33,57.46,5.93,7425.6
E02000540,Hounslow 015,108,2,1.85,24.2699,41.67,33.33,19.44,1.85,1.85,1.85,0.0,7.41,13.08,4.85,5.68,36.43,22.52,10.02,40.03,7.86,5.17,39.78,7.15,9666.7
E02000541,Hounslow 016,61,6,9.84,32.5222,37.7,32.79,19.67,3.28,1.64,3.28,1.64,6.78,12.21,6.09,5.6,32.89,24.22,12.22,57.24,6.84,2.83,24.75,8.35,10069.2
E02000542,Hounslow 017,49,0,0.0,29.9997,32.65,42.86,8.16,0.0,2.04,6.12,8.16,7.25,13.54,5.85,6.15,34.87,21.86,10.49,59.7,6.61,3.98,22.46,7.24,11762.0
E02000543,Hounslow 018,177,7,3.95,29.6378,41.24,26.55,21.47,5.65,1.69,2.26,1.13,8.03,12.91,5.1,5.07,39.82,21.17,7.9,53.35,5.23,3.76,31.44,6.23,12233.3
E02000544,Hounslow 019,13,0,0.0,15.4803,15.38,69.23,0.0,7.69,7.69,0.0,0.0,4.99,11.89,5.61,5.36,30.56,26.08,15.51,38.14,3.72,4.06,47.4,6.68,6175.2
E02000545,Hounslow 020,27,0,0.0,25.1483,29.63,18.52,22.22,14.81,3.7,11.11,0.0,6.5,14.64,6.57,4.58,31.11,24.3,12.29,18.19,13.66,4.72,57.36,6.07,7037.7
E02000546,Hounslow 021,22,3,13.64,27.4583,40.91,40.91,4.55,4.55,4.55,4.55,0.0,6.04,14.22,6.15,6.47,31.79,24.36,10.96,59.12,5.85,3.21,24.52,7.3,4238.4
E02000547,Hounslow 022,27,0,0.0,27.4119,25.93,37.04,14.81,14.81,0.0,7.41,0.0,6.58,13.46,5.55,5.87,31.5,23.89,13.15,36.58,8.33,3.98,45.33,5.78,3369.3
E02000548,Hounslow 023,29,0,0.0,30.6461,48.28,31.03,13.79,3.45,0.0,3.45,0.0,6.84,15.05,5.89,5.86,32.15,23.91,10.3,28.02,9.48,4.06,53.43,5.01,2997.3
E02000549,Hounslow 024,50,1,2.0,25.6343,36.0,36.0,18.0,4.0,2.0,2.0,2.0,5.55,12.27,6.6,6.08,31.1,25.52,12.88,34.89,5.43,4.28,48.53,6.87,5106.5
E02000550,Hounslow 025,48,3,6.25,27.378,29.17,31.25,27.08,2.08,0.0,8.33,2.08,6.53,15.27,6.16,5.99,34.13,24.06,7.85,31.19,9.45,4.0,49.84,5.54,11335.4
E02000551,Hounslow 026,28,2,7.14,35.1639,21.43,39.29,28.57,7.14,0.0,3.57,0.0,7.08,15.49,6.23,5.96,30.6,24.26,10.38,25.45,10.22,4.58,54.06,5.69,4578.4
E02000552,Hounslow 027,31,0,0.0,21.9315,32.26,29.03,22.58,9.68,3.23,3.23,0.0,6.67,14.61,6.41,6.49,31.64,24.75,9.43,23.21,7.81,6.5,58.23,4.25,3025.4
E02000553,Hounslow 028,18,0,0.0,25.9806,11.11,27.78,27.78,11.11,16.67,5.56,0.0,6.32,14.76,5.51,5.37,28.14,26.1,13.81,19.5,7.91,4.84,61.06,6.69,2821.2
E02000554,Islington 001,33,1,3.03,38.0782,36.36,36.36,9.09,6.06,12.12,0.0,0.0,5.82,11.53,5.0,7.14,37.44,23.66,9.4,7.51,19.28,8.11,56.42,8.67,14685.3
E02000555,Islington 002,29,1,3.45,25.851,44.83,31.03,13.79,0.0,6.9,3.45,0.0,5.01,10.86,4.62,8.14,36.97,23.11,11.29,7.71,13.92,6.93,63.74,7.7,16056.0
E02000556,Islington 003,116,9,7.76,28.1166,53.45,17.24,13.79,6.9,3.45,5.17,0.0,5.05,8.38,4.84,8.61,44.3,20.43,8.4,11.46,12.61,7.2,61.73,7.0,17510.8
E02000557,Islington 004,77,5,6.49,28.2645,35.06,32.47,12.99,7.79,3.9,6.49,1.3,4.73,9.49,3.84,7.84,40.26,23.08,10.76,8.31,13.09,9.54,63.15,5.91,12394.9
E02000558,Islington 005,70,4,5.71,44.7288,48.57,24.29,8.57,8.57,8.57,0.0,1.43,6.37,11.81,5.49,8.79,37.01,21.61,8.93,11.6,27.51,7.19,42.25,11.44,19619.4
E02000559,Islington 006,80,2,2.5,17.2987,46.25,23.75,15.0,10.0,2.5,2.5,0.0,5.63,10.37,4.89,5.8,43.17,21.99,8.15,8.06,14.17,6.94,64.95,5.89,16609.5
E02000560,Islington 007,114,15,13.16,27.2694,42.11,33.33,11.4,6.14,3.51,3.51,0.0,4.5,7.79,3.33,10.78,46.71,19.05,7.84,9.89,11.86,7.49,62.61,8.16,14619.4
E02000561,Islington 008,13,0,0.0,16.4294,23.08,23.08,0.0,15.38,23.08,7.69,7.69,4.4,9.55,5.38,6.33,37.79,24.31,12.24,5.92,8.46,7.84,73.19,4.59,12040.7
E02000562,Islington 009,21,2,9.52,23.7084,28.57,38.1,9.52,9.52,9.52,0.0,4.76,5.09,9.46,4.67,5.42,41.91,22.69,10.77,8.48,12.03,7.16,65.2,7.13,12137.3
E02000563,Islington 010,23,3,13.04,32.7196,17.39,52.17,17.39,4.35,8.7,0.0,0.0,4.83,10.61,5.24,9.45,38.8,21.23,9.85,8.77,15.87,8.69,57.22,9.46,14966.4
E02000564,Islington 011,90,11,12.22,23.3942,46.67,23.33,16.67,4.44,3.33,5.56,0.0,4.83,7.41,4.16,9.99,49.43,17.69,6.48,13.75,11.45,7.77,60.7,6.32,15377.0
E02000565,Islington 012,42,1,2.38,27.6461,42.86,23.81,14.29,9.52,7.14,2.38,0.0,4.93,10.67,5.64,7.49,42.55,20.91,7.82,7.42,19.39,7.54,57.63,8.02,16654.3
E02000566,Islington 013,98,8,8.16,20.1685,59.18,21.43,8.16,6.12,3.06,2.04,0.0,5.81,8.86,3.52,6.39,43.36,21.77,10.3,7.43,7.88,7.48,72.36,4.85,12215.9
E02000567,Islington 014,40,2,5.0,28.2548,40.0,27.5,7.5,15.0,10.0,0.0,0.0,5.27,8.43,3.42,5.59,45.27,22.68,9.33,6.53,10.38,7.95,69.36,5.78,15710.4
E02000568,Islington 015,81,9,11.11,29.7626,28.4,23.46,37.04,6.17,1.23,3.7,0.0,4.86,9.86,5.95,11.92,40.01,18.99,8.42,13.3,15.79,8.35,54.73,7.82,12560.4
E02000569,Islington 016,66,3,4.55,30.7173,36.36,25.76,13.64,10.61,9.09,4.55,0.0,5.8,10.46,4.3,6.29,39.45,22.79,10.9,8.25,11.36,7.6,65.75,7.03,14190.5
E02000570,Islington 017,62,5,8.06,19.0516,50.0,20.97,8.06,14.52,3.23,1.61,1.61,5.09,7.9,3.44,5.83,44.27,22.08,11.39,5.88,6.09,7.59,76.49,3.95,13782.4
E02000571,Islington 018,47,3,6.38,27.6776,38.3,38.3,6.38,8.51,4.26,4.26,0.0,6.85,8.18,4.96,6.45,42.2,22.06,9.29,8.07,11.72,7.65,66.91,5.65,17861.9
E02000572,Islington 019,34,3,8.82,31.4694,44.12,23.53,2.94,11.76,11.76,5.88,0.0,4.78,10.88,6.04,12.12,35.09,21.12,9.97,15.62,18.14,7.74,49.65,8.84,18765.3
E02000573,Islington 020,200,13,6.5,19.8429,52.0,18.0,8.0,14.0,3.0,3.5,1.5,5.01,6.81,4.23,7.74,46.51,20.0,9.71,10.69,8.2,6.6,70.04,4.47,14250.4
E02000574,Islington 021,131,7,5.34,23.9134,53.44,14.5,9.16,11.45,6.11,2.29,3.05,3.76,6.05,6.62,11.86,39.68,21.68,10.36,13.61,9.5,6.88,64.3,5.71,12879.0
E02000575,Islington 022,243,11,4.53,20.7614,53.91,9.88,8.23,17.28,6.17,2.47,2.06,5.15,7.03,6.84,12.83,40.2,19.84,8.1,13.36,10.28,6.17,61.74,8.45,12169.8
E02000576,Islington 023,166,11,6.63,26.6095,45.18,11.45,10.84,12.05,12.65,4.82,3.01,5.13,9.97,6.07,11.23,38.95,19.99,8.67,12.93,15.19,6.36,56.37,9.15,14117.7
E02000577,Kensington and Chelsea 001,67,3,4.48,39.1423,49.25,35.82,4.48,4.48,4.48,1.49,0.0,3.93,9.82,6.34,11.02,30.58,26.2,12.1,10.76,20.5,9.95,41.11,17.68,8849.0
E02000578,Kensington and Chelsea 002,14,0,0.0,39.3707,50.0,28.57,7.14,0.0,14.29,0.0,0.0,5.5,11.63,7.68,6.1,28.71,26.91,13.48,7.46,18.02,7.38,52.96,14.17,11687.8
E02000579,Kensington and Chelsea 003,27,0,0.0,25.0339,37.04,29.63,7.41,0.0,11.11,14.81,0.0,5.71,10.24,5.48,6.33,30.41,28.09,13.74,9.41,14.94,7.31,58.83,9.51,14730.5
E02000580,Kensington and Chelsea 004,119,1,0.84,33.4064,63.87,17.65,6.72,5.04,5.04,1.68,0.0,3.57,7.75,3.85,6.33,36.57,27.57,14.37,10.83,14.52,9.18,54.22,11.25,19931.8
E02000581,Kensington and Chelsea 005,19,0,0.0,34.4395,36.84,31.58,10.53,10.53,10.53,0.0,0.0,4.02,10.82,6.71,8.85,26.57,28.26,14.77,13.03,18.87,8.94,45.94,13.22,17134.9
E02000582,Kensington and Chelsea 006,91,2,2.2,15.3128,49.45,27.47,2.2,6.59,2.2,4.4,7.69,4.41,7.42,3.8,7.03,37.31,25.19,14.83,11.07,4.17,6.67,70.6,7.48,13407.8
E02000583,Kensington and Chelsea 007,77,0,0.0,14.3021,55.84,25.97,5.19,5.19,5.19,2.6,0.0,4.3,8.93,3.87,5.85,33.38,29.33,14.33,7.93,6.53,6.58,73.44,5.52,11167.5
E02000584,Kensington and Chelsea 008,108,3,2.78,9.8265,68.52,16.67,3.7,9.26,0.0,1.85,0.0,4.78,10.76,4.64,7.07,29.0,28.57,15.19,10.25,4.0,7.26,71.02,7.47,7870.8
E02000585,Kensington and Chelsea 009,24,0,0.0,14.7976,58.33,12.5,0.0,0.0,12.5,4.17,12.5,4.6,11.35,5.25,6.58,31.05,28.25,12.92,16.62,6.59,6.11,58.47,12.21,8908.5
E02000586,Kensington and Chelsea 010,95,2,2.11,10.4351,58.95,14.74,8.42,6.32,2.11,2.11,7.37,3.81,9.1,4.28,10.07,31.74,28.56,12.45,15.24,1.53,4.39,69.05,9.79,12324.4
E02000587,Kensington and Chelsea 011,77,1,1.3,10.1333,59.74,23.38,1.3,6.49,3.9,2.6,2.6,4.36,9.43,3.93,7.87,28.77,30.52,15.12,12.0,2.45,5.87,68.98,10.7,12437.3
E02000588,Kensington and Chelsea 012,157,1,0.64,10.8924,67.52,17.83,1.91,4.46,2.55,0.0,5.73,4.03,8.35,3.71,8.89,30.12,30.55,14.35,11.08,1.65,5.83,73.73,7.7,7800.5
E02000589,Kensington and Chelsea 013,82,0,0.0,14.2167,57.32,12.2,7.32,4.88,1.22,2.44,14.63,3.59,6.85,4.06,13.66,36.63,25.58,9.63,18.6,4.82,6.55,60.49,9.53,19552.3
E02000590,Kensington and Chelsea 014,112,0,0.0,21.1879,67.86,16.96,6.25,4.46,0.89,1.79,1.79,3.79,7.72,4.64,8.73,29.11,29.24,16.77,15.35,6.59,6.01,61.74,10.31,12972.9
E02000591,Kensington and Chelsea 015,46,0,0.0,26.6614,43.48,10.87,8.7,6.52,4.35,4.35,21.74,4.0,7.61,3.79,11.41,36.66,23.98,12.57,17.21,7.78,6.39,52.79,15.83,17221.3
E02000592,Kensington and Chelsea 016,107,0,0.0,11.1334,64.49,13.08,4.67,4.67,3.74,2.8,6.54,4.72,8.83,4.03,9.89,33.84,26.48,12.2,12.85,1.79,5.35,73.68,6.34,10156.8
E02000593,Kensington and Chelsea 017,49,0,0.0,18.0401,46.94,26.53,0.0,6.12,4.08,4.08,12.24,5.35,6.63,4.6,13.6,33.71,25.04,11.07,11.88,3.29,5.94,72.18,6.72,14839.4
E02000594,Kensington and Chelsea 018,63,1,1.59,14.6045,68.25,12.7,1.59,9.52,3.17,3.17,1.59,3.15,7.09,3.55,5.46,24.58,30.64,25.55,7.26,4.05,4.22,79.02,5.44,8343.4
E02000595,Kensington and Chelsea 019,88,0,0.0,15.8718,68.18,11.36,3.41,7.95,3.41,4.55,1.14,4.7,8.83,3.86,6.8,29.96,27.61,18.23,7.8,3.08,4.49,78.76,5.86,9699.4
E02000596,Kensington and Chelsea 020,59,0,0.0,11.7999,61.02,16.95,5.08,10.17,1.69,5.08,0.0,3.53,7.84,4.52,10.3,35.47,25.02,13.32,8.98,2.13,5.85,77.1,5.94,12083.3
E02000597,Kensington and Chelsea 021,34,0,0.0,34.2927,44.12,26.47,2.94,11.76,11.76,2.94,0.0,4.17,10.4,4.77,6.98,29.14,28.16,16.38,13.29,10.99,7.32,55.71,12.69,16040.5
E02000598,Kingston upon Thames 001,6,0,0.0,5.168,16.67,50.0,16.67,16.67,0.0,0.0,0.0,4.43,17.39,6.55,3.86,20.43,31.41,15.93,15.25,1.64,5.89,73.35,3.87,6083.6
E02000599,Kingston upon Thames 002,14,0,0.0,6.6417,50.0,28.57,0.0,14.29,0.0,0.0,7.14,3.61,12.8,7.25,5.88,20.09,28.66,21.71,23.93,3.02,5.09,54.99,12.96,1686.5
E02000600,Kingston upon Thames 003,33,2,6.06,11.6021,42.42,21.21,18.18,18.18,0.0,0.0,0.0,6.15,14.32,4.95,5.81,31.7,23.96,13.1,18.76,3.47,6.1,64.91,6.76,7564.2
E02000601,Kingston upon Thames 004,36,0,0.0,9.4106,33.33,13.89,19.44,22.22,0.0,8.33,2.78,6.52,14.75,5.25,4.97,32.45,25.71,10.35,16.19,2.32,6.13,70.36,5.0,11112.8
E02000602,Kingston upon Thames 005,51,3,5.88,19.5375,33.33,21.57,19.61,11.76,0.0,9.8,3.92,6.45,12.28,6.79,12.19,31.79,20.54,9.97,16.74,5.8,6.1,64.65,6.72,9571.2
E02000603,Kingston upon Thames 006,22,3,13.64,18.7987,50.0,31.82,9.09,0.0,0.0,9.09,0.0,5.69,13.5,7.78,8.08,28.68,24.73,11.55,25.47,4.37,5.39,56.16,8.62,6524.1
E02000604,Kingston upon Thames 007,91,8,8.79,11.4812,59.34,13.19,8.79,5.49,3.3,9.89,0.0,6.35,13.58,5.19,4.56,29.73,26.66,13.93,26.8,2.23,5.77,59.68,5.52,6029.1
E02000605,Kingston upon Thames 008,37,4,10.81,10.0787,21.62,24.32,35.14,0.0,10.81,5.41,2.7,5.76,13.47,5.26,4.62,26.38,27.74,16.78,21.95,1.81,5.51,64.55,6.18,5902.9
E02000606,Kingston upon Thames 009,229,6,2.62,9.1149,58.52,13.1,13.54,7.42,1.31,5.24,0.87,5.38,7.65,3.83,13.39,38.03,20.41,11.31,13.5,2.29,5.67,72.37,6.16,7050.1
E02000607,Kingston upon Thames 010,11,1,9.09,6.5503,18.18,18.18,9.09,45.45,9.09,0.0,0.0,5.56,11.46,7.74,10.37,28.09,24.19,12.59,9.25,3.37,5.68,78.73,2.96,4716.1
E02000608,Kingston upon Thames 011,84,1,1.19,12.5657,42.86,23.81,15.48,11.9,0.0,3.57,2.38,5.58,7.14,4.48,8.34,42.9,21.67,9.88,12.47,2.57,5.67,75.65,3.64,8765.4
E02000609,Kingston upon Thames 012,15,1,6.67,13.0252,33.33,26.67,20.0,13.33,0.0,6.67,0.0,4.58,12.49,6.28,5.84,23.52,28.48,18.81,31.21,2.74,4.42,52.8,8.83,5174.0
E02000610,Kingston upon Thames 013,29,0,0.0,13.6751,51.72,20.69,10.34,10.34,3.45,3.45,0.0,5.7,9.25,3.45,6.09,40.66,21.56,13.3,12.47,3.02,5.17,75.45,3.9,7146.2
E02000611,Kingston upon Thames 014,9,0,0.0,3.5354,33.33,44.44,0.0,11.11,0.0,11.11,0.0,4.99,13.76,5.99,5.01,21.53,28.07,20.64,16.96,1.53,4.97,72.0,4.53,4135.6
E02000612,Kingston upon Thames 015,8,0,0.0,6.5595,50.0,0.0,0.0,25.0,0.0,25.0,0.0,5.38,11.54,5.01,4.97,25.22,26.72,21.17,23.13,1.94,5.06,63.69,6.18,4372.8
E02000613,Kingston upon Thames 016,30,4,13.33,10.3211,33.33,33.33,20.0,3.33,0.0,6.67,3.33,7.02,13.46,4.77,4.15,31.25,25.18,14.17,10.72,2.78,5.57,77.59,3.33,6725.7
E02000614,Kingston upon Thames 017,71,2,2.82,15.6273,29.58,29.58,22.54,4.23,2.82,8.45,2.82,6.13,13.09,6.09,6.41,30.22,25.38,12.67,27.13,4.1,4.68,56.85,7.24,3147.4
E02000615,Kingston upon Thames 018,40,4,10.0,10.4057,27.5,32.5,20.0,10.0,0.0,10.0,0.0,5.37,13.37,5.83,5.22,26.39,27.87,15.96,12.4,2.04,4.45,77.53,3.58,4817.5
E02000616,Kingston upon Thames 019,6,1,16.67,7.7858,33.33,33.33,16.67,0.0,16.67,0.0,0.0,6.01,12.37,5.2,4.86,29.58,26.49,15.49,8.4,2.05,4.47,82.94,2.15,4620.7
E02000617,Kingston upon Thames 020,54,0,0.0,14.5986,51.85,29.63,7.41,5.56,3.7,1.85,0.0,6.08,12.79,5.51,5.76,28.08,26.24,15.55,10.15,2.52,4.39,78.4,4.55,1252.6
E02000619,Lambeth 002,38,5,13.16,26.9458,36.84,21.05,10.53,13.16,15.79,2.63,0.0,5.1,10.75,4.93,7.5,35.77,25.06,10.88,7.49,30.25,8.37,47.5,6.38,16582.8
E02000620,Lambeth 003,91,6,6.59,24.8322,32.97,15.38,24.18,15.38,7.69,2.2,2.2,3.91,8.62,4.68,10.08,39.45,23.93,9.35,7.72,23.59,7.96,53.5,7.23,13499.2
E02000621,Lambeth 004,108,6,5.56,18.3602,39.81,15.74,23.15,6.48,6.48,5.56,2.78,3.48,5.8,4.59,12.65,46.6,19.29,7.58,12.5,17.42,6.91,56.05,7.12,17174.2
E02000622,Lambeth 005,66,1,1.52,24.1511,33.33,18.18,21.21,6.06,19.7,0.0,1.52,4.22,7.36,4.44,10.08,42.61,22.67,8.61,6.54,22.98,9.1,55.63,5.75,10789.6
E02000623,Lambeth 006,17,3,17.65,26.0661,47.06,0.0,11.76,35.29,5.88,0.0,0.0,3.64,10.79,5.69,8.26,34.68,26.7,10.23,5.09,31.13,6.76,48.78,8.25,17136.9
E02000624,Lambeth 007,23,1,4.35,23.8039,26.09,30.43,13.04,8.7,8.7,13.04,0.0,4.32,8.89,4.34,8.48,45.57,21.41,6.99,5.38,30.41,8.06,50.51,5.65,16729.2
E02000625,Lambeth 008,48,2,4.17,26.4279,29.17,39.58,16.67,4.17,2.08,8.33,0.0,4.87,11.3,5.12,9.81,40.29,22.62,6.0,7.51,32.39,7.91,43.97,8.23,16779.1
E02000626,Lambeth 009,24,3,12.5,35.5376,20.83,16.67,25.0,0.0,37.5,0.0,0.0,4.95,12.51,6.15,7.51,34.4,27.27,7.21,5.23,44.99,9.16,33.03,7.58,15045.0
E02000627,Lambeth 010,29,4,13.79,24.6049,41.38,24.14,17.24,10.34,6.9,0.0,0.0,4.38,8.29,5.05,10.94,43.43,20.03,7.88,5.64,28.56,7.47,52.88,5.44,18154.7
E02000628,Lambeth 011,206,24,11.65,30.114,43.2,25.73,19.42,5.83,2.91,2.91,0.0,3.91,9.35,5.39,10.37,39.57,23.32,8.08,5.01,37.02,8.93,41.01,8.04,16445.6
E02000629,Lambeth 012,66,7,10.61,19.8086,36.36,13.64,27.27,18.18,3.03,1.52,0.0,3.64,6.91,2.83,11.6,48.34,19.75,6.93,5.66,16.91,6.76,66.89,3.78,14212.0
E02000630,Lambeth 013,57,3,5.26,18.0396,36.84,14.04,15.79,15.79,7.02,8.77,1.75,3.94,7.72,2.96,9.78,45.89,19.98,9.73,4.6,13.7,6.83,71.92,2.94,11108.2
E02000631,Lambeth 014,41,1,2.44,19.7133,19.51,21.95,41.46,2.44,7.32,7.32,0.0,5.0,10.43,6.02,8.12,38.53,23.19,8.7,7.19,22.13,8.14,57.48,5.05,8947.0
E02000632,Lambeth 015,40,2,5.0,16.7141,30.0,20.0,22.5,10.0,12.5,5.0,0.0,2.48,4.28,1.9,14.13,55.73,15.64,5.84,4.68,15.65,6.75,69.61,3.31,18151.9
E02000633,Lambeth 016,46,3,6.52,28.1083,36.96,26.09,15.22,10.87,6.52,4.35,0.0,4.36,8.93,4.68,9.61,42.14,22.46,7.81,5.52,35.12,8.61,45.42,5.34,14500.6
E02000634,Lambeth 017,59,4,6.78,26.1015,45.76,13.56,16.95,15.25,3.39,5.08,0.0,3.88,8.26,4.16,10.41,42.43,21.71,9.15,5.68,23.79,7.34,57.23,5.96,12994.2
E02000635,Lambeth 018,61,1,1.64,22.3418,36.07,22.95,21.31,11.48,6.56,1.64,0.0,4.38,8.55,3.68,7.53,45.49,23.35,7.01,5.84,25.32,8.17,56.08,4.59,7896.3
E02000636,Lambeth 019,34,0,0.0,12.9296,41.18,20.59,14.71,5.88,0.0,11.76,5.88,5.44,9.46,2.89,9.7,44.09,20.47,7.95,5.44,8.81,5.71,77.27,2.76,8353.5
E02000637,Lambeth 020,42,6,14.29,19.6788,30.95,23.81,23.81,4.76,11.9,4.76,0.0,4.31,6.7,3.46,7.94,49.54,20.61,7.44,4.21,16.99,7.33,65.1,6.37,14384.5
E02000638,Lambeth 021,33,5,15.15,22.2537,27.27,30.3,12.12,9.09,12.12,9.09,0.0,4.73,8.98,4.27,8.66,44.15,22.07,7.14,6.23,27.12,8.71,52.49,5.46,14968.6
E02000639,Lambeth 022,5,0,0.0,23.7048,0.0,40.0,0.0,0.0,40.0,20.0,0.0,4.09,8.97,5.12,7.99,41.21,25.14,7.49,5.79,31.79,9.34,44.52,8.56,14241.0
E02000640,Lambeth 023,16,0,0.0,13.0943,25.0,37.5,37.5,0.0,0.0,0.0,0.0,5.98,10.11,3.56,8.24,44.85,18.82,8.43,7.16,13.41,6.57,69.17,3.68,11359.2
E02000641,Lambeth 024,6,0,0.0,30.6832,16.67,50.0,0.0,0.0,16.67,0.0,16.67,5.52,13.56,7.31,6.73,33.79,25.15,7.95,5.03,42.75,8.16,36.04,8.02,14129.0
E02000642,Lambeth 025,35,2,5.71,22.8775,31.43,22.86,17.14,8.57,11.43,8.57,0.0,5.45,11.6,5.21,5.73,35.91,25.13,10.96,5.36,21.82,8.94,60.27,3.61,9047.2
E02000643,Lambeth 026,42,1,2.38,20.7205,38.1,19.05,23.81,4.76,7.14,7.14,0.0,5.11,9.92,4.84,5.98,44.55,21.88,7.72,6.67,21.37,7.47,58.57,5.93,13395.2
E02000644,Lambeth 027,25,2,8.0,21.0832,16.0,48.0,16.0,4.0,4.0,12.0,0.0,6.17,11.69,4.8,5.23,39.99,23.79,8.33,6.83,18.88,9.3,60.08,4.91,9421.7
E02000645,Lambeth 028,82,3,3.66,22.2684,30.49,23.17,30.49,3.66,9.76,2.44,0.0,6.32,11.67,4.53,4.62,37.96,26.24,8.65,5.82,19.96,8.8,60.27,5.15,8413.2
E02000646,Lambeth 029,82,3,3.66,19.3172,42.68,21.95,15.85,6.1,7.32,4.88,1.22,5.04,10.4,3.54,5.62,42.36,23.28,9.76,13.99,11.33,8.58,60.66,5.43,10021.1
E02000647,Lambeth 030,9,0,0.0,17.2934,11.11,44.44,0.0,0.0,33.33,0.0,11.11,6.7,11.39,5.16,4.91,32.94,26.31,12.59,8.12,18.88,9.45,58.97,4.59,8881.5
E02000648,Lambeth 031,9,0,0.0,34.2235,11.11,44.44,22.22,11.11,0.0,11.11,0.0,6.76,14.24,6.53,5.56,30.89,26.0,10.01,5.52,35.51,10.16,44.09,4.72,11111.9
E02000649,Lambeth 032,75,8,10.67,25.8071,36.0,26.67,21.33,4.0,6.67,4.0,1.33,5.78,9.94,3.62,6.15,45.23,21.85,7.42,7.9,17.27,8.82,59.26,6.75,12043.4
E02000650,Lambeth 033,44,3,6.82,26.6887,36.36,25.0,13.64,13.64,9.09,2.27,0.0,6.28,12.38,4.82,4.97,36.39,25.73,9.42,4.65,26.01,9.12,56.32,3.9,9926.2
E02000651,Lambeth 034,32,0,0.0,22.2551,25.0,25.0,34.38,6.25,6.25,3.12,0.0,6.28,10.36,4.09,4.94,38.32,24.42,11.6,9.23,19.99,8.47,57.24,5.07,7803.9
E02000652,Lambeth 035,15,1,6.67,23.151,20.0,53.33,13.33,0.0,6.67,6.67,0.0,5.83,11.35,6.16,6.8,32.87,24.55,12.43,18.16,24.5,7.5,43.37,6.47,10998.1
E02000653,Lewisham 001,23,0,0.0,20.8766,52.17,17.39,13.04,8.7,0.0,8.7,0.0,5.17,9.88,5.43,8.29,47.21,18.98,5.03,13.78,27.91,6.55,45.49,6.28,18645.4
E02000654,Lewisham 002,56,6,10.71,33.1508,51.79,26.79,14.29,7.14,0.0,0.0,0.0,5.54,13.37,5.66,7.86,38.37,22.58,6.62,12.05,40.34,7.55,34.91,5.15,9287.5
E02000655,Lewisham 003,48,1,2.08,24.8899,45.83,27.08,20.83,4.17,0.0,2.08,0.0,5.9,11.33,5.64,10.15,40.28,20.87,5.82,8.66,34.3,9.26,41.07,6.71,10508.9
E02000657,Lewisham 005,62,6,9.68,24.7668,38.71,19.35,27.42,9.68,0.0,3.23,1.61,4.92,9.83,6.61,11.88,39.11,20.35,7.3,7.46,27.67,8.14,51.57,5.15,11336.7
E02000658,Lewisham 006,27,0,0.0,22.2828,25.93,25.93,29.63,11.11,3.7,0.0,3.7,4.75,9.91,4.46,8.86,38.32,25.25,8.45,6.08,25.89,8.31,53.71,6.01,11135.7
E02000659,Lewisham 007,14,0,0.0,19.4857,42.86,21.43,14.29,7.14,7.14,0.0,7.14,5.33,11.05,4.38,5.87,40.11,23.62,9.64,9.39,19.5,7.36,60.16,3.6,7859.4
E02000660,Lewisham 008,24,2,8.33,22.2096,50.0,16.67,12.5,12.5,0.0,4.17,4.17,5.76,9.6,4.23,6.43,45.44,21.85,6.7,8.6,20.04,8.08,59.1,4.18,10100.9
E02000661,Lewisham 009,56,2,3.57,17.1773,37.5,23.21,21.43,16.07,0.0,0.0,1.79,5.88,10.02,3.88,4.93,35.87,26.29,13.13,6.49,12.42,7.77,69.64,3.68,5046.2
E02000662,Lewisham 010,18,0,0.0,25.21,22.22,44.44,11.11,0.0,11.11,11.11,0.0,6.6,12.81,5.0,6.09,38.24,23.96,7.3,6.31,33.65,8.39,47.57,4.09,10772.7
E02000663,Lewisham 011,23,1,4.35,18.9565,21.74,39.13,34.78,4.35,0.0,0.0,0.0,5.6,10.24,4.2,7.19,36.89,26.16,9.73,6.96,23.3,8.16,57.75,3.82,10361.3
E02000665,Lewisham 013,29,1,3.45,20.0747,37.93,20.69,24.14,6.9,0.0,6.9,3.45,6.69,11.73,4.66,4.39,36.09,25.68,10.77,6.95,18.12,7.23,63.94,3.76,10189.9
E02000666,Lewisham 014,34,2,5.88,21.2463,38.24,29.41,23.53,5.88,0.0,2.94,0.0,6.59,11.69,4.81,6.51,35.45,24.67,10.29,8.21,21.87,8.54,57.42,3.96,7550.7
E02000667,Lewisham 015,32,2,6.25,13.8408,31.25,21.88,34.38,6.25,0.0,6.25,0.0,7.25,11.94,5.44,5.14,36.52,23.42,10.3,6.58,18.53,8.05,63.37,3.47,9193.0
E02000668,Lewisham 016,16,0,0.0,16.8774,37.5,31.25,18.75,6.25,0.0,6.25,0.0,8.23,13.27,5.06,4.2,32.76,24.87,11.61,9.69,15.46,8.32,62.31,4.21,6798.1
E02000669,Lewisham 017,40,1,2.5,24.1605,32.5,22.5,35.0,2.5,0.0,7.5,0.0,8.01,10.34,4.15,4.15,42.45,22.48,8.41,10.8,22.93,10.02,52.23,4.01,12413.6
E02000670,Lewisham 018,23,2,8.7,33.4973,39.13,30.43,26.09,0.0,0.0,4.35,0.0,7.07,11.52,4.79,5.39,37.06,24.54,9.64,7.37,37.72,8.9,39.91,6.1,10790.0
E02000671,Lewisham 019,60,1,1.67,19.1732,35.0,30.0,30.0,3.33,0.0,1.67,0.0,7.86,11.27,3.95,4.24,39.43,23.7,9.56,5.52,19.08,8.4,63.19,3.81,8790.1
E02000672,Lewisham 020,103,8,7.77,34.8912,36.89,33.98,18.45,4.85,0.97,4.85,0.0,7.71,11.17,4.75,5.2,39.06,23.92,8.2,10.73,28.29,8.6,47.55,4.84,8860.5
E02000673,Lewisham 021,43,0,0.0,17.1083,41.86,20.93,23.26,9.3,0.0,4.65,0.0,5.9,11.56,4.49,4.05,38.64,25.41,9.94,6.07,15.86,8.23,66.67,3.18,7676.9
E02000674,Lewisham 022,13,0,0.0,21.6621,53.85,30.77,15.38,0.0,0.0,0.0,0.0,7.26,11.33,5.95,6.65,29.12,27.79,11.9,8.94,31.33,7.52,47.74,4.46,10341.3
E02000675,Lewisham 023,24,0,0.0,19.5199,25.0,37.5,25.0,8.33,0.0,4.17,0.0,6.5,12.34,4.75,4.93,31.84,25.47,14.16,10.28,20.18,8.19,57.19,4.16,5949.2
E02000676,Lewisham 024,11,0,0.0,18.7915,36.36,27.27,18.18,0.0,18.18,0.0,0.0,7.24,12.07,4.12,5.01,37.49,24.4,9.67,5.91,20.88,8.98,61.11,3.12,10480.0
E02000677,Lewisham 025,28,0,0.0,24.9049,32.14,32.14,32.14,0.0,0.0,3.57,0.0,6.37,11.45,5.11,5.66,29.69,27.33,14.4,11.04,31.98,7.78,42.91,6.28,6865.4
E02000678,Lewisham 026,6,0,0.0,33.1348,16.67,33.33,50.0,0.0,0.0,0.0,0.0,7.29,14.62,6.63,5.95,29.66,26.23,9.63,8.05,36.48,7.34,44.37,3.76,6736.7
E02000679,Lewisham 027,17,3,17.65,26.0157,52.94,29.41,17.65,0.0,0.0,0.0,0.0,7.06,13.25,4.59,4.97,35.74,23.53,10.86,7.02,24.92,8.34,55.7,4.02,8664.1
E02000680,Lewisham 028,30,1,3.33,25.6054,33.33,23.33,30.0,6.67,3.33,0.0,3.33,6.77,13.45,4.97,5.05,34.18,25.3,10.27,7.16,24.9,8.6,54.7,4.63,9170.0
E02000681,Lewisham 029,30,2,6.67,33.2736,23.33,26.67,40.0,0.0,0.0,10.0,0.0,6.92,12.96,5.87,5.73,29.27,27.15,12.1,8.86,33.46,7.8,45.37,4.51,6258.7
E02000682,Lewisham 030,11,1,9.09,33.3966,9.09,36.36,45.45,0.0,9.09,0.0,0.0,5.95,15.86,7.81,6.94,27.11,25.69,10.65,12.13,36.57,7.81,37.4,6.08,7504.0
E02000683,Lewisham 031,11,1,9.09,28.9301,36.36,36.36,27.27,0.0,0.0,0.0,0.0,6.34,12.24,5.99,5.65,31.2,26.54,12.04,6.84,28.89,7.64,51.77,4.86,7056.6
E02000685,Lewisham 033,24,0,0.0,24.561,45.83,41.67,0.0,8.33,0.0,4.17,0.0,6.14,13.32,5.41,5.0,33.08,24.8,12.25,6.37,25.73,8.76,54.57,4.58,8407.6
E02000686,Lewisham 034,8,0,0.0,40.1312,37.5,12.5,12.5,25.0,0.0,12.5,0.0,6.78,15.39,6.58,5.39,30.63,27.33,7.9,9.18,38.33,8.17,38.99,5.32,4353.3
E02000687,Lewisham 035,50,3,6.0,25.2216,24.0,32.0,32.0,6.0,0.0,6.0,0.0,6.9,11.86,4.36,4.26,34.66,25.59,12.38,6.05,25.95,7.84,56.96,3.21,10636.9
E02000689,Merton 001,47,1,2.13,8.0282,63.83,23.4,6.38,0.0,2.13,4.26,0.0,8.18,13.16,4.29,4.86,36.62,22.97,9.91,11.13,3.63,5.96,75.53,3.74,4645.7
E02000690,Merton 002,25,0,0.0,4.7002,52.0,16.0,0.0,28.0,0.0,0.0,4.0,3.98,12.13,5.16,3.51,18.68,30.62,25.92,10.84,1.63,5.2,78.87,3.46,1022.6
E02000691,Merton 003,84,1,1.19,10.7064,70.24,21.43,2.38,0.0,1.19,4.76,0.0,5.75,11.43,4.21,4.88,38.21,24.23,11.3,12.83,4.66,5.4,73.42,3.7,7923.1
E02000692,Merton 004,61,2,3.28,5.8562,59.02,13.11,9.84,9.84,0.0,4.92,3.28,5.04,9.48,3.53,3.3,35.68,25.08,17.88,14.81,2.19,5.54,74.23,3.23,6690.3
E02000693,Merton 005,64,2,3.12,10.7848,48.44,29.69,9.38,4.69,3.12,4.69,0.0,6.11,7.77,2.64,5.71,49.46,19.71,8.61,15.07,7.93,7.37,65.08,4.55,9406.2
E02000694,Merton 006,40,3,7.5,9.5745,52.5,10.0,20.0,5.0,7.5,5.0,0.0,7.94,10.73,2.96,4.78,43.22,21.29,9.07,12.05,4.47,6.0,74.0,3.48,11754.9
E02000695,Merton 007,24,1,4.17,16.9062,37.5,25.0,20.83,4.17,4.17,8.33,0.0,6.15,10.24,4.77,6.19,35.98,23.83,12.85,27.68,16.26,5.5,44.56,6.02,10712.9
E02000696,Merton 008,21,0,0.0,18.2685,38.1,42.86,9.52,0.0,0.0,9.52,0.0,6.09,10.93,4.81,6.19,41.28,22.81,7.89,20.87,13.31,5.78,53.98,6.06,11646.4
E02000697,Merton 009,65,1,1.54,6.4549,52.31,18.46,6.15,12.31,3.08,4.62,3.08,7.23,9.95,3.13,4.78,45.11,21.29,8.52,15.22,2.7,6.98,71.29,3.81,7535.8
E02000698,Merton 010,11,0,0.0,5.0606,45.45,18.18,9.09,18.18,0.0,9.09,0.0,5.49,14.5,5.79,3.25,25.56,27.79,17.63,14.95,2.43,5.72,74.0,2.9,4692.8
E02000699,Merton 011,20,0,0.0,5.5021,45.0,30.0,15.0,0.0,0.0,10.0,0.0,7.17,13.33,3.81,3.79,36.32,23.35,12.23,16.12,1.94,7.09,71.86,3.0,8825.6
E02000700,Merton 012,16,0,0.0,25.2119,25.0,50.0,6.25,0.0,18.75,0.0,0.0,6.08,13.36,5.68,5.71,35.52,24.65,9.0,18.52,16.99,5.9,53.17,5.42,9394.7
E02000701,Merton 013,36,3,8.33,21.9426,41.67,33.33,22.22,2.78,0.0,0.0,0.0,5.84,12.68,6.22,5.4,32.86,25.36,11.65,28.82,16.85,5.64,41.84,6.86,9418.7
E02000702,Merton 014,14,1,7.14,22.856,7.14,42.86,42.86,7.14,0.0,0.0,0.0,7.33,14.77,6.46,5.46,32.65,23.61,9.73,17.54,26.46,7.46,43.49,5.05,5982.4
E02000703,Merton 015,21,0,0.0,5.2768,52.38,23.81,9.52,4.76,4.76,4.76,0.0,5.16,13.45,5.03,4.69,26.11,27.16,18.4,18.5,4.13,5.64,68.36,3.38,5399.0
E02000704,Merton 016,57,0,0.0,13.6295,52.63,24.56,10.53,3.51,1.75,5.26,1.75,7.03,10.42,3.78,4.52,39.82,21.92,12.5,14.76,5.65,6.47,68.99,4.14,5146.0
E02000705,Merton 017,23,1,4.35,16.6042,30.43,47.83,17.39,0.0,0.0,4.35,0.0,5.34,12.72,5.84,5.84,31.77,24.87,13.62,24.22,22.45,6.48,40.26,6.6,7512.1
E02000706,Merton 018,39,4,10.26,29.2922,23.08,56.41,7.69,2.56,2.56,7.69,0.0,7.14,15.17,6.22,6.02,32.49,24.32,8.64,23.13,22.12,6.23,42.46,6.06,11093.3
E02000707,Merton 019,12,0,0.0,26.9224,58.33,25.0,0.0,0.0,8.33,8.33,0.0,5.93,14.5,7.26,6.92,27.9,27.02,10.47,17.22,35.2,6.41,36.64,4.53,7162.2
E02000708,Merton 020,29,0,0.0,8.27,44.83,20.69,13.79,13.79,6.9,0.0,0.0,6.27,13.0,5.24,4.69,30.5,26.21,14.08,20.9,4.06,5.58,64.33,5.12,5398.5
E02000709,Merton 021,5,0,0.0,5.2318,40.0,40.0,0.0,20.0,0.0,0.0,0.0,5.86,12.79,4.98,4.79,27.0,26.67,17.92,17.21,3.86,4.76,71.04,3.13,4645.4
E02000710,Merton 022,33,0,0.0,22.4645,36.36,45.45,6.06,9.09,3.03,0.0,0.0,6.2,12.42,5.02,5.63,30.61,24.81,15.31,21.92,14.76,5.49,52.81,5.02,2847.6
E02000711,Merton 023,80,3,3.75,20.3143,55.0,27.5,10.0,2.5,0.0,5.0,0.0,6.41,12.71,5.23,5.72,35.96,24.25,9.74,26.03,7.46,5.59,55.34,5.57,7096.5
E02000712,Merton 024,20,0,0.0,19.9495,55.0,20.0,10.0,5.0,10.0,0.0,0.0,6.05,13.47,6.06,6.36,28.42,26.74,12.92,23.37,10.73,4.87,56.07,4.95,5929.0
E02000713,Merton 025,20,0,0.0,8.5337,45.0,15.0,15.0,5.0,15.0,5.0,0.0,6.0,11.96,5.86,5.23,26.78,27.05,17.12,14.49,4.39,4.5,73.18,3.43,5088.0
E02000714,Newham 001,42,6,14.29,30.0167,28.57,47.62,14.29,4.76,4.76,0.0,0.0,7.32,12.91,5.81,7.15,36.33,22.68,7.81,30.89,21.25,5.59,38.23,4.05,14037.9
E02000715,Newham 002,17,3,17.65,39.8051,11.76,35.29,41.18,0.0,5.88,5.88,0.0,8.06,17.32,8.0,7.64,30.15,21.18,7.65,56.19,18.81,3.56,17.48,3.96,16767.0
E02000716,Newham 003,28,5,17.86,36.9457,42.86,17.86,17.86,7.14,10.71,3.57,0.0,7.41,15.01,7.18,6.09,34.67,20.89,8.74,52.05,14.19,4.03,25.72,4.01,4691.1
E02000717,Newham 004,73,18,24.66,37.1449,31.51,41.1,15.07,2.74,6.85,2.74,0.0,7.29,16.92,7.22,6.7,33.81,20.3,7.77,62.04,12.54,3.21,16.79,5.43,16818.3
E02000718,Newham 005,12,3,25.0,41.2867,16.67,75.0,8.33,0.0,0.0,0.0,0.0,7.44,17.66,8.54,7.71,30.75,20.8,7.1,54.74,21.2,3.81,15.96,4.28,11847.7
E02000719,Newham 006,22,5,22.73,31.6223,4.55,68.18,18.18,0.0,9.09,0.0,0.0,6.26,11.3,5.39,7.72,39.24,22.54,7.55,30.15,20.72,6.08,38.46,4.59,11631.9
E02000720,Newham 007,36,9,25.0,28.3304,36.11,44.44,11.11,2.78,2.78,0.0,2.78,7.44,13.16,6.57,6.93,34.95,21.69,9.26,54.99,12.49,4.03,24.91,3.58,14275.6
E02000721,Newham 008,106,15,14.15,40.9789,25.47,37.74,23.58,0.94,7.55,2.83,1.89,7.43,14.85,7.1,7.77,35.01,20.11,7.72,64.5,12.08,3.04,16.21,4.17,16184.5
E02000722,Newham 009,14,2,14.29,32.1946,14.29,14.29,42.86,0.0,7.14,14.29,7.14,5.55,10.53,4.93,8.55,41.05,21.64,7.74,29.24,18.5,6.13,41.09,5.04,18000.9
E02000723,Newham 010,58,20,34.48,30.5861,44.83,37.93,6.9,1.72,5.17,3.45,0.0,7.64,12.88,5.67,7.84,35.3,21.2,9.48,74.46,6.79,1.76,12.91,4.09,15765.4
E02000724,Newham 011,21,6,28.57,30.9184,28.57,42.86,9.52,0.0,19.05,0.0,0.0,8.11,15.29,7.09,8.41,32.54,20.94,7.64,66.98,12.34,2.12,14.01,4.55,20175.1
E02000725,Newham 012,157,19,12.1,32.065,34.39,24.84,22.93,7.01,5.73,3.18,1.91,6.39,9.75,4.4,10.87,42.97,18.87,6.75,28.95,20.65,5.88,39.0,5.53,12598.7
E02000727,Newham 014,115,31,26.96,35.3096,27.83,21.74,45.22,0.0,4.35,0.87,0.0,7.05,15.45,6.69,7.94,34.69,20.69,7.49,70.37,9.55,2.42,13.82,3.84,21589.0
E02000728,Newham 015,8,3,37.5,32.9571,12.5,87.5,0.0,0.0,0.0,0.0,0.0,6.48,14.04,6.47,7.02,34.76,23.41,7.82,64.11,5.29,2.15,22.39,6.07,13006.4
E02000729,Newham 016,8,1,12.5,28.1643,25.0,62.5,12.5,0.0,0.0,0.0,0.0,8.19,12.25,5.38,6.16,36.46,21.4,10.16,43.03,18.58,3.96,30.18,4.26,10404.7
E02000730,Newham 017,58,14,24.14,29.6157,25.86,43.1,20.69,1.72,3.45,5.17,0.0,8.88,12.24,5.14,7.74,38.58,18.25,9.18,73.37,7.47,2.52,12.98,3.66,19725.9
E02000731,Newham 018,139,29,20.86,38.5989,36.69,38.85,17.99,0.72,1.44,4.32,0.0,6.87,15.04,7.0,7.4,34.31,20.64,8.73,67.77,7.28,2.77,16.91,5.27,17149.3
E02000732,Newham 019,20,7,35.0,34.4017,20.0,65.0,15.0,0.0,0.0,0.0,0.0,7.56,14.42,8.47,8.12,33.14,21.29,7.0,54.37,16.69,3.54,18.95,6.45,20154.0
E02000733,Newham 020,20,3,15.0,31.5739,25.0,45.0,10.0,5.0,5.0,5.0,5.0,5.99,11.43,6.55,8.72,37.05,22.2,8.06,27.61,25.34,7.55,34.23,5.27,13641.4
E02000734,Newham 021,29,9,31.03,34.2822,17.24,58.62,20.69,3.45,0.0,0.0,0.0,5.86,12.37,6.33,7.49,35.73,24.18,8.03,32.96,24.32,5.04,32.43,5.25,19180.5
E02000735,Newham 022,55,17,30.91,33.901,7.27,65.45,16.36,5.45,3.64,1.82,0.0,6.69,14.52,6.44,7.58,34.92,21.0,8.86,53.09,16.26,3.3,23.01,4.34,15708.8
E02000736,Newham 023,19,0,0.0,38.8913,21.05,47.37,21.05,0.0,5.26,0.0,5.26,7.0,17.22,8.04,7.35,30.54,23.18,6.67,49.72,15.67,4.12,24.92,5.57,7344.4
E02000737,Newham 024,30,5,16.67,34.6449,16.67,43.33,20.0,6.67,6.67,6.67,0.0,6.48,16.46,7.56,7.66,29.83,23.93,8.08,46.58,14.87,3.9,29.15,5.5,12342.7
E02000738,Newham 025,30,2,6.67,29.222,26.67,46.67,16.67,3.33,0.0,6.67,0.0,7.6,15.45,6.94,6.67,34.79,21.79,6.75,51.99,11.27,4.38,27.15,5.21,20855.8
E02000739,Newham 026,30,6,20.0,31.8483,13.33,43.33,26.67,10.0,3.33,3.33,0.0,6.78,12.97,6.93,7.88,35.1,22.92,7.42,33.49,22.31,4.78,32.95,6.47,17035.7
E02000740,Newham 027,25,0,0.0,33.558,16.0,16.0,12.0,4.0,44.0,8.0,0.0,5.94,11.91,6.01,8.49,36.42,23.67,7.56,25.92,25.63,6.41,36.84,5.2,5348.6
E02000741,Newham 028,32,6,18.75,35.9079,34.38,31.25,25.0,0.0,9.38,0.0,0.0,6.25,15.99,6.55,6.55,32.97,23.78,7.91,39.45,18.13,4.6,31.91,5.91,10913.3
E02000742,Newham 029,13,3,23.08,33.6046,23.08,61.54,15.38,0.0,0.0,0.0,0.0,7.15,17.07,7.55,7.29,31.07,22.94,6.93,40.14,18.52,4.52,32.48,4.34,11003.8
E02000743,Newham 030,84,11,13.1,36.5318,28.57,30.95,27.38,2.38,7.14,3.57,0.0,5.51,13.25,7.05,8.98,36.96,21.45,6.8,26.69,28.15,5.46,34.35,5.36,16407.6
E02000744,Newham 031,43,6,13.95,35.1474,37.21,37.21,20.93,2.33,2.33,0.0,0.0,7.38,14.21,5.96,7.01,36.59,21.71,7.13,24.78,20.03,5.69,43.85,5.65,15329.2
E02000745,Newham 032,5,1,20.0,29.9044,0.0,80.0,20.0,0.0,0.0,0.0,0.0,6.11,13.67,6.19,7.24,35.08,24.01,7.7,25.26,21.52,4.79,44.1,4.33,11870.8
E02000746,Newham 033,70,1,1.43,29.2492,38.57,25.71,7.14,2.86,10.0,14.29,1.43,6.75,11.38,6.15,10.23,40.02,19.04,6.43,27.12,20.71,5.85,41.21,5.1,2237.0
E02000747,Newham 034,73,9,12.33,26.6352,39.73,21.92,12.33,4.11,8.22,6.85,6.85,5.31,9.85,4.63,7.95,49.22,17.32,5.73,25.73,20.68,6.12,42.0,5.47,6901.7
E02000748,Newham 035,10,2,20.0,26.7954,20.0,20.0,10.0,0.0,20.0,0.0,30.0,5.83,13.96,6.07,7.11,35.64,23.31,8.09,19.01,16.93,5.26,54.35,4.45,4711.9
E02000749,Newham 036,46,1,2.17,37.1894,36.96,17.39,26.09,2.17,6.52,0.0,10.87,6.14,13.6,6.89,8.25,34.27,22.87,7.98,17.14,30.78,6.24,41.55,4.29,6731.0
E02000751,Redbridge 001,46,1,2.17,7.037,43.48,26.09,10.87,13.04,2.17,4.35,0.0,4.99,11.91,5.06,4.61,24.04,27.68,21.72,19.41,5.07,5.12,67.03,3.37,3629.4
E02000752,Redbridge 002,33,2,6.06,24.5127,21.21,33.33,12.12,12.12,18.18,3.03,0.0,7.37,14.17,5.64,5.16,33.99,22.82,10.85,23.32,11.66,5.1,56.1,3.81,1798.0
E02000753,Redbridge 003,2,0,0.0,24.1539,0.0,100.0,0.0,0.0,0.0,0.0,0.0,7.86,13.27,5.71,5.88,31.53,23.23,12.51,21.55,9.78,5.16,59.45,4.06,9134.1
E02000754,Redbridge 004,21,2,9.52,14.0895,19.05,33.33,23.81,9.52,14.29,0.0,0.0,6.3,11.93,5.46,4.84,31.66,25.93,13.87,18.62,7.83,6.77,62.93,3.86,5489.5
E02000755,Redbridge 005,24,1,4.17,15.4315,37.5,29.17,16.67,8.33,0.0,4.17,4.17,5.95,12.6,5.34,4.85,29.71,26.86,14.68,17.92,8.41,6.09,63.95,3.63,4073.2
E02000756,Redbridge 006,54,6,11.11,16.4892,24.07,29.63,24.07,14.81,1.85,5.56,0.0,6.63,13.47,5.47,5.95,31.63,24.16,12.69,32.35,7.65,4.45,51.05,4.51,4061.0
E02000757,Redbridge 007,73,3,4.11,10.0875,39.73,16.44,27.4,4.11,5.48,5.48,1.37,6.74,11.45,4.5,4.45,34.56,24.66,13.63,20.61,5.94,6.21,63.25,3.99,8308.0
E02000758,Redbridge 008,4,0,0.0,15.0628,0.0,75.0,0.0,25.0,0.0,0.0,0.0,5.48,13.82,6.96,6.41,26.63,25.94,14.77,46.17,9.63,3.35,32.86,7.99,6005.2
E02000759,Redbridge 009,37,2,5.41,15.9746,16.22,21.62,27.03,10.81,21.62,2.7,0.0,6.81,13.76,5.58,5.17,32.22,25.02,11.45,24.4,10.58,6.15,54.02,4.85,5582.9
E02000760,Redbridge 010,43,2,4.65,20.1951,34.88,32.56,23.26,2.33,4.65,2.33,0.0,6.01,14.14,6.39,5.92,29.67,23.85,14.02,40.15,9.3,4.19,40.62,5.73,7250.5
E02000762,Redbridge 012,32,3,9.38,10.8171,15.62,40.62,28.12,6.25,6.25,0.0,3.12,5.02,12.03,6.07,6.58,28.25,25.43,16.63,59.56,5.12,2.85,25.66,6.81,8261.8
E02000763,Redbridge 013,18,3,16.67,18.8876,5.56,50.0,5.56,16.67,16.67,5.56,0.0,6.41,13.33,6.16,6.5,31.72,23.56,12.33,51.77,7.76,3.06,30.68,6.73,1036.1
E02000764,Redbridge 014,65,3,4.62,9.9148,44.62,24.62,15.38,9.23,0.0,4.62,1.54,5.82,10.09,3.61,4.06,33.36,25.32,17.75,21.73,4.68,6.22,64.12,3.26,6195.0
E02000765,Redbridge 015,50,7,14.0,15.4257,36.0,32.0,24.0,4.0,2.0,2.0,0.0,7.05,14.13,5.48,6.43,33.74,21.79,11.38,58.93,3.62,4.27,26.64,6.55,10376.4
E02000767,Redbridge 017,14,1,7.14,15.7437,28.57,14.29,14.29,0.0,14.29,28.57,0.0,6.36,15.21,5.45,5.56,32.89,21.55,12.98,56.09,5.74,2.91,28.49,6.77,9835.8
E02000768,Redbridge 018,6,0,0.0,7.3763,16.67,0.0,0.0,83.33,0.0,0.0,0.0,6.03,13.08,4.73,4.25,27.33,26.83,17.74,20.58,5.53,6.54,64.38,2.97,3407.1
E02000770,Redbridge 020,16,1,6.25,20.6576,25.0,31.25,31.25,6.25,6.25,0.0,0.0,5.85,13.91,6.89,7.51,30.47,23.2,12.17,60.6,7.62,3.13,21.11,7.55,6975.4
E02000772,Redbridge 022,51,5,9.8,26.2603,25.49,43.14,21.57,3.92,3.92,1.96,0.0,6.36,15.61,7.65,6.01,32.23,22.23,9.92,59.54,10.36,3.94,20.6,5.56,5974.2
E02000773,Redbridge 023,31,9,29.03,17.7506,19.35,38.71,41.94,0.0,0.0,0.0,0.0,7.46,14.74,8.13,7.77,29.49,23.45,8.96,63.91,11.13,2.94,15.67,6.35,11274.2
E02000774,Redbridge 024,47,4,8.51,24.4815,23.4,34.04,34.04,4.26,0.0,2.13,2.13,8.12,14.47,6.55,6.62,33.91,20.15,10.19,60.87,7.04,2.6,22.49,6.99,11940.8
E02000776,Redbridge 026,28,2,7.14,23.2233,28.57,32.14,7.14,3.57,21.43,3.57,3.57,7.14,15.19,6.43,6.09,32.29,22.61,10.27,64.29,8.99,3.1,19.37,4.25,11725.8
E02000777,Redbridge 027,6,0,0.0,12.9001,16.67,50.0,0.0,16.67,0.0,0.0,16.67,7.17,12.33,4.88,4.41,27.81,26.58,16.81,18.08,7.42,7.67,63.48,3.35,1715.6
E02000779,Redbridge 029,68,5,7.35,38.4332,33.82,16.18,30.88,1.47,4.41,1.47,11.76,9.2,13.47,5.49,6.57,36.38,19.81,9.09,62.08,9.16,2.52,20.54,5.7,9418.2
E02000781,Redbridge 031,20,2,10.0,19.5481,10.0,50.0,30.0,5.0,5.0,0.0,0.0,7.17,15.69,8.19,6.95,28.38,22.75,10.87,67.05,7.14,2.87,17.33,5.6,8648.0
E02000782,Redbridge 032,82,18,21.95,35.3339,24.39,32.93,32.93,0.0,4.88,2.44,2.44,8.48,16.38,6.95,6.82,35.07,19.64,6.67,61.36,13.7,3.21,16.07,5.66,16771.8
E02000783,Redbridge 033,18,2,11.11,34.6022,16.67,50.0,33.33,0.0,0.0,0.0,0.0,7.72,17.11,8.07,8.05,30.91,21.0,7.14,56.55,13.89,3.53,20.14,5.9,13056.1
E02000784,Richmond upon Thames 001,55,1,1.82,10.5258,50.91,32.73,0.0,10.91,5.45,0.0,0.0,4.66,13.2,5.86,4.21,22.82,30.66,18.59,7.86,1.85,5.86,80.49,3.93,3837.1
E02000785,Richmond upon Thames 002,70,4,5.71,8.4952,62.86,17.14,4.29,10.0,2.86,1.43,1.43,5.06,11.79,4.2,3.59,27.86,28.95,18.56,7.47,1.11,6.14,82.01,3.26,2397.3
E02000786,Richmond upon Thames 003,35,3,8.57,10.9949,54.29,17.14,0.0,14.29,5.71,8.57,0.0,7.87,12.77,3.8,3.2,31.44,26.68,14.24,5.91,2.06,5.0,84.01,3.02,6171.4
E02000787,Richmond upon Thames 004,18,1,5.56,11.957,33.33,44.44,5.56,5.56,0.0,5.56,5.56,6.62,12.93,4.36,3.79,33.38,26.22,12.7,11.26,2.63,7.09,73.75,5.26,6867.4
E02000788,Richmond upon Thames 005,87,4,4.6,8.8473,52.87,29.89,9.2,2.3,2.3,3.45,0.0,6.81,15.5,4.51,3.58,26.92,27.74,14.94,5.88,1.07,6.29,82.84,3.92,8385.4
E02000789,Richmond upon Thames 006,31,0,0.0,10.8033,64.52,19.35,6.45,6.45,0.0,3.23,0.0,4.98,12.03,4.3,3.46,29.76,28.3,17.17,9.91,1.38,5.3,79.33,4.08,3432.7
E02000790,Richmond upon Thames 007,37,1,2.7,5.7696,43.24,27.03,5.41,8.11,13.51,2.7,0.0,6.41,14.18,5.28,3.42,28.35,30.64,11.72,5.75,0.96,5.15,85.88,2.26,8290.3
E02000791,Richmond upon Thames 008,144,7,4.86,7.2818,63.19,13.19,2.08,13.19,1.39,3.47,3.47,5.88,11.48,3.56,3.44,33.52,26.67,15.44,8.81,1.33,6.24,80.47,3.15,5779.6
E02000792,Richmond upon Thames 009,29,0,0.0,5.425,65.52,17.24,6.9,10.34,0.0,0.0,0.0,4.74,13.06,5.0,3.32,26.66,29.49,17.74,5.65,1.27,5.3,85.03,2.74,5739.1
E02000793,Richmond upon Thames 010,53,1,1.89,12.2711,37.74,24.53,15.09,7.55,5.66,9.43,0.0,5.2,12.7,5.26,5.53,26.68,27.4,17.23,14.84,2.53,5.07,73.38,4.18,6110.2
E02000794,Richmond upon Thames 011,18,2,11.11,5.7884,55.56,16.67,5.56,11.11,0.0,0.0,11.11,6.02,13.6,5.19,4.08,29.16,27.54,14.41,11.59,1.55,5.42,77.98,3.45,4790.7
E02000795,Richmond upon Thames 012,34,1,2.94,8.0113,47.06,20.59,5.88,20.59,2.94,2.94,0.0,5.32,16.54,6.2,3.56,19.21,29.32,19.84,6.03,1.1,5.59,84.26,3.02,573.2
E02000796,Richmond upon Thames 013,28,2,7.14,17.7656,28.57,39.29,21.43,3.57,7.14,0.0,0.0,5.64,13.95,6.23,5.44,26.44,26.16,16.15,25.94,4.44,5.16,59.62,4.84,5797.7
E02000797,Richmond upon Thames 014,130,4,3.08,7.3263,63.85,16.92,5.38,7.69,2.31,3.85,0.0,6.55,12.53,4.17,4.5,33.8,26.57,11.86,5.92,1.88,5.41,84.65,2.13,8635.7
E02000798,Richmond upon Thames 015,32,1,3.12,9.5933,25.0,37.5,6.25,21.88,9.38,0.0,0.0,6.0,15.72,6.06,4.17,25.71,29.31,13.04,9.29,2.04,5.69,79.63,3.34,4603.8
E02000799,Richmond upon Thames 016,23,1,4.35,6.0687,60.87,17.39,0.0,13.04,4.35,4.35,0.0,4.16,11.72,11.07,8.89,20.5,27.55,16.11,6.62,1.61,4.21,86.05,1.51,5139.7
E02000800,Richmond upon Thames 017,11,0,0.0,13.0021,54.55,27.27,0.0,9.09,0.0,9.09,0.0,5.54,16.42,6.39,3.6,22.66,29.27,16.12,8.59,2.31,6.23,77.73,5.14,2951.5
E02000801,Richmond upon Thames 018,25,0,0.0,5.5167,48.0,12.0,16.0,12.0,4.0,8.0,0.0,6.05,13.86,4.78,4.28,25.96,30.26,14.8,5.26,1.28,4.53,86.47,2.46,7181.8
E02000802,Richmond upon Thames 019,37,0,0.0,6.6592,56.76,16.22,5.41,13.51,2.7,5.41,0.0,4.7,13.62,4.33,4.07,26.57,28.67,18.04,5.69,1.42,4.91,86.03,1.94,4844.4
E02000803,Richmond upon Thames 020,10,0,0.0,15.1923,30.0,20.0,10.0,20.0,0.0,20.0,0.0,5.4,12.94,5.24,4.27,24.96,28.45,18.74,10.92,3.09,6.01,76.51,3.48,4983.3
E02000804,Richmond upon Thames 021,74,3,4.05,7.4792,55.41,18.92,4.05,9.46,5.41,4.05,2.7,5.68,11.06,4.65,5.35,26.91,29.0,17.35,5.04,1.26,4.62,87.41,1.68,1907.2
E02000805,Richmond upon Thames 022,27,2,7.41,8.2872,51.85,22.22,3.7,14.81,3.7,3.7,0.0,4.93,12.87,5.56,3.95,25.38,30.39,16.92,6.54,1.76,5.13,84.04,2.53,3923.2
E02000806,Richmond upon Thames 023,45,3,6.67,8.1891,55.56,20.0,4.44,13.33,2.22,2.22,2.22,5.28,12.56,4.73,3.88,23.85,30.12,19.57,7.56,1.51,4.41,84.54,1.97,1497.6
E02000807,Southwark 001,8,1,12.5,11.2867,25.0,37.5,0.0,12.5,0.0,12.5,12.5,5.08,7.3,2.53,6.84,50.57,19.65,8.02,14.23,7.65,7.1,66.68,4.34,11517.6
E02000808,Southwark 002,493,11,2.23,16.4673,40.97,22.52,17.65,8.32,5.48,2.23,2.84,3.06,5.08,9.34,15.42,41.03,18.88,7.19,18.99,12.95,6.18,56.87,5.01,9669.1
E02000810,Southwark 004,65,5,7.69,25.1544,13.85,33.85,24.62,9.23,10.77,7.69,0.0,5.02,10.78,4.89,7.42,43.21,21.25,7.43,9.45,22.03,6.98,56.02,5.52,17338.6
E02000812,Southwark 006,137,1,0.73,24.4616,39.42,14.6,19.71,11.68,8.03,4.38,2.19,4.17,10.42,5.75,12.1,37.48,22.14,7.93,15.16,24.22,7.07,46.96,6.59,15374.1
E02000813,Southwark 007,95,3,3.16,25.598,27.37,26.32,22.11,9.47,12.63,2.11,0.0,4.71,11.09,4.69,9.07,43.5,19.9,7.04,11.42,21.26,6.75,54.68,5.89,11445.4
E02000814,Southwark 008,28,0,0.0,14.5229,35.71,10.71,21.43,10.71,17.86,0.0,3.57,5.63,7.76,2.6,7.93,50.47,18.92,6.68,12.83,12.2,6.28,63.71,4.97,10488.2
E02000815,Southwark 009,75,1,1.33,20.5333,46.67,28.0,10.67,9.33,0.0,4.0,1.33,4.12,6.94,9.07,16.63,42.81,16.04,4.38,20.96,18.83,6.33,46.35,7.52,18072.2
E02000816,Southwark 010,63,1,1.59,29.766,26.98,31.75,25.4,4.76,6.35,4.76,0.0,5.77,10.56,4.9,9.21,39.7,22.0,7.86,8.8,21.26,6.65,56.69,6.6,12650.1
E02000817,Southwark 011,29,0,0.0,32.7982,17.24,27.59,37.93,6.9,3.45,6.9,0.0,5.09,11.73,5.35,7.78,34.74,24.04,11.27,10.02,25.43,5.95,52.82,5.78,10297.4
E02000818,Southwark 012,83,2,2.41,25.6947,39.76,27.71,19.28,4.82,3.61,4.82,0.0,4.5,8.41,4.33,10.69,44.77,19.35,7.95,11.46,25.24,6.58,49.44,7.27,16725.3
E02000819,Southwark 013,25,2,8.0,30.583,44.0,32.0,16.0,0.0,4.0,4.0,0.0,5.76,11.25,5.59,10.45,35.07,24.07,7.81,8.99,31.68,7.2,41.68,10.45,15832.7
E02000820,Southwark 014,47,0,0.0,25.6192,46.81,14.89,17.02,4.26,10.64,2.13,4.26,4.31,9.46,6.26,10.75,39.39,21.77,8.06,11.36,26.47,6.76,48.81,6.61,20539.9
E02000821,Southwark 015,53,4,7.55,31.4231,35.85,20.75,24.53,5.66,5.66,5.66,1.89,6.33,13.12,7.01,7.55,33.2,25.87,6.92,7.78,38.67,7.91,30.03,15.6,13031.6
E02000822,Southwark 016,47,7,14.89,31.8585,17.02,55.32,14.89,4.26,6.38,2.13,0.0,5.28,12.65,6.42,8.61,35.06,24.64,7.34,9.33,36.61,6.85,39.08,8.14,14021.3
E02000823,Southwark 017,65,2,3.08,26.5842,35.38,24.62,18.46,9.23,9.23,3.08,0.0,4.38,10.07,5.19,8.68,37.95,25.07,8.66,8.85,31.91,7.63,42.84,8.76,13494.4
E02000824,Southwark 018,100,5,5.0,30.4659,19.0,22.0,38.0,2.0,17.0,2.0,0.0,5.51,13.53,6.89,8.47,32.6,25.18,7.83,9.57,48.84,7.23,26.01,8.34,10198.8
E02000825,Southwark 019,8,0,0.0,28.2157,37.5,25.0,0.0,0.0,37.5,0.0,0.0,5.45,12.86,7.39,8.21,32.96,25.62,7.51,9.33,49.16,7.71,25.98,7.82,19201.9
E02000826,Southwark 020,23,3,13.04,23.343,26.09,30.43,21.74,0.0,13.04,4.35,4.35,5.61,9.83,6.05,7.74,39.44,22.98,8.35,7.65,33.97,6.86,43.32,8.2,17965.5
E02000827,Southwark 021,99,7,7.07,29.5965,30.3,27.27,15.15,9.09,7.07,11.11,0.0,5.33,10.69,5.54,6.8,37.7,25.0,8.93,8.37,38.57,7.44,36.11,9.51,16604.5
E02000828,Southwark 022,118,13,11.02,32.7227,21.19,36.44,28.81,4.24,5.93,3.39,0.0,5.19,11.0,5.7,9.62,36.96,24.15,7.39,10.71,39.63,6.31,34.94,8.42,13848.2
E02000829,Southwark 023,29,1,3.45,29.6027,27.59,17.24,24.14,10.34,13.79,6.9,0.0,5.79,10.06,4.22,6.24,41.46,23.26,8.97,7.99,35.0,7.63,43.95,5.43,13778.5
E02000830,Southwark 024,82,3,3.66,19.9128,42.68,14.63,24.39,6.1,8.54,2.44,1.22,4.75,8.62,4.33,6.85,42.67,24.04,8.74,7.23,19.17,8.22,60.56,4.83,10630.6
E02000831,Southwark 025,163,9,5.52,22.8429,35.58,26.38,17.79,7.98,11.04,0.61,0.61,6.05,9.76,4.03,5.97,43.49,21.79,8.91,5.51,23.1,7.75,59.4,4.23,11605.7
E02000832,Southwark 026,35,0,0.0,27.5737,37.14,20.0,22.86,11.43,2.86,5.71,0.0,6.04,10.12,4.63,6.82,36.96,24.54,10.89,4.9,34.65,8.3,48.0,4.15,11452.9
E02000833,Southwark 027,10,0,0.0,22.0054,20.0,40.0,10.0,10.0,10.0,10.0,0.0,5.81,13.59,5.07,6.01,36.43,25.07,8.01,10.05,32.87,7.24,43.78,6.07,9060.9
E02000834,Southwark 028,50,1,2.0,16.7417,38.0,24.0,10.0,10.0,14.0,4.0,0.0,6.67,9.48,2.88,5.21,45.43,21.49,8.84,4.42,12.38,7.52,73.08,2.59,7735.7
E02000835,Southwark 029,11,0,0.0,16.7134,18.18,36.36,18.18,27.27,0.0,0.0,0.0,7.78,13.81,4.6,4.37,35.81,24.89,8.73,4.09,20.87,8.06,63.41,3.57,5259.9
E02000836,Southwark 030,66,0,0.0,15.8023,37.88,25.76,16.67,4.55,10.61,4.55,0.0,7.61,11.53,4.03,3.7,38.58,24.03,10.52,6.63,10.88,8.18,71.79,2.53,10975.0
E02000837,Southwark 031,50,1,2.0,10.9954,52.0,18.0,16.0,4.0,4.0,4.0,2.0,5.64,16.05,5.53,3.79,24.87,29.04,15.07,6.34,5.12,6.73,79.89,1.93,3595.3
E02000838,Southwark 032,36,1,2.78,16.6432,25.0,33.33,16.67,13.89,8.33,2.78,0.0,6.66,11.77,4.93,4.46,36.64,25.83,9.71,6.14,15.15,7.68,66.02,5.01,8877.4
E02000839,Southwark 033,17,1,5.88,17.0293,35.29,29.41,17.65,17.65,0.0,0.0,0.0,6.21,14.47,6.33,3.83,31.04,25.39,12.73,9.76,19.88,8.3,57.69,4.36,3070.2
E02000840,Sutton 001,21,2,9.52,29.4621,9.52,52.38,38.1,0.0,0.0,0.0,0.0,6.92,16.0,6.4,5.4,31.28,24.94,9.06,15.41,8.79,5.58,66.46,3.76,6815.6
E02000841,Sutton 002,42,4,9.52,27.9356,26.19,52.38,21.43,0.0,0.0,0.0,0.0,6.03,14.76,7.01,6.03,29.43,26.62,10.13,19.03,7.77,4.9,64.0,4.3,7954.3
E02000842,Sutton 003,38,4,10.53,9.1688,28.95,31.58,34.21,2.63,0.0,2.63,0.0,5.32,12.86,5.96,5.35,25.66,27.08,17.77,20.74,4.59,4.09,66.35,4.23,5116.2
E02000843,Sutton 004,32,0,0.0,13.9831,21.88,28.12,28.12,9.38,6.25,6.25,0.0,8.44,12.96,3.89,4.1,38.83,22.28,9.5,13.11,7.94,6.53,69.19,3.23,7410.6
E02000844,Sutton 005,27,0,0.0,19.4774,25.93,33.33,29.63,0.0,11.11,0.0,0.0,5.95,14.26,6.96,5.74,28.75,25.94,12.39,13.31,7.78,4.55,70.95,3.41,8564.5
E02000845,Sutton 006,49,3,6.12,9.5575,32.65,20.41,26.53,4.08,10.2,6.12,0.0,6.86,14.54,5.14,4.5,30.22,26.54,12.21,15.6,3.11,5.62,72.0,3.67,6252.9
E02000846,Sutton 007,15,1,6.67,9.8288,40.0,26.67,26.67,0.0,0.0,6.67,0.0,5.43,13.95,5.48,5.15,26.73,26.39,16.87,21.2,5.05,4.57,65.79,3.39,5574.3
E02000847,Sutton 008,24,0,0.0,6.9101,58.33,8.33,16.67,8.33,0.0,8.33,0.0,6.0,12.42,4.92,4.74,26.56,25.11,20.25,17.31,1.77,3.88,73.41,3.62,6110.6
E02000848,Sutton 009,39,3,7.69,7.2242,33.33,30.77,28.21,5.13,0.0,2.56,0.0,5.07,14.89,6.94,4.95,25.36,27.62,15.18,18.98,2.74,3.54,71.15,3.59,7081.7
E02000849,Sutton 010,24,1,4.17,14.7879,41.67,33.33,12.5,8.33,4.17,0.0,0.0,6.63,13.28,5.21,4.61,29.4,26.08,14.8,12.08,6.95,4.23,73.99,2.75,6849.0
E02000850,Sutton 011,39,1,2.56,11.9824,25.64,20.51,35.9,7.69,2.56,7.69,0.0,5.63,12.87,6.25,5.24,25.7,28.71,15.59,18.82,9.02,4.88,63.92,3.36,2176.0
E02000851,Sutton 012,126,7,5.56,19.5426,46.03,22.22,15.87,9.52,1.59,4.76,0.0,7.92,13.12,4.12,4.94,38.03,21.3,10.57,18.54,8.42,5.69,62.69,4.65,10142.8
E02000852,Sutton 013,20,0,0.0,10.7825,15.0,30.0,40.0,10.0,0.0,5.0,0.0,6.25,13.83,4.82,4.23,30.72,26.18,13.98,14.52,4.98,4.91,72.9,2.68,8593.7
E02000853,Sutton 014,10,0,0.0,13.3817,40.0,40.0,10.0,0.0,10.0,0.0,0.0,6.5,14.95,5.26,4.34,30.1,25.84,13.01,17.46,4.55,5.03,69.51,3.45,6554.1
E02000854,Sutton 015,52,4,7.69,11.2264,30.77,23.08,19.23,13.46,11.54,1.92,0.0,6.54,13.22,4.73,3.89,28.91,26.86,15.84,9.63,3.61,4.94,80.51,1.31,4678.3
E02000855,Sutton 016,60,1,1.67,6.5404,48.33,18.33,11.67,6.67,11.67,3.33,0.0,4.93,12.98,5.45,4.84,23.41,28.37,20.01,15.47,1.91,4.36,75.59,2.67,4408.4
E02000856,Sutton 017,62,4,6.45,12.7099,35.48,27.42,20.97,4.84,3.23,8.06,0.0,5.98,13.53,4.99,4.72,28.75,26.43,15.6,20.56,7.03,5.76,64.02,2.64,7448.5
E02000857,Sutton 018,20,0,0.0,10.8458,45.0,10.0,25.0,0.0,10.0,5.0,5.0,6.23,12.0,3.76,3.68,36.25,22.62,15.46,21.04,6.39,5.1,63.58,3.89,8816.0
E02000858,Sutton 019,39,2,5.13,33.6012,28.21,33.33,28.21,0.0,10.26,0.0,0.0,6.54,16.09,7.11,5.64,29.48,24.18,10.95,17.82,11.68,5.62,61.0,3.89,5589.5
E02000859,Sutton 020,26,0,0.0,12.6588,30.77,34.62,23.08,0.0,3.85,7.69,0.0,4.81,13.26,5.64,4.17,24.44,26.45,21.23,15.12,5.87,4.37,71.97,2.66,4961.7
E02000860,Sutton 021,5,0,0.0,17.8773,40.0,40.0,0.0,0.0,20.0,0.0,0.0,7.06,12.22,3.8,3.64,37.35,22.77,13.17,19.63,6.96,4.78,63.94,4.69,10003.4
E02000861,Sutton 022,26,1,3.85,3.8528,46.15,23.08,11.54,3.85,11.54,3.85,0.0,4.33,13.29,5.4,4.24,20.8,29.42,22.52,18.52,3.59,4.13,71.58,2.19,3035.0
E02000863,Sutton 024,12,1,8.33,8.7861,50.0,25.0,8.33,0.0,16.67,0.0,0.0,4.73,12.99,6.31,5.14,21.88,28.81,20.15,20.85,6.92,4.25,65.46,2.52,1026.3
E02000864,Tower Hamlets 001,91,3,3.3,30.6622,40.66,28.57,15.38,6.59,5.49,2.2,1.1,6.32,11.2,5.0,7.37,45.42,17.52,7.17,31.16,9.53,6.29,50.02,3.01,8921.9
E02000865,Tower Hamlets 002,80,2,2.5,38.2125,38.75,20.0,7.5,8.75,22.5,1.25,1.25,5.79,11.93,6.1,8.85,39.92,20.16,7.24,40.68,7.8,4.84,41.56,5.11,17164.7
E02000866,Tower Hamlets 003,72,1,1.39,22.9825,44.44,23.61,9.72,9.72,6.94,4.17,1.39,6.33,10.0,4.77,8.53,41.76,20.09,8.52,28.63,5.24,5.87,57.11,3.15,9385.5
E02000867,Tower Hamlets 004,38,0,0.0,25.5282,31.58,31.58,2.63,5.26,23.68,5.26,0.0,5.31,8.78,4.31,8.67,52.53,15.23,5.18,28.94,8.07,6.33,52.98,3.68,14002.5
E02000868,Tower Hamlets 005,60,3,5.0,29.1109,36.67,23.33,6.67,13.33,18.33,1.67,0.0,5.03,9.33,5.7,10.0,47.77,16.04,6.13,36.42,5.71,5.56,48.33,3.99,20022.3
E02000869,Tower Hamlets 006,57,3,5.26,31.8387,54.39,17.54,8.77,10.53,5.26,1.75,1.75,5.03,11.44,4.79,8.8,41.0,20.53,8.42,32.98,7.45,5.48,50.41,3.68,18453.6
E02000870,Tower Hamlets 007,36,2,5.56,35.2638,44.44,25.0,11.11,5.56,8.33,2.78,2.78,5.59,12.16,6.03,9.49,41.28,17.84,7.62,38.91,7.11,4.35,46.51,3.11,16129.1
E02000871,Tower Hamlets 008,26,3,11.54,37.6471,38.46,42.31,7.69,7.69,0.0,3.85,0.0,7.35,13.64,6.15,9.4,41.46,16.66,5.33,52.8,10.95,5.16,27.36,3.73,17205.6
E02000872,Tower Hamlets 009,99,7,7.07,36.4992,49.49,19.19,10.1,9.09,10.1,2.02,0.0,4.86,10.43,5.44,11.49,46.26,16.41,5.11,43.7,6.04,5.29,41.18,3.79,17811.1
E02000873,Tower Hamlets 010,42,3,7.14,28.7912,38.1,38.1,7.14,7.14,4.76,4.76,0.0,6.37,11.64,15.86,11.55,35.99,14.18,4.41,44.97,10.32,4.58,36.72,3.41,19512.7
E02000874,Tower Hamlets 011,27,2,7.41,39.7194,29.63,22.22,7.41,3.7,25.93,3.7,7.41,6.0,13.43,6.32,11.71,40.91,16.33,5.3,55.8,7.1,3.79,30.05,3.26,21860.6
E02000875,Tower Hamlets 012,59,0,0.0,36.3868,22.03,16.95,28.81,0.0,30.51,1.69,0.0,6.34,13.35,7.13,9.69,42.39,16.24,4.85,49.82,10.58,4.41,31.82,3.37,20328.0
E02000876,Tower Hamlets 013,106,10,9.43,40.943,37.74,32.08,16.04,4.72,7.55,1.89,0.0,6.0,10.15,4.57,11.57,45.61,16.86,5.23,53.09,5.22,4.87,33.08,3.74,13507.9
E02000877,Tower Hamlets 014,53,4,7.55,32.6174,33.96,37.74,16.98,1.89,9.43,0.0,0.0,6.53,13.32,5.86,11.01,43.83,14.69,4.76,47.99,8.9,5.37,33.86,3.87,17094.6
E02000878,Tower Hamlets 015,343,23,6.71,33.7757,60.06,10.2,16.33,6.41,4.08,1.75,1.17,4.6,8.38,5.7,14.74,46.28,14.57,5.72,48.42,4.68,4.12,39.15,3.63,16342.4
E02000879,Tower Hamlets 016,61,8,13.11,38.6925,39.34,11.48,9.84,3.28,34.43,1.64,0.0,6.13,12.5,6.7,10.83,36.11,18.89,8.85,53.09,5.38,4.04,32.94,4.54,18799.0
E02000880,Tower Hamlets 017,41,4,9.76,39.8587,41.46,26.83,17.07,4.88,4.88,2.44,2.44,7.26,11.91,6.19,11.68,41.3,15.76,5.91,56.31,6.56,4.07,28.8,4.27,17487.2
E02000881,Tower Hamlets 018,19,0,0.0,35.3274,31.58,36.84,21.05,0.0,5.26,5.26,0.0,7.62,14.08,7.35,9.95,40.7,15.14,5.16,47.78,12.13,5.16,30.96,3.96,15345.7
E02000882,Tower Hamlets 019,33,4,12.12,38.1428,21.21,45.45,15.15,12.12,0.0,6.06,0.0,6.99,14.27,7.33,9.67,37.81,17.74,6.18,58.41,7.71,4.41,27.41,2.07,20022.6
E02000883,Tower Hamlets 020,69,2,2.9,42.7566,46.38,31.88,13.04,2.9,0.0,4.35,1.45,6.8,15.53,8.53,8.73,36.23,17.57,6.61,52.27,10.86,3.65,30.31,2.91,19634.2
E02000884,Tower Hamlets 021,165,20,12.12,24.7653,56.36,15.15,8.48,7.27,5.45,4.85,2.42,5.49,9.01,6.71,17.16,46.45,11.51,3.66,51.39,4.45,4.58,35.15,4.43,23407.9
E02000885,Tower Hamlets 022,38,0,0.0,46.5162,42.11,21.05,7.89,2.63,15.79,7.89,2.63,6.63,14.11,6.62,9.99,35.41,18.77,8.46,60.45,6.56,3.9,25.51,3.57,20863.6
E02000886,Tower Hamlets 023,29,4,13.79,25.411,31.03,41.38,6.9,3.45,17.24,0.0,0.0,6.05,10.39,4.52,9.57,46.89,17.58,5.0,40.24,6.79,4.87,44.18,3.92,19686.0
E02000887,Tower Hamlets 024,27,1,3.7,40.4895,33.33,37.04,18.52,0.0,7.41,3.7,0.0,7.23,14.08,6.68,9.06,40.52,16.63,5.81,51.19,8.19,4.46,32.71,3.44,18539.3
E02000888,Tower Hamlets 025,54,2,3.7,32.1686,33.33,35.19,18.52,3.7,5.56,1.85,1.85,6.64,11.84,5.19,8.7,44.77,17.78,5.09,48.16,6.32,4.29,36.38,4.85,16554.0
E02000889,Tower Hamlets 026,30,0,0.0,22.729,33.33,30.0,13.33,13.33,3.33,6.67,0.0,5.51,10.56,3.94,9.29,49.22,16.15,5.32,40.58,4.04,5.15,45.82,4.41,15462.2
E02000890,Tower Hamlets 027,56,4,7.14,9.1751,48.21,10.71,12.5,8.93,8.93,5.36,5.36,5.36,5.33,2.2,6.65,48.17,23.49,8.8,21.81,1.99,5.19,67.89,3.11,10365.4
E02000893,Tower Hamlets 030,18,1,5.56,28.1344,27.78,38.89,11.11,16.67,5.56,0.0,0.0,6.61,11.7,4.86,7.99,41.47,19.36,8.03,33.87,6.08,5.41,50.32,4.32,10363.4
E02000894,Tower Hamlets 031,13,2,15.38,17.862,23.08,46.15,23.08,7.69,0.0,0.0,0.0,7.11,10.3,3.81,8.26,48.17,17.31,5.04,36.16,5.2,5.73,48.74,4.17,20093.1
E02000895,Waltham Forest 001,15,0,0.0,18.0232,33.33,40.0,6.67,20.0,0.0,0.0,0.0,5.37,11.58,5.93,5.8,23.81,26.67,20.84,10.21,11.62,6.39,65.79,5.98,3818.2
E02000896,Waltham Forest 002,57,1,1.75,13.5265,59.65,17.54,14.04,5.26,1.75,1.75,0.0,5.91,11.04,4.79,4.93,26.85,27.42,19.07,7.43,6.61,5.81,76.42,3.73,3314.9
E02000897,Waltham Forest 003,11,1,9.09,24.0359,9.09,54.55,36.36,0.0,0.0,0.0,0.0,5.43,13.0,6.0,5.33,27.91,27.05,15.28,9.59,12.44,6.31,66.64,5.02,4554.0
E02000898,Waltham Forest 004,4,0,0.0,19.4895,50.0,50.0,0.0,0.0,0.0,0.0,0.0,5.64,12.12,5.58,4.75,26.32,27.7,17.89,10.91,11.53,6.69,65.75,5.13,5231.2
E02000899,Waltham Forest 005,83,10,12.05,18.3148,40.96,25.3,24.1,4.82,1.2,3.61,0.0,5.76,12.34,5.44,5.25,28.8,26.32,16.1,13.97,12.87,5.72,60.16,7.28,7321.1
E02000900,Waltham Forest 006,21,0,0.0,23.972,14.29,38.1,23.81,0.0,4.76,19.05,0.0,6.54,13.36,6.6,5.81,29.21,25.54,12.94,17.12,18.61,7.04,48.46,8.77,5777.1
E02000901,Waltham Forest 007,59,3,5.08,12.5022,42.37,22.03,25.42,8.47,0.0,1.69,0.0,6.64,12.4,5.58,5.52,29.07,27.38,13.42,9.84,9.75,7.68,69.2,3.54,6099.6
E02000902,Waltham Forest 008,18,1,5.56,20.3165,27.78,44.44,22.22,5.56,0.0,0.0,0.0,7.93,14.68,6.26,5.11,32.19,24.49,9.34,19.25,16.8,7.12,49.7,7.14,8189.4
E02000903,Waltham Forest 009,19,3,15.79,28.5031,31.58,47.37,15.79,5.26,0.0,0.0,0.0,6.76,14.15,6.96,6.46,34.81,22.52,8.34,21.07,18.09,7.25,46.9,6.69,5225.3
E02000904,Waltham Forest 010,22,3,13.64,19.4916,40.91,40.91,9.09,0.0,9.09,0.0,0.0,6.49,13.09,5.84,5.68,35.41,24.32,9.16,19.92,16.09,6.3,52.29,5.39,5773.0
E02000905,Waltham Forest 011,64,12,18.75,20.1246,43.75,31.25,17.19,1.56,4.69,1.56,0.0,8.99,13.41,5.17,4.66,37.17,22.91,7.71,20.26,13.33,6.55,54.93,4.93,9980.9
E02000906,Waltham Forest 012,30,7,23.33,24.5413,16.67,46.67,33.33,3.33,0.0,0.0,0.0,6.9,13.07,5.92,5.19,38.5,22.91,7.5,20.57,13.4,7.38,52.24,6.4,15617.2
E02000907,Waltham Forest 013,56,7,12.5,34.8694,44.64,21.43,21.43,10.71,0.0,1.79,0.0,7.66,14.11,6.74,5.59,35.83,22.06,8.02,17.03,25.0,6.94,44.52,6.51,11839.7
E02000908,Waltham Forest 014,48,5,10.42,21.6805,41.67,35.42,14.58,6.25,0.0,2.08,0.0,6.47,11.37,5.73,5.71,44.7,19.74,6.28,16.88,15.38,7.1,54.89,5.75,5478.3
E02000909,Waltham Forest 015,35,2,5.71,18.4962,51.43,28.57,8.57,11.43,0.0,0.0,0.0,7.19,13.52,4.24,4.28,37.26,24.56,8.95,14.97,13.01,6.68,60.74,4.6,6641.1
E02000910,Waltham Forest 016,60,8,13.33,21.485,50.0,30.0,15.0,1.67,1.67,1.67,0.0,6.95,10.88,3.98,4.98,42.17,21.91,9.13,24.61,10.0,5.77,54.78,4.85,14452.5
E02000911,Waltham Forest 017,182,31,17.03,26.8447,37.91,30.22,25.82,2.75,0.0,2.75,0.55,7.07,11.93,4.81,4.93,43.17,21.22,6.86,23.14,12.16,6.23,52.15,6.32,14557.0
E02000912,Waltham Forest 018,13,4,30.77,24.8278,30.77,53.85,7.69,7.69,0.0,0.0,0.0,7.27,12.01,5.79,6.34,36.39,22.7,9.49,29.41,14.59,6.48,43.61,5.92,3897.3
E02000913,Waltham Forest 019,40,6,15.0,21.2486,30.0,40.0,22.5,7.5,0.0,0.0,0.0,7.17,13.22,6.37,6.1,34.7,21.4,11.05,36.0,12.56,5.41,40.19,5.84,9119.5
E02000914,Waltham Forest 020,112,20,17.86,36.1121,36.61,42.86,14.29,3.57,0.0,2.68,0.0,7.18,13.21,5.76,6.22,36.23,23.22,8.17,32.17,19.21,5.58,36.03,7.01,16866.3
E02000915,Waltham Forest 021,22,3,13.64,21.4473,54.55,27.27,4.55,0.0,9.09,4.55,0.0,6.41,10.19,4.0,5.0,40.47,22.49,11.45,20.86,12.69,7.07,55.88,3.5,5430.9
E02000916,Waltham Forest 022,80,16,20.0,26.3498,41.25,38.75,12.5,2.5,5.0,0.0,0.0,7.25,11.38,5.29,5.74,40.69,22.4,7.26,24.76,17.8,5.51,44.57,7.36,4752.8
E02000917,Waltham Forest 023,42,6,14.29,21.6867,52.38,23.81,16.67,7.14,0.0,0.0,0.0,8.15,10.44,4.3,5.1,44.7,20.39,6.93,18.65,14.35,6.34,55.08,5.58,14122.2
E02000918,Waltham Forest 024,76,7,9.21,25.1217,50.0,21.05,13.16,7.89,1.32,6.58,0.0,6.85,11.18,4.46,6.03,39.93,22.78,8.76,22.28,14.04,5.77,51.93,5.98,11202.8
E02000919,Waltham Forest 025,55,8,14.55,20.4624,41.82,32.73,18.18,3.64,3.64,0.0,0.0,7.39,9.29,4.07,5.96,43.81,20.76,8.72,25.52,11.64,5.79,51.5,5.54,16424.9
E02000920,Waltham Forest 026,68,14,20.59,28.4114,33.82,36.76,13.24,4.41,8.82,2.94,0.0,6.08,11.46,5.54,6.57,40.13,21.52,8.7,24.93,20.57,6.05,41.03,7.43,5894.9
E02000921,Waltham Forest 027,43,6,13.95,30.5485,39.53,25.58,23.26,4.65,4.65,2.33,0.0,6.05,11.46,5.51,7.25,37.96,23.47,8.29,20.24,23.23,7.66,43.58,5.29,13330.6
E02000922,Waltham Forest 028,44,4,9.09,25.9967,27.27,45.45,20.45,6.82,0.0,0.0,0.0,6.48,12.32,5.57,5.89,39.12,22.42,8.18,18.73,17.44,6.19,52.54,5.09,16022.4
E02000923,Wandsworth 001,47,0,0.0,11.1444,68.09,19.15,6.38,2.13,0.0,4.26,0.0,4.87,7.7,3.19,5.41,39.13,23.31,16.39,9.35,8.32,4.96,72.76,4.61,7040.2
E02000925,Wandsworth 003,30,2,6.67,22.6328,50.0,26.67,3.33,10.0,6.67,3.33,0.0,5.97,11.11,4.49,7.57,38.17,23.17,9.52,9.14,22.06,7.1,56.08,5.62,17865.2
E02000926,Wandsworth 004,79,5,6.33,11.619,45.57,21.52,12.66,6.33,10.13,2.53,1.27,5.3,7.63,2.61,6.63,50.29,19.1,8.42,9.43,10.5,6.71,68.03,5.33,18464.5
E02000927,Wandsworth 005,40,0,0.0,23.9926,50.0,17.5,25.0,5.0,2.5,0.0,0.0,5.14,7.94,2.97,8.06,44.21,20.51,11.16,6.33,13.95,7.37,68.93,3.42,15770.8
E02000928,Wandsworth 006,50,0,0.0,10.1642,52.0,10.0,10.0,22.0,6.0,0.0,0.0,5.55,10.54,3.47,5.98,37.6,23.63,13.22,5.51,2.93,5.2,84.05,2.31,8896.9
E02000929,Wandsworth 007,18,1,5.56,30.7513,38.89,33.33,16.67,5.56,5.56,0.0,0.0,6.35,11.58,5.43,7.56,39.01,20.83,9.24,13.83,29.42,7.94,42.48,6.33,20109.2
E02000930,Wandsworth 008,135,3,2.22,14.7692,54.07,17.04,7.41,10.37,5.93,4.44,0.74,4.67,6.9,2.41,12.11,51.1,16.26,6.57,8.18,7.92,6.01,75.04,2.85,12436.5
E02000931,Wandsworth 009,21,0,0.0,8.6296,57.14,28.57,9.52,0.0,4.76,0.0,0.0,7.06,11.73,2.77,6.9,45.44,19.44,6.65,5.08,4.76,5.38,82.77,2.01,11079.7
E02000932,Wandsworth 010,159,0,0.0,9.7999,55.97,20.13,7.55,10.69,1.26,3.77,0.63,5.17,7.56,2.45,6.22,52.48,18.16,7.94,8.19,4.47,5.39,77.7,4.25,10147.0
E02000933,Wandsworth 011,29,1,3.45,9.1987,44.83,20.69,10.34,10.34,0.0,13.79,0.0,4.59,9.59,4.16,5.34,37.57,24.58,14.15,8.24,4.14,6.0,77.35,4.27,8249.9
E02000934,Wandsworth 012,73,1,1.37,12.1531,53.42,10.96,12.33,15.07,1.37,6.85,0.0,4.54,6.0,2.37,7.66,53.24,17.89,8.29,6.48,9.26,6.04,75.55,2.67,11356.5
E02000935,Wandsworth 013,12,0,0.0,30.2315,50.0,33.33,0.0,0.0,16.67,0.0,0.0,6.33,14.57,10.23,14.04,26.83,18.67,9.33,16.12,16.63,8.22,51.59,7.45,5163.5
E02000936,Wandsworth 014,14,0,0.0,10.6059,28.57,21.43,7.14,14.29,7.14,14.29,7.14,4.39,7.95,3.39,6.8,46.53,20.42,10.52,11.65,4.63,6.66,71.72,5.34,10388.2
E02000937,Wandsworth 015,18,0,0.0,7.3325,61.11,22.22,0.0,16.67,0.0,0.0,0.0,6.61,14.26,4.74,5.69,36.64,24.06,7.99,5.12,5.62,5.66,81.51,2.08,6656.1
E02000938,Wandsworth 016,9,0,0.0,19.4765,33.33,22.22,22.22,22.22,0.0,0.0,0.0,6.4,12.67,4.97,6.05,33.37,23.68,12.85,13.13,11.16,7.59,61.61,6.51,6116.7
E02000939,Wandsworth 017,5,0,0.0,7.4991,40.0,40.0,0.0,20.0,0.0,0.0,0.0,7.02,15.17,4.59,4.91,31.92,24.85,11.54,5.96,4.1,5.37,82.71,1.85,10736.0
E02000940,Wandsworth 018,76,4,5.26,18.7732,50.0,25.0,11.84,3.95,1.32,6.58,1.32,5.2,9.29,3.48,6.0,50.65,17.98,7.4,13.8,12.22,6.85,62.67,4.45,13302.9
E02000941,Wandsworth 019,20,1,5.0,10.1748,70.0,15.0,0.0,10.0,5.0,0.0,0.0,7.25,11.24,3.41,5.65,42.06,21.63,8.76,6.32,6.65,5.12,79.88,2.03,9524.5
E02000942,Wandsworth 020,33,0,0.0,7.4085,42.42,24.24,6.06,6.06,9.09,12.12,0.0,6.14,11.53,4.19,5.48,36.45,24.28,11.94,11.18,3.48,5.77,76.68,2.89,9576.8
E02000943,Wandsworth 021,123,3,2.44,9.572,68.29,13.01,6.5,4.07,3.25,4.88,0.0,5.23,8.15,2.72,7.71,48.66,18.95,8.58,9.94,5.79,5.61,76.03,2.64,12359.7
E02000944,Wandsworth 022,3,0,0.0,26.3464,33.33,33.33,0.0,0.0,0.0,33.33,0.0,6.18,12.81,5.55,6.78,36.54,22.81,9.34,20.38,15.33,7.06,51.97,5.26,13036.4
E02000945,Wandsworth 023,37,1,2.7,32.4371,35.14,29.73,16.22,2.7,2.7,10.81,2.7,5.69,13.23,6.94,10.36,31.68,21.91,10.18,17.43,13.9,7.93,53.19,7.54,3548.6
E02000946,Wandsworth 024,59,1,1.69,15.9,64.41,13.56,10.17,8.47,0.0,3.39,0.0,5.92,8.59,4.05,6.65,47.65,19.5,7.64,9.84,12.19,5.92,69.4,2.64,7913.5
E02000947,Wandsworth 025,41,0,0.0,6.3841,51.22,14.63,19.51,9.76,4.88,0.0,0.0,8.58,10.24,2.84,4.22,45.01,20.62,8.48,9.21,4.13,5.17,78.6,2.89,11216.4
E02000948,Wandsworth 026,8,0,0.0,9.5642,37.5,37.5,0.0,12.5,0.0,0.0,12.5,5.1,7.5,2.57,7.58,51.17,17.31,8.77,10.6,7.77,6.04,72.9,2.68,7554.4
E02000949,Wandsworth 027,55,1,1.82,8.622,70.91,21.82,1.82,3.64,0.0,0.0,1.82,5.09,9.27,3.17,5.95,42.97,23.04,10.52,7.16,3.8,5.24,82.03,1.78,7154.7
E02000950,Wandsworth 028,5,0,0.0,14.5955,20.0,40.0,0.0,20.0,0.0,20.0,0.0,5.38,11.47,5.04,6.01,37.67,22.79,11.64,16.1,8.33,5.59,64.36,5.62,8832.1
E02000951,Wandsworth 029,53,4,7.55,13.5765,62.26,18.87,11.32,3.77,1.89,1.89,0.0,4.63,7.94,3.23,8.24,44.83,21.03,10.09,11.65,8.26,5.34,71.71,3.05,13063.2
E02000952,Wandsworth 030,19,1,5.26,13.0508,68.42,10.53,5.26,0.0,0.0,15.79,0.0,5.15,8.69,3.33,7.88,42.2,22.95,9.8,9.19,9.16,6.44,72.45,2.75,11006.4
E02000953,Wandsworth 031,42,0,0.0,10.2171,54.76,16.67,11.9,4.76,9.52,2.38,0.0,7.45,8.57,5.13,6.81,47.6,17.74,6.69,13.75,7.36,5.14,70.84,2.91,10898.9
E02000954,Wandsworth 032,49,4,8.16,14.4256,57.14,30.61,0.0,4.08,4.08,2.04,2.04,5.78,9.28,3.79,8.67,41.59,19.21,11.68,23.63,8.61,5.62,59.1,3.03,13540.5
E02000955,Wandsworth 033,35,1,2.86,20.7376,40.0,34.29,5.71,8.57,8.57,2.86,0.0,5.12,10.08,4.71,8.12,42.36,18.63,10.97,26.37,10.86,7.81,51.1,3.86,12279.9
E02000956,Wandsworth 034,54,2,3.7,22.1269,61.11,24.07,7.41,3.7,1.85,1.85,0.0,4.88,8.57,3.99,12.19,44.87,18.03,7.48,19.27,14.19,6.66,54.97,4.92,8655.1
E02000957,Wandsworth 035,175,9,5.14,19.947,51.43,27.43,8.57,5.14,3.43,2.86,1.14,5.74,9.6,3.31,7.6,46.07,18.73,8.95,21.8,10.95,6.1,56.04,5.12,14606.0
E02000958,Wandsworth 036,9,0,0.0,14.6323,77.78,11.11,0.0,0.0,0.0,11.11,0.0,5.09,12.83,7.51,6.96,29.56,24.54,13.51,17.0,12.43,6.4,60.42,3.76,9290.5
E02000959,Wandsworth 037,32,0,0.0,23.8845,25.0,37.5,18.75,9.38,3.12,3.12,3.12,6.62,12.02,4.79,6.38,37.33,23.82,9.05,12.03,20.1,8.77,54.16,4.93,15054.5
E02000960,Westminster 001,40,2,5.0,11.6531,47.5,32.5,7.5,5.0,5.0,2.5,0.0,4.27,9.99,4.4,6.53,33.78,25.11,15.92,20.52,4.33,4.98,57.83,12.34,6671.7
E02000961,Westminster 002,34,1,2.94,19.213,55.88,35.29,5.88,0.0,2.94,0.0,0.0,5.59,11.54,5.61,7.4,34.8,24.2,10.87,13.83,5.04,6.53,57.55,17.05,12093.7
E02000962,Westminster 003,22,1,4.55,17.9438,36.36,36.36,4.55,4.55,13.64,0.0,4.55,4.14,7.79,3.98,6.82,37.94,23.25,16.07,21.18,6.06,5.87,53.08,13.81,11101.0
E02000963,Westminster 004,23,4,17.39,36.5775,21.74,47.83,17.39,0.0,8.7,4.35,0.0,5.36,11.17,6.49,7.59,31.58,26.77,11.04,16.08,18.37,8.28,40.33,16.94,21601.3
E02000964,Westminster 005,62,9,14.52,36.5911,43.55,41.94,11.29,0.0,0.0,3.23,0.0,4.77,9.47,5.62,8.31,35.69,25.9,10.25,12.4,19.05,7.48,44.71,16.37,23873.4
E02000965,Westminster 006,28,8,28.57,19.1235,57.14,35.71,7.14,0.0,0.0,0.0,0.0,5.23,7.73,2.93,8.68,44.41,22.48,8.53,12.08,6.75,7.92,63.47,9.78,16034.2
E02000966,Westminster 007,47,4,8.51,14.1997,61.7,27.66,2.13,2.13,0.0,4.26,2.13,4.63,8.59,4.06,6.15,36.27,27.53,12.77,12.41,3.31,6.15,67.23,10.9,16518.5
E02000967,Westminster 008,130,5,3.85,11.9244,66.15,16.92,6.15,1.54,1.54,3.85,3.85,3.63,6.24,3.85,11.17,41.13,20.86,13.12,23.69,3.47,5.45,57.0,10.39,4282.9
E02000968,Westminster 009,103,25,24.27,46.0731,66.02,27.18,0.97,0.0,0.97,2.91,1.94,4.97,10.65,7.06,10.76,29.87,24.23,12.46,23.37,11.9,5.55,33.41,25.76,23792.3
E02000969,Westminster 010,36,3,8.33,43.1583,55.56,27.78,11.11,2.78,0.0,2.78,0.0,4.77,12.15,7.45,8.27,32.23,25.42,9.71,15.05,16.18,7.0,37.18,24.6,17689.2
E02000970,Westminster 011,366,19,5.19,10.2903,69.67,15.85,3.83,2.19,3.01,0.82,4.64,3.57,5.98,3.39,8.87,36.58,27.24,14.37,16.08,2.47,5.9,66.51,9.04,6306.6
E02000971,Westminster 012,153,10,6.54,17.6944,66.01,13.73,2.61,0.65,1.96,3.92,11.11,3.4,5.9,3.6,11.59,42.57,22.13,10.82,17.34,3.12,6.47,60.51,12.57,13815.9
E02000972,Westminster 013,1094,63,5.76,20.6102,77.61,8.32,5.03,3.84,2.56,0.91,1.74,2.3,5.02,4.12,15.38,39.58,23.31,10.29,16.32,6.28,6.81,61.14,9.45,6095.9
E02000973,Westminster 014,68,4,5.88,18.4485,60.29,20.59,7.35,4.41,0.0,1.47,5.88,4.59,6.48,3.35,8.66,41.4,24.51,11.01,12.72,8.54,7.74,62.58,8.42,18357.0
E02000974,Westminster 015,210,16,7.62,23.0107,58.57,12.86,5.24,2.38,0.48,1.43,19.05,4.35,6.86,6.56,12.04,36.89,21.77,11.54,23.48,6.47,6.15,46.47,17.44,12628.8
E02000975,Westminster 016,133,11,8.27,16.8389,58.65,15.04,3.01,0.75,3.76,1.5,17.29,3.76,4.68,3.45,11.67,45.08,21.22,10.15,14.59,4.07,6.7,62.95,11.69,15308.6
E02000976,Westminster 017,152,17,11.18,22.5963,57.24,17.76,6.58,1.32,0.0,3.95,13.16,3.96,6.31,3.62,10.42,43.61,21.22,10.86,17.69,4.64,6.34,57.9,13.43,18262.9
E02000977,Westminster 018,1221,89,7.29,19.1898,74.77,10.16,4.18,3.19,3.28,0.9,3.52,2.71,3.95,6.59,13.15,36.2,24.36,13.04,22.19,4.02,6.29,60.37,7.12,2544.4
E02000978,Westminster 019,118,6,5.08,9.7599,67.8,9.32,2.54,2.54,4.24,2.54,11.02,3.94,7.46,12.61,10.51,23.64,26.41,15.42,16.64,2.5,5.54,66.71,8.61,1983.7
E02000979,Westminster 020,268,21,7.84,21.2785,64.55,12.31,5.22,3.36,9.33,2.24,2.99,3.51,8.03,5.53,10.04,35.5,24.02,13.37,16.07,6.13,5.9,62.84,9.06,5836.0
E02000980,Westminster 021,43,1,2.33,23.9612,62.79,20.93,0.0,4.65,4.65,2.33,4.65,3.43,7.84,4.47,9.97,34.55,25.83,13.92,17.91,8.75,6.88,57.57,8.89,19573.7
E02000981,Westminster 022,95,7,7.37,21.0154,57.89,16.84,8.42,1.05,0.0,2.11,13.68,2.66,5.9,3.46,9.43,39.98,27.27,11.31,10.33,7.06,6.23,68.58,7.8,22719.0
E02000982,Westminster 023,138,3,2.17,29.3732,63.77,14.49,7.25,2.17,2.9,4.35,5.07,3.98,8.96,5.81,7.36,33.09,27.12,13.67,16.13,9.79,6.47,55.47,12.14,11712.9
E02000983,Westminster 024,25,3,12.0,28.1993,52.0,40.0,4.0,0.0,0.0,4.0,0.0,4.13,8.97,5.12,8.3,33.87,25.08,14.53,16.97,8.01,6.76,56.56,11.7,20298.1
E02006782,Bromley 040,14,0,0.0,16.6457,42.86,28.57,14.29,7.14,0.0,7.14,0.0,5.95,12.76,5.37,4.97,25.82,27.28,17.85,10.24,14.79,6.66,64.34,3.98,3125.9
E02006783,Lewisham 037,22,0,0.0,35.6874,36.36,22.73,31.82,4.55,0.0,4.55,0.0,5.93,16.39,7.41,5.94,28.84,26.55,8.94,8.94,28.03,7.9,51.23,3.9,8284.8
E02006784,Lewisham 038,37,2,5.41,32.1897,37.84,32.43,24.32,0.0,0.0,5.41,0.0,5.06,13.86,6.64,5.72,28.03,26.74,13.95,9.94,27.19,7.39,50.1,5.37,5521.8
E02006785,Bexley 029,9,1,11.11,17.9468,11.11,44.44,22.22,22.22,0.0,0.0,0.0,5.67,11.8,5.57,4.56,27.74,27.09,17.57,16.4,7.91,2.97,69.68,3.03,4868.1
E02006786,Greenwich 033,20,0,0.0,29.5568,30.0,45.0,20.0,5.0,0.0,0.0,0.0,6.49,14.65,5.72,5.62,30.65,25.75,11.13,14.87,25.11,6.26,49.79,3.97,6075.6
E02006787,Bromley 041,38,1,2.63,10.4015,47.37,26.32,23.68,0.0,0.0,2.63,0.0,6.59,14.01,5.42,3.9,26.34,28.44,15.31,5.97,6.44,6.7,78.92,1.98,5232.7
E02006788,Croydon 045,9,0,0.0,28.02,11.11,55.56,22.22,0.0,0.0,11.11,0.0,6.8,14.14,6.4,5.63,29.8,26.73,10.5,9.6,31.45,10.24,45.0,3.71,5461.4
E02006789,Bromley 042,35,0,0.0,13.5831,28.57,31.43,20.0,11.43,2.86,5.71,0.0,4.41,10.95,5.28,4.47,19.21,27.9,27.77,1.73,1.27,2.88,93.38,0.75,302.3
E02006791,Ealing 040,15,4,26.67,13.2893,46.67,33.33,0.0,13.33,6.67,0.0,0.0,5.98,9.69,3.67,5.51,39.59,24.6,10.96,10.8,7.3,6.45,69.91,5.54,11038.8
E02006792,Hounslow 029,137,3,2.19,14.2719,50.36,20.44,10.22,10.22,3.65,4.38,0.73,5.09,9.0,4.07,6.81,37.3,23.54,14.19,13.76,3.27,7.07,67.6,8.31,6210.9
E02006793,Enfield 037,60,6,10.0,46.2487,18.33,30.0,26.67,1.67,21.67,1.67,0.0,6.73,15.53,8.19,6.58,28.99,24.68,9.3,11.56,30.73,5.16,36.76,15.79,9733.6
E02006794,Haringey 037,79,3,3.8,52.9833,36.71,26.58,20.25,6.33,6.33,3.8,0.0,7.02,15.86,6.85,6.84,30.61,24.62,8.21,7.18,37.64,7.12,35.53,12.53,11949.8
E02006795,Harrow 032,35,4,11.43,13.8298,42.86,20.0,28.57,2.86,2.86,2.86,0.0,5.13,13.6,6.35,6.35,29.32,25.07,14.19,55.38,4.96,3.13,26.38,10.15,8560.0
E02006796,Hillingdon 033,54,2,3.7,16.7402,29.63,29.63,18.52,5.56,1.85,12.96,1.85,6.64,12.62,5.19,5.62,33.49,23.17,13.28,26.71,5.59,4.82,57.46,5.42,2254.1
E02006798,Lewisham 039,129,10,7.75,31.9729,37.21,33.33,20.93,5.43,0.0,3.1,0.0,5.19,10.43,5.11,9.3,40.28,22.9,6.8,13.42,33.75,7.31,39.0,6.51,10835.1
E02006799,Barking and Dagenham 023,72,5,6.94,30.7375,20.83,37.5,34.72,0.0,4.17,2.78,0.0,7.67,17.71,7.04,5.98,30.79,22.35,8.45,29.81,16.4,3.83,44.63,5.33,10355.2
E02006800,Redbridge 034,46,5,10.87,26.266,26.09,36.96,19.57,4.35,13.04,0.0,0.0,7.76,14.18,6.37,6.94,33.93,21.13,9.68,59.85,8.95,3.68,21.35,6.17,8921.4
E02006801,Lambeth 036,237,5,2.11,20.087,51.9,5.49,14.35,11.39,7.59,4.22,5.06,2.7,6.23,8.86,16.6,36.21,19.47,9.94,19.08,14.51,6.48,54.48,5.45,7465.1
E02006802,Southwark 034,77,0,0.0,23.7717,46.75,10.39,12.99,6.49,14.29,3.9,5.19,3.84,8.71,6.67,15.05,38.89,20.39,6.45,15.73,20.15,7.23,49.77,7.12,13445.4
E02006836,Sutton 025,14,2,14.29,3.6166,28.57,28.57,14.29,7.14,21.43,0.0,0.0,4.99,13.33,4.89,4.53,23.4,26.9,21.97,25.9,2.79,4.05,63.9,3.36,2614.2
E02006853,Tower Hamlets 032,25,1,4.0,20.0005,40.0,12.0,20.0,0.0,12.0,12.0,4.0,6.48,9.84,4.74,10.79,51.48,13.1,3.56,45.25,7.25,5.21,38.05,4.23,21999.2
E02006854,Tower Hamlets 033,266,7,2.63,14.3157,55.64,13.53,12.41,3.76,10.9,2.26,1.5,4.94,6.62,4.49,10.19,54.61,15.81,3.34,37.14,4.98,4.61,46.53,6.75,7699.9
E02006882,Harrow 033,46,1,2.17,13.6219,39.13,30.43,6.52,10.87,10.87,2.17,0.0,5.55,10.74,4.87,6.32,29.74,24.78,17.99,56.96,5.72,2.45,29.68,5.18,6763.8
E02006918,Hackney 028,12,1,8.33,38.3433,50.0,33.33,8.33,0.0,0.0,8.33,0.0,8.06,15.2,6.31,6.29,38.2,19.85,6.1,14.57,25.84,6.27,44.7,8.62,16184.2
E02006921,Hackney 029,20,3,15.0,52.128,35.0,50.0,15.0,0.0,0.0,0.0,0.0,12.18,16.31,7.6,8.02,29.27,18.89,7.73,10.07,22.51,4.88,51.96,10.58,17508.3
E02006924,Redbridge 035,51,6,11.76,21.0784,43.14,25.49,19.61,3.92,3.92,3.92,0.0,5.78,12.56,6.7,6.26,32.07,22.79,13.84,64.88,5.91,2.79,20.86,5.57,5652.5
E02006925,Redbridge 036,26,3,11.54,10.3298,26.92,26.92,26.92,0.0,11.54,7.69,0.0,4.73,12.45,7.84,7.36,27.38,25.22,15.01,66.86,4.33,2.67,19.43,6.71,5788.4
E02006927,Greenwich 034,28,0,0.0,16.5076,46.43,21.43,7.14,7.14,3.57,14.29,0.0,6.71,12.18,4.43,5.92,36.03,21.85,12.89,13.16,15.37,5.95,61.61,3.91,4904.4
E02006928,Greenwich 035,74,0,0.0,16.9481,41.89,14.86,8.11,8.11,12.16,10.81,4.05,5.67,8.71,7.12,10.68,49.02,14.66,4.14,14.08,16.97,8.09,56.11,4.75,22365.5
E02006930,Greenwich 037,87,1,1.15,16.4362,37.93,24.14,20.69,6.9,4.6,5.75,0.0,7.05,9.65,3.61,7.4,45.77,19.25,7.27,10.75,13.13,6.68,65.84,3.6,11345.9
E02006931,Greenwich 038,156,0,0.0,19.3545,40.38,22.44,19.87,9.62,3.85,3.21,0.64,6.4,9.59,4.23,7.01,38.19,23.7,10.88,8.29,15.53,6.83,66.52,2.84,4745.2
E02006941,Southwark 035,137,1,0.73,7.1931,54.01,10.22,10.22,10.95,10.95,2.92,0.73,2.56,2.9,1.22,9.12,58.04,20.46,5.7,14.3,3.58,6.21,72.79,3.12,14233.7
E02006942,Southwark 036,85,0,0.0,19.2992,55.29,10.59,14.12,8.24,7.06,1.18,3.53,4.35,8.07,3.36,9.67,50.11,18.8,5.63,11.08,16.96,7.58,58.27,6.11,17104.5
E02006953,Barnet 042,11,2,18.18,17.5344,45.45,36.36,0.0,9.09,9.09,0.0,0.0,7.11,10.22,5.0,9.37,48.68,15.89,3.73,29.97,12.38,6.04,39.76,11.84,13134.2
E02006954,Barnet 043,37,4,10.81,24.1987,40.54,27.03,10.81,5.41,8.11,8.11,0.0,7.08,12.2,5.58,7.33,39.84,20.12,7.84,36.73,10.89,5.13,36.11,11.14,11865.5
E02006955,Brent 035,104,1,0.96,18.3018,42.31,9.62,30.77,4.81,0.96,9.62,1.92,5.46,8.27,10.08,14.3,43.67,14.64,3.58,35.02,12.74,5.47,38.21,8.55,12326.4
E02006956,Brent 036,27,1,3.7,22.0316,40.74,0.0,22.22,7.41,3.7,25.93,0.0,5.01,10.37,8.27,12.09,32.72,20.43,11.11,41.6,19.14,3.64,28.36,7.26,6631.1
E02006968,Ealing 041,39,4,10.26,15.89,46.15,23.08,7.69,15.38,2.56,2.56,2.56,5.15,11.64,3.86,5.25,34.98,24.72,14.41,23.31,4.83,6.82,51.92,13.12,5705.8
E02006969,Ealing 042,134,10,7.46,17.3786,61.19,14.93,8.96,10.45,0.0,2.99,1.49,6.48,7.77,2.69,5.85,46.87,19.81,10.53,21.72,5.37,5.2,59.79,7.92,8954.6
E02006970,Ealing 043,81,22,27.16,35.8293,39.51,32.1,17.28,1.23,8.64,1.23,0.0,6.63,14.7,7.47,6.85,32.02,24.52,7.81,74.39,7.5,2.06,6.1,9.94,15127.7
E02006971,Ealing 044,30,9,30.0,34.8995,10.0,60.0,10.0,10.0,10.0,0.0,0.0,5.57,14.65,7.15,6.88,30.13,24.82,10.8,71.65,8.85,1.69,5.14,12.67,8731.6
E02006972,Hounslow 030,25,2,8.0,24.9701,44.0,32.0,4.0,8.0,4.0,4.0,4.0,7.45,12.31,4.42,6.84,37.84,22.25,8.91,17.63,11.6,7.03,52.82,10.91,3508.1
E02006973,Hounslow 031,40,0,0.0,27.8832,37.5,20.0,5.0,15.0,10.0,5.0,7.5,6.18,12.67,4.93,5.02,36.6,23.58,11.01,15.87,12.82,7.08,55.66,8.57,10975.6
E02006987,Croydon 046,169,2,1.18,25.4239,42.6,15.38,26.04,5.92,2.37,3.55,4.14,6.42,7.17,2.29,8.11,56.44,14.62,4.94,20.98,19.43,7.11,46.68,5.8,10263.1
E02006988,Croydon 047,67,6,8.96,26.8568,46.27,17.91,20.9,8.96,4.48,1.49,0.0,7.87,11.29,4.26,4.26,40.81,20.99,10.52,15.32,20.82,8.52,50.71,4.64,9210.3
E02006991,Greenwich 039,62,8,12.9,11.403,37.1,32.26,12.9,6.45,6.45,4.84,0.0,5.43,4.96,2.38,7.21,60.39,14.88,4.75,15.8,15.29,7.57,57.07,4.27,14760.6
E02006992,Greenwich 040,104,2,1.92,19.0063,62.5,11.54,5.77,7.69,4.81,5.77,1.92,7.55,8.8,4.22,5.6,51.15,16.45,6.24,15.3,15.45,6.79,58.26,4.19,4853.4
E02006993,Greenwich 041,35,1,2.86,16.2499,31.43,48.57,0.0,5.71,2.86,11.43,0.0,6.99,10.62,5.06,8.32,52.57,13.06,3.39,20.03,18.73,7.61,49.04,4.6,9852.2
E02006994,Greenwich 042,121,6,4.96,32.049,35.54,27.27,15.7,4.96,9.09,6.61,0.83,7.9,11.68,5.26,6.83,41.35,20.5,6.49,17.03,30.95,6.2,41.43,4.38,5305.9
E02006995,Newham 038,36,0,0.0,13.2671,55.56,19.44,5.56,5.56,11.11,2.78,0.0,5.09,9.73,5.18,13.51,56.09,9.21,1.18,25.19,15.15,6.48,47.31,5.87,11926.0
E02006996,Newham 039,132,6,4.55,24.3107,62.88,12.12,9.85,3.79,5.3,2.27,3.79,5.55,8.26,6.6,12.38,49.28,13.32,4.62,31.71,16.72,6.04,40.32,5.21,8765.2
E02006997,Newham 040,30,2,6.67,20.7458,40.0,16.67,3.33,16.67,16.67,3.33,3.33,5.03,7.22,3.91,9.97,56.84,14.17,2.86,23.84,17.61,7.06,46.33,5.15,4028.3
E02006998,Newham 041,37,3,8.11,31.9757,29.73,32.43,18.92,8.11,8.11,0.0,2.7,7.54,13.87,6.06,7.03,39.2,20.78,5.53,19.79,30.54,6.21,38.42,5.04,3378.8
E02006999,Newham 042,51,1,1.96,11.903,27.45,21.57,9.8,3.92,33.33,1.96,1.96,8.0,8.19,3.18,7.94,57.65,13.02,2.01,26.87,18.05,7.43,44.04,3.61,9214.1
E02007008,Lewisham 040,31,1,3.23,18.7883,38.71,32.26,12.9,0.0,0.0,12.9,3.23,5.65,8.34,5.63,8.7,55.15,13.93,2.61,18.49,21.7,7.37,46.27,6.16,15861.3
E02007009,Lewisham 041,91,10,10.99,34.0528,37.36,37.36,20.88,2.2,0.0,2.2,0.0,6.49,9.88,3.96,5.81,40.36,24.83,8.67,12.42,27.7,8.3,46.24,5.34,8701.7
E02007017,Redbridge 037,4,0,0.0,18.0086,25.0,50.0,0.0,0.0,25.0,0.0,0.0,6.61,16.67,7.34,6.44,28.63,23.05,11.26,48.07,14.57,4.5,28.08,4.77,9766.2
E02007018,Redbridge 038,29,2,6.9,27.0235,17.24,31.03,34.48,6.9,0.0,10.34,0.0,8.58,16.54,5.88,6.28,33.2,21.62,7.89,44.75,16.44,5.21,28.72,4.87,11883.0
E02007019,Redbridge 039,143,19,13.29,33.7266,34.97,27.97,22.38,1.4,6.29,6.29,0.7,9.5,15.63,5.39,6.13,40.82,16.58,5.95,65.87,8.93,2.99,16.66,5.56,11459.2
E02007020,Redbridge 040,12,1,8.33,29.6389,16.67,41.67,25.0,0.0,16.67,0.0,0.0,8.08,15.36,6.75,7.26,32.22,20.75,9.58,69.17,9.06,2.66,12.48,6.63,15218.1
E02007083,Wandsworth 038,114,0,0.0,10.6036,72.81,10.53,1.75,3.51,6.14,3.51,1.75,6.01,6.22,2.55,9.29,56.84,15.78,3.3,14.97,10.23,7.0,59.68,8.12,6930.6
E02007084,Wandsworth 039,92,5,5.43,25.132,60.87,20.65,5.43,4.35,6.52,2.17,0.0,4.94,10.4,4.66,8.55,42.46,20.99,8.0,11.55,25.62,6.99,49.47,6.36,10916.1
E02007108,Hackney 030,132,1,0.76,23.032,53.79,16.67,14.39,6.82,6.82,1.52,0.0,4.38,5.55,2.66,5.89,60.49,15.22,5.81,9.76,11.09,7.54,65.32,6.28,16214.5
E02007109,Hackney 031,44,1,2.27,24.5659,43.18,18.18,18.18,13.64,2.27,2.27,2.27,5.15,8.79,3.74,6.12,44.76,21.6,9.84,8.67,17.71,6.77,57.5,9.35,12726.1
E02007110,Hackney 032,61,2,3.28,23.838,52.46,22.95,16.39,1.64,1.64,3.28,1.64,4.53,7.98,4.89,13.07,43.97,19.43,6.13,12.16,17.89,7.05,52.85,10.05,20912.7
E02007111,Hackney 033,259,9,3.47,18.8136,58.3,8.88,11.97,12.36,6.18,0.39,1.93,2.39,5.23,4.76,15.63,53.5,15.28,3.21,13.73,13.68,7.24,57.88,7.46,9203.3
E02007112,Tower Hamlets 034,23,1,4.35,14.6915,26.09,8.7,8.7,0.0,43.48,4.35,8.7,4.55,5.87,3.78,13.02,61.88,9.44,1.46,40.97,7.08,4.63,42.7,4.62,15118.0
E02007113,Tower Hamlets 035,53,3,5.66,22.9412,62.26,16.98,7.55,7.55,3.77,1.89,0.0,6.6,10.66,4.38,9.39,53.26,12.89,2.81,46.25,8.14,5.01,35.05,5.55,10702.9
E02007114,Tower Hamlets 036,35,2,5.71,22.1443,45.71,11.43,20.0,5.71,11.43,5.71,0.0,5.27,9.92,5.13,15.34,47.1,13.02,4.22,40.97,6.65,7.41,40.31,4.66,17398.8
E02007115,Camden 029,194,22,11.34,30.0598,46.39,12.37,10.82,10.82,3.61,1.55,14.43,3.3,6.47,14.63,17.59,29.01,18.58,10.43,30.81,9.59,7.29,46.04,6.27,17336.9
